time,datetime_utc,px,sz,side,notional,tid
1774169253482,2026-03-22 08:47:33.482,68728.0,0.00144,B,98.96832,564815424783141
1774169254089,2026-03-22 08:47:34.089,68727.0,0.00141,A,96.90507,170938683021653
1774169254268,2026-03-22 08:47:34.268,68728.0,0.0136,B,934.7008,284169298853485
1774169258060,2026-03-22 08:47:38.060,68728.0,0.00016,B,10.99648,708121196760203
1774169258060,2026-03-22 08:47:38.060,68727.0,0.25629,A,17614.042830000002,1018120971810491
1774169258060,2026-03-22 08:47:38.060,68727.0,0.00017,A,11.68359,1038919275266002
1774169258060,2026-03-22 08:47:38.060,68727.0,0.2,A,13745.400000000001,552622249513294
1774169258060,2026-03-22 08:47:38.060,68726.0,0.00017,A,11.683420000000002,635515723898918
1774169258060,2026-03-22 08:47:38.060,68726.0,0.00015,A,10.3089,679968486510195
1774169258390,2026-03-22 08:47:38.390,68725.0,0.00017,A,11.683250000000001,118514232615147
1774169258390,2026-03-22 08:47:38.390,68725.0,0.003,A,206.175,16414420474653
1774169258390,2026-03-22 08:47:38.390,68725.0,0.00015,A,10.30875,171679284850981
1774169258390,2026-03-22 08:47:38.390,68724.0,0.00017,A,11.68308,86668135674236
1774169258390,2026-03-22 08:47:38.390,68724.0,0.00017,A,11.68308,483829147150601
1774169258390,2026-03-22 08:47:38.390,68723.0,0.00017,A,11.682910000000001,501853058241722
1774169259049,2026-03-22 08:47:39.049,68722.0,0.00017,A,11.68274,539285268951157
1774169259049,2026-03-22 08:47:39.049,68722.0,0.01274,A,875.51828,588345604161398
1774169261015,2026-03-22 08:47:41.015,68722.0,0.13465,A,9253.4173,1050939525864275
1774169262742,2026-03-22 08:47:42.742,68723.0,0.00015,B,10.308449999999999,495312170277981
1774169264037,2026-03-22 08:47:44.037,68722.0,0.00416,A,285.88352,1043021358308275
1774169265054,2026-03-22 08:47:45.054,68723.0,0.00057,B,39.172109999999996,945241537306608
1774169265729,2026-03-22 08:47:45.729,68722.0,0.00067,A,46.04374,1077022143287451
1774169266706,2026-03-22 08:47:46.706,68722.0,0.0003,A,20.6166,416488529334664
1774169267354,2026-03-22 08:47:47.354,68723.0,0.01061,B,729.15103,334734478654016
1774169267519,2026-03-22 08:47:47.519,68722.0,0.28398,A,19515.67356,706614944669687
1774169267519,2026-03-22 08:47:47.519,68722.0,0.00017,A,11.68274,879721563250045
1774169268312,2026-03-22 08:47:48.312,68721.0,0.43653,A,29998.77813,557974271960098
1774169268312,2026-03-22 08:47:48.312,68720.0,0.00017,A,11.682400000000001,20124252740364
1774169268312,2026-03-22 08:47:48.312,68720.0,0.00015,A,10.308,607947721102277
1774169268312,2026-03-22 08:47:48.312,68719.0,0.00017,A,11.68223,943044317659200
1774169268312,2026-03-22 08:47:48.312,68718.0,0.00017,A,11.682060000000002,172635226427403
1774169268312,2026-03-22 08:47:48.312,68718.0,0.00015,A,10.307699999999999,1037337424788988
1774169268312,2026-03-22 08:47:48.312,68717.0,0.00017,A,11.681890000000001,712736915297662
1774169268312,2026-03-22 08:47:48.312,68717.0,0.00017,A,11.681890000000001,1069654938674116
1774169268312,2026-03-22 08:47:48.312,68716.0,0.00017,A,11.68172,130298483604150
1774169268312,2026-03-22 08:47:48.312,68716.0,0.00372,A,255.62352,828892918069948
1774169269057,2026-03-22 08:47:49.057,68716.0,0.00056,A,38.480959999999996,1000056445280031
1774169269748,2026-03-22 08:47:49.748,68716.0,0.43654,A,29997.282639999998,1047050248233418
1774169269748,2026-03-22 08:47:49.748,68716.0,0.00017,A,11.68172,569342156714125
1774169269748,2026-03-22 08:47:49.748,68715.0,0.00017,A,11.681550000000001,44947286207256
1774169269748,2026-03-22 08:47:49.748,68715.0,0.00015,A,10.30725,70148706100786
1774169270006,2026-03-22 08:47:50.006,68714.0,0.00017,A,11.68138,394300781846100
1774169270006,2026-03-22 08:47:50.006,68714.0,0.00017,A,11.68138,809418920293693
1774169270006,2026-03-22 08:47:50.006,68713.0,0.00017,A,11.68121,270497649696305
1774169270006,2026-03-22 08:47:50.006,68712.0,0.00017,A,11.681040000000001,427334726939168
1774169270006,2026-03-22 08:47:50.006,68712.0,0.00017,A,11.681040000000001,1103124420085725
1774169270583,2026-03-22 08:47:50.583,68712.0,0.00283,A,194.45496,835550728323834
1774169270583,2026-03-22 08:47:50.583,68712.0,0.00017,A,11.681040000000001,197908476944646
1774169270583,2026-03-22 08:47:50.583,68712.0,0.00409,A,281.03208,801402415086890
1774169272337,2026-03-22 08:47:52.337,68712.0,0.0136,A,934.4831999999999,781243963891259
1774169274403,2026-03-22 08:47:54.403,68712.0,6e-05,A,4.12272,475299880936956
1774169275009,2026-03-22 08:47:55.009,68713.0,0.00045,B,30.920849999999998,357160776263424
1774169275731,2026-03-22 08:47:55.731,68713.0,0.00721,B,495.42073,537293186845642
1774169279454,2026-03-22 08:47:59.454,68713.0,0.0136,B,934.4967999999999,46407405596184
1774169280032,2026-03-22 08:48:00.032,68712.0,0.00131,A,90.01272,1108476772453044
1774169281036,2026-03-22 08:48:01.036,68712.0,0.00238,A,163.53456,77387719626404
1774169281359,2026-03-22 08:48:01.359,68712.0,0.00045,A,30.9204,1060979777882064
1774169281560,2026-03-22 08:48:01.560,68712.0,0.01422,A,977.08464,29830177337980
1774169283180,2026-03-22 08:48:03.180,68713.0,0.00073,B,50.160489999999996,1074539484767705
1774169283266,2026-03-22 08:48:03.266,68713.0,6e-05,B,4.12278,169771498456168
1774169284062,2026-03-22 08:48:04.062,68712.0,0.00142,A,97.57104,442391836644657
1774169288280,2026-03-22 08:48:08.280,68713.0,0.001,B,68.71300000000001,187815176292553
1774169288482,2026-03-22 08:48:08.482,68713.0,0.15194,B,10440.253219999999,927710832910185
1774169288482,2026-03-22 08:48:08.482,68713.0,0.09859,B,6774.41467,198225810477242
1774169288482,2026-03-22 08:48:08.482,68713.0,0.5821,B,39997.8373,682338067781228
1774169288482,2026-03-22 08:48:08.482,68713.0,0.0241,B,1655.9833,520298851695278
1774169288482,2026-03-22 08:48:08.482,68713.0,0.00018,B,12.368340000000002,24389534482549
1774169288482,2026-03-22 08:48:08.482,68713.0,0.0291,B,1999.5483000000002,388982993590971
1774169288482,2026-03-22 08:48:08.482,68713.0,0.0291,B,1999.5483000000002,489172420683099
1774169288482,2026-03-22 08:48:08.482,68713.0,0.04165,B,2861.89645,755904998673718
1774169288482,2026-03-22 08:48:08.482,68713.0,0.00017,B,11.68121,733288057022123
1774169288482,2026-03-22 08:48:08.482,68713.0,0.00016,B,10.99408,581162019739362
1774169288482,2026-03-22 08:48:08.482,68713.0,0.00582,B,399.90966,879341035240178
1774169288482,2026-03-22 08:48:08.482,68713.0,0.04073,B,2798.68049,961968810244060
1774169288482,2026-03-22 08:48:08.482,68713.0,0.01018,B,699.49834,118972563563053
1774169288482,2026-03-22 08:48:08.482,68713.0,0.00146,B,100.32097999999999,630955104975676
1774169288482,2026-03-22 08:48:08.482,68713.0,0.71581,B,49185.452529999995,43065443859543
1774169288482,2026-03-22 08:48:08.482,68713.0,0.19701,B,13537.14813,542924703091086
1774169288482,2026-03-22 08:48:08.482,68714.0,0.98247,B,67509.44357999999,570927309493792
1774169291014,2026-03-22 08:48:11.014,68714.0,0.10826,A,7438.97764,689397223559472
1774169291014,2026-03-22 08:48:11.014,68714.0,0.02638,A,1812.67532,580758323546696
1774169293019,2026-03-22 08:48:13.019,68715.0,0.00017,B,11.681550000000001,838981432686074
1774169293019,2026-03-22 08:48:13.019,68715.0,0.30549,B,20991.745349999997,367578865403569
1774169293019,2026-03-22 08:48:13.019,68715.0,0.0291,B,1999.6065,985364147363437
1774169293019,2026-03-22 08:48:13.019,68715.0,0.00146,B,100.3239,171013486667534
1774169293019,2026-03-22 08:48:13.019,68715.0,0.04142,B,2846.1753,438690905861317
1774169293019,2026-03-22 08:48:13.019,68715.0,0.19701,B,13537.54215,116008504257727
1774169293019,2026-03-22 08:48:13.019,68715.0,0.01018,B,699.5187,965140335224213
1774169293019,2026-03-22 08:48:13.019,68715.0,0.04073,B,2798.76195,81330079754898
1774169293019,2026-03-22 08:48:13.019,68715.0,0.0291,B,1999.6065,325802146756173
1774169293019,2026-03-22 08:48:13.019,68715.0,0.25457,B,17492.777550000003,284163515501097
1774169293019,2026-03-22 08:48:13.019,68715.0,0.20366,B,13994.4969,963615708650041
1774169293019,2026-03-22 08:48:13.019,68716.0,0.00017,B,11.68172,977517414201637
1774169293019,2026-03-22 08:48:13.019,68716.0,0.00018,B,12.36888,838938243227030
1774169293019,2026-03-22 08:48:13.019,68716.0,0.00015,B,10.3074,596241318085638
1774169293019,2026-03-22 08:48:13.019,68717.0,0.05665,B,3892.81805,296849915670284
1774169293019,2026-03-22 08:48:13.019,68717.0,1.09162,B,75012.85154,601611950787926
1774169293019,2026-03-22 08:48:13.019,68717.0,0.17444,B,11986.993480000001,958513654386643
1774169294023,2026-03-22 08:48:14.023,68716.0,0.00416,A,285.85855999999995,583108802023580
1774169295039,2026-03-22 08:48:15.039,68717.0,0.00056,B,38.481519999999996,868581840378782
1774169295722,2026-03-22 08:48:15.722,68717.0,0.00018,B,12.369060000000001,764160954968209
1774169297964,2026-03-22 08:48:17.964,68716.0,0.00015,A,10.3074,1015366832988401
1774169299054,2026-03-22 08:48:19.054,68716.0,0.00049,A,33.67084,646251577250516
1774169300005,2026-03-22 08:48:20.005,68716.0,0.00084,A,57.72144,465965552581642
1774169300061,2026-03-22 08:48:20.061,68716.0,0.04248,A,2919.05568,557803862611810
1774169300262,2026-03-22 08:48:20.262,68717.0,0.00022,B,15.117740000000001,608151450540896
1774169301539,2026-03-22 08:48:21.539,68716.0,0.0136,A,934.5376,1080467656440248
1774169306181,2026-03-22 08:48:26.181,68717.0,0.10225,B,7026.313249999999,671529075442755
1774169306571,2026-03-22 08:48:26.571,68716.0,0.01451,A,997.06916,356901860642398
1774169306976,2026-03-22 08:48:26.976,68717.0,0.00017,B,11.681890000000001,604485305382524
1774169306976,2026-03-22 08:48:26.976,68717.0,0.00419,B,287.92423,1040572298413613
1774169307583,2026-03-22 08:48:27.583,68717.0,0.02491,B,1711.7404700000002,1064367945292233
1774169307583,2026-03-22 08:48:27.583,68717.0,0.00017,B,11.681890000000001,355016704930499
1774169308788,2026-03-22 08:48:28.788,68720.0,0.00017,B,11.682400000000001,894237188013530
1774169308788,2026-03-22 08:48:28.788,68720.0,0.00017,B,11.682400000000001,314427062728259
1774169308788,2026-03-22 08:48:28.788,68720.0,0.00112,B,76.9664,1116464182403076
1774169309734,2026-03-22 08:48:29.734,68720.0,0.0002,B,13.744,115570684140222
1774169309734,2026-03-22 08:48:29.734,68720.0,0.00908,B,623.9775999999999,539446808012323
1774169310353,2026-03-22 08:48:30.353,68720.0,0.02002,B,1375.7744,553589601254605
1774169310353,2026-03-22 08:48:30.353,68720.0,0.00017,B,11.682400000000001,464883395993904
1774169310825,2026-03-22 08:48:30.825,68721.0,0.00017,B,11.68257,475199304294700
1774169310825,2026-03-22 08:48:30.825,68722.0,0.00017,B,11.68274,994363251490864
1774169310825,2026-03-22 08:48:30.825,68722.0,0.00015,B,10.3083,781721327036821
1774169310825,2026-03-22 08:48:30.825,68723.0,0.00017,B,11.682910000000001,846326411492534
1774169310825,2026-03-22 08:48:30.825,68723.0,0.00017,B,11.682910000000001,838423981615760
1774169310825,2026-03-22 08:48:30.825,68723.0,0.00015,B,10.308449999999999,102473661587185
1774169310952,2026-03-22 08:48:30.952,68724.0,0.00017,B,11.68308,141809483137966
1774169310952,2026-03-22 08:48:30.952,68724.0,0.0291,B,1999.8684,295568846344911
1774169311089,2026-03-22 08:48:31.089,68723.0,0.00237,A,162.87351,1083465177893628
1774169311433,2026-03-22 08:48:31.433,68725.0,0.00017,B,11.683250000000001,394404146580066
1774169311433,2026-03-22 08:48:31.433,68725.0,0.00132,B,90.717,941598143262452
1774169312450,2026-03-22 08:48:32.450,68725.0,0.00058,B,39.8605,277428045886254
1774169312760,2026-03-22 08:48:32.760,68725.0,0.0272,B,1869.32,872074064460271
1774169312760,2026-03-22 08:48:32.760,68725.0,0.00017,B,11.683250000000001,783001285073602
1774169312760,2026-03-22 08:48:32.760,68726.0,0.01263,B,868.0093800000001,299689967097129
1774169314059,2026-03-22 08:48:34.059,68725.0,0.00142,A,97.5895,62693628215044
1774169314059,2026-03-22 08:48:34.059,68726.0,0.00017,B,11.683420000000002,975879841043615
1774169314059,2026-03-22 08:48:34.059,68726.0,0.0002,B,13.7452,595372412669262
1774169314059,2026-03-22 08:48:34.059,68727.0,0.00017,B,11.68359,813978981874546
1774169314059,2026-03-22 08:48:34.059,68727.0,0.00017,B,11.68359,620510267964857
1774169314059,2026-03-22 08:48:34.059,68727.0,0.0291,B,1999.9557,781835204866818
1774169314059,2026-03-22 08:48:34.059,68727.0,0.00015,B,10.30905,387990569375596
1774169315074,2026-03-22 08:48:35.074,68728.0,0.00143,B,98.28104,536513743973426
1774169315074,2026-03-22 08:48:35.074,68728.0,3e-05,B,2.06184,870970876973876
1774169315189,2026-03-22 08:48:35.189,68728.0,0.00375,B,257.73,904746522813633
1774169316997,2026-03-22 08:48:36.997,68728.0,0.00032,B,21.99296,247273457414644
1774169318005,2026-03-22 08:48:38.005,68728.0,0.00016,B,10.99648,1091101159440554
1774169321015,2026-03-22 08:48:41.015,68727.0,0.13465,A,9254.090549999999,65547063612325
1774169323343,2026-03-22 08:48:43.343,68728.0,0.02484,B,1707.20352,714401993398631
1774169323343,2026-03-22 08:48:43.343,68728.0,0.00017,B,11.683760000000001,892121236950152
1774169323780,2026-03-22 08:48:43.780,68729.0,0.003,B,206.187,384965957484897
1774169323780,2026-03-22 08:48:43.780,68729.0,0.02567,B,1764.27343,688140007836242
1774169323881,2026-03-22 08:48:43.881,68729.0,0.00342,B,235.05318,363649419239867
1774169324025,2026-03-22 08:48:44.025,68729.0,0.00416,A,285.91263999999995,870988466496978
1774169324652,2026-03-22 08:48:44.652,68730.0,0.00017,B,11.6841,1086719781355839
1774169324652,2026-03-22 08:48:44.652,68730.0,0.00128,B,87.9744,1071823006160741
1774169325089,2026-03-22 08:48:45.089,68730.0,0.00057,B,39.1761,360560431685215
1774169325089,2026-03-22 08:48:45.089,68729.0,0.00436,A,299.65844,1041088013444530
1774169326164,2026-03-22 08:48:46.164,68730.0,0.00131,B,90.0363,554546669080782
1774169328140,2026-03-22 08:48:48.140,68730.0,0.00017,B,11.6841,412691607128180
1774169328140,2026-03-22 08:48:48.140,68731.0,0.00017,B,11.684270000000001,467651236802057
1774169328140,2026-03-22 08:48:48.140,68731.0,0.00017,B,11.684270000000001,349430181947577
1774169328140,2026-03-22 08:48:48.140,68732.0,0.00017,B,11.68444,827880448720321
1774169328140,2026-03-22 08:48:48.140,68733.0,0.00017,B,11.684610000000001,1024185274684324
1774169328140,2026-03-22 08:48:48.140,68733.0,0.02875,B,1976.07375,698258321587218
1774169328241,2026-03-22 08:48:48.241,68733.0,0.39255,B,26981.13915,559509848988999
1774169328241,2026-03-22 08:48:48.241,68733.0,0.33839,B,23258.55987,457066487219380
1774169329052,2026-03-22 08:48:49.052,68733.0,0.0005,A,34.3665,104820625086215
1774169329682,2026-03-22 08:48:49.682,68733.0,0.00068,A,46.738440000000004,240671835114244
1774169330145,2026-03-22 08:48:50.145,68733.0,0.16981,A,11671.550729999999,381833666703101
1774169330145,2026-03-22 08:48:50.145,68733.0,0.04784,A,3288.18672,314616525280932
1774169330145,2026-03-22 08:48:50.145,68733.0,0.04084,A,2807.0557200000003,539391520449681
1774169330145,2026-03-22 08:48:50.145,68733.0,0.02862,A,1967.13846,811924230245631
1774169330145,2026-03-22 08:48:50.145,68733.0,0.06665,A,4581.05445,97031710453821
1774169330145,2026-03-22 08:48:50.145,68733.0,0.02943,A,2022.81219,33702857708143
1774169333691,2026-03-22 08:48:53.691,68733.0,0.0003,A,20.619899999999998,305018019642638
1774169334715,2026-03-22 08:48:54.715,68734.0,0.00017,B,11.684780000000002,349586782932904
1774169334715,2026-03-22 08:48:54.715,68734.0,0.02909,B,1999.47206,919171734444079
1774169334715,2026-03-22 08:48:54.715,68734.0,0.02397,B,1647.5539800000001,373489549900550
1774169335062,2026-03-22 08:48:55.062,68735.0,0.00017,B,11.68495,34545088739363
1774169335062,2026-03-22 08:48:55.062,68735.0,0.00015,B,10.31025,344275673950415
1774169335306,2026-03-22 08:48:55.306,68736.0,0.00017,B,11.685120000000001,1048370803244825
1774169335306,2026-03-22 08:48:55.306,68736.0,0.00015,B,10.3104,506091573144709
1774169335306,2026-03-22 08:48:55.306,68737.0,0.00017,B,11.68529,514889385387552
1774169335306,2026-03-22 08:48:55.306,68737.0,0.02909,B,1999.55933,528452497737930
1774169335595,2026-03-22 08:48:55.595,68738.0,0.00017,B,11.68546,1101176788675691
1774169335595,2026-03-22 08:48:55.595,68738.0,5e-05,B,3.4369,524663633039692
1774169335706,2026-03-22 08:48:55.706,68738.0,0.00012,B,8.24856,111988186156550
1774169335706,2026-03-22 08:48:55.706,68739.0,0.00017,B,11.685630000000002,1038023440230284
1774169335795,2026-03-22 08:48:55.795,68740.0,0.00017,B,11.6858,531168846949880
1774169335795,2026-03-22 08:48:55.795,68740.0,0.003,B,206.22,511232601865928
1774169335795,2026-03-22 08:48:55.795,68741.0,0.00017,B,11.685970000000001,481364978905728
1774169335795,2026-03-22 08:48:55.795,68741.0,0.00283,B,194.53703000000002,892415101717222
1774169340885,2026-03-22 08:49:00.885,68741.0,0.00017,B,11.685970000000001,204329388577071
1774169340885,2026-03-22 08:49:00.885,68741.0,0.02053,B,1411.25273,391076399201250
1774169341026,2026-03-22 08:49:01.026,68740.0,0.00238,A,163.6012,865770975123403
1774169341745,2026-03-22 08:49:01.745,68741.0,0.00856,B,588.42296,331261665917516
1774169341745,2026-03-22 08:49:01.745,68741.0,2e-05,B,1.3748200000000002,556229366492174
1774169344130,2026-03-22 08:49:04.130,68740.0,0.00142,A,97.6108,756739546378566
1774169345386,2026-03-22 08:49:05.386,68740.0,0.00033,A,22.6842,186390874291846
1774169346814,2026-03-22 08:49:06.814,68741.0,0.00015,B,10.31115,620486698620480
1774169346814,2026-03-22 08:49:06.814,68741.0,0.02909,B,1999.67569,315120688966221
1774169346814,2026-03-22 08:49:06.814,68742.0,0.00015,B,10.3113,1085931501778521
1774169346814,2026-03-22 08:49:06.814,68742.0,0.00017,B,11.68614,674992649549328
1774169346814,2026-03-22 08:49:06.814,68742.0,0.00042,B,28.871640000000003,940875345989386
1774169346814,2026-03-22 08:49:06.814,68743.0,0.00017,B,11.68631,356470621888280
1774169346814,2026-03-22 08:49:06.814,68744.0,0.00017,B,11.686480000000001,510295818583483
1774169346814,2026-03-22 08:49:06.814,68744.0,0.00022,B,15.12368,1112170099131565
1774169346814,2026-03-22 08:49:06.814,68744.0,0.003,B,206.232,461774340386049
1774169346814,2026-03-22 08:49:06.814,68744.0,0.02909,B,1999.76296,875106375458926
1774169346814,2026-03-22 08:49:06.814,68744.0,0.00015,B,10.311599999999999,895626000602864
1774169346814,2026-03-22 08:49:06.814,68744.0,0.02409,B,1656.04296,151261907500130
1774169346814,2026-03-22 08:49:06.814,68744.0,1.0912,B,75013.4528,520035635997878
1774169346814,2026-03-22 08:49:06.814,68745.0,0.00017,B,11.68665,883941477690096
1774169346814,2026-03-22 08:49:06.814,68745.0,0.001,B,68.745,100299698952421
1774169346814,2026-03-22 08:49:06.814,68745.0,0.00017,B,11.68665,818905130363832
1774169346814,2026-03-22 08:49:06.814,68745.0,0.00018,B,12.3741,438663258079262
1774169346814,2026-03-22 08:49:06.814,68746.0,0.00017,B,11.68682,882253042407515
1774169346814,2026-03-22 08:49:06.814,68747.0,0.00017,B,11.686990000000002,556058580238796
1774169346814,2026-03-22 08:49:06.814,68748.0,1.09114,B,75013.69272,8599068895315
1774169346814,2026-03-22 08:49:06.814,68748.0,0.00017,B,11.68716,402945084707513
1774169346814,2026-03-22 08:49:06.814,68748.0,0.05665,B,3894.5742,859837901468212
1774169346814,2026-03-22 08:49:06.814,68748.0,0.003,B,206.244,823853587837131
1774169346814,2026-03-22 08:49:06.814,68749.0,0.00016,B,10.99984,583027317293853
1774169346814,2026-03-22 08:49:06.814,68749.0,0.00017,B,11.687330000000001,219656722656849
1774169346814,2026-03-22 08:49:06.814,68749.0,0.00017,B,11.687330000000001,823165078609887
1774169346814,2026-03-22 08:49:06.814,68749.0,0.001,B,68.749,65017711053321
1774169346814,2026-03-22 08:49:06.814,68749.0,0.02922,B,2008.8457799999999,461645263819251
1774169346814,2026-03-22 08:49:06.814,68750.0,0.00017,B,11.6875,758202560829055
1774169346814,2026-03-22 08:49:06.814,68750.0,0.39935,B,27455.3125,247336925523416
1774169346814,2026-03-22 08:49:06.814,68750.0,0.56564,B,38887.75,575729018140397
1774169346814,2026-03-22 08:49:06.814,68750.0,0.20003,B,13752.062500000002,612036394194936
1774169346814,2026-03-22 08:49:06.814,68751.0,0.00017,B,11.68767,906580045867589
1774169346814,2026-03-22 08:49:06.814,68751.0,0.001,B,68.751,330969298025742
1774169346814,2026-03-22 08:49:06.814,68751.0,0.21821,B,15002.155709999999,172451064070409
1774169346814,2026-03-22 08:49:06.814,68751.0,0.07602,B,5226.45102,222995566656789
1774169346814,2026-03-22 08:49:06.814,68752.0,0.00015,B,10.3128,176300873481873
1774169346814,2026-03-22 08:49:06.814,68752.0,0.00017,B,11.687840000000001,338546996880799
1774169346814,2026-03-22 08:49:06.814,68752.0,0.02141,B,1471.98032,1033523809657541
1774169346814,2026-03-22 08:49:06.814,68752.0,0.55034,B,37836.97568,378925597586194
1774169346814,2026-03-22 08:49:06.814,68752.0,0.02451,B,1685.11152,131700233233104
1774169346814,2026-03-22 08:49:06.814,68752.0,0.50916,B,35005.768319999996,149944458435686
1774169346814,2026-03-22 08:49:06.814,68752.0,4.37743,B,300957.06736000004,86907539114447
1774169346814,2026-03-22 08:49:06.814,68753.0,0.00018,B,12.37554,168442343969750
1774169346814,2026-03-22 08:49:06.814,68753.0,0.00017,B,11.68801,417849150180463
1774169346814,2026-03-22 08:49:06.814,68753.0,0.00704,B,484.02112,644690969423470
1774169346814,2026-03-22 08:49:06.814,68753.0,0.01163,B,799.59739,748385465107099
1774169346814,2026-03-22 08:49:06.814,68753.0,0.00017,B,11.68801,450114015019816
1774169346814,2026-03-22 08:49:06.814,68753.0,1.45473,B,100017.05169000001,560040469392224
1774169346814,2026-03-22 08:49:06.814,68753.0,1.30926,B,90015.55278000001,323766088223575
1774169346814,2026-03-22 08:49:06.814,68753.0,0.72735,B,50007.49455,1022703336431409
1774169346814,2026-03-22 08:49:06.814,68753.0,0.50916,B,35006.27748,58010539145125
1774169346814,2026-03-22 08:49:06.814,68753.0,0.07415,B,5098.034949999999,353498216498635
1774169346814,2026-03-22 08:49:06.814,68754.0,0.00016,B,11.00064,886926448914976
1774169346814,2026-03-22 08:49:06.814,68754.0,0.00017,B,11.688180000000001,856231309026305
1774169346814,2026-03-22 08:49:06.814,68754.0,0.56,B,38502.240000000005,41308017991151
1774169346814,2026-03-22 08:49:06.814,68754.0,0.07273,B,5000.47842,452580495412941
1774169346814,2026-03-22 08:49:06.814,68755.0,0.05291,B,3637.82705,673674825435879
1774169346814,2026-03-22 08:49:06.814,68755.0,0.10764,B,7400.7882,844459041080223
1774169346814,2026-03-22 08:49:06.814,68755.0,0.02469,B,1697.56095,890305310006537
1774169346814,2026-03-22 08:49:06.814,68755.0,0.00017,B,11.688350000000002,1091184365189537
1774169346814,2026-03-22 08:49:06.814,68755.0,0.71079,B,48870.36645,84722339325913
1774169346814,2026-03-22 08:49:06.814,68756.0,0.0003,B,20.6268,301591517669617
1774169346814,2026-03-22 08:49:06.814,68756.0,0.003,B,206.268,983499936515078
1774169346814,2026-03-22 08:49:06.814,68756.0,0.01188,B,816.82128,678990368391516
1774169346814,2026-03-22 08:49:06.814,68756.0,0.00018,B,12.37608,1104620618374385
1774169346814,2026-03-22 08:49:06.814,68756.0,0.00017,B,11.68852,828353596641333
1774169346814,2026-03-22 08:49:06.814,68756.0,0.056,B,3850.3360000000002,182992076501766
1774169348023,2026-03-22 08:49:08.023,68756.0,0.00016,B,11.000960000000001,463889030868562
1774169348154,2026-03-22 08:49:08.154,68756.0,0.00175,B,120.32300000000001,387309932894993
1774169348948,2026-03-22 08:49:08.948,68755.0,0.0517,A,3554.6335000000004,288581743983352
1774169348948,2026-03-22 08:49:08.948,68755.0,0.18316,A,12593.165799999999,94778134740005
1774169348948,2026-03-22 08:49:08.948,68755.0,0.20151,A,13854.82005,968438295123266
1774169349044,2026-03-22 08:49:09.044,68754.0,0.00015,A,10.313099999999999,655733321522514
1774169349761,2026-03-22 08:49:09.761,68751.0,0.00017,A,11.68767,668603736867677
1774169349761,2026-03-22 08:49:09.761,68750.0,0.003,A,206.25,474318981892347
1774169349761,2026-03-22 08:49:09.761,68750.0,0.00017,A,11.6875,480120075568475
1774169349761,2026-03-22 08:49:09.761,68750.0,0.00017,A,11.6875,944356150522092
1774169349761,2026-03-22 08:49:09.761,68749.0,0.00017,A,11.687330000000001,33437443079020
1774169349761,2026-03-22 08:49:09.761,68748.0,0.00015,A,10.312199999999999,679555638627349
1774169349761,2026-03-22 08:49:09.761,68748.0,0.00164,A,112.74672,321596360574423
1774169351012,2026-03-22 08:49:11.012,68748.0,0.00017,A,11.68716,87411810669126
1774169351012,2026-03-22 08:49:11.012,68748.0,0.05484,A,3770.14032,932909608505603
1774169351012,2026-03-22 08:49:11.012,68748.0,0.00017,A,11.68716,420794438022585
1774169351012,2026-03-22 08:49:11.012,68748.0,0.07585,A,5214.5358,973921017892260
1774169351012,2026-03-22 08:49:11.012,68748.0,0.00378,A,259.86744,83637722766212
1774169352630,2026-03-22 08:49:12.630,68749.0,0.02524,B,1735.2247599999998,547291194370571
1774169353100,2026-03-22 08:49:13.100,68748.0,0.00058,A,39.87384,558981712748523
1774169353993,2026-03-22 08:49:13.993,68748.0,0.02161,A,1485.64428,22914359734626
1774169354068,2026-03-22 08:49:14.068,68748.0,0.00415,A,285.3042,800311839289810
1774169355057,2026-03-22 08:49:15.057,68749.0,0.00056,B,38.49944,800732238482916
1774169356863,2026-03-22 08:49:16.863,68749.0,0.001,B,68.749,460831341014090
1774169357105,2026-03-22 08:49:17.105,68748.0,0.0105,A,721.854,540111346173012
1774169359059,2026-03-22 08:49:19.059,68748.0,0.00055,A,37.8114,744526338448392
1774169360312,2026-03-22 08:49:20.312,68749.0,0.08109,B,5574.856409999999,905691781124541
1774169362038,2026-03-22 08:49:22.038,68749.0,0.02909,B,1999.90841,412641413812223
1774169362038,2026-03-22 08:49:22.038,68749.0,0.00795,B,546.5545500000001,1027370608207664
1774169362038,2026-03-22 08:49:22.038,68749.0,0.00017,B,11.687330000000001,733382652198143
1774169362038,2026-03-22 08:49:22.038,68750.0,0.00017,B,11.6875,458101072063846
1774169362038,2026-03-22 08:49:22.038,68750.0,0.00039,B,26.8125,457185624491307
1774169362038,2026-03-22 08:49:22.038,68751.0,0.00017,B,11.68767,906939240383564
1774169362038,2026-03-22 08:49:22.038,68751.0,2.91057,B,200104.59806999998,696766150125257
1774169362038,2026-03-22 08:49:22.038,68752.0,0.00017,B,11.687840000000001,553326268881295
1774169362038,2026-03-22 08:49:22.038,68752.0,1.09108,B,75013.93216,351727211608334
1774169362038,2026-03-22 08:49:22.038,68752.0,0.01017,B,699.20784,1052720551192341
1774169362038,2026-03-22 08:49:22.038,68753.0,0.00017,B,11.68801,771181057509842
1774169362038,2026-03-22 08:49:22.038,68753.0,0.00017,B,11.68801,360433870277099
1774169362038,2026-03-22 08:49:22.038,68754.0,0.003,B,206.262,537137205405656
1774169362038,2026-03-22 08:49:22.038,68754.0,0.00017,B,11.688180000000001,600287259219079
1774169362038,2026-03-22 08:49:22.038,68754.0,0.00018,B,12.375720000000001,517244413232469
1774169362038,2026-03-22 08:49:22.038,68754.0,0.02908,B,1999.36632,791618402844497
1774169362038,2026-03-22 08:49:22.038,68755.0,0.00017,B,11.688350000000002,873250836248759
1774169362038,2026-03-22 08:49:22.038,68756.0,1.0331,B,71031.82359999999,585785590200855
1774169362038,2026-03-22 08:49:22.038,68756.0,0.03672,B,2524.7203200000004,498709049085950
1774169362038,2026-03-22 08:49:22.038,68756.0,0.00017,B,11.68852,555258013093758
1774169362038,2026-03-22 08:49:22.038,68756.0,0.00017,B,11.68852,957490042474128
1774169362038,2026-03-22 08:49:22.038,68757.0,0.003,B,206.27100000000002,337154866253039
1774169362038,2026-03-22 08:49:22.038,68757.0,0.00017,B,11.688690000000001,568162275188555
1774169362038,2026-03-22 08:49:22.038,68757.0,0.00075,B,51.567750000000004,1091364845511850
1774169362038,2026-03-22 08:49:22.038,68757.0,0.00015,B,10.31355,45135451088222
1774169362038,2026-03-22 08:49:22.038,68757.0,0.02994,B,2058.58458,987363733428579
1774169362038,2026-03-22 08:49:22.038,68758.0,0.00017,B,11.68886,939288746330402
1774169362038,2026-03-22 08:49:22.038,68758.0,0.01163,B,799.65554,508071818944933
1774169362038,2026-03-22 08:49:22.038,68758.0,0.07365,B,5064.026699999999,277511923561764
1774169362038,2026-03-22 08:49:22.038,68759.0,0.00018,B,12.37662,861852429819553
1774169362038,2026-03-22 08:49:22.038,68759.0,0.00018,B,12.37662,200387274513261
1774169362038,2026-03-22 08:49:22.038,68759.0,0.00017,B,11.68903,667122857540243
1774169362038,2026-03-22 08:49:22.038,68759.0,0.02381,B,1637.1517900000001,1081712960426828
1774169362038,2026-03-22 08:49:22.038,68759.0,0.0232,B,1595.2087999999999,621974282013640
1774169362038,2026-03-22 08:49:22.038,68759.0,0.05665,B,3895.19735,21403862406065
1774169362038,2026-03-22 08:49:22.038,68760.0,0.00122,B,83.88719999999999,413481857293565
1774169362038,2026-03-22 08:49:22.038,68760.0,0.00017,B,11.689200000000001,425647838349248
1774169362038,2026-03-22 08:49:22.038,68760.0,0.00017,B,11.689200000000001,854468889616545
1774169362038,2026-03-22 08:49:22.038,68760.0,0.03988,B,2742.1488,491144465381700
1774169362038,2026-03-22 08:49:22.038,68760.0,1.19768,B,82352.4768,620882926942690
1774169365458,2026-03-22 08:49:25.458,68760.0,0.01778,B,1222.5528,903961108858308
1774169365458,2026-03-22 08:49:25.458,68760.0,0.28222,B,19405.447200000002,50839649337194
1774169367729,2026-03-22 08:49:27.729,68760.0,0.00029,B,19.9404,665508963426139
1774169368591,2026-03-22 08:49:28.591,68759.0,0.00016,A,11.00144,129265977475774
1774169370200,2026-03-22 08:49:30.200,68759.0,0.00218,A,149.89462,889843134675583
1774169371004,2026-03-22 08:49:31.004,68759.0,0.00238,A,163.64642,1062141389211033
1774169372285,2026-03-22 08:49:32.285,68760.0,0.07274,B,5001.6024,17909074664678
1774169372285,2026-03-22 08:49:32.285,68760.0,0.27868,B,19162.036799999998,103697897233396
1774169372353,2026-03-22 08:49:32.353,68759.0,0.00018,A,12.37662,63798358977014
1774169372889,2026-03-22 08:49:32.889,68759.0,0.02326,A,1599.3343399999999,346928855858792
1774169374760,2026-03-22 08:49:34.760,68760.0,1e-05,B,0.6876000000000001,167006976479533
1774169374985,2026-03-22 08:49:34.985,68759.0,0.01011,A,695.1534899999999,282696013786379
1774169374985,2026-03-22 08:49:34.985,68759.0,0.07788,A,5354.95092,801694146882247
1774169374985,2026-03-22 08:49:34.985,68759.0,0.07788,A,5354.95092,414606540117059
1774169374985,2026-03-22 08:49:34.985,68759.0,0.2705,A,18599.309500000003,104215333433049
1774169374985,2026-03-22 08:49:34.985,68758.0,0.00015,A,10.313699999999999,449523943106438
1774169375089,2026-03-22 08:49:35.089,68754.0,0.00142,A,97.63068,289716267862334
1774169378127,2026-03-22 08:49:38.127,68755.0,0.00016,B,11.000800000000002,603391100807281
1774169379141,2026-03-22 08:49:39.141,68754.0,1.88111,A,129333.83694000001,299303337662697
1774169379141,2026-03-22 08:49:39.141,68754.0,0.02908,A,1999.36632,243613621421206
1774169379141,2026-03-22 08:49:39.141,68754.0,0.43631,A,29998.057739999997,276548552230500
1774169379141,2026-03-22 08:49:39.141,68754.0,0.00017,A,11.688180000000001,709418451188690
1774169379141,2026-03-22 08:49:39.141,68753.0,0.00017,A,11.68801,656904570451758
1774169379141,2026-03-22 08:49:39.141,68753.0,0.00015,A,10.312949999999999,737614499402922
1774169379141,2026-03-22 08:49:39.141,68752.0,0.00017,A,11.687840000000001,366439893054484
1774169379858,2026-03-22 08:49:39.858,68751.0,0.00017,A,11.68767,1021991116576122
1774169379858,2026-03-22 08:49:39.858,68751.0,0.00368,A,253.00368,528199507256993
1774169381032,2026-03-22 08:49:41.032,68751.0,0.00017,A,11.68767,25379740679628
1774169381032,2026-03-22 08:49:41.032,68751.0,0.13465,A,9257.32215,1061741183410917
1774169384055,2026-03-22 08:49:44.055,68751.0,0.00416,A,286.00415999999996,344073359790687
1774169385064,2026-03-22 08:49:45.064,68752.0,0.00057,B,39.18864,333149193242948
1774169385163,2026-03-22 08:49:45.163,68752.0,0.02928,B,2013.05856,14687858967140
1774169386484,2026-03-22 08:49:46.484,68752.0,0.00519,B,356.82288,222058974592843
1774169387076,2026-03-22 08:49:47.076,68751.0,0.29735,A,20443.10985,984179112436869
1774169387076,2026-03-22 08:49:47.076,68751.0,0.00017,A,11.68767,105132580333304
1774169387076,2026-03-22 08:49:47.076,68750.0,0.00017,A,11.6875,941721669881329
1774169387076,2026-03-22 08:49:47.076,68750.0,0.00015,A,10.312499999999998,118216365104743
1774169387835,2026-03-22 08:49:47.835,68749.0,0.00017,A,11.687330000000001,866258555478900
1774169387835,2026-03-22 08:49:47.835,68749.0,0.00128,A,87.99872,842565678418059
1774169389028,2026-03-22 08:49:49.028,68749.0,0.00055,A,37.81195,227803231092497
1774169391867,2026-03-22 08:49:51.867,68749.0,0.43452,A,29872.81548,698309087765138
1774169391867,2026-03-22 08:49:51.867,68749.0,0.00017,A,11.687330000000001,648887660961239
1774169391867,2026-03-22 08:49:51.867,68748.0,0.00017,A,11.68716,216922084297929
1774169391867,2026-03-22 08:49:51.867,68748.0,0.00015,A,10.312199999999999,365872545380884
1774169391867,2026-03-22 08:49:51.867,68747.0,0.00017,A,11.686990000000002,126002231837780
1774169391867,2026-03-22 08:49:51.867,68746.0,0.00017,A,11.68682,724745672723596
1774169391867,2026-03-22 08:49:51.867,68746.0,0.00017,A,11.68682,1101778835462412
1774169391867,2026-03-22 08:49:51.867,68746.0,0.00015,A,10.3119,45589168364256
1774169391984,2026-03-22 08:49:51.984,68745.0,0.00017,A,11.68665,1113682433346466
1774169392586,2026-03-22 08:49:52.586,68743.0,0.00017,A,11.68631,241142045317224
1774169392586,2026-03-22 08:49:52.586,68743.0,0.00017,A,11.68631,203568984459620
1774169392586,2026-03-22 08:49:52.586,68743.0,0.00015,A,10.311449999999999,1082558744931433
1774169392586,2026-03-22 08:49:52.586,68742.0,0.00017,A,11.68614,62312262562830
1774169392586,2026-03-22 08:49:52.586,68741.0,0.00017,A,11.685970000000001,167410030134171
1774169392586,2026-03-22 08:49:52.586,68741.0,0.003,A,206.223,212445069072048
1774169392586,2026-03-22 08:49:52.586,68740.0,0.00017,A,11.6858,249635284976159
1774169392586,2026-03-22 08:49:52.586,68739.0,0.00017,A,11.685630000000002,566928902711440
1774169392586,2026-03-22 08:49:52.586,68739.0,0.00017,A,11.685630000000002,1064612667714686
1774169392586,2026-03-22 08:49:52.586,68738.0,0.00017,A,11.68546,905447557459856
1774169392586,2026-03-22 08:49:52.586,68738.0,0.00015,A,10.310699999999999,210306821407137
1774169392586,2026-03-22 08:49:52.586,68737.0,0.00017,A,11.68529,937235345546176
1774169392586,2026-03-22 08:49:52.586,68737.0,0.00402,A,276.32274,907764785319626
1774169393147,2026-03-22 08:49:53.147,68737.0,0.00068,A,46.74116,666329125616796
1774169395093,2026-03-22 08:49:55.093,68738.0,0.00073,B,50.17874,114759625266136
1774169395556,2026-03-22 08:49:55.556,68738.0,0.01,B,687.38,61938717076529
1774169397356,2026-03-22 08:49:57.356,68737.0,6e-05,A,4.12422,1040360229692689
1774169397864,2026-03-22 08:49:57.864,68737.0,0.05189,A,3566.76293,156588259261132
1774169397864,2026-03-22 08:49:57.864,68737.0,0.00017,A,11.68529,175687499084822
1774169397864,2026-03-22 08:49:57.864,68737.0,0.01957,A,1345.18309,94114524311340
1774169400373,2026-03-22 08:50:00.373,68738.0,0.01391,B,956.14558,121814508955249
1774169400373,2026-03-22 08:50:00.373,68738.0,0.10509,B,7223.67642,869272300982510
1774169400373,2026-03-22 08:50:00.373,68738.0,0.02647,B,1819.49486,503436746839863
1774169400458,2026-03-22 08:50:00.458,68737.0,0.0003,A,20.6211,611848046731908
1774169401061,2026-03-22 08:50:01.061,68737.0,0.00238,A,163.59406,394796809211878
1774169401948,2026-03-22 08:50:01.948,68738.0,6e-05,B,4.12428,768965360937040
1774169404101,2026-03-22 08:50:04.101,68737.0,0.00141,A,96.91917,443523974342186
1774169405196,2026-03-22 08:50:05.196,68737.0,0.1,A,6873.700000000001,953944753572677
1774169407610,2026-03-22 08:50:07.610,68737.0,0.001,A,68.737,88424687369531
1774169408010,2026-03-22 08:50:08.010,68738.0,0.00016,B,10.998080000000002,150243490232805
1774169409021,2026-03-22 08:50:09.021,68738.0,0.00029,B,19.93402,650993261323258
1774169410152,2026-03-22 08:50:10.152,68738.0,0.01082,B,743.7451599999999,645896994626881
1774169410152,2026-03-22 08:50:10.152,68738.0,0.01892,B,1300.52296,83242866630326
1774169411041,2026-03-22 08:50:11.041,68737.0,0.00017,A,11.68529,568409936486775
1774169411041,2026-03-22 08:50:11.041,68737.0,0.13464,A,9254.74968,135892753010500
1774169412651,2026-03-22 08:50:12.651,68737.0,0.0009,A,61.863299999999995,593187278341148
1774169412802,2026-03-22 08:50:12.802,68737.0,0.00019,A,13.060030000000001,959978624120277
1774169412868,2026-03-22 08:50:12.868,68737.0,0.00028,A,19.24636,327897803456317
1774169413402,2026-03-22 08:50:13.402,68737.0,0.01862,A,1279.8829400000002,63361186407722
1774169414005,2026-03-22 08:50:14.005,68737.0,0.00416,A,285.94592,384874035222275
1774169415009,2026-03-22 08:50:15.009,68738.0,0.00057,B,39.180659999999996,948964015332446
1774169419066,2026-03-22 08:50:19.066,68737.0,0.0005,A,34.3685,550267702087601
1774169420184,2026-03-22 08:50:20.184,68737.0,0.00578,A,397.29986,236989680896102
1774169423090,2026-03-22 08:50:23.090,68737.0,0.01382,A,949.9453400000001,75774558295658
1774169423731,2026-03-22 08:50:23.731,68738.0,0.0207,B,1422.8766,265302108387341
1774169425317,2026-03-22 08:50:25.317,68738.0,0.001,B,68.738,351182730338156
1774169427690,2026-03-22 08:50:27.690,68738.0,0.00033,B,22.68354,392747220647399
1774169429412,2026-03-22 08:50:29.412,68738.0,0.00016,B,10.998080000000002,369310626329574
1774169430223,2026-03-22 08:50:30.223,68737.0,0.00238,A,163.59406,1125239908090023
1774169432785,2026-03-22 08:50:32.785,68737.0,0.13029,A,8955.74373,1079066034274012
1774169432785,2026-03-22 08:50:32.785,68737.0,0.09682,A,6655.1163400000005,512092347349508
1774169432785,2026-03-22 08:50:32.785,68737.0,0.00017,A,11.68529,119485343166011
1774169432785,2026-03-22 08:50:32.785,68737.0,0.06137,A,4218.38969,135617519119696
1774169433953,2026-03-22 08:50:33.953,68738.0,0.00366,B,251.58108000000001,543890419784590
1774169434070,2026-03-22 08:50:34.070,68737.0,0.00142,A,97.60654000000001,986294069296588
1774169435387,2026-03-22 08:50:35.387,68738.0,0.00606,B,416.55228,870833850460080
1774169435559,2026-03-22 08:50:35.559,68738.0,0.00015,B,10.310699999999999,260970125924865
1774169436093,2026-03-22 08:50:36.093,68738.0,0.013,B,893.5939999999999,930755543496538
1774169436657,2026-03-22 08:50:36.657,68738.0,0.01537,B,1056.50306,116928104438786
1774169436657,2026-03-22 08:50:36.657,68738.0,0.00105,B,72.1749,8908409447449
1774169437826,2026-03-22 08:50:37.826,68737.0,0.00022,A,15.12214,174925200908985
1774169438006,2026-03-22 08:50:38.006,68738.0,0.00016,B,10.998080000000002,819977461304134
1774169439735,2026-03-22 08:50:39.735,68738.0,0.00015,B,10.310699999999999,238457616545324
1774169440820,2026-03-22 08:50:40.820,68738.0,0.0029,B,199.34019999999998,1017189598310166
1774169441024,2026-03-22 08:50:41.024,68737.0,0.00017,A,11.68529,74993329837770
1774169441024,2026-03-22 08:50:41.024,68737.0,0.09943,A,6834.51991,591007179203385
1774169441024,2026-03-22 08:50:41.024,68737.0,0.03522,A,2420.91714,890104147688785
1774169441561,2026-03-22 08:50:41.561,68737.0,0.00022,A,15.12214,1051095874112081
1774169441626,2026-03-22 08:50:41.626,68737.0,0.00022,A,15.12214,470241802935827
1774169444039,2026-03-22 08:50:44.039,68737.0,0.00416,A,285.94592,647190441066350
1774169444176,2026-03-22 08:50:44.176,68737.0,0.00133,A,91.42021,360412169258496
1774169445046,2026-03-22 08:50:45.046,68738.0,0.00056,B,38.49328,464258157267678
1774169447080,2026-03-22 08:50:47.080,68738.0,0.00015,B,10.310699999999999,269237202640869
1774169449022,2026-03-22 08:50:49.022,68737.0,0.00049,A,33.681129999999996,917213555440489
1774169449650,2026-03-22 08:50:49.650,68737.0,0.00016,A,10.99792,43359213276678
1774169450049,2026-03-22 08:50:50.049,68737.0,1e-05,A,0.68737,561938848527560
1774169450049,2026-03-22 08:50:50.049,68737.0,0.04724,A,3247.13588,845675156133479
1774169450049,2026-03-22 08:50:50.049,68737.0,0.3892,A,26752.4404,941788715080986
1774169450049,2026-03-22 08:50:50.049,68736.0,0.00017,A,11.685120000000001,877546467881474
1774169450049,2026-03-22 08:50:50.049,68736.0,0.00015,A,10.3104,387279955107951
1774169450049,2026-03-22 08:50:50.049,68735.0,0.00015,A,10.31025,499338448240179
1774169450543,2026-03-22 08:50:50.543,68735.0,0.00017,A,11.68495,224038944616341
1774169450543,2026-03-22 08:50:50.543,68735.0,0.003,A,206.205,254665905272024
1774169450655,2026-03-22 08:50:50.655,68735.0,0.00537,B,369.10695,770705059071676
1774169451713,2026-03-22 08:50:51.713,68734.0,0.00017,A,11.684780000000002,1063618062121108
1774169451713,2026-03-22 08:50:51.713,68734.0,0.00487,A,334.73458,696697318610445
1774169456563,2026-03-22 08:50:56.563,68734.0,0.01,A,687.34,569574479060748
1774169457047,2026-03-22 08:50:57.047,68734.0,0.00068,A,46.73912000000001,1115811974224525
1774169460484,2026-03-22 08:51:00.484,68734.0,0.4209,A,28930.1406,423164353034171
1774169460484,2026-03-22 08:51:00.484,68734.0,0.00017,A,11.684780000000002,16574761125238
1774169460484,2026-03-22 08:51:00.484,68734.0,0.10911,A,7499.56674,141874083689233
1774169460484,2026-03-22 08:51:00.484,68734.0,0.16371,A,11252.44314,131480417940071
1774169461054,2026-03-22 08:51:01.054,68734.0,0.00237,A,162.89958000000001,260802357719636
1774169464034,2026-03-22 08:51:04.034,68734.0,0.00142,A,97.60228000000001,401048489907541
1774169464235,2026-03-22 08:51:04.235,68734.0,0.00115,A,79.0441,569206977214866
1774169466971,2026-03-22 08:51:06.971,68734.0,0.00022,A,15.12148,988287032362433
1774169467862,2026-03-22 08:51:07.862,68735.0,0.00181,B,124.41035,307184151993448
1774169467980,2026-03-22 08:51:07.980,68734.0,0.0003,A,20.620199999999997,230917298712778
1774169468064,2026-03-22 08:51:08.064,68735.0,0.00016,B,10.9976,1067714798742223
1774169469581,2026-03-22 08:51:09.581,68734.0,0.00116,A,79.73144,984728725648379
1774169471080,2026-03-22 08:51:11.080,68734.0,0.00017,A,11.684780000000002,449691696237725
1774169471080,2026-03-22 08:51:11.080,68734.0,0.06689,A,4597.61726,905597494565958
1774169471080,2026-03-22 08:51:11.080,68734.0,0.06775,A,4656.7285,850390845514206
1774169473605,2026-03-22 08:51:13.605,68734.0,0.00044,A,30.24296,884551583952618
1774169474008,2026-03-22 08:51:14.008,68734.0,0.00416,A,285.93343999999996,499664710895531
1774169475024,2026-03-22 08:51:15.024,68735.0,0.00057,B,39.17895,466561663239232
1774169479048,2026-03-22 08:51:19.048,68734.0,0.00044,A,30.24296,8405814271335
1774169479365,2026-03-22 08:51:19.365,68734.0,0.43646,A,29999.64164,443799860638176
1774169479365,2026-03-22 08:51:19.365,68734.0,0.00017,A,11.684780000000002,74602106886838
1774169479365,2026-03-22 08:51:19.365,68734.0,0.00145,A,99.6643,766816117152588
1774169480077,2026-03-22 08:51:20.077,68733.0,0.00017,A,11.684610000000001,440920600336299
1774169480077,2026-03-22 08:51:20.077,68733.0,0.00128,A,87.97824000000001,122385693899756
1774169481506,2026-03-22 08:51:21.506,68733.0,0.43518,A,29911.22694,606603807714061
1774169481506,2026-03-22 08:51:21.506,68733.0,0.00017,A,11.684610000000001,850826938187615
1774169481506,2026-03-22 08:51:21.506,68732.0,0.00017,A,11.68444,1077141924199325
1774169481506,2026-03-22 08:51:21.506,68731.0,0.00017,A,11.684270000000001,228184871319971
1774169481506,2026-03-22 08:51:21.506,68730.0,0.00017,A,11.6841,446835306888815
1774169481506,2026-03-22 08:51:21.506,68729.0,0.00017,A,11.68393,331419880265880
1774169485349,2026-03-22 08:51:25.349,68729.0,0.05228,B,3593.15212,29915144836990
1774169485349,2026-03-22 08:51:25.349,68729.0,0.16983,B,11672.246070000001,712323671406838
1774169486081,2026-03-22 08:51:26.081,68728.0,0.00017,A,11.683760000000001,821016215718881
1774169486081,2026-03-22 08:51:26.081,68728.0,0.00012,A,8.24736,637493996365469
1774169487968,2026-03-22 08:51:27.968,68728.0,0.05464,A,3755.29792,8189455057611
1774169490052,2026-03-22 08:51:30.052,68728.0,0.00468,A,321.64704,22509084670638
1774169491062,2026-03-22 08:51:31.062,68728.0,0.00238,A,163.57264,362006905867148
1774169493193,2026-03-22 08:51:33.193,68729.0,0.001,B,68.729,824509110462833
1774169494706,2026-03-22 08:51:34.706,68728.0,0.43646,A,29997.02288,160970647709514
1774169494706,2026-03-22 08:51:34.706,68728.0,0.00017,A,11.683760000000001,1057963068765645
1774169494706,2026-03-22 08:51:34.706,68727.0,0.00017,A,11.68359,626607372788983
1774169494706,2026-03-22 08:51:34.706,68727.0,0.003,A,206.181,943880791158755
1774169494706,2026-03-22 08:51:34.706,68726.0,0.00017,A,11.683420000000002,478013857308591
1774169494912,2026-03-22 08:51:34.912,68725.0,0.00017,A,11.683250000000001,638702090907389
1774169494912,2026-03-22 08:51:34.912,68725.0,0.00015,A,10.30875,874686269339418
1774169494912,2026-03-22 08:51:34.912,68724.0,0.00017,A,11.68308,307575484284822
1774169494912,2026-03-22 08:51:34.912,68723.0,0.00017,A,11.682910000000001,1112143596261349
1774169494912,2026-03-22 08:51:34.912,68722.0,0.00017,A,11.68274,705382765467621
1774169494912,2026-03-22 08:51:34.912,68721.0,0.00017,A,11.68257,724716612948226
1774169494912,2026-03-22 08:51:34.912,68721.0,0.00017,A,11.68257,292751670535857
1774169494912,2026-03-22 08:51:34.912,68720.0,0.00017,A,11.682400000000001,177074293446532
1774169494912,2026-03-22 08:51:34.912,68719.0,0.00017,A,11.68223,571660003749759
1774169494912,2026-03-22 08:51:34.912,68718.0,0.00017,A,11.682060000000002,1066200563300833
1774169494912,2026-03-22 08:51:34.912,68718.0,0.00022,A,15.11796,197231295630512
1774169494912,2026-03-22 08:51:34.912,68718.0,0.003,A,206.154,1078751597735337
1774169495010,2026-03-22 08:51:35.010,68717.0,0.00017,A,11.681890000000001,93549340150457
1774169495010,2026-03-22 08:51:35.010,68717.0,0.00017,A,11.681890000000001,138271139109018
1774169495010,2026-03-22 08:51:35.010,68716.0,0.00017,A,11.68172,1110530617644794
1774169495010,2026-03-22 08:51:35.010,68715.0,0.00017,A,11.681550000000001,187622516925516
1774169495010,2026-03-22 08:51:35.010,68714.0,0.00017,A,11.68138,643650345550674
1774169495010,2026-03-22 08:51:35.010,68714.0,0.00017,A,11.68138,622625212684001
1774169495010,2026-03-22 08:51:35.010,68714.0,0.0004,A,27.4856,991903789583826
1774169495545,2026-03-22 08:51:35.545,68714.0,4e-05,A,2.7485600000000003,155653551397196
1774169495545,2026-03-22 08:51:35.545,68714.0,0.00719,A,494.05366000000004,735882410449517
1774169496736,2026-03-22 08:51:36.736,68715.0,0.00016,B,10.9944,140354754614721
1774169498049,2026-03-22 08:51:38.049,68715.0,0.00016,B,10.9944,219712354854139
1774169501055,2026-03-22 08:51:41.055,68714.0,0.00018,A,12.36852,872393567136666
1774169501055,2026-03-22 08:51:41.055,68714.0,0.13465,A,9252.3401,324273092334036
1774169501255,2026-03-22 08:51:41.255,68715.0,0.00158,B,108.5697,707795646381073
1774169502670,2026-03-22 08:51:42.670,68715.0,0.02032,B,1396.2888,115858378233411
1774169502921,2026-03-22 08:51:42.921,68714.0,0.29448,A,20234.89872,259350253921009
1774169502921,2026-03-22 08:51:42.921,68714.0,0.00017,A,11.68138,852875688305526
1774169502921,2026-03-22 08:51:42.921,68713.0,0.00017,A,11.68121,651176519569284
1774169502921,2026-03-22 08:51:42.921,68712.0,0.00017,A,11.681040000000001,839019319725910
1774169502921,2026-03-22 08:51:42.921,68711.0,0.00017,A,11.68087,288633304589768
1774169502921,2026-03-22 08:51:42.921,68711.0,0.19438,A,13356.044179999999,362488569775369
1774169502921,2026-03-22 08:51:42.921,68710.0,0.00017,A,11.680700000000002,342285537831063
1774169502921,2026-03-22 08:51:42.921,68710.0,0.00017,A,11.680700000000002,65121207050407
1774169502921,2026-03-22 08:51:42.921,68710.0,0.3892,A,26741.932,499015453580636
1774169502921,2026-03-22 08:51:42.921,68709.0,0.00018,A,12.36762,368025699711199
1774169502921,2026-03-22 08:51:42.921,68709.0,0.00018,A,12.36762,721519621689793
1774169502921,2026-03-22 08:51:42.921,68709.0,0.001,A,68.709,259651277577609
1774169502921,2026-03-22 08:51:42.921,68709.0,0.00017,A,11.680530000000001,1006354067566492
1774169502921,2026-03-22 08:51:42.921,68709.0,0.003,A,206.127,515931532760643
1774169502921,2026-03-22 08:51:42.921,68708.0,0.00017,A,11.68036,122306433888159
1774169502921,2026-03-22 08:51:42.921,68707.0,0.05665,A,3892.25155,230730259519618
1774169502921,2026-03-22 08:51:42.921,68707.0,0.00017,A,11.680190000000001,948618775306471
1774169502921,2026-03-22 08:51:42.921,68706.0,0.00017,A,11.68002,261227919729352
1774169502921,2026-03-22 08:51:42.921,68706.0,0.00018,A,12.367080000000001,363439821436003
1774169502921,2026-03-22 08:51:42.921,68706.0,0.00017,A,11.68002,875994889503072
1774169502921,2026-03-22 08:51:42.921,68705.0,0.00017,A,11.67985,173577648574648
1774169502921,2026-03-22 08:51:42.921,68704.0,0.00015,A,10.305599999999998,794205728290819
1774169502921,2026-03-22 08:51:42.921,68704.0,0.01164,A,799.71456,835536420855446
1774169502921,2026-03-22 08:51:42.921,68704.0,0.001,A,68.70400000000001,1097658280049083
1774169502921,2026-03-22 08:51:42.921,68704.0,0.003,A,206.112,933473192302098
1774169502921,2026-03-22 08:51:42.921,68704.0,0.00017,A,11.679680000000001,993555758172698
1774169502921,2026-03-22 08:51:42.921,68703.0,0.00017,A,11.67951,582514725528925
1774169502921,2026-03-22 08:51:42.921,68703.0,0.00018,A,12.36654,348723311410672
1774169502921,2026-03-22 08:51:42.921,68703.0,0.00017,A,11.67951,576434619256223
1774169502921,2026-03-22 08:51:42.921,68702.0,0.00018,A,12.36636,604802585655838
1774169502921,2026-03-22 08:51:42.921,68702.0,0.0735,A,5049.597,828710186434140
1774169502921,2026-03-22 08:51:42.921,68702.0,0.00017,A,11.679340000000002,613081025936690
1774169502921,2026-03-22 08:51:42.921,68701.0,0.001,A,68.70100000000001,599843821627347
1774169502921,2026-03-22 08:51:42.921,68701.0,0.00017,A,11.679170000000001,868794823390916
1774169502921,2026-03-22 08:51:42.921,68700.0,0.00018,A,12.366000000000001,641010501002121
1774169502921,2026-03-22 08:51:42.921,68700.0,0.17821,A,12243.027,469638143793630
1774169502921,2026-03-22 08:51:42.921,68700.0,0.02256,A,1549.872,611639167112479
1774169502921,2026-03-22 08:51:42.921,68700.0,0.02098,A,1441.3259999999998,573005210740357
1774169502921,2026-03-22 08:51:42.921,68700.0,0.00017,A,11.679,264278574916256
1774169502921,2026-03-22 08:51:42.921,68700.0,0.0023,A,158.01,1074285801018750
1774169502921,2026-03-22 08:51:42.921,68700.0,0.21836,A,15001.332,450348142288488
1774169502921,2026-03-22 08:51:42.921,68699.0,0.07277,A,4999.22623,774689931026776
1774169502921,2026-03-22 08:51:42.921,68699.0,0.00017,A,11.678830000000001,970671242037461
1774169502921,2026-03-22 08:51:42.921,68699.0,0.01164,A,799.65636,107009593614122
1774169502921,2026-03-22 08:51:42.921,68699.0,0.00017,A,11.678830000000001,310440936162412
1774169502921,2026-03-22 08:51:42.921,68699.0,0.44022,A,30242.67378,791266458388260
1774169502921,2026-03-22 08:51:42.921,68698.0,0.00017,A,11.67866,97726123408693
1774169502921,2026-03-22 08:51:42.921,68698.0,0.40206,A,27620.717879999997,1031314240477283
1774169502921,2026-03-22 08:51:42.921,68698.0,0.00022,A,15.11356,694251576813530
1774169502921,2026-03-22 08:51:42.921,68697.0,0.00017,A,11.67849,470143759957372
1774169502921,2026-03-22 08:51:42.921,68697.0,0.55952,A,38437.345440000005,313359506883053
1774169502921,2026-03-22 08:51:42.921,68697.0,0.00489,A,335.92833,370100471484382
1774169502921,2026-03-22 08:51:42.921,68696.0,0.07277,A,4999.00792,263487097928826
1774169502921,2026-03-22 08:51:42.921,68696.0,0.07459,A,5124.03464,811247292492389
1774169502921,2026-03-22 08:51:42.921,68696.0,0.00017,A,11.678320000000001,616995598894982
1774169502921,2026-03-22 08:51:42.921,68696.0,0.72792,A,50005.19232,278680503927552
1774169502921,2026-03-22 08:51:42.921,68696.0,0.10017,A,6881.278319999999,1103383750810209
1774169502921,2026-03-22 08:51:42.921,68695.0,0.11323,A,7778.33485,755518251561682
1774169502921,2026-03-22 08:51:42.921,68695.0,0.00017,A,11.67815,442112436115528
1774169502921,2026-03-22 08:51:42.921,68695.0,0.00018,A,12.3651,210883524784369
1774169502921,2026-03-22 08:51:42.921,68695.0,0.00258,A,177.23309999999998,876639646963035
1774169502921,2026-03-22 08:51:42.921,68695.0,0.00558,A,383.3181,162351349285033
1774169502921,2026-03-22 08:51:42.921,68695.0,0.03848,A,2643.3836,88617810689198
1774169502921,2026-03-22 08:51:42.921,68695.0,0.00017,A,11.67815,481941846200507
1774169502921,2026-03-22 08:51:42.921,68695.0,0.41368,A,28417.7476,177724529115670
1774169502921,2026-03-22 08:51:42.921,68694.0,0.01164,A,799.59816,977034943275044
1774169502921,2026-03-22 08:51:42.921,68694.0,0.08542,A,5867.84148,390138527362471
1774169502921,2026-03-22 08:51:42.921,68693.0,0.07278,A,4999.47654,109551579898335
1774169502921,2026-03-22 08:51:42.921,68693.0,0.03768,A,2588.3522399999997,273492315309180
1774169502921,2026-03-22 08:51:42.921,68692.0,0.00017,A,11.67764,801609744197119
1774169502921,2026-03-22 08:51:42.921,68692.0,0.04714,A,3238.14088,792638395655880
1774169502921,2026-03-22 08:51:42.921,68692.0,0.04302,A,2955.12984,207818063802227
1774169502921,2026-03-22 08:51:42.921,68692.0,0.01592,A,1093.57664,11313446707899
1774169502921,2026-03-22 08:51:42.921,68692.0,0.10612,A,7289.59504,670665242424360
1774169502921,2026-03-22 08:51:42.921,68692.0,0.06287,A,4318.66604,1095019908955456
1774169503832,2026-03-22 08:51:43.832,68698.0,0.01274,B,875.2125199999999,933820865949903
1774169504084,2026-03-22 08:51:44.084,68697.0,0.00415,A,285.09255,698224410750664
1774169504189,2026-03-22 08:51:44.189,68698.0,0.01274,B,875.2125199999999,958529178286942
1774169504189,2026-03-22 08:51:44.189,68698.0,0.00146,B,100.29907999999999,614275157448520
1774169504389,2026-03-22 08:51:44.389,68698.0,0.00146,B,100.29907999999999,328700560961360
1774169504389,2026-03-22 08:51:44.389,68698.0,0.00016,B,10.99168,491648258303843
1774169505099,2026-03-22 08:51:45.099,68698.0,0.00055,B,37.7839,585326912636488
1774169505099,2026-03-22 08:51:45.099,68698.0,1e-05,B,0.68698,506478283219691
1774169506313,2026-03-22 08:51:46.313,68697.0,0.00271,A,186.16887,1050106530325662
1774169508123,2026-03-22 08:51:48.123,68698.0,0.01017,B,698.65866,711906504086228
1774169508123,2026-03-22 08:51:48.123,68698.0,0.00257,B,176.55386,141587628612702
1774169508216,2026-03-22 08:51:48.216,68698.0,0.00327,B,224.64246,914621784369961
1774169509020,2026-03-22 08:51:49.020,68697.0,0.00057,A,39.157289999999996,179356452014358
1774169509222,2026-03-22 08:51:49.222,68697.0,0.04031,A,2769.17607,783256028545988
1774169510335,2026-03-22 08:51:50.335,68697.0,0.01387,A,952.82739,24766812590835
1774169510625,2026-03-22 08:51:50.625,68697.0,0.07884,A,5416.07148,689414130126632
1774169510625,2026-03-22 08:51:50.625,68698.0,0.03488,B,2396.18624,961380703529628
1774169510625,2026-03-22 08:51:50.625,68698.0,0.00144,B,98.92512,1029483672650177
1774169510625,2026-03-22 08:51:50.625,68698.0,0.19409,B,13333.59482,808287992534746
1774169510625,2026-03-22 08:51:50.625,68698.0,0.00102,B,70.07196,1051464862682884
1774169510625,2026-03-22 08:51:50.625,68698.0,0.00073,B,50.149539999999995,371202551391707
1774169510625,2026-03-22 08:51:50.625,68698.0,0.001,B,68.69800000000001,278645325496279
1774169510625,2026-03-22 08:51:50.625,68698.0,0.02911,B,1999.79878,570014194119458
1774169510625,2026-03-22 08:51:50.625,68698.0,0.01018,B,699.34564,828809876356600
1774169510625,2026-03-22 08:51:50.625,68698.0,0.00686,B,471.26828,679924753913935
1774169510625,2026-03-22 08:51:50.625,68698.0,0.19453,B,13363.82194,918323033680433
1774169510625,2026-03-22 08:51:50.625,68698.0,0.02616,B,1797.13968,1059424925339977
1774169513231,2026-03-22 08:51:53.231,68697.0,0.01395,A,958.32315,1029369922971957
1774169514556,2026-03-22 08:51:54.556,68697.0,0.00479,A,329.05863,654785036484162
1774169515179,2026-03-22 08:51:55.179,68698.0,0.00021,B,14.426580000000001,552240343086987
1774169515179,2026-03-22 08:51:55.179,68698.0,0.00016,B,10.99168,700336177487781
1774169515179,2026-03-22 08:51:55.179,68698.0,0.02033,B,1396.6303400000002,771728711858274
1774169517584,2026-03-22 08:51:57.584,68697.0,0.00561,A,385.39017,715251070380207
1774169517783,2026-03-22 08:51:57.783,68697.0,0.008,A,549.576,1065214954621533
1774169518041,2026-03-22 08:51:58.041,68697.0,0.00129,A,88.61913,941595961298406
1774169518960,2026-03-22 08:51:58.960,68697.0,0.00252,A,173.11644,959448048243827
1774169520650,2026-03-22 08:52:00.650,68697.0,6e-05,A,4.1218200000000005,895674962979943
1774169520650,2026-03-22 08:52:00.650,68697.0,0.00045,A,30.91365,974751240762222
1774169520830,2026-03-22 08:52:00.830,68697.0,0.40537,A,27847.70289,589948897713864
1774169520830,2026-03-22 08:52:00.830,68697.0,0.0083,A,570.1851,1029227022016487
1774169520830,2026-03-22 08:52:00.830,68697.0,0.02251,A,1546.3694699999999,280385869818711
1774169520830,2026-03-22 08:52:00.830,68697.0,0.00015,A,10.304549999999999,175999171913664
1774169520830,2026-03-22 08:52:00.830,68697.0,0.00017,A,11.67849,1058237589232937
1774169521024,2026-03-22 08:52:01.024,68696.0,0.00017,A,11.678320000000001,504204763309896
1774169521024,2026-03-22 08:52:01.024,68695.0,0.00017,A,11.67815,240736569386312
1774169521024,2026-03-22 08:52:01.024,68694.0,0.00017,A,11.677980000000002,587578556277459
1774169521024,2026-03-22 08:52:01.024,68693.0,0.00017,A,11.677810000000001,494859707930235
1774169521024,2026-03-22 08:52:01.024,68692.0,0.00017,A,11.67764,205183620446321
1774169521024,2026-03-22 08:52:01.024,68692.0,0.00017,A,11.67764,90390469727569
1774169521024,2026-03-22 08:52:01.024,68691.0,0.00015,A,10.30365,924730080889038
1774169521024,2026-03-22 08:52:01.024,68691.0,0.00121,A,83.11610999999999,1117259979688986
1774169521427,2026-03-22 08:52:01.427,68691.0,0.00179,A,122.95689,400062764361283
1774169521427,2026-03-22 08:52:01.427,68691.0,0.00017,A,11.677470000000001,889456315033531
1774169521527,2026-03-22 08:52:01.527,68690.0,0.00017,A,11.6773,968710817371535
1774169521527,2026-03-22 08:52:01.527,68689.0,0.00017,A,11.67713,389642879457489
1774169521649,2026-03-22 08:52:01.649,68688.0,0.00017,A,11.676960000000001,580011690128660
1774169521649,2026-03-22 08:52:01.649,68688.0,0.00017,A,11.676960000000001,500623008843501
1774169521649,2026-03-22 08:52:01.649,68688.0,0.00116,B,79.67808,976265522571302
1774169521719,2026-03-22 08:52:01.719,68687.0,0.00017,A,11.67679,477631620174617
1774169522523,2026-03-22 08:52:02.523,68686.0,0.003,A,206.058,867975992164444
1774169522523,2026-03-22 08:52:02.523,68686.0,0.00017,A,11.676620000000002,1012469189314663
1774169522523,2026-03-22 08:52:02.523,68686.0,0.00153,A,105.08958,670874564512556
1774169522798,2026-03-22 08:52:02.798,68686.0,0.4352,A,29892.1472,495579225039624
1774169522798,2026-03-22 08:52:02.798,68685.0,0.00017,A,11.67645,999653356031082
1774169522986,2026-03-22 08:52:02.986,68684.0,0.00017,A,11.67628,1121699738211738
1774169522986,2026-03-22 08:52:02.986,68684.0,0.00017,A,11.67628,474742050243883
1774169522986,2026-03-22 08:52:02.986,68683.0,0.00015,A,10.302449999999999,423903678462507
1774169522986,2026-03-22 08:52:02.986,68683.0,0.00017,A,11.676110000000001,443032689455193
1774169523697,2026-03-22 08:52:03.697,68682.0,0.00017,A,11.67594,579513373191323
1774169523697,2026-03-22 08:52:03.697,68682.0,0.00402,A,276.10164000000003,369510695343624
1774169525031,2026-03-22 08:52:05.031,68682.0,0.00141,A,96.84162,242525338264406
1774169525510,2026-03-22 08:52:05.510,68683.0,6e-05,B,4.12098,561636973277871
1774169528057,2026-03-22 08:52:08.057,68683.0,0.00016,B,10.98928,787543058956668
1774169528057,2026-03-22 08:52:08.057,68682.0,0.43133,A,29624.60706,67597590877126
1774169528057,2026-03-22 08:52:08.057,68682.0,0.00017,A,11.67594,173082960648718
1774169528203,2026-03-22 08:52:08.203,68681.0,0.00017,A,11.67577,149792707046027
1774169528203,2026-03-22 08:52:08.203,68680.0,0.48111,A,33042.6348,386958033362017
1774169528264,2026-03-22 08:52:08.264,68680.0,0.9747,A,66942.39600000001,987661882037044
1774169528264,2026-03-22 08:52:08.264,68680.0,0.00017,A,11.675600000000001,490084778985680
1774169528264,2026-03-22 08:52:08.264,68680.0,0.03033,A,2083.0643999999998,232544597536712
1774169528355,2026-03-22 08:52:08.355,68679.0,0.00015,A,10.30185,202864891790507
1774169528355,2026-03-22 08:52:08.355,68679.0,0.00017,A,11.67543,556388349399667
1774169528461,2026-03-22 08:52:08.461,68678.0,0.003,A,206.034,344517633073617
1774169528461,2026-03-22 08:52:08.461,68678.0,0.00017,A,11.675260000000002,295636392688245
1774169528461,2026-03-22 08:52:08.461,68677.0,0.00017,A,11.67509,734781325476940
1774169528461,2026-03-22 08:52:08.461,68677.0,0.00015,A,10.301549999999999,464303821860247
1774169528461,2026-03-22 08:52:08.461,68677.0,0.00017,A,11.67509,1082820791153751
1774169528962,2026-03-22 08:52:08.962,68676.0,0.00017,A,11.67492,875261003668391
1774169528962,2026-03-22 08:52:08.962,68676.0,0.003,A,206.028,513211626745549
1774169528962,2026-03-22 08:52:08.962,68676.0,0.00981,A,673.71156,1109272356456421
1774169531075,2026-03-22 08:52:11.075,68676.0,0.13464,A,9246.53664,987212082272074
1774169531475,2026-03-22 08:52:11.475,68676.0,0.00041,A,28.15716,807986998594279
1774169534020,2026-03-22 08:52:14.020,68676.0,0.00416,A,285.69216,983261793265916
1774169534020,2026-03-22 08:52:14.020,68677.0,0.00118,B,81.03886,99724038199873
1774169534548,2026-03-22 08:52:14.548,68676.0,0.2878,A,19764.9528,381754054680994
1774169534548,2026-03-22 08:52:14.548,68676.0,0.00017,A,11.67492,839659062854327
1774169534720,2026-03-22 08:52:14.720,68675.0,0.00017,A,11.674750000000001,914936293953841
1774169535141,2026-03-22 08:52:15.141,68675.0,0.00057,B,39.14475,813254797510595
1774169535141,2026-03-22 08:52:15.141,68674.0,0.00015,A,10.3011,597683199096213
1774169535141,2026-03-22 08:52:15.141,68674.0,0.00015,A,10.3011,859852413109527
1774169535345,2026-03-22 08:52:15.345,68674.0,2e-05,A,1.37348,964592315415836
1774169535345,2026-03-22 08:52:15.345,68674.0,0.00596,A,409.29704,22787279517173
1774169535606,2026-03-22 08:52:15.606,68674.0,0.01968,A,1351.50432,248725960934842
1774169536750,2026-03-22 08:52:16.750,68674.0,0.41119,A,28238.06206,908011080491098
1774169536750,2026-03-22 08:52:16.750,68674.0,0.00017,A,11.67458,915783902909779
1774169537493,2026-03-22 08:52:17.493,68673.0,0.00015,A,10.300949999999998,819914913172705
1774169537493,2026-03-22 08:52:17.493,68673.0,0.00015,A,10.300949999999998,1088822325743570
1774169537493,2026-03-22 08:52:17.493,68673.0,0.001,A,68.673,605441196314676
1774169537493,2026-03-22 08:52:17.493,68673.0,0.00017,A,11.67441,672965887089316
1774169537493,2026-03-22 08:52:17.493,68672.0,0.00017,A,11.674240000000001,254367579769359
1774169537493,2026-03-22 08:52:17.493,68672.0,0.00034,A,23.348480000000002,1040288290782138
1774169537493,2026-03-22 08:52:17.493,68672.0,0.003,A,206.016,776931693462394
1774169537493,2026-03-22 08:52:17.493,68671.0,0.00017,A,11.67407,603772734823356
1774169537693,2026-03-22 08:52:17.693,68671.0,0.00017,B,11.67407,62343250822483
1774169538271,2026-03-22 08:52:18.271,68670.0,0.01323,A,908.5041,1043201608257621
1774169538271,2026-03-22 08:52:18.271,68670.0,0.00081,A,55.622699999999995,581115170950147
1774169538472,2026-03-22 08:52:18.472,68670.0,0.37309,A,25620.0903,457441416402539
1774169538472,2026-03-22 08:52:18.472,68670.0,0.10668,A,7325.7155999999995,2616555221286
1774169539025,2026-03-22 08:52:19.025,68670.0,0.00053,A,36.3951,1052598145299338
1774169539792,2026-03-22 08:52:19.792,68670.0,0.01468,A,1008.0756,470219562700145
1774169540118,2026-03-22 08:52:20.118,68670.0,0.31495,A,21627.6165,193877642964730
1774169540118,2026-03-22 08:52:20.118,68670.0,0.00017,A,11.673900000000001,231656693459608
1774169540402,2026-03-22 08:52:20.402,68669.0,2e-05,A,1.37338,124272117025891
1774169540600,2026-03-22 08:52:20.600,68669.0,0.00041,A,28.15429,981378353882285
1774169544772,2026-03-22 08:52:24.772,68669.0,0.00028,A,19.22732,466581417946331
1774169547033,2026-03-22 08:52:27.033,68669.0,0.19929,A,13685.04501,237580498191932
1774169547033,2026-03-22 08:52:27.033,68669.0,0.43686,A,29998.73934,742585314525175
1774169547033,2026-03-22 08:52:27.033,68669.0,0.00017,A,11.67373,729027245420454
1774169547033,2026-03-22 08:52:27.033,68669.0,0.24122,A,16564.33618,835512386329040
1774169547033,2026-03-22 08:52:27.033,68669.0,0.05097,A,3500.05893,491615737657642
1774169547033,2026-03-22 08:52:27.033,68669.0,0.15766,A,10826.35454,811497901065088
1774169547033,2026-03-22 08:52:27.033,68669.0,0.43357,A,29772.818330000002,421941448950484
1774169547033,2026-03-22 08:52:27.033,68669.0,0.1835,A,12600.7615,30143971605588
1774169547033,2026-03-22 08:52:27.033,68669.0,0.09676,A,6644.41244,639855937425156
1774169548249,2026-03-22 08:52:28.249,68669.0,0.00817,A,561.0257300000001,508097547827516
1774169548249,2026-03-22 08:52:28.249,68670.0,0.42,B,28841.399999999998,71808056639264
1774169548249,2026-03-22 08:52:28.249,68670.0,0.21,B,14420.699999999999,135749297784692
1774169548249,2026-03-22 08:52:28.249,68670.0,0.21,B,14420.699999999999,349122811024068
1774169548249,2026-03-22 08:52:28.249,68670.0,0.50757,B,34854.8319,702960768191004
1774169548249,2026-03-22 08:52:28.249,68670.0,0.21,B,14420.699999999999,808179207841673
1774169548249,2026-03-22 08:52:28.249,68670.0,0.42,B,28841.399999999998,998903513281323
1774169548249,2026-03-22 08:52:28.249,68670.0,0.58942,B,40475.4714,219206151631108
1774169548249,2026-03-22 08:52:28.249,68670.0,0.81269,B,55807.4223,780543575023079
1774169548249,2026-03-22 08:52:28.249,68670.0,0.21,B,14420.699999999999,225092244963638
1774169548249,2026-03-22 08:52:28.249,68670.0,0.42,B,28841.399999999998,496971437691702
1774169548249,2026-03-22 08:52:28.249,68670.0,0.35,B,24034.5,943815594611925
1774169548249,2026-03-22 08:52:28.249,68670.0,0.5,B,34335.0,26562999810129
1774169548249,2026-03-22 08:52:28.249,68670.0,0.14032,B,9635.7744,969663356370272
1774169548481,2026-03-22 08:52:28.481,68669.0,0.10176,A,6987.75744,1025696952189742
1774169548863,2026-03-22 08:52:28.863,68670.0,0.00109,B,74.8503,671545832635405
1774169549363,2026-03-22 08:52:29.363,68669.0,0.00025,A,17.16725,934256791171205
1774169551059,2026-03-22 08:52:31.059,68669.0,0.00238,A,163.43222,1028900182676062
1774169553695,2026-03-22 08:52:33.695,68669.0,0.01,A,686.69,797365118345355
1774169554083,2026-03-22 08:52:34.083,68669.0,0.00142,A,97.50998,1112749585567850
1774169557864,2026-03-22 08:52:37.864,68669.0,0.08661,A,5947.42209,250888086352111
1774169557864,2026-03-22 08:52:37.864,68669.0,0.01456,A,999.82064,588810628587027
1774169557864,2026-03-22 08:52:37.864,68669.0,0.00017,A,11.67373,977420789991958
1774169557864,2026-03-22 08:52:37.864,68669.0,0.08473,A,5818.32437,50448348332347
1774169558105,2026-03-22 08:52:38.105,68670.0,0.00016,B,10.987200000000001,77899334375824
1774169558826,2026-03-22 08:52:38.826,68669.0,0.35214,A,24181.10166,708291511283230
1774169558826,2026-03-22 08:52:38.826,68669.0,0.00017,A,11.67373,596606103515336
1774169558826,2026-03-22 08:52:38.826,68668.0,0.00015,A,10.300199999999998,568406568558961
1774169558826,2026-03-22 08:52:38.826,68667.0,0.00017,A,11.673390000000001,851045584289344
1774169558826,2026-03-22 08:52:38.826,68666.0,0.28659,A,19678.98894,978876018405832
1774169559621,2026-03-22 08:52:39.621,68667.0,0.1,B,6866.700000000001,295903153327617
1774169561045,2026-03-22 08:52:41.045,68666.0,0.00018,A,12.35988,612406662931580
1774169561045,2026-03-22 08:52:41.045,68666.0,0.13465,A,9245.8769,796871203617608
1774169561541,2026-03-22 08:52:41.541,68667.0,0.001,B,68.667,1086614667584840
1774169562436,2026-03-22 08:52:42.436,68666.0,0.008,A,549.328,197268402627916
1774169563648,2026-03-22 08:52:43.648,68666.0,0.07058,A,4846.44628,735947864099415
1774169563648,2026-03-22 08:52:43.648,68666.0,0.41036,A,28177.77976,132812396262433
1774169564048,2026-03-22 08:52:44.048,68666.0,0.00416,A,285.65056,1115702791171981
1774169565053,2026-03-22 08:52:45.053,68667.0,0.00056,B,38.45352,689332884738436
1774169567377,2026-03-22 08:52:47.377,68667.0,0.00029,B,19.91343,468883209634932
1774169567377,2026-03-22 08:52:47.377,68667.0,0.00029,B,19.91343,412238136546097
1774169567567,2026-03-22 08:52:47.567,68666.0,0.00022,A,15.10652,318819004385907
1774169567780,2026-03-22 08:52:47.780,68666.0,0.00423,A,290.45718,987116918506635
1774169569072,2026-03-22 08:52:49.072,68666.0,0.00055,A,37.7663,283160533283517
1774169569697,2026-03-22 08:52:49.697,68667.0,0.0144,B,988.8048,251805741319985
1774169570282,2026-03-22 08:52:50.282,68667.0,0.00028,B,19.22676,630169985587081
1774169571628,2026-03-22 08:52:51.628,68666.0,0.00217,A,149.00522,1002702582265521
1774169571967,2026-03-22 08:52:51.967,68666.0,0.00423,A,290.45718,208349226059629
1774169572380,2026-03-22 08:52:52.380,68667.0,0.01456,B,999.79152,657642178575342
1774169576131,2026-03-22 08:52:56.131,68667.0,0.00032,B,21.97344,663152032347689
1774169581059,2026-03-22 08:53:01.059,68666.0,0.00238,A,163.42508,786860882504424
1774169582673,2026-03-22 08:53:02.673,68667.0,0.00022,B,15.10674,766423313421882
1774169583295,2026-03-22 08:53:03.295,68667.0,0.00043,B,29.526809999999998,18533806672161
1774169583791,2026-03-22 08:53:03.791,68666.0,0.00857,A,588.46762,1107921549391395
1774169583791,2026-03-22 08:53:03.791,68666.0,0.00017,A,11.67322,610225055846122
1774169583791,2026-03-22 08:53:03.791,68666.0,0.07321,A,5027.0378599999995,117942157149379
1774169583791,2026-03-22 08:53:03.791,68666.0,0.18224,A,12513.691840000001,288273454752064
1774169583791,2026-03-22 08:53:03.791,68666.0,0.24384,A,16743.51744,519749530986121
1774169583791,2026-03-22 08:53:03.791,68666.0,0.25056,A,17204.95296,811545753961915
1774169583791,2026-03-22 08:53:03.791,68666.0,0.13523,A,9285.703179999999,84498586689576
1774169583791,2026-03-22 08:53:03.791,68666.0,0.22742,A,15616.02172,98507222766083
1774169583791,2026-03-22 08:53:03.791,68666.0,0.67491,A,46343.37006,671704276227749
1774169583791,2026-03-22 08:53:03.791,68666.0,0.21697,A,14898.462019999999,538304484362089
1774169583791,2026-03-22 08:53:03.791,68666.0,0.11441,A,7856.07706,621923780464447
1774169583791,2026-03-22 08:53:03.791,68666.0,0.11247,A,7722.86502,741057114667336
1774169583901,2026-03-22 08:53:03.901,68667.0,0.00252,B,173.04084,1050123928604370
1774169584094,2026-03-22 08:53:04.094,68666.0,0.00142,A,97.50572,434787162485084
1774169584395,2026-03-22 08:53:04.395,68666.0,0.00073,A,50.12618,63250335032343
1774169585903,2026-03-22 08:53:05.903,68667.0,0.00043,B,29.526809999999998,1090303405166788
1774169587413,2026-03-22 08:53:07.413,68666.0,0.00325,A,223.1645,597822616114255
1774169588125,2026-03-22 08:53:08.125,68667.0,0.00016,B,10.98672,566614900300269
1774169588226,2026-03-22 08:53:08.226,68666.0,0.03283,A,2254.30478,572931355276763
1774169588226,2026-03-22 08:53:08.226,68666.0,0.16138,A,11081.31908,960317479826027
1774169588226,2026-03-22 08:53:08.226,68666.0,0.07305,A,5016.0513,472900016264206
1774169588226,2026-03-22 08:53:08.226,68666.0,0.17521,A,12030.969860000001,310953858068331
1774169588727,2026-03-22 08:53:08.727,68667.0,0.00043,B,29.526809999999998,700903501340059
1774169588831,2026-03-22 08:53:08.831,68666.0,0.0013,A,89.2658,1109693280897466
1774169590136,2026-03-22 08:53:10.136,68666.0,0.014,A,961.3240000000001,844989323582443
1774169591011,2026-03-22 08:53:11.011,68666.0,0.00018,A,12.35988,196800520985836
1774169591011,2026-03-22 08:53:11.011,68666.0,0.13464,A,9245.19024,500627157247401
1774169594021,2026-03-22 08:53:14.021,68666.0,0.00416,A,285.65056,546159755416087
1774169595113,2026-03-22 08:53:15.113,68667.0,0.00057,B,39.14019,499403690192649
1774169596047,2026-03-22 08:53:16.047,68667.0,0.00045,B,30.90015,403963793299410
1774169597794,2026-03-22 08:53:17.794,68667.0,0.01,B,686.67,129416214416260
1774169598733,2026-03-22 08:53:18.733,68667.0,0.10616,B,7289.68872,551838846196046
1774169598733,2026-03-22 08:53:18.733,68667.0,0.00018,B,12.36006,553656154134084
1774169598733,2026-03-22 08:53:18.733,68667.0,0.0393,B,2698.6131,1009280363144889
1774169599071,2026-03-22 08:53:19.071,68666.0,0.0005,A,34.333,414658691634870
1774169599347,2026-03-22 08:53:19.347,68666.0,0.0002,A,13.7332,38140366187360
1774169601746,2026-03-22 08:53:21.746,68666.0,0.00169,A,116.04554,197558673815040
1774169601746,2026-03-22 08:53:21.746,68666.0,0.0003,A,20.5998,776873648931344
1774169602349,2026-03-22 08:53:22.349,68666.0,0.00045,A,30.8997,88798642354321
1774169602690,2026-03-22 08:53:22.690,68667.0,0.00022,B,15.10674,476428458515777
1774169603688,2026-03-22 08:53:23.688,68667.0,0.00043,B,29.526809999999998,357563517896169
1774169604298,2026-03-22 08:53:24.298,68667.0,0.0207,B,1421.4069,377809349944505
1774169606560,2026-03-22 08:53:26.560,68666.0,0.00043,A,29.52638,827403850436102
1774169608214,2026-03-22 08:53:28.214,68666.0,0.00017,A,11.67322,859628252434561
1774169608214,2026-03-22 08:53:28.214,68666.0,0.33316,A,22876.76456,644167385700543
1774169608214,2026-03-22 08:53:28.214,68666.0,0.10373,A,7122.72418,149725218253825
1774169608214,2026-03-22 08:53:28.214,68666.0,0.12933,A,8880.57378,204190179739693
1774169608455,2026-03-22 08:53:28.455,68665.0,0.00017,A,11.673050000000002,414672183314427
1774169608455,2026-03-22 08:53:28.455,68664.0,0.00017,A,11.672880000000001,463815461568417
1774169608940,2026-03-22 08:53:28.940,68663.0,0.00015,A,10.299449999999998,818262780392978
1774169608940,2026-03-22 08:53:28.940,68663.0,0.00017,A,11.67271,68585948355076
1774169608940,2026-03-22 08:53:28.940,68662.0,0.00015,A,10.299299999999999,1076050387323501
1774169608940,2026-03-22 08:53:28.940,68662.0,0.00017,A,11.672540000000001,237666038626763
1774169608940,2026-03-22 08:53:28.940,68661.0,0.00017,A,11.67237,917271640447365
1774169608940,2026-03-22 08:53:28.940,68660.0,0.00017,A,11.6722,720676888996261
1774169608940,2026-03-22 08:53:28.940,68660.0,0.003,A,205.98000000000002,643645503976480
1774169608940,2026-03-22 08:53:28.940,68660.0,0.00015,A,10.299,953023797315241
1774169609331,2026-03-22 08:53:29.331,68659.0,0.00015,A,10.29885,433251494152199
1774169609331,2026-03-22 08:53:29.331,68659.0,0.00017,A,11.672030000000001,691986613556494
1774169609331,2026-03-22 08:53:29.331,68659.0,0.0763,A,5238.6817,447125304443868
1774169611042,2026-03-22 08:53:31.042,68659.0,0.00238,A,163.40842,98210128507104
1774169611042,2026-03-22 08:53:31.042,68659.0,0.00338,A,232.06742000000003,808973858588901
1774169611042,2026-03-22 08:53:31.042,68659.0,0.005,A,343.295,222731240288438
1774169612234,2026-03-22 08:53:32.234,68660.0,0.00053,B,36.3898,507256265217943
1774169612234,2026-03-22 08:53:32.234,68660.0,0.00055,B,37.763000000000005,595931162366485
1774169613773,2026-03-22 08:53:33.773,68660.0,0.00021,B,14.418600000000001,744891491477291
1774169613839,2026-03-22 08:53:33.839,68660.0,0.59312,B,40723.6192,1077259219611506
1774169614035,2026-03-22 08:53:34.035,68659.0,0.00142,A,97.49578,209286317063780
1774169616045,2026-03-22 08:53:36.045,68660.0,0.05073,B,3483.1218,701443352136641
1774169617771,2026-03-22 08:53:37.771,68660.0,0.00027,B,18.5382,597193023154740
1774169618061,2026-03-22 08:53:38.061,68660.0,0.00016,B,10.985600000000002,931471187220893
1774169619061,2026-03-22 08:53:39.061,68660.0,0.00015,B,10.299,16751191282750
1774169619269,2026-03-22 08:53:39.269,68660.0,0.04512,B,3097.9392,915416190682251
1774169621014,2026-03-22 08:53:41.014,68659.0,0.00018,A,12.35862,60528949191348
1774169621014,2026-03-22 08:53:41.014,68659.0,0.13465,A,9244.93435,1070018574528306
1774169621211,2026-03-22 08:53:41.211,68660.0,0.00017,B,11.6722,981418380555385
1774169621326,2026-03-22 08:53:41.326,68661.0,0.00015,B,10.29915,84855821065538
1774169621326,2026-03-22 08:53:41.326,68661.0,0.00017,B,11.67237,739153013489420
1774169621326,2026-03-22 08:53:41.326,68662.0,0.00015,B,10.299299999999999,28417824300977
1774169621326,2026-03-22 08:53:41.326,68662.0,0.00017,B,11.672540000000001,929482613708550
1774169621326,2026-03-22 08:53:41.326,68663.0,0.001,B,68.663,287558097102847
1774169621326,2026-03-22 08:53:41.326,68663.0,0.00017,B,11.67271,1005021219645493
1774169621326,2026-03-22 08:53:41.326,68664.0,0.00017,B,11.672880000000001,809409672408698
1774169621326,2026-03-22 08:53:41.326,68665.0,0.003,B,205.995,10925374566055
1774169621326,2026-03-22 08:53:41.326,68665.0,0.00017,B,11.673050000000002,652459560693280
1774169621326,2026-03-22 08:53:41.326,68665.0,0.00017,B,11.673050000000002,475346771967705
1774169621326,2026-03-22 08:53:41.326,68666.0,0.00017,B,11.67322,982793429716215
1774169621409,2026-03-22 08:53:41.409,68667.0,0.00017,B,11.673390000000001,448687888826226
1774169621409,2026-03-22 08:53:41.409,68667.0,0.00015,B,10.300049999999999,111008625165710
1774169621409,2026-03-22 08:53:41.409,68668.0,0.00017,B,11.67356,693552116165287
1774169621409,2026-03-22 08:53:41.409,68669.0,0.00017,B,11.67373,161722352695
1774169621409,2026-03-22 08:53:41.409,68669.0,0.00017,B,11.67373,653891511099609
1774169621409,2026-03-22 08:53:41.409,68669.0,0.00015,B,10.30035,448108197174596
1774169621409,2026-03-22 08:53:41.409,68670.0,0.00225,B,154.5075,459709068634113
1774169621409,2026-03-22 08:53:41.409,68670.0,0.00017,B,11.673900000000001,887082386778603
1774169621409,2026-03-22 08:53:41.409,68670.0,0.01456,B,999.8352,159864011771435
1774169621409,2026-03-22 08:53:41.409,68670.0,0.003,B,206.01,986842596378833
1774169622418,2026-03-22 08:53:42.418,68671.0,0.00017,B,11.67407,383309160961567
1774169622418,2026-03-22 08:53:42.418,68671.0,0.00254,B,174.42434,76443928812909
1774169624071,2026-03-22 08:53:44.071,68670.0,0.00416,A,285.6672,894690941278983
1774169625031,2026-03-22 08:53:45.031,68671.0,0.00057,B,39.142469999999996,863472272147505
1774169625031,2026-03-22 08:53:45.031,68671.0,0.02601,B,1786.1327099999999,601320340193757
1774169625031,2026-03-22 08:53:45.031,68671.0,0.00017,B,11.67407,387236150203423
1774169625818,2026-03-22 08:53:45.818,68672.0,0.0002,B,13.7344,918969717808666
1774169625818,2026-03-22 08:53:45.818,68672.0,0.00126,B,86.52672,1062434084406344
1774169627280,2026-03-22 08:53:47.280,68672.0,0.02786,B,1913.20192,274940136711455
1774169627280,2026-03-22 08:53:47.280,68672.0,0.00017,B,11.674240000000001,1038868793716872
1774169627871,2026-03-22 08:53:47.871,68673.0,0.00017,B,11.67441,876242202541690
1774169627871,2026-03-22 08:53:47.871,68673.0,0.01059,B,727.24707,734683392175910
1774169628075,2026-03-22 08:53:48.075,68673.0,0.00146,B,100.26258,278629331616549
1774169628750,2026-03-22 08:53:48.750,68673.0,0.01707,B,1172.24811,241993728026787
1774169628750,2026-03-22 08:53:48.750,68673.0,0.00017,B,11.67441,1069029982411527
1774169629037,2026-03-22 08:53:49.037,68673.0,0.00054,A,37.083420000000004,253245990107043
1774169629156,2026-03-22 08:53:49.156,68674.0,0.0002,B,13.7348,508213975059031
1774169629156,2026-03-22 08:53:49.156,68675.0,0.00017,B,11.674750000000001,723228439367767
1774169629156,2026-03-22 08:53:49.156,68676.0,0.00017,B,11.67492,998172488059395
1774169629156,2026-03-22 08:53:49.156,68676.0,0.00017,B,11.67492,350779496875472
1774169629156,2026-03-22 08:53:49.156,68677.0,0.00017,B,11.67509,456368093822940
1774169629307,2026-03-22 08:53:49.307,68678.0,0.001,B,68.678,1018870328896099
1774169629911,2026-03-22 08:53:49.911,68678.0,0.00017,B,11.675260000000002,441579064086880
1774169629911,2026-03-22 08:53:49.911,68678.0,0.01166,B,800.78548,674058117565604
1774169630979,2026-03-22 08:53:50.979,68678.0,0.01746,B,1199.11788,763398672649751
1774169630979,2026-03-22 08:53:50.979,68678.0,2e-05,B,1.3735600000000001,630196856125973
1774169631733,2026-03-22 08:53:51.733,68677.0,0.00305,A,209.46485,823530065737807
1774169632190,2026-03-22 08:53:52.190,68678.0,0.00015,B,10.301699999999999,607636689267887
1774169632190,2026-03-22 08:53:52.190,68678.0,0.00131,B,89.96818,537498034933348
1774169633574,2026-03-22 08:53:53.574,68678.0,0.02781,B,1909.9351800000002,719079813825928
1774169633574,2026-03-22 08:53:53.574,68678.0,0.00017,B,11.675260000000002,429159213427079
1774169633574,2026-03-22 08:53:53.574,68679.0,0.0002,B,13.735800000000001,824122537864274
1774169633574,2026-03-22 08:53:53.574,68679.0,0.00014,B,9.61506,1065853698690224
1774169634204,2026-03-22 08:53:54.204,68679.0,0.00102,B,70.05258,929582254230933
1774169634204,2026-03-22 08:53:54.204,68678.0,0.09977,A,6852.00406,440916600529718
1774169634204,2026-03-22 08:53:54.204,68678.0,0.12269,A,8426.10382,519043737792938
1774169634204,2026-03-22 08:53:54.204,68678.0,0.08,A,5494.24,261452902925381
1774169634204,2026-03-22 08:53:54.204,68678.0,0.13375,A,9185.6825,511009037247705
1774169634204,2026-03-22 08:53:54.204,68678.0,0.03951,A,2713.4677800000004,167263933340247
1774169634204,2026-03-22 08:53:54.204,68678.0,0.21,A,14422.38,2062716154297
1774169634204,2026-03-22 08:53:54.204,68678.0,0.2109,A,14484.190200000001,280192394079850
1774169634204,2026-03-22 08:53:54.204,68678.0,0.21,A,14422.38,872476439057925
1774169634204,2026-03-22 08:53:54.204,68678.0,0.35,A,24037.3,78449801292342
1774169634204,2026-03-22 08:53:54.204,68678.0,0.17753,A,12192.40534,741627757150643
1774169634204,2026-03-22 08:53:54.204,68678.0,0.43945,A,30180.5471,179320530038293
1774169634583,2026-03-22 08:53:54.583,68679.0,0.00476,B,326.91204000000005,376134754872445
1774169635823,2026-03-22 08:53:55.823,68679.0,0.0002,B,13.735800000000001,542228489651357
1774169639736,2026-03-22 08:53:59.736,68679.0,0.02314,B,1589.23206,216463401467897
1774169639736,2026-03-22 08:53:59.736,68678.0,0.14298,A,9819.58044,243159665444746
1774169639736,2026-03-22 08:53:59.736,68678.0,0.29386,A,20181.717080000002,791681904518193
1774169639736,2026-03-22 08:53:59.736,68678.0,0.07464,A,5126.1259199999995,382998708212837
1774169639736,2026-03-22 08:53:59.736,68678.0,0.5,A,34339.0,1027452270586474
1774169639736,2026-03-22 08:53:59.736,68678.0,0.10662,A,7322.44836,306670785237929
1774169639736,2026-03-22 08:53:59.736,68678.0,0.14958,A,10272.855239999999,295469693684487
1774169639736,2026-03-22 08:53:59.736,68678.0,0.09628,A,6612.317840000001,608181280177950
1774169639930,2026-03-22 08:53:59.930,68680.0,0.00017,B,11.675600000000001,481069977961935
1774169639930,2026-03-22 08:53:59.930,68680.0,0.00017,B,11.675600000000001,734328837879704
1774169639930,2026-03-22 08:53:59.930,68680.0,0.00015,B,10.302,436487195092516
1774169639930,2026-03-22 08:53:59.930,68681.0,0.00017,B,11.67577,309881480892395
1774169639930,2026-03-22 08:53:59.930,68682.0,0.00017,B,11.67594,938720459090078
1774169639930,2026-03-22 08:53:59.930,68682.0,0.003,B,206.046,1010737630351480
1774169639930,2026-03-22 08:53:59.930,68682.0,0.00015,B,10.302299999999999,475917638318813
1774169639930,2026-03-22 08:53:59.930,68683.0,0.00017,B,11.676110000000001,341389775979246
1774169639930,2026-03-22 08:53:59.930,68683.0,0.00022,B,15.11026,291609596752705
1774169639930,2026-03-22 08:53:59.930,68683.0,0.00017,B,11.676110000000001,24006461142338
1774169640862,2026-03-22 08:54:00.862,68685.0,0.00017,B,11.67645,438430792787098
1774169640862,2026-03-22 08:54:00.862,68686.0,0.00017,B,11.676620000000002,760234743824399
1774169640862,2026-03-22 08:54:00.862,68687.0,0.00017,B,11.67679,194661347038386
1774169640862,2026-03-22 08:54:00.862,68687.0,0.00017,B,11.67679,1055526632923622
1774169640862,2026-03-22 08:54:00.862,68687.0,0.02911,B,1999.47857,743510961222912
1774169641061,2026-03-22 08:54:01.061,68687.0,0.00037,A,25.41419,946968743466031
1774169641061,2026-03-22 08:54:01.061,68687.0,0.002,A,137.374,1028955815997526
1774169641388,2026-03-22 08:54:01.388,68688.0,0.00017,B,11.676960000000001,793890344707475
1774169641388,2026-03-22 08:54:01.388,68688.0,5e-05,B,3.4344,615195758319120
1774169641388,2026-03-22 08:54:01.388,68688.0,0.00022,B,15.111360000000001,448355161302293
1774169641588,2026-03-22 08:54:01.588,68688.0,0.00273,B,187.51824,377138742479557
1774169641588,2026-03-22 08:54:01.588,68688.0,0.00163,B,111.96144,804846267782263
1774169641981,2026-03-22 08:54:01.981,68688.0,0.00454,B,311.84352,945012701435782
1774169644079,2026-03-22 08:54:04.079,68687.0,0.00142,A,97.53554,289089027392976
1774169644182,2026-03-22 08:54:04.182,68687.0,0.01455,A,999.39585,49908243449768
1774169644280,2026-03-22 08:54:04.280,68687.0,6e-05,A,4.12122,510531610328056
1774169644584,2026-03-22 08:54:04.584,68687.0,1.0012,A,68769.4244,939099454162756
1774169644584,2026-03-22 08:54:04.584,68687.0,0.07499,A,5150.83813,652296165369989
1774169644584,2026-03-22 08:54:04.584,68687.0,0.0618,A,4244.8566,560910243155453
1774169646076,2026-03-22 08:54:06.076,68688.0,0.02294,B,1575.70272,733965082857135
1774169646076,2026-03-22 08:54:06.076,68688.0,0.00017,B,11.676960000000001,662951895849027
1774169646076,2026-03-22 08:54:06.076,68689.0,0.00017,B,11.67713,290427291051629
1774169646076,2026-03-22 08:54:06.076,68689.0,0.00015,B,10.303349999999998,93970780580433
1774169646076,2026-03-22 08:54:06.076,68690.0,0.00017,B,11.6773,968723700160443
1774169646076,2026-03-22 08:54:06.076,68691.0,0.00017,B,11.677470000000001,759690763125481
1774169646076,2026-03-22 08:54:06.076,68691.0,0.00017,B,11.677470000000001,215086409438493
1774169646076,2026-03-22 08:54:06.076,68691.0,0.00015,B,10.30365,1065938321050651
1774169646076,2026-03-22 08:54:06.076,68692.0,0.00017,B,11.67764,1078828529346134
1774169646076,2026-03-22 08:54:06.076,68692.0,0.00018,B,12.36456,505420297517983
1774169646076,2026-03-22 08:54:06.076,68693.0,0.00017,B,11.677810000000001,822877818272302
1774169646076,2026-03-22 08:54:06.076,68694.0,0.00017,B,11.677980000000002,294902136453954
1774169646076,2026-03-22 08:54:06.076,68694.0,0.00017,B,11.677980000000002,115678044966910
1774169646076,2026-03-22 08:54:06.076,68694.0,0.02911,B,1999.68234,706364361732642
1774169646076,2026-03-22 08:54:06.076,68694.0,0.02414,B,1658.2731600000002,787907254936692
1774169646898,2026-03-22 08:54:06.898,68693.0,0.00617,A,423.83581000000004,108489713465725
1774169647192,2026-03-22 08:54:07.192,68693.0,0.00617,A,423.83581000000004,168652911308081
1774169647272,2026-03-22 08:54:07.272,68694.0,0.01026,B,704.80044,232641574898836
1774169647876,2026-03-22 08:54:07.876,68694.0,0.00042,B,28.851480000000002,800770568424507
1774169649110,2026-03-22 08:54:09.110,68693.0,0.13556,A,9312.02308,763404688494770
1774169649110,2026-03-22 08:54:09.110,68693.0,0.2233,A,15339.1469,269345142546936
1774169649110,2026-03-22 08:54:09.110,68693.0,0.1249,A,8579.7557,9862198212822
1774169649110,2026-03-22 08:54:09.110,68693.0,0.13236,A,9092.20548,1068654712842463
1774169649110,2026-03-22 08:54:09.110,68693.0,0.14604,A,10031.925720000001,8379054163700
1774169649110,2026-03-22 08:54:09.110,68693.0,0.2304,A,15826.867199999999,640564950617419
1774169649110,2026-03-22 08:54:09.110,68693.0,0.08368,A,5748.23024,430036761965799
1774169649110,2026-03-22 08:54:09.110,68693.0,0.10821,A,7433.2695300000005,463515399673240
1774169650056,2026-03-22 08:54:10.056,68693.0,0.01456,A,1000.17008,341072800595796
1774169650275,2026-03-22 08:54:10.275,68694.0,0.00017,B,11.677980000000002,64753169970008
1774169650275,2026-03-22 08:54:10.275,68694.0,0.02911,B,1999.68234,412707236235996
1774169650275,2026-03-22 08:54:10.275,68695.0,0.01747,B,1200.10165,633296270361625
1774169651051,2026-03-22 08:54:11.051,68695.0,0.00018,A,12.3651,1077458339623873
1774169651051,2026-03-22 08:54:11.051,68695.0,0.13464,A,9249.0948,405862882996361
1774169652202,2026-03-22 08:54:12.202,68695.0,0.0006,A,41.217,646869043837880
1774169652304,2026-03-22 08:54:12.304,68695.0,0.0006,A,41.217,497280964113916
1774169652304,2026-03-22 08:54:12.304,68696.0,0.00017,B,11.678320000000001,1116827956365623
1774169652304,2026-03-22 08:54:12.304,68696.0,0.07262,B,4988.70352,548138935097249
1774169652703,2026-03-22 08:54:12.703,68695.0,0.00727,A,499.41265000000004,787410723581017
1774169652898,2026-03-22 08:54:12.898,68695.0,0.01455,A,999.51225,646949866343901
1774169654045,2026-03-22 08:54:14.045,68695.0,0.00415,A,285.08425,693077986811251
1774169654120,2026-03-22 08:54:14.120,68696.0,0.00349,B,239.74904,660792706758664
1774169655039,2026-03-22 08:54:15.039,68696.0,0.00056,B,38.469759999999994,997493774284571
1774169655111,2026-03-22 08:54:15.111,68696.0,0.00611,B,419.73256,949338972972549
1774169655525,2026-03-22 08:54:15.525,68695.0,0.00109,A,74.87755,244374679425432
1774169657734,2026-03-22 08:54:17.734,68695.0,0.00019,A,13.052050000000001,29719441584582
1774169659053,2026-03-22 08:54:19.053,68695.0,0.00039,A,26.79105,866675848071150
1774169662981,2026-03-22 08:54:22.981,68696.0,6e-05,B,4.12176,877542699263915
1774169663944,2026-03-22 08:54:23.944,68696.0,0.00249,B,171.05304,141160049604244
1774169665379,2026-03-22 08:54:25.379,68695.0,0.00796,A,546.8122,540538906476888
1774169667988,2026-03-22 08:54:27.988,68695.0,0.0003,A,20.6085,937595334728028
1774169671047,2026-03-22 08:54:31.047,68695.0,0.00238,A,163.4941,1027216599413800
1774169674977,2026-03-22 08:54:34.977,68696.0,0.01669,B,1146.53624,218598167504654
1774169675036,2026-03-22 08:54:35.036,68695.0,0.00141,A,96.85995,307360647526395
1774169676049,2026-03-22 08:54:36.049,68696.0,0.01242,B,853.20432,691099341831689
1774169676049,2026-03-22 08:54:36.049,68696.0,0.00017,B,11.678320000000001,558287891271709
1774169676049,2026-03-22 08:54:36.049,68696.0,0.00291,B,199.90536,754217739851533
1774169676049,2026-03-22 08:54:36.049,68696.0,0.00907,B,623.07272,699567608569659
1774169676049,2026-03-22 08:54:36.049,68697.0,0.00017,B,11.67849,111745082407701
1774169676049,2026-03-22 08:54:36.049,68697.0,0.00015,B,10.304549999999999,444097772327152
1774169676049,2026-03-22 08:54:36.049,68697.0,0.01868,B,1283.2599599999999,764401628508329
1774169677844,2026-03-22 08:54:37.844,68697.0,0.00023,B,15.80031,961009012417738
1774169678053,2026-03-22 08:54:38.053,68697.0,0.00016,B,10.991520000000001,245746261718090
1774169678890,2026-03-22 08:54:38.890,68697.0,0.02911,B,1999.7696700000001,547646220499360
1774169678890,2026-03-22 08:54:38.890,68697.0,0.00017,B,11.67849,1090622206779559
1774169679290,2026-03-22 08:54:39.290,68698.0,0.003,B,206.094,967186427024731
1774169679290,2026-03-22 08:54:39.290,68698.0,0.00017,B,11.67866,708171934805280
1774169679290,2026-03-22 08:54:39.290,68699.0,0.00017,B,11.678830000000001,459195674128466
1774169679290,2026-03-22 08:54:39.290,68699.0,0.02911,B,1999.82789,1002566599905753
1774169679290,2026-03-22 08:54:39.290,68700.0,0.00017,B,11.679,186601092561148
1774169679701,2026-03-22 08:54:39.701,68701.0,0.00017,B,11.679170000000001,145402342085946
1774169679701,2026-03-22 08:54:39.701,68702.0,0.00017,B,11.679340000000002,64514268792491
1774169679701,2026-03-22 08:54:39.701,68703.0,0.00017,B,11.67951,796031830405404
1774169679701,2026-03-22 08:54:39.701,68704.0,0.00017,B,11.679680000000001,265578314520152
1774169679701,2026-03-22 08:54:39.701,68704.0,0.003,B,206.112,525942539845549
1774169679701,2026-03-22 08:54:39.701,68704.0,0.00402,B,276.19008,92238615872060
1774169680204,2026-03-22 08:54:40.204,68704.0,0.00439,B,301.61055999999996,251343088188987
1774169681091,2026-03-22 08:54:41.091,68703.0,0.00018,A,12.36654,866703037259490
1774169681091,2026-03-22 08:54:41.091,68703.0,0.11979,A,8229.93237,851071154772152
1774169681091,2026-03-22 08:54:41.091,68703.0,0.01486,A,1020.92658,34039690888912
1774169681811,2026-03-22 08:54:41.811,68704.0,0.0003,B,20.611199999999997,422529023062886
1774169683207,2026-03-22 08:54:43.207,68703.0,0.00022,A,15.11466,346457609436071
1774169683308,2026-03-22 08:54:43.308,68703.0,0.00022,A,15.11466,683809003679343
1774169683626,2026-03-22 08:54:43.626,68704.0,0.0204,B,1401.5616,300257962564909
1774169683626,2026-03-22 08:54:43.626,68704.0,0.00017,B,11.679680000000001,636707833789864
1774169683626,2026-03-22 08:54:43.626,68704.0,0.02911,B,1999.97344,305059588926506
1774169683626,2026-03-22 08:54:43.626,68704.0,0.00447,B,307.10688,441763489473650
1774169683626,2026-03-22 08:54:43.626,68704.0,0.04625,B,3177.56,40370730507668
1774169684017,2026-03-22 08:54:44.017,68703.0,0.00416,A,285.80447999999996,396368388331234
1774169685045,2026-03-22 08:54:45.045,68704.0,0.00057,B,39.16128,873404560874720
1774169685481,2026-03-22 08:54:45.481,68704.0,0.03221,B,2212.95584,735407203536523
1774169685481,2026-03-22 08:54:45.481,68704.0,0.0283,B,1944.3231999999998,580844025798685
1774169688028,2026-03-22 08:54:48.028,68704.0,0.01339,B,919.9465600000001,400589320638121
1774169689037,2026-03-22 08:54:49.037,68703.0,0.00063,A,43.28289,117439922668796
1774169689561,2026-03-22 08:54:49.561,68704.0,0.0207,B,1422.1728,228021591259199
1774169690724,2026-03-22 08:54:50.724,68703.0,0.00043,A,29.542289999999998,681432568598486
1774169691124,2026-03-22 08:54:51.124,68704.0,0.00033,B,22.67232,934056408635243
1774169691445,2026-03-22 08:54:51.445,68704.0,0.00685,B,470.6224,1060110616503698
1774169691445,2026-03-22 08:54:51.445,68704.0,0.01315,B,903.4576000000001,493183897490132
1774169691976,2026-03-22 08:54:51.976,68704.0,0.04142,B,2845.7196799999997,161153497272613
1774169691976,2026-03-22 08:54:51.976,68704.0,0.18406,B,12645.65824,1096796735839540
1774169691976,2026-03-22 08:54:51.976,68704.0,0.04554,B,3128.78016,390727060526064
1774169692268,2026-03-22 08:54:52.268,68703.0,0.00451,A,309.85053,808276728792436
1774169696000,2026-03-22 08:54:56.000,68703.0,0.33333,A,22900.77099,519450471020131
1774169696000,2026-03-22 08:54:56.000,68703.0,0.09842,A,6761.74926,499050991142630
1774169696000,2026-03-22 08:54:56.000,68703.0,0.00017,A,11.67951,339063236779932
1774169697554,2026-03-22 08:54:57.554,68703.0,0.00034,B,23.35902,194124219843608
1774169697554,2026-03-22 08:54:57.554,68703.0,0.001,B,68.703,518270443524459
1774169701033,2026-03-22 08:55:01.033,68702.0,0.00017,A,11.679340000000002,888634483642316
1774169701033,2026-03-22 08:55:01.033,68702.0,0.00221,A,151.83142,1067296525850487
1774169703644,2026-03-22 08:55:03.644,68702.0,0.00022,A,15.11444,1013659749385463
1774169704050,2026-03-22 08:55:04.050,68702.0,0.00142,A,97.55684000000001,130995040348801
1774169704373,2026-03-22 08:55:04.373,68703.0,0.01,B,687.03,766274736603361
1774169705657,2026-03-22 08:55:05.657,68703.0,0.01455,B,999.62865,138767542743706
1774169707040,2026-03-22 08:55:07.040,68703.0,0.00322,B,221.22366000000002,686203030798558
1774169707040,2026-03-22 08:55:07.040,68703.0,0.0511,B,3510.7233,18989202277068
1774169707547,2026-03-22 08:55:07.547,68703.0,0.0013,B,89.31389999999999,44353432284351
1774169708035,2026-03-22 08:55:08.035,68703.0,0.00016,B,10.99248,351012024239023
1774169708842,2026-03-22 08:55:08.842,68703.0,0.00042,B,28.85526,300872766626743
1774169709151,2026-03-22 08:55:09.151,68703.0,0.00029,B,19.92387,341591869817164
1774169709275,2026-03-22 08:55:09.275,68703.0,0.01052,B,722.75556,602155546312307
1774169709275,2026-03-22 08:55:09.275,68703.0,0.01402,B,963.21606,1093912999596814
1774169709355,2026-03-22 08:55:09.355,68703.0,0.05435,B,3734.0080500000004,483619053899021
1774169709444,2026-03-22 08:55:09.444,68703.0,0.00323,B,221.91069,1029533425168136
1774169711050,2026-03-22 08:55:11.050,68702.0,0.13464,A,9250.03728,872401198976378
1774169712366,2026-03-22 08:55:12.366,68702.0,0.00178,A,122.28956,1089268607455176
1774169714011,2026-03-22 08:55:14.011,68702.0,0.00416,A,285.80032,68590268180819
1774169715097,2026-03-22 08:55:15.097,68703.0,0.00056,B,38.473679999999995,217235870390918
1774169716294,2026-03-22 08:55:16.294,68703.0,0.00024,B,16.48872,134102201827814
1774169716294,2026-03-22 08:55:16.294,68703.0,0.00976,B,670.5412799999999,455061368762707
1774169717945,2026-03-22 08:55:17.945,68703.0,0.01456,B,1000.31568,388249019819803
1774169718671,2026-03-22 08:55:18.671,68702.0,0.00178,A,122.28956,119635158446157
1774169719077,2026-03-22 08:55:19.077,68702.0,0.00051,A,35.03802,188543279185637
1774169719884,2026-03-22 08:55:19.884,68703.0,0.18607,B,12783.567210000001,949632460892034
1774169720672,2026-03-22 08:55:20.672,68702.0,0.02555,A,1755.3361,518683833965490
1774169720964,2026-03-22 08:55:20.964,68702.0,0.00015,A,10.305299999999999,923924944755059
1774169728934,2026-03-22 08:55:28.934,68702.0,0.00015,A,10.305299999999999,596254933330260
1774169730288,2026-03-22 08:55:30.288,68702.0,0.26629,A,18294.655580000002,583526190893201
1774169730288,2026-03-22 08:55:30.288,68702.0,0.00017,A,11.679340000000002,625540877082456
1774169730288,2026-03-22 08:55:30.288,68702.0,0.52071,A,35773.81842,175318850217898
1774169730288,2026-03-22 08:55:30.288,68701.0,0.00015,A,10.30515,6986905110964
1774169730288,2026-03-22 08:55:30.288,68701.0,0.00017,A,11.679170000000001,682253966587122
1774169730288,2026-03-22 08:55:30.288,68700.0,0.00017,A,11.679,621493945549474
1774169731019,2026-03-22 08:55:31.019,68698.0,0.00017,A,11.67866,523544149614628
1774169731019,2026-03-22 08:55:31.019,68697.0,0.00221,A,151.82037,533180484443901
1774169731355,2026-03-22 08:55:31.355,68698.0,0.00015,B,10.304699999999999,1064339594824627
1774169732629,2026-03-22 08:55:32.629,68697.0,0.00177,A,121.59369000000001,81658339698231
1774169734041,2026-03-22 08:55:34.041,68697.0,0.00142,A,97.54974,606385598048114
1774169735454,2026-03-22 08:55:35.454,68697.0,0.0003,A,20.609099999999998,185908004909427
1774169736052,2026-03-22 08:55:36.052,68698.0,0.02317,B,1591.73266,302728671535507
1774169736052,2026-03-22 08:55:36.052,68698.0,0.04369,B,3001.4156199999998,430635798648883
1774169738070,2026-03-22 08:55:38.070,68698.0,0.00016,B,10.99168,102531484181056
1774169738070,2026-03-22 08:55:38.070,68698.0,0.00036,B,24.73128,344470702630532
1774169739397,2026-03-22 08:55:39.397,68697.0,0.16963,A,11653.072110000001,643091654176995
1774169739397,2026-03-22 08:55:39.397,68697.0,0.01374,A,943.89678,930149952911619
1774169739397,2026-03-22 08:55:39.397,68697.0,0.00017,A,11.67849,1106333041580991
1774169739397,2026-03-22 08:55:39.397,68697.0,0.43669,A,29999.292930000003,193652816050497
1774169740083,2026-03-22 08:55:40.083,68697.0,0.00142,B,97.54974,798872126822466
1774169740284,2026-03-22 08:55:40.284,68696.0,0.00425,A,291.958,927509167880044
1774169740284,2026-03-22 08:55:40.284,68696.0,0.00503,A,345.54087999999996,875811034363740
1774169741088,2026-03-22 08:55:41.088,68696.0,0.00018,A,12.36528,190125083604784
1774169741088,2026-03-22 08:55:41.088,68696.0,0.13465,A,9249.9164,167730698037921
1774169744009,2026-03-22 08:55:44.009,68696.0,0.00416,A,285.77536,571068439538717
1774169745012,2026-03-22 08:55:45.012,68697.0,0.00057,B,39.157289999999996,1056396582311024
1774169745012,2026-03-22 08:55:45.012,68697.0,0.00015,B,10.304549999999999,440190798645319
1774169745206,2026-03-22 08:55:45.206,68696.0,0.29267,A,20105.25832,98879205642908
1774169745206,2026-03-22 08:55:45.206,68696.0,0.00017,A,11.678320000000001,610569771817895
1774169745206,2026-03-22 08:55:45.206,68695.0,0.00017,A,11.67815,755643913218146
1774169745206,2026-03-22 08:55:45.206,68695.0,0.00017,A,11.67815,970118692680632
1774169745206,2026-03-22 08:55:45.206,68695.0,0.00015,A,10.30425,977310438125022
1774169745206,2026-03-22 08:55:45.206,68694.0,0.0002,A,13.738800000000001,654917436289773
1774169745206,2026-03-22 08:55:45.206,68694.0,0.00017,A,11.677980000000002,1030288313149785
1774169745206,2026-03-22 08:55:45.206,68694.0,0.00015,A,10.304099999999998,563793752111132
1774169745206,2026-03-22 08:55:45.206,68693.0,0.00017,A,11.677810000000001,714064503904517
1774169745206,2026-03-22 08:55:45.206,68693.0,0.003,A,206.079,30199036588422
1774169745315,2026-03-22 08:55:45.315,68692.0,0.00017,A,11.67764,62762034035183
1774169745315,2026-03-22 08:55:45.315,68692.0,0.00014,A,9.616879999999998,421887867560517
1774169746119,2026-03-22 08:55:46.119,68691.0,0.00017,A,11.677470000000001,1009579753643196
1774169746119,2026-03-22 08:55:46.119,68691.0,0.00129,A,88.61139,627634878385584
1774169749021,2026-03-22 08:55:49.021,68691.0,0.00043,A,29.537129999999998,606209689343311
1774169749121,2026-03-22 08:55:49.121,68692.0,0.00248,B,170.35616,510445078846375
1774169751043,2026-03-22 08:55:51.043,68691.0,0.00248,A,170.35368,689663512038407
1774169751955,2026-03-22 08:55:51.955,68692.0,0.1,B,6869.200000000001,562909108106065
1774169751955,2026-03-22 08:55:51.955,68691.0,0.00042,A,28.85022,838835223540742
1774169755271,2026-03-22 08:55:55.271,68691.0,0.1,A,6869.1,896612397985754
1774169755271,2026-03-22 08:55:55.271,68691.0,0.25,A,17172.75,542256499974177
1774169755378,2026-03-22 08:55:55.378,68691.0,0.08208,A,5638.15728,304323374996760
1774169755378,2026-03-22 08:55:55.378,68691.0,0.00017,A,11.677470000000001,41624792796384
1774169755378,2026-03-22 08:55:55.378,68690.0,0.00017,A,11.6773,204585812261963
1774169755378,2026-03-22 08:55:55.378,68690.0,0.00015,A,10.3035,859196177416325
1774169755378,2026-03-22 08:55:55.378,68689.0,0.00017,A,11.67713,99233007816306
1774169755474,2026-03-22 08:55:55.474,68688.0,0.00017,A,11.676960000000001,1049316431372184
1774169755474,2026-03-22 08:55:55.474,68688.0,0.003,A,206.064,424986576895002
1774169755474,2026-03-22 08:55:55.474,68688.0,0.00015,A,10.303199999999999,49797071366619
1774169755474,2026-03-22 08:55:55.474,68687.0,0.00017,A,11.67679,1017447584728922
1774169755779,2026-03-22 08:55:55.779,68686.0,0.00017,A,11.676620000000002,318650863595207
1774169755779,2026-03-22 08:55:55.779,68685.0,0.00017,A,11.67645,1013317212520135
1774169755779,2026-03-22 08:55:55.779,68684.0,0.00017,A,11.67628,7056263664907
1774169755779,2026-03-22 08:55:55.779,68684.0,0.00017,A,11.67628,138268938413318
1774169755779,2026-03-22 08:55:55.779,68683.0,0.00017,A,11.676110000000001,453880558225621
1774169756123,2026-03-22 08:55:56.123,68682.0,0.00017,A,11.67594,484242464149902
1774169756123,2026-03-22 08:55:56.123,68681.0,0.00017,A,11.67577,355298598285363
1774169756123,2026-03-22 08:55:56.123,68681.0,0.00015,A,10.30215,364068545364231
1774169756123,2026-03-22 08:55:56.123,68681.0,0.00017,A,11.67577,506339580727441
1774169756123,2026-03-22 08:55:56.123,68681.0,0.003,A,206.043,209338408117970
1774169756123,2026-03-22 08:55:56.123,68680.0,0.00017,A,11.675600000000001,204452319486107
1774169756123,2026-03-22 08:55:56.123,68679.0,0.00017,A,11.67543,725738285352066
1774169756123,2026-03-22 08:55:56.123,68678.0,0.00017,A,11.675260000000002,84385579152786
1774169756123,2026-03-22 08:55:56.123,68677.0,0.00017,A,11.67509,296627577383513
1774169756123,2026-03-22 08:55:56.123,68677.0,0.00017,A,11.67509,221902895870280
1774169756123,2026-03-22 08:55:56.123,68677.0,0.05665,A,3890.55205,242841239648567
1774169756384,2026-03-22 08:55:56.384,68676.0,0.00015,A,10.3014,493342456038804
1774169756384,2026-03-22 08:55:56.384,68676.0,0.00017,A,11.67492,511874485426120
1774169756384,2026-03-22 08:55:56.384,68675.0,0.00017,A,11.674750000000001,94955674176587
1774169756384,2026-03-22 08:55:56.384,68675.0,0.00022,A,15.108500000000001,755609064276000
1774169760206,2026-03-22 08:56:00.206,68675.0,0.00475,B,326.20625,583525267699527
1774169760408,2026-03-22 08:56:00.408,68675.0,0.00133,B,91.33775,233998193864726
1774169761012,2026-03-22 08:56:01.012,68674.0,0.00238,A,163.44412,905096770636867
1774169761820,2026-03-22 08:56:01.820,68674.0,0.00475,A,326.2015,611478363887064
1774169763025,2026-03-22 08:56:03.025,68674.0,0.02914,A,2001.1603599999999,964031230801224
1774169764031,2026-03-22 08:56:04.031,68674.0,0.00142,A,97.51708,1035777252096616
1774169765993,2026-03-22 08:56:05.993,68674.0,0.01455,A,999.2067000000001,451421760475408
1774169765993,2026-03-22 08:56:05.993,68675.0,0.001,B,68.675,144769623362872
1774169766116,2026-03-22 08:56:06.116,68675.0,0.07401,B,5082.636750000001,538100450912839
1774169767531,2026-03-22 08:56:07.531,68674.0,6e-05,A,4.12044,331664923914817
1774169767719,2026-03-22 08:56:07.719,68674.0,0.00323,A,221.81701999999999,510360813643124
1774169768021,2026-03-22 08:56:08.021,68675.0,0.00016,B,10.988000000000001,952575403171637
1774169768095,2026-03-22 08:56:08.095,68675.0,0.0004,B,27.470000000000002,1084735561927905
1774169769029,2026-03-22 08:56:09.029,68674.0,0.00129,A,88.58945999999999,491894336643171
1774169769838,2026-03-22 08:56:09.838,68675.0,0.00743,B,510.25525,242833246841572
1774169771037,2026-03-22 08:56:11.037,68674.0,0.00018,A,12.361320000000001,341041544582918
1774169771640,2026-03-22 08:56:11.640,68674.0,0.00743,A,510.24782,361314055631121
1774169772174,2026-03-22 08:56:12.174,68675.0,6e-05,B,4.1205,900059481371286
1774169772470,2026-03-22 08:56:12.470,68675.0,0.00011,B,7.554250000000001,734490061158573
1774169772470,2026-03-22 08:56:12.470,68676.0,0.00015,B,10.3014,1002026037714273
1774169772470,2026-03-22 08:56:12.470,68676.0,0.00017,B,11.67492,253526662431029
1774169772470,2026-03-22 08:56:12.470,68677.0,0.00015,B,10.301549999999999,693729611881668
1774169772470,2026-03-22 08:56:12.470,68677.0,0.00017,B,11.67509,491626851881078
1774169772470,2026-03-22 08:56:12.470,68678.0,0.00017,B,11.675260000000002,402418906880060
1774169772470,2026-03-22 08:56:12.470,68679.0,0.00017,B,11.67543,623689339056448
1774169772470,2026-03-22 08:56:12.470,68680.0,0.003,B,206.04,994103454365273
1774169772470,2026-03-22 08:56:12.470,68680.0,0.00017,B,11.675600000000001,128472127752614
1774169772470,2026-03-22 08:56:12.470,68680.0,0.00017,B,11.675600000000001,1102059904447331
1774169772470,2026-03-22 08:56:12.470,68681.0,0.00017,B,11.67577,1086022809998418
1774169772470,2026-03-22 08:56:12.470,68682.0,0.00017,B,11.67594,33281440960162
1774169772470,2026-03-22 08:56:12.470,68683.0,0.00017,B,11.676110000000001,230310524496359
1774169772470,2026-03-22 08:56:12.470,68683.0,0.00017,B,11.676110000000001,819547247837181
1774169772470,2026-03-22 08:56:12.470,68684.0,0.00017,B,11.67628,687013676698001
1774169772865,2026-03-22 08:56:12.865,68685.0,0.003,B,206.055,448888220003028
1774169772865,2026-03-22 08:56:12.865,68685.0,0.00079,B,54.26115,1051854203627306
1774169773275,2026-03-22 08:56:13.275,68685.0,0.01376,B,945.1056,128768313523584
1774169773275,2026-03-22 08:56:13.275,68685.0,0.00018,B,12.3633,1004553990624723
1774169773275,2026-03-22 08:56:13.275,68686.0,0.00017,B,11.676620000000002,618927800099311
1774169773275,2026-03-22 08:56:13.275,68687.0,0.00017,B,11.67679,794061997047933
1774169773275,2026-03-22 08:56:13.275,68687.0,0.00017,B,11.67679,408959560235005
1774169773595,2026-03-22 08:56:13.595,68687.0,0.00178,A,122.26285999999999,605402424894946
1774169774013,2026-03-22 08:56:14.013,68687.0,0.00235,A,161.41445000000002,804035751792293
1774169774013,2026-03-22 08:56:14.013,68687.0,0.00181,A,124.32347,733629133780129
1774169774268,2026-03-22 08:56:14.268,68688.0,0.02911,B,1999.50768,409949302915029
1774169774268,2026-03-22 08:56:14.268,68688.0,0.02911,B,1999.50768,885590256219231
1774169774268,2026-03-22 08:56:14.268,68689.0,0.00017,B,11.67713,347965933219085
1774169774268,2026-03-22 08:56:14.268,68690.0,0.00017,B,11.6773,965241459794005
1774169774268,2026-03-22 08:56:14.268,68690.0,0.003,B,206.07,307768683989944
1774169775027,2026-03-22 08:56:15.027,68692.0,0.00017,B,11.67764,726302262825888
1774169775027,2026-03-22 08:56:15.027,68692.0,0.00039,B,26.78988,669090479874066
1774169775093,2026-03-22 08:56:15.093,68692.0,0.00254,B,174.47768000000002,373379185249729
1774169777307,2026-03-22 08:56:17.307,68692.0,0.01363,B,936.27196,719042760724604
1774169779046,2026-03-22 08:56:19.046,68691.0,0.00043,A,29.537129999999998,756434301031916
1774169779990,2026-03-22 08:56:19.990,68691.0,0.00249,A,171.04059,934410644325784
1774169780140,2026-03-22 08:56:20.140,68692.0,0.01255,B,862.0846,39735807561058
1774169780140,2026-03-22 08:56:20.140,68692.0,0.00018,B,12.36456,787499750460876
1774169780140,2026-03-22 08:56:20.140,68692.0,0.00017,B,11.67764,342948380501753
1774169780140,2026-03-22 08:56:20.140,68692.0,0.0078,B,535.7976,721581820788219
1774169780140,2026-03-22 08:56:20.140,68692.0,0.02131,B,1463.8265199999998,312918328729
1774169780140,2026-03-22 08:56:20.140,68692.0,0.00052,B,35.71984,717832038966715
1774169781772,2026-03-22 08:56:21.772,68692.0,0.00249,B,171.04308,497937893359056
1774169784328,2026-03-22 08:56:24.328,68691.0,0.1931,A,13264.2321,697884189577076
1774169791024,2026-03-22 08:56:31.024,68691.0,0.00237,A,162.79767,1001189523668514
1774169791185,2026-03-22 08:56:31.185,68691.0,0.00367,A,252.09597,810600531516574
1774169791510,2026-03-22 08:56:31.510,68692.0,0.02026,B,1391.69992,897788688994435
1774169791510,2026-03-22 08:56:31.510,68692.0,0.02911,B,1999.62412,264350159667912
1774169791510,2026-03-22 08:56:31.510,68692.0,0.00017,B,11.67764,868273384213771
1774169791510,2026-03-22 08:56:31.510,68693.0,0.00035,B,24.04255,628999381356018
1774169791510,2026-03-22 08:56:31.510,68693.0,0.00015,B,10.303949999999999,38640108662715
1774169791510,2026-03-22 08:56:31.510,68693.0,0.02911,B,1999.6532300000001,560963881364735
1774169791510,2026-03-22 08:56:31.510,68693.0,0.00018,B,12.364740000000001,584131472955195
1774169791510,2026-03-22 08:56:31.510,68693.0,0.00017,B,11.677810000000001,494288992076524
1774169791510,2026-03-22 08:56:31.510,68694.0,0.00017,B,11.677980000000002,504662591192635
1774169791510,2026-03-22 08:56:31.510,68694.0,0.00017,B,11.677980000000002,557864190226275
1774169791510,2026-03-22 08:56:31.510,68694.0,0.00015,B,10.304099999999998,373192120338412
1774169791510,2026-03-22 08:56:31.510,68695.0,0.003,B,206.085,120046782977426
1774169791510,2026-03-22 08:56:31.510,68695.0,0.00017,B,11.67815,840788201467841
1774169791510,2026-03-22 08:56:31.510,68695.0,0.02262,B,1553.8809,928385471426972
1774169791510,2026-03-22 08:56:31.510,68695.0,0.05665,B,3891.57175,846485410795133
1774169791510,2026-03-22 08:56:31.510,68695.0,0.02132,B,1464.5774,690113584145878
1774169791510,2026-03-22 08:56:31.510,68695.0,0.00015,B,10.30425,350955702622181
1774169791510,2026-03-22 08:56:31.510,68695.0,0.0161,B,1105.9895,421428176992878
1774169792063,2026-03-22 08:56:32.063,68695.0,0.00015,B,10.30425,96112274625662
1774169793046,2026-03-22 08:56:33.046,68695.0,0.00367,B,252.11065,777982639092911
1774169794412,2026-03-22 08:56:34.412,68695.0,0.2,B,13739.0,1081279213997672
1774169795016,2026-03-22 08:56:35.016,68694.0,0.00142,A,97.54548,324349216622130
1774169795216,2026-03-22 08:56:35.216,68695.0,0.01251,B,859.37445,704767891872765
1774169796126,2026-03-22 08:56:36.126,68695.0,0.04179,B,2870.76405,858521770326005
1774169796538,2026-03-22 08:56:36.538,68695.0,0.00017,B,11.67815,832744391507590
1774169796538,2026-03-22 08:56:36.538,68695.0,0.00018,B,12.3651,789626067819134
1774169796538,2026-03-22 08:56:36.538,68695.0,0.02911,B,1999.71145,767292757845806
1774169796538,2026-03-22 08:56:36.538,68696.0,0.00177,B,121.59192,898382468366880
1774169796538,2026-03-22 08:56:36.538,68696.0,0.00017,B,11.678320000000001,14077248101442
1774169796538,2026-03-22 08:56:36.538,68696.0,0.00015,B,10.3044,1104978092035136
1774169796538,2026-03-22 08:56:36.538,68697.0,0.00177,B,121.59369000000001,977157612661585
1774169796538,2026-03-22 08:56:36.538,68697.0,0.00017,B,11.67849,876620035811936
1774169796538,2026-03-22 08:56:36.538,68697.0,0.00015,B,10.304549999999999,817871668508430
1774169796538,2026-03-22 08:56:36.538,68698.0,0.00017,B,11.67866,212829490078073
1774169796538,2026-03-22 08:56:36.538,68698.0,0.00017,B,11.67866,544791659365163
1774169796538,2026-03-22 08:56:36.538,68698.0,0.00015,B,10.304699999999999,41709608463642
1774169796538,2026-03-22 08:56:36.538,68699.0,0.00017,B,11.678830000000001,792242589570609
1774169796538,2026-03-22 08:56:36.538,68699.0,0.02327,B,1598.62573,696782937134216
1774169796538,2026-03-22 08:56:36.538,68700.0,0.00017,B,11.679,573322901328375
1774169796538,2026-03-22 08:56:36.538,68700.0,0.14226,B,9773.262,981083139603200
1774169798033,2026-03-22 08:56:38.033,68700.0,0.00016,B,10.992,79125707493906
1774169798085,2026-03-22 08:56:38.085,68700.0,2e-05,B,1.374,307525937625094
1774169798085,2026-03-22 08:56:38.085,68700.0,0.00144,B,98.92800000000001,23357954892257
1774169798085,2026-03-22 08:56:38.085,68700.0,0.00022,B,15.114,229095131830557
1774169799415,2026-03-22 08:56:39.415,68700.0,0.00022,B,15.114,910508792840813
1774169799486,2026-03-22 08:56:39.486,68700.0,0.02723,B,1870.701,437752211687664
1774169799486,2026-03-22 08:56:39.486,68700.0,0.00018,B,12.366000000000001,780893379349806
1774169799486,2026-03-22 08:56:39.486,68701.0,0.17259,B,11857.10559,1096155496811422
1774169800914,2026-03-22 08:56:40.914,68701.0,0.0002,B,13.740200000000002,94492819310795
1774169800914,2026-03-22 08:56:40.914,68701.0,0.00017,B,11.679170000000001,988687204066991
1774169800914,2026-03-22 08:56:40.914,68702.0,0.00017,B,11.679340000000002,64115664516088
1774169800914,2026-03-22 08:56:40.914,68702.0,0.00017,B,11.679340000000002,286730396704593
1774169800914,2026-03-22 08:56:40.914,68702.0,0.003,B,206.106,74609333397116
1774169800914,2026-03-22 08:56:40.914,68703.0,0.00017,B,11.67951,267236636900572
1774169800914,2026-03-22 08:56:40.914,68704.0,0.00017,B,11.679680000000001,297910401463431
1774169801113,2026-03-22 08:56:41.113,68704.0,0.00018,A,12.36672,296914211756291
1774169801113,2026-03-22 08:56:41.113,68705.0,0.01455,B,999.6577500000001,470703893738610
1774169801326,2026-03-22 08:56:41.326,68704.0,0.00021,A,14.42784,447615698470444
1774169801326,2026-03-22 08:56:41.326,68704.0,0.00051,A,35.03904,310037397025780
1774169801711,2026-03-22 08:56:41.711,68705.0,0.00492,B,338.0286,894166721449797
1774169802114,2026-03-22 08:56:42.114,68705.0,0.2,B,13741.0,585927652074609
1774169802220,2026-03-22 08:56:42.220,68705.0,0.0402,B,2761.941,558165952287040
1774169802422,2026-03-22 08:56:42.422,68704.0,0.0003,A,20.611199999999997,233238125078854
1774169803333,2026-03-22 08:56:43.333,68704.0,0.00492,A,338.02368,1060442955992445
1774169804061,2026-03-22 08:56:44.061,68704.0,0.00415,A,285.1216,138771958177750
1774169805076,2026-03-22 08:56:45.076,68705.0,0.00057,B,39.16185,444517574738258
1774169805352,2026-03-22 08:56:45.352,68705.0,0.00032,B,21.9856,787917857546550
1774169806160,2026-03-22 08:56:46.160,68705.0,0.00017,B,11.67985,929759797129124
1774169806160,2026-03-22 08:56:46.160,68706.0,0.00017,B,11.68002,71080647950398
1774169806160,2026-03-22 08:56:46.160,68707.0,0.00017,B,11.680190000000001,246734660166320
1774169806160,2026-03-22 08:56:46.160,68708.0,0.00017,B,11.68036,432596695703728
1774169806160,2026-03-22 08:56:46.160,68708.0,0.00022,B,15.11576,205157173389868
1774169806160,2026-03-22 08:56:46.160,68708.0,0.00015,B,10.306199999999999,160419905421382
1774169806160,2026-03-22 08:56:46.160,68709.0,0.00017,B,11.680530000000001,672337235377246
1774169806160,2026-03-22 08:56:46.160,68709.0,0.00017,B,11.680530000000001,1089763582654231
1774169806160,2026-03-22 08:56:46.160,68710.0,0.00017,B,11.680700000000002,707924161632438
1774169806160,2026-03-22 08:56:46.160,68711.0,0.00017,B,11.68087,416112583743595
1774169806160,2026-03-22 08:56:46.160,68711.0,0.003,B,206.133,901387609514219
1774169806160,2026-03-22 08:56:46.160,68712.0,0.00017,B,11.681040000000001,880576377516011
1774169806160,2026-03-22 08:56:46.160,68713.0,0.00017,B,11.68121,168070276518934
1774169806160,2026-03-22 08:56:46.160,68713.0,0.00017,B,11.68121,34826875808149
1774169806160,2026-03-22 08:56:46.160,68714.0,0.00017,B,11.68138,412348454751262
1774169806160,2026-03-22 08:56:46.160,68715.0,0.14206,B,9761.6529,354750743186826
1774169806160,2026-03-22 08:56:46.160,68715.0,0.00017,B,11.681550000000001,265575006798997
1774169806160,2026-03-22 08:56:46.160,68715.0,0.003,B,206.145,899079680464520
1774169806160,2026-03-22 08:56:46.160,68716.0,0.00017,B,11.68172,880410680677844
1774169806160,2026-03-22 08:56:46.160,68716.0,0.00017,B,11.68172,683016173813233
1774169806160,2026-03-22 08:56:46.160,68717.0,0.00017,B,11.681890000000001,236663961341943
1774169806160,2026-03-22 08:56:46.160,68718.0,0.00017,B,11.682060000000002,532645574785131
1774169806160,2026-03-22 08:56:46.160,68718.0,0.0291,B,1999.6938,283801540615536
1774169806160,2026-03-22 08:56:46.160,68719.0,0.00017,B,11.68223,227154421473212
1774169806160,2026-03-22 08:56:46.160,68720.0,0.00017,B,11.682400000000001,24146342173102
1774169806160,2026-03-22 08:56:46.160,68720.0,0.00017,B,11.682400000000001,280269030502250
1774169806603,2026-03-22 08:56:46.603,68720.0,0.03786,A,2601.7392,793616173428526
1774169806990,2026-03-22 08:56:46.990,68721.0,0.00015,B,10.30815,527155184495228
1774169806990,2026-03-22 08:56:46.990,68721.0,0.00131,B,90.02450999999999,638216781390051
1774169808892,2026-03-22 08:56:48.892,68721.0,0.02779,B,1909.75659,299530892763892
1774169808892,2026-03-22 08:56:48.892,68721.0,0.00017,B,11.68257,644285053599520
1774169808892,2026-03-22 08:56:48.892,68722.0,0.00017,B,11.68274,784346744174519
1774169808892,2026-03-22 08:56:48.892,68722.0,0.01554,B,1067.93988,621036479419438
1774169809102,2026-03-22 08:56:49.102,68721.0,0.00059,A,40.545390000000005,70840895691833
1774169809102,2026-03-22 08:56:49.102,68722.0,0.01601,B,1100.23922,331071495256566
1774169811905,2026-03-22 08:56:51.905,68721.0,0.0024,A,164.9304,1115207704655619
1774169813726,2026-03-22 08:56:53.726,68722.0,0.0024,B,164.9328,319844269211776
1774169818088,2026-03-22 08:56:58.088,68721.0,0.00026,A,17.867459999999998,117247286621504
1774169819904,2026-03-22 08:56:59.904,68722.0,0.00956,B,656.9823200000001,139868865021445
1774169821063,2026-03-22 08:57:01.063,68721.0,0.00238,A,163.55598,771488972582682
1774169821953,2026-03-22 08:57:01.953,68721.0,0.0024,A,164.9304,511110285513433
1774169823758,2026-03-22 08:57:03.758,68722.0,0.0024,B,164.9328,482601240528579
1774169824098,2026-03-22 08:57:04.098,68721.0,0.00141,A,96.89661,687816879796110
1774169824184,2026-03-22 08:57:04.184,68721.0,0.001,A,68.721,661920636392974
1774169826108,2026-03-22 08:57:06.108,68722.0,0.07282,B,5004.33604,370612972256056
1774169826428,2026-03-22 08:57:06.428,68722.0,0.4962,B,34099.8564,739267229208454
1774169827410,2026-03-22 08:57:07.410,68722.0,0.00129,B,88.65137999999999,760351284359460
1774169827844,2026-03-22 08:57:07.844,68722.0,0.00091,B,62.53702,932038991925427
1774169828053,2026-03-22 08:57:08.053,68722.0,0.00016,B,10.99552,930902077618860
1774169828187,2026-03-22 08:57:08.187,68722.0,0.00039,B,26.801579999999998,1082334652015083
1774169828409,2026-03-22 08:57:08.409,68722.0,0.01065,B,731.8892999999999,444340996494035
1774169828931,2026-03-22 08:57:08.931,68722.0,0.00322,B,221.28484,178821955999257
1774169831050,2026-03-22 08:57:11.050,68721.0,0.00018,A,12.36978,946986120975569
1774169831225,2026-03-22 08:57:11.225,68722.0,0.01401,B,962.79522,141167816404746
1774169832548,2026-03-22 08:57:12.548,68721.0,0.00253,A,173.86413000000002,796353145025591
1774169833764,2026-03-22 08:57:13.764,68722.0,0.00253,B,173.86666,355517287828713
1774169834057,2026-03-22 08:57:14.057,68721.0,0.00416,A,285.87935999999996,1112928156753104
1774169835012,2026-03-22 08:57:15.012,68722.0,0.00057,B,39.17154,619511757501093
1774169836232,2026-03-22 08:57:16.232,68722.0,0.01,B,687.22,358622064955484
1774169836232,2026-03-22 08:57:16.232,68722.0,0.0006,B,41.2332,530064366054691
1774169836693,2026-03-22 08:57:16.693,68722.0,0.00017,B,11.68274,948127929458629
1774169836693,2026-03-22 08:57:16.693,68722.0,0.00083,B,57.03926,886859398390211
1774169837034,2026-03-22 08:57:17.034,68722.0,0.00095,B,65.2859,762767894429833
1774169837581,2026-03-22 08:57:17.581,68722.0,0.02732,B,1877.48504,338338527672332
1774169837581,2026-03-22 08:57:17.581,68722.0,0.00071,B,48.79262,608289758023912
1774169837581,2026-03-22 08:57:17.581,68722.0,0.00017,B,11.68274,43628762754015
1774169837726,2026-03-22 08:57:17.726,68723.0,0.00017,B,11.682910000000001,130142336036810
1774169837726,2026-03-22 08:57:17.726,68723.0,0.00031,B,21.30413,493706812344651
1774169837726,2026-03-22 08:57:17.726,68723.0,0.00022,B,15.119060000000001,428928891328603
1774169837726,2026-03-22 08:57:17.726,68723.0,0.00015,B,10.308449999999999,712647742325782
1774169837726,2026-03-22 08:57:17.726,68724.0,0.00015,B,10.308599999999998,59361455781210
1774169837726,2026-03-22 08:57:17.726,68724.0,0.00017,B,11.68308,48240006958635
1774169837726,2026-03-22 08:57:17.726,68725.0,0.00017,B,11.683250000000001,715392390933156
1774169838066,2026-03-22 08:57:18.066,68726.0,0.00017,B,11.683420000000002,414640060483229
1774169838667,2026-03-22 08:57:18.667,68727.0,0.00017,B,11.68359,354589999742494
1774169838667,2026-03-22 08:57:18.667,68728.0,0.00018,B,12.37104,266874528484615
1774169838667,2026-03-22 08:57:18.667,68728.0,0.00017,B,11.683760000000001,953288194562108
1774169839079,2026-03-22 08:57:19.079,68728.0,0.0006,A,41.236799999999995,196499076944629
1774169841215,2026-03-22 08:57:21.215,68730.0,0.00017,B,11.6841,768656108559268
1774169841215,2026-03-22 08:57:21.215,68730.0,0.0002,B,13.746,140324196844954
1774169841215,2026-03-22 08:57:21.215,68731.0,0.00017,B,11.684270000000001,490671230245668
1774169841215,2026-03-22 08:57:21.215,68731.0,0.003,B,206.193,455807413401366
1774169841215,2026-03-22 08:57:21.215,68732.0,0.00017,B,11.68444,840811607267317
1774169841406,2026-03-22 08:57:21.406,68733.0,0.00017,B,11.684610000000001,189509206738497
1774169841406,2026-03-22 08:57:21.406,68734.0,0.00017,B,11.684780000000002,27304750577842
1774169841406,2026-03-22 08:57:21.406,68734.0,0.00017,B,11.684780000000002,230470906337240
1774169841406,2026-03-22 08:57:21.406,68735.0,0.00017,B,11.68495,819768157524435
1774169842223,2026-03-22 08:57:22.223,68736.0,0.00017,B,11.685120000000001,274616077113859
1774169842223,2026-03-22 08:57:22.223,68736.0,0.00018,B,12.372480000000001,167289098187571
1774169842223,2026-03-22 08:57:22.223,68737.0,0.00017,B,11.68529,282876814715829
1774169842223,2026-03-22 08:57:22.223,68738.0,0.00017,B,11.68546,896881847128937
1774169842223,2026-03-22 08:57:22.223,68738.0,0.00017,B,11.68546,1039361188103390
1774169842223,2026-03-22 08:57:22.223,68738.0,0.00022,B,15.12236,1066705980686881
1774169842223,2026-03-22 08:57:22.223,68738.0,0.00421,B,289.38698,311198117995379
1774169842745,2026-03-22 08:57:22.745,68737.0,0.00253,A,173.90461000000002,349269224141625
1774169843948,2026-03-22 08:57:23.948,68738.0,0.09554,B,6567.22852,110177311098180
1774169844088,2026-03-22 08:57:24.088,68738.0,0.014,B,962.332,1080333460841707
1774169844449,2026-03-22 08:57:24.449,68738.0,0.00253,B,173.90714,556037835286244
1774169844852,2026-03-22 08:57:24.852,68737.0,0.02909,A,1999.55933,475775148516413
1774169849489,2026-03-22 08:57:29.489,68738.0,0.08886,B,6108.058679999999,564460594884160
1774169849704,2026-03-22 08:57:29.704,68738.0,0.01568,B,1077.81184,283397027218013
1774169850086,2026-03-22 08:57:30.086,68737.0,0.00022,A,15.12214,902887096853220
1774169851062,2026-03-22 08:57:31.062,68737.0,0.00238,A,163.59406,1012406876489152
1774169852885,2026-03-22 08:57:32.885,68738.0,0.015,B,1031.07,676400909181811
1774169853377,2026-03-22 08:57:33.377,68737.0,0.00253,A,173.90461000000002,609340871955663
1774169854054,2026-03-22 08:57:34.054,68737.0,0.00142,A,97.60654000000001,231392307795890
1774169854888,2026-03-22 08:57:34.888,68738.0,0.00017,B,11.68546,585406315803534
1774169854888,2026-03-22 08:57:34.888,68738.0,0.00236,B,162.22168000000002,860286514636116
1774169855712,2026-03-22 08:57:35.712,68740.0,0.00017,B,11.6858,1028708113045928
1774169855835,2026-03-22 08:57:35.835,68741.0,0.00017,B,11.685970000000001,1047868856402943
1774169855835,2026-03-22 08:57:35.835,68742.0,0.00017,B,11.68614,562314771095400
1774169855835,2026-03-22 08:57:35.835,68742.0,0.00017,B,11.68614,79561744698376
1774169855835,2026-03-22 08:57:35.835,68742.0,0.00018,B,12.373560000000001,588265785669688
1774169855835,2026-03-22 08:57:35.835,68743.0,0.00017,B,11.68631,563668849059001
1774169855835,2026-03-22 08:57:35.835,68743.0,0.00059,B,40.558370000000004,147843949554453
1774169856398,2026-03-22 08:57:36.398,68743.0,0.0232,B,1594.8375999999998,1070873721181026
1774169856961,2026-03-22 08:57:36.961,68742.0,0.00026,A,17.872919999999997,570752437939769
1774169857035,2026-03-22 08:57:37.035,68743.0,0.06387,B,4390.615409999999,812651174870612
1774169857758,2026-03-22 08:57:37.758,68743.0,0.00017,B,11.68631,129899244191060
1774169858049,2026-03-22 08:57:38.049,68744.0,0.00016,B,10.99904,744290713765821
1774169858314,2026-03-22 08:57:38.314,68745.0,0.00017,B,11.68665,1114392771324335
1774169858314,2026-03-22 08:57:38.314,68745.0,0.00017,B,11.68665,819224730029989
1774169858314,2026-03-22 08:57:38.314,68745.0,0.0002,B,13.749,12068022815969
1774169858314,2026-03-22 08:57:38.314,68746.0,0.00015,B,10.3119,551966544510028
1774169858314,2026-03-22 08:57:38.314,68746.0,0.00017,B,11.68682,127887360111851
1774169858314,2026-03-22 08:57:38.314,68746.0,0.003,B,206.238,1057667144563273
1774169858314,2026-03-22 08:57:38.314,68747.0,0.00017,B,11.686990000000002,729834393272088
1774169858314,2026-03-22 08:57:38.314,68747.0,0.01062,B,730.09314,125779029312216
1774169858572,2026-03-22 08:57:38.572,68747.0,0.00034,B,23.373980000000003,377198063895055
1774169858572,2026-03-22 08:57:38.572,68747.0,0.01165,B,800.90255,499906475383480
1774169858760,2026-03-22 08:57:38.760,68747.0,0.00066,B,45.37302,491753376313237
1774169858760,2026-03-22 08:57:38.760,68747.0,0.00017,B,11.686990000000002,1107721880491294
1774169858760,2026-03-22 08:57:38.760,68748.0,0.00017,B,11.68716,643579606346455
1774169858760,2026-03-22 08:57:38.760,68749.0,0.00017,B,11.687330000000001,411009170838061
1774169858760,2026-03-22 08:57:38.760,68749.0,0.00016,B,10.99984,565894437526672
1774169858760,2026-03-22 08:57:38.760,68749.0,0.00015,B,10.312349999999999,497005083232486
1774169858760,2026-03-22 08:57:38.760,68749.0,0.00017,B,11.687330000000001,431416126941546
1774169858760,2026-03-22 08:57:38.760,68749.0,0.00172,B,118.24828,1021602245917533
1774169858760,2026-03-22 08:57:38.760,68749.0,0.00018,B,12.374820000000001,544640622752186
1774169858760,2026-03-22 08:57:38.760,68749.0,0.04071,B,2798.7717900000002,1037461163885111
1774169858760,2026-03-22 08:57:38.760,68750.0,0.00015,B,10.312499999999998,366342804545925
1774169858760,2026-03-22 08:57:38.760,68750.0,0.00017,B,11.6875,854531561543925
1774169858760,2026-03-22 08:57:38.760,68751.0,0.00017,B,11.68767,29979767641993
1774169858760,2026-03-22 08:57:38.760,68751.0,0.00358,B,246.12858,795664571418894
1774169863242,2026-03-22 08:57:43.242,68751.0,0.00017,B,11.68767,3001396884431
1774169863242,2026-03-22 08:57:43.242,68751.0,0.00128,B,88.00128000000001,1056339042293103
1774169863644,2026-03-22 08:57:43.644,68751.0,0.03943,B,2710.85193,963206638362981
1774169863644,2026-03-22 08:57:43.644,68752.0,0.22385,B,15390.135199999999,1078804119291486
1774169864047,2026-03-22 08:57:44.047,68751.0,0.00416,A,286.00415999999996,653763587638453
1774169864931,2026-03-22 08:57:44.931,68752.0,0.14534,B,9992.41568,963032285301674
1774169865054,2026-03-22 08:57:45.054,68752.0,0.00056,B,38.50111999999999,847422306828143
1774169867197,2026-03-22 08:57:47.197,68751.0,0.00116,A,79.75116,844638157715610
1774169869027,2026-03-22 08:57:49.027,68751.0,0.00045,A,30.93795,543295464572940
1774169869280,2026-03-22 08:57:49.280,68751.0,0.0003,A,20.6253,869208526872863
1774169870825,2026-03-22 08:57:50.825,68752.0,0.0207,B,1423.1664,596242421782395
1774169872968,2026-03-22 08:57:52.968,68752.0,0.00085,B,58.4392,225576281365038
1774169874576,2026-03-22 08:57:54.576,68752.0,0.05538,B,3807.48576,983125319412572
1774169874866,2026-03-22 08:57:54.866,68751.0,0.00022,A,15.12522,723960700351107
1774169880234,2026-03-22 08:58:00.234,68751.0,0.00016,A,11.000160000000001,410682004269115
1774169881032,2026-03-22 08:58:01.032,68751.0,0.00238,A,163.62738000000002,1066644090106308
1774169882262,2026-03-22 08:58:02.262,68752.0,0.00015,B,10.3128,117084119680179
1774169882262,2026-03-22 08:58:02.262,68752.0,0.00017,B,11.687840000000001,88383402273449
1774169882262,2026-03-22 08:58:02.262,68752.0,0.00041,B,28.18832,258629326399766
1774169884088,2026-03-22 08:58:04.088,68751.0,0.00142,A,97.62642,385733514469611
1774169886117,2026-03-22 08:58:06.117,68752.0,0.06089,B,4186.30928,16124630658767
1774169886464,2026-03-22 08:58:06.464,68751.0,0.00148,A,101.75148,329066038863031
1774169887597,2026-03-22 08:58:07.597,68752.0,0.00017,B,11.687840000000001,256824199112131
1774169887597,2026-03-22 08:58:07.597,68752.0,0.00016,B,11.00032,1045579143688348
1774169887597,2026-03-22 08:58:07.597,68752.0,8e-05,B,5.50016,693520502474047
1774169887597,2026-03-22 08:58:07.597,68752.0,0.00137,B,94.19023999999999,433873543548935
1774169887657,2026-03-22 08:58:07.657,68752.0,0.00145,B,99.6904,897339365947417
1774169888120,2026-03-22 08:58:08.120,68752.0,0.00016,B,11.00032,435370689373493
1774169889206,2026-03-22 08:58:09.206,68753.0,0.00017,B,11.68801,235820095915988
1774169889206,2026-03-22 08:58:09.206,68753.0,0.00021,B,14.438130000000001,399723809049498
1774169889206,2026-03-22 08:58:09.206,68753.0,0.0002,B,13.7506,140898993745162
1774169889206,2026-03-22 08:58:09.206,68753.0,0.00017,B,11.68801,644150582218484
1774169889206,2026-03-22 08:58:09.206,68754.0,0.00017,B,11.688180000000001,867722071794214
1774169889206,2026-03-22 08:58:09.206,68754.0,0.00282,B,193.88628,988415839690067
1774169891025,2026-03-22 08:58:11.025,68753.0,0.00017,A,11.68801,152084775267346
1774169891025,2026-03-22 08:58:11.025,68753.0,6e-05,A,4.12518,331510920359954
1774169892634,2026-03-22 08:58:12.634,68754.0,0.00018,B,12.375720000000001,724788544308889
1774169892634,2026-03-22 08:58:12.634,68754.0,0.00017,B,11.688180000000001,106443328461714
1774169892634,2026-03-22 08:58:12.634,68755.0,0.00017,B,11.688350000000002,132546937757922
1774169892634,2026-03-22 08:58:12.634,68755.0,0.05634,B,3873.6567,1006710034577202
1774169892634,2026-03-22 08:58:12.634,68756.0,0.003,B,206.268,836265065572476
1774169892634,2026-03-22 08:58:12.634,68756.0,0.00029,B,19.93924,534436277676456
1774169892634,2026-03-22 08:58:12.634,68756.0,0.00017,B,11.68852,297028304117492
1774169893146,2026-03-22 08:58:13.146,68757.0,0.00015,B,10.31355,177050462492636
1774169893146,2026-03-22 08:58:13.146,68758.0,0.00017,B,11.68886,435469320502956
1774169893146,2026-03-22 08:58:13.146,68759.0,0.00017,B,11.68903,442420013148594
1774169893146,2026-03-22 08:58:13.146,68760.0,0.00017,B,11.689200000000001,818664654215285
1774169893146,2026-03-22 08:58:13.146,68760.0,0.00017,B,11.689200000000001,173351328196454
1774169893146,2026-03-22 08:58:13.146,68761.0,0.00017,B,11.68937,682545274556004
1774169893146,2026-03-22 08:58:13.146,68761.0,0.00045,B,30.94245,739817300686510
1774169893327,2026-03-22 08:58:13.327,68761.0,0.00255,B,175.34055,549232253247322
1774169893327,2026-03-22 08:58:13.327,68762.0,0.0029,B,199.4098,110289239349037
1774169893327,2026-03-22 08:58:13.327,68762.0,0.00017,B,11.689540000000001,47321065853970
1774169893327,2026-03-22 08:58:13.327,68762.0,0.00582,B,400.19484,469951302339043
1774169893517,2026-03-22 08:58:13.517,68762.0,0.00726,B,499.21211999999997,565721705243731
1774169893586,2026-03-22 08:58:13.586,68762.0,0.00891,B,612.66942,300479162745389
1774169894040,2026-03-22 08:58:14.040,68761.0,0.00416,A,286.04576,838092016208148
1774169894539,2026-03-22 08:58:14.539,68761.0,0.00018,A,12.376980000000001,541931305373921
1774169895046,2026-03-22 08:58:15.046,68762.0,0.00017,B,11.689540000000001,398037890424102
1774169895046,2026-03-22 08:58:15.046,68762.0,0.0004,B,27.504800000000003,641665712159935
1774169895394,2026-03-22 08:58:15.394,68762.0,0.00099,B,68.07438,618171664975142
1774169895394,2026-03-22 08:58:15.394,68763.0,0.00017,B,11.689710000000002,318485157429961
1774169895691,2026-03-22 08:58:15.691,68764.0,6e-05,B,4.12584,723494339048787
1774169896650,2026-03-22 08:58:16.650,68765.0,0.00015,B,10.314749999999998,293178525330576
1774169896650,2026-03-22 08:58:16.650,68765.0,0.00017,B,11.690050000000001,491573776799338
1774169896650,2026-03-22 08:58:16.650,68765.0,0.0002,B,13.753,910377637898329
1774169896650,2026-03-22 08:58:16.650,68766.0,0.00015,B,10.3149,1080085919051433
1774169896650,2026-03-22 08:58:16.650,68766.0,0.00017,B,11.69022,36209055369779
1774169896650,2026-03-22 08:58:16.650,68767.0,0.00017,B,11.69039,222224105187358
1774169896714,2026-03-22 08:58:16.714,68768.0,0.00017,B,11.690560000000001,632185980239451
1774169896714,2026-03-22 08:58:16.714,68769.0,0.00016,B,11.00304,903799462216802
1774169896714,2026-03-22 08:58:16.714,68769.0,0.01,B,687.69,819161371864132
1774169896714,2026-03-22 08:58:16.714,68769.0,0.00017,B,11.69073,1065698436181293
1774169896714,2026-03-22 08:58:16.714,68769.0,0.00017,B,11.69073,305256004899092
1774169896714,2026-03-22 08:58:16.714,68770.0,0.00015,B,10.315499999999998,931187340561484
1774169896714,2026-03-22 08:58:16.714,68770.0,0.00015,B,10.315499999999998,472403420647060
1774169896714,2026-03-22 08:58:16.714,68770.0,0.00017,B,11.690900000000001,260835315338320
1774169896714,2026-03-22 08:58:16.714,68771.0,0.00015,B,10.31565,1065349762981732
1774169896714,2026-03-22 08:58:16.714,68771.0,0.00017,B,11.691070000000002,512855560662570
1774169896714,2026-03-22 08:58:16.714,68772.0,0.00017,B,11.69124,1081103316840197
1774169896714,2026-03-22 08:58:16.714,68772.0,0.003,B,206.316,138998621331367
1774169896714,2026-03-22 08:58:16.714,68773.0,0.00015,B,10.315949999999999,791902918203374
1774169896714,2026-03-22 08:58:16.714,68773.0,0.00017,B,11.691410000000001,939748940030844
1774169896714,2026-03-22 08:58:16.714,68774.0,0.00017,B,11.69158,1050415206391507
1774169896714,2026-03-22 08:58:16.714,68774.0,0.00015,B,10.316099999999999,27585790181432
1774169896714,2026-03-22 08:58:16.714,68774.0,0.00017,B,11.69158,906033599040628
1774169896714,2026-03-22 08:58:16.714,68774.0,0.003,B,206.322,622754613691859
1774169896714,2026-03-22 08:58:16.714,68775.0,0.00017,B,11.69175,67205753343236
1774169896714,2026-03-22 08:58:16.714,68776.0,0.00436,B,299.86336,112572644912352
1774169896714,2026-03-22 08:58:16.714,68776.0,0.00015,B,10.3164,647911572337112
1774169896714,2026-03-22 08:58:16.714,68776.0,0.00017,B,11.691920000000001,751536444845540
1774169896988,2026-03-22 08:58:16.988,68777.0,0.00015,B,10.31655,240590376068325
1774169896988,2026-03-22 08:58:16.988,68777.0,0.00017,B,11.69209,981595049282141
1774169897232,2026-03-22 08:58:17.232,68777.0,0.01,A,687.77,614626138848372
1774169897534,2026-03-22 08:58:17.534,68777.0,0.0002,A,13.7554,275334398511287
1774169897534,2026-03-22 08:58:17.534,68777.0,0.00047,A,32.32519,531293217341364
1774169897534,2026-03-22 08:58:17.534,68777.0,0.00051,A,35.07627,670523369374462
1774169897534,2026-03-22 08:58:17.534,68778.0,0.00015,B,10.316699999999999,801144064142439
1774169897534,2026-03-22 08:58:17.534,68778.0,0.00015,B,10.316699999999999,1099950733458213
1774169897534,2026-03-22 08:58:17.534,68778.0,0.00017,B,11.692260000000001,357915394600092
1774169897534,2026-03-22 08:58:17.534,68778.0,0.00022,B,15.131160000000001,548251266955250
1774169897534,2026-03-22 08:58:17.534,68778.0,0.01331,B,915.4351800000001,31759867671362
1774169897534,2026-03-22 08:58:17.534,68778.0,0.01525,B,1048.8645,925254662276371
1774169897534,2026-03-22 08:58:17.534,68778.0,0.00051,B,35.07678,493419421322973
1774169897534,2026-03-22 08:58:17.534,68779.0,0.0003,B,20.633699999999997,24999411623727
1774169897534,2026-03-22 08:58:17.534,68779.0,0.00015,B,10.316849999999999,805726187911183
1774169897534,2026-03-22 08:58:17.534,68779.0,0.00015,B,10.316849999999999,224734503353190
1774169897534,2026-03-22 08:58:17.534,68779.0,0.00017,B,11.692430000000002,1036202722155860
1774169897534,2026-03-22 08:58:17.534,68780.0,0.00043,B,29.5754,548317750253358
1774169897534,2026-03-22 08:58:17.534,68780.0,0.00017,B,11.6926,813489183377823
1774169897534,2026-03-22 08:58:17.534,68780.0,0.00171,B,117.6138,48029443828304
1774169897534,2026-03-22 08:58:17.534,68781.0,0.00017,B,11.692770000000001,899324978140276
1774169897534,2026-03-22 08:58:17.534,68782.0,0.00015,B,10.3173,368217979908684
1774169897534,2026-03-22 08:58:17.534,68782.0,0.00015,B,10.3173,238963504979096
1774169897534,2026-03-22 08:58:17.534,68782.0,0.00017,B,11.69294,1091794161165906
1774169897534,2026-03-22 08:58:17.534,68783.0,0.00015,B,10.31745,389877178658912
1774169897534,2026-03-22 08:58:17.534,68783.0,0.00017,B,11.69311,460114249092405
1774169897534,2026-03-22 08:58:17.534,68785.0,0.00017,B,11.69345,375642471643489
1774169897534,2026-03-22 08:58:17.534,68785.0,0.00015,B,10.317749999999998,683131050319237
1774169897534,2026-03-22 08:58:17.534,68785.0,0.02907,B,1999.5799499999998,355465648694075
1774169897534,2026-03-22 08:58:17.534,68785.0,0.00018,B,12.381300000000001,265338143203469
1774169897534,2026-03-22 08:58:17.534,68785.0,0.05665,B,3896.67025,1095930347474422
1774169897534,2026-03-22 08:58:17.534,68785.0,0.2181,B,15002.0085,150469817412093
1774169897534,2026-03-22 08:58:17.534,68786.0,0.00017,B,11.693620000000001,444116287177162
1774169897534,2026-03-22 08:58:17.534,68787.0,0.001,B,68.787,280184910095606
1774169897534,2026-03-22 08:58:17.534,68787.0,0.2181,B,15002.4447,445766895792694
1774169897534,2026-03-22 08:58:17.534,68788.0,0.00015,B,10.3182,418517822377173
1774169897534,2026-03-22 08:58:17.534,68788.0,0.132,B,9080.016,512871773193913
1774169897534,2026-03-22 08:58:17.534,68789.0,0.00047,B,32.33083,761351615403946
1774169897534,2026-03-22 08:58:17.534,68789.0,0.00017,B,11.694130000000001,439304713630285
1774169897534,2026-03-22 08:58:17.534,68789.0,0.02447,B,1683.2668299999998,626490810523945
1774169897534,2026-03-22 08:58:17.534,68789.0,0.02396,B,1648.18444,299809036037420
1774169897534,2026-03-22 08:58:17.534,68789.0,0.03681,B,2532.12309,543570347162563
1774169899026,2026-03-22 08:58:19.026,68788.0,0.0005,A,34.394,288905121501753
1774169899213,2026-03-22 08:58:19.213,68789.0,0.00017,B,11.694130000000001,565465806483637
1774169899213,2026-03-22 08:58:19.213,68789.0,0.00273,B,187.79396999999997,402001712134704
1774169900135,2026-03-22 08:58:20.135,68789.0,0.00068,B,46.776520000000005,472617925530263
1774169901350,2026-03-22 08:58:21.350,68788.0,0.00023,A,15.821240000000001,1113027506615857
1774169901350,2026-03-22 08:58:21.350,68788.0,0.00028,A,19.26064,837131932042071
1774169901350,2026-03-22 08:58:21.350,68788.0,0.00101,A,69.47588,220178822503691
1774169901350,2026-03-22 08:58:21.350,68788.0,0.0019,A,130.6972,279399606415764
1774169901350,2026-03-22 08:58:21.350,68788.0,0.00333,A,229.06404,1092788769322223
1774169901741,2026-03-22 08:58:21.741,68788.0,0.4294,A,29537.5672,30204494811485
1774169901741,2026-03-22 08:58:21.741,68788.0,0.05665,A,3896.8402,105620995679303
1774169901741,2026-03-22 08:58:21.741,68788.0,0.003,A,206.364,109523806717955
1774169901741,2026-03-22 08:58:21.741,68787.0,0.00015,A,10.31805,350385145881853
1774169901741,2026-03-22 08:58:21.741,68787.0,0.20608,A,14175.624960000001,1087203856526839
1774169901827,2026-03-22 08:58:21.827,68786.0,0.00017,B,11.693620000000001,538249223977661
1774169902627,2026-03-22 08:58:22.627,68785.0,0.001,A,68.785,665079775216078
1774169902627,2026-03-22 08:58:22.627,68785.0,0.00334,A,229.74190000000002,833895394238890
1774169902813,2026-03-22 08:58:22.813,68786.0,0.02597,B,1786.37242,9141689889443
1774169903547,2026-03-22 08:58:23.547,68786.0,0.00678,B,466.36908,874222575234134
1774169903985,2026-03-22 08:58:23.985,68785.0,0.00017,A,11.69345,11352760669208
1774169904850,2026-03-22 08:58:24.850,68785.0,0.00015,A,10.317749999999998,415388778158524
1774169905346,2026-03-22 08:58:25.346,68786.0,0.001,B,68.786,453855415316487
1774169907270,2026-03-22 08:58:27.270,68786.0,0.03667,B,2522.38262,214200158406397
1774169911105,2026-03-22 08:58:31.105,68785.0,0.00238,A,163.7083,627300082358828
1774169912450,2026-03-22 08:58:32.450,68786.0,0.00289,B,198.79154000000003,210690696774960
1774169913252,2026-03-22 08:58:33.252,68786.0,0.00072,B,49.525920000000006,774874899200730
1774169913746,2026-03-22 08:58:33.746,68786.0,0.02546,B,1751.29156,38718746876221
1774169913746,2026-03-22 08:58:33.746,68786.0,0.00017,B,11.693620000000001,51727726041306
1774169913746,2026-03-22 08:58:33.746,68786.0,0.01267,B,871.51862,747098590666943
1774169913746,2026-03-22 08:58:33.746,68785.0,0.00142,A,97.6747,1034551856569710
1774169913746,2026-03-22 08:58:33.746,68786.0,0.00015,B,10.3179,957901938114711
1774169913799,2026-03-22 08:58:33.799,68786.0,0.00033,B,22.69938,580041933626201
1774169915015,2026-03-22 08:58:35.015,68785.0,0.00142,A,97.6747,524069924749505
1774169916059,2026-03-22 08:58:36.059,68786.0,0.02722,B,1872.35492,894542170979850
1774169916059,2026-03-22 08:58:36.059,68786.0,0.00017,B,11.693620000000001,852391674254675
1774169916059,2026-03-22 08:58:36.059,68786.0,0.02155,B,1482.3383,863252210913485
1774169917152,2026-03-22 08:58:37.152,68785.0,0.00016,A,11.005600000000001,384201073297548
1774169917509,2026-03-22 08:58:37.509,68786.0,0.00026,B,17.884359999999997,214489915222757
1774169918037,2026-03-22 08:58:38.037,68786.0,0.00016,B,11.00576,74985713822523
1774169918104,2026-03-22 08:58:38.104,68786.0,0.00045,B,30.953699999999998,517106264619618
1774169921069,2026-03-22 08:58:41.069,68785.0,0.00017,A,11.69345,909388655411102
1774169921794,2026-03-22 08:58:41.794,68785.0,0.02088,A,1436.2308,553543192075954
1774169924005,2026-03-22 08:58:44.005,68785.0,0.00416,A,286.1456,864681808393977
1774169924290,2026-03-22 08:58:44.290,68785.0,0.25,A,17196.25,223882785825357
1774169924390,2026-03-22 08:58:44.390,68785.0,0.15186,A,10445.6901,299357694802855
1774169924390,2026-03-22 08:58:44.390,68785.0,0.00017,A,11.69345,436565593083571
1774169924390,2026-03-22 08:58:44.390,68784.0,0.00017,A,11.693280000000001,482589455520701
1774169924390,2026-03-22 08:58:44.390,68784.0,0.00015,A,10.317599999999999,745254631455566
1774169924390,2026-03-22 08:58:44.390,68783.0,0.00017,A,11.69311,942431022284844
1774169924390,2026-03-22 08:58:44.390,68782.0,0.00017,A,11.69294,969712298519330
1774169924390,2026-03-22 08:58:44.390,68781.0,0.00011,A,7.565910000000001,841928996203229
1774169924795,2026-03-22 08:58:44.795,68782.0,0.00029,B,19.94678,431046349644119
1774169925091,2026-03-22 08:58:45.091,68781.0,0.00056,B,38.51736,559072357924700
1774169925091,2026-03-22 08:58:45.091,68781.0,0.00076,B,52.27356,667506064805132
1774169925194,2026-03-22 08:58:45.194,68780.0,0.00017,A,11.6926,1095267288199718
1774169925194,2026-03-22 08:58:45.194,68780.0,0.00015,A,10.316999999999998,886114927302620
1774169925194,2026-03-22 08:58:45.194,68779.0,0.00017,A,11.692430000000002,608093742493943
1774169925194,2026-03-22 08:58:45.194,68779.0,0.00017,A,11.692430000000002,767950128184223
1774169925194,2026-03-22 08:58:45.194,68778.0,0.00015,A,10.316699999999999,505263095844360
1774169925194,2026-03-22 08:58:45.194,68778.0,0.00017,A,11.692260000000001,389170773461529
1774169925194,2026-03-22 08:58:45.194,68778.0,0.00015,A,10.316699999999999,1101052788375210
1774169925194,2026-03-22 08:58:45.194,68777.0,0.00017,A,11.69209,660515552437064
1774169925280,2026-03-22 08:58:45.280,68776.0,0.00017,A,11.691920000000001,1008825174770407
1774169925280,2026-03-22 08:58:45.280,68776.0,0.05665,A,3896.1603999999998,66574115137535
1774169928302,2026-03-22 08:58:48.302,68775.0,0.00017,A,11.69175,248446983687451
1774169928302,2026-03-22 08:58:48.302,68775.0,0.00154,A,105.9135,1125653139035168
1774169928489,2026-03-22 08:58:48.489,68775.0,0.00063,A,43.328250000000004,504714851735926
1774169929021,2026-03-22 08:58:49.021,68775.0,0.00049,A,33.69975,238255964904828
1774169929691,2026-03-22 08:58:49.691,68775.0,0.01455,A,1000.67625,864905112757912
1774169933455,2026-03-22 08:58:53.455,68775.0,0.00082,A,56.3955,534066719024986
1774169935745,2026-03-22 08:58:55.745,68775.0,0.0003,A,20.632499999999997,779886850920452
1774169936845,2026-03-22 08:58:56.845,68776.0,0.00043,B,29.57368,94202494898049
1774169937409,2026-03-22 08:58:57.409,68775.0,0.43586,A,29976.271500000003,51329729295953
1774169937409,2026-03-22 08:58:57.409,68775.0,0.00017,A,11.69175,1015254394863246
1774169937409,2026-03-22 08:58:57.409,68775.0,0.05875,A,4040.5312499999995,131097640254911
1774169940570,2026-03-22 08:59:00.570,68776.0,0.0138,B,949.1088,650222228601591
1774169941063,2026-03-22 08:59:01.063,68775.0,0.00237,A,162.99675000000002,627673026973405
1774169941374,2026-03-22 08:59:01.374,68776.0,0.01484,B,1020.63584,175439695874779
1774169941374,2026-03-22 08:59:01.374,68776.0,0.00146,B,100.41296,1000475212192208
1774169941374,2026-03-22 08:59:01.374,68776.0,0.00024,B,16.506240000000002,453868719732366
1774169943055,2026-03-22 08:59:03.055,68777.0,0.00022,B,15.13094,81717753563713
1774169943055,2026-03-22 08:59:03.055,68777.0,0.00017,B,11.69209,503952632562307
1774169943196,2026-03-22 08:59:03.196,68778.0,0.00017,B,11.692260000000001,348822253861421
1774169943196,2026-03-22 08:59:03.196,68779.0,0.00017,B,11.692430000000002,913806334421693
1774169943696,2026-03-22 08:59:03.696,68779.0,0.032,A,2200.928,929203339292035
1774169944102,2026-03-22 08:59:04.102,68779.0,0.00142,A,97.66618,509327545897341
1774169945735,2026-03-22 08:59:05.735,68780.0,0.00017,B,11.6926,753622678478964
1774169945735,2026-03-22 08:59:05.735,68781.0,0.00017,B,11.692770000000001,869677136746078
1774169945735,2026-03-22 08:59:05.735,68781.0,0.00613,B,421.62753,86881708347513
1774169947006,2026-03-22 08:59:07.006,68781.0,0.02294,B,1577.83614,791675027201254
1774169947006,2026-03-22 08:59:07.006,68781.0,0.0002,B,13.756200000000002,1117731184996062
1774169947006,2026-03-22 08:59:07.006,68781.0,0.00017,B,11.692770000000001,1025334990342802
1774169947006,2026-03-22 08:59:07.006,68781.0,0.02863,B,1969.20003,201207652932567
1774169948020,2026-03-22 08:59:08.020,68781.0,0.00016,B,11.00496,16254098845436
1774169948633,2026-03-22 08:59:08.633,68781.0,0.00028,B,19.25868,181776409378130
1774169949466,2026-03-22 08:59:09.466,68780.0,0.00207,A,142.3746,237216941800627
1774169949961,2026-03-22 08:59:09.961,68780.0,0.23767,A,16346.9426,957543201887445
1774169949961,2026-03-22 08:59:09.961,68780.0,0.19643,A,13510.455399999999,363409341747359
1774169949961,2026-03-22 08:59:09.961,68779.0,0.00015,A,10.316849999999999,8946841316221
1774169949961,2026-03-22 08:59:09.961,68779.0,0.00031,A,21.32149,8368501304371
1774169949961,2026-03-22 08:59:09.961,68779.0,0.00017,A,11.692430000000002,384499334292666
1774169949961,2026-03-22 08:59:09.961,68778.0,0.00017,A,11.692260000000001,708156515359235
1774169950177,2026-03-22 08:59:10.177,68777.0,0.00017,A,11.69209,274268874441370
1774169951095,2026-03-22 08:59:11.095,68776.0,0.00017,A,11.691920000000001,729326924438063
1774169951095,2026-03-22 08:59:11.095,68776.0,0.00427,A,293.67352,569275679869792
1774169951366,2026-03-22 08:59:11.366,68777.0,0.07884,B,5422.37868,46578917690296
1774169952304,2026-03-22 08:59:12.304,68776.0,0.00016,A,11.00416,553846643135577
1774169953180,2026-03-22 08:59:13.180,68777.0,0.00961,B,660.9469700000001,17752198188457
1774169953180,2026-03-22 08:59:13.180,68777.0,0.24176,B,16627.52752,961850823337992
1774169953180,2026-03-22 08:59:13.180,68777.0,0.23939,B,16464.52603,983411058474137
1774169953535,2026-03-22 08:59:13.535,68777.0,0.0577,B,3968.4329000000002,825428412751402
1774169953638,2026-03-22 08:59:13.638,68776.0,0.00171,A,117.60696,82999168031411
1774169953737,2026-03-22 08:59:13.737,68777.0,0.03855,B,2651.35335,256136364888877
1774169953737,2026-03-22 08:59:13.737,68777.0,0.04343,B,2986.98511,1036675768236428
1774169954041,2026-03-22 08:59:14.041,68776.0,0.00415,A,285.42040000000003,616326732333442
1774169954446,2026-03-22 08:59:14.446,68776.0,0.00015,A,10.3164,344505018037146
1774169955057,2026-03-22 08:59:15.057,68777.0,0.00057,B,39.20289,997616350688800
1774169955191,2026-03-22 08:59:15.191,68776.0,0.0186,A,1279.2335999999998,1018368782744699
1774169955740,2026-03-22 08:59:15.740,68776.0,0.00022,A,15.13072,283231505152207
1774169956957,2026-03-22 08:59:16.957,68777.0,0.00072,B,49.51944,999832815863276
1774169958160,2026-03-22 08:59:18.160,68777.0,0.00126,B,86.65902,441316539601645
1774169959012,2026-03-22 08:59:19.012,68776.0,0.00046,A,31.636960000000002,588451029549629
1774169961586,2026-03-22 08:59:21.586,68777.0,0.0207,B,1423.6839,255576305164407
1774169963238,2026-03-22 08:59:23.238,68777.0,0.00068,B,46.76836,1114273905366090
1774169964646,2026-03-22 08:59:24.646,68777.0,0.00101,B,69.46477,130140564933897
1774169966801,2026-03-22 08:59:26.801,68777.0,0.002,B,137.554,670019370880363
1774169971012,2026-03-22 08:59:31.012,68776.0,0.00238,A,163.68688,139591347171726
1774169971487,2026-03-22 08:59:31.487,68777.0,0.00015,B,10.31655,189504436734143
1774169971893,2026-03-22 08:59:31.893,68776.0,0.0017,A,116.91919999999999,989347616497849
1774169974023,2026-03-22 08:59:34.023,68777.0,0.02532,B,1741.43364,301048697336990
1774169974477,2026-03-22 08:59:34.477,68776.0,0.00043,A,29.57368,49622933337406
1774169975033,2026-03-22 08:59:35.033,68776.0,0.00141,A,96.97416,81845796361709
1774169976046,2026-03-22 08:59:36.046,68777.0,0.05969,B,4105.29913,621128812388849
1774169977729,2026-03-22 08:59:37.729,68777.0,0.00032,B,22.008640000000003,143248522986711
1774169977913,2026-03-22 08:59:37.913,68776.0,0.22439,A,15432.64664,856498367826724
1774169977992,2026-03-22 08:59:37.992,68776.0,0.00163,A,112.10488,111430220274426
1774169978082,2026-03-22 08:59:38.082,68777.0,0.00016,B,11.004320000000002,1000069507994806
1774169978082,2026-03-22 08:59:38.082,68776.0,0.03531,A,2428.48056,1036787416608870
1774169978082,2026-03-22 08:59:38.082,68776.0,0.1392,A,9573.6192,863907192992677
1774169978082,2026-03-22 08:59:38.082,68776.0,0.00017,A,11.691920000000001,31577375952317
1774169978132,2026-03-22 08:59:38.132,68775.0,0.00017,A,11.69175,147493567468283
1774169978132,2026-03-22 08:59:38.132,68775.0,0.00015,A,10.316249999999998,1121448920631633
1774169978132,2026-03-22 08:59:38.132,68774.0,0.00017,A,11.69158,681027853605007
1774169978748,2026-03-22 08:59:38.748,68774.0,0.01062,B,730.37988,585532699618493
1774169978923,2026-03-22 08:59:38.923,68773.0,0.00017,A,11.691410000000001,201766787260267
1774169978923,2026-03-22 08:59:38.923,68772.0,0.00017,A,11.69124,246942097737716
1774169978923,2026-03-22 08:59:38.923,68772.0,0.00017,A,11.69124,944137535101981
1774169978923,2026-03-22 08:59:38.923,68772.0,0.00015,A,10.3158,848039140817085
1774169979242,2026-03-22 08:59:39.242,68772.0,0.00079,B,54.32988,902420948243446
1774169979242,2026-03-22 08:59:39.242,68772.0,0.19921,B,13700.07012,986134842400446
1774169980941,2026-03-22 08:59:40.941,68771.0,0.00017,A,11.691070000000002,75540595796110
1774169980941,2026-03-22 08:59:40.941,68771.0,5e-05,A,3.43855,629951844895034
1774169980941,2026-03-22 08:59:40.941,68771.0,0.00038,A,26.13298,481505941526286
1774169980941,2026-03-22 08:59:40.941,68771.0,0.30801,A,21182.15571,215998494667855
1774169981044,2026-03-22 08:59:41.044,68771.0,0.00017,A,11.691070000000002,183276592606592
1774169984097,2026-03-22 08:59:44.097,68771.0,0.00416,A,286.08736,845279305870675
1774169985073,2026-03-22 08:59:45.073,68772.0,0.00056,B,38.512319999999995,330824068958962
1774169985992,2026-03-22 08:59:45.992,68771.0,0.01781,A,1224.81151,1079301352031160
1774169988822,2026-03-22 08:59:48.822,68771.0,0.00016,A,11.00336,17899317691454
1774169988822,2026-03-22 08:59:48.822,68771.0,0.014,A,962.794,223055396537505
1774169989004,2026-03-22 08:59:49.004,68771.0,0.00047,A,32.32237,1103837220724648
1774169993110,2026-03-22 08:59:53.110,68772.0,0.81802,B,56256.871439999995,1112604953322934
1774169993110,2026-03-22 08:59:53.110,68772.0,0.21,B,14442.119999999999,886723675766325
1774169993110,2026-03-22 08:59:53.110,68772.0,0.21,B,14442.119999999999,284669776592906
1774169993110,2026-03-22 08:59:53.110,68772.0,0.22314,B,15345.78408,1068091126023526
1774169994327,2026-03-22 08:59:54.327,68771.0,0.00019,A,13.06649,710150901130997
1774169996147,2026-03-22 08:59:56.147,68772.0,0.00015,B,10.3158,732233680150005
1774169997246,2026-03-22 08:59:57.246,68771.0,0.33228,A,22851.227880000002,900161396178250
1774169997246,2026-03-22 08:59:57.246,68771.0,0.43621,A,29998.59791,662433665044374
1774169997246,2026-03-22 08:59:57.246,68771.0,0.00017,A,11.691070000000002,849852024378771
1774169997246,2026-03-22 08:59:57.246,68771.0,0.00291,A,200.12360999999999,947851107095104
1774169997246,2026-03-22 08:59:57.246,68770.0,0.00017,A,11.690900000000001,843483645457832
1774169997246,2026-03-22 08:59:57.246,68770.0,0.003,A,206.31,49364606057708
1774169997246,2026-03-22 08:59:57.246,68770.0,0.00015,A,10.315499999999998,856711194133833
1774169997246,2026-03-22 08:59:57.246,68769.0,0.00017,A,11.69073,392011535829124
1774169997436,2026-03-22 08:59:57.436,68768.0,0.00017,A,11.690560000000001,386619529266752
1774169997436,2026-03-22 08:59:57.436,68768.0,0.00017,A,11.690560000000001,845064588691595
1774169997436,2026-03-22 08:59:57.436,68768.0,0.00015,A,10.315199999999999,372050827767012
1774169997436,2026-03-22 08:59:57.436,68767.0,0.00017,A,11.69039,421766660100752
1774169997436,2026-03-22 08:59:57.436,68766.0,0.00017,A,11.69022,247712208885874
1774169997436,2026-03-22 08:59:57.436,68765.0,0.00017,A,11.690050000000001,706950915052131
1774169997436,2026-03-22 08:59:57.436,68765.0,0.00017,A,11.690050000000001,481861669179918
1774169997436,2026-03-22 08:59:57.436,68765.0,0.00052,A,35.757799999999996,391397430995930
1774169997554,2026-03-22 08:59:57.554,68765.0,0.00034,A,23.380100000000002,560452556375460
1774169997741,2026-03-22 08:59:57.741,68766.0,0.00726,B,499.24116,831171604978144
1774169997909,2026-03-22 08:59:57.909,68765.0,0.02226,A,1530.7088999999999,749782945757657
1774169999184,2026-03-22 08:59:59.184,68765.0,0.00202,A,138.9053,1105203675734595
1774170000557,2026-03-22 09:00:00.557,68765.0,0.00169,A,116.21285,1047185480218757
1774170000954,2026-03-22 09:00:00.954,68765.0,0.00213,A,146.46945,465280190892304
1774170000954,2026-03-22 09:00:00.954,68765.0,0.00765,A,526.05225,1115410416177359
1774170001009,2026-03-22 09:00:01.009,68765.0,0.00238,A,163.66070000000002,794599036722093
1774170001563,2026-03-22 09:00:01.563,68765.0,0.43622,A,29996.6683,278798877022464
1774170001563,2026-03-22 09:00:01.563,68765.0,0.00017,A,11.690050000000001,1109146106150932
1774170001563,2026-03-22 09:00:01.563,68764.0,0.00017,A,11.68988,1013001858429439
1774170001786,2026-03-22 09:00:01.786,68763.0,0.00017,A,11.689710000000002,337625623433271
1774170001786,2026-03-22 09:00:01.786,68763.0,0.003,A,206.28900000000002,836724051732690
1774170001786,2026-03-22 09:00:01.786,68763.0,0.00015,A,10.314449999999999,427120191411892
1774170001786,2026-03-22 09:00:01.786,68762.0,0.00017,A,11.689540000000001,499899166610345
1774170001786,2026-03-22 09:00:01.786,68761.0,0.00017,A,11.68937,524844533977604
1774170001786,2026-03-22 09:00:01.786,68761.0,0.00017,A,11.68937,945441629385008
1774170001786,2026-03-22 09:00:01.786,68760.0,0.00017,A,11.689200000000001,667034318935647
1774170001786,2026-03-22 09:00:01.786,68759.0,0.00017,A,11.68903,857558985872898
1774170001786,2026-03-22 09:00:01.786,68759.0,0.00338,A,232.40542000000002,425023552289519
1774170001786,2026-03-22 09:00:01.786,68758.0,0.00017,A,11.68886,1039379070912430
1774170001786,2026-03-22 09:00:01.786,68758.0,0.00015,A,10.313699999999999,975606009823616
1774170002078,2026-03-22 09:00:02.078,68757.0,0.00017,A,11.688690000000001,1039149371883411
1774170002078,2026-03-22 09:00:02.078,68757.0,0.00017,A,11.688690000000001,254881941499055
1774170002078,2026-03-22 09:00:02.078,68756.0,0.00017,A,11.68852,125907987391309
1774170002256,2026-03-22 09:00:02.256,68756.0,0.00217,B,149.20052,997838030608225
1774170002256,2026-03-22 09:00:02.256,68756.0,0.001,B,68.756,513568889307245
1774170002256,2026-03-22 09:00:02.256,68756.0,0.00046,B,31.627760000000002,1098557022686437
1774170002467,2026-03-22 09:00:02.467,68755.0,0.00017,A,11.688350000000002,908484702132939
1774170002467,2026-03-22 09:00:02.467,68755.0,0.003,A,206.26500000000001,331357063634057
1774170002467,2026-03-22 09:00:02.467,68754.0,0.00017,A,11.688180000000001,159495263852891
1774170002467,2026-03-22 09:00:02.467,68754.0,0.00017,A,11.688180000000001,701886276450613
1774170002467,2026-03-22 09:00:02.467,68753.0,0.00017,A,11.68801,733420367878187
1774170002467,2026-03-22 09:00:02.467,68753.0,0.00015,A,10.312949999999999,208753690379651
1774170002467,2026-03-22 09:00:02.467,68752.0,0.00017,A,11.687840000000001,233544523999692
1774170002511,2026-03-22 09:00:02.511,68751.0,0.00811,A,557.57061,447857976239948
1774170002511,2026-03-22 09:00:02.511,68751.0,0.00017,A,11.68767,828511350250402
1774170002511,2026-03-22 09:00:02.511,68751.0,0.02298,A,1579.89798,977349174066020
1774170002511,2026-03-22 09:00:02.511,68751.0,0.02149,A,1477.4589899999999,126259401714571
1774170002511,2026-03-22 09:00:02.511,68750.0,0.00017,A,11.6875,417270531475768
1774170002511,2026-03-22 09:00:02.511,68750.0,0.0206,A,1416.25,617337725192711
1774170002511,2026-03-22 09:00:02.511,68750.0,0.00017,A,11.6875,1022769769074233
1774170002511,2026-03-22 09:00:02.511,68749.0,0.00017,A,11.687330000000001,587449522691573
1774170002511,2026-03-22 09:00:02.511,68749.0,0.00022,A,15.124780000000001,631011158712868
1774170002511,2026-03-22 09:00:02.511,68748.0,0.00017,A,11.68716,1099799398032875
1774170002511,2026-03-22 09:00:02.511,68747.0,0.00017,A,11.686990000000002,734584137954451
1774170002511,2026-03-22 09:00:02.511,68746.0,0.00017,A,11.68682,19767485102321
1774170002511,2026-03-22 09:00:02.511,68746.0,0.00017,A,11.68682,1096947569590898
1774170002511,2026-03-22 09:00:02.511,68746.0,0.05665,A,3894.4609,1039622688914901
1774170002511,2026-03-22 09:00:02.511,68745.0,0.07613,A,5233.55685,196278289229450
1774170002785,2026-03-22 09:00:02.785,68745.0,1e-05,A,0.68745,560667344067237
1774170003512,2026-03-22 09:00:03.512,68746.0,0.0247,B,1698.0262,14006385301886
1774170003579,2026-03-22 09:00:03.579,68745.0,0.00031,A,21.31095,403716113592475
1774170003778,2026-03-22 09:00:03.778,68746.0,0.0247,B,1698.0262,1111652225312319
1774170004091,2026-03-22 09:00:04.091,68745.0,0.00142,A,97.6179,1112163359836247
1774170005902,2026-03-22 09:00:05.902,68745.0,0.00255,A,175.29975000000002,1105433673950177
1774170006051,2026-03-22 09:00:06.051,68746.0,0.06267,B,4308.31182,656451238164845
1774170006051,2026-03-22 09:00:06.051,68745.0,0.00138,A,94.8681,927215584091146
1774170006456,2026-03-22 09:00:06.456,68746.0,0.00015,B,10.3119,243888649845390
1774170006456,2026-03-22 09:00:06.456,68745.0,0.00169,A,116.17905,427601287769555
1774170007641,2026-03-22 09:00:07.641,68746.0,0.00034,B,23.37364,240829263120946
1774170007882,2026-03-22 09:00:07.882,68745.0,0.00018,A,12.3741,122687118832309
1774170007882,2026-03-22 09:00:07.882,68746.0,1e-05,B,0.6874600000000001,667902828913248
1774170007882,2026-03-22 09:00:07.882,68746.0,0.00291,B,200.05086,1043530560477693
1774170007882,2026-03-22 09:00:07.882,68747.0,0.00015,B,10.31205,94765904630364
1774170007882,2026-03-22 09:00:07.882,68748.0,0.00015,B,10.312199999999999,203379420967772
1774170007882,2026-03-22 09:00:07.882,68749.0,0.00015,B,10.312349999999999,934288684373765
1774170007882,2026-03-22 09:00:07.882,68751.0,0.00228,B,156.75227999999998,1090363807338108
1774170007882,2026-03-22 09:00:07.882,68751.0,0.00072,B,49.50072,959356314673206
1774170007882,2026-03-22 09:00:07.882,68752.0,0.001,B,68.752,213283913264885
1774170007947,2026-03-22 09:00:07.947,68753.0,0.00017,B,11.68801,1009050799260561
1774170008113,2026-03-22 09:00:08.113,68756.0,0.00016,B,11.000960000000001,103589686031039
1774170008113,2026-03-22 09:00:08.113,68756.0,0.00284,B,195.26704,900578973395282
1774170008113,2026-03-22 09:00:08.113,68756.0,0.00017,B,11.68852,934698980390554
1774170008113,2026-03-22 09:00:08.113,68756.0,0.24575,B,16896.787,157462080750657
1774170008315,2026-03-22 09:00:08.315,68756.0,0.00175,B,120.32300000000001,583994828227447
1774170008315,2026-03-22 09:00:08.315,68755.0,0.00131,A,90.06905,987098471829987
1774170010123,2026-03-22 09:00:10.123,68755.0,0.00169,A,116.19595000000001,825279340971792
1774170011036,2026-03-22 09:00:11.036,68755.0,0.00017,A,11.688350000000002,821368515321314
1774170011467,2026-03-22 09:00:11.467,68756.0,0.25628,B,17620.78768,997925623193756
1774170011537,2026-03-22 09:00:11.537,68756.0,0.00022,B,15.12632,669218805016557
1774170011537,2026-03-22 09:00:11.537,68756.0,0.25628,B,17620.78768,96906599966334
1774170011537,2026-03-22 09:00:11.537,68756.0,0.25628,B,17620.78768,621757028757038
1774170011537,2026-03-22 09:00:11.537,68756.0,0.07446,B,5119.57176,614463173633214
1774170011537,2026-03-22 09:00:11.537,68756.0,0.01456,B,1001.08736,288600046781875
1774170011537,2026-03-22 09:00:11.537,68756.0,0.02908,B,1999.4244800000001,206604026116501
1774170011537,2026-03-22 09:00:11.537,68756.0,0.0407,B,2798.3692,671853207366539
1774170011537,2026-03-22 09:00:11.537,68756.0,0.09748,B,6702.334879999999,1010381787156154
1774170011593,2026-03-22 09:00:11.593,68756.0,0.10603,B,7290.1986799999995,750416278480773
1774170011593,2026-03-22 09:00:11.593,68756.0,0.01017,B,699.24852,75581257926914
1774170011593,2026-03-22 09:00:11.593,68756.0,0.0014,B,96.2584,508925884040796
1774170011593,2026-03-22 09:00:11.593,68756.0,0.13868,B,9535.08208,887339289260435
1774170011593,2026-03-22 09:00:11.593,68756.0,0.11571,B,7955.756759999999,1048468040730381
1774170011593,2026-03-22 09:00:11.593,68756.0,0.14057,B,9665.03092,313997078843610
1774170011593,2026-03-22 09:00:11.593,68756.0,0.1647,B,11324.113200000002,54776076703602
1774170011593,2026-03-22 09:00:11.593,68756.0,0.00017,B,11.68852,16563143030458
1774170011593,2026-03-22 09:00:11.593,68756.0,0.09119,B,6269.85964,80306775731744
1774170011644,2026-03-22 09:00:11.644,68756.0,0.00022,B,15.12632,959915600801781
1774170013122,2026-03-22 09:00:13.122,68755.0,0.00268,A,184.26340000000002,174051446196272
1774170013315,2026-03-22 09:00:13.315,68756.0,0.00021,B,14.43876,790843733152171
1774170014025,2026-03-22 09:00:14.025,68755.0,0.00416,A,286.02079999999995,915470895858005
1774170014815,2026-03-22 09:00:14.815,68755.0,0.00214,A,147.13569999999999,947622193210328
1774170015013,2026-03-22 09:00:15.013,68756.0,0.00057,B,39.19092,311999747097979
1774170015013,2026-03-22 09:00:15.013,68755.0,6e-05,A,4.1253,543571331024397
1774170015925,2026-03-22 09:00:15.925,68756.0,0.00051,B,35.065560000000005,1061819354737606
1774170016234,2026-03-22 09:00:16.234,68755.0,0.00169,A,116.19595000000001,49044979964060
1774170016969,2026-03-22 09:00:16.969,68756.0,0.00043,B,29.56508,931717804091659
1774170017746,2026-03-22 09:00:17.746,68756.0,0.03067,B,2108.74652,154858738034870
1774170017934,2026-03-22 09:00:17.934,68755.0,0.00043,A,29.56465,635372636696041
1774170018138,2026-03-22 09:00:18.138,68756.0,0.01636,B,1124.84816,870695043739445
1774170019038,2026-03-22 09:00:19.038,68755.0,0.00068,A,46.753400000000006,774502067517798
1774170019368,2026-03-22 09:00:19.368,68755.0,0.00169,A,116.19595000000001,389873227164376
1774170022085,2026-03-22 09:00:22.085,68756.0,6e-05,B,4.12536,1023204230903436
1774170022597,2026-03-22 09:00:22.597,68756.0,0.00011,B,7.56316,1036893792843031
1774170022597,2026-03-22 09:00:22.597,68756.0,0.00034,B,23.37704,245291875931306
1774170023468,2026-03-22 09:00:23.468,68756.0,0.00032,B,22.001920000000002,739917613203379
1774170024117,2026-03-22 09:00:24.117,68756.0,0.02842,B,1954.0455200000001,676596575816725
1774170024117,2026-03-22 09:00:24.117,68756.0,0.00017,B,11.68852,420442291622824
1774170024117,2026-03-22 09:00:24.117,68756.0,0.00144,B,99.00864,433469565403973
1774170024269,2026-03-22 09:00:24.269,68756.0,0.00169,A,116.19764,634456114801197
1774170024879,2026-03-22 09:00:24.879,68758.0,0.00017,B,11.68886,90349977185292
1774170024879,2026-03-22 09:00:24.879,68758.0,0.00128,B,88.01024000000001,1101687058215012
1774170024967,2026-03-22 09:00:24.967,68757.0,0.00016,A,11.00112,914161429269803
1774170025675,2026-03-22 09:00:25.675,68758.0,0.20223,B,13904.930339999999,755997632075317
1774170025675,2026-03-22 09:00:25.675,68758.0,0.0407,B,2798.4506,382436467171493
1774170025675,2026-03-22 09:00:25.675,68758.0,0.0904,B,6215.723199999999,691895854996689
1774170026144,2026-03-22 09:00:26.144,68757.0,0.00018,A,12.37626,57941081220811
1774170026277,2026-03-22 09:00:26.277,68758.0,0.00039,B,26.81562,958788375953980
1774170027395,2026-03-22 09:00:27.395,68757.0,0.01157,A,795.51849,148490582639543
1774170027474,2026-03-22 09:00:27.474,68758.0,0.00053,B,36.441739999999996,271756681527137
1774170027889,2026-03-22 09:00:27.889,68758.0,0.0088,B,605.0704000000001,816581725525862
1774170027989,2026-03-22 09:00:27.989,68757.0,0.00169,A,116.19933,705580075622054
1774170028597,2026-03-22 09:00:28.597,68758.0,0.01936,B,1331.1548799999998,1074791622693276
1774170028597,2026-03-22 09:00:28.597,68758.0,0.11705,B,8048.1239000000005,587037565836478
1774170030219,2026-03-22 09:00:30.219,68757.0,0.00239,A,164.32923000000002,829890202100684
1774170030625,2026-03-22 09:00:30.625,68758.0,0.00165,B,113.4507,505601724250328
1774170031029,2026-03-22 09:00:31.029,68757.0,0.00238,A,163.64166,630621925569449
1774170031816,2026-03-22 09:00:31.816,68758.0,0.02908,B,1999.4826400000002,332134593279661
1774170031816,2026-03-22 09:00:31.816,68758.0,0.00015,B,10.313699999999999,556707585904435
1774170031816,2026-03-22 09:00:31.816,68759.0,0.00017,B,11.68903,189115464670227
1774170031816,2026-03-22 09:00:31.816,68759.0,0.00015,B,10.313849999999999,848002894971452
1774170031816,2026-03-22 09:00:31.816,68760.0,0.00017,B,11.689200000000001,42990478320835
1774170031816,2026-03-22 09:00:31.816,68760.0,0.00017,B,11.689200000000001,130937115271045
1774170031816,2026-03-22 09:00:31.816,68760.0,0.02908,B,1999.5408000000002,153842763113701
1774170031816,2026-03-22 09:00:31.816,68760.0,0.00015,B,10.313999999999998,248853100313049
1774170031816,2026-03-22 09:00:31.816,68761.0,0.05665,B,3895.31065,554571462970833
1774170031816,2026-03-22 09:00:31.816,68761.0,0.003,B,206.28300000000002,232246929159987
1774170031816,2026-03-22 09:00:31.816,68761.0,0.00017,B,11.68937,156895467555004
1774170031816,2026-03-22 09:00:31.816,68761.0,0.00015,B,10.31415,695586292839983
1774170031816,2026-03-22 09:00:31.816,68762.0,0.00017,B,11.689540000000001,664076269185071
1774170031816,2026-03-22 09:00:31.816,68763.0,0.00017,B,11.689710000000002,814579588808769
1774170031816,2026-03-22 09:00:31.816,68763.0,0.00017,B,11.689710000000002,689955093220120
1774170031816,2026-03-22 09:00:31.816,68764.0,0.00017,B,11.68988,447244445146421
1774170031816,2026-03-22 09:00:31.816,68764.0,0.00017,B,11.68988,180597347522131
1774170031816,2026-03-22 09:00:31.816,68764.0,0.00017,B,11.68988,586798783225360
1774170031816,2026-03-22 09:00:31.816,68764.0,0.15083,B,10371.67412,516755477497662
1774170032017,2026-03-22 09:00:32.017,68764.0,0.04261,B,2930.03404,428192530652488
1774170032125,2026-03-22 09:00:32.125,68764.0,0.01992,B,1369.77888,791041659691490
1774170032446,2026-03-22 09:00:32.446,68764.0,0.23201,B,15953.93564,618739253010759
1774170032446,2026-03-22 09:00:32.446,68764.0,0.00018,B,12.37752,376569903782170
1774170032446,2026-03-22 09:00:32.446,68764.0,0.07767,B,5340.89988,1071055516960274
1774170032446,2026-03-22 09:00:32.446,68764.0,0.06784,B,4664.9497599999995,95904329183618
1774170032446,2026-03-22 09:00:32.446,68764.0,0.00987,B,678.70068,335459290185026
1774170033461,2026-03-22 09:00:33.461,68763.0,0.00169,A,116.20947000000001,596865544008256
1774170033951,2026-03-22 09:00:33.951,68764.0,0.00022,B,15.12808,114200730270770
1774170034674,2026-03-22 09:00:34.674,68764.0,0.0035,B,240.674,29886982135843
1774170035034,2026-03-22 09:00:35.034,68763.0,0.00142,A,97.64346,921438373203339
1774170035034,2026-03-22 09:00:35.034,68764.0,0.00085,B,58.4494,121258662388154
1774170035034,2026-03-22 09:00:35.034,68764.0,0.00029,B,19.94156,480672437991722
1774170035883,2026-03-22 09:00:35.883,68764.0,0.05031,B,3459.5168400000002,284593433305684
1774170036083,2026-03-22 09:00:36.083,68764.0,0.05492,B,3776.5188799999996,417820347546390
1774170036889,2026-03-22 09:00:36.889,68764.0,0.00585,B,402.2694,438301753320823
1774170037092,2026-03-22 09:00:37.092,68763.0,0.00836,A,574.8586799999999,95293163044011
1774170037850,2026-03-22 09:00:37.850,68764.0,0.0003,B,20.629199999999997,1111396776427825
1774170038048,2026-03-22 09:00:38.048,68763.0,0.00117,A,80.45271,492521945616498
1774170038275,2026-03-22 09:00:38.275,68763.0,0.00169,A,116.20947000000001,603281925612826
1774170039862,2026-03-22 09:00:39.862,68764.0,0.09066,B,6234.1442400000005,1032467027901567
1774170041071,2026-03-22 09:00:41.071,68763.0,0.00017,A,11.689710000000002,253602125628836
1774170041292,2026-03-22 09:00:41.292,68764.0,0.00306,B,210.41783999999998,49111865697475
1774170044013,2026-03-22 09:00:44.013,68763.0,0.00416,A,286.05408,385075610122423
1774170044297,2026-03-22 09:00:44.297,68763.0,0.00927,A,637.4330100000001,887648892000536
1774170045007,2026-03-22 09:00:45.007,68764.0,0.00057,B,39.195479999999996,670045630019886
1774170046946,2026-03-22 09:00:46.946,68764.0,0.0207,B,1423.4148,42889316134587
1774170047734,2026-03-22 09:00:47.734,68764.0,0.00838,B,576.2423200000001,288277221851960
1774170047734,2026-03-22 09:00:47.734,68764.0,0.00017,B,11.68988,96154942698787
1774170047734,2026-03-22 09:00:47.734,68764.0,0.00031,B,21.31684,599705495360032
1774170047734,2026-03-22 09:00:47.734,68764.0,0.00051,B,35.06964,638605097581419
1774170048328,2026-03-22 09:00:48.328,68763.0,0.0004,A,27.505200000000002,1026933068655923
1774170048624,2026-03-22 09:00:48.624,68764.0,0.00966,B,664.2602400000001,288305130492171
1774170048624,2026-03-22 09:00:48.624,68764.0,0.00148,B,101.77072,711300435450785
1774170048624,2026-03-22 09:00:48.624,68764.0,0.00029,B,19.94156,183182362487152
1774170049047,2026-03-22 09:00:49.047,68763.0,0.00035,A,24.06705,416944913682356
1774170049047,2026-03-22 09:00:49.047,68764.0,0.00154,B,105.89656,527105911031681
1774170049866,2026-03-22 09:00:49.866,68764.0,0.00017,B,11.68988,254616053875117
1774170049866,2026-03-22 09:00:49.866,68764.0,0.0029,B,199.41559999999998,353558332139025
1774170049866,2026-03-22 09:00:49.866,68765.0,0.00017,B,11.690050000000001,510115792922504
1774170049866,2026-03-22 09:00:49.866,68765.0,0.00015,B,10.314749999999998,770628325930515
1774170049866,2026-03-22 09:00:49.866,68765.0,0.00017,B,11.690050000000001,318957749711572
1774170049866,2026-03-22 09:00:49.866,68766.0,0.00017,B,11.69022,79505134716871
1774170049866,2026-03-22 09:00:49.866,68766.0,0.003,B,206.298,939839519629386
1774170049866,2026-03-22 09:00:49.866,68766.0,0.00017,B,11.69022,258958010333736
1774170049866,2026-03-22 09:00:49.866,68766.0,0.00015,B,10.3149,433819665384143
1774170049940,2026-03-22 09:00:49.940,68767.0,0.00017,B,11.69039,318083006800880
1774170049940,2026-03-22 09:00:49.940,68767.0,0.00017,B,11.69039,786478775470966
1774170049940,2026-03-22 09:00:49.940,68767.0,0.00017,B,11.69039,40775486018330
1774170049940,2026-03-22 09:00:49.940,68767.0,0.00015,B,10.31505,230673277290897
1774170049940,2026-03-22 09:00:49.940,68768.0,0.00017,B,11.690560000000001,702057635976509
1774170049940,2026-03-22 09:00:49.940,68768.0,0.00017,B,11.690560000000001,67561303659215
1774170049940,2026-03-22 09:00:49.940,68769.0,0.00017,B,11.69073,112683662329535
1774170049940,2026-03-22 09:00:49.940,68769.0,0.00017,B,11.69073,509605449526153
1774170049940,2026-03-22 09:00:49.940,68770.0,0.00017,B,11.690900000000001,5947362844930
1774170049940,2026-03-22 09:00:49.940,68770.0,0.00017,B,11.690900000000001,103384109800997
1774170049940,2026-03-22 09:00:49.940,68771.0,0.00017,B,11.691070000000002,908917591547983
1774170049940,2026-03-22 09:00:49.940,68771.0,0.00017,B,11.691070000000002,193018327575663
1774170049940,2026-03-22 09:00:49.940,68771.0,0.00017,B,11.691070000000002,239630830291284
1774170049940,2026-03-22 09:00:49.940,68772.0,0.01454,B,999.94488,1025579064815953
1774170049940,2026-03-22 09:00:49.940,68772.0,0.00017,B,11.69124,739466034668461
1774170049940,2026-03-22 09:00:49.940,68772.0,0.00017,B,11.69124,209955081260807
1774170049940,2026-03-22 09:00:49.940,68773.0,0.00017,B,11.691410000000001,1077520933114087
1774170049940,2026-03-22 09:00:49.940,68773.0,0.00015,B,10.315949999999999,511209288839301
1774170049940,2026-03-22 09:00:49.940,68773.0,0.00017,B,11.691410000000001,1095725014228422
1774170049940,2026-03-22 09:00:49.940,68774.0,0.00017,B,11.69158,1084483652552874
1774170049940,2026-03-22 09:00:49.940,68774.0,0.00017,B,11.69158,737737279014346
1774170049940,2026-03-22 09:00:49.940,68774.0,0.00017,B,11.69158,134314411308808
1774170049940,2026-03-22 09:00:49.940,68774.0,0.003,B,206.322,451751013492602
1774170049940,2026-03-22 09:00:49.940,68775.0,0.00017,B,11.69175,217790176730799
1774170049940,2026-03-22 09:00:49.940,68775.0,0.00017,B,11.69175,462529765012859
1774170049940,2026-03-22 09:00:49.940,68775.0,0.0274,B,1884.435,841397077209566
1774170050146,2026-03-22 09:00:50.146,68775.0,0.00168,B,115.542,943514659816772
1774170050146,2026-03-22 09:00:50.146,68776.0,0.00017,B,11.691920000000001,748961944592001
1774170050146,2026-03-22 09:00:50.146,68776.0,0.00017,B,11.691920000000001,483617967298656
1774170050146,2026-03-22 09:00:50.146,68776.0,0.01017,B,699.45192,588649888986008
1774170050146,2026-03-22 09:00:50.146,68777.0,0.01704,B,1171.96008,60053232896402
1774170051041,2026-03-22 09:00:51.041,68777.0,0.01949,B,1340.46373,312649907402596
1774170051041,2026-03-22 09:00:51.041,68777.0,0.00031,B,21.32087,951945027512457
1774170051041,2026-03-22 09:00:51.041,68777.0,0.00017,B,11.69209,433558963223766
1774170051041,2026-03-22 09:00:51.041,68777.0,0.00017,B,11.69209,438685377824367
1774170051041,2026-03-22 09:00:51.041,68778.0,0.00017,B,11.692260000000001,407118030432286
1774170051041,2026-03-22 09:00:51.041,68778.0,0.0232,B,1595.6496,976382333960127
1774170051041,2026-03-22 09:00:51.041,68778.0,0.00031,B,21.32118,1098940093552153
1774170051041,2026-03-22 09:00:51.041,68778.0,0.00017,B,11.692260000000001,596511014380991
1774170051041,2026-03-22 09:00:51.041,68778.0,0.00017,B,11.692260000000001,232735409363403
1774170051041,2026-03-22 09:00:51.041,68778.0,0.00036,B,24.760080000000002,865910470778054
1774170051041,2026-03-22 09:00:51.041,68779.0,0.00017,B,11.692430000000002,132597067401440
1774170051041,2026-03-22 09:00:51.041,68779.0,0.00017,B,11.692430000000002,1764790377346
1774170051041,2026-03-22 09:00:51.041,68780.0,0.00017,B,11.6926,955447618498704
1774170051041,2026-03-22 09:00:51.041,68780.0,0.00017,B,11.6926,1028249758790981
1774170051041,2026-03-22 09:00:51.041,68780.0,0.00022,B,15.1316,1051074128205487
1774170051041,2026-03-22 09:00:51.041,68781.0,0.00017,B,11.692770000000001,1040745157766300
1774170051041,2026-03-22 09:00:51.041,68781.0,0.00017,B,11.692770000000001,585977355290215
1774170051041,2026-03-22 09:00:51.041,68782.0,0.00017,B,11.69294,219171895819745
1774170051041,2026-03-22 09:00:51.041,68782.0,0.00017,B,11.69294,491570584832552
1774170051041,2026-03-22 09:00:51.041,68782.0,0.00017,B,11.69294,270772621726996
1774170051041,2026-03-22 09:00:51.041,68782.0,0.13387,B,9207.84634,779456119697285
1774170051097,2026-03-22 09:00:51.097,68782.0,0.00683,B,469.78106,448373346296625
1774170051468,2026-03-22 09:00:51.468,68782.0,0.00019,B,13.06858,836410732556115
1774170051468,2026-03-22 09:00:51.468,68782.0,0.08777,B,6036.99614,234796299051267
1774170052289,2026-03-22 09:00:52.289,68782.0,0.00017,B,11.69294,413490413605930
1774170052553,2026-03-22 09:00:52.553,68782.0,0.00071,A,48.83522,973107742040617
1774170052553,2026-03-22 09:00:52.553,68783.0,0.00017,B,11.69311,575930741038521
1774170052553,2026-03-22 09:00:52.553,68783.0,0.00017,B,11.69311,293524241394123
1774170052553,2026-03-22 09:00:52.553,68784.0,0.00017,B,11.693280000000001,865801108627708
1774170052553,2026-03-22 09:00:52.553,68784.0,0.00017,B,11.693280000000001,41482914793996
1774170052553,2026-03-22 09:00:52.553,68784.0,0.02907,B,1999.55088,50431411339668
1774170052553,2026-03-22 09:00:52.553,68785.0,0.00017,B,11.69345,805006022360972
1774170052553,2026-03-22 09:00:52.553,68785.0,0.00017,B,11.69345,586344955025011
1774170052553,2026-03-22 09:00:52.553,68785.0,0.00017,B,11.69345,113474370501796
1774170052553,2026-03-22 09:00:52.553,68786.0,0.00017,B,11.693620000000001,111921011970530
1774170052553,2026-03-22 09:00:52.553,68786.0,0.00017,B,11.693620000000001,427155841379366
1774170052553,2026-03-22 09:00:52.553,68787.0,0.00017,B,11.693790000000002,508226315404102
1774170052553,2026-03-22 09:00:52.553,68787.0,0.00017,B,11.693790000000002,354190640089149
1774170052553,2026-03-22 09:00:52.553,68787.0,0.003,B,206.36100000000002,664465041950922
1774170052553,2026-03-22 09:00:52.553,68788.0,0.00017,B,11.69396,743873253722379
1774170052553,2026-03-22 09:00:52.553,68788.0,0.00017,B,11.69396,753724429373357
1774170052553,2026-03-22 09:00:52.553,68789.0,0.00017,B,11.694130000000001,38623710866385
1774170052553,2026-03-22 09:00:52.553,68789.0,0.00017,B,11.694130000000001,959630052472157
1774170052553,2026-03-22 09:00:52.553,68790.0,0.009,B,619.1099999999999,592307992030417
1774170052781,2026-03-22 09:00:52.781,68790.0,0.00288,B,198.11520000000002,30416566532908
1774170052781,2026-03-22 09:00:52.781,68790.0,0.00073,B,50.216699999999996,687509446149137
1774170052781,2026-03-22 09:00:52.781,68790.0,0.00031,B,21.3249,1071612758692647
1774170052781,2026-03-22 09:00:52.781,68790.0,0.00017,B,11.6943,33163716362545
1774170052781,2026-03-22 09:00:52.781,68790.0,0.00018,B,12.382200000000001,475523145928195
1774170052781,2026-03-22 09:00:52.781,68791.0,0.00787,B,541.38517,479819399064338
1774170052781,2026-03-22 09:00:52.781,68791.0,0.00039,B,26.82849,97092504525984
1774170052781,2026-03-22 09:00:52.781,68791.0,0.00317,B,218.06747000000001,316938113816626
1774170052781,2026-03-22 09:00:52.781,68791.0,0.00132,B,90.80412,555216808592722
1774170052781,2026-03-22 09:00:52.781,68791.0,0.00031,B,21.32521,1025893350474340
1774170052781,2026-03-22 09:00:52.781,68791.0,0.00017,B,11.69447,1009208230597943
1774170052781,2026-03-22 09:00:52.781,68791.0,0.02907,B,1999.7543699999999,898015792398137
1774170052781,2026-03-22 09:00:52.781,68791.0,0.03314,B,2279.73374,418619435474060
1774170053100,2026-03-22 09:00:53.100,68791.0,0.00654,B,449.89313999999996,434619919638594
1774170053907,2026-03-22 09:00:53.907,68790.0,0.014,A,963.0600000000001,702715012354407
1774170054191,2026-03-22 09:00:54.191,68790.0,0.08991,A,6184.9089,422191970977504
1774170054191,2026-03-22 09:00:54.191,68790.0,0.00073,A,50.216699999999996,770097952336834
1774170054353,2026-03-22 09:00:54.353,68791.0,0.00015,B,10.31865,75289383080385
1774170055339,2026-03-22 09:00:55.339,68791.0,0.00016,B,11.00656,111147222150856
1774170055799,2026-03-22 09:00:55.799,68791.0,0.01666,B,1146.05806,987301501254453
1774170055799,2026-03-22 09:00:55.799,68791.0,0.17944,B,12343.857039999999,1113050110333078
1774170056201,2026-03-22 09:00:56.201,68790.0,0.00025,A,17.1975,490149983545632
1774170058820,2026-03-22 09:00:58.820,68791.0,0.00072,B,49.529520000000005,1033032924126720
1774170060393,2026-03-22 09:01:00.393,68790.0,0.00016,A,11.006400000000001,830919056186937
1774170060393,2026-03-22 09:01:00.393,68791.0,0.01018,B,700.29238,3748367843747
1774170061091,2026-03-22 09:01:01.091,68790.0,0.00238,A,163.7202,1002021668968527
1774170064066,2026-03-22 09:01:04.066,68791.0,0.00017,B,11.69447,90529484946898
1774170064066,2026-03-22 09:01:04.066,68791.0,0.02003,B,1377.88373,1052454570390936
1774170064808,2026-03-22 09:01:04.808,68791.0,0.00904,B,621.87064,87814538837052
1774170064808,2026-03-22 09:01:04.808,68791.0,0.00017,B,11.69447,197200694784087
1774170064808,2026-03-22 09:01:04.808,68792.0,0.00015,B,10.3188,856332962929141
1774170064808,2026-03-22 09:01:04.808,68792.0,0.00015,B,10.3188,260015937800763
1774170064808,2026-03-22 09:01:04.808,68792.0,0.00031,B,21.32552,761177203907842
1774170064808,2026-03-22 09:01:04.808,68792.0,0.003,B,206.376,313900370618388
1774170064808,2026-03-22 09:01:04.808,68792.0,0.00015,B,10.3188,997800644085978
1774170064808,2026-03-22 09:01:04.808,68793.0,0.00017,B,11.69481,451705820494903
1774170064808,2026-03-22 09:01:04.808,68793.0,0.00031,B,21.32583,1011505773080562
1774170064808,2026-03-22 09:01:04.808,68793.0,0.00017,B,11.69481,1108731999097571
1774170064808,2026-03-22 09:01:04.808,68793.0,2e-05,B,1.37586,146667578455713
1774170065023,2026-03-22 09:01:05.023,68792.0,0.00142,A,97.68464,332453974517018
1774170065493,2026-03-22 09:01:05.493,68794.0,0.00015,B,10.319099999999999,908848216477873
1774170065493,2026-03-22 09:01:05.493,68794.0,0.00017,B,11.694980000000001,378953363323034
1774170065493,2026-03-22 09:01:05.493,68795.0,0.00017,B,11.695150000000002,20222319541341
1774170065493,2026-03-22 09:01:05.493,68796.0,0.00015,B,10.3194,738797030826034
1774170065493,2026-03-22 09:01:05.493,68796.0,0.00017,B,11.69532,1062832516802858
1774170065493,2026-03-22 09:01:05.493,68796.0,0.00017,B,11.69532,676107360142688
1774170065493,2026-03-22 09:01:05.493,68797.0,0.00015,B,10.31955,143171144814539
1774170065493,2026-03-22 09:01:05.493,68797.0,0.00017,B,11.695490000000001,82552613822223
1774170065493,2026-03-22 09:01:05.493,68797.0,0.00017,B,11.695490000000001,9250556990660
1774170065493,2026-03-22 09:01:05.493,68798.0,0.00017,B,11.69566,816563268962826
1774170065493,2026-03-22 09:01:05.493,68799.0,0.00015,B,10.319849999999999,587511340104271
1774170065493,2026-03-22 09:01:05.493,68799.0,0.00043,B,29.583569999999998,783372292495586
1774170065493,2026-03-22 09:01:05.493,68799.0,0.00017,B,11.69583,907953471644538
1774170065493,2026-03-22 09:01:05.493,68800.0,0.00035,B,24.08,1060883851099689
1774170065493,2026-03-22 09:01:05.493,68800.0,0.00675,B,464.4,691220274791699
1774170065614,2026-03-22 09:01:05.614,68800.0,0.00325,B,223.6,967268136301793
1774170065614,2026-03-22 09:01:05.614,68800.0,0.00047,B,32.336,841992513219499
1774170065614,2026-03-22 09:01:05.614,68800.0,0.00242,B,166.49599999999998,1114854958140596
1774170065614,2026-03-22 09:01:05.614,68800.0,0.00015,B,10.319999999999999,833218561283192
1774170065614,2026-03-22 09:01:05.614,68800.0,0.00017,B,11.696000000000002,803503243384389
1774170065614,2026-03-22 09:01:05.614,68801.0,0.0027,B,185.76270000000002,440952849394891
1774170065897,2026-03-22 09:01:05.897,68800.0,0.05412,A,3723.456,542912104737938
1774170066651,2026-03-22 09:01:06.651,68801.0,0.00022,B,15.13622,1026438320758689
1774170066728,2026-03-22 09:01:06.728,68801.0,0.00022,B,15.13622,751508880829962
1774170066728,2026-03-22 09:01:06.728,68801.0,0.00022,B,15.13622,575224694435756
1774170066806,2026-03-22 09:01:06.806,68801.0,0.00022,B,15.13622,855081243792422
1774170066862,2026-03-22 09:01:06.862,68801.0,0.00017,B,11.69617,217657722033068
1774170066930,2026-03-22 09:01:06.930,68800.0,0.00047,A,32.336,61546956111729
1774170066930,2026-03-22 09:01:06.930,68800.0,0.0005,A,34.4,306344285530845
1774170066930,2026-03-22 09:01:06.930,68800.0,0.00055,A,37.84,667586264869107
1774170066930,2026-03-22 09:01:06.930,68801.0,0.00068,B,46.78468,740970055334735
1774170066930,2026-03-22 09:01:06.930,68801.0,0.01261,B,867.58061,579649023279290
1774170066930,2026-03-22 09:01:06.930,68801.0,0.00015,B,10.32015,910375334236178
1774170066930,2026-03-22 09:01:06.930,68801.0,0.00015,B,10.32015,333416628221054
1774170066930,2026-03-22 09:01:06.930,68801.0,0.00017,B,11.69617,777699990169937
1774170066930,2026-03-22 09:01:06.930,68801.0,0.003,B,206.403,977368625292011
1774170066930,2026-03-22 09:01:06.930,68801.0,0.00392,B,269.69991999999996,315564541982542
1774170066930,2026-03-22 09:01:06.930,68801.0,0.00067,B,46.09667,27656532582356
1774170066930,2026-03-22 09:01:06.930,68801.0,0.0247,B,1699.3847,874043266962214
1774170066930,2026-03-22 09:01:06.930,68801.0,0.02906,B,1999.3570599999998,964985416332937
1774170066930,2026-03-22 09:01:06.930,68801.0,0.14557,B,10015.361570000001,1037434402677408
1774170067057,2026-03-22 09:01:07.057,68801.0,0.06805,B,4681.90805,575869945722912
1774170068055,2026-03-22 09:01:08.055,68801.0,0.00016,B,11.00816,77854698196162
1774170068655,2026-03-22 09:01:08.655,68801.0,0.00017,B,11.69617,952541218154000
1774170068655,2026-03-22 09:01:08.655,68801.0,0.0002,B,13.760200000000001,657190994080731
1774170070141,2026-03-22 09:01:10.141,68801.0,0.00017,B,11.69617,1109071371281059
1774170070285,2026-03-22 09:01:10.285,68801.0,0.02869,B,1973.90069,605670195221910
1774170070341,2026-03-22 09:01:10.341,68802.0,0.00017,B,11.696340000000001,983789414768682
1774170070341,2026-03-22 09:01:10.341,68802.0,0.04989,B,3432.53178,529390511889450
1774170070485,2026-03-22 09:01:10.485,68802.0,0.001,B,68.802,399930261821466
1774170073173,2026-03-22 09:01:13.173,68802.0,0.02906,B,1999.38612,505852744540399
1774170073173,2026-03-22 09:01:13.173,68802.0,0.00017,B,11.696340000000001,14960711471144
1774170073173,2026-03-22 09:01:13.173,68803.0,0.01,B,688.03,864652203565953
1774170073173,2026-03-22 09:01:13.173,68803.0,0.00017,B,11.69651,440173832877323
1774170073173,2026-03-22 09:01:13.173,68804.0,0.00017,B,11.69668,460632338406607
1774170073173,2026-03-22 09:01:13.173,68804.0,0.00017,B,11.69668,670439328025317
1774170073173,2026-03-22 09:01:13.173,68804.0,0.003,B,206.412,419064296921493
1774170073173,2026-03-22 09:01:13.173,68804.0,0.00146,B,100.45384,148116202518457
1774170073173,2026-03-22 09:01:13.173,68805.0,0.00015,B,10.320749999999999,625763495683140
1774170073173,2026-03-22 09:01:13.173,68805.0,0.00015,B,10.320749999999999,908883138811064
1774170073173,2026-03-22 09:01:13.173,68805.0,0.00018,B,12.3849,513047625926353
1774170073173,2026-03-22 09:01:13.173,68805.0,0.00015,B,10.320749999999999,1034077363152237
1774170073173,2026-03-22 09:01:13.173,68805.0,0.00017,B,11.696850000000001,902171023070822
1774170073173,2026-03-22 09:01:13.173,68805.0,0.00018,B,12.3849,436981948235008
1774170073173,2026-03-22 09:01:13.173,68805.0,0.04736,B,3258.6048,142975717953028
1774170073308,2026-03-22 09:01:13.308,68804.0,0.00031,A,21.32924,216576162723045
1774170073379,2026-03-22 09:01:13.379,68804.0,0.00043,A,29.58572,306426750515690
1774170074008,2026-03-22 09:01:14.008,68804.0,0.00416,A,286.22463999999997,1075220779421240
1774170074981,2026-03-22 09:01:14.981,68805.0,0.00486,B,334.3923,109118235129280
1774170074981,2026-03-22 09:01:14.981,68804.0,0.00654,A,449.97816,1099282105597766
1774170075120,2026-03-22 09:01:15.120,68805.0,0.00056,B,38.5308,1003040011890741
1774170075925,2026-03-22 09:01:15.925,68804.0,0.0067,A,460.9868,824955073116142
1774170077607,2026-03-22 09:01:17.607,68804.0,0.26666,A,18347.27464,63203756971336
1774170077708,2026-03-22 09:01:17.708,68804.0,0.15612,A,10741.68048,514423344825083
1774170077708,2026-03-22 09:01:17.708,68804.0,0.00022,A,15.13688,245310384758498
1774170077708,2026-03-22 09:01:17.708,68804.0,0.00163,A,112.15052,126474933450168
1774170078110,2026-03-22 09:01:18.110,68803.0,0.0004,A,27.5212,630360222613914
1774170078614,2026-03-22 09:01:18.614,68801.0,0.03473,A,2389.45873,908529622553161
1774170078614,2026-03-22 09:01:18.614,68801.0,0.00017,A,11.69617,500683836927778
1774170078614,2026-03-22 09:01:18.614,68801.0,0.00291,A,200.21090999999998,320113252536506
1774170078614,2026-03-22 09:01:18.614,68800.0,0.00218,A,149.984,82157094296574
1774170078614,2026-03-22 09:01:18.614,68800.0,0.00031,A,21.328,436719471492485
1774170078614,2026-03-22 09:01:18.614,68800.0,0.00017,A,11.696000000000002,1019472882438313
1774170078614,2026-03-22 09:01:18.614,68800.0,0.00015,A,10.319999999999999,527378079282843
1774170078614,2026-03-22 09:01:18.614,68799.0,0.00017,A,11.69583,295941029364207
1774170078930,2026-03-22 09:01:18.930,68798.0,0.00017,A,11.69566,442774872065838
1774170078930,2026-03-22 09:01:18.930,68798.0,0.02186,A,1503.92428,307756718707102
1774170078930,2026-03-22 09:01:18.930,68798.0,0.02419,A,1664.22362,667143545927670
1774170078930,2026-03-22 09:01:18.930,68797.0,0.00017,A,11.695490000000001,647644290940852
1774170078930,2026-03-22 09:01:18.930,68797.0,0.00017,A,11.695490000000001,270314129079091
1774170079050,2026-03-22 09:01:19.050,68796.0,0.00017,A,11.69532,1033007187292078
1774170079050,2026-03-22 09:01:19.050,68795.0,0.00036,A,24.7662,829217655969629
1774170079050,2026-03-22 09:01:19.050,68795.0,0.00264,A,181.6188,1098520419146313
1774170079050,2026-03-22 09:01:19.050,68795.0,0.00017,A,11.695150000000002,335036603542938
1774170079050,2026-03-22 09:01:19.050,68795.0,0.02146,A,1476.3407,133678706744460
1774170079050,2026-03-22 09:01:19.050,68795.0,0.02147,A,1477.02865,584698205633821
1774170079826,2026-03-22 09:01:19.826,68794.0,0.00017,A,11.694980000000001,175696525480081
1774170079826,2026-03-22 09:01:19.826,68794.0,0.00239,A,164.41766,667746916556601
1774170080139,2026-03-22 09:01:20.139,68795.0,0.00073,B,50.220349999999996,921157561330362
1774170080543,2026-03-22 09:01:20.543,68795.0,0.12335,B,8485.86325,949521380108901
1774170080543,2026-03-22 09:01:20.543,68795.0,0.21093,B,14510.92935,70067333602761
1774170080543,2026-03-22 09:01:20.543,68794.0,0.00712,A,489.81327999999996,882060731662153
1774170080737,2026-03-22 09:01:20.737,68795.0,0.03786,B,2604.5787,1070408454266887
1774170080737,2026-03-22 09:01:20.737,68795.0,0.08285,B,5699.665749999999,943583447692434
1774170080870,2026-03-22 09:01:20.870,68794.0,0.00072,A,49.53168,224709400837296
1774170082139,2026-03-22 09:01:22.139,68794.0,0.07774,A,5348.0455600000005,159415730283459
1774170082637,2026-03-22 09:01:22.637,68794.0,0.03253,A,2237.86882,282487156741630
1774170082637,2026-03-22 09:01:22.637,68794.0,0.26666,A,18344.60804,875874504158818
1774170082637,2026-03-22 09:01:22.637,68794.0,0.04891,A,3364.71454,1024896622250334
1774170082637,2026-03-22 09:01:22.637,68794.0,0.02279,A,1567.81526,746399066819764
1774170082637,2026-03-22 09:01:22.637,68794.0,0.00017,A,11.694980000000001,1044660141555183
1774170082637,2026-03-22 09:01:22.637,68794.0,0.00188,A,129.33272,743241436344636
1774170082946,2026-03-22 09:01:22.946,68793.0,0.00017,A,11.69481,405356392048919
1774170082946,2026-03-22 09:01:22.946,68793.0,0.00015,A,10.31895,749775258443723
1774170082946,2026-03-22 09:01:22.946,68792.0,0.00017,A,11.694640000000001,683538349177642
1774170090561,2026-03-22 09:01:30.561,68791.0,0.00017,A,11.69447,501907948148172
1774170090561,2026-03-22 09:01:30.561,68791.0,1e-05,A,0.68791,166700670171005
1774170091007,2026-03-22 09:01:31.007,68791.0,0.00237,A,163.03467,656342377563099
1774170091579,2026-03-22 09:01:31.579,68791.0,0.04748,A,3266.19668,15742057471323
1774170093593,2026-03-22 09:01:33.593,68791.0,0.0202,A,1389.5782,681608721879133
1774170094111,2026-03-22 09:01:34.111,68791.0,0.00142,A,97.68322,694049855153648
1774170095205,2026-03-22 09:01:35.205,68792.0,0.13843,B,9522.87656,917166039209758
1774170095205,2026-03-22 09:01:35.205,68792.0,0.10357,B,7124.78744,612572160895726
1774170095808,2026-03-22 09:01:35.808,68791.0,0.00016,A,11.00656,829174060008969
1774170096811,2026-03-22 09:01:36.811,68792.0,0.00073,B,50.21816,41207757837196
1774170097046,2026-03-22 09:01:37.046,68792.0,0.05312,B,3654.23104,871932584131592
1774170098015,2026-03-22 09:01:38.015,68792.0,0.00016,B,11.006720000000001,1008546977086487
1774170098150,2026-03-22 09:01:38.150,68791.0,0.26666,A,18343.80806,540056916629784
1774170098150,2026-03-22 09:01:38.150,68791.0,0.16926,A,11643.56466,1044273375840695
1774170098150,2026-03-22 09:01:38.150,68791.0,0.00041,A,28.20431,1116442084704593
1774170098150,2026-03-22 09:01:38.150,68791.0,0.00017,A,11.69447,280513881587018
1774170098150,2026-03-22 09:01:38.150,68791.0,0.03118,A,2144.9033799999997,339794311593474
1774170098150,2026-03-22 09:01:38.150,68791.0,0.01243,A,855.07213,320086054390355
1774170098150,2026-03-22 09:01:38.150,68790.0,0.00088,A,60.5352,1012781092865580
1774170098150,2026-03-22 09:01:38.150,68790.0,0.00017,A,11.6943,926582503573090
1774170098150,2026-03-22 09:01:38.150,68790.0,0.00015,A,10.318499999999998,1092224417551019
1774170098150,2026-03-22 09:01:38.150,68790.0,0.00017,A,11.6943,52516699168420
1774170098150,2026-03-22 09:01:38.150,68789.0,0.00017,A,11.694130000000001,770515611359770
1774170098150,2026-03-22 09:01:38.150,68788.0,0.00017,A,11.69396,712641705868979
1774170098150,2026-03-22 09:01:38.150,68788.0,0.003,A,206.364,1107965924166299
1774170098553,2026-03-22 09:01:38.553,68786.0,0.00017,A,11.693620000000001,836814724045947
1774170098553,2026-03-22 09:01:38.553,68786.0,0.00017,A,11.693620000000001,785034389150877
1774170098553,2026-03-22 09:01:38.553,68786.0,0.00043,A,29.57798,1117594958221189
1774170098553,2026-03-22 09:01:38.553,68785.0,0.00017,A,11.69345,829579083815251
1774170098553,2026-03-22 09:01:38.553,68785.0,0.00022,A,15.1327,1074728857634351
1774170098553,2026-03-22 09:01:38.553,68784.0,0.00017,A,11.693280000000001,642086238046079
1774170098553,2026-03-22 09:01:38.553,68784.0,0.00015,A,10.317599999999999,30487879583016
1774170098553,2026-03-22 09:01:38.553,68784.0,0.003,A,206.352,833847626522607
1774170098553,2026-03-22 09:01:38.553,68783.0,0.00017,A,11.69311,708581582769887
1774170098553,2026-03-22 09:01:38.553,68783.0,0.00017,A,11.69311,612300042782029
1774170098553,2026-03-22 09:01:38.553,68782.0,0.00017,A,11.69294,676183097729200
1774170098553,2026-03-22 09:01:38.553,68782.0,0.02141,A,1472.6226199999999,650289918829577
1774170098752,2026-03-22 09:01:38.752,68783.0,0.01075,B,739.41725,245374392511971
1774170098857,2026-03-22 09:01:38.857,68783.0,0.00029,B,19.94707,503959603547309
1774170099550,2026-03-22 09:01:39.550,68783.0,0.00018,B,12.38094,623270686739432
1774170101064,2026-03-22 09:01:41.064,68782.0,0.00017,A,11.69294,351288204758321
1774170101864,2026-03-22 09:01:41.864,68782.0,0.33333,A,22927.10406,592344706910408
1774170101864,2026-03-22 09:01:41.864,68782.0,0.10278,A,7069.41396,149709656877033
1774170101864,2026-03-22 09:01:41.864,68782.0,0.00017,A,11.69294,1052905077011680
1774170101966,2026-03-22 09:01:41.966,68781.0,0.00017,A,11.692770000000001,276636058168353
1774170101966,2026-03-22 09:01:41.966,68781.0,0.00015,A,10.31715,86719244696444
1774170101966,2026-03-22 09:01:41.966,68780.0,0.00017,A,11.6926,294807417483525
1774170101966,2026-03-22 09:01:41.966,68779.0,0.00017,A,11.692430000000002,494524800398850
1774170101966,2026-03-22 09:01:41.966,68779.0,0.00017,A,11.692430000000002,696428662417524
1774170101966,2026-03-22 09:01:41.966,68779.0,0.00015,A,10.316849999999999,110473088794137
1774170101966,2026-03-22 09:01:41.966,68778.0,0.00017,A,11.692260000000001,370816886534748
1774170101966,2026-03-22 09:01:41.966,68777.0,0.00017,A,11.69209,377873010038606
1774170101966,2026-03-22 09:01:41.966,68777.0,0.003,A,206.33100000000002,595392043453231
1774170101966,2026-03-22 09:01:41.966,68777.0,0.001,A,68.777,955602362959491
1774170102785,2026-03-22 09:01:42.785,68776.0,0.00017,A,11.691920000000001,281721486896678
1774170102785,2026-03-22 09:01:42.785,68776.0,0.00568,A,390.64768000000004,513597931895720
1774170102889,2026-03-22 09:01:42.889,68776.0,0.0029,A,199.45039999999997,627406473205096
1774170102993,2026-03-22 09:01:42.993,68777.0,0.00291,B,200.14106999999998,1013559183365464
1774170103467,2026-03-22 09:01:43.467,68776.0,0.00145,A,99.72519999999999,557498979613401
1774170104066,2026-03-22 09:01:44.066,68776.0,0.00415,A,285.42040000000003,655593597917324
1774170104281,2026-03-22 09:01:44.281,68777.0,0.00298,B,204.95546,1054988276428691
1774170105000,2026-03-22 09:01:45.000,68777.0,0.00057,B,39.20289,147386559241927
1774170107289,2026-03-22 09:01:47.289,68776.0,0.00532,A,365.88832,69281287522324
1774170108027,2026-03-22 09:01:48.027,68777.0,0.00583,B,400.96991,965862024556095
1774170109053,2026-03-22 09:01:49.053,68776.0,0.00052,A,35.76352,1022046483843501
1774170110912,2026-03-22 09:01:50.912,68776.0,0.00015,A,10.3164,463611340827064
1774170114768,2026-03-22 09:01:54.768,68777.0,0.00018,B,12.37986,1117422507212485
1774170114768,2026-03-22 09:01:54.768,68777.0,0.00286,B,196.70222,589966284083638
1774170119493,2026-03-22 09:01:59.493,68777.0,0.01469,B,1010.33413,417483963335288
1774170119901,2026-03-22 09:01:59.901,68776.0,0.002,A,137.552,770050275079914
1774170121002,2026-03-22 09:02:01.002,68776.0,0.00238,A,163.68688,794418562667567
1774170123423,2026-03-22 09:02:03.423,68777.0,0.01152,B,792.31104,379653659554181
1774170123423,2026-03-22 09:02:03.423,68777.0,0.01017,B,699.46209,366563797144567
1774170123423,2026-03-22 09:02:03.423,68777.0,0.05222,B,3591.53494,866205008116726
1774170123743,2026-03-22 09:02:03.743,68776.0,0.03277,A,2253.78952,870627060224165
1774170125026,2026-03-22 09:02:05.026,68776.0,0.00141,A,96.97416,266024879761508
1774170127022,2026-03-22 09:02:07.022,68777.0,0.06925,B,4762.807250000001,338719446414943
1774170127442,2026-03-22 09:02:07.442,68776.0,0.35645,A,24515.2052,740907692788755
1774170127557,2026-03-22 09:02:07.557,68776.0,0.00226,A,155.43375999999998,437012378820470
1774170127557,2026-03-22 09:02:07.557,68776.0,0.01871,A,1286.79896,689006135109655
1774170127557,2026-03-22 09:02:07.557,68776.0,0.00017,A,11.691920000000001,547686778808795
1774170128048,2026-03-22 09:02:08.048,68776.0,0.00016,B,11.00416,597689098923132
1774170128175,2026-03-22 09:02:08.175,68774.0,0.00017,A,11.69158,819094306413288
1774170128175,2026-03-22 09:02:08.175,68773.0,0.00017,A,11.691410000000001,990436482534462
1774170128175,2026-03-22 09:02:08.175,68772.0,0.00017,A,11.69124,755496807379031
1774170128175,2026-03-22 09:02:08.175,68772.0,0.003,A,206.316,727329905110778
1774170128175,2026-03-22 09:02:08.175,68772.0,0.00015,A,10.3158,784259901949588
1774170128175,2026-03-22 09:02:08.175,68771.0,0.00017,A,11.691070000000002,177303364871408
1774170128175,2026-03-22 09:02:08.175,68770.0,0.00017,A,11.690900000000001,27773490560072
1774170128175,2026-03-22 09:02:08.175,68770.0,0.00041,A,28.1957,593715932811138
1774170128175,2026-03-22 09:02:08.175,68769.0,0.00017,A,11.69073,1109809754191651
1774170128175,2026-03-22 09:02:08.175,68768.0,0.00017,A,11.690560000000001,566785480543654
1774170128175,2026-03-22 09:02:08.175,68768.0,0.00017,A,11.690560000000001,285493656184921
1774170128175,2026-03-22 09:02:08.175,68767.0,0.00017,A,11.69039,392859330802125
1774170128175,2026-03-22 09:02:08.175,68766.0,0.00017,A,11.69022,793838523087844
1774170128175,2026-03-22 09:02:08.175,68766.0,0.003,A,206.298,43031478906240
1774170128578,2026-03-22 09:02:08.578,68765.0,0.00017,A,11.690050000000001,635740436297407
1774170128578,2026-03-22 09:02:08.578,68765.0,0.00877,A,603.06905,29347274800266
1774170129054,2026-03-22 09:02:09.054,68766.0,0.00037,B,25.44342,1114621134960328
1774170131067,2026-03-22 09:02:11.067,68765.0,0.00017,A,11.690050000000001,742864246889918
1774170131408,2026-03-22 09:02:11.408,68765.0,0.00016,A,11.002400000000002,995530587747037
1774170134048,2026-03-22 09:02:14.048,68765.0,0.00416,A,286.06239999999997,33297246498714
1774170134922,2026-03-22 09:02:14.922,68766.0,0.00032,B,22.00512,819862730668101
1774170135067,2026-03-22 09:02:15.067,68766.0,0.00056,B,38.508959999999995,695651374196813
1774170135067,2026-03-22 09:02:15.067,68766.0,0.00029,B,19.94214,272805038374112
1774170136943,2026-03-22 09:02:16.943,68766.0,0.02028,B,1394.57448,60650763641408
1774170136943,2026-03-22 09:02:16.943,68766.0,0.63157,B,43430.54262,809842927221307
1774170137074,2026-03-22 09:02:17.074,68766.0,0.001,B,68.766,93346075718246
1774170138768,2026-03-22 09:02:18.768,68766.0,0.0207,B,1423.4562,771798205849391
1774170138768,2026-03-22 09:02:18.768,68765.0,0.00431,A,296.37715,297835353189745
1774170139002,2026-03-22 09:02:19.002,68765.0,0.00046,A,31.6319,1017195083857963
1774170139119,2026-03-22 09:02:19.119,68766.0,0.01051,B,722.7306600000001,869934687537600
1774170139119,2026-03-22 09:02:19.119,68766.0,0.01643,B,1129.82538,280699925910929
1774170139119,2026-03-22 09:02:19.119,68766.0,0.01721,B,1183.4628599999999,633425778555274
1774170139119,2026-03-22 09:02:19.119,68766.0,0.00646,B,444.22835999999995,997293542542050
1774170139119,2026-03-22 09:02:19.119,68766.0,0.00879,B,604.45314,374927378639907
1774170139119,2026-03-22 09:02:19.119,68766.0,0.02731,B,1877.99946,276886566015076
1774170139220,2026-03-22 09:02:19.220,68766.0,0.0123,B,845.8218,394965853292530
1774170139220,2026-03-22 09:02:19.220,68766.0,0.033,B,2269.2780000000002,1123021385313402
1774170139220,2026-03-22 09:02:19.220,68766.0,0.00894,B,614.76804,804499512239620
1774170139220,2026-03-22 09:02:19.220,68766.0,0.02063,B,1418.64258,264798023971728
1774170139418,2026-03-22 09:02:19.418,68766.0,0.00586,B,402.96876,71920541095921
1774170139520,2026-03-22 09:02:19.520,68766.0,0.00017,B,11.69022,902836109006465
1774170140311,2026-03-22 09:02:20.311,68765.0,0.00031,A,21.31715,147918166254155
1774170141157,2026-03-22 09:02:21.157,68765.0,6e-05,A,4.1259,1107482120816653
1774170141496,2026-03-22 09:02:21.496,68766.0,0.001,B,68.766,696022155663354
1774170143855,2026-03-22 09:02:23.855,68766.0,0.00021,B,14.44086,605292012710196
1774170143855,2026-03-22 09:02:23.855,68766.0,0.00026,B,17.87916,669560802572284
1774170143855,2026-03-22 09:02:23.855,68766.0,0.00017,B,11.69022,723201633236706
1774170143948,2026-03-22 09:02:23.948,68767.0,0.00015,B,10.31505,615539759948518
1774170143948,2026-03-22 09:02:23.948,68767.0,0.00017,B,11.69039,1020336428497494
1774170143948,2026-03-22 09:02:23.948,68768.0,0.00017,B,11.690560000000001,929159241282412
1774170143948,2026-03-22 09:02:23.948,68769.0,0.00017,B,11.69073,40683900940954
1774170143948,2026-03-22 09:02:23.948,68770.0,0.00017,B,11.690900000000001,302298669842391
1774170144088,2026-03-22 09:02:24.088,68771.0,0.003,B,206.31300000000002,233830755371361
1774170144088,2026-03-22 09:02:24.088,68771.0,0.00017,B,11.691070000000002,806104894487231
1774170144088,2026-03-22 09:02:24.088,68771.0,0.00017,B,11.691070000000002,624127492276014
1774170144409,2026-03-22 09:02:24.409,68772.0,0.00017,B,11.69124,1074951380205470
1774170144470,2026-03-22 09:02:24.470,68773.0,0.00015,B,10.315949999999999,935640265808150
1774170144470,2026-03-22 09:02:24.470,68773.0,0.00017,B,11.691410000000001,263802204654312
1774170144470,2026-03-22 09:02:24.470,68773.0,0.0185,B,1272.3004999999998,524108589914539
1774170144470,2026-03-22 09:02:24.470,68773.0,0.02219,B,1526.0728700000002,553856560006972
1774170144470,2026-03-22 09:02:24.470,68774.0,0.00017,B,11.69158,472248348777640
1774170144470,2026-03-22 09:02:24.470,68774.0,0.00017,B,11.69158,188170919366183
1774170144470,2026-03-22 09:02:24.470,68775.0,0.00017,B,11.69175,1088531193526310
1774170144470,2026-03-22 09:02:24.470,68776.0,0.003,B,206.328,1073604430320714
1774170144470,2026-03-22 09:02:24.470,68776.0,0.00017,B,11.691920000000001,730745509506455
1774170144470,2026-03-22 09:02:24.470,68776.0,0.00018,B,12.37968,50209110011072
1774170144470,2026-03-22 09:02:24.470,68776.0,0.01827,B,1256.53752,957902356803643
1774170144891,2026-03-22 09:02:24.891,68775.0,0.0064,A,440.16,477071837845466
1774170144891,2026-03-22 09:02:24.891,68775.0,0.00034,A,23.3835,616718845308924
1774170144891,2026-03-22 09:02:24.891,68776.0,0.00976,B,671.2537599999999,299610320927939
1774170145816,2026-03-22 09:02:25.816,68775.0,0.0345,A,2372.7375,708892263714525
1774170146106,2026-03-22 09:02:26.106,68776.0,0.00017,B,11.691920000000001,37523351053045
1774170146106,2026-03-22 09:02:26.106,68777.0,0.00015,B,10.31655,387737716904374
1774170146106,2026-03-22 09:02:26.106,68777.0,0.00017,B,11.69209,737286996517624
1774170146106,2026-03-22 09:02:26.106,68778.0,0.00017,B,11.692260000000001,154526743190002
1774170146106,2026-03-22 09:02:26.106,68778.0,0.00017,B,11.692260000000001,423593673319032
1774170146106,2026-03-22 09:02:26.106,68779.0,0.00017,B,11.692430000000002,308702166750526
1774170146106,2026-03-22 09:02:26.106,68780.0,0.00017,B,11.6926,861639183600515
1774170146106,2026-03-22 09:02:26.106,68780.0,0.08142,B,5600.0676,1110494344528645
1774170147030,2026-03-22 09:02:27.030,68779.0,0.00072,A,49.520880000000005,907320335134832
1774170147030,2026-03-22 09:02:27.030,68780.0,0.00015,B,10.316999999999998,863645180885978
1774170147030,2026-03-22 09:02:27.030,68780.0,0.0013,B,89.414,32638391290239
1774170149452,2026-03-22 09:02:29.452,68779.0,0.01472,A,1012.42688,1039284777257526
1774170149844,2026-03-22 09:02:29.844,68780.0,6e-05,B,4.1268,399814094676113
1774170150144,2026-03-22 09:02:30.144,68780.0,0.00143,B,98.3554,353827553304948
1774170150938,2026-03-22 09:02:30.938,68780.0,0.02628,B,1807.5384000000001,141618544383731
1774170150938,2026-03-22 09:02:30.938,68780.0,0.00017,B,11.6926,777737425789414
1774170150938,2026-03-22 09:02:30.938,68780.0,0.02355,B,1619.769,445120369592050
1774170151066,2026-03-22 09:02:31.066,68779.0,0.00238,A,163.69402000000002,553754880649166
1774170152265,2026-03-22 09:02:32.265,68779.0,0.01589,A,1092.89831,46145678016823
1774170152954,2026-03-22 09:02:32.954,68780.0,0.00015,B,10.316999999999998,664537344847278
1774170153166,2026-03-22 09:02:33.166,68780.0,0.01699,B,1168.5722,747068676265991
1774170153166,2026-03-22 09:02:33.166,68780.0,0.0045,B,309.51,867722678328369
1774170153166,2026-03-22 09:02:33.166,68780.0,0.01654,B,1137.6212,465162900117471
1774170153166,2026-03-22 09:02:33.166,68780.0,0.02093,B,1439.5654,884431198398351
1774170155017,2026-03-22 09:02:35.017,68779.0,0.00142,A,97.66618,131316002909002
1774170157026,2026-03-22 09:02:37.026,68780.0,0.05371,B,3694.1738,879777639718510
1774170157026,2026-03-22 09:02:37.026,68780.0,0.00836,B,575.0007999999999,139778003259426
1774170157786,2026-03-22 09:02:37.786,68779.0,0.00064,A,44.01856,41476447988565
1774170158033,2026-03-22 09:02:38.033,68780.0,0.00016,B,11.004800000000001,518207990882703
1774170158033,2026-03-22 09:02:38.033,68780.0,1e-05,B,0.6878000000000001,82744689444843
1774170158033,2026-03-22 09:02:38.033,68780.0,0.00541,B,372.0998,645402433054301
1774170158033,2026-03-22 09:02:38.033,68780.0,0.00494,B,339.7732,371691048033226
1774170158107,2026-03-22 09:02:38.107,68780.0,0.01771,B,1218.0938,934513945460785
1774170158107,2026-03-22 09:02:38.107,68780.0,0.00101,B,69.4678,255362051370745
1774170158107,2026-03-22 09:02:38.107,68780.0,0.00022,B,15.1316,923835811424981
1774170158833,2026-03-22 09:02:38.833,68781.0,0.00015,B,10.31715,959958961429840
1774170158890,2026-03-22 09:02:38.890,68781.0,0.00285,B,196.02585000000002,877442377384412
1774170158890,2026-03-22 09:02:38.890,68781.0,0.0002,B,13.756200000000002,818299148571484
1774170158890,2026-03-22 09:02:38.890,68781.0,0.00137,B,94.22997,719713604810346
1774170159092,2026-03-22 09:02:39.092,68781.0,0.00015,B,10.31715,869685506514617
1774170159092,2026-03-22 09:02:39.092,68781.0,0.00248,B,170.57688,439082514098823
1774170159239,2026-03-22 09:02:39.239,68781.0,0.00033,B,22.69773,227913941249610
1774170161051,2026-03-22 09:02:41.051,68780.0,0.00017,A,11.6926,48090747435994
1774170164069,2026-03-22 09:02:44.069,68780.0,0.00416,A,286.1248,376342403480229
1774170165075,2026-03-22 09:02:45.075,68781.0,0.00057,B,39.205169999999995,1045613893269718
1774170165198,2026-03-22 09:02:45.198,68781.0,0.00022,B,15.131820000000001,667945943888630
1774170165600,2026-03-22 09:02:45.600,68780.0,0.00797,A,548.1766,98370890315671
1774170166741,2026-03-22 09:02:46.741,68781.0,0.01699,B,1168.5891900000001,143835970044064
1774170166741,2026-03-22 09:02:46.741,68780.0,0.00016,A,11.004800000000001,52588854572359
1774170169066,2026-03-22 09:02:49.066,68780.0,0.00063,A,43.3314,546813453859240
1774170170262,2026-03-22 09:02:50.262,68781.0,0.00235,B,161.63535000000002,1007767321987030
1774170171892,2026-03-22 09:02:51.892,68781.0,0.00461,B,317.08041000000003,1076952614632954
1774170171892,2026-03-22 09:02:51.892,68781.0,0.00017,B,11.692770000000001,723457431030635
1774170171892,2026-03-22 09:02:51.892,68781.0,0.00103,B,70.84443,802325971860594
1774170172473,2026-03-22 09:02:52.473,68782.0,0.00017,B,11.69294,630954145044117
1774170172473,2026-03-22 09:02:52.473,68782.0,5e-05,B,3.4391000000000003,512345906792177
1774170172886,2026-03-22 09:02:52.886,68782.0,0.00022,B,15.13204,392489201485735
1774170172886,2026-03-22 09:02:52.886,68782.0,0.00123,B,84.60186,340537715066545
1774170181019,2026-03-22 09:03:01.019,68781.0,0.00238,A,163.69878,1121108575719236
1774170181019,2026-03-22 09:03:01.019,68781.0,0.00581,A,399.61761,495488054612196
1774170181510,2026-03-22 09:03:01.510,68782.0,0.02907,B,1999.49274,582193644189350
1774170181510,2026-03-22 09:03:01.510,68782.0,0.1144,B,7868.660800000001,554989613600870
1774170182477,2026-03-22 09:03:02.477,68782.0,0.0099,B,680.9418000000001,731678918906903
1774170182477,2026-03-22 09:03:02.477,68782.0,0.00698,B,480.09836,17219370078520
1774170182892,2026-03-22 09:03:02.892,68782.0,0.0562,B,3865.5484,36564909513452
1774170182892,2026-03-22 09:03:02.892,68782.0,0.00018,B,12.38076,492481248410360
1774170182892,2026-03-22 09:03:02.892,68782.0,0.00017,B,11.69294,935348700896798
1774170182892,2026-03-22 09:03:02.892,68782.0,0.00345,B,237.2979,116507380121956
1774170183237,2026-03-22 09:03:03.237,68782.0,0.00411,B,282.69402,299049523302700
1774170184047,2026-03-22 09:03:04.047,68781.0,0.00142,A,97.66902,313274687325759
1774170184047,2026-03-22 09:03:04.047,68782.0,0.00261,B,179.52102,792360045257992
1774170184047,2026-03-22 09:03:04.047,68782.0,0.04068,B,2798.0517600000003,887649975098482
1774170184047,2026-03-22 09:03:04.047,68782.0,0.02907,B,1999.49274,554921839245922
1774170184047,2026-03-22 09:03:04.047,68782.0,0.00145,B,99.73389999999999,353179283426468
1774170184047,2026-03-22 09:03:04.047,68782.0,0.00017,B,11.69294,283646097719845
1774170184047,2026-03-22 09:03:04.047,68783.0,0.00015,B,10.31745,1043711220809840
1774170184047,2026-03-22 09:03:04.047,68783.0,0.00018,B,12.38094,126736575711699
1774170184047,2026-03-22 09:03:04.047,68784.0,0.00017,B,11.693280000000001,886508659951462
1774170184047,2026-03-22 09:03:04.047,68784.0,0.20344,B,13993.41696,509935659706433
1774170184047,2026-03-22 09:03:04.047,68785.0,0.00017,B,11.69345,1018617770397902
1774170184047,2026-03-22 09:03:04.047,68785.0,0.00017,B,11.69345,113777548423345
1774170184047,2026-03-22 09:03:04.047,68785.0,0.00015,B,10.317749999999998,941431366030749
1774170184047,2026-03-22 09:03:04.047,68785.0,0.10507,B,7227.23995,979567863870125
1774170186065,2026-03-22 09:03:06.065,68785.0,0.0591,B,4065.1935,651212888224102
1774170186363,2026-03-22 09:03:06.363,68785.0,0.01472,B,1012.5152,185807468522940
1774170186966,2026-03-22 09:03:06.966,68785.0,0.01205,B,828.85925,768029430149326
1774170188035,2026-03-22 09:03:08.035,68785.0,0.00016,B,11.005600000000001,578811210467806
1774170188981,2026-03-22 09:03:08.981,68785.0,0.00032,B,22.011200000000002,449846290619166
1774170190996,2026-03-22 09:03:10.996,68785.0,0.01886,B,1297.2850999999998,1036821223977435
1774170191061,2026-03-22 09:03:11.061,68784.0,0.00017,A,11.693280000000001,175570321722437
1774170194013,2026-03-22 09:03:14.013,68784.0,0.00017,A,11.693280000000001,1112852230260687
1774170194013,2026-03-22 09:03:14.013,68784.0,0.00399,A,274.44816,384042334076328
1774170195003,2026-03-22 09:03:15.003,68785.0,0.00056,B,38.5196,978765090961503
1774170197600,2026-03-22 09:03:17.600,68784.0,0.07735,A,5320.4424,398941383334272
1774170197600,2026-03-22 09:03:17.600,68784.0,0.00524,A,360.42816,886279295064460
1774170198232,2026-03-22 09:03:18.232,68785.0,0.64822,B,44587.8127,658340381116969
1774170199036,2026-03-22 09:03:19.036,68784.0,0.00056,A,38.51904,179860084186124
1774170202070,2026-03-22 09:03:22.070,68784.0,0.00016,A,11.00544,1084091142362200
1774170203660,2026-03-22 09:03:23.660,68784.0,0.00071,A,48.83664,104471789213385
1774170204404,2026-03-22 09:03:24.404,68785.0,0.01453,B,999.44605,1540321917820
1774170205913,2026-03-22 09:03:25.913,68785.0,0.001,B,68.785,460899794180634
1774170207448,2026-03-22 09:03:27.448,68784.0,0.00031,A,21.32304,546022141836724
1774170209607,2026-03-22 09:03:29.607,68784.0,0.02,A,1375.68,604327535128675
1774170211017,2026-03-22 09:03:31.017,68784.0,0.00238,A,163.70592000000002,574947844263276
1774170214080,2026-03-22 09:03:34.080,68784.0,0.00142,A,97.67328,321048704737103
1774170214127,2026-03-22 09:03:34.127,68785.0,0.01472,B,1012.5152,427298481929001
1774170215155,2026-03-22 09:03:35.155,68784.0,0.22058,A,15172.37472,421454631121542
1774170215296,2026-03-22 09:03:35.296,68784.0,0.18478,A,12709.90752,23648850922369
1774170215296,2026-03-22 09:03:35.296,68784.0,0.00017,A,11.693280000000001,1079665442879954
1774170215296,2026-03-22 09:03:35.296,68783.0,0.00015,A,10.31745,540452528061051
1774170215296,2026-03-22 09:03:35.296,68783.0,0.00017,A,11.69311,212653654752827
1774170215296,2026-03-22 09:03:35.296,68782.0,0.00017,A,11.69294,1049607855494965
1774170215296,2026-03-22 09:03:35.296,68781.0,0.00017,A,11.692770000000001,508864474716498
1774170215296,2026-03-22 09:03:35.296,68780.0,0.00017,A,11.6926,559162263891286
1774170215346,2026-03-22 09:03:35.346,68779.0,0.00017,A,11.692430000000002,951294368732084
1774170215346,2026-03-22 09:03:35.346,68779.0,0.00017,A,11.692430000000002,1029821964824051
1774170215966,2026-03-22 09:03:35.966,68778.0,0.00017,A,11.692260000000001,71665921519536
1774170215966,2026-03-22 09:03:35.966,68778.0,0.00141,A,96.97698,541268373352672
1774170215966,2026-03-22 09:03:35.966,68778.0,0.07057,A,4853.66346,342194148847225
1774170215966,2026-03-22 09:03:35.966,68778.0,0.04077,A,2804.07906,152227180464586
1774170216093,2026-03-22 09:03:36.093,68778.0,0.00228,A,156.81384,1051517305714693
1774170216167,2026-03-22 09:03:36.167,68778.0,0.26952,A,18537.04656,1102311188245847
1774170216167,2026-03-22 09:03:36.167,68778.0,0.03861,A,2655.51858,126380271564776
1774170216167,2026-03-22 09:03:36.167,68778.0,0.00562,A,386.53236,601140888492246
1774170216167,2026-03-22 09:03:36.167,68778.0,0.00877,A,603.18306,335901196676392
1774170216167,2026-03-22 09:03:36.167,68777.0,0.00017,A,11.69209,945646028733844
1774170216167,2026-03-22 09:03:36.167,68777.0,0.00015,A,10.31655,199274780525951
1774170216167,2026-03-22 09:03:36.167,68776.0,0.00017,A,11.691920000000001,153006173825741
1774170216167,2026-03-22 09:03:36.167,68775.0,0.00017,A,11.69175,688684518439628
1774170216167,2026-03-22 09:03:36.167,68775.0,0.00017,A,11.69175,282918178758423
1774170216167,2026-03-22 09:03:36.167,68775.0,0.003,A,206.32500000000002,572579036319656
1774170216167,2026-03-22 09:03:36.167,68775.0,0.00015,A,10.316249999999998,652139134526995
1774170217042,2026-03-22 09:03:37.042,68775.0,0.00145,B,99.72375,529826162996198
1774170217042,2026-03-22 09:03:37.042,68775.0,0.04451,B,3061.1752500000002,803388001032289
1774170217174,2026-03-22 09:03:37.174,68774.0,0.00017,A,11.69158,23788427576437
1774170217174,2026-03-22 09:03:37.174,68774.0,0.00128,A,88.03072,800534299986972
1774170217322,2026-03-22 09:03:37.322,68774.0,0.00291,A,200.13234,862499917548266
1774170217978,2026-03-22 09:03:37.978,68774.0,0.00022,A,15.13028,553510564947267
1774170218122,2026-03-22 09:03:38.122,68775.0,0.00016,B,11.004000000000001,1018031074402155
1774170218582,2026-03-22 09:03:38.582,68774.0,0.43177,A,29694.54998,1025021040407166
1774170218582,2026-03-22 09:03:38.582,68774.0,0.00017,A,11.69158,541897902203296
1774170219133,2026-03-22 09:03:39.133,68774.0,0.00025,B,17.1935,139200505266291
1774170219386,2026-03-22 09:03:39.386,68773.0,0.00017,A,11.691410000000001,798125260346444
1774170219386,2026-03-22 09:03:39.386,68773.0,0.00132,A,90.78036,550727264781373
1774170219934,2026-03-22 09:03:39.934,68773.0,0.00022,A,15.13006,226039775877184
1774170220942,2026-03-22 09:03:40.942,68773.0,0.43467,A,29893.55991,610502571434067
1774170220942,2026-03-22 09:03:40.942,68773.0,0.00017,A,11.691410000000001,791459274836812
1774170221077,2026-03-22 09:03:41.077,68772.0,0.00017,A,11.69124,515562984377539
1774170221601,2026-03-22 09:03:41.601,68772.0,0.00017,A,11.69124,904217284765241
1774170221601,2026-03-22 09:03:41.601,68772.0,0.02768,A,1903.60896,583573751713631
1774170221601,2026-03-22 09:03:41.601,68772.0,0.09285,A,6385.4802,1049872917045077
1774170221601,2026-03-22 09:03:41.601,68772.0,0.02115,A,1454.5277999999998,749094668021507
1774170221743,2026-03-22 09:03:41.743,68772.0,0.00145,A,99.7194,875674303225617
1774170221743,2026-03-22 09:03:41.743,68772.0,0.00458,A,314.97576,434450648835160
1774170223397,2026-03-22 09:03:43.397,68772.0,0.2885,A,19840.721999999998,1014318991432325
1774170223397,2026-03-22 09:03:43.397,68772.0,0.00017,A,11.69124,1042827198177277
1774170223967,2026-03-22 09:03:43.967,68771.0,0.00017,A,11.691070000000002,975791561424869
1774170223967,2026-03-22 09:03:43.967,68771.0,0.43622,A,29999.28562,941795282071988
1774170224129,2026-03-22 09:03:44.129,68770.0,0.00017,A,11.690900000000001,201642781568699
1774170224129,2026-03-22 09:03:44.129,68769.0,0.00017,A,11.69073,699937136083101
1774170224129,2026-03-22 09:03:44.129,68769.0,0.00015,A,10.315349999999999,521836825775502
1774170224129,2026-03-22 09:03:44.129,68768.0,0.00017,A,11.690560000000001,409304250818033
1774170224129,2026-03-22 09:03:44.129,68768.0,0.00017,A,11.690560000000001,739713454822905
1774170224129,2026-03-22 09:03:44.129,68768.0,0.00022,A,15.128960000000001,759208961561068
1774170224129,2026-03-22 09:03:44.129,68767.0,0.00017,A,11.69039,462020252066613
1774170224129,2026-03-22 09:03:44.129,68766.0,0.00017,A,11.69022,444792879141891
1774170224129,2026-03-22 09:03:44.129,68765.0,0.00017,A,11.690050000000001,349336038473456
1774170224129,2026-03-22 09:03:44.129,68765.0,0.00017,A,11.690050000000001,824520736692381
1774170224129,2026-03-22 09:03:44.129,68764.0,0.00017,A,11.68988,1064987160870485
1774170224129,2026-03-22 09:03:44.129,68764.0,0.00226,A,155.40663999999998,454520952864200
1774170225129,2026-03-22 09:03:45.129,68765.0,0.00057,B,39.19605,472212496691571
1774170225791,2026-03-22 09:03:45.791,68764.0,0.25,A,17191.0,4939835488747
1774170225791,2026-03-22 09:03:45.791,68764.0,0.18622,A,12805.23208,482422539848674
1774170225791,2026-03-22 09:03:45.791,68764.0,0.00017,A,11.68988,395792053366345
1774170225791,2026-03-22 09:03:45.791,68763.0,0.03,A,2062.89,513086095453350
1774170225791,2026-03-22 09:03:45.791,68763.0,0.00017,A,11.689710000000002,741923178401717
1774170225791,2026-03-22 09:03:45.791,68763.0,0.00015,A,10.314449999999999,41878931696198
1774170226782,2026-03-22 09:03:46.782,68762.0,0.003,A,206.286,444779267278713
1774170226782,2026-03-22 09:03:46.782,68762.0,0.00034,A,23.379080000000002,298347239422827
1774170229009,2026-03-22 09:03:49.009,68762.0,0.00037,A,25.44194,614057121120458
1774170229009,2026-03-22 09:03:49.009,68763.0,0.00872,B,599.6133600000001,27282999633821
1774170230998,2026-03-22 09:03:50.998,68763.0,0.0207,B,1423.3941,134328558759366
1774170232670,2026-03-22 09:03:52.670,68763.0,0.05953,B,4093.46139,466264158859101
1774170232670,2026-03-22 09:03:52.670,68762.0,0.00073,A,50.196259999999995,170987119638618
1774170233815,2026-03-22 09:03:53.815,68763.0,0.01836,B,1262.4886800000002,434900275478358
1774170233815,2026-03-22 09:03:53.815,68763.0,0.03373,B,2319.37599,934584020867048
1774170234622,2026-03-22 09:03:54.622,68762.0,0.0262,A,1801.5644,915920163545041
1774170235489,2026-03-22 09:03:55.489,68763.0,0.00177,B,121.71051,770944536813378
1774170236882,2026-03-22 09:03:56.882,68763.0,0.03,B,2062.89,337379527133286
1774170237095,2026-03-22 09:03:57.095,68762.0,0.00016,A,11.00192,913676051784484
1774170237865,2026-03-22 09:03:57.865,68763.0,0.0015,B,103.14450000000001,412353401705572
1774170238311,2026-03-22 09:03:58.311,68762.0,0.0118,A,811.3915999999999,178038406275818
1774170240619,2026-03-22 09:04:00.619,68763.0,0.00045,B,30.94335,280443680878547
1774170241019,2026-03-22 09:04:01.019,68762.0,0.00238,A,163.65356,185279156960613
1774170241350,2026-03-22 09:04:01.350,68762.0,0.06939,A,4771.3951799999995,949454658897726
1774170241528,2026-03-22 09:04:01.528,68762.0,0.3249,A,22340.773800000003,368848690381702
1774170241528,2026-03-22 09:04:01.528,68762.0,0.00017,A,11.689540000000001,898506200979096
1774170241528,2026-03-22 09:04:01.528,68761.0,0.00017,A,11.68937,711316927175568
1774170241528,2026-03-22 09:04:01.528,68761.0,0.00017,A,11.68937,998696094259146
1774170241528,2026-03-22 09:04:01.528,68761.0,0.00015,A,10.31415,409131778633081
1774170241528,2026-03-22 09:04:01.528,68760.0,0.00017,A,11.689200000000001,737570108693535
1774170241528,2026-03-22 09:04:01.528,68759.0,0.00017,A,11.68903,713695665164613
1774170241528,2026-03-22 09:04:01.528,68758.0,0.00017,A,11.68886,682161050483423
1774170241633,2026-03-22 09:04:01.633,68757.0,0.00017,A,11.688690000000001,515295038087974
1774170241633,2026-03-22 09:04:01.633,68757.0,0.00017,A,11.688690000000001,267596264505474
1774170241633,2026-03-22 09:04:01.633,68756.0,0.00017,A,11.68852,647635198088808
1774170241633,2026-03-22 09:04:01.633,68755.0,0.00017,A,11.688350000000002,656636535799385
1774170242450,2026-03-22 09:04:02.450,68754.0,0.00017,A,11.688180000000001,541243943266476
1774170242450,2026-03-22 09:04:02.450,68754.0,0.003,A,206.262,737201539835497
1774170242450,2026-03-22 09:04:02.450,68754.0,0.00453,A,311.45562,510621575732360
1774170244066,2026-03-22 09:04:04.066,68754.0,0.00142,A,97.63068,854895763664396
1774170244142,2026-03-22 09:04:04.142,68754.0,0.43035,A,29588.283900000002,957519299913579
1774170244142,2026-03-22 09:04:04.142,68754.0,0.00017,A,11.688180000000001,78923012796182
1774170245078,2026-03-22 09:04:05.078,68753.0,0.00017,A,11.68801,1114987603547567
1774170245078,2026-03-22 09:04:05.078,68753.0,0.00366,A,251.63598000000002,847426991205430
1774170245764,2026-03-22 09:04:05.764,68753.0,0.00402,A,276.38706,713323606675421
1774170245888,2026-03-22 09:04:05.888,68753.0,0.00349,A,239.94797,597345610941035
1774170245888,2026-03-22 09:04:05.888,68753.0,0.00349,A,239.94797,286096034208025
1774170246089,2026-03-22 09:04:06.089,68754.0,0.0156,B,1072.5624,101557470143228
1774170246089,2026-03-22 09:04:06.089,68754.0,0.04827,B,3318.75558,797909243012962
1774170246231,2026-03-22 09:04:06.231,68754.0,0.00015,B,10.313099999999999,877514842654795
1774170246704,2026-03-22 09:04:06.704,68753.0,0.00045,A,30.93885,191943654055919
1774170246901,2026-03-22 09:04:06.901,68753.0,0.07085,A,4871.15005,819690637766510
1774170246901,2026-03-22 09:04:06.901,68753.0,0.35037,A,24088.98861,655205136146084
1774170246901,2026-03-22 09:04:06.901,68753.0,0.00017,A,11.68801,844312879507257
1774170247912,2026-03-22 09:04:07.912,68752.0,0.004,A,275.008,856374427568934
1774170248034,2026-03-22 09:04:08.034,68753.0,0.00016,B,11.000480000000001,491235858889798
1774170248313,2026-03-22 09:04:08.313,68753.0,0.00034,B,23.37602,30695264023569
1774170248644,2026-03-22 09:04:08.644,68752.0,0.43234,A,29724.23968,465107337257668
1774170248644,2026-03-22 09:04:08.644,68752.0,1.45409,A,99971.59568000001,549986297412004
1774170248644,2026-03-22 09:04:08.644,68752.0,0.16252,A,11173.57504,822792224417138
1774170248644,2026-03-22 09:04:08.644,68752.0,0.07951,A,5466.47152,807466180644733
1774170248644,2026-03-22 09:04:08.644,68752.0,0.07693,A,5289.091359999999,845101740543050
1774170248644,2026-03-22 09:04:08.644,68752.0,0.07108,A,4886.89216,629017881166496
1774170248644,2026-03-22 09:04:08.644,68752.0,0.43114,A,29641.73728,939939154447629
1774170248644,2026-03-22 09:04:08.644,68752.0,0.40894,A,28115.442880000002,1015606008954351
1774170248644,2026-03-22 09:04:08.644,68752.0,0.07003,A,4814.70256,661007387850342
1774170248644,2026-03-22 09:04:08.644,68752.0,0.0699,A,4805.7648,640142673144630
1774170248644,2026-03-22 09:04:08.644,68752.0,0.06393,A,4395.31536,1043744510293141
1774170248644,2026-03-22 09:04:08.644,68752.0,0.34795,A,23922.2584,210150091365602
1774170248644,2026-03-22 09:04:08.644,68752.0,0.1466,A,10079.0432,1083093860769415
1774170248644,2026-03-22 09:04:08.644,68752.0,0.15446,A,10619.43392,371800202841645
1774170248644,2026-03-22 09:04:08.644,68752.0,0.06562,A,4511.50624,357228793478691
1774170248644,2026-03-22 09:04:08.644,68752.0,0.06858,A,4715.01216,698063218477745
1774170248644,2026-03-22 09:04:08.644,68752.0,0.06377,A,4384.3150399999995,294684669454190
1774170248644,2026-03-22 09:04:08.644,68752.0,0.06799,A,4674.44848,1005959185702917
1774170248644,2026-03-22 09:04:08.644,68752.0,0.07122,A,4896.5174400000005,924804232261003
1774170248644,2026-03-22 09:04:08.644,68752.0,0.07013,A,4821.57776,922850245290733
1774170248644,2026-03-22 09:04:08.644,68752.0,0.25372,A,17443.75744,535051878856346
1774170248644,2026-03-22 09:04:08.644,68752.0,0.28214,A,19397.68928,478178310466941
1774170248644,2026-03-22 09:04:08.644,68751.0,0.00017,A,11.68767,442353998218131
1774170248644,2026-03-22 09:04:08.644,68751.0,0.00015,A,10.31265,778028137252220
1774170248644,2026-03-22 09:04:08.644,68750.0,0.00017,A,11.6875,1016150740739458
1774170248644,2026-03-22 09:04:08.644,68750.0,0.00017,A,11.6875,698982999849035
1774170248644,2026-03-22 09:04:08.644,68750.0,0.00015,A,10.312499999999998,113534657683934
1774170248644,2026-03-22 09:04:08.644,68749.0,0.00017,A,11.687330000000001,228461520170354
1774170248644,2026-03-22 09:04:08.644,68748.0,0.00017,A,11.68716,135681033929259
1774170248644,2026-03-22 09:04:08.644,68747.0,0.00017,A,11.686990000000002,388837633905451
1774170248644,2026-03-22 09:04:08.644,68746.0,0.00017,A,11.68682,1004197243198538
1774170248644,2026-03-22 09:04:08.644,68746.0,0.00017,A,11.68682,673050953503202
1774170248644,2026-03-22 09:04:08.644,68745.0,0.00017,A,11.68665,1043168982823611
1774170248644,2026-03-22 09:04:08.644,68744.0,0.00017,A,11.686480000000001,959956870817609
1774170248644,2026-03-22 09:04:08.644,68744.0,0.003,A,206.232,548929096349873
1774170248644,2026-03-22 09:04:08.644,68744.0,0.0157,A,1079.2808,413074124887725
1774170248644,2026-03-22 09:04:08.644,68744.0,0.01669,A,1147.33736,995369186127447
1774170248644,2026-03-22 09:04:08.644,68743.0,0.00017,A,11.68631,228092613417771
1774170248644,2026-03-22 09:04:08.644,68743.0,0.00017,A,11.68631,1019519392606512
1774170248644,2026-03-22 09:04:08.644,68743.0,0.02192,A,1506.84656,870526400960291
1774170248644,2026-03-22 09:04:08.644,68743.0,0.02299,A,1580.40157,1086831331266686
1774170248644,2026-03-22 09:04:08.644,68743.0,0.00015,A,10.311449999999999,443309889838104
1774170248644,2026-03-22 09:04:08.644,68743.0,0.21822,A,15001.097459999999,998937441307140
1774170248644,2026-03-22 09:04:08.644,68742.0,0.00017,A,11.68614,426228112515972
1774170248644,2026-03-22 09:04:08.644,68742.0,0.05665,A,3894.2343,786277120013500
1774170248644,2026-03-22 09:04:08.644,68742.0,0.003,A,206.226,379672591603576
1774170248644,2026-03-22 09:04:08.644,68742.0,0.29186,A,20063.04012,833056986389402
1774170248644,2026-03-22 09:04:08.644,68742.0,0.07345,A,5049.0999,326275738975663
1774170248644,2026-03-22 09:04:08.644,68742.0,0.066,A,4536.972000000001,854464774395619
1774170248644,2026-03-22 09:04:08.644,68742.0,0.0021,A,144.35819999999998,313065996364945
1774170248644,2026-03-22 09:04:08.644,68741.0,0.00017,A,11.685970000000001,1077418862448960
1774170248644,2026-03-22 09:04:08.644,68740.0,0.02,A,1374.8,706076416249198
1774170248644,2026-03-22 09:04:08.644,68740.0,0.00017,A,11.6858,623051446402484
1774170248644,2026-03-22 09:04:08.644,68740.0,0.01669,A,1147.2706,118697307153657
1774170248644,2026-03-22 09:04:08.644,68739.0,0.00017,A,11.685630000000002,168859282957727
1774170248644,2026-03-22 09:04:08.644,68739.0,0.01163,A,799.43457,617975326442446
1774170248644,2026-03-22 09:04:08.644,68739.0,0.00017,A,11.685630000000002,657632430030707
1774170248644,2026-03-22 09:04:08.644,68739.0,0.39978,A,27480.477420000003,614478450762993
1774170248644,2026-03-22 09:04:08.644,68738.0,0.00017,A,11.68546,486374708532989
1774170248644,2026-03-22 09:04:08.644,68738.0,0.00524,A,360.18712,167486575106478
1774170248644,2026-03-22 09:04:08.644,68738.0,3.04992,A,209645.40096,865305385954743
1774170248644,2026-03-22 09:04:08.644,68738.0,0.41256,A,28358.54928,584458370286806
1774170248644,2026-03-22 09:04:08.644,68737.0,0.00017,A,11.68529,531241202390604
1774170248644,2026-03-22 09:04:08.644,68737.0,0.90935,A,62505.99095,562015342047710
1774170248644,2026-03-22 09:04:08.644,68737.0,1.3094,A,90004.2278,476130415869124
1774170248644,2026-03-22 09:04:08.644,68737.0,0.54532,A,37483.660840000004,1121137208605511
1774170248644,2026-03-22 09:04:08.644,68736.0,0.00015,A,10.3104,678665677482614
1774170248644,2026-03-22 09:04:08.644,68736.0,0.07326,A,5035.59936,1065018038227780
1774170248644,2026-03-22 09:04:08.644,68736.0,0.25614,A,17606.03904,364266833263323
1774170248644,2026-03-22 09:04:08.644,68736.0,0.00017,A,11.685120000000001,584213430361231
1774170248644,2026-03-22 09:04:08.644,68736.0,0.72749,A,50004.75264,885594691528186
1774170248644,2026-03-22 09:04:08.644,68736.0,0.50924,A,35003.12064,248798243612482
1774170248644,2026-03-22 09:04:08.644,68736.0,0.07272,A,4998.48192,251368067609005
1774170248644,2026-03-22 09:04:08.644,68736.0,0.01669,A,1147.20384,10734580473099
1774170248644,2026-03-22 09:04:08.644,68735.0,0.00017,A,11.68495,1038397317464598
1774170248644,2026-03-22 09:04:08.644,68735.0,0.00017,A,11.68495,258589821224286
1774170248644,2026-03-22 09:04:08.644,68735.0,0.001,A,68.735,218964987986262
1774170248644,2026-03-22 09:04:08.644,68735.0,0.29186,A,20060.9971,993964926058322
1774170248644,2026-03-22 09:04:08.644,68735.0,0.20844,A,14327.123399999999,755370241942999
1774170249123,2026-03-22 09:04:09.123,68753.0,0.00033,B,22.68849,974630258441958
1774170249449,2026-03-22 09:04:09.449,68753.0,0.02534,B,1742.2010200000002,460336530844234
1774170251049,2026-03-22 09:04:11.049,68752.0,0.00017,A,11.687840000000001,282318318648278
1774170251351,2026-03-22 09:04:11.351,68753.0,0.12193,B,8383.05329,112825230943542
1774170251351,2026-03-22 09:04:11.351,68753.0,0.30587,B,21029.480109999997,596419423626840
1774170251351,2026-03-22 09:04:11.351,68753.0,0.18714,B,12866.43642,225199040992139
1774170251351,2026-03-22 09:04:11.351,68753.0,0.00018,B,12.37554,380059588071745
1774170251351,2026-03-22 09:04:11.351,68753.0,0.01017,B,699.21801,516322619213821
1774170251351,2026-03-22 09:04:11.351,68753.0,0.02908,B,1999.33724,158677392867397
1774170251351,2026-03-22 09:04:11.351,68753.0,0.05665,B,3894.85745,41537669196663
1774170251351,2026-03-22 09:04:11.351,68753.0,0.02328,B,1600.5698399999999,65549641601461
1774170251351,2026-03-22 09:04:11.351,68753.0,0.0407,B,2798.2471,821521528713683
1774170251351,2026-03-22 09:04:11.351,68754.0,0.00015,B,10.313099999999999,596947429595654
1774170251351,2026-03-22 09:04:11.351,68754.0,0.00017,B,11.688180000000001,1039919085069628
1774170251351,2026-03-22 09:04:11.351,68755.0,0.001,B,68.755,869268698360943
1774170251351,2026-03-22 09:04:11.351,68755.0,0.25437,B,17489.209349999997,21212489571382
1774170251351,2026-03-22 09:04:11.351,68755.0,0.00022,B,15.126100000000001,255063896693604
1774170251351,2026-03-22 09:04:11.351,68755.0,0.20349,B,13990.954950000001,10829029280884
1774170251351,2026-03-22 09:04:11.351,68755.0,0.00015,B,10.313249999999998,853959960047274
1774170251351,2026-03-22 09:04:11.351,68755.0,0.00017,B,11.688350000000002,1122108343607410
1774170251351,2026-03-22 09:04:11.351,68755.0,0.21965,B,15102.035750000001,154782886367622
1774170253029,2026-03-22 09:04:13.029,68755.0,0.00022,B,15.126100000000001,1065417062106436
1774170254060,2026-03-22 09:04:14.060,68754.0,0.00415,A,285.3291,951172317773351
1774170254060,2026-03-22 09:04:14.060,68755.0,0.00023,B,15.81365,214351642590964
1774170255063,2026-03-22 09:04:15.063,68755.0,0.00057,B,39.190349999999995,600601314167397
1774170258313,2026-03-22 09:04:18.313,68755.0,0.00354,B,243.39270000000002,332195820699337
1774170258433,2026-03-22 09:04:18.433,68754.0,0.0023,A,158.1342,125426276865967
1774170259045,2026-03-22 09:04:19.045,68754.0,0.00049,A,33.68946,721380900570085
1774170262536,2026-03-22 09:04:22.536,68754.0,6e-05,A,4.12524,347637232748222
1774170265078,2026-03-22 09:04:25.078,68755.0,0.05369,B,3691.45595,920893950922068
1774170267167,2026-03-22 09:04:27.167,68755.0,6e-05,B,4.1253,547650144498488
1774170271080,2026-03-22 09:04:31.080,68754.0,0.00237,A,162.94698,418551324658441
1774170272195,2026-03-22 09:04:32.195,68754.0,0.12617,A,8674.69218,393464469180407
1774170272275,2026-03-22 09:04:32.275,68754.0,8e-05,A,5.50032,708498777593781
1774170273512,2026-03-22 09:04:33.512,68754.0,0.00591,A,406.33614,994454264431503
1774170273512,2026-03-22 09:04:33.512,68754.0,0.01862,A,1280.19948,663712482228186
1774170274052,2026-03-22 09:04:34.052,68754.0,0.00141,A,96.94314,343654523958845
1774170274423,2026-03-22 09:04:34.423,68755.0,0.001,B,68.755,961950792558746
1774170274827,2026-03-22 09:04:34.827,68754.0,0.00031,A,21.31374,1109799680618230
1774170275416,2026-03-22 09:04:35.416,68754.0,0.00218,A,149.88372,621740635618365
1774170276046,2026-03-22 09:04:36.046,68755.0,0.0579,B,3980.9145,946792459308680
1774170277358,2026-03-22 09:04:37.358,68755.0,0.00031,B,21.31405,411316966668745
1774170277758,2026-03-22 09:04:37.758,68755.0,0.01252,B,860.8126,1028314889497354
1774170278064,2026-03-22 09:04:38.064,68755.0,0.00016,B,11.000800000000002,831275500267282
1774170278252,2026-03-22 09:04:38.252,68754.0,0.00015,A,10.313099999999999,479854609718135
1774170279269,2026-03-22 09:04:39.269,68754.0,0.06568,A,4515.76272,178650624913607
1774170281975,2026-03-22 09:04:41.975,68755.0,0.01,B,687.5500000000001,125686424631830
1774170282825,2026-03-22 09:04:42.825,68754.0,0.43634,A,30000.12036,1080204163277308
1774170282825,2026-03-22 09:04:42.825,68754.0,0.00043,A,29.56422,769855566074300
1774170282825,2026-03-22 09:04:42.825,68754.0,0.001,A,68.754,757827550221908
1774170282825,2026-03-22 09:04:42.825,68754.0,0.18388,A,12642.485519999998,623346179598184
1774170282825,2026-03-22 09:04:42.825,68754.0,0.0002,A,13.7508,274576328209430
1774170282825,2026-03-22 09:04:42.825,68754.0,0.00017,A,11.688180000000001,790998222584638
1774170282825,2026-03-22 09:04:42.825,68753.0,0.00017,A,11.68801,61367723805784
1774170283687,2026-03-22 09:04:43.687,68751.0,0.00017,A,11.68767,713111490204762
1774170283687,2026-03-22 09:04:43.687,68750.0,0.00017,A,11.6875,179681531138415
1774170283687,2026-03-22 09:04:43.687,68750.0,0.00017,A,11.6875,629724236819893
1774170283687,2026-03-22 09:04:43.687,68749.0,0.00017,A,11.687330000000001,1105499785000767
1774170283687,2026-03-22 09:04:43.687,68748.0,0.00017,A,11.68716,107041675426562
1774170283687,2026-03-22 09:04:43.687,68747.0,0.003,A,206.241,758502309612365
1774170283687,2026-03-22 09:04:43.687,68747.0,0.00017,A,11.686990000000002,1017291126606928
1774170284063,2026-03-22 09:04:44.063,68746.0,0.00017,A,11.68682,800153096878667
1774170284063,2026-03-22 09:04:44.063,68746.0,0.00017,A,11.68682,839066327781783
1774170284063,2026-03-22 09:04:44.063,68745.0,0.00017,A,11.68665,1116448061906940
1774170284063,2026-03-22 09:04:44.063,68744.0,0.00017,A,11.686480000000001,320173157557523
1774170284063,2026-03-22 09:04:44.063,68744.0,0.00348,A,239.22912,384018072341852
1774170285025,2026-03-22 09:04:45.025,68745.0,0.00056,B,38.4972,386523211980851
1774170289082,2026-03-22 09:04:49.082,68744.0,0.00049,A,33.68456,926383620081794
1774170291119,2026-03-22 09:04:51.119,68745.0,0.58179,B,39995.15355,388161107592663
1774170291119,2026-03-22 09:04:51.119,68745.0,0.09811,B,6744.5719500000005,607040788425451
1774170291119,2026-03-22 09:04:51.119,68745.0,0.21,B,14436.449999999999,331419121814296
1774170291119,2026-03-22 09:04:51.119,68745.0,0.21,B,14436.449999999999,314063803665734
1774170291119,2026-03-22 09:04:51.119,68745.0,0.1187,B,8160.0315,435083943536135
1774170291119,2026-03-22 09:04:51.119,68745.0,0.08766,B,6026.1867,665319798712086
1774170291119,2026-03-22 09:04:51.119,68745.0,0.21,B,14436.449999999999,876112244992289
1774170291119,2026-03-22 09:04:51.119,68745.0,0.35,B,24060.75,757499762128287
1774170291119,2026-03-22 09:04:51.119,68745.0,0.40023,B,27513.81135,217717584160394
1774170291119,2026-03-22 09:04:51.119,68745.0,0.12194,B,8382.765300000001,305304645273551
1774170291119,2026-03-22 09:04:51.119,68745.0,0.21,B,14436.449999999999,1115676530264251
1774170291119,2026-03-22 09:04:51.119,68745.0,0.35,B,24060.75,18724277944779
1774170291119,2026-03-22 09:04:51.119,68745.0,0.09979,B,6860.06355,1005687969982522
1774170291119,2026-03-22 09:04:51.119,68745.0,0.00021,B,14.43645,511813159502481
1774170291119,2026-03-22 09:04:51.119,68745.0,0.02909,B,1999.79205,960459749535696
1774170291119,2026-03-22 09:04:51.119,68745.0,0.02909,B,1999.79205,38214464264160
1774170291119,2026-03-22 09:04:51.119,68745.0,0.00018,B,12.3741,904982052755825
1774170291119,2026-03-22 09:04:51.119,68745.0,0.00017,B,11.68665,837795894563365
1774170291119,2026-03-22 09:04:51.119,68745.0,0.43114,B,29638.7193,962056660382153
1774170291119,2026-03-22 09:04:51.119,68745.0,0.0002,B,13.749,44249956096124
1774170291119,2026-03-22 09:04:51.119,68745.0,0.0407,B,2797.9215,1039162624752694
1774170291119,2026-03-22 09:04:51.119,68745.0,0.01017,B,699.13665,1059275914468831
1774170291119,2026-03-22 09:04:51.119,68745.0,0.07336,B,5043.133199999999,510958182357935
1774170291119,2026-03-22 09:04:51.119,68745.0,0.50918,B,35003.579099999995,77287093863008
1774170291119,2026-03-22 09:04:51.119,68745.0,0.08852,B,6085.3074,237966221182728
1774170291119,2026-03-22 09:04:51.119,68745.0,0.37341,B,25670.070450000003,544772859983894
1774170291119,2026-03-22 09:04:51.119,68745.0,0.36636,B,25185.4182,881511846664074
1774170291614,2026-03-22 09:04:51.614,68744.0,0.18137,A,12468.09928,551159359881435
1774170291614,2026-03-22 09:04:51.614,68744.0,0.25501,A,17530.407440000003,339532105450292
1774170291614,2026-03-22 09:04:51.614,68744.0,0.00017,A,11.686480000000001,844597580519646
1774170291614,2026-03-22 09:04:51.614,68744.0,0.02767,A,1902.14648,1033621259095344
1774170291765,2026-03-22 09:04:51.765,68744.0,0.18137,A,12468.09928,78846140010570
1774170291765,2026-03-22 09:04:51.765,68744.0,0.01742,A,1197.5204800000001,185817824384179
1774170292644,2026-03-22 09:04:52.644,68744.0,0.00019,A,13.06136,187737591084180
1774170295665,2026-03-22 09:04:55.665,68745.0,0.0004,B,27.498,281975367378890
1774170296460,2026-03-22 09:04:56.460,68744.0,0.43639,A,29999.19416,1011551656186168
1774170296460,2026-03-22 09:04:56.460,68744.0,0.00017,A,11.686480000000001,565449242917251
1774170296460,2026-03-22 09:04:56.460,68743.0,0.00017,A,11.68631,521911735750032
1774170296460,2026-03-22 09:04:56.460,68743.0,0.00017,A,11.68631,53083030734415
1774170297269,2026-03-22 09:04:57.269,68743.0,0.01,B,687.4300000000001,287917150573331
1774170297433,2026-03-22 09:04:57.433,68742.0,0.003,A,206.226,256393953781232
1774170297433,2026-03-22 09:04:57.433,68742.0,0.00087,A,59.80554,908946139484249
1774170297433,2026-03-22 09:04:57.433,68742.0,0.32,A,21997.44,394689438194053
1774170297645,2026-03-22 09:04:57.645,68742.0,0.02872,A,1974.2702399999998,748622024261258
1774170298278,2026-03-22 09:04:58.278,68742.0,0.0868,A,5966.805600000001,147587944342695
1774170298278,2026-03-22 09:04:58.278,68742.0,0.00017,A,11.68614,221523788533218
1774170298278,2026-03-22 09:04:58.278,68741.0,0.00017,A,11.685970000000001,376848472024653
1774170298278,2026-03-22 09:04:58.278,68740.0,0.00017,A,11.6858,156886116217251
1774170298483,2026-03-22 09:04:58.483,68739.0,0.00017,A,11.685630000000002,802313728194287
1774170298483,2026-03-22 09:04:58.483,68739.0,0.00017,A,11.685630000000002,426112613571186
1774170298604,2026-03-22 09:04:58.604,68738.0,0.00017,A,11.68546,42129938262391
1774170298604,2026-03-22 09:04:58.604,68738.0,0.00015,A,10.310699999999999,880746437302806
1774170298604,2026-03-22 09:04:58.604,68738.0,0.32607,A,22413.399660000003,380238506939558
1774170298604,2026-03-22 09:04:58.604,68737.0,0.00017,A,11.68529,146420827856919
1774170298604,2026-03-22 09:04:58.604,68736.0,0.00017,A,11.685120000000001,83911013377130
1774170298604,2026-03-22 09:04:58.604,68735.0,0.00017,A,11.68495,93310057250900
1774170298604,2026-03-22 09:04:58.604,68735.0,0.00017,A,11.68495,686360438738896
1774170298604,2026-03-22 09:04:58.604,68734.0,0.00017,A,11.684780000000002,118777193650656
1774170298604,2026-03-22 09:04:58.604,68734.0,0.003,A,206.202,985448852434296
1774170298604,2026-03-22 09:04:58.604,68733.0,0.05566,A,3825.67878,300482432897051
1774170298604,2026-03-22 09:04:58.604,68733.0,0.00017,A,11.684610000000001,19951031213570
1774170299088,2026-03-22 09:04:59.088,68733.0,0.00271,B,186.26643,558586097178633
1774170301032,2026-03-22 09:05:01.032,68732.0,0.00017,A,11.68444,263267969321446
1774170301032,2026-03-22 09:05:01.032,68732.0,0.00221,A,151.89772000000002,558064445814028
1774170301032,2026-03-22 09:05:01.032,68732.0,0.0002,A,13.746400000000001,564213627286126
1774170301032,2026-03-22 09:05:01.032,68733.0,0.00015,B,10.309949999999999,255495718401089
1774170303116,2026-03-22 09:05:03.116,68732.0,0.01465,A,1006.9238,995843770229985
1774170304030,2026-03-22 09:05:04.030,68732.0,0.00142,A,97.59944,541349463851379
1774170306070,2026-03-22 09:05:06.070,68733.0,0.07402,B,5087.616660000001,1071831967846156
1774170306899,2026-03-22 09:05:06.899,68733.0,0.08079,B,5552.93907,846828809465563
1774170306899,2026-03-22 09:05:06.899,68733.0,0.02614,B,1796.68062,351400892082705
1774170306899,2026-03-22 09:05:06.899,68733.0,0.1035,B,7113.8655,1030447518791446
1774170306899,2026-03-22 09:05:06.899,68733.0,0.21,B,14433.93,4829569431592
1774170306899,2026-03-22 09:05:06.899,68733.0,0.0189,B,1299.0537,21798626406577
1774170306899,2026-03-22 09:05:06.899,68733.0,0.07097,B,4877.98101,822764339001171
1774170306899,2026-03-22 09:05:06.899,68733.0,0.08,B,5498.64,842245940740205
1774170306899,2026-03-22 09:05:06.899,68733.0,0.06563,B,4510.94679,1056170604426528
1774170306899,2026-03-22 09:05:06.899,68733.0,0.00259,B,178.01846999999998,575580965375016
1774170306899,2026-03-22 09:05:06.899,68733.0,0.21,B,14433.93,59989708658382
1774170306899,2026-03-22 09:05:06.899,68733.0,0.15958,B,10968.41214,855564668934285
1774170306899,2026-03-22 09:05:06.899,68733.0,0.90634,B,62295.467220000006,346388692778932
1774170306899,2026-03-22 09:05:06.899,68733.0,0.14729,B,10123.683570000001,455341984860052
1774170306899,2026-03-22 09:05:06.899,68733.0,0.08022,B,5513.76126,743533165721819
1774170306899,2026-03-22 09:05:06.899,68733.0,0.34654,B,23818.73382,884482130180313
1774170306899,2026-03-22 09:05:06.899,68733.0,0.0953,B,6550.2549,506789234681692
1774170306899,2026-03-22 09:05:06.899,68733.0,0.35,B,24056.55,245032277136306
1774170306899,2026-03-22 09:05:06.899,68733.0,0.34386,B,23634.52938,237453323574167
1774170306899,2026-03-22 09:05:06.899,68733.0,0.21,B,14433.93,1116411149188437
1774170306899,2026-03-22 09:05:06.899,68733.0,0.10911,B,7499.45763,37895803190567
1774170306899,2026-03-22 09:05:06.899,68733.0,0.43867,B,30151.10511,534881472570431
1774170306899,2026-03-22 09:05:06.899,68733.0,0.01454,B,999.37782,558088947115299
1774170306899,2026-03-22 09:05:06.899,68733.0,0.93003,B,63923.751990000004,907916149737498
1774170307339,2026-03-22 09:05:07.339,68733.0,0.0004,B,27.4932,206347457274713
1774170308024,2026-03-22 09:05:08.024,68733.0,0.00016,B,10.997280000000002,944449892221731
1774170308024,2026-03-22 09:05:08.024,68733.0,0.00017,B,11.684610000000001,119470234512565
1774170308024,2026-03-22 09:05:08.024,68732.0,0.00019,A,13.059080000000002,588887393862811
1774170310610,2026-03-22 09:05:10.610,68733.0,0.00087,B,59.79771,1030568685368905
1774170310930,2026-03-22 09:05:10.930,68733.0,0.00286,B,196.57638,232336708366693
1774170311045,2026-03-22 09:05:11.045,68732.0,0.00017,A,11.68444,389615134871348
1774170311537,2026-03-22 09:05:11.537,68733.0,0.00022,B,15.121260000000001,983804795126993
1774170312740,2026-03-22 09:05:12.740,68732.0,0.00032,A,21.99424,374695678858718
1774170313474,2026-03-22 09:05:13.474,68733.0,0.00213,B,146.40129,401321052224328
1774170314064,2026-03-22 09:05:14.064,68732.0,0.00416,A,285.92512,110973647646918
1774170314359,2026-03-22 09:05:14.359,68732.0,0.41309,A,28392.50188,741277259152866
1774170314359,2026-03-22 09:05:14.359,68732.0,0.00017,A,11.68444,271960559052841
1774170314596,2026-03-22 09:05:14.596,68731.0,0.00017,A,11.684270000000001,841373683126668
1774170314596,2026-03-22 09:05:14.596,68730.0,0.00015,A,10.3095,897883175839669
1774170314596,2026-03-22 09:05:14.596,68730.0,0.00017,A,11.6841,1048083380665044
1774170314596,2026-03-22 09:05:14.596,68729.0,0.00015,A,10.309349999999998,183979977476685
1774170314596,2026-03-22 09:05:14.596,68729.0,0.00017,A,11.68393,524041460685657
1774170314596,2026-03-22 09:05:14.596,68728.0,0.00017,A,11.683760000000001,797463225658241
1774170314596,2026-03-22 09:05:14.596,68728.0,0.00022,A,15.12016,789393445637908
1774170314596,2026-03-22 09:05:14.596,68727.0,0.00017,A,11.68359,126601084289506
1774170314596,2026-03-22 09:05:14.596,68727.0,0.003,A,206.181,1016525534975083
1774170314596,2026-03-22 09:05:14.596,68727.0,0.00015,A,10.30905,309472885179100
1774170314596,2026-03-22 09:05:14.596,68726.0,0.00017,A,11.683420000000002,83030161350568
1774170314596,2026-03-22 09:05:14.596,68725.0,0.00017,A,11.683250000000001,945236124614694
1774170314596,2026-03-22 09:05:14.596,68724.0,0.00017,A,11.68308,720972289475025
1774170314596,2026-03-22 09:05:14.596,68724.0,0.00017,A,11.68308,422108637664370
1774170314596,2026-03-22 09:05:14.596,68723.0,0.00017,A,11.682910000000001,1011630255096926
1774170314596,2026-03-22 09:05:14.596,68722.0,0.00017,A,11.68274,763424628257572
1774170314596,2026-03-22 09:05:14.596,68722.0,0.003,A,206.166,84740263883946
1774170314596,2026-03-22 09:05:14.596,68721.0,0.01188,A,816.40548,639440877726544
1774170314596,2026-03-22 09:05:14.596,68721.0,0.00017,A,11.68257,624256983342858
1774170314596,2026-03-22 09:05:14.596,68721.0,0.00015,A,10.30815,291547521867839
1774170314596,2026-03-22 09:05:14.596,68721.0,0.00017,A,11.68257,950582658659241
1774170314596,2026-03-22 09:05:14.596,68720.0,0.00015,A,10.308,862102270571924
1774170314596,2026-03-22 09:05:14.596,68720.0,0.00017,A,11.682400000000001,1011789976071964
1774170314596,2026-03-22 09:05:14.596,68719.0,0.00436,A,299.61484,886427215713408
1774170314596,2026-03-22 09:05:14.596,68719.0,0.00017,A,11.68223,273985911385536
1774170314596,2026-03-22 09:05:14.596,68719.0,0.01164,A,799.88916,743774740727418
1774170314596,2026-03-22 09:05:14.596,68718.0,0.00017,A,11.682060000000002,158869068766771
1774170314596,2026-03-22 09:05:14.596,68718.0,0.02145,A,1474.0011,259049949647476
1774170314596,2026-03-22 09:05:14.596,68718.0,0.01921,A,1320.0727800000002,553107167760507
1774170314596,2026-03-22 09:05:14.596,68717.0,0.00017,A,11.681890000000001,910845610865531
1774170314596,2026-03-22 09:05:14.596,68717.0,0.00017,A,11.681890000000001,735721582368613
1774170314596,2026-03-22 09:05:14.596,68717.0,0.02143,A,1472.6053100000001,770849139481958
1774170314681,2026-03-22 09:05:14.681,68717.0,0.00684,A,470.02428,844799393203494
1774170315075,2026-03-22 09:05:15.075,68718.0,0.00057,B,39.16926,320536262708953
1774170315870,2026-03-22 09:05:15.870,68718.0,0.00035,B,24.0513,1076535885526761
1774170316177,2026-03-22 09:05:16.177,68717.0,0.01,A,687.17,1093078625395140
1774170316177,2026-03-22 09:05:16.177,68717.0,0.0183,A,1257.5211,959727588762699
1774170316978,2026-03-22 09:05:16.978,68717.0,0.0002,A,13.743400000000001,174622474926741
1774170319003,2026-03-22 09:05:19.003,68717.0,0.00052,A,35.732839999999996,719642348849711
1774170319819,2026-03-22 09:05:19.819,68718.0,0.00018,B,12.369240000000001,580584977356135
1774170319819,2026-03-22 09:05:19.819,68718.0,0.00017,B,11.682060000000002,1037467635653747
1774170319819,2026-03-22 09:05:19.819,68718.0,0.00109,B,74.90262,1015708860829206
1774170319902,2026-03-22 09:05:19.902,68717.0,0.00017,A,11.681890000000001,820953837871025
1774170320113,2026-03-22 09:05:20.113,68718.0,0.02801,B,1924.79118,209238651124761
1774170320113,2026-03-22 09:05:20.113,68718.0,1.09161,B,75013.25598,1069480802655199
1774170320113,2026-03-22 09:05:20.113,68718.0,0.00146,B,100.32827999999999,623164469688858
1774170320113,2026-03-22 09:05:20.113,68718.0,0.01017,B,698.86206,349707174091858
1774170320113,2026-03-22 09:05:20.113,68718.0,0.04071,B,2797.5097800000003,1027211438186294
1774170320113,2026-03-22 09:05:20.113,68718.0,0.06777,B,4657.01886,529033591265317
1774170320113,2026-03-22 09:05:20.113,68718.0,0.07469,B,5132.547420000001,490788250313895
1774170320113,2026-03-22 09:05:20.113,68718.0,0.08671,B,5958.53778,1003613554190034
1774170320113,2026-03-22 09:05:20.113,68718.0,0.00686,B,471.40548,479325010547935
1774170320113,2026-03-22 09:05:20.113,68719.0,0.00017,B,11.68223,974265528630751
1774170320113,2026-03-22 09:05:20.113,68719.0,0.0291,B,1999.7229,970335933820666
1774170320113,2026-03-22 09:05:20.113,68719.0,0.00015,B,10.307849999999998,576740591625968
1774170320113,2026-03-22 09:05:20.113,68719.0,0.50937,B,35003.39703,1104530801880573
1774170320113,2026-03-22 09:05:20.113,68720.0,0.00017,B,11.682400000000001,850397710878904
1774170320113,2026-03-22 09:05:20.113,68720.0,0.15,B,10308.0,151243331819274
1774170320113,2026-03-22 09:05:20.113,68720.0,0.20359,B,13990.7048,591191390273821
1774170320113,2026-03-22 09:05:20.113,68720.0,0.00015,B,10.308,938374964806216
1774170320113,2026-03-22 09:05:20.113,68721.0,0.00017,B,11.68257,978029468636707
1774170320113,2026-03-22 09:05:20.113,68721.0,0.001,B,68.721,703648272801087
1774170320113,2026-03-22 09:05:20.113,68722.0,0.00017,B,11.68274,1108571805762370
1774170320113,2026-03-22 09:05:20.113,68722.0,0.72767,B,50006.93774,12053066245060
1774170320113,2026-03-22 09:05:20.113,68722.0,1.30982,B,90013.45004,418719210481626
1774170320113,2026-03-22 09:05:20.113,68722.0,0.50937,B,35004.92514,564634903496892
1774170320113,2026-03-22 09:05:20.113,68723.0,0.00145,B,99.64835,953258189682288
1774170320113,2026-03-22 09:05:20.113,68723.0,0.14966,B,10285.08418,147940718736764
1774170320113,2026-03-22 09:05:20.113,68717.0,0.44399,A,30509.66083,754144684907417
1774170320258,2026-03-22 09:05:20.258,68722.0,0.02204,A,1514.6328800000001,149528117052600
1774170320779,2026-03-22 09:05:20.779,68723.0,0.0207,B,1422.5661,1010591101689543
1774170321885,2026-03-22 09:05:21.885,68722.0,0.00015,A,10.3083,707682799821186
1774170322645,2026-03-22 09:05:22.645,68723.0,0.07377,B,5069.69571,587226680260015
1774170323673,2026-03-22 09:05:23.673,68722.0,0.09944,A,6833.71568,5179582946148
1774170325477,2026-03-22 09:05:25.477,68723.0,0.0455,B,3126.8965,559564232297350
1774170327092,2026-03-22 09:05:27.092,68722.0,0.00237,A,162.87114,1097848599320649
1774170329775,2026-03-22 09:05:29.775,68723.0,0.00018,B,12.370140000000001,65691548356422
1774170329775,2026-03-22 09:05:29.775,68723.0,0.0291,B,1999.8393,885846224166559
1774170329775,2026-03-22 09:05:29.775,68723.0,0.00102,B,70.09746,1120473733292147
1774170329775,2026-03-22 09:05:29.775,68723.0,0.00335,B,230.22205,176680349603869
1774170329775,2026-03-22 09:05:29.775,68723.0,0.00017,B,11.682910000000001,544209905590388
1774170329951,2026-03-22 09:05:29.951,68724.0,0.00017,B,11.68308,121415363119867
1774170329951,2026-03-22 09:05:29.951,68724.0,0.00015,B,10.308599999999998,261232711907202
1774170329951,2026-03-22 09:05:29.951,68724.0,0.00075,B,51.543,375336535895640
1774170329951,2026-03-22 09:05:29.951,68725.0,0.00017,B,11.683250000000001,598490668383796
1774170329951,2026-03-22 09:05:29.951,68725.0,0.00015,B,10.30875,953936837570443
1774170330322,2026-03-22 09:05:30.322,68727.0,0.00017,B,11.68359,1095629528448340
1774170330322,2026-03-22 09:05:30.322,68727.0,0.00017,B,11.68359,486738253809039
1774170330322,2026-03-22 09:05:30.322,68727.0,0.0291,B,1999.9557,297954189678131
1774170330965,2026-03-22 09:05:30.965,68727.0,0.01045,A,718.19715,554129665503474
1774170330965,2026-03-22 09:05:30.965,68727.0,0.01198,A,823.3494599999999,780691109704659
1774170331040,2026-03-22 09:05:31.040,68727.0,0.00238,A,163.57026000000002,977192509335844
1774170333365,2026-03-22 09:05:33.365,68728.0,0.00016,B,10.99648,581990608195631
1774170333583,2026-03-22 09:05:33.583,68728.0,1e-05,B,0.68728,685487613015738
1774170333583,2026-03-22 09:05:33.583,68728.0,0.003,B,206.184,910105551767953
1774170333583,2026-03-22 09:05:33.583,68728.0,0.0291,B,1999.9848,737325827377523
1774170333583,2026-03-22 09:05:33.583,68728.0,0.00018,B,12.37104,982785059158083
1774170333583,2026-03-22 09:05:33.583,68729.0,0.00017,B,11.68393,460419030832813
1774170333583,2026-03-22 09:05:33.583,68729.0,1.09145,B,75014.26705,150714092175170
1774170333583,2026-03-22 09:05:33.583,68729.0,0.00015,B,10.309349999999998,172406298498517
1774170333583,2026-03-22 09:05:33.583,68729.0,0.02909,B,1999.32661,204516126583526
1774170333583,2026-03-22 09:05:33.583,68730.0,0.00017,B,11.6841,453718222109695
1774170333583,2026-03-22 09:05:33.583,68730.0,0.04072,B,2798.6856,569707601954280
1774170333583,2026-03-22 09:05:33.583,68730.0,0.00015,B,10.3095,318945315530365
1774170333583,2026-03-22 09:05:33.583,68731.0,0.00017,B,11.684270000000001,845661602080120
1774170333583,2026-03-22 09:05:33.583,68731.0,0.5658,B,38887.9998,653677775304451
1774170333583,2026-03-22 09:05:33.583,68731.0,0.00017,B,11.684270000000001,61923003782195
1774170333583,2026-03-22 09:05:33.583,68731.0,0.00043,B,29.55433,709798331586912
1774170333583,2026-03-22 09:05:33.583,68731.0,0.05665,B,3893.6111499999997,291681778268770
1774170333583,2026-03-22 09:05:33.583,68731.0,0.00015,B,10.30965,903989576221482
1774170333583,2026-03-22 09:05:33.583,68732.0,0.00017,B,11.68444,714936637229635
1774170333583,2026-03-22 09:05:33.583,68732.0,0.68227,B,46893.78164,362686295336090
1774170333767,2026-03-22 09:05:33.767,68731.0,0.00015,A,10.30965,421751049322631
1774170333863,2026-03-22 09:05:33.863,68732.0,0.00022,B,15.12104,831475903749291
1774170334111,2026-03-22 09:05:34.111,68731.0,0.00142,A,97.59802,13259803773284
1774170336123,2026-03-22 09:05:36.123,68732.0,0.04357,B,2994.6532399999996,1071059983602272
1774170336777,2026-03-22 09:05:36.777,68732.0,0.01657,B,1138.8892400000002,266196457274249
1774170337668,2026-03-22 09:05:37.668,68732.0,0.00023,B,15.80836,964145192671065
1774170338052,2026-03-22 09:05:38.052,68732.0,0.00016,B,10.99712,228959360264198
1774170339681,2026-03-22 09:05:39.681,68732.0,0.01657,B,1138.8892400000002,546566120958338
1774170341002,2026-03-22 09:05:41.002,68731.0,0.00017,A,11.684270000000001,65933703809090
1774170341815,2026-03-22 09:05:41.815,68732.0,0.00071,B,48.79972,1001418871238350
1774170341815,2026-03-22 09:05:41.815,68732.0,0.00074,B,50.86168,64709061648928
1774170341957,2026-03-22 09:05:41.957,68731.0,0.0003,A,20.6193,110391058282461
1774170342412,2026-03-22 09:05:42.412,68732.0,0.001,B,68.732,1043377616169400
1774170342828,2026-03-22 09:05:42.828,68731.0,0.00172,A,118.21732,415245131657328
1774170343016,2026-03-22 09:05:43.016,68731.0,0.01,A,687.3100000000001,567981155454892
1774170344029,2026-03-22 09:05:44.029,68731.0,0.00416,A,285.92096,182599398914324
1774170345043,2026-03-22 09:05:45.043,68732.0,0.00056,B,38.48992,27084419869642
1774170346513,2026-03-22 09:05:46.513,68732.0,0.00408,B,280.42656,81940217022763
1774170347864,2026-03-22 09:05:47.864,68732.0,0.00017,B,11.68444,790164968468647
1774170347864,2026-03-22 09:05:47.864,68732.0,0.02909,B,1999.41388,442864218020564
1774170347864,2026-03-22 09:05:47.864,68733.0,0.003,B,206.199,777774104190708
1774170347864,2026-03-22 09:05:47.864,68733.0,0.00017,B,11.684610000000001,557686697210721
1774170347864,2026-03-22 09:05:47.864,68733.0,0.00015,B,10.309949999999999,221789397569
1774170347864,2026-03-22 09:05:47.864,68733.0,0.0003,B,20.619899999999998,161216389151132
1774170347864,2026-03-22 09:05:47.864,68734.0,0.00017,B,11.684780000000002,192609265336191
1774170347864,2026-03-22 09:05:47.864,68734.0,0.00017,B,11.684780000000002,158062039982015
1774170347864,2026-03-22 09:05:47.864,68734.0,0.00015,B,10.310099999999998,866029382144732
1774170347923,2026-03-22 09:05:47.923,68735.0,0.00017,B,11.68495,656234011104340
1774170347923,2026-03-22 09:05:47.923,68736.0,0.00017,B,11.685120000000001,439935362290081
1774170347923,2026-03-22 09:05:47.923,68736.0,0.00029,B,19.93344,328935568285203
1774170348267,2026-03-22 09:05:48.267,68737.0,0.00017,B,11.68529,110181625435406
1774170348267,2026-03-22 09:05:48.267,68737.0,0.00018,B,12.372660000000002,177936801510861
1774170348267,2026-03-22 09:05:48.267,68738.0,0.00017,B,11.68546,605577311506804
1774170348267,2026-03-22 09:05:48.267,68738.0,0.00017,B,11.68546,262173207697834
1774170348267,2026-03-22 09:05:48.267,68738.0,0.03402,B,2338.4667600000002,746936968554620
1774170348536,2026-03-22 09:05:48.536,68737.0,0.001,A,68.737,588664769006881
1774170348793,2026-03-22 09:05:48.793,68739.0,0.00017,B,11.685630000000002,179299327738854
1774170348793,2026-03-22 09:05:48.793,68739.0,0.00022,B,15.122580000000001,345227530055825
1774170348926,2026-03-22 09:05:48.926,68740.0,0.00017,B,11.6858,13078999342703
1774170348926,2026-03-22 09:05:48.926,68741.0,5e-05,B,3.43705,336317869395426
1774170349084,2026-03-22 09:05:49.084,68739.0,0.00051,A,35.05689,584198146025994
1774170349084,2026-03-22 09:05:49.084,68741.0,0.00012,B,8.24892,792839569102848
1774170349084,2026-03-22 09:05:49.084,68742.0,0.0001,B,6.8742,517079864510887
1774170349805,2026-03-22 09:05:49.805,68742.0,0.00017,B,11.68614,75407967512585
1774170349805,2026-03-22 09:05:49.805,68742.0,0.003,B,206.226,131031503828990
1774170349805,2026-03-22 09:05:49.805,68742.0,0.00018,B,12.373560000000001,626984648063312
1774170349805,2026-03-22 09:05:49.805,68743.0,0.00017,B,11.68631,86593039724747
1774170349805,2026-03-22 09:05:49.805,68743.0,0.00046,B,31.62178,841481808669650
1774170350006,2026-03-22 09:05:50.006,68743.0,0.00871,B,598.75153,238320966080170
1774170351012,2026-03-22 09:05:51.012,68743.0,0.01657,B,1139.07151,626760950035392
1774170352520,2026-03-22 09:05:52.520,68743.0,0.00144,B,98.98992000000001,721378529599526
1774170352520,2026-03-22 09:05:52.520,68743.0,0.00028,B,19.24804,560607521566005
1774170352823,2026-03-22 09:05:52.823,68743.0,0.00017,B,11.68631,365658854825993
1774170354719,2026-03-22 09:05:54.719,68743.0,0.01657,B,1139.07151,783054066357282
1774170355236,2026-03-22 09:05:55.236,68742.0,0.00015,A,10.3113,924015435014790
1774170358432,2026-03-22 09:05:58.432,68742.0,0.01,A,687.42,786216500206495
1774170361074,2026-03-22 09:06:01.074,68742.0,0.00238,A,163.60596,947571786608880
1774170361475,2026-03-22 09:06:01.475,68743.0,0.00017,B,11.68631,22887470810492
1774170361475,2026-03-22 09:06:01.475,68743.0,0.01729,B,1188.56647,846647940719528
1774170361572,2026-03-22 09:06:01.572,68742.0,0.00334,A,229.59828000000002,657643466218196
1774170362985,2026-03-22 09:06:02.985,68743.0,0.00033,B,22.68519,894241625264327
1774170363397,2026-03-22 09:06:03.397,68743.0,0.00022,B,15.12346,1034205631568753
1774170363898,2026-03-22 09:06:03.898,68743.0,0.00032,B,21.997760000000003,852748182143144
1774170364099,2026-03-22 09:06:04.099,68742.0,0.00142,A,97.61364,1052086819920316
1774170364711,2026-03-22 09:06:04.711,68743.0,0.01093,B,751.36099,974787252963418
1774170364711,2026-03-22 09:06:04.711,68743.0,0.00018,B,12.373740000000002,383544015003563
1774170364711,2026-03-22 09:06:04.711,68743.0,0.00017,B,11.68631,400822632767065
1774170366092,2026-03-22 09:06:06.092,68744.0,0.06507,B,4473.17208,424269145380026
1774170367509,2026-03-22 09:06:07.509,68744.0,0.00035,B,24.0604,735745810436703
1774170368115,2026-03-22 09:06:08.115,68744.0,0.00016,B,10.99904,192868800859085
1774170368319,2026-03-22 09:06:08.319,68744.0,0.36368,B,25000.81792,140543988524560
1774170368319,2026-03-22 09:06:08.319,68743.0,0.00034,A,23.37262,672767997965219
1774170368319,2026-03-22 09:06:08.319,68743.0,0.05805,A,3990.53115,15662743827275
1774170371036,2026-03-22 09:06:11.036,68743.0,0.00017,A,11.68631,139549292650115
1774170371252,2026-03-22 09:06:11.252,68744.0,0.02909,B,1999.76296,1029877875549868
1774170371252,2026-03-22 09:06:11.252,68744.0,0.00017,B,11.686480000000001,345701275818883
1774170371252,2026-03-22 09:06:11.252,68745.0,0.00017,B,11.68665,776325714702076
1774170371252,2026-03-22 09:06:11.252,68745.0,0.00017,B,11.68665,1042764802217179
1774170371955,2026-03-22 09:06:11.955,68746.0,0.00018,B,12.37428,177244304593486
1774170371955,2026-03-22 09:06:11.955,68746.0,0.02909,B,1999.82114,1001291146732098
1774170371955,2026-03-22 09:06:11.955,68747.0,0.00017,B,11.686990000000002,81903716410433
1774170371955,2026-03-22 09:06:11.955,68748.0,0.00017,B,11.68716,316717622876930
1774170371955,2026-03-22 09:06:11.955,68748.0,0.0007,A,48.123599999999996,771635872296876
1774170371955,2026-03-22 09:06:11.955,68748.0,0.00553,A,380.17644,471645553995051
1774170372156,2026-03-22 09:06:12.156,68749.0,0.00017,B,11.687330000000001,1012120201835795
1774170372156,2026-03-22 09:06:12.156,68749.0,0.00017,B,11.687330000000001,894756196704368
1774170372156,2026-03-22 09:06:12.156,68750.0,0.00017,B,11.6875,613134623902602
1774170372156,2026-03-22 09:06:12.156,68750.0,0.003,B,206.25,38936455964389
1774170372156,2026-03-22 09:06:12.156,68750.0,0.00088,B,60.5,667065918095319
1774170373491,2026-03-22 09:06:13.491,68752.0,0.00145,B,99.6904,94518797673052
1774170373564,2026-03-22 09:06:13.564,68752.0,0.00385,B,264.6952,442971756202196
1774170373687,2026-03-22 09:06:13.687,68751.0,0.1345,A,9247.0095,236980107906649
1774170373687,2026-03-22 09:06:13.687,68751.0,0.1155,A,7940.740500000001,66069574944629
1774170374076,2026-03-22 09:06:14.076,68752.0,0.00416,A,286.00831999999997,1002679243539957
1774170375083,2026-03-22 09:06:15.083,68753.0,0.00017,B,11.68801,1122624734141453
1774170375083,2026-03-22 09:06:15.083,68753.0,0.0004,B,27.5012,975159690240215
1774170376580,2026-03-22 09:06:16.580,68752.0,0.00694,A,477.13888,167610576238961
1774170376580,2026-03-22 09:06:16.580,68753.0,0.00072,B,49.50216,841703323755926
1774170379043,2026-03-22 09:06:19.043,68752.0,0.00051,A,35.063520000000004,1105754592541591
1774170379189,2026-03-22 09:06:19.189,68753.0,0.02796,B,1922.33388,1106453958948975
1774170379189,2026-03-22 09:06:19.189,68753.0,0.0002,B,13.7506,644046445924242
1774170379189,2026-03-22 09:06:19.189,68753.0,0.00017,B,11.68801,645370064009602
1774170379189,2026-03-22 09:06:19.189,68753.0,0.00804,B,552.77412,49025743614045
1774170379189,2026-03-22 09:06:19.189,68752.0,0.20255,A,13925.7176,323097762189678
1774170379189,2026-03-22 09:06:19.189,68752.0,0.35565,A,24451.648800000003,641884508558758
1774170379189,2026-03-22 09:06:19.189,68752.0,0.07518,A,5168.77536,606901034428726
1774170379189,2026-03-22 09:06:19.189,68752.0,0.21,A,14437.92,655304430385210
1774170379189,2026-03-22 09:06:19.189,68752.0,0.15662,A,10767.938240000001,183091533872345
1774170381532,2026-03-22 09:06:21.532,68753.0,0.00213,B,146.44389,335907323259464
1774170381532,2026-03-22 09:06:21.532,68753.0,0.00017,B,11.68801,277785048654739
1774170381532,2026-03-22 09:06:21.532,68753.0,0.02908,B,1999.33724,48561613926151
1774170381532,2026-03-22 09:06:21.532,68753.0,0.00686,B,471.64558,326988983738955
1774170381532,2026-03-22 09:06:21.532,68754.0,0.0083,B,570.6582,1062280930875272
1774170386241,2026-03-22 09:06:26.241,68753.0,0.00024,A,16.50072,49749237261557
1774170387011,2026-03-22 09:06:27.011,68754.0,0.00017,B,11.688180000000001,1086572094035146
1774170387011,2026-03-22 09:06:27.011,68754.0,0.02908,B,1999.36632,940257698309081
1774170387011,2026-03-22 09:06:27.011,68754.0,0.01017,B,699.2281800000001,827106881950656
1774170387011,2026-03-22 09:06:27.011,68754.0,0.0407,B,2798.2878,745036667793982
1774170387011,2026-03-22 09:06:27.011,68755.0,0.03629,B,2495.11895,340945742423955
1774170387552,2026-03-22 09:06:27.552,68754.0,0.00514,A,353.39556,340930278565421
1774170388160,2026-03-22 09:06:28.160,68754.0,0.21183,A,14564.159819999999,945372031804151
1774170388160,2026-03-22 09:06:28.160,68754.0,0.25148,A,17290.25592,878974410584383
1774170388160,2026-03-22 09:06:28.160,68754.0,0.12,A,8250.48,990523238413119
1774170388160,2026-03-22 09:06:28.160,68754.0,0.03947,A,2713.7203799999997,743986168435782
1774170391024,2026-03-22 09:06:31.024,68754.0,0.00238,A,163.63452,174543103257048
1774170391470,2026-03-22 09:06:31.470,68755.0,0.00822,B,565.1661,51785025312117
1774170391873,2026-03-22 09:06:31.873,68755.0,0.00034,B,23.376700000000003,627197809859674
1774170394407,2026-03-22 09:06:34.407,68755.0,0.10059,B,6916.06545,146413412024793
1774170394407,2026-03-22 09:06:34.407,68755.0,0.02908,B,1999.3954,220019401142058
1774170394407,2026-03-22 09:06:34.407,68755.0,0.00017,B,11.688350000000002,762864055560009
1774170394407,2026-03-22 09:06:34.407,68756.0,0.00017,B,11.68852,11529277425121
1774170394407,2026-03-22 09:06:34.407,68756.0,0.00017,B,11.68852,682962393174530
1774170394407,2026-03-22 09:06:34.407,68756.0,0.22353,B,15369.028680000001,512823297373582
1774170394407,2026-03-22 09:06:34.407,68756.0,0.00018,B,12.37608,903078568590247
1774170394407,2026-03-22 09:06:34.407,68756.0,0.20352,B,13993.22112,1008219145489365
1774170394407,2026-03-22 09:06:34.407,68757.0,0.00017,B,11.688690000000001,447745536994203
1774170395016,2026-03-22 09:06:35.016,68757.0,0.00142,A,97.63494,103854769585949
1774170395092,2026-03-22 09:06:35.092,68758.0,0.01465,B,1007.3047,716125523714437
1774170397022,2026-03-22 09:06:37.022,68758.0,0.02908,B,1999.4826400000002,953393906348723
1774170397022,2026-03-22 09:06:37.022,68758.0,0.00017,B,11.68886,520495985038006
1774170397022,2026-03-22 09:06:37.022,68759.0,0.00017,B,11.68903,211976750734468
1774170397022,2026-03-22 09:06:37.022,68760.0,0.00017,B,11.689200000000001,536543528516892
1774170397022,2026-03-22 09:06:37.022,68760.0,0.00017,B,11.689200000000001,259836053328888
1774170397022,2026-03-22 09:06:37.022,68761.0,0.00017,B,11.68937,828342199906072
1774170397022,2026-03-22 09:06:37.022,68762.0,0.00017,B,11.689540000000001,857577407116146
1774170397022,2026-03-22 09:06:37.022,68762.0,0.003,B,206.286,142099548478188
1774170397022,2026-03-22 09:06:37.022,68762.0,0.00015,B,10.3143,405471016464404
1774170397022,2026-03-22 09:06:37.022,68762.0,0.00018,B,12.37716,863038454936157
1774170397022,2026-03-22 09:06:37.022,68763.0,0.00017,B,11.689710000000002,349309880123456
1774170397022,2026-03-22 09:06:37.022,68763.0,0.003,B,206.28900000000002,738003974415242
1774170397022,2026-03-22 09:06:37.022,68764.0,0.00017,B,11.68988,756305958645809
1774170397022,2026-03-22 09:06:37.022,68764.0,0.00017,B,11.68988,362091459735107
1774170397022,2026-03-22 09:06:37.022,68764.0,0.02872,B,1974.9020799999998,271714422610133
1774170398113,2026-03-22 09:06:38.113,68764.0,0.07857,B,5402.78748,871408224888787
1774170398113,2026-03-22 09:06:38.113,68764.0,0.0407,B,2798.6948,815727935079099
1774170398113,2026-03-22 09:06:38.113,68764.0,0.00017,B,11.68988,642752134249332
1774170398113,2026-03-22 09:06:38.113,68764.0,0.02908,B,1999.65712,670402830032035
1774170398726,2026-03-22 09:06:38.726,68765.0,0.00017,B,11.690050000000001,662771402015349
1774170398726,2026-03-22 09:06:38.726,68765.0,0.00018,B,12.3777,969895945032761
1774170398865,2026-03-22 09:06:38.865,68765.0,0.00145,B,99.70925,52286652296476
1774170399066,2026-03-22 09:06:39.066,68765.0,0.00439,B,301.87835,816071814997611
1774170399471,2026-03-22 09:06:39.471,68765.0,0.02306,B,1585.7209,378808297545390
1774170399471,2026-03-22 09:06:39.471,68765.0,0.00017,B,11.690050000000001,802012145783578
1774170399471,2026-03-22 09:06:39.471,68766.0,0.00018,B,12.377880000000001,793873300574229
1774170399471,2026-03-22 09:06:39.471,68766.0,0.00017,B,11.69022,927526633282392
1774170399471,2026-03-22 09:06:39.471,68767.0,0.00017,B,11.69039,98885133505510
1774170399471,2026-03-22 09:06:39.471,68767.0,0.00017,B,11.69039,1006324723746846
1774170400326,2026-03-22 09:06:40.326,68768.0,0.003,B,206.304,175116160069202
1774170400326,2026-03-22 09:06:40.326,68768.0,0.00019,B,13.06592,248763945938936
1774170401079,2026-03-22 09:06:41.079,68767.0,0.00017,A,11.69039,935163317246999
1774170402736,2026-03-22 09:06:42.736,68768.0,0.00144,B,99.02592,558104915127550
1774170402997,2026-03-22 09:06:42.997,68768.0,0.01854,B,1274.95872,402122025745427
1774170403907,2026-03-22 09:06:43.907,68768.0,0.0091,B,625.7888,221054377784225
1774170403907,2026-03-22 09:06:43.907,68768.0,0.00018,B,12.37824,655574709256668
1774170403907,2026-03-22 09:06:43.907,68768.0,0.00017,B,11.690560000000001,1120262089157611
1774170404037,2026-03-22 09:06:44.037,68768.0,2e-05,A,1.3753600000000001,871596630984994
1774170404037,2026-03-22 09:06:44.037,68768.0,0.00413,A,284.01184,558650267716351
1774170404642,2026-03-22 09:06:44.642,68769.0,0.00022,B,15.12918,262195335314078
1774170405055,2026-03-22 09:06:45.055,68769.0,0.00057,B,39.19833,390322624717374
1774170405542,2026-03-22 09:06:45.542,68769.0,0.00022,B,15.12918,290896059715974
1774170405542,2026-03-22 09:06:45.542,68769.0,0.00022,B,15.12918,703096064650210
1774170407885,2026-03-22 09:06:47.885,68769.0,0.02908,B,1999.8025200000002,475333609899037
1774170407885,2026-03-22 09:06:47.885,68769.0,0.00018,B,12.37842,744374247604889
1774170407885,2026-03-22 09:06:47.885,68769.0,0.00017,B,11.69073,863637019310259
1774170407885,2026-03-22 09:06:47.885,68769.0,0.06821,B,4690.7334900000005,598252704536640
1774170408568,2026-03-22 09:06:48.568,68768.0,0.00031,A,21.31808,736381328131558
1774170408700,2026-03-22 09:06:48.700,68769.0,0.00081,B,55.70289,304940068610646
1774170409035,2026-03-22 09:06:49.035,68768.0,0.00067,A,46.07456,634674578794847
1774170411532,2026-03-22 09:06:51.532,68769.0,0.001,B,68.769,274360401474223
1774170412605,2026-03-22 09:06:52.605,68769.0,0.0207,B,1423.5183,14217113084748
1774170412945,2026-03-22 09:06:52.945,68768.0,0.00049,A,33.69632,973839878936658
1774170413143,2026-03-22 09:06:53.143,68768.0,0.05637,A,3876.4521600000003,1006536032675684
1774170415888,2026-03-22 09:06:55.888,68769.0,0.0029,B,199.43009999999998,499331926768695
1774170417284,2026-03-22 09:06:57.284,68769.0,2e-05,B,1.37538,595834221512740
1774170420540,2026-03-22 09:07:00.540,68769.0,0.00017,B,11.69073,387187206227284
1774170420540,2026-03-22 09:07:00.540,68770.0,0.00017,B,11.690900000000001,1020000438215591
1774170420540,2026-03-22 09:07:00.540,68771.0,0.00017,B,11.691070000000002,502014836204925
1774170420540,2026-03-22 09:07:00.540,68771.0,0.00017,B,11.691070000000002,886533427427693
1774170420540,2026-03-22 09:07:00.540,68771.0,0.00022,B,15.129620000000001,389273145213354
1774170420540,2026-03-22 09:07:00.540,68772.0,0.00017,B,11.69124,941839221994747
1774170420540,2026-03-22 09:07:00.540,68772.0,0.02618,B,1800.45096,48910505138897
1774170420945,2026-03-22 09:07:00.945,68772.0,0.0029,B,199.4388,533013660765371
1774170420945,2026-03-22 09:07:00.945,68773.0,0.00017,B,11.691410000000001,151915679931421
1774170420945,2026-03-22 09:07:00.945,68773.0,0.00018,B,12.379140000000001,657431050813686
1774170420945,2026-03-22 09:07:00.945,68774.0,0.00017,B,11.69158,286247889613251
1774170420945,2026-03-22 09:07:00.945,68774.0,0.00017,B,11.69158,1124468676681628
1774170420945,2026-03-22 09:07:00.945,68774.0,0.00153,B,105.22421999999999,281798066272620
1774170421149,2026-03-22 09:07:01.149,68771.0,0.00237,A,162.98727000000002,256700914318048
1774170421975,2026-03-22 09:07:01.975,68772.0,0.00149,B,102.47028,669112609668636
1774170424071,2026-03-22 09:07:04.071,68771.0,0.00141,A,96.96711,159705906140617
1774170425736,2026-03-22 09:07:05.736,68773.0,0.02908,B,1999.91884,315663556338305
1774170425736,2026-03-22 09:07:05.736,68773.0,0.00017,B,11.691410000000001,817269074366936
1774170425736,2026-03-22 09:07:05.736,68774.0,0.00147,B,101.09778,497397457764107
1774170425736,2026-03-22 09:07:05.736,68774.0,0.00017,B,11.69158,102595292701673
1774170425736,2026-03-22 09:07:05.736,68774.0,5e-05,B,3.4387000000000003,166617773147778
1774170426082,2026-03-22 09:07:06.082,68774.0,0.00015,B,10.316099999999999,231106907227540
1774170426082,2026-03-22 09:07:06.082,68774.0,0.01017,B,699.43158,714430876761653
1774170426082,2026-03-22 09:07:06.082,68775.0,0.00017,B,11.69175,297473085895506
1774170426082,2026-03-22 09:07:06.082,68776.0,0.00017,B,11.691920000000001,220312229936751
1774170426082,2026-03-22 09:07:06.082,68776.0,0.00018,B,12.37968,767060349624424
1774170426082,2026-03-22 09:07:06.082,68776.0,0.03691,B,2538.52216,268881676679827
1774170427636,2026-03-22 09:07:07.636,68776.0,0.00026,B,17.88176,233447653120286
1774170428095,2026-03-22 09:07:08.095,68776.0,0.00016,B,11.00416,329793814657157
1774170428173,2026-03-22 09:07:08.173,68775.0,0.01179,A,810.85725,84272017080108
1774170431078,2026-03-22 09:07:11.078,68775.0,0.00017,A,11.69175,502343089304563
1774170432896,2026-03-22 09:07:12.896,68775.0,0.00015,A,10.316249999999998,423953871475855
1774170433086,2026-03-22 09:07:13.086,68776.0,0.00041,B,28.198159999999998,908179966425454
1774170434116,2026-03-22 09:07:14.116,68775.0,0.00416,A,286.104,791107499385405
1774170435938,2026-03-22 09:07:15.938,68775.0,0.0005,A,34.3875,533862870934166
1774170436610,2026-03-22 09:07:16.610,68776.0,0.006,B,412.656,132422650465952
1774170438146,2026-03-22 09:07:18.146,68775.0,0.00872,A,599.7180000000001,53662730641506
1774170439024,2026-03-22 09:07:19.024,68775.0,0.00045,A,30.94875,233092565851747
1774170440452,2026-03-22 09:07:20.452,68776.0,0.00022,B,15.13072,435841078324467
1774170450806,2026-03-22 09:07:30.806,68775.0,0.0162,A,1114.155,861720437905207
1774170451006,2026-03-22 09:07:31.006,68775.0,0.00238,A,163.6845,976386709343803
1774170451705,2026-03-22 09:07:31.705,68776.0,0.05399,B,3713.21624,702167371464919
1774170451705,2026-03-22 09:07:31.705,68777.0,0.00015,B,10.31655,220435606734905
1774170451705,2026-03-22 09:07:31.705,68777.0,0.00017,B,11.69209,128510801744092
1774170451705,2026-03-22 09:07:31.705,68777.0,0.00018,B,12.37986,686953893969348
1774170451705,2026-03-22 09:07:31.705,68778.0,0.00017,B,11.692260000000001,268509470787849
1774170451705,2026-03-22 09:07:31.705,68778.0,0.00017,B,11.692260000000001,1025925646208916
1774170451705,2026-03-22 09:07:31.705,68779.0,0.00017,B,11.692430000000002,301222664012437
1774170451705,2026-03-22 09:07:31.705,68780.0,0.00017,B,11.6926,512820562990399
1774170451705,2026-03-22 09:07:31.705,68781.0,0.00017,B,11.692770000000001,723735332194826
1774170451705,2026-03-22 09:07:31.705,68781.0,0.2169,B,14918.5989,247559346126695
1774170452313,2026-03-22 09:07:32.313,68780.0,0.00346,A,237.9788,396213323042459
1774170453532,2026-03-22 09:07:33.532,68781.0,0.00018,B,12.38058,191502838276790
1774170453532,2026-03-22 09:07:33.532,68781.0,4e-05,B,2.75124,122979319212393
1774170454036,2026-03-22 09:07:34.036,68780.0,0.00142,A,97.66760000000001,12621095119790
1774170456061,2026-03-22 09:07:36.061,68781.0,0.04959,B,3410.84979,996090192377487
1774170456061,2026-03-22 09:07:36.061,68781.0,0.02144,B,1474.66464,413147237168773
1774170456061,2026-03-22 09:07:36.061,68781.0,0.3425,B,23557.4925,124750642079788
1774170456061,2026-03-22 09:07:36.061,68781.0,0.17396,B,11965.14276,470885203527225
1774170456061,2026-03-22 09:07:36.061,68781.0,0.14097,B,9696.05757,758461405479485
1774170456061,2026-03-22 09:07:36.061,68781.0,0.5,B,34390.5,916658746722163
1774170456061,2026-03-22 09:07:36.061,68781.0,0.00017,B,11.692770000000001,370262217191305
1774170456762,2026-03-22 09:07:36.762,68783.0,0.00017,B,11.69311,590941057839223
1774170456762,2026-03-22 09:07:36.762,68784.0,0.00017,B,11.693280000000001,669902752177658
1774170457040,2026-03-22 09:07:37.040,68785.0,0.00017,B,11.69345,700571256776992
1774170457482,2026-03-22 09:07:37.482,68786.0,0.00436,B,299.90696,547214515607088
1774170457482,2026-03-22 09:07:37.482,68786.0,0.00017,B,11.693620000000001,899651917294994
1774170457482,2026-03-22 09:07:37.482,68786.0,0.003,B,206.358,701879597888854
1774170457482,2026-03-22 09:07:37.482,68786.0,0.0002,B,13.757200000000001,741282845992376
1774170457482,2026-03-22 09:07:37.482,68787.0,0.00017,B,11.693790000000002,5422583366168
1774170457482,2026-03-22 09:07:37.482,68788.0,0.00017,B,11.69396,562013104072413
1774170457482,2026-03-22 09:07:37.482,68788.0,0.00271,B,186.41548,241514850431189
1774170457683,2026-03-22 09:07:37.683,68788.0,0.00038,B,26.13944,38515416297787
1774170458087,2026-03-22 09:07:38.087,68788.0,0.00016,B,11.00608,704127814642263
1774170458489,2026-03-22 09:07:38.489,68788.0,0.00692,B,476.01296,193099312365741
1774170458489,2026-03-22 09:07:38.489,68788.0,0.00017,B,11.69396,244795413349110
1774170458489,2026-03-22 09:07:38.489,68789.0,0.00017,B,11.694130000000001,443415377743507
1774170458489,2026-03-22 09:07:38.489,68790.0,0.01188,B,817.2252,600202779345989
1774170458489,2026-03-22 09:07:38.489,68790.0,0.00017,B,11.6943,11822396063349
1774170458489,2026-03-22 09:07:38.489,68791.0,0.00017,B,11.69447,105031098756120
1774170458489,2026-03-22 09:07:38.489,68791.0,0.003,B,206.373,334767029086554
1774170458489,2026-03-22 09:07:38.489,68791.0,0.1956,B,13455.5196,808002467422740
1774170458593,2026-03-22 09:07:38.593,68791.0,0.004,B,275.164,688462009477452
1774170461022,2026-03-22 09:07:41.022,68790.0,0.00017,A,11.6943,1004001740872339
1774170461022,2026-03-22 09:07:41.022,68791.0,0.50544,B,34769.72304,369834740209707
1774170461289,2026-03-22 09:07:41.289,68791.0,0.00071,B,48.84161,407426437668726
1774170462028,2026-03-22 09:07:42.028,68791.0,0.00145,B,99.74695,971231495938031
1774170462639,2026-03-22 09:07:42.639,68791.0,0.38325,B,26364.150749999997,1006742107581252
1774170462639,2026-03-22 09:07:42.639,68791.0,0.09797,B,6739.45427,49640429444835
1774170462639,2026-03-22 09:07:42.639,68791.0,0.08852,B,6089.37932,729416751190361
1774170462639,2026-03-22 09:07:42.639,68791.0,0.04213,B,2898.16483,711590472580837
1774170462639,2026-03-22 09:07:42.639,68791.0,0.21974,B,15116.134339999999,859932092575707
1774170462639,2026-03-22 09:07:42.639,68791.0,0.5,B,34395.5,171883239821321
1774170462639,2026-03-22 09:07:42.639,68791.0,0.00017,B,11.69447,449311207137336
1774170463125,2026-03-22 09:07:43.125,68791.0,0.00017,A,11.69447,1012380988108246
1774170463527,2026-03-22 09:07:43.527,68792.0,0.00018,B,12.382560000000002,1035118245294909
1774170463527,2026-03-22 09:07:43.527,68792.0,0.00127,B,87.36584,164280378393887
1774170464040,2026-03-22 09:07:44.040,68792.0,0.00416,A,286.17472,938987856683847
1774170464533,2026-03-22 09:07:44.533,68793.0,0.00017,B,11.69481,225998150595685
1774170464533,2026-03-22 09:07:44.533,68794.0,0.00017,B,11.694980000000001,534713199646772
1774170464533,2026-03-22 09:07:44.533,68794.0,0.0011,B,75.6734,194124968948268
1774170464533,2026-03-22 09:07:44.533,68794.0,0.00028,B,19.26232,908740377119949
1774170464734,2026-03-22 09:07:44.734,68794.0,0.00144,B,99.06336,498873152971342
1774170464734,2026-03-22 09:07:44.734,68794.0,0.00017,B,11.694980000000001,780597111646892
1774170464734,2026-03-22 09:07:44.734,68794.0,0.00482,B,331.58707999999996,895806777066707
1774170464734,2026-03-22 09:07:44.734,68795.0,0.00017,B,11.695150000000002,638267200947485
1774170464734,2026-03-22 09:07:44.734,68795.0,0.00224,B,154.1008,173512257199085
1774170465138,2026-03-22 09:07:45.138,68795.0,0.02181,B,1500.41895,103350808595794
1774170466118,2026-03-22 09:07:46.118,68795.0,0.0202,B,1389.6589999999999,672016248668696
1774170466118,2026-03-22 09:07:46.118,68795.0,0.00542,B,372.8689,349065665988947
1774170468154,2026-03-22 09:07:48.154,68795.0,0.00018,B,12.3831,109947443279617
1774170468154,2026-03-22 09:07:48.154,68795.0,0.01685,B,1159.19575,631159201808896
1774170468523,2026-03-22 09:07:48.523,68795.0,0.00041,B,28.205949999999998,552288459307510
1774170468959,2026-03-22 09:07:48.959,68795.0,0.00017,B,11.695150000000002,100782751609395
1774170469015,2026-03-22 09:07:49.015,68794.0,0.00047,A,32.33318,19436286231604
1774170469145,2026-03-22 09:07:49.145,68796.0,0.00017,B,11.69532,508094006929906
1774170469145,2026-03-22 09:07:49.145,68796.0,0.00017,B,11.69532,612394087837991
1774170469145,2026-03-22 09:07:49.145,68796.0,0.003,B,206.388,620705558584195
1774170469145,2026-03-22 09:07:49.145,68797.0,0.00017,B,11.695490000000001,120471432134418
1774170469362,2026-03-22 09:07:49.362,68798.0,0.00017,B,11.69566,871918663767867
1774170469715,2026-03-22 09:07:49.715,68799.0,0.00017,B,11.69583,789084114708745
1774170469715,2026-03-22 09:07:49.715,68799.0,0.00473,B,325.41927,125633273629544
1774170470436,2026-03-22 09:07:50.436,68798.0,0.00442,A,304.08716000000004,660373622757557
1774170471958,2026-03-22 09:07:51.958,68798.0,0.10901,A,7499.66998,196461098844251
1774170471958,2026-03-22 09:07:51.958,68798.0,0.16,A,11007.68,956931808941053
1774170471958,2026-03-22 09:07:51.958,68798.0,0.02172,A,1494.29256,712763510166914
1774170472665,2026-03-22 09:07:52.665,68798.0,0.00031,A,21.32738,248704419813587
1774170473069,2026-03-22 09:07:53.069,68799.0,0.00017,B,11.69583,936891438361825
1774170473069,2026-03-22 09:07:53.069,68799.0,0.00055,B,37.83945,1037122346930314
1774170475170,2026-03-22 09:07:55.170,68798.0,0.00022,A,15.13556,341251186777881
1774170476401,2026-03-22 09:07:56.401,68799.0,0.00033,B,22.70367,722068366875862
1774170476597,2026-03-22 09:07:56.597,68798.0,0.00031,A,21.32738,222320488924367
1774170476887,2026-03-22 09:07:56.887,68799.0,0.0004,B,27.5196,958326437700005
1774170479527,2026-03-22 09:07:59.527,68799.0,0.001,B,68.799,442514902847300
1774170480352,2026-03-22 09:08:00.352,68798.0,0.0202,A,1389.7196,1125160026093637
1774170481030,2026-03-22 09:08:01.030,68798.0,0.00238,A,163.73924000000002,523574218783140
1774170483182,2026-03-22 09:08:03.182,68799.0,0.00333,B,229.10067,761726699309811
1774170483182,2026-03-22 09:08:03.182,68799.0,0.01687,B,1160.63913,927877014730790
1774170483701,2026-03-22 09:08:03.701,68798.0,0.00015,A,10.3197,326119615631599
1774170483797,2026-03-22 09:08:03.797,68799.0,0.00481,B,330.92319,492552500127549
1774170484053,2026-03-22 09:08:04.053,68798.0,0.00142,A,97.69316,678744331768732
1774170484143,2026-03-22 09:08:04.143,68799.0,0.09064,B,6235.94136,150081618627986
1774170486011,2026-03-22 09:08:06.011,68799.0,0.00384,B,264.18816,882350831820866
1774170486612,2026-03-22 09:08:06.612,68799.0,0.04588,B,3156.4981199999997,274652563537726
1774170486612,2026-03-22 09:08:06.612,68799.0,0.0709,B,4877.8491,120307884999393
1774170486612,2026-03-22 09:08:06.612,68799.0,0.01221,B,840.03579,400974519123869
1774170486612,2026-03-22 09:08:06.612,68799.0,0.00145,B,99.75855,516239414532647
1774170487002,2026-03-22 09:08:07.002,68799.0,0.04835,B,3326.43165,744925510425372
1774170487323,2026-03-22 09:08:07.323,68798.0,0.00481,A,330.91838,1005993831337301
1774170488019,2026-03-22 09:08:08.019,68799.0,0.00016,B,11.007840000000002,241830057905359
1774170488757,2026-03-22 09:08:08.757,68799.0,0.00026,B,17.887739999999997,220910488116993
1774170489364,2026-03-22 09:08:09.364,68798.0,0.03492,A,2402.42616,944956833469420
1774170490983,2026-03-22 09:08:10.983,68799.0,0.00643,B,442.37757,409810185785961
1774170491049,2026-03-22 09:08:11.049,68798.0,0.00017,A,11.69566,843831274902150
1774170491390,2026-03-22 09:08:11.390,68798.0,0.00533,A,366.69334,845934788027128
1774170492381,2026-03-22 09:08:12.381,68799.0,0.00017,B,11.69583,282563937084063
1774170492783,2026-03-22 09:08:12.783,68800.0,0.00035,B,24.08,342775349255420
1774170492783,2026-03-22 09:08:12.783,68800.0,0.00581,B,399.728,1004050815409533
1774170492783,2026-03-22 09:08:12.783,68800.0,0.0002,B,13.76,923358007693996
1774170492783,2026-03-22 09:08:12.783,68801.0,0.00017,B,11.69617,972019768560341
1774170492944,2026-03-22 09:08:12.944,68802.0,0.00017,B,11.696340000000001,326444814661626
1774170493579,2026-03-22 09:08:13.579,68803.0,0.00017,B,11.69651,297500866494261
1774170493579,2026-03-22 09:08:13.579,68804.0,0.00017,B,11.69668,243295671839702
1774170493579,2026-03-22 09:08:13.579,68804.0,0.00017,B,11.69668,19803164517519
1774170493579,2026-03-22 09:08:13.579,68804.0,0.0002,B,13.760800000000001,438588039779672
1774170493579,2026-03-22 09:08:13.579,68805.0,0.00015,B,10.320749999999999,335185042336600
1774170493579,2026-03-22 09:08:13.579,68805.0,0.00017,B,11.696850000000001,309355869159660
1774170493579,2026-03-22 09:08:13.579,68805.0,0.00299,B,205.72695000000002,583258570711458
1774170494090,2026-03-22 09:08:14.090,68804.0,0.00416,A,286.22463999999997,1119951626209458
1774170494587,2026-03-22 09:08:14.587,68805.0,1e-05,B,0.68805,141907662831769
1774170494587,2026-03-22 09:08:14.587,68805.0,0.00017,B,11.696850000000001,554365982703400
1774170495387,2026-03-22 09:08:15.387,68806.0,0.00022,B,15.13732,652338008939963
1774170496130,2026-03-22 09:08:16.130,68805.0,0.00022,A,15.1371,122226322622243
1774170496192,2026-03-22 09:08:16.192,68806.0,0.00021,B,14.44926,239840225247397
1774170496192,2026-03-22 09:08:16.192,68806.0,0.00018,B,12.38508,1113448931450097
1774170496192,2026-03-22 09:08:16.192,68806.0,0.01881,B,1294.24086,616307442455119
1774170498224,2026-03-22 09:08:18.224,68806.0,0.0002,B,13.7612,312900213262238
1774170498224,2026-03-22 09:08:18.224,68806.0,0.00017,B,11.69702,620596826507538
1774170498224,2026-03-22 09:08:18.224,68807.0,0.00017,B,11.69719,936929045576303
1774170498224,2026-03-22 09:08:18.224,68808.0,0.00016,B,11.00928,426383526889499
1774170498224,2026-03-22 09:08:18.224,68808.0,0.00017,B,11.697360000000002,433578645979316
1774170498224,2026-03-22 09:08:18.224,68809.0,0.00015,B,10.321349999999999,499856399138162
1774170498224,2026-03-22 09:08:18.224,68809.0,0.00017,B,11.69753,1078601314484932
1774170498224,2026-03-22 09:08:18.224,68810.0,0.00332,B,228.4492,503458888763341
1774170498337,2026-03-22 09:08:18.337,68809.0,0.1672,A,11504.8648,375638314648065
1774170499002,2026-03-22 09:08:19.002,68809.0,0.00044,A,30.27596,838407563164559
1774170499150,2026-03-22 09:08:19.150,68810.0,0.00394,B,271.1114,83046537020669
1774170499150,2026-03-22 09:08:19.150,68810.0,0.00105,B,72.2505,865756439666344
1774170499150,2026-03-22 09:08:19.150,68810.0,0.00015,B,10.321499999999999,402559473397161
1774170499150,2026-03-22 09:08:19.150,68810.0,0.00015,B,10.321499999999999,647039749334665
1774170499150,2026-03-22 09:08:19.150,68810.0,0.00015,B,10.321499999999999,595560308694830
1774170499150,2026-03-22 09:08:19.150,68810.0,0.00017,B,11.697700000000001,590559611083832
1774170499150,2026-03-22 09:08:19.150,68810.0,2e-05,B,1.3762,370979463729145
1774170500608,2026-03-22 09:08:20.608,68810.0,0.00022,B,15.138200000000001,1013906093842328
1774170501309,2026-03-22 09:08:21.309,68810.0,0.00017,B,11.697700000000001,272493554454581
1774170501309,2026-03-22 09:08:21.309,68810.0,0.01004,B,690.8524,237958585531327
1774170501512,2026-03-22 09:08:21.512,68809.0,0.0202,A,1389.9418,867084566137216
1774170502320,2026-03-22 09:08:22.320,68809.0,0.00451,A,310.32859,560206150798338
1774170502621,2026-03-22 09:08:22.621,68810.0,0.00474,B,326.1594,663124607052572
1774170502621,2026-03-22 09:08:22.621,68810.0,0.00145,B,99.77449999999999,236869602390896
1774170503134,2026-03-22 09:08:23.134,68810.0,0.00397,B,273.17569999999995,181350924921705
1774170503134,2026-03-22 09:08:23.134,68810.0,0.04067,B,2798.5027,448514103088892
1774170503134,2026-03-22 09:08:23.134,68811.0,0.00015,B,10.321649999999998,549432623479765
1774170503134,2026-03-22 09:08:23.134,68811.0,0.00017,B,11.69787,479652962259868
1774170503134,2026-03-22 09:08:23.134,68811.0,0.00018,B,12.38598,967243532507530
1774170503134,2026-03-22 09:08:23.134,68811.0,0.00017,B,11.69787,1032122420002191
1774170503134,2026-03-22 09:08:23.134,68811.0,0.0002,B,13.7622,424086564248509
1774170503134,2026-03-22 09:08:23.134,68812.0,0.00015,B,10.3218,766321991229580
1774170503134,2026-03-22 09:08:23.134,68812.0,0.00015,B,10.3218,900999536804092
1774170503134,2026-03-22 09:08:23.134,68812.0,0.00017,B,11.69804,620956224491022
1774170503134,2026-03-22 09:08:23.134,68812.0,0.00041,B,28.21292,694817058147042
1774170503134,2026-03-22 09:08:23.134,68812.0,0.0014,B,96.3368,713084686173004
1774170503134,2026-03-22 09:08:23.134,68812.0,0.05221,B,3592.67452,707423300330553
1774170503427,2026-03-22 09:08:23.427,68812.0,0.0207,B,1424.4084,331618061622921
1774170504346,2026-03-22 09:08:24.346,68812.0,0.0202,B,1390.0023999999999,94430729957877
1774170504745,2026-03-22 09:08:24.745,68812.0,0.00581,B,399.79772,174142842462276
1774170507245,2026-03-22 09:08:27.245,68813.0,0.003,B,206.439,572205656722711
1774170507245,2026-03-22 09:08:27.245,68813.0,0.00017,B,11.698210000000001,293154101501901
1774170507245,2026-03-22 09:08:27.245,68813.0,0.00019,B,13.074470000000002,955250000718574
1774170508159,2026-03-22 09:08:28.159,68813.0,1e-05,B,0.68813,779454770796025
1774170508159,2026-03-22 09:08:28.159,68813.0,0.00017,B,11.698210000000001,478436362779356
1774170508695,2026-03-22 09:08:28.695,68814.0,0.00424,B,291.77136,744370838375102
1774170508695,2026-03-22 09:08:28.695,68813.0,0.00015,A,10.32195,146802358590219
1774170509564,2026-03-22 09:08:29.564,68813.0,6e-05,A,4.12878,37629746851087
1774170509948,2026-03-22 09:08:29.948,68814.0,0.00017,B,11.69838,1056763452901610
1774170510772,2026-03-22 09:08:30.772,68814.0,0.01018,A,700.52652,996629341613957
1774170510772,2026-03-22 09:08:30.772,68814.0,0.02198,A,1512.53172,650331680511736
1774170511024,2026-03-22 09:08:31.024,68814.0,0.00238,A,163.77732,817411366869815
1774170512299,2026-03-22 09:08:32.299,68814.0,0.00424,A,291.77136,581558306867829
1774170514036,2026-03-22 09:08:34.036,68814.0,0.00142,A,97.71588,760282067337020
1774170515311,2026-03-22 09:08:35.311,68814.0,0.00022,A,15.13908,530790944058634
1774170515311,2026-03-22 09:08:35.311,68814.0,0.00022,A,15.13908,401606504039945
1774170516046,2026-03-22 09:08:36.046,68815.0,0.00015,B,10.322249999999999,907318199807334
1774170516046,2026-03-22 09:08:36.046,68815.0,0.0002,B,13.763,32752255733607
1774170516046,2026-03-22 09:08:36.046,68815.0,0.00017,B,11.698550000000001,996723749209150
1774170516046,2026-03-22 09:08:36.046,68815.0,0.06156,B,4236.2514,389656046563515
1774170517107,2026-03-22 09:08:37.107,68815.0,0.00017,B,11.698550000000001,388224016122528
1774170517518,2026-03-22 09:08:37.518,68816.0,0.00015,B,10.322399999999998,117321598589348
1774170517518,2026-03-22 09:08:37.518,68816.0,0.00017,B,11.698720000000002,242068111377576
1774170517518,2026-03-22 09:08:37.518,68818.0,0.00017,B,11.699060000000001,620884036614566
1774170517518,2026-03-22 09:08:37.518,68819.0,0.00017,B,11.69923,446296577706449
1774170517518,2026-03-22 09:08:37.518,68819.0,0.00018,B,12.38742,859660094289894
1774170517598,2026-03-22 09:08:37.598,68820.0,0.00033,B,22.7106,587756904399246
1774170518003,2026-03-22 09:08:38.003,68820.0,0.00016,B,11.0112,910178211103387
1774170518531,2026-03-22 09:08:38.531,68820.0,0.00015,B,10.322999999999999,113177014555701
1774170518717,2026-03-22 09:08:38.717,68820.0,0.00736,B,506.5152,734310432042039
1774170518717,2026-03-22 09:08:38.717,68820.0,0.00015,B,10.322999999999999,782356037938077
1774170518717,2026-03-22 09:08:38.717,68820.0,0.00015,B,10.322999999999999,2893811833656
1774170518717,2026-03-22 09:08:38.717,68820.0,0.00017,B,11.6994,54229482835429
1774170518717,2026-03-22 09:08:38.717,68820.0,0.00139,B,95.6598,910267777993759
1774170518717,2026-03-22 09:08:38.717,68821.0,0.00017,B,11.699570000000001,277568901207096
1774170518717,2026-03-22 09:08:38.717,68822.0,0.00015,B,10.3233,891959628989581
1774170518717,2026-03-22 09:08:38.717,68822.0,0.00017,B,11.69974,1088034323733255
1774170518717,2026-03-22 09:08:38.717,68822.0,0.00017,B,11.69974,310213276074744
1774170518717,2026-03-22 09:08:38.717,68822.0,0.003,B,206.466,301918333426886
1774170518717,2026-03-22 09:08:38.717,68823.0,0.00017,B,11.699910000000001,191276623600159
1774170518717,2026-03-22 09:08:38.717,68823.0,0.003,B,206.469,969365388171584
1774170518717,2026-03-22 09:08:38.717,68824.0,0.00015,B,10.323599999999999,918681210885218
1774170518717,2026-03-22 09:08:38.717,68824.0,0.00017,B,11.700080000000002,50415269831044
1774170518717,2026-03-22 09:08:38.717,68824.0,0.02325,B,1600.158,421903794317223
1774170519344,2026-03-22 09:08:39.344,68824.0,0.00144,B,99.10656,297534074204895
1774170519544,2026-03-22 09:08:39.544,68824.0,0.00015,B,10.323599999999999,947376139596849
1774170519617,2026-03-22 09:08:39.617,68824.0,0.00015,B,10.323599999999999,839721054262721
1774170519617,2026-03-22 09:08:39.617,68823.0,0.00022,A,15.141060000000001,1003195741943113
1774170519617,2026-03-22 09:08:39.617,68823.0,0.0009,A,61.9407,765406583670737
1774170520314,2026-03-22 09:08:40.314,68824.0,6e-05,B,4.12944,297798397902170
1774170522452,2026-03-22 09:08:42.452,68823.0,0.00115,A,79.14645,226465433602727
1774170522452,2026-03-22 09:08:42.452,68824.0,0.014,B,963.5360000000001,401899841456849
1774170522864,2026-03-22 09:08:42.864,68823.0,0.23577,A,16226.398710000001,346142362983702
1774170522864,2026-03-22 09:08:42.864,68823.0,0.1,A,6882.3,1049578468453508
1774170522864,2026-03-22 09:08:42.864,68823.0,0.099,A,6813.477000000001,121052384918190
1774170522864,2026-03-22 09:08:42.864,68823.0,0.00093,A,64.00539,1116516022881324
1774170522864,2026-03-22 09:08:42.864,68823.0,0.0002,A,13.764600000000002,862494930560275
1774170522864,2026-03-22 09:08:42.864,68822.0,0.00015,A,10.3233,892475487459397
1774170522864,2026-03-22 09:08:42.864,68819.0,0.00016,A,11.011040000000001,1040155243591499
1774170522864,2026-03-22 09:08:42.864,68819.0,0.00017,A,11.69923,847549606581006
1774170522864,2026-03-22 09:08:42.864,68818.0,0.00017,A,11.699060000000001,802321232097507
1774170522864,2026-03-22 09:08:42.864,68817.0,0.00017,A,11.69889,307406266775578
1774170522864,2026-03-22 09:08:42.864,68816.0,0.00017,A,11.698720000000002,581798530224957
1774170522864,2026-03-22 09:08:42.864,68816.0,0.00017,A,11.698720000000002,908436703268482
1774170522864,2026-03-22 09:08:42.864,68815.0,0.00015,A,10.322249999999999,959840459340924
1774170522864,2026-03-22 09:08:42.864,68815.0,0.00017,A,11.698550000000001,709283384996424
1774170522864,2026-03-22 09:08:42.864,68814.0,0.003,A,206.442,639536042533287
1774170522864,2026-03-22 09:08:42.864,68814.0,0.00017,A,11.69838,1096753909312172
1774170522864,2026-03-22 09:08:42.864,68814.0,0.02076,A,1428.57864,579929040251997
1774170522864,2026-03-22 09:08:42.864,68814.0,0.01897,A,1305.40158,1006688574275625
1774170522864,2026-03-22 09:08:42.864,68813.0,0.00017,A,11.698210000000001,93165709078801
1774170522864,2026-03-22 09:08:42.864,68813.0,0.001,A,68.813,550820343855517
1774170523054,2026-03-22 09:08:43.054,68812.0,0.00017,A,11.69804,77107808088556
1774170523054,2026-03-22 09:08:43.054,68812.0,0.00017,A,11.69804,440894972406114
1774170523673,2026-03-22 09:08:43.673,68811.0,0.00017,A,11.69787,965497276880369
1774170523673,2026-03-22 09:08:43.673,68811.0,0.0265,A,1823.4914999999999,931759900054847
1774170523764,2026-03-22 09:08:43.764,68811.0,0.00436,A,300.01596,404597903895411
1774170523876,2026-03-22 09:08:43.876,68811.0,0.00453,A,311.71383000000003,607976799122667
1774170524077,2026-03-22 09:08:44.077,68811.0,0.00416,A,286.25376,43227303764123
1774170525393,2026-03-22 09:08:45.393,68811.0,0.00015,A,10.321649999999998,454637862196640
1774170525784,2026-03-22 09:08:45.784,68811.0,0.33333,A,22936.770630000003,281530867343925
1774170525893,2026-03-22 09:08:45.893,68811.0,0.06286,A,4325.45946,7973482188750
1774170525893,2026-03-22 09:08:45.893,68811.0,0.00017,A,11.69787,310577778756240
1774170525893,2026-03-22 09:08:45.893,68810.0,0.00017,A,11.697700000000001,244505606057879
1774170525893,2026-03-22 09:08:45.893,68810.0,0.00015,A,10.321499999999999,984517114929729
1774170525893,2026-03-22 09:08:45.893,68809.0,0.00017,A,11.69753,814921976556723
1774170525893,2026-03-22 09:08:45.893,68809.0,0.003,A,206.427,1057696626782769
1774170525893,2026-03-22 09:08:45.893,68809.0,0.00015,A,10.321349999999999,1117570205479040
1774170526196,2026-03-22 09:08:46.196,68809.0,0.00029,B,19.95461,436279238505139
1774170526306,2026-03-22 09:08:46.306,68809.0,0.0183,B,1259.2047,731708286761638
1774170526374,2026-03-22 09:08:46.374,68809.0,0.17858,B,12287.91122,665180353740726
1774170526374,2026-03-22 09:08:46.374,68809.0,0.06156,B,4235.8820399999995,820423498336888
1774170526374,2026-03-22 09:08:46.374,68809.0,0.21928,B,15088.43752,782861814361701
1774170526374,2026-03-22 09:08:46.374,68809.0,0.00242,B,166.51778,373468633628914
1774170526602,2026-03-22 09:08:46.602,68808.0,0.00017,A,11.697360000000002,496539149014474
1774170526602,2026-03-22 09:08:46.602,68808.0,0.06922,A,4762.88976,415262037294051
1774170526681,2026-03-22 09:08:46.681,68809.0,0.00187,B,128.67283,120408525366495
1774170526805,2026-03-22 09:08:46.805,68809.0,0.05417,B,3727.38353,179711191221395
1774170526805,2026-03-22 09:08:46.805,68809.0,0.03249,B,2235.60441,333084421089284
1774170527008,2026-03-22 09:08:47.008,68808.0,0.2,A,13761.6,270409915210731
1774170527215,2026-03-22 09:08:47.215,68808.0,0.16675,A,11473.734,1060124189032288
1774170527215,2026-03-22 09:08:47.215,68808.0,0.00017,A,11.697360000000002,247822909675182
1774170528010,2026-03-22 09:08:48.010,68807.0,0.00017,A,11.69719,144853270239896
1774170528010,2026-03-22 09:08:48.010,68807.0,0.00128,A,88.07296000000001,578066064483895
1774170528212,2026-03-22 09:08:48.212,68807.0,0.0202,A,1389.9014,25550702415331
1774170529009,2026-03-22 09:08:49.009,68807.0,0.00054,A,37.15578,867807834727085
1774170529813,2026-03-22 09:08:49.813,68808.0,0.0202,B,1389.9216,585969335266461
1774170530296,2026-03-22 09:08:50.296,68808.0,0.02325,B,1599.786,198693064726550
1774170530936,2026-03-22 09:08:50.936,68807.0,0.08118,A,5585.75226,376559982580838
1774170531029,2026-03-22 09:08:51.029,68807.0,0.08118,A,5585.75226,373017138034611
1774170531817,2026-03-22 09:08:51.817,68807.0,0.00291,A,200.22836999999998,554860756932242
1774170532521,2026-03-22 09:08:52.521,68807.0,0.00092,A,63.302440000000004,95175423696797
1774170532722,2026-03-22 09:08:52.722,68807.0,0.24778,A,17048.99846,866481009111805
1774170532722,2026-03-22 09:08:52.722,68806.0,0.00015,A,10.3209,756378413405031
1774170532722,2026-03-22 09:08:52.722,68806.0,0.00017,A,11.69702,816609717911811
1774170532722,2026-03-22 09:08:52.722,68805.0,0.0519,A,3570.9795,1044226607677700
1774170533631,2026-03-22 09:08:53.631,68805.0,0.08976,A,6175.9368,668931198715240
1774170533631,2026-03-22 09:08:53.631,68805.0,0.00051,A,35.09055,599763447490105
1774170533742,2026-03-22 09:08:53.742,68805.0,0.0901,A,6199.3305,1107738964956829
1774170534953,2026-03-22 09:08:54.953,68805.0,0.0124,A,853.182,173699368393967
1774170535045,2026-03-22 09:08:55.045,68805.0,0.01246,A,857.3103,64077139980415
1774170536967,2026-03-22 09:08:56.967,68806.0,0.00094,B,64.67764,415370489931048
1774170537369,2026-03-22 09:08:57.369,68805.0,0.01288,A,886.2084000000001,1103351488854823
1774170541087,2026-03-22 09:09:01.087,68805.0,0.00238,A,163.75590000000003,489183196944044
1774170543091,2026-03-22 09:09:03.091,68806.0,0.126,B,8669.556,577818068834702
1774170543091,2026-03-22 09:09:03.091,68806.0,0.02259,B,1554.32754,100047621834320
1774170543091,2026-03-22 09:09:03.091,68806.0,0.08129,B,5593.23974,196683773204659
1774170543091,2026-03-22 09:09:03.091,68806.0,0.07568,B,5207.23808,1069708848903076
1774170543091,2026-03-22 09:09:03.091,68806.0,0.31543,B,21703.47658,173383132379676
1774170543091,2026-03-22 09:09:03.091,68806.0,0.03756,B,2584.35336,104626897007269
1774170543091,2026-03-22 09:09:03.091,68806.0,0.05048,B,3473.3268799999996,436283988322823
1774170543091,2026-03-22 09:09:03.091,68806.0,0.04241,B,2918.06246,41869845968206
1774170543091,2026-03-22 09:09:03.091,68806.0,0.03929,B,2703.38774,556317282997664
1774170543962,2026-03-22 09:09:03.962,68805.0,0.00031,A,21.32955,1517282865598
1774170545013,2026-03-22 09:09:05.013,68805.0,0.00141,A,97.01505,983454988375440
1774170545693,2026-03-22 09:09:05.693,68806.0,0.00018,B,12.38508,385752062323194
1774170545693,2026-03-22 09:09:05.693,68806.0,0.00012,B,8.25672,342800149937368
1774170545936,2026-03-22 09:09:05.936,68806.0,0.02033,B,1398.82598,515223666121055
1774170546624,2026-03-22 09:09:06.624,68806.0,0.00398,B,273.84788,1006391035070347
1774170547027,2026-03-22 09:09:07.027,68806.0,0.01041,B,716.2704600000001,957976194939713
1774170547027,2026-03-22 09:09:07.027,68806.0,0.02906,B,1999.50236,185541845049238
1774170547027,2026-03-22 09:09:07.027,68806.0,0.00017,B,11.69702,461349661634689
1774170547027,2026-03-22 09:09:07.027,68806.0,0.00018,B,12.38508,231592967052741
1774170547027,2026-03-22 09:09:07.027,68806.0,0.03241,B,2230.00246,511181867279391
1774170547366,2026-03-22 09:09:07.366,68806.0,2e-05,B,1.37612,403757970213699
1774170548032,2026-03-22 09:09:08.032,68806.0,0.00016,B,11.00896,851347878599855
1774170548708,2026-03-22 09:09:08.708,68806.0,0.00039,B,26.83434,464332480868923
1774170548896,2026-03-22 09:09:08.896,68806.0,0.001,B,68.806,302050215179736
1774170549514,2026-03-22 09:09:09.514,68805.0,0.0202,A,1389.8609999999999,819417644411644
1774170549768,2026-03-22 09:09:09.768,68805.0,0.00398,A,273.8439,548127214726719
1774170550645,2026-03-22 09:09:10.645,68806.0,0.04977,B,3424.47462,1098910252143877
1774170550739,2026-03-22 09:09:10.739,68806.0,0.002,B,137.612,393456909887638
1774170550739,2026-03-22 09:09:10.739,68806.0,0.02939,B,2022.20834,189623637661179
1774170551047,2026-03-22 09:09:11.047,68805.0,0.00017,A,11.696850000000001,216098826278962
1774170551303,2026-03-22 09:09:11.303,68806.0,0.0202,B,1389.8812,619869024110496
1774170551747,2026-03-22 09:09:11.747,68806.0,0.04067,B,2798.3400199999996,697731704841718
1774170551747,2026-03-22 09:09:11.747,68806.0,0.00017,B,11.69702,97152560393096
1774170551747,2026-03-22 09:09:11.747,68807.0,0.00015,B,10.32105,747069026225292
1774170551747,2026-03-22 09:09:11.747,68807.0,0.00017,B,11.69719,1071289614865819
1774170551747,2026-03-22 09:09:11.747,68808.0,0.0002,B,13.761600000000001,430338119239964
1774170551747,2026-03-22 09:09:11.747,68808.0,0.00015,B,10.3212,1039123518680603
1774170551747,2026-03-22 09:09:11.747,68808.0,0.00017,B,11.697360000000002,143378676912994
1774170551747,2026-03-22 09:09:11.747,68809.0,0.00017,B,11.69753,863500187916405
1774170552053,2026-03-22 09:09:12.053,68809.0,0.00087,A,59.86383,402815696598281
1774170552581,2026-03-22 09:09:12.581,68810.0,0.09688,A,6666.3128,701742516680686
1774170552581,2026-03-22 09:09:12.581,68811.0,0.003,B,206.433,1051022374663471
1774170552581,2026-03-22 09:09:12.581,68811.0,0.00017,B,11.69787,149589646603912
1774170552581,2026-03-22 09:09:12.581,68811.0,0.00035,B,24.083849999999998,880203296004180
1774170552989,2026-03-22 09:09:12.989,68811.0,0.0011,B,75.69210000000001,886216186997642
1774170552989,2026-03-22 09:09:12.989,68811.0,0.0002,B,13.7622,1007093959896924
1774170552989,2026-03-22 09:09:12.989,68811.0,0.01016,B,699.11976,836094700261966
1774170552989,2026-03-22 09:09:12.989,68811.0,0.00805,B,553.92855,1035860193562302
1774170553519,2026-03-22 09:09:13.519,68811.0,0.00017,B,11.69787,93035595751048
1774170553519,2026-03-22 09:09:13.519,68812.0,0.00357,B,245.65884,10671256203675
1774170554001,2026-03-22 09:09:14.001,68811.0,0.00415,A,285.56565,780703284236061
1774170554001,2026-03-22 09:09:14.001,68811.0,0.026,A,1789.086,1061684904195263
1774170554740,2026-03-22 09:09:14.740,68812.0,0.00017,B,11.69804,272234758512627
1774170554740,2026-03-22 09:09:14.740,68812.0,0.0002,B,13.762400000000001,171590684164323
1774170554740,2026-03-22 09:09:14.740,68813.0,0.00017,B,11.698210000000001,85236389258203
1774170554740,2026-03-22 09:09:14.740,68814.0,0.00017,B,11.69838,306815103349655
1774170554801,2026-03-22 09:09:14.801,68815.0,0.00017,B,11.698550000000001,504313507672635
1774170554801,2026-03-22 09:09:14.801,68815.0,0.00016,B,11.0104,587722400917779
1774170554801,2026-03-22 09:09:14.801,68816.0,0.00017,B,11.698720000000002,547893887568712
1774170554801,2026-03-22 09:09:14.801,68817.0,0.00017,B,11.69889,344114086631572
1774170554801,2026-03-22 09:09:14.801,68817.0,0.003,B,206.451,208423191899217
1774170555610,2026-03-22 09:09:15.610,68818.0,0.00017,B,11.699060000000001,173927527433026
1774170555610,2026-03-22 09:09:15.610,68819.0,0.00017,B,11.69923,209083898744321
1774170555610,2026-03-22 09:09:15.610,68819.0,0.00072,B,49.54968,234534745209414
1774170555610,2026-03-22 09:09:15.610,68820.0,0.00017,B,11.6994,1001595023500135
1774170556160,2026-03-22 09:09:16.160,68821.0,0.00017,B,11.699570000000001,956241736033469
1774170556160,2026-03-22 09:09:16.160,68821.0,0.003,B,206.463,237107415722939
1774170556160,2026-03-22 09:09:16.160,68821.0,0.00158,B,108.73718,624146277537043
1774170556550,2026-03-22 09:09:16.550,68821.0,0.00675,B,464.54175,294949421699048
1774170557373,2026-03-22 09:09:17.373,68820.0,0.00374,A,257.3868,931983717401298
1774170557951,2026-03-22 09:09:17.951,68820.0,0.00026,A,17.893199999999997,786585160117243
1774170557951,2026-03-22 09:09:17.951,68820.0,0.00034,A,23.3988,1030290930047090
1774170559015,2026-03-22 09:09:19.015,68820.0,0.00054,A,37.1628,843509035347132
1774170559160,2026-03-22 09:09:19.160,68821.0,0.02073,B,1426.65933,793382944029783
1774170559160,2026-03-22 09:09:19.160,68821.0,0.00017,B,11.699570000000001,1088576397706527
1774170559295,2026-03-22 09:09:19.295,68822.0,0.00022,B,15.14084,121939097354899
1774170559295,2026-03-22 09:09:19.295,68822.0,0.00015,B,10.3233,330392007754966
1774170559295,2026-03-22 09:09:19.295,68822.0,0.00017,B,11.69974,603025411651606
1774170559295,2026-03-22 09:09:19.295,68823.0,0.00017,B,11.699910000000001,229470172099556
1774170559295,2026-03-22 09:09:19.295,68824.0,0.00017,B,11.700080000000002,394776758418567
1774170559295,2026-03-22 09:09:19.295,68824.0,0.02092,B,1439.79808,4224268047813
1774170559698,2026-03-22 09:09:19.698,68823.0,0.00061,A,41.98203,832957501330434
1774170560033,2026-03-22 09:09:20.033,68823.0,0.0002,A,13.764600000000002,283559727869647
1774170560964,2026-03-22 09:09:20.964,68824.0,0.00022,B,15.14128,984267446310038
1774170562434,2026-03-22 09:09:22.434,68824.0,0.00352,B,242.26048,1114563716190349
1774170563121,2026-03-22 09:09:23.121,68824.0,0.00044,B,30.28256,668999437555836
1774170563121,2026-03-22 09:09:23.121,68824.0,0.0232,B,1596.7168,952753639218479
1774170564331,2026-03-22 09:09:24.331,68824.0,0.00167,B,114.93608,527137649378732
1774170564331,2026-03-22 09:09:24.331,68824.0,0.00857,B,589.82168,98474310658331
1774170565739,2026-03-22 09:09:25.739,68824.0,0.00145,A,99.7948,148772749738311
1774170565739,2026-03-22 09:09:25.739,68824.0,0.00207,A,142.46568,537394260832400
1774170566005,2026-03-22 09:09:26.005,68825.0,0.01188,B,817.641,343691488808943
1774170566005,2026-03-22 09:09:26.005,68825.0,0.00017,B,11.70025,550473720353235
1774170566005,2026-03-22 09:09:26.005,68825.0,0.00508,B,349.63100000000003,61147333237064
1774170566005,2026-03-22 09:09:26.005,68825.0,0.0002,B,13.765,223477091160379
1774170566348,2026-03-22 09:09:26.348,68826.0,0.00015,B,10.323899999999998,898955449635429
1774170566348,2026-03-22 09:09:26.348,68826.0,0.00017,B,11.700420000000001,579229314796216
1774170566348,2026-03-22 09:09:26.348,68826.0,0.00017,B,11.700420000000001,645896806166652
1774170566348,2026-03-22 09:09:26.348,68827.0,0.00021,B,14.45367,370407186634648
1774170566348,2026-03-22 09:09:26.348,68827.0,0.02682,B,1845.94014,486193719586459
1774170566348,2026-03-22 09:09:26.348,68827.0,0.00026,B,17.89502,383150745943029
1774170566348,2026-03-22 09:09:26.348,68827.0,0.00582,B,400.57313999999997,573943749569559
1774170566348,2026-03-22 09:09:26.348,68827.0,0.00017,B,11.70059,977876003375989
1774170567084,2026-03-22 09:09:27.084,68828.0,0.00015,B,10.3242,760641447413250
1774170567084,2026-03-22 09:09:27.084,68828.0,0.00277,B,190.65356,407305476506880
1774170567281,2026-03-22 09:09:27.281,68828.0,0.00023,B,15.830440000000001,328641136601258
1774170567281,2026-03-22 09:09:27.281,68828.0,0.00143,B,98.42404,425854193036951
1774170567281,2026-03-22 09:09:27.281,68828.0,0.00202,B,139.03256000000002,599958781239559
1774170567620,2026-03-22 09:09:27.620,68829.0,0.00017,B,11.700930000000001,827961860266213
1774170567620,2026-03-22 09:09:27.620,68829.0,0.00017,B,11.700930000000001,1055058539286093
1774170567620,2026-03-22 09:09:27.620,68830.0,0.00029,B,19.9607,216773825527642
1774170567620,2026-03-22 09:09:27.620,68830.0,0.00017,B,11.7011,1046488756368845
1774170567620,2026-03-22 09:09:27.620,68831.0,0.00015,B,10.324649999999998,101550970150451
1774170567620,2026-03-22 09:09:27.620,68831.0,0.00015,B,10.324649999999998,145294988744776
1774170567620,2026-03-22 09:09:27.620,68831.0,0.00017,B,11.701270000000001,554624330303199
1774170567620,2026-03-22 09:09:27.620,68832.0,0.00015,B,10.3248,39350751507055
1774170567620,2026-03-22 09:09:27.620,68832.0,0.00015,B,10.3248,229337559018524
1774170567620,2026-03-22 09:09:27.620,68832.0,0.00015,B,10.3248,572441221354540
1774170567620,2026-03-22 09:09:27.620,68832.0,0.00017,B,11.701440000000002,183086026162899
1774170567620,2026-03-22 09:09:27.620,68833.0,0.00017,B,11.70161,634790169293005
1774170567620,2026-03-22 09:09:27.620,68833.0,0.00017,B,11.70161,248248225432900
1774170567620,2026-03-22 09:09:27.620,68833.0,0.00631,B,434.33623,335595979623510
1774170567888,2026-03-22 09:09:27.888,68833.0,0.03554,B,2446.3248200000003,690287422994666
1774170567888,2026-03-22 09:09:27.888,68833.0,0.72019,B,49572.83827,159230417154902
1774170569371,2026-03-22 09:09:29.371,68832.0,0.00044,A,30.286080000000002,693835176879213
1774170569544,2026-03-22 09:09:29.544,68832.0,0.43541,A,29970.14112,362101756130914
1774170569544,2026-03-22 09:09:29.544,68831.0,0.00015,A,10.324649999999998,661179811723029
1774170569952,2026-03-22 09:09:29.952,68829.0,0.00331,B,227.82399,1043167510170178
1774170570637,2026-03-22 09:09:30.637,68828.0,0.02772,A,1907.91216,263474770442198
1774170571015,2026-03-22 09:09:31.015,68828.0,0.00237,A,163.12236000000001,897505206017565
1774170572029,2026-03-22 09:09:32.029,68828.0,0.01452,A,999.38256,439129606448334
1774170572029,2026-03-22 09:09:32.029,68828.0,0.26666,A,18353.67448,1048077325144129
1774170572150,2026-03-22 09:09:32.150,68828.0,0.25,A,17207.0,1125272703410658
1774170572150,2026-03-22 09:09:32.150,68828.0,0.33333,A,22942.43724,279216206371654
1774170572150,2026-03-22 09:09:32.150,68828.0,0.33333,A,22942.43724,643408778833278
1774170572150,2026-03-22 09:09:32.150,68828.0,0.33333,A,22942.43724,1015648954409387
1774170572150,2026-03-22 09:09:32.150,68828.0,0.15456,A,10638.05568,526558250063141
1774170572150,2026-03-22 09:09:32.150,68828.0,0.02131,A,1466.72468,32041207680525
1774170572150,2026-03-22 09:09:32.150,68828.0,0.26666,A,18353.67448,844470178893175
1774170572150,2026-03-22 09:09:32.150,68828.0,0.01452,A,999.38256,543881303355757
1774170572150,2026-03-22 09:09:32.150,68828.0,0.20579,A,14164.11412,812463967114124
1774170572150,2026-03-22 09:09:32.150,68828.0,0.25,A,17207.0,702245769182772
1774170572150,2026-03-22 09:09:32.150,68828.0,0.25,A,17207.0,812908529823803
1774170572150,2026-03-22 09:09:32.150,68828.0,0.20579,A,14164.11412,280931139000871
1774170572261,2026-03-22 09:09:32.261,68828.0,0.25,A,17207.0,479137341728743
1774170572261,2026-03-22 09:09:32.261,68828.0,0.01452,A,999.38256,603469048760471
1774170572261,2026-03-22 09:09:32.261,68828.0,1.66666,A,114712.87448,544160573934968
1774170572261,2026-03-22 09:09:32.261,68828.0,0.10549,A,7260.66572,4999552332523
1774170572261,2026-03-22 09:09:32.261,68828.0,0.1003,A,6903.4484,1118501048298565
1774170572463,2026-03-22 09:09:32.463,68828.0,0.02656,A,1828.07168,445782255598158
1774170572463,2026-03-22 09:09:32.463,68828.0,0.0202,A,1390.3256,187184185532403
1774170572660,2026-03-22 09:09:32.660,68828.0,0.16263,A,11193.49764,551632944001651
1774170572864,2026-03-22 09:09:32.864,68828.0,0.02667,A,1835.64276,1075160425324177
1774170573476,2026-03-22 09:09:33.476,68829.0,0.01923,B,1323.58167,592540475482335
1774170573775,2026-03-22 09:09:33.775,68828.0,0.0003,A,20.6484,936609523227938
1774170573775,2026-03-22 09:09:33.775,68828.0,0.09918,A,6826.361040000001,596683281328901
1774170573775,2026-03-22 09:09:33.775,68828.0,0.00017,A,11.70076,832186100516261
1774170573775,2026-03-22 09:09:33.775,68827.0,0.00016,A,11.01232,22872850816932
1774170573775,2026-03-22 09:09:33.775,68827.0,0.00017,A,11.70059,599343687491163
1774170573775,2026-03-22 09:09:33.775,68827.0,0.00015,A,10.32405,698831315556087
1774170573775,2026-03-22 09:09:33.775,68826.0,0.00017,A,11.700420000000001,108387312677761
1774170573775,2026-03-22 09:09:33.775,68825.0,0.00017,A,11.70025,406178797016628
1774170573775,2026-03-22 09:09:33.775,68824.0,0.00027,A,18.58248,958878251727494
1774170573775,2026-03-22 09:09:33.775,68824.0,0.00017,A,11.700080000000002,892507159689904
1774170573926,2026-03-22 09:09:33.926,68823.0,0.00271,A,186.51033,228946505042237
1774170573926,2026-03-22 09:09:33.926,68823.0,0.00038,A,26.15274,198933850193798
1774170573926,2026-03-22 09:09:33.926,68823.0,0.00016,A,11.01168,206156965053765
1774170573926,2026-03-22 09:09:33.926,68823.0,6e-05,A,4.12938,657505109703362
1774170574088,2026-03-22 09:09:34.088,68823.0,0.00011,A,7.570530000000001,573759838371935
1774170574088,2026-03-22 09:09:34.088,68823.0,0.00131,A,90.15813,131661190236295
1774170574580,2026-03-22 09:09:34.580,68823.0,0.00169,A,116.31087000000001,847232866383732
1774170574580,2026-03-22 09:09:34.580,68823.0,0.00514,A,353.75021999999996,786821561657573
1774170574580,2026-03-22 09:09:34.580,68823.0,0.00792,A,545.07816,389376056088611
1774170575251,2026-03-22 09:09:35.251,68824.0,0.00032,B,22.023680000000002,524787926421310
1774170575251,2026-03-22 09:09:35.251,68824.0,0.01988,B,1368.22112,19057556672251
1774170575902,2026-03-22 09:09:35.902,68824.0,0.01056,B,726.78144,799804891376694
1774170576890,2026-03-22 09:09:36.890,68823.0,0.42794,A,29452.11462,190743035649403
1774170576890,2026-03-22 09:09:36.890,68823.0,0.00017,A,11.699910000000001,297231649067784
1774170577026,2026-03-22 09:09:37.026,68824.0,0.0591,B,4067.4984,326496781490816
1774170577026,2026-03-22 09:09:37.026,68823.0,0.21,B,14452.83,639956659551038
1774170577026,2026-03-22 09:09:37.026,68823.0,0.06609,B,4548.51207,1060378751552577
1774170577026,2026-03-22 09:09:37.026,68823.0,0.21,B,14452.83,701497708519480
1774170577026,2026-03-22 09:09:37.026,68823.0,0.12,B,8258.76,928285099994811
1774170577026,2026-03-22 09:09:37.026,68823.0,0.03106,B,2137.6423800000002,880004793344284
1774170577026,2026-03-22 09:09:37.026,68823.0,0.5812,B,39999.9276,373909524963354
1774170577026,2026-03-22 09:09:37.026,68823.0,0.03106,B,2137.6423800000002,538237327493187
1774170577026,2026-03-22 09:09:37.026,68823.0,0.01321,B,909.15183,678352807248604
1774170577180,2026-03-22 09:09:37.180,68822.0,0.00017,A,11.69974,831146648831839
1774170577180,2026-03-22 09:09:37.180,68822.0,0.003,A,206.466,304896553427387
1774170577180,2026-03-22 09:09:37.180,68822.0,0.00015,A,10.3233,31558323074460
1774170577180,2026-03-22 09:09:37.180,68821.0,0.00017,A,11.699570000000001,528947361300073
1774170577180,2026-03-22 09:09:37.180,68821.0,0.00015,A,10.323149999999998,1120548166760143
1774170577809,2026-03-22 09:09:37.809,68820.0,0.00051,A,35.098200000000006,960483774533582
1774170577809,2026-03-22 09:09:37.809,68820.0,0.00021,A,14.452200000000001,305265240237317
1774170577809,2026-03-22 09:09:37.809,68819.0,0.00016,A,11.011040000000001,514187074059659
1774170577809,2026-03-22 09:09:37.809,68819.0,0.00017,A,11.69923,575910473278748
1774170578013,2026-03-22 09:09:38.013,68819.0,0.00016,B,11.011040000000001,246701195602708
1774170578915,2026-03-22 09:09:38.915,68819.0,0.00032,B,22.022080000000003,242143435902095
1774170579758,2026-03-22 09:09:39.758,68819.0,0.00032,B,22.022080000000003,851447151400541
1774170580146,2026-03-22 09:09:40.146,68819.0,0.00473,B,325.51387,38959461496377
1774170580231,2026-03-22 09:09:40.231,68819.0,0.06923,B,4764.33937,682311099760612
1774170580231,2026-03-22 09:09:40.231,68819.0,0.02724,B,1874.62956,1016631309530356
1774170580636,2026-03-22 09:09:40.636,68818.0,0.00017,A,11.699060000000001,416320132848532
1774170580636,2026-03-22 09:09:40.636,68818.0,0.00644,A,443.18792,25483766629291
1774170580745,2026-03-22 09:09:40.745,68819.0,0.00309,B,212.65071,999777923549428
1774170581029,2026-03-22 09:09:41.029,68818.0,0.00017,A,11.699060000000001,669956918328195
1774170582448,2026-03-22 09:09:42.448,68819.0,0.00029,B,19.95751,137621385027999
1774170584049,2026-03-22 09:09:44.049,68818.0,0.00416,A,286.28288,991032712355591
1774170584572,2026-03-22 09:09:44.572,68818.0,0.00309,A,212.64762,53952963309826
1774170585985,2026-03-22 09:09:45.985,68819.0,0.00022,B,15.14018,233318344604352
1774170586978,2026-03-22 09:09:46.978,68819.0,0.01675,B,1152.7182500000001,459592745104508
1774170586978,2026-03-22 09:09:46.978,68819.0,0.21,B,14451.99,755124466943377
1774170586978,2026-03-22 09:09:46.978,68819.0,0.0286,B,1968.2234,434880638956202
1774170587983,2026-03-22 09:09:47.983,68818.0,0.03188,A,2193.91784,1042895768943979
1774170588174,2026-03-22 09:09:48.174,68818.0,0.00018,A,12.38724,631500668304071
1774170589081,2026-03-22 09:09:49.081,68818.0,0.00044,A,30.27992,840660990831708
1774170591550,2026-03-22 09:09:51.550,68819.0,0.0104,B,715.7176,914274568355083
1774170591633,2026-03-22 09:09:51.633,68819.0,0.05812,B,3999.76028,364309040588681
1774170591757,2026-03-22 09:09:51.757,68819.0,0.0029,B,199.5751,327386713589578
1774170592606,2026-03-22 09:09:52.606,68818.0,0.0003,A,20.6454,1013577544319473
1774170592908,2026-03-22 09:09:52.908,68819.0,0.0207,B,1424.5533,231852495851877
1774170593414,2026-03-22 09:09:53.414,68818.0,0.0202,A,1390.1236,446108220746642
1774170593414,2026-03-22 09:09:53.414,68819.0,0.0202,B,1390.1438,535772115663760
1774170593474,2026-03-22 09:09:53.474,68819.0,0.00508,B,349.60052,1011952463172711
1774170595840,2026-03-22 09:09:55.840,68818.0,0.0029,A,199.57219999999998,1033726171674132
1774170597862,2026-03-22 09:09:57.862,68819.0,0.05554,B,3822.20726,1097055731410239
1774170600868,2026-03-22 09:10:00.868,68819.0,0.00272,B,187.18768,176726448518336
1774170601070,2026-03-22 09:10:01.070,68818.0,0.00238,A,163.78684,995505430210936
1774170604568,2026-03-22 09:10:04.568,68818.0,0.00329,A,226.41122,1019659388647350
1774170604904,2026-03-22 09:10:04.904,68818.0,0.00272,A,187.18496000000002,548093701249315
1774170605038,2026-03-22 09:10:05.038,68818.0,0.00142,A,97.72156,481213838519352
1774170605098,2026-03-22 09:10:05.098,68818.0,0.16931,A,11651.575579999999,128127810615386
1774170605098,2026-03-22 09:10:05.098,68818.0,0.00017,A,11.699060000000001,804556684577468
1774170605098,2026-03-22 09:10:05.098,68818.0,0.00627,A,431.48886000000005,821020588015606
1774170605098,2026-03-22 09:10:05.098,68817.0,0.00017,A,11.69889,931683284500730
1774170605246,2026-03-22 09:10:05.246,68816.0,0.00016,A,11.010560000000002,422197707011058
1774170605246,2026-03-22 09:10:05.246,68816.0,0.00017,A,11.698720000000002,687878954983557
1774170605246,2026-03-22 09:10:05.246,68816.0,0.00015,A,10.322399999999998,770604716313260
1774170605918,2026-03-22 09:10:05.918,68815.0,0.00017,A,11.698550000000001,441826409969154
1774170607066,2026-03-22 09:10:07.066,68815.0,0.00128,B,88.0832,81589885702153
1774170607066,2026-03-22 09:10:07.066,68815.0,0.05841,B,4019.4841499999998,1090388182406061
1774170607288,2026-03-22 09:10:07.288,68814.0,0.00017,A,11.69838,989514889997380
1774170607288,2026-03-22 09:10:07.288,68814.0,0.01235,A,849.8529,150819363801632
1774170608075,2026-03-22 09:10:08.075,68815.0,0.00016,B,11.0104,843840026486123
1774170608264,2026-03-22 09:10:08.264,68814.0,0.00384,A,264.24576,664056146283930
1774170609263,2026-03-22 09:10:09.263,68815.0,0.00032,B,22.0208,818661489595116
1774170609489,2026-03-22 09:10:09.489,68815.0,0.00255,B,175.47825,997724164785693
1774170610117,2026-03-22 09:10:10.117,68815.0,0.00026,B,17.8919,717024116599077
1774170610117,2026-03-22 09:10:10.117,68814.0,0.0202,A,1390.0428,176756018031467
1774170610758,2026-03-22 09:10:10.758,68814.0,0.00028,A,19.267919999999997,243135251421428
1774170611011,2026-03-22 09:10:11.011,68814.0,0.00017,A,11.69838,120329163628278
1774170611813,2026-03-22 09:10:11.813,68815.0,0.0202,B,1390.0629999999999,906824681386365
1774170612699,2026-03-22 09:10:12.699,68815.0,0.03319,B,2283.96985,27301612163300
1774170612911,2026-03-22 09:10:12.911,68814.0,0.006,A,412.884,800975922664174
1774170613132,2026-03-22 09:10:13.132,68815.0,0.02029,B,1396.2563499999999,778558098652524
1774170613223,2026-03-22 09:10:13.223,68815.0,0.03633,B,2500.04895,44400031476634
1774170613335,2026-03-22 09:10:13.335,68815.0,0.0002,B,13.763,366852969737524
1774170613424,2026-03-22 09:10:13.424,68814.0,0.00255,A,175.47570000000002,151599174036638
1774170614027,2026-03-22 09:10:14.027,68814.0,0.00416,A,286.26624,526881061817901
1774170617386,2026-03-22 09:10:17.386,68815.0,0.001,B,68.815,104631348503529
1774170617852,2026-03-22 09:10:17.852,68815.0,0.00239,B,164.46785000000003,523795167209567
1774170618658,2026-03-22 09:10:18.658,68815.0,0.01454,B,1000.5701,926803399840072
1774170619046,2026-03-22 09:10:19.046,68814.0,0.00054,A,37.15956,766085270299911
1774170621396,2026-03-22 09:10:21.396,68814.0,0.00239,A,164.46546,187516200521252
1774170622808,2026-03-22 09:10:22.808,68815.0,0.01113,B,765.91095,915895097312070
1774170622808,2026-03-22 09:10:22.808,68815.0,0.00017,B,11.698550000000001,1116901652726146
1774170622808,2026-03-22 09:10:22.808,68815.0,0.00854,B,587.6801,42603621628040
1774170626172,2026-03-22 09:10:26.172,68815.0,0.06202,B,4267.9063,882215664427073
1774170626172,2026-03-22 09:10:26.172,68815.0,0.00431,B,296.59265,795697787283461
1774170626172,2026-03-22 09:10:26.172,68815.0,0.64368,B,44294.8392,461611319275364
1774170626645,2026-03-22 09:10:26.645,68815.0,0.00223,B,153.45745000000002,35904907409875
1774170627511,2026-03-22 09:10:27.511,68814.0,0.14752,A,10151.441280000001,896677670979686
1774170627511,2026-03-22 09:10:27.511,68814.0,0.00251,A,172.72314,1090616874348318
1774170627511,2026-03-22 09:10:27.511,68814.0,0.00017,A,11.69838,1005219854479720
1774170627511,2026-03-22 09:10:27.511,68814.0,0.05803,A,3993.2764199999997,331546341937382
1774170628257,2026-03-22 09:10:28.257,68813.0,0.00017,A,11.698210000000001,529320574623979
1774170628257,2026-03-22 09:10:28.257,68813.0,0.00105,A,72.25365,1077359787710758
1774170628257,2026-03-22 09:10:28.257,68812.0,0.00016,A,11.009920000000001,518611296305262
1774170628257,2026-03-22 09:10:28.257,68812.0,7e-05,A,4.81684,315047967510190
1774170628518,2026-03-22 09:10:28.518,68812.0,0.0001,A,6.881200000000001,501420514811167
1774170628518,2026-03-22 09:10:28.518,68811.0,0.00017,A,11.69787,938199228283020
1774170628518,2026-03-22 09:10:28.518,68810.0,0.00017,A,11.697700000000001,546656358477120
1774170629874,2026-03-22 09:10:29.874,68809.0,0.00017,A,11.69753,1096801231597156
1774170629874,2026-03-22 09:10:29.874,68809.0,0.13261,A,9124.76149,897550068037751
1774170630110,2026-03-22 09:10:30.110,68809.0,0.00223,A,153.44407,710261177854565
1774170630331,2026-03-22 09:10:30.331,68809.0,0.0183,A,1259.2047,1052004826199448
1774170630828,2026-03-22 09:10:30.828,68809.0,0.00022,A,15.13798,929039217356284
1774170631006,2026-03-22 09:10:31.006,68809.0,0.00238,A,163.76542,43347363963164
1774170632306,2026-03-22 09:10:32.306,68809.0,0.0202,A,1389.9418,329174588266878
1774170632829,2026-03-22 09:10:32.829,68810.0,0.0202,B,1389.962,429854981271744
1774170633513,2026-03-22 09:10:33.513,68809.0,6e-05,A,4.12854,897306154562723
1774170634140,2026-03-22 09:10:34.140,68809.0,0.00142,A,97.70878,409506849012075
1774170634140,2026-03-22 09:10:34.140,68810.0,0.0021,B,144.501,508788059236734
1774170635752,2026-03-22 09:10:35.752,68809.0,0.01306,A,898.64554,759920215909010
1774170636093,2026-03-22 09:10:36.093,68810.0,0.05193,B,3573.3032999999996,133108277769877
1774170637976,2026-03-22 09:10:37.976,68809.0,0.0021,A,144.4989,478391885242742
1774170638121,2026-03-22 09:10:38.121,68810.0,0.00016,B,11.0096,675990070096530
1774170638177,2026-03-22 09:10:38.177,68809.0,0.19599,A,13485.87591,690821366576749
1774170638177,2026-03-22 09:10:38.177,68810.0,6e-05,B,4.1286000000000005,773474321065433
1774170638329,2026-03-22 09:10:38.329,68810.0,0.00028,B,19.2668,598277619951498
1774170641062,2026-03-22 09:10:41.062,68809.0,0.00017,A,11.69753,132162459323963
1774170641795,2026-03-22 09:10:41.795,68810.0,0.00197,B,135.5557,904280211518500
1774170642542,2026-03-22 09:10:42.542,68810.0,0.001,B,68.81,290584998926224
1774170642806,2026-03-22 09:10:42.806,68809.0,0.0202,A,1389.9418,987116673562477
1774170643282,2026-03-22 09:10:43.282,68810.0,0.00245,B,168.5845,160639339255399
1774170644090,2026-03-22 09:10:44.090,68809.0,0.00416,A,286.24544,637999123748583
1774170644705,2026-03-22 09:10:44.705,68809.0,0.00013,A,8.94517,1100606777236086
1774170644705,2026-03-22 09:10:44.705,68809.0,0.00245,A,168.58204999999998,314299848259717
1774170644889,2026-03-22 09:10:44.889,68809.0,0.00197,A,135.55373,872343546935264
1774170644947,2026-03-22 09:10:44.947,68810.0,0.0202,B,1389.962,446193975043843
1774170645711,2026-03-22 09:10:45.711,68810.0,0.00246,B,169.27259999999998,427108927978432
1774170648441,2026-03-22 09:10:48.441,68810.0,0.00185,B,127.2985,215742310823589
1774170649044,2026-03-22 09:10:49.044,68809.0,0.0005,A,34.4045,8791676409364
1774170650052,2026-03-22 09:10:50.052,68809.0,0.00071,A,48.85439,698608313340809
1774170650254,2026-03-22 09:10:50.254,68810.0,0.00067,B,46.1027,383192511204487
1774170651583,2026-03-22 09:10:51.583,68810.0,0.00022,B,15.138200000000001,338759593655218
1774170652389,2026-03-22 09:10:52.389,68809.0,0.00185,A,127.29665,890795634736818
1774170654398,2026-03-22 09:10:54.398,68809.0,0.00087,A,59.86383,962255455099832
1774170654598,2026-03-22 09:10:54.598,68809.0,0.00468,A,322.02612,386460285968453
1774170655078,2026-03-22 09:10:55.078,68809.0,0.0097,A,667.4473,308204957193324
1774170655078,2026-03-22 09:10:55.078,68809.0,0.00092,A,63.30428,121612648234359
1774170656206,2026-03-22 09:10:56.206,68810.0,0.00468,B,322.0308,1104086077438367
1774170657750,2026-03-22 09:10:57.750,68810.0,0.00173,B,119.04129999999999,500946696876213
1774170660111,2026-03-22 09:11:00.111,68810.0,0.01745,B,1200.7345,20420361902703
1774170660111,2026-03-22 09:11:00.111,68810.0,0.00018,B,12.385800000000001,861491576072781
1774170660111,2026-03-22 09:11:00.111,68810.0,0.00017,B,11.697700000000001,989995195230083
1774170660111,2026-03-22 09:11:00.111,68810.0,0.09668,B,6652.5508,786081702868117
1774170661081,2026-03-22 09:11:01.081,68809.0,0.00238,A,163.76542,128869141455523
1774170663196,2026-03-22 09:11:03.196,68809.0,0.00017,A,11.69753,1006274826371784
1774170663196,2026-03-22 09:11:03.196,68809.0,0.00156,A,107.34204,117769113298830
1774170664054,2026-03-22 09:11:04.054,68809.0,0.0013,A,89.4517,473909963927477
1774170664054,2026-03-22 09:11:04.054,68809.0,0.00012,A,8.25708,35114065915423
1774170665180,2026-03-22 09:11:05.180,68810.0,0.00704,B,484.42240000000004,610868176012724
1774170666137,2026-03-22 09:11:06.137,68810.0,0.02526,B,1738.1406000000002,428779861429345
1774170666137,2026-03-22 09:11:06.137,68810.0,0.014,B,963.34,774520550288696
1774170666137,2026-03-22 09:11:06.137,68810.0,0.00017,B,11.697700000000001,142774057154295
1774170666137,2026-03-22 09:11:06.137,68810.0,0.02265,B,1558.5465,769714512732685
1774170666540,2026-03-22 09:11:06.540,68809.0,0.02472,A,1700.95848,512823537231466
1774170666540,2026-03-22 09:11:06.540,68809.0,0.00017,A,11.69753,353763551235290
1774170666540,2026-03-22 09:11:06.540,68809.0,0.02093,A,1440.17237,824537992847497
1774170666979,2026-03-22 09:11:06.979,68808.0,0.00017,A,11.697360000000002,328176838489556
1774170666979,2026-03-22 09:11:06.979,68808.0,0.00015,A,10.3212,741816149142635
1774170666979,2026-03-22 09:11:06.979,68808.0,0.00036,A,24.770880000000002,445069131889630
1774170666979,2026-03-22 09:11:06.979,68807.0,0.00017,A,11.69719,454170932918351
1774170666979,2026-03-22 09:11:06.979,68807.0,0.00015,A,10.32105,205110345686186
1774170666979,2026-03-22 09:11:06.979,68807.0,0.00604,A,415.59428,853325766851571
1774170668073,2026-03-22 09:11:08.073,68808.0,0.00016,B,11.00928,1024756288847956
1774170668073,2026-03-22 09:11:08.073,68807.0,0.00036,A,24.77052,504472623697423
1774170668073,2026-03-22 09:11:08.073,68806.0,0.00017,A,11.69702,25874539659225
1774170668073,2026-03-22 09:11:08.073,68806.0,0.00056,A,38.53136,175511712058975
1774170668150,2026-03-22 09:11:08.150,68807.0,0.00163,B,112.15540999999999,361339680599856
1774170668275,2026-03-22 09:11:08.275,68806.0,0.01986,A,1366.48716,684598019770136
1774170668275,2026-03-22 09:11:08.275,68805.0,0.00032,A,22.0176,361053140342223
1774170668275,2026-03-22 09:11:08.275,68805.0,0.00017,A,11.696850000000001,781306308216233
1774170668275,2026-03-22 09:11:08.275,68805.0,0.003,A,206.415,54246268004964
1774170668275,2026-03-22 09:11:08.275,68804.0,0.00017,A,11.69668,273560350273594
1774170668477,2026-03-22 09:11:08.477,68804.0,0.00033,B,22.70532,548662978691288
1774170668597,2026-03-22 09:11:08.597,68804.0,0.00189,B,130.03956,708698261839788
1774170668597,2026-03-22 09:11:08.597,68803.0,0.00017,A,11.69651,37727514036167
1774170668597,2026-03-22 09:11:08.597,68803.0,0.00166,A,114.21298,964627879292072
1774170668597,2026-03-22 09:11:08.597,68802.0,0.00017,A,11.696340000000001,852954848686022
1774170668597,2026-03-22 09:11:08.597,68801.0,0.00017,A,11.69617,528528923131188
1774170668597,2026-03-22 09:11:08.597,68801.0,0.00017,A,11.69617,155991578435718
1774170668597,2026-03-22 09:11:08.597,68801.0,0.01786,A,1228.78586,450784088143972
1774170668757,2026-03-22 09:11:08.757,68804.0,0.0202,B,1389.8408,982425353376025
1774170671107,2026-03-22 09:11:11.107,68801.0,0.00017,A,11.69617,1094276684765069
1774170671845,2026-03-22 09:11:11.845,68801.0,0.00163,A,112.14563,348840985184038
1774170673047,2026-03-22 09:11:13.047,68801.0,1e-05,A,0.68801,328201119258591
1774170674068,2026-03-22 09:11:14.068,68801.0,0.00416,A,286.21216,966874969024290
1774170675845,2026-03-22 09:11:15.845,68802.0,0.00152,B,104.57904,222194871336169
1774170676703,2026-03-22 09:11:16.703,68802.0,0.00246,B,169.25292,425312080019951
1774170677968,2026-03-22 09:11:17.968,68801.0,0.00031,A,21.32831,335193135603510
1774170678309,2026-03-22 09:11:18.309,68801.0,0.00246,A,169.25046,1011261534495200
1774170678309,2026-03-22 09:11:18.309,68802.0,0.0207,B,1424.2014,1021572989773908
1774170679124,2026-03-22 09:11:19.124,68801.0,0.00017,A,11.69617,69198752183243
1774170679124,2026-03-22 09:11:19.124,68801.0,0.00034,A,23.39234,10005507987790
1774170679221,2026-03-22 09:11:19.221,68801.0,0.00254,A,174.75454000000002,911510079454399
1774170679221,2026-03-22 09:11:19.221,68800.0,0.00017,A,11.696000000000002,890534708324640
1774170679221,2026-03-22 09:11:19.221,68799.0,0.00017,A,11.69583,437318467192067
1774170679221,2026-03-22 09:11:19.221,68798.0,0.00017,A,11.69566,312725987627484
1774170679221,2026-03-22 09:11:19.221,68797.0,0.00017,A,11.695490000000001,814865526403555
1774170679221,2026-03-22 09:11:19.221,68797.0,0.00017,A,11.695490000000001,1036220952301824
1774170679221,2026-03-22 09:11:19.221,68797.0,0.003,A,206.391,1044175313217443
1774170679221,2026-03-22 09:11:19.221,68796.0,0.00017,A,11.69532,308751011660393
1774170679221,2026-03-22 09:11:19.221,68795.0,0.00017,A,11.695150000000002,17244626902758
1774170679221,2026-03-22 09:11:19.221,68794.0,0.00017,A,11.694980000000001,1099458815637608
1774170679221,2026-03-22 09:11:19.221,68794.0,0.00015,A,10.319099999999999,457691892055413
1774170679221,2026-03-22 09:11:19.221,68794.0,0.00017,A,11.694980000000001,117582980673511
1774170679221,2026-03-22 09:11:19.221,68793.0,0.00017,A,11.69481,359174536990204
1774170679221,2026-03-22 09:11:19.221,68792.0,0.00017,A,11.694640000000001,337905879150012
1774170679221,2026-03-22 09:11:19.221,68791.0,0.00072,A,49.529520000000005,1054841486448063
1774170679221,2026-03-22 09:11:19.221,68791.0,0.00017,A,11.69447,323578663312338
1774170679221,2026-03-22 09:11:19.221,68791.0,0.003,A,206.373,31055512838425
1774170679221,2026-03-22 09:11:19.221,68790.0,0.00017,A,11.6943,114737095811791
1774170679221,2026-03-22 09:11:19.221,68790.0,0.00017,A,11.6943,50141164323997
1774170679221,2026-03-22 09:11:19.221,68790.0,0.001,A,68.79,354832569907368
1774170679221,2026-03-22 09:11:19.221,68789.0,0.00017,A,11.694130000000001,686650626225875
1774170679221,2026-03-22 09:11:19.221,68789.0,0.00015,A,10.318349999999999,939424856310588
1774170679221,2026-03-22 09:11:19.221,68788.0,0.00017,A,11.69396,1062662083806945
1774170679221,2026-03-22 09:11:19.221,68787.0,0.00017,A,11.693790000000002,941173313822057
1774170679221,2026-03-22 09:11:19.221,68786.0,0.00017,A,11.693620000000001,668530534769099
1774170679221,2026-03-22 09:11:19.221,68786.0,0.00017,A,11.693620000000001,949346174145910
1774170679221,2026-03-22 09:11:19.221,68785.0,0.00017,A,11.69345,438338082359787
1774170679221,2026-03-22 09:11:19.221,68785.0,0.00022,A,15.1327,471086796428366
1774170679221,2026-03-22 09:11:19.221,68784.0,0.00017,A,11.693280000000001,710031345727468
1774170679221,2026-03-22 09:11:19.221,68783.0,0.00017,A,11.69311,784375778258755
1774170679221,2026-03-22 09:11:19.221,68783.0,0.00568,A,390.68744000000004,962363649562963
1774170680031,2026-03-22 09:11:20.031,68783.0,0.00152,A,104.55016,777256410286611
1774170680234,2026-03-22 09:11:20.234,68783.0,0.014,A,962.962,384786847001403
1774170681382,2026-03-22 09:11:21.382,68784.0,0.08151,B,5606.58384,777895260410535
1774170681382,2026-03-22 09:11:21.382,68784.0,0.10544,B,7252.58496,633710840129591
1774170681382,2026-03-22 09:11:21.382,68784.0,0.05024,B,3455.70816,474918739147817
1774170681382,2026-03-22 09:11:21.382,68784.0,0.04559,B,3135.86256,686816597132336
1774170681907,2026-03-22 09:11:21.907,68783.0,0.00017,A,11.69311,796595781949821
1774170681907,2026-03-22 09:11:21.907,68783.0,0.01637,A,1125.97771,153336740998427
1774170684660,2026-03-22 09:11:24.660,68784.0,0.00032,B,22.01088,281051416719096
1774170684660,2026-03-22 09:11:24.660,68784.0,0.00141,B,96.98544,455977364021440
1774170685533,2026-03-22 09:11:25.533,68783.0,0.00362,A,248.99446,258848972767366
1774170685663,2026-03-22 09:11:25.663,68784.0,0.001,B,68.784,482701080187858
1774170686941,2026-03-22 09:11:26.941,68784.0,0.00362,B,248.99808,986329020150873
1774170688346,2026-03-22 09:11:28.346,68783.0,0.00141,A,96.98403,360175769494633
1774170688601,2026-03-22 09:11:28.601,68784.0,0.00045,B,30.9528,325672623184660
1774170689202,2026-03-22 09:11:29.202,68784.0,0.00022,B,15.132480000000001,711302410557819
1774170691099,2026-03-22 09:11:31.099,68783.0,0.00238,A,163.70354,66290816851810
1774170691828,2026-03-22 09:11:31.828,68784.0,0.00015,B,10.317599999999999,176524380388353
1774170692248,2026-03-22 09:11:32.248,68784.0,0.00017,B,11.693280000000001,198921015708171
1774170692248,2026-03-22 09:11:32.248,68784.0,0.00027,B,18.57168,433898455695896
1774170692248,2026-03-22 09:11:32.248,68785.0,0.00015,B,10.317749999999998,613522353222853
1774170692248,2026-03-22 09:11:32.248,68785.0,0.00017,B,11.69345,938902852449730
1774170692248,2026-03-22 09:11:32.248,68785.0,0.15,B,10317.75,803750101955059
1774170692307,2026-03-22 09:11:32.307,68786.0,0.00017,B,11.693620000000001,798987599406911
1774170692307,2026-03-22 09:11:32.307,68786.0,0.00015,B,10.3179,321660857838413
1774170692450,2026-03-22 09:11:32.450,68787.0,0.00017,B,11.693790000000002,698901666069870
1774170692450,2026-03-22 09:11:32.450,68787.0,0.00146,B,100.42902,801450819219434
1774170692861,2026-03-22 09:11:32.861,68788.0,0.00017,B,11.69396,947600047147812
1774170693047,2026-03-22 09:11:33.047,68789.0,0.00017,B,11.694130000000001,881130392155519
1774170693047,2026-03-22 09:11:33.047,68789.0,0.003,B,206.367,191734177237476
1774170693047,2026-03-22 09:11:33.047,68789.0,0.00016,B,11.00624,954640223274072
1774170693047,2026-03-22 09:11:33.047,68789.0,0.00015,B,10.318349999999999,165066935689616
1774170693047,2026-03-22 09:11:33.047,68790.0,0.00017,B,11.6943,665144647727016
1774170693431,2026-03-22 09:11:33.431,68790.0,0.00031,A,21.3249,726198891296742
1774170693512,2026-03-22 09:11:33.512,68791.0,0.00017,B,11.69447,638593977926376
1774170693512,2026-03-22 09:11:33.512,68792.0,0.00017,B,11.694640000000001,886743836955361
1774170694062,2026-03-22 09:11:34.062,68792.0,0.00141,A,96.99672,421053579510116
1774170694259,2026-03-22 09:11:34.259,68793.0,0.00017,B,11.69481,867409476600396
1774170694259,2026-03-22 09:11:34.259,68793.0,0.02003,B,1377.92379,925357269698907
1774170694259,2026-03-22 09:11:34.259,68793.0,0.003,B,206.379,648475296329585
1774170695125,2026-03-22 09:11:35.125,68793.0,0.00133,B,91.49469,500700996227079
1774170695728,2026-03-22 09:11:35.728,68792.0,0.00246,A,169.22832,71139191322717
1774170695728,2026-03-22 09:11:35.728,68792.0,0.00237,A,163.03704000000002,347654470651507
1774170696621,2026-03-22 09:11:36.621,68793.0,0.00017,B,11.69481,615147969994653
1774170696621,2026-03-22 09:11:36.621,68794.0,0.003,B,206.382,969708944079964
1774170696621,2026-03-22 09:11:36.621,68794.0,0.00015,B,10.319099999999999,909905168548279
1774170696621,2026-03-22 09:11:36.621,68794.0,0.00017,B,11.694980000000001,1044622008261893
1774170696621,2026-03-22 09:11:36.621,68795.0,0.00017,B,11.695150000000002,739212990327758
1774170696621,2026-03-22 09:11:36.621,68796.0,0.00017,B,11.69532,1011216431481482
1774170696621,2026-03-22 09:11:36.621,68796.0,0.00016,B,11.00736,236823456372854
1774170696621,2026-03-22 09:11:36.621,68796.0,0.00015,B,10.3194,839746150153036
1774170696621,2026-03-22 09:11:36.621,68797.0,0.00017,B,11.695490000000001,901225757331767
1774170696621,2026-03-22 09:11:36.621,68797.0,0.00072,B,49.533840000000005,741290760527450
1774170697017,2026-03-22 09:11:37.017,68798.0,0.00017,B,11.69566,1033358368054627
1774170697017,2026-03-22 09:11:37.017,68799.0,0.00017,B,11.69583,646455611340760
1774170697017,2026-03-22 09:11:37.017,68799.0,0.003,B,206.397,448903500559910
1774170697017,2026-03-22 09:11:37.017,68799.0,0.02907,B,1999.9869299999998,589905069287954
1774170697017,2026-03-22 09:11:37.017,68800.0,0.00017,B,11.696000000000002,1020138915674678
1774170697017,2026-03-22 09:11:37.017,68800.0,0.00016,B,11.008000000000001,261227025914415
1774170697017,2026-03-22 09:11:37.017,68801.0,0.00017,B,11.69617,230649403175833
1774170697017,2026-03-22 09:11:37.017,68802.0,0.00017,B,11.696340000000001,599311424893510
1774170697017,2026-03-22 09:11:37.017,68802.0,0.02661,B,1830.82122,91397966618832
1774170697086,2026-03-22 09:11:37.086,68802.0,0.00483,B,332.31366,510020480107462
1774170698029,2026-03-22 09:11:38.029,68802.0,0.00016,B,11.008320000000001,397861929469404
1774170698347,2026-03-22 09:11:38.347,68801.0,0.00133,A,91.50533,511428732982881
1774170698547,2026-03-22 09:11:38.547,68802.0,0.00032,B,22.016640000000002,928494809884476
1774170700159,2026-03-22 09:11:40.159,68801.0,0.01594,A,1096.68794,436981032598843
1774170701036,2026-03-22 09:11:41.036,68801.0,0.00017,A,11.69617,172877952783019
1774170701436,2026-03-22 09:11:41.436,68802.0,0.01306,B,898.55412,447066067797081
1774170702269,2026-03-22 09:11:42.269,68801.0,0.00073,A,50.22473,341226247823487
1774170702269,2026-03-22 09:11:42.269,68801.0,0.00017,A,11.69617,211338471223090
1774170702269,2026-03-22 09:11:42.269,68800.0,0.00015,A,10.319999999999999,816913706410031
1774170702269,2026-03-22 09:11:42.269,68800.0,0.00017,A,11.696000000000002,866675046862903
1774170702269,2026-03-22 09:11:42.269,68799.0,0.00017,A,11.69583,506819500920228
1774170702269,2026-03-22 09:11:42.269,68798.0,0.00015,A,10.3197,950880108667934
1774170702269,2026-03-22 09:11:42.269,68797.0,0.00016,A,11.007520000000001,485284297439433
1774170702269,2026-03-22 09:11:42.269,68797.0,0.00017,A,11.695490000000001,751356351808068
1774170702269,2026-03-22 09:11:42.269,68796.0,0.00017,A,11.69532,102642610030924
1774170702269,2026-03-22 09:11:42.269,68795.0,0.00017,A,11.695150000000002,259817844398106
1774170702269,2026-03-22 09:11:42.269,68794.0,0.00016,A,11.007040000000002,568160887228776
1774170702269,2026-03-22 09:11:42.269,68794.0,0.00017,A,11.694980000000001,304773620684668
1774170702269,2026-03-22 09:11:42.269,68793.0,0.00017,A,11.69481,412832817381391
1774170702672,2026-03-22 09:11:42.672,68793.0,0.00125,B,85.99125000000001,493996365306181
1774170703892,2026-03-22 09:11:43.892,68793.0,0.00158,B,108.69294000000001,871401548130525
1774170703892,2026-03-22 09:11:43.892,68793.0,0.00029,B,19.94997,795045590625728
1774170704068,2026-03-22 09:11:44.068,68792.0,0.00415,A,285.4868,711889712564409
1774170704341,2026-03-22 09:11:44.341,68792.0,0.00237,A,163.03704000000002,977820724144090
1774170704396,2026-03-22 09:11:44.396,68793.0,0.0025,B,171.98250000000002,817522130362503
1774170705184,2026-03-22 09:11:45.184,68793.0,0.03277,B,2254.34661,332639989577612
1774170706296,2026-03-22 09:11:46.296,68792.0,0.00125,A,85.99,91411561453866
1774170706394,2026-03-22 09:11:46.394,68793.0,0.00237,B,163.03941,276792735707600
1774170709008,2026-03-22 09:11:49.008,68792.0,0.00013,A,8.94296,507000473996230
1774170709008,2026-03-22 09:11:49.008,68792.0,0.00017,A,11.694640000000001,883980653646428
1774170709008,2026-03-22 09:11:49.008,68792.0,0.00023,A,15.82216,105117143590373
1774170710570,2026-03-22 09:11:50.570,68792.0,0.0183,A,1258.8936,192181381017693
1774170710818,2026-03-22 09:11:50.818,68793.0,0.00117,B,80.48781,602034186380454
1774170711395,2026-03-22 09:11:51.395,68792.0,0.00485,A,333.6412,504550400823252
1774170711962,2026-03-22 09:11:51.962,68793.0,0.00022,B,15.13446,467712067245062
1774170714722,2026-03-22 09:11:54.722,68792.0,0.00017,A,11.694640000000001,387628598938976
1774170714722,2026-03-22 09:11:54.722,68791.0,0.00219,A,150.65229,91157279715499
1774170715996,2026-03-22 09:11:55.996,68791.0,0.00081,A,55.72071,349489795901001
1774170715996,2026-03-22 09:11:55.996,68791.0,0.00017,A,11.69447,581724524245245
1774170715996,2026-03-22 09:11:55.996,68791.0,0.00019,A,13.07029,181343078634841
1774170716811,2026-03-22 09:11:56.811,68792.0,0.00236,B,162.34912,574599895496436
1774170718367,2026-03-22 09:11:58.367,68792.0,0.00016,B,11.006720000000001,790895486007331
1774170719842,2026-03-22 09:11:59.842,68792.0,0.01,B,687.92,1100321353525559
1774170719933,2026-03-22 09:11:59.933,68792.0,0.0011,B,75.6712,648009943960385
1774170721065,2026-03-22 09:12:01.065,68791.0,0.00017,A,11.69447,321737969277512
1774170721065,2026-03-22 09:12:01.065,68791.0,0.00017,A,11.69447,376715392871282
1774170721065,2026-03-22 09:12:01.065,68790.0,0.00016,A,11.006400000000001,740812811007606
1774170721065,2026-03-22 09:12:01.065,68790.0,0.00017,A,11.6943,243426758904869
1774170721065,2026-03-22 09:12:01.065,68789.0,0.00017,A,11.694130000000001,379160104601933
1774170721065,2026-03-22 09:12:01.065,68789.0,0.00154,A,105.93506,860529329860570
1774170721471,2026-03-22 09:12:01.471,68789.0,0.00435,A,299.23215,531782542567200
1774170721471,2026-03-22 09:12:01.471,68789.0,0.00435,A,299.23215,504255358060219
1774170721471,2026-03-22 09:12:01.471,68789.0,0.00435,A,299.23215,537002778226525
1774170721598,2026-03-22 09:12:01.598,68789.0,0.00435,A,299.23215,358153124576217
1774170721598,2026-03-22 09:12:01.598,68789.0,0.00088,A,60.53432,848866562421915
1774170721598,2026-03-22 09:12:01.598,68789.0,0.00017,A,11.694130000000001,744965032283200
1774170721598,2026-03-22 09:12:01.598,68789.0,0.00144,A,99.05616,956031019760768
1774170721598,2026-03-22 09:12:01.598,68788.0,0.00017,A,11.69396,1017470265417887
1774170721598,2026-03-22 09:12:01.598,68787.0,0.00017,A,11.693790000000002,438233049249464
1774170721598,2026-03-22 09:12:01.598,68786.0,0.00016,A,11.00576,743591266931692
1774170721598,2026-03-22 09:12:01.598,68786.0,0.00017,A,11.693620000000001,341253473544095
1774170721598,2026-03-22 09:12:01.598,68786.0,0.00041,A,28.20226,780870876243240
1774170722217,2026-03-22 09:12:02.217,68786.0,0.05,B,3439.3,87147354769164
1774170723091,2026-03-22 09:12:03.091,68785.0,0.00017,A,11.69345,484653448799054
1774170723091,2026-03-22 09:12:03.091,68785.0,0.00144,A,99.05040000000001,992946787644688
1774170723281,2026-03-22 09:12:03.281,68784.0,0.01,A,687.84,242068349015097
1774170723281,2026-03-22 09:12:03.281,68784.0,0.00017,A,11.693280000000001,553451785781407
1774170723281,2026-03-22 09:12:03.281,68783.0,0.00017,A,11.69311,495032602199152
1774170723281,2026-03-22 09:12:03.281,68783.0,0.00333,A,229.04739,372690302330791
1774170723281,2026-03-22 09:12:03.281,68783.0,0.00016,A,11.00528,1024439006360789
1774170723281,2026-03-22 09:12:03.281,68782.0,0.00017,A,11.69294,92701042088109
1774170723281,2026-03-22 09:12:03.281,68782.0,0.003,A,206.346,416266294847785
1774170723281,2026-03-22 09:12:03.281,68782.0,0.00015,A,10.3173,501098311578448
1774170724130,2026-03-22 09:12:04.130,68781.0,0.00017,A,11.692770000000001,116657658025866
1774170724130,2026-03-22 09:12:04.130,68781.0,0.00093,A,63.966330000000006,1087693270272467
1774170725040,2026-03-22 09:12:05.040,68781.0,0.00142,A,97.66902,352153352401720
1774170725296,2026-03-22 09:12:05.296,68781.0,0.0025,A,171.95250000000001,859118895403229
1774170726759,2026-03-22 09:12:06.759,68781.0,0.0202,A,1389.3762,233638913264195
1774170726974,2026-03-22 09:12:06.974,68782.0,0.00019,B,13.06858,225951134659538
1774170726974,2026-03-22 09:12:06.974,68782.0,0.00231,B,158.88642,932452777706492
1774170727050,2026-03-22 09:12:07.050,68782.0,0.05551,B,3818.08882,614221215136294
1774170728054,2026-03-22 09:12:08.054,68782.0,0.00016,B,11.005120000000002,1044796380203589
1774170728171,2026-03-22 09:12:08.171,68782.0,0.00102,B,70.15764,401862795252358
1774170728314,2026-03-22 09:12:08.314,68781.0,0.01306,A,898.27986,76309257522671
1774170728314,2026-03-22 09:12:08.314,68782.0,0.0003,B,20.6346,801070463958655
1774170731831,2026-03-22 09:12:11.831,68781.0,0.00102,A,70.15662,374636586701566
1774170733838,2026-03-22 09:12:13.838,68782.0,0.00249,B,171.26718,576469270856085
1774170734055,2026-03-22 09:12:14.055,68781.0,0.00416,A,286.12895999999995,933952754069366
1774170734146,2026-03-22 09:12:14.146,68781.0,0.02235,A,1537.25535,144199344411568
1774170734909,2026-03-22 09:12:14.909,68781.0,0.00901,A,619.71681,831428210440520
1774170735352,2026-03-22 09:12:15.352,68781.0,0.00249,A,171.26469,356243163386603
1774170737900,2026-03-22 09:12:17.900,68782.0,0.00096,B,66.03072,967473812189273
1774170739023,2026-03-22 09:12:19.023,68781.0,0.00058,A,39.89298,378454530732084
1774170740037,2026-03-22 09:12:20.037,68782.0,0.00552,B,379.67663999999996,196272901562508
1774170740181,2026-03-22 09:12:20.181,68782.0,0.01648,B,1133.52736,1010891328791293
1774170740181,2026-03-22 09:12:20.181,68782.0,0.00017,B,11.69294,84592605392271
1774170740181,2026-03-22 09:12:20.181,68783.0,0.00015,B,10.31745,796145593776565
1774170740181,2026-03-22 09:12:20.181,68783.0,0.00017,B,11.69311,920014504040180
1774170740181,2026-03-22 09:12:20.181,68784.0,0.00017,B,11.693280000000001,17754564491481
1774170740181,2026-03-22 09:12:20.181,68785.0,0.00015,B,10.317749999999998,445835220313491
1774170740383,2026-03-22 09:12:20.383,68789.0,0.00016,B,11.00624,150591593818970
1774170740383,2026-03-22 09:12:20.383,68789.0,0.00018,B,12.38202,688787252863677
1774170740383,2026-03-22 09:12:20.383,68789.0,0.00017,B,11.694130000000001,933711068289733
1774170741034,2026-03-22 09:12:21.034,68790.0,0.00017,B,11.6943,59766980024912
1774170741034,2026-03-22 09:12:21.034,68790.0,0.00128,B,88.05120000000001,718045855126156
1774170741442,2026-03-22 09:12:21.442,68789.0,0.00096,A,66.03744,851198653875636
1774170742435,2026-03-22 09:12:22.435,68790.0,0.00285,B,196.0515,835956320643368
1774170742435,2026-03-22 09:12:22.435,68790.0,0.00294,B,202.24259999999998,899582213431542
1774170742435,2026-03-22 09:12:22.435,68790.0,0.01232,B,847.4928,193810306100338
1774170742561,2026-03-22 09:12:22.561,68790.0,0.00968,B,665.8872,642031738006103
1774170742845,2026-03-22 09:12:22.845,68791.0,0.008,B,550.328,788141842717686
1774170743240,2026-03-22 09:12:23.240,68790.0,0.0025,A,171.975,294750701525056
1774170744361,2026-03-22 09:12:24.361,68790.0,0.00058,A,39.8982,302162841069164
1774170745041,2026-03-22 09:12:25.041,68791.0,0.0025,B,171.9775,338012955602124
1774170745161,2026-03-22 09:12:25.161,68790.0,0.00031,A,21.3249,138733190617979
1774170746277,2026-03-22 09:12:26.277,68791.0,0.0005,B,34.3955,921634367837845
1774170748740,2026-03-22 09:12:28.740,68791.0,0.00017,B,11.69447,425734583390908
1774170748740,2026-03-22 09:12:28.740,68791.0,0.0002,B,13.7582,932858006494150
1774170748740,2026-03-22 09:12:28.740,68791.0,0.00054,B,37.14714,118796006592652
1774170751044,2026-03-22 09:12:31.044,68790.0,0.00237,A,163.03230000000002,185114138649970
1774170752980,2026-03-22 09:12:32.980,68790.0,0.00091,A,62.5989,96468877855565
1774170754065,2026-03-22 09:12:34.065,68790.0,0.00142,A,97.68180000000001,126460703899497
1774170754384,2026-03-22 09:12:34.384,68791.0,0.001,B,68.791,858550181459585
1774170757015,2026-03-22 09:12:37.015,68791.0,0.02753,B,1893.81623,967679216625093
1774170757015,2026-03-22 09:12:37.015,68791.0,0.00017,B,11.69447,504666455349312
1774170757015,2026-03-22 09:12:37.015,68791.0,0.02218,B,1525.7843799999998,442620924504037
1774170757015,2026-03-22 09:12:37.015,68792.0,0.003,B,206.376,557374813204274
1774170757015,2026-03-22 09:12:37.015,68792.0,0.00018,B,12.382560000000002,136056204463608
1774170757015,2026-03-22 09:12:37.015,68792.0,0.00015,B,10.3188,41668757314401
1774170757015,2026-03-22 09:12:37.015,68792.0,0.00947,B,651.46024,262237004491457
1774170757540,2026-03-22 09:12:37.540,68791.0,0.00085,A,58.47235,829007261358649
1774170757738,2026-03-22 09:12:37.738,68792.0,0.0202,B,1389.5983999999999,625590304575876
1774170758205,2026-03-22 09:12:38.205,68791.0,6e-05,A,4.12746,273843928009457
1774170758609,2026-03-22 09:12:38.609,68792.0,0.00034,B,23.389280000000003,982709992274408
1774170760902,2026-03-22 09:12:40.902,68792.0,0.00085,B,58.4732,589533946497079
1774170761038,2026-03-22 09:12:41.038,68791.0,0.00017,A,11.69447,818046345910989
1774170761093,2026-03-22 09:12:41.093,68792.0,0.17257,B,11871.43544,210918154902094
1774170761093,2026-03-22 09:12:41.093,68792.0,0.02907,B,1999.78344,201611728021725
1774170761093,2026-03-22 09:12:41.093,68792.0,0.00018,B,12.382560000000002,329223879452590
1774170761093,2026-03-22 09:12:41.093,68792.0,0.00017,B,11.694640000000001,442549186562491
1774170761093,2026-03-22 09:12:41.093,68792.0,0.00143,B,98.37256000000001,736683908460715
1774170761093,2026-03-22 09:12:41.093,68793.0,0.00017,B,11.69481,628207028030826
1774170761093,2026-03-22 09:12:41.093,68793.0,0.00015,B,10.31895,395493303394130
1774170761093,2026-03-22 09:12:41.093,68793.0,0.02329,B,1602.1889700000002,590646199042537
1774170761093,2026-03-22 09:12:41.093,68793.0,0.49486,B,34042.90398,313387881923162
1774170763307,2026-03-22 09:12:43.307,68793.0,0.0183,B,1258.9119,728387143523716
1774170764012,2026-03-22 09:12:44.012,68792.0,0.00416,A,286.17472,804583176974468
1774170764913,2026-03-22 09:12:44.913,68793.0,6e-05,B,4.12758,949310804345807
1774170765108,2026-03-22 09:12:45.108,68793.0,0.04992,B,3434.14656,862115856273918
1774170767049,2026-03-22 09:12:47.049,68793.0,0.0008,B,55.034400000000005,939104644364175
1774170769022,2026-03-22 09:12:49.022,68792.0,0.00051,A,35.08392,440417506875989
1774170769545,2026-03-22 09:12:49.545,68793.0,0.00017,B,11.69481,162439614648181
1774170769545,2026-03-22 09:12:49.545,68793.0,0.02557,B,1759.03701,95026613894810
1774170769662,2026-03-22 09:12:49.662,68794.0,0.00015,B,10.319099999999999,1036344143106446
1774170769662,2026-03-22 09:12:49.662,68794.0,0.00017,B,11.694980000000001,922864756258981
1774170769662,2026-03-22 09:12:49.662,68795.0,0.00017,B,11.695150000000002,486888306398735
1774170769743,2026-03-22 09:12:49.743,68796.0,0.00016,B,11.00736,622917689838950
1774170769743,2026-03-22 09:12:49.743,68796.0,0.00017,B,11.69532,620735846613504
1774170769743,2026-03-22 09:12:49.743,68796.0,0.00015,B,10.3194,233053649311101
1774170770286,2026-03-22 09:12:50.286,68797.0,0.00017,B,11.695490000000001,1051911292753850
1774170770489,2026-03-22 09:12:50.489,68798.0,0.00017,B,11.69566,932042822224946
1774170770489,2026-03-22 09:12:50.489,68799.0,0.00017,B,11.69583,677103590629233
1774170770489,2026-03-22 09:12:50.489,68800.0,0.00016,B,11.008000000000001,833957046201483
1774170770489,2026-03-22 09:12:50.489,68800.0,0.00017,B,11.696000000000002,316128943184727
1774170770489,2026-03-22 09:12:50.489,68800.0,0.003,B,206.4,829136789153218
1774170770489,2026-03-22 09:12:50.489,68800.0,0.00015,B,10.319999999999999,355235382401310
1774170770489,2026-03-22 09:12:50.489,68801.0,0.00017,B,11.69617,446402952124048
1774170770489,2026-03-22 09:12:50.489,68801.0,0.003,B,206.403,706380132260461
1774170770489,2026-03-22 09:12:50.489,68802.0,0.00017,B,11.696340000000001,298821765837499
1774170770489,2026-03-22 09:12:50.489,68803.0,0.00017,B,11.69651,155840363255810
1774170770489,2026-03-22 09:12:50.489,68804.0,0.00017,B,11.69668,605915170272756
1774170770489,2026-03-22 09:12:50.489,68804.0,0.00016,B,11.008640000000002,618151161848797
1774170770489,2026-03-22 09:12:50.489,68804.0,0.00161,B,110.77444000000001,1047302689297884
1774170770489,2026-03-22 09:12:50.489,68805.0,0.00017,B,11.696850000000001,864351412481459
1774170770489,2026-03-22 09:12:50.489,68805.0,0.001,B,68.805,372462915370554
1774170770489,2026-03-22 09:12:50.489,68806.0,0.00017,B,11.69702,506907732369067
1774170770489,2026-03-22 09:12:50.489,68807.0,0.00016,B,11.009120000000001,1036770190563112
1774170770489,2026-03-22 09:12:50.489,68807.0,0.00017,B,11.69719,267714798982226
1774170770489,2026-03-22 09:12:50.489,68807.0,0.00022,B,15.137540000000001,541433357342070
1774170770489,2026-03-22 09:12:50.489,68807.0,0.001,B,68.807,270774212660614
1774170770489,2026-03-22 09:12:50.489,68808.0,0.00155,B,106.6524,494605153350261
1774170770489,2026-03-22 09:12:50.489,68808.0,0.00017,B,11.697360000000002,82203759329929
1774170770489,2026-03-22 09:12:50.489,68809.0,0.00017,B,11.69753,36836121708610
1774170770489,2026-03-22 09:12:50.489,68809.0,0.00015,B,10.321349999999999,1097101450224136
1774170770489,2026-03-22 09:12:50.489,68810.0,0.00017,B,11.697700000000001,1090260882718182
1774170770489,2026-03-22 09:12:50.489,68810.0,0.00633,B,435.5673,1046581517215547
1774170771485,2026-03-22 09:12:51.485,68810.0,0.00018,B,12.385800000000001,937300477579622
1774170771485,2026-03-22 09:12:51.485,68810.0,0.00127,B,87.3887,415114505899954
1774170771686,2026-03-22 09:12:51.686,68809.0,0.0008,A,55.047200000000004,925886309406459
1774170776307,2026-03-22 09:12:56.307,68810.0,0.00064,B,44.0384,313431416623109
1774170779283,2026-03-22 09:12:59.283,68810.0,0.06,B,4128.599999999999,891548360424095
1774170779794,2026-03-22 09:12:59.794,68809.0,0.00064,A,44.037760000000006,347616210296391
1774170780802,2026-03-22 09:13:00.802,68809.0,0.01,A,688.09,199038552267508
1774170781016,2026-03-22 09:13:01.016,68809.0,0.00238,A,163.76542,430394064144684
1774170783708,2026-03-22 09:13:03.708,68809.0,0.0202,A,1389.9418,1094783017938427
1774170784039,2026-03-22 09:13:04.039,68809.0,0.00142,A,97.70878,452726008359387
1774170784039,2026-03-22 09:13:04.039,68810.0,0.00072,B,49.543200000000006,513323176211949
1774170785645,2026-03-22 09:13:05.645,68810.0,0.00017,B,11.697700000000001,473947393449678
1774170785645,2026-03-22 09:13:05.645,68810.0,0.00304,B,209.1824,83730054766649
1774170785645,2026-03-22 09:13:05.645,68810.0,0.007,B,481.67,1090214822581696
1774170785645,2026-03-22 09:13:05.645,68810.0,0.00738,B,507.81780000000003,370487983123881
1774170785645,2026-03-22 09:13:05.645,68810.0,0.03704,B,2548.7223999999997,473193914635870
1774170785645,2026-03-22 09:13:05.645,68810.0,0.01593,B,1096.1433,501258763570031
1774170785645,2026-03-22 09:13:05.645,68810.0,0.00531,B,365.38109999999995,345543873666208
1774170785645,2026-03-22 09:13:05.645,68810.0,0.0014,B,96.334,520559017877391
1774170785747,2026-03-22 09:13:05.747,68810.0,0.0202,B,1389.962,449194798749829
1774170785747,2026-03-22 09:13:05.747,68810.0,0.04507,B,3101.2667,9217426335723
1774170785747,2026-03-22 09:13:05.747,68810.0,0.00498,B,342.6738,1059138787884954
1774170785845,2026-03-22 09:13:05.845,68810.0,0.00101,B,69.49810000000001,210248157797474
1774170785845,2026-03-22 09:13:05.845,68810.0,0.00402,B,276.6162,394489687330991
1774170786654,2026-03-22 09:13:06.654,68810.0,0.06864,B,4723.1184,682503218849447
1774170786654,2026-03-22 09:13:06.654,68810.0,0.07266,B,4999.7346,277160671801474
1774170786654,2026-03-22 09:13:06.654,68810.0,0.07266,B,4999.7346,864697110169140
1774170786654,2026-03-22 09:13:06.654,68810.0,0.07266,B,4999.7346,243742265433792
1774170786654,2026-03-22 09:13:06.654,68810.0,0.01453,B,999.8093,961893168519721
1774170786654,2026-03-22 09:13:06.654,68810.0,0.00017,B,11.697700000000001,947178365601236
1774170786654,2026-03-22 09:13:06.654,68811.0,0.00016,B,11.009760000000002,482316967931484
1774170787032,2026-03-22 09:13:07.032,68812.0,0.00017,B,11.69804,163785514032137
1774170787032,2026-03-22 09:13:07.032,68813.0,0.00017,B,11.698210000000001,487588316173372
1774170787032,2026-03-22 09:13:07.032,68813.0,0.01016,B,699.14008,594573890365963
1774170787032,2026-03-22 09:13:07.032,68814.0,0.00017,B,11.69838,448073941709810
1774170787032,2026-03-22 09:13:07.032,68815.0,0.00016,B,11.0104,350184675682232
1774170787032,2026-03-22 09:13:07.032,68815.0,0.00017,B,11.698550000000001,451191358016860
1774170787032,2026-03-22 09:13:07.032,68815.0,0.003,B,206.445,301358867988556
1774170787032,2026-03-22 09:13:07.032,68816.0,0.00017,B,11.698720000000002,710654355175913
1774170787032,2026-03-22 09:13:07.032,68816.0,0.02906,B,1999.79296,542178253385823
1774170787032,2026-03-22 09:13:07.032,68817.0,0.00017,B,11.69889,444844447519594
1774170787032,2026-03-22 09:13:07.032,68818.0,0.00016,B,11.01088,942327985143284
1774170787032,2026-03-22 09:13:07.032,68818.0,0.00017,B,11.699060000000001,438000081233515
1774170787032,2026-03-22 09:13:07.032,68819.0,0.00017,B,11.69923,90690928848376
1774170787032,2026-03-22 09:13:07.032,68819.0,0.00015,B,10.322849999999999,991404158612067
1774170787032,2026-03-22 09:13:07.032,68819.0,0.00018,B,12.38742,372270502440297
1774170787032,2026-03-22 09:13:07.032,68820.0,0.00016,B,11.0112,848121639740389
1774170787032,2026-03-22 09:13:07.032,68820.0,0.00017,B,11.6994,75703073648002
1774170787032,2026-03-22 09:13:07.032,68820.0,0.003,B,206.46,1057891245977115
1774170787032,2026-03-22 09:13:07.032,68821.0,0.00017,B,11.699570000000001,105836499298035
1774170787032,2026-03-22 09:13:07.032,68822.0,0.02211,B,1521.65442,633248266419131
1774170787671,2026-03-22 09:13:07.671,68822.0,0.00017,B,11.69974,202810310639584
1774170787671,2026-03-22 09:13:07.671,68822.0,5e-05,B,3.4411,252861904123928
1774170788069,2026-03-22 09:13:08.069,68822.0,0.00016,B,11.01152,407303212999837
1774170788186,2026-03-22 09:13:08.186,68822.0,0.06202,B,4268.34044,107709256313056
1774170788394,2026-03-22 09:13:08.394,68822.0,0.003,B,206.466,293522900335939
1774170788394,2026-03-22 09:13:08.394,68822.0,0.00834,B,573.9754800000001,428845970004582
1774170788394,2026-03-22 09:13:08.394,68822.0,0.00017,B,11.69974,703391739104449
1774170788542,2026-03-22 09:13:08.542,68823.0,0.00072,A,49.55256,897966571089005
1774170788789,2026-03-22 09:13:08.789,68824.0,0.00017,B,11.700080000000002,698997603239657
1774170788789,2026-03-22 09:13:08.789,68825.0,0.00017,B,11.70025,885641532466316
1774170788789,2026-03-22 09:13:08.789,68826.0,0.00017,B,11.700420000000001,783974286594090
1774170788789,2026-03-22 09:13:08.789,68826.0,0.00022,B,15.141720000000001,142533119423272
1774170788789,2026-03-22 09:13:08.789,68826.0,0.00018,B,12.38868,534925639859297
1774170788789,2026-03-22 09:13:08.789,68826.0,0.01309,B,900.93234,249020862107964
1774170789595,2026-03-22 09:13:09.595,68826.0,0.00038,B,26.15388,749450333352
1774170789595,2026-03-22 09:13:09.595,68826.0,0.01558,B,1072.30908,245723938755353
1774170789595,2026-03-22 09:13:09.595,68826.0,0.00057,B,39.23082,507002750696164
1774170790198,2026-03-22 09:13:10.198,68826.0,0.001,B,68.82600000000001,220950345430761
1774170791131,2026-03-22 09:13:11.131,68825.0,0.00017,A,11.70025,618477490486026
1774170791435,2026-03-22 09:13:11.435,68826.0,0.00017,B,11.700420000000001,694638263735048
1774170791435,2026-03-22 09:13:11.435,68826.0,0.00016,B,11.012160000000002,90606979042168
1774170792605,2026-03-22 09:13:12.605,68826.0,0.00015,B,10.323899999999998,1066981998304465
1774170793021,2026-03-22 09:13:13.021,68826.0,0.00067,B,46.113420000000005,1104584750254559
1774170793230,2026-03-22 09:13:13.230,68826.0,0.00145,B,99.79769999999999,411360849394004
1774170794031,2026-03-22 09:13:14.031,68825.0,0.00416,A,286.31199999999995,1004626373749887
1774170794433,2026-03-22 09:13:14.433,68826.0,0.01241,B,854.1306599999999,1095632495797146
1774170794433,2026-03-22 09:13:14.433,68826.0,0.00145,B,99.79769999999999,525823524893030
1774170794433,2026-03-22 09:13:14.433,68826.0,2e-05,B,1.3765200000000002,843960512705573
1774170794632,2026-03-22 09:13:14.632,68826.0,0.00143,B,98.42118,1033585088478415
1774170794632,2026-03-22 09:13:14.632,68827.0,0.0269,B,1851.4463,795082777275465
1774170795317,2026-03-22 09:13:15.317,68827.0,0.00215,B,147.97805,764138114909222
1774170795317,2026-03-22 09:13:15.317,68827.0,0.00017,B,11.70059,664748476605096
1774170795317,2026-03-22 09:13:15.317,68827.0,0.0002,B,13.765400000000001,789510603121210
1774170795317,2026-03-22 09:13:15.317,68827.0,2e-05,B,1.37654,907363218596746
1774170795663,2026-03-22 09:13:15.663,68827.0,0.03269,B,2249.9546299999997,931770736301725
1774170796277,2026-03-22 09:13:16.277,68827.0,0.00017,B,11.70059,788847959565301
1774170796277,2026-03-22 09:13:16.277,68827.0,0.00128,B,88.09856,1121282994315325
1774170796753,2026-03-22 09:13:16.753,68828.0,0.00017,B,11.70076,8152907875088
1774170796753,2026-03-22 09:13:16.753,68829.0,0.00016,B,11.012640000000001,145666278178484
1774170796895,2026-03-22 09:13:16.895,68830.0,0.00017,B,11.7011,174748553360182
1774170796895,2026-03-22 09:13:16.895,68830.0,0.0003,B,20.648999999999997,189813087904742
1774170796895,2026-03-22 09:13:16.895,68831.0,0.00017,B,11.701270000000001,340063080151097
1774170796895,2026-03-22 09:13:16.895,68832.0,0.00017,B,11.701440000000002,775615871373184
1774170796895,2026-03-22 09:13:16.895,68832.0,0.003,B,206.496,647504684049369
1774170796895,2026-03-22 09:13:16.895,68833.0,0.00016,B,11.013280000000002,1105542757137616
1774170796895,2026-03-22 09:13:16.895,68833.0,0.00017,B,11.70161,425199956727607
1774170797406,2026-03-22 09:13:17.406,68833.0,0.00067,A,46.11811,342950931899341
1774170797479,2026-03-22 09:13:17.479,68834.0,0.003,B,206.502,978650840931978
1774170797479,2026-03-22 09:13:17.479,68834.0,0.00033,B,22.71522,521734744967440
1774170797479,2026-03-22 09:13:17.479,68834.0,0.00017,B,11.701780000000001,806094348342984
1774170797479,2026-03-22 09:13:17.479,68835.0,0.00017,B,11.70195,767252239174266
1774170797479,2026-03-22 09:13:17.479,68835.0,0.01016,B,699.3636,879506667114076
1774170797479,2026-03-22 09:13:17.479,68836.0,0.00016,B,11.013760000000001,806519306917868
1774170797479,2026-03-22 09:13:17.479,68836.0,0.00015,B,10.325399999999998,355720070616337
1774170797479,2026-03-22 09:13:17.479,68836.0,0.00017,B,11.70212,872256106589831
1774170797479,2026-03-22 09:13:17.479,68836.0,0.00221,B,152.12756000000002,38752856059981
1774170797678,2026-03-22 09:13:17.678,68836.0,0.00079,B,54.38044,139032962016871
1774170797678,2026-03-22 09:13:17.678,68837.0,0.00015,B,10.32555,332750784919135
1774170797678,2026-03-22 09:13:17.678,68837.0,0.00015,B,10.32555,614608143514087
1774170797678,2026-03-22 09:13:17.678,68837.0,0.00015,B,10.32555,851653621135277
1774170797678,2026-03-22 09:13:17.678,68837.0,0.00017,B,11.702290000000001,789941167915093
1774170797678,2026-03-22 09:13:17.678,68837.0,0.00995,B,684.9281500000001,150380549822003
1774170798935,2026-03-22 09:13:18.935,68838.0,0.00015,B,10.3257,479615175764814
1774170798935,2026-03-22 09:13:18.935,68838.0,0.00017,B,11.70246,373542576715838
1774170798935,2026-03-22 09:13:18.935,68839.0,0.001,B,68.839,876792084114123
1774170798935,2026-03-22 09:13:18.935,68839.0,0.0002,B,13.767800000000001,913356146391391
1774170798935,2026-03-22 09:13:18.935,68839.0,0.00015,B,10.325849999999999,191308074371701
1774170798935,2026-03-22 09:13:18.935,68839.0,0.00015,B,10.325849999999999,1039817921603435
1774170798935,2026-03-22 09:13:18.935,68839.0,0.00017,B,11.702630000000001,468853957004130
1774170799029,2026-03-22 09:13:19.029,68839.0,2e-05,A,1.3767800000000001,330265360104673
1774170799029,2026-03-22 09:13:19.029,68839.0,0.00052,A,35.796279999999996,635704325533563
1774170799224,2026-03-22 09:13:19.224,68839.0,0.00041,A,28.22399,150346788606862
1774170799224,2026-03-22 09:13:19.224,68840.0,0.00015,B,10.325999999999999,510528720680414
1774170799224,2026-03-22 09:13:19.224,68840.0,0.00017,B,11.702800000000002,123403316071311
1774170799224,2026-03-22 09:13:19.224,68840.0,0.00017,B,11.702800000000002,145022806757412
1774170799224,2026-03-22 09:13:19.224,68840.0,3e-05,B,2.0652,143080249751020
1774170799489,2026-03-22 09:13:19.489,68840.0,0.008,B,550.72,957423660679153
1774170800083,2026-03-22 09:13:20.083,68840.0,0.02102,B,1447.0168,312877560482905
1774170800083,2026-03-22 09:13:20.083,68840.0,0.003,B,206.52,636823855869203
1774170800083,2026-03-22 09:13:20.083,68840.0,0.0201,B,1383.684,1039756804198992
1774170800706,2026-03-22 09:13:20.706,68840.0,0.04149,B,2856.1716,979670682057496
1774170802246,2026-03-22 09:13:22.246,68840.0,0.014,B,963.76,439344946788837
1774170802364,2026-03-22 09:13:22.364,68840.0,0.00059,B,40.6156,884201563114128
1774170802865,2026-03-22 09:13:22.865,68840.0,0.00531,B,365.5404,440823671202155
1774170804489,2026-03-22 09:13:24.489,68839.0,0.01395,A,960.3040500000001,321652196355262
1774170805150,2026-03-22 09:13:25.150,68839.0,0.00535,A,368.28864999999996,650022660363458
1774170805150,2026-03-22 09:13:25.150,68840.0,0.01525,B,1049.81,1119446665973633
1774170807118,2026-03-22 09:13:27.118,68837.0,0.00059,A,40.61383,848876925254346
1774170808643,2026-03-22 09:13:28.643,68838.0,0.01962,B,1350.6015599999998,878485396754144
1774170809213,2026-03-22 09:13:29.213,68837.0,0.00473,A,325.59900999999996,686934400685288
1774170810239,2026-03-22 09:13:30.239,68838.0,0.00117,B,80.54046,996388688377417
1774170810849,2026-03-22 09:13:30.849,68838.0,0.3,B,20651.399999999998,778675294491413
1774170810963,2026-03-22 09:13:30.963,68838.0,0.08168,B,5622.6878400000005,709361996099969
1774170811044,2026-03-22 09:13:31.044,68837.0,0.00217,A,149.37629,827561109871428
1774170811044,2026-03-22 09:13:31.044,68837.0,0.00021,A,14.455770000000001,947479107110517
1774170811104,2026-03-22 09:13:31.104,68838.0,0.00302,B,207.89076,658876183988383
1774170811104,2026-03-22 09:13:31.104,68838.0,0.02188,B,1506.17544,302846352324719
1774170811456,2026-03-22 09:13:31.456,68837.0,0.00508,A,349.69196,326273791020152
1774170811570,2026-03-22 09:13:31.570,68837.0,0.0194,A,1335.4378000000002,296001123239343
1774170811570,2026-03-22 09:13:31.570,68836.0,0.00038,A,26.157680000000003,232069778242152
1774170811570,2026-03-22 09:13:31.570,68836.0,0.00015,A,10.325399999999998,774668255726435
1774170811570,2026-03-22 09:13:31.570,68834.0,0.00016,A,11.013440000000001,150984048318175
1774170811570,2026-03-22 09:13:31.570,68831.0,0.00011,A,7.57141,40324050235310
1774170811974,2026-03-22 09:13:31.974,68831.0,0.00028,A,19.272679999999998,1098028687882203
1774170812471,2026-03-22 09:13:32.471,68831.0,0.00261,A,179.64891,31464910713327
1774170812471,2026-03-22 09:13:32.471,68831.0,0.00286,A,196.85666,749057610134013
1774170812591,2026-03-22 09:13:32.591,68832.0,0.0202,B,1390.4063999999998,142814015024057
1774170813191,2026-03-22 09:13:33.191,68832.0,0.00059,B,40.61088,454319996599500
1774170815083,2026-03-22 09:13:35.083,68831.0,0.00142,A,97.74002,888030956922365
1774170815205,2026-03-22 09:13:35.205,68832.0,0.03298,B,2270.07936,635866278278670
1774170817019,2026-03-22 09:13:37.019,68832.0,0.05193,B,3574.4457599999996,12343896894106
1774170817088,2026-03-22 09:13:37.088,68831.0,0.00059,A,40.61029,836932884082496
1774170818010,2026-03-22 09:13:38.010,68832.0,0.00016,B,11.01312,144161521041631
1774170818208,2026-03-22 09:13:38.208,68832.0,0.00016,B,11.01312,785177687741262
1774170818617,2026-03-22 09:13:38.617,68832.0,0.00028,B,19.272959999999998,421677650371221
1774170821058,2026-03-22 09:13:41.058,68831.0,0.00017,A,11.701270000000001,420546287212610
1774170822060,2026-03-22 09:13:42.060,68832.0,0.00055,B,37.857600000000005,258297380901487
1774170822469,2026-03-22 09:13:42.469,68832.0,0.001,B,68.83200000000001,701247894236010
1774170824083,2026-03-22 09:13:44.083,68831.0,0.00416,A,286.33696,28725292590964
1774170824978,2026-03-22 09:13:44.978,68831.0,0.00015,A,10.324649999999998,886042746544214
1774170826579,2026-03-22 09:13:46.579,68831.0,0.00055,A,37.85705,546337877184057
1774170826968,2026-03-22 09:13:46.968,68831.0,0.00029,A,19.96099,784359325971789
1774170827788,2026-03-22 09:13:47.788,68831.0,0.00214,A,147.29834,47007598694624
1774170829077,2026-03-22 09:13:49.077,68831.0,0.00055,A,37.85705,375324133763411
1774170833226,2026-03-22 09:13:53.226,68831.0,0.00021,A,14.45451,885641834049373
1774170833899,2026-03-22 09:13:53.899,68832.0,0.00488,B,335.90015999999997,65584847001159
1774170835328,2026-03-22 09:13:55.328,68831.0,0.00017,A,11.701270000000001,560134759056353
1774170835328,2026-03-22 09:13:55.328,68831.0,0.00022,A,15.14282,590550632079094
1774170835328,2026-03-22 09:13:55.328,68830.0,0.00016,A,11.0128,506532678765155
1774170835328,2026-03-22 09:13:55.328,68830.0,0.00015,A,10.324499999999999,984632596000908
1774170835328,2026-03-22 09:13:55.328,68830.0,0.00017,A,11.7011,1011206620096416
1774170835328,2026-03-22 09:13:55.328,68830.0,0.0026,A,178.958,460991781038735
1774170835328,2026-03-22 09:13:55.328,68829.0,0.00017,A,11.700930000000001,976778324043623
1774170836730,2026-03-22 09:13:56.730,68828.0,0.00017,A,11.70076,668672108308806
1774170836730,2026-03-22 09:13:56.730,68828.0,0.00128,A,88.09984,716145741040914
1774170836932,2026-03-22 09:13:56.932,68829.0,0.00092,B,63.322680000000005,582940017593133
1774170837872,2026-03-22 09:13:57.872,68828.0,0.01326,A,912.65928,354115949677305
1774170837872,2026-03-22 09:13:57.872,68828.0,2e-05,A,1.37656,582991436280861
1774170840683,2026-03-22 09:14:00.683,68828.0,0.00015,A,10.3242,235746664209925
1774170840683,2026-03-22 09:14:00.683,68828.0,0.00029,A,19.96012,423621299172253
1774170841084,2026-03-22 09:14:01.084,68828.0,0.00238,A,163.81064,1098777243748181
1774170841485,2026-03-22 09:14:01.485,68829.0,0.00852,B,586.42308,174596563114914
1774170841674,2026-03-22 09:14:01.674,68829.0,0.03835,B,2639.59215,587675597840144
1774170843091,2026-03-22 09:14:03.091,68828.0,0.0202,A,1390.3256,1035558305891673
1774170844008,2026-03-22 09:14:04.008,68829.0,0.0202,B,1390.3458,435312237251068
1774170844699,2026-03-22 09:14:04.699,68828.0,0.00713,A,490.74364,628450437139945
1774170845015,2026-03-22 09:14:05.015,68828.0,0.00017,A,11.70076,465899034163034
1774170845015,2026-03-22 09:14:05.015,68827.0,0.00017,A,11.70059,640003830039435
1774170845015,2026-03-22 09:14:05.015,68827.0,0.00015,A,10.32405,75880762346003
1774170845015,2026-03-22 09:14:05.015,68826.0,0.00017,A,11.700420000000001,29599069602855
1774170845015,2026-03-22 09:14:05.015,68826.0,0.00075,A,51.6195,536173585094506
1774170845706,2026-03-22 09:14:05.706,68826.0,0.00289,A,198.90714000000003,86176797245747
1774170845706,2026-03-22 09:14:05.706,68826.0,0.00017,A,11.700420000000001,116672304125196
1774170846919,2026-03-22 09:14:06.919,68826.0,0.00141,B,97.04466000000001,516625004102545
1774170846919,2026-03-22 09:14:06.919,68826.0,0.02849,B,1960.85274,545924572098449
1774170847028,2026-03-22 09:14:07.028,68826.0,0.06506,B,4477.819560000001,246079059434092
1774170848044,2026-03-22 09:14:08.044,68826.0,0.00016,B,11.012160000000002,894403001812536
1774170848868,2026-03-22 09:14:08.868,68826.0,0.00035,B,24.0891,277969393896591
1774170850072,2026-03-22 09:14:10.072,68825.0,0.0011,A,75.70750000000001,780325774850401
1774170851028,2026-03-22 09:14:11.028,68825.0,0.00017,A,11.70025,29569275930626
1774170851129,2026-03-22 09:14:11.129,68826.0,0.00713,B,490.72938,547368952858064
1774170853148,2026-03-22 09:14:13.148,68825.0,0.00022,A,15.1415,273151199751962
1774170853964,2026-03-22 09:14:13.964,68826.0,0.00436,B,300.08136,513307911143151
1774170854071,2026-03-22 09:14:14.071,68825.0,0.00415,A,285.62375000000003,605574771738326
1774170855587,2026-03-22 09:14:15.587,68826.0,0.043,B,2959.5179999999996,122447240166353
1774170858397,2026-03-22 09:14:18.397,68825.0,0.00015,A,10.323749999999999,1029949800859916
1774170859051,2026-03-22 09:14:19.051,68825.0,0.00038,A,26.1535,357276665728441
1774170859393,2026-03-22 09:14:19.393,68825.0,0.1698,A,11686.485,281947876306848
1774170859502,2026-03-22 09:14:19.502,68826.0,0.00015,B,10.323899999999998,992662846527168
1774170862322,2026-03-22 09:14:22.322,68826.0,0.01245,B,856.8837,287602052443064
1774170863132,2026-03-22 09:14:23.132,68826.0,0.00969,B,666.92394,995389748467949
1774170863132,2026-03-22 09:14:23.132,68826.0,0.01101,B,757.77426,47805341389641
1774170863677,2026-03-22 09:14:23.677,68825.0,0.00017,A,11.70025,857630501110550
1774170863677,2026-03-22 09:14:23.677,68824.0,0.00017,A,11.700080000000002,651077502627907
1774170863677,2026-03-22 09:14:23.677,68824.0,4e-05,A,2.7529600000000003,879121061406635
1774170864292,2026-03-22 09:14:24.292,68823.0,0.00016,A,11.01168,610454328353258
1774170864292,2026-03-22 09:14:24.292,68823.0,0.00015,A,10.32345,772464071685750
1774170864292,2026-03-22 09:14:24.292,68822.0,0.00017,A,11.69974,65225225753296
1774170865186,2026-03-22 09:14:25.186,68821.0,0.00017,A,11.699570000000001,746971817193843
1774170865599,2026-03-22 09:14:25.599,68820.0,0.00017,A,11.6994,690942175227895
1774170865599,2026-03-22 09:14:25.599,68819.0,0.00017,A,11.69923,664818705579993
1774170865599,2026-03-22 09:14:25.599,68818.0,0.00017,A,11.699060000000001,191406466167342
1774170865599,2026-03-22 09:14:25.599,68818.0,0.003,A,206.454,485413513286111
1774170865599,2026-03-22 09:14:25.599,68818.0,0.00195,A,134.1951,673461734637100
1774170866887,2026-03-22 09:14:26.887,68818.0,0.04022,A,2767.85996,785890051219264
1774170867904,2026-03-22 09:14:27.904,68819.0,0.02088,B,1436.94072,378435809896264
1774170869448,2026-03-22 09:14:29.448,68819.0,0.04929,B,3392.08851,12767070910823
1774170869448,2026-03-22 09:14:29.448,68819.0,0.00882,B,606.98358,329417813740181
1774170869777,2026-03-22 09:14:29.777,68818.0,0.01448,A,996.48464,564251373730633
1774170869777,2026-03-22 09:14:29.777,68818.0,0.00572,A,393.63896,930649379072102
1774170870049,2026-03-22 09:14:30.049,68819.0,0.00018,B,12.38742,310970458377488
1774170870049,2026-03-22 09:14:30.049,68819.0,0.02906,B,1999.88014,920425999121299
1774170870049,2026-03-22 09:14:30.049,68819.0,0.00145,B,99.78755,972173932405194
1774170870049,2026-03-22 09:14:30.049,68819.0,0.00145,B,99.78755,1049629563701962
1774170870049,2026-03-22 09:14:30.049,68819.0,0.00145,B,99.78755,273688123341267
1774170870049,2026-03-22 09:14:30.049,68819.0,0.00145,B,99.78755,34974413590282
1774170870049,2026-03-22 09:14:30.049,68819.0,0.01453,B,999.94007,325393592073604
1774170870049,2026-03-22 09:14:30.049,68819.0,0.00145,B,99.78755,816958359539417
1774170870049,2026-03-22 09:14:30.049,68819.0,0.00017,B,11.69923,1017993233250433
1774170870049,2026-03-22 09:14:30.049,68820.0,0.00017,B,11.6994,969041487609961
1774170870665,2026-03-22 09:14:30.665,68821.0,0.00024,A,16.51704,219508348043777
1774170870735,2026-03-22 09:14:30.735,68822.0,0.00017,B,11.69974,58252602499682
1774170870735,2026-03-22 09:14:30.735,68822.0,0.02906,B,1999.96732,429021688744187
1774170870735,2026-03-22 09:14:30.735,68822.0,0.0002,B,13.7644,667259848458854
1774170870735,2026-03-22 09:14:30.735,68823.0,0.00017,B,11.699910000000001,782254479703606
1774170870735,2026-03-22 09:14:30.735,68823.0,0.00018,B,12.38814,769471551735660
1774170870735,2026-03-22 09:14:30.735,68824.0,0.00017,B,11.700080000000002,696815794623391
1774170870928,2026-03-22 09:14:30.928,68825.0,0.00017,B,11.70025,518452833290516
1774170871061,2026-03-22 09:14:31.061,68825.0,0.00128,A,88.096,994823135383695
1774170871061,2026-03-22 09:14:31.061,68825.0,0.0011,A,75.70750000000001,38681062029464
1774170871579,2026-03-22 09:14:31.579,68826.0,0.00022,B,15.141720000000001,203207974844378
1774170871579,2026-03-22 09:14:31.579,68826.0,0.00017,B,11.700420000000001,388418266198794
1774170871579,2026-03-22 09:14:31.579,68826.0,0.0015,B,103.239,1120095576441290
1774170871579,2026-03-22 09:14:31.579,68826.0,0.0015,B,103.239,420954042263571
1774170871579,2026-03-22 09:14:31.579,68826.0,0.003,B,206.478,589440066190412
1774170871579,2026-03-22 09:14:31.579,68826.0,0.01381,B,950.4870599999999,548852450419090
1774170871879,2026-03-22 09:14:31.879,68826.0,0.00691,B,475.58766,328093838063969
1774170872080,2026-03-22 09:14:32.080,68825.0,0.00043,A,29.594749999999998,194331479971804
1774170873190,2026-03-22 09:14:33.190,68826.0,0.00833,B,573.3205800000001,217090580314221
1774170873190,2026-03-22 09:14:33.190,68826.0,0.00018,B,12.38868,133349485646231
1774170873190,2026-03-22 09:14:33.190,68826.0,0.01016,B,699.2721600000001,844778492774212
1774170873190,2026-03-22 09:14:33.190,68826.0,0.00017,B,11.700420000000001,261159158012479
1774170873190,2026-03-22 09:14:33.190,68826.0,0.00146,B,100.48595999999999,360799301963530
1774170874511,2026-03-22 09:14:34.511,68827.0,0.02456,B,1690.39112,341724691035477
1774170874915,2026-03-22 09:14:34.915,68827.0,0.00435,B,299.39745,697902436594377
1774170875007,2026-03-22 09:14:35.007,68826.0,0.00142,A,97.73292000000001,124859235440213
1774170876134,2026-03-22 09:14:36.134,68827.0,0.0247,B,1700.0269,976451219834441
1774170876134,2026-03-22 09:14:36.134,68827.0,0.01016,B,699.28232,562998844909024
1774170876134,2026-03-22 09:14:36.134,68827.0,0.00146,B,100.48742,1054165148902082
1774170876134,2026-03-22 09:14:36.134,68828.0,0.00017,B,11.70076,794400451830118
1774170876134,2026-03-22 09:14:36.134,68828.0,0.00015,B,10.3242,518962468964266
1774170876134,2026-03-22 09:14:36.134,68828.0,0.0147,B,1011.7715999999999,65889489312651
1774170876134,2026-03-22 09:14:36.134,68827.0,0.04815,A,3314.02005,570152032827778
1774170877888,2026-03-22 09:14:37.888,68828.0,0.00028,B,19.271839999999997,389847910353500
1774170877948,2026-03-22 09:14:37.948,68828.0,0.00017,B,11.70076,279154331587467
1774170878024,2026-03-22 09:14:38.024,68828.0,0.00016,B,11.01248,476541825638029
1774170879743,2026-03-22 09:14:39.743,68827.0,0.00028,A,19.271559999999997,737903097853549
1774170881043,2026-03-22 09:14:41.043,68827.0,0.00017,A,11.70059,131632561714463
1774170881156,2026-03-22 09:14:41.156,68828.0,0.00015,B,10.3242,1089054305246701
1774170881511,2026-03-22 09:14:41.511,68827.0,6e-05,A,4.12962,986305687069229
1774170883619,2026-03-22 09:14:43.619,68828.0,0.00044,B,30.28432,379640341088522
1774170884112,2026-03-22 09:14:44.112,68827.0,0.00416,A,286.32032,226853240999914
1774170884578,2026-03-22 09:14:44.578,68828.0,0.06247,B,4299.68516,21359884857065
1774170884578,2026-03-22 09:14:44.578,68828.0,0.00356,B,245.02767999999998,161078702156167
1774170884578,2026-03-22 09:14:44.578,68828.0,0.00356,B,245.02767999999998,955778755966395
1774170884578,2026-03-22 09:14:44.578,68828.0,0.02812,B,1935.44336,1108614811794346
1774170888679,2026-03-22 09:14:48.679,68827.0,0.00015,A,10.32405,1100252106570360
1774170889084,2026-03-22 09:14:49.084,68827.0,0.00047,A,32.34869,737165870793678
1774170889971,2026-03-22 09:14:49.971,68827.0,0.00044,A,30.28388,587716018446916
1774170889971,2026-03-22 09:14:49.971,68828.0,6e-05,B,4.1296800000000005,100345217154784
1774170890093,2026-03-22 09:14:50.093,68827.0,0.03022,A,2079.95194,714540558899549
1774170890292,2026-03-22 09:14:50.292,68828.0,0.00581,B,399.89068000000003,58048378255780
1774170891303,2026-03-22 09:14:51.303,68828.0,0.02318,B,1595.43304,566280545454749
1774170891303,2026-03-22 09:14:51.303,68828.0,0.00017,B,11.70076,900532817497954
1774170891303,2026-03-22 09:14:51.303,68828.0,0.00457,B,314.54396,943312404402723
1774170891303,2026-03-22 09:14:51.303,68828.0,0.0005,B,34.414,162872827275223
1774170891303,2026-03-22 09:14:51.303,68828.0,0.00096,B,66.07488000000001,1085914585663445
1774170891303,2026-03-22 09:14:51.303,68828.0,4e-05,B,2.75312,889227719597910
1774170892992,2026-03-22 09:14:52.992,68827.0,0.00073,A,50.24371,1121277441980543
1774170893519,2026-03-22 09:14:53.519,68828.0,0.00022,B,15.14216,985514467786808
1774170895648,2026-03-22 09:14:55.648,68827.0,0.00516,A,355.14732,167927017777120
1774170900692,2026-03-22 09:15:00.692,68828.0,0.00032,B,22.02496,592894630949636
1774170901118,2026-03-22 09:15:01.118,68827.0,0.00237,A,163.11999,789959352681380
1774170903106,2026-03-22 09:15:03.106,68828.0,0.02873,B,1977.42844,819815364846088
1774170903106,2026-03-22 09:15:03.106,68828.0,0.00017,B,11.70076,400237293683826
1774170903106,2026-03-22 09:15:03.106,68828.0,0.00018,B,12.389040000000001,125193716575852
1774170903106,2026-03-22 09:15:03.106,68828.0,0.01016,B,699.2924800000001,226154946473743
1774170904162,2026-03-22 09:15:04.162,68828.0,0.00142,A,97.73576,395622369532905
1774170904329,2026-03-22 09:15:04.329,68828.0,0.00344,A,236.76832,750853246042527
1774170906089,2026-03-22 09:15:06.089,68829.0,0.04261,B,2932.80369,51010873045650
1774170906089,2026-03-22 09:15:06.089,68829.0,0.01409,B,969.80061,758642132705286
1774170907294,2026-03-22 09:15:07.294,68829.0,0.0087,B,598.8122999999999,363236270603156
1774170907294,2026-03-22 09:15:07.294,68829.0,0.0127,B,874.1283,294453820407623
1774170907294,2026-03-22 09:15:07.294,68829.0,0.02679,B,1843.92891,140215544745575
1774170907294,2026-03-22 09:15:07.294,68829.0,0.01577,B,1085.4333299999998,1026345137157526
1774170907294,2026-03-22 09:15:07.294,68829.0,0.02905,B,1999.48245,117698477156464
1774170907294,2026-03-22 09:15:07.294,68829.0,0.00017,B,11.700930000000001,194963875632396
1774170907294,2026-03-22 09:15:07.294,68830.0,0.00017,B,11.7011,587685719777672
1774170907294,2026-03-22 09:15:07.294,68831.0,0.00017,B,11.701270000000001,1113204105253387
1774170907294,2026-03-22 09:15:07.294,68831.0,0.00018,B,12.38958,466925213158455
1774170907294,2026-03-22 09:15:07.294,68832.0,0.01479,B,1018.02528,1082081304513705
1774170907294,2026-03-22 09:15:07.294,68832.0,0.003,B,206.496,191953054527715
1774170907294,2026-03-22 09:15:07.294,68832.0,0.00017,B,11.701440000000002,1024288518247217
1774170907294,2026-03-22 09:15:07.294,68832.0,0.13578,B,9346.008960000001,1078677941331458
1774170907808,2026-03-22 09:15:07.808,68832.0,0.0003,B,20.6496,1061477868931183
1774170908100,2026-03-22 09:15:08.100,68832.0,0.00016,B,11.01312,353321275263232
1774170908700,2026-03-22 09:15:08.700,68831.0,0.001,A,68.831,681316211710257
1774170908700,2026-03-22 09:15:08.700,68832.0,0.01553,B,1068.9609600000001,295220474645070
1774170908700,2026-03-22 09:15:08.700,68832.0,0.00017,B,11.701440000000002,583203876739386
1774170908700,2026-03-22 09:15:08.700,68832.0,0.02905,B,1999.5696,74777282734432
1774170908700,2026-03-22 09:15:08.700,68833.0,0.00016,B,11.013280000000002,340690232633878
1774170908700,2026-03-22 09:15:08.700,68833.0,0.00017,B,11.70161,878491356461710
1774170908700,2026-03-22 09:15:08.700,68834.0,0.00017,B,11.701780000000001,598493878179141
1774170908700,2026-03-22 09:15:08.700,68834.0,5e-05,B,3.4417,35520609644840
1774170908902,2026-03-22 09:15:08.902,68834.0,0.00022,B,15.14348,350794192222474
1774170909013,2026-03-22 09:15:09.013,68834.0,0.00022,B,15.14348,675959000544684
1774170909618,2026-03-22 09:15:09.618,68836.0,0.00016,B,11.013760000000001,540194594768364
1774170909618,2026-03-22 09:15:09.618,68836.0,0.00017,B,11.70212,1091114616641239
1774170909618,2026-03-22 09:15:09.618,68836.0,0.003,B,206.508,335370630535481
1774170909618,2026-03-22 09:15:09.618,68836.0,0.00018,B,12.39048,442951755766896
1774170909618,2026-03-22 09:15:09.618,68837.0,0.00017,B,11.702290000000001,128189670967028
1774170909618,2026-03-22 09:15:09.618,68837.0,0.00078,B,53.692859999999996,547341787852062
1774170910022,2026-03-22 09:15:10.022,68837.0,0.0035,B,240.92950000000002,716441594481330
1774170911029,2026-03-22 09:15:11.029,68836.0,0.00017,A,11.70212,627111347183904
1774170912236,2026-03-22 09:15:12.236,68836.0,0.00044,A,30.287840000000003,210315324560267
1774170913574,2026-03-22 09:15:13.574,68837.0,0.00017,B,11.702290000000001,886622024652516
1774170913574,2026-03-22 09:15:13.574,68837.0,0.01016,B,699.38392,14969259722576
1774170914047,2026-03-22 09:15:14.047,68837.0,2e-05,A,1.37674,234840208799563
1774170914047,2026-03-22 09:15:14.047,68837.0,0.00414,A,284.98517999999996,713238167046403
1774170914449,2026-03-22 09:15:14.449,68838.0,0.0202,A,1390.5276,849456914554010
1774170914975,2026-03-22 09:15:14.975,68839.0,0.00017,B,11.702630000000001,396465573435305
1774170914975,2026-03-22 09:15:14.975,68840.0,0.00017,B,11.702800000000002,1027349804918896
1774170914975,2026-03-22 09:15:14.975,68840.0,0.00016,B,11.0144,1072381286846696
1774170915595,2026-03-22 09:15:15.595,68841.0,0.00015,B,10.326149999999998,467784517949605
1774170915595,2026-03-22 09:15:15.595,68841.0,0.00017,B,11.70297,386216562405252
1774170915595,2026-03-22 09:15:15.595,68841.0,0.01988,B,1368.55908,689962803201163
1774170916459,2026-03-22 09:15:16.459,68841.0,0.00917,B,631.27197,265059043297754
1774170916459,2026-03-22 09:15:16.459,68841.0,2e-05,B,1.3768200000000002,356819469646658
1774170916592,2026-03-22 09:15:16.592,68841.0,0.00015,B,10.326149999999998,522138968977109
1774170916592,2026-03-22 09:15:16.592,68841.0,0.01016,B,699.42456,655048527039122
1774170916592,2026-03-22 09:15:16.592,68842.0,0.00015,B,10.3263,663302000761472
1774170916592,2026-03-22 09:15:16.592,68843.0,0.00015,B,10.32645,336473837659201
1774170916592,2026-03-22 09:15:16.592,68843.0,0.00015,B,10.32645,395544367357456
1774170916994,2026-03-22 09:15:16.994,68843.0,0.00017,B,11.70331,562185599343833
1774170916994,2026-03-22 09:15:16.994,68843.0,0.00029,B,19.96447,645866307720365
1774170916994,2026-03-22 09:15:16.994,68843.0,0.00023,B,15.83389,497602269090638
1774170917065,2026-03-22 09:15:17.065,68842.0,0.00015,A,10.3263,609900429071411
1774170917986,2026-03-22 09:15:17.986,68843.0,6e-05,B,4.13058,56055432830275
1774170917986,2026-03-22 09:15:17.986,68843.0,0.00018,B,12.39174,1075425045656086
1774170917986,2026-03-22 09:15:17.986,68843.0,4e-05,B,2.7537200000000004,775567048497896
1774170918877,2026-03-22 09:15:18.877,68843.0,0.00144,B,99.13392,614329631166360
1774170919077,2026-03-22 09:15:19.077,68842.0,0.00068,A,46.812560000000005,343067002210097
1774170919077,2026-03-22 09:15:19.077,68843.0,0.00017,B,11.70331,98233431127915
1774170919935,2026-03-22 09:15:19.935,68842.0,0.00073,A,50.254659999999994,99707117030221
1774170920078,2026-03-22 09:15:20.078,68843.0,0.002,B,137.686,572792929516428
1774170920209,2026-03-22 09:15:20.209,68842.0,0.00015,A,10.3263,443693956358124
1774170924513,2026-03-22 09:15:24.513,68843.0,0.01452,B,999.60036,168830435002514
1774170925081,2026-03-22 09:15:25.081,68843.0,0.00017,B,11.70331,832414298818935
1774170925081,2026-03-22 09:15:25.081,68844.0,0.00022,B,15.14568,670970094101052
1774170925081,2026-03-22 09:15:25.081,68844.0,0.00017,B,11.70348,327752244137109
1774170925081,2026-03-22 09:15:25.081,68845.0,0.01619,B,1114.6005499999999,870671142674149
1774170925081,2026-03-22 09:15:25.081,68845.0,0.00017,B,11.703650000000001,168043123288147
1774170925081,2026-03-22 09:15:25.081,68846.0,0.00068,B,46.81528,788705328930001
1774170925081,2026-03-22 09:15:25.081,68846.0,0.00041,B,28.22686,877920024436182
1774170925081,2026-03-22 09:15:25.081,68846.0,0.00088,B,60.58448,359970799550575
1774170925081,2026-03-22 09:15:25.081,68846.0,0.00043,B,29.60378,907467606647706
1774170925081,2026-03-22 09:15:25.081,68846.0,0.00015,B,10.326899999999998,184028097133734
1774170925081,2026-03-22 09:15:25.081,68846.0,0.00017,B,11.70382,623071750221971
1774170925081,2026-03-22 09:15:25.081,68846.0,0.00015,B,10.326899999999998,41458717090958
1774170925081,2026-03-22 09:15:25.081,68847.0,0.00016,B,11.01552,542631035389513
1774170925081,2026-03-22 09:15:25.081,68847.0,0.00017,B,11.703990000000001,833205501915603
1774170925081,2026-03-22 09:15:25.081,68847.0,0.00015,B,10.32705,732174473744773
1774170925081,2026-03-22 09:15:25.081,68847.0,0.00015,B,10.32705,784474765743527
1774170925081,2026-03-22 09:15:25.081,68847.0,0.00015,B,10.32705,324863558914963
1774170925081,2026-03-22 09:15:25.081,68847.0,0.00017,B,11.703990000000001,121203131323263
1774170925081,2026-03-22 09:15:25.081,68848.0,0.00017,B,11.704160000000002,578220603037244
1774170925081,2026-03-22 09:15:25.081,68849.0,0.00015,B,10.32735,1031591833275629
1774170925081,2026-03-22 09:15:25.081,68849.0,0.00017,B,11.70433,82840764215021
1774170925081,2026-03-22 09:15:25.081,68849.0,0.003,B,206.547,473807635406001
1774170925081,2026-03-22 09:15:25.081,68850.0,0.01096,B,754.596,402864912819760
1774170925081,2026-03-22 09:15:25.081,68850.0,0.001,B,68.85000000000001,815027096199199
1774170925081,2026-03-22 09:15:25.081,68850.0,0.00249,B,171.4365,837262843909893
1774170925081,2026-03-22 09:15:25.081,68850.0,0.00406,B,279.531,374095041321997
1774170925081,2026-03-22 09:15:25.081,68850.0,0.00017,B,11.704500000000001,159196841621219
1774170925081,2026-03-22 09:15:25.081,68851.0,0.00015,B,10.327649999999998,1124796852188541
1774170925081,2026-03-22 09:15:25.081,68851.0,0.00017,B,11.70467,1015266386071899
1774170925081,2026-03-22 09:15:25.081,68851.0,0.00017,B,11.70467,996724548207793
1774170925081,2026-03-22 09:15:25.081,68852.0,0.00017,B,11.70484,443859729054831
1774170925081,2026-03-22 09:15:25.081,68852.0,0.00017,B,11.70484,655563501283889
1774170925081,2026-03-22 09:15:25.081,68852.0,0.01071,B,737.4049200000001,391194645256086
1774170926835,2026-03-22 09:15:26.835,68847.0,0.00282,B,194.14854,253798466706717
1774170927174,2026-03-22 09:15:27.174,68847.0,0.01306,B,899.14182,169413949863123
1774170927692,2026-03-22 09:15:27.692,68847.0,0.00072,B,49.569840000000006,498129160114631
1774170928850,2026-03-22 09:15:28.850,68846.0,0.00046,A,31.66916,1017194296169657
1774170929394,2026-03-22 09:15:29.394,68847.0,0.00022,B,15.14634,934081581835932
1774170930021,2026-03-22 09:15:30.021,68847.0,0.00349,B,240.27603,1063681375790898
1774170930149,2026-03-22 09:15:30.149,68846.0,0.00017,A,11.70382,571684766841966
1774170930545,2026-03-22 09:15:30.545,68845.0,0.00017,A,11.703650000000001,188144222445256
1774170930545,2026-03-22 09:15:30.545,68844.0,0.00017,A,11.70348,380160260579100
1774170930545,2026-03-22 09:15:30.545,68843.0,0.00017,A,11.70331,801941695453220
1774170930545,2026-03-22 09:15:30.545,68842.0,0.00017,A,11.703140000000001,780375783095490
1774170931020,2026-03-22 09:15:31.020,68841.0,0.00017,A,11.70297,453124590807614
1774170931020,2026-03-22 09:15:31.020,68840.0,0.00017,A,11.702800000000002,131134267447272
1774170931020,2026-03-22 09:15:31.020,68839.0,0.00017,A,11.702630000000001,371066717068911
1774170931020,2026-03-22 09:15:31.020,68838.0,0.00187,A,128.72706,427484356166931
1774170931638,2026-03-22 09:15:31.638,68839.0,0.0103,B,709.0417,376417340825883
1774170932650,2026-03-22 09:15:32.650,68839.0,0.0183,B,1259.7537,575096075467804
1774170932650,2026-03-22 09:15:32.650,68838.0,0.01548,A,1065.6122400000002,1107265279636903
1774170933062,2026-03-22 09:15:33.062,68838.0,2e-05,B,1.3767600000000002,765355790466769
1774170933062,2026-03-22 09:15:33.062,68838.0,0.00259,B,178.29041999999998,656564614284688
1774170934068,2026-03-22 09:15:34.068,68837.0,0.00142,A,97.74854,166863260517216
1774170935274,2026-03-22 09:15:35.274,68837.0,0.00015,A,10.32555,567114605310677
1774170935946,2026-03-22 09:15:35.946,68838.0,0.01162,B,799.89756,317695212005610
1774170937044,2026-03-22 09:15:37.044,68838.0,0.05671,B,3903.8029800000004,406917633509853
1774170937594,2026-03-22 09:15:37.594,68837.0,0.00017,A,11.702290000000001,11192716200289
1774170937952,2026-03-22 09:15:37.952,68836.0,0.003,A,206.508,1114101210983768
1774170937952,2026-03-22 09:15:37.952,68836.0,0.00017,A,11.70212,684568921101380
1774170937952,2026-03-22 09:15:37.952,68835.0,0.00017,A,11.70195,903997282229864
1774170937952,2026-03-22 09:15:37.952,68835.0,0.00015,A,10.325249999999999,1057477540966313
1774170937952,2026-03-22 09:15:37.952,68834.0,0.00017,A,11.701780000000001,28290029790281
1774170937952,2026-03-22 09:15:37.952,68833.0,0.00017,A,11.70161,525411012413877
1774170937952,2026-03-22 09:15:37.952,68832.0,7e-05,A,4.818239999999999,232095013034068
1774170938041,2026-03-22 09:15:38.041,68836.0,0.00016,B,11.013760000000001,51651191818456
1774170938735,2026-03-22 09:15:38.735,68833.0,0.0003,B,20.6499,873099099194058
1774170938972,2026-03-22 09:15:38.972,68833.0,0.02547,B,1753.17651,99219026266364
1774170939588,2026-03-22 09:15:39.588,68832.0,0.0001,A,6.8832,702391878568583
1774170939588,2026-03-22 09:15:39.588,68831.0,0.00017,A,11.701270000000001,760351124281572
1774170939588,2026-03-22 09:15:39.588,68831.0,0.00015,A,10.324649999999998,1113080480832123
1774170939588,2026-03-22 09:15:39.588,68830.0,0.00016,A,11.0128,878939972564390
1774170939588,2026-03-22 09:15:39.588,68830.0,0.00017,A,11.7011,674259683997930
1774170939588,2026-03-22 09:15:39.588,68830.0,0.00022,A,15.1426,520713919327935
1774170939588,2026-03-22 09:15:39.588,68830.0,0.00015,A,10.324499999999999,102610034916635
1774170939588,2026-03-22 09:15:39.588,68829.0,0.0305,A,2099.2844999999998,150588929368082
1774170939588,2026-03-22 09:15:39.588,68829.0,0.00017,A,11.700930000000001,988001603675695
1774170939588,2026-03-22 09:15:39.588,68829.0,0.00015,A,10.324349999999999,681903779501129
1774170939588,2026-03-22 09:15:39.588,68828.0,0.00034,A,23.40152,141995379659060
1774170939588,2026-03-22 09:15:39.588,68828.0,0.00017,A,11.70076,129012576181410
1774170939588,2026-03-22 09:15:39.588,68828.0,0.003,A,206.484,386365321605876
1774170939682,2026-03-22 09:15:39.682,68827.0,0.00016,A,11.01232,360932950932260
1774170939682,2026-03-22 09:15:39.682,68827.0,0.01324,A,911.26948,636751894593504
1774170939682,2026-03-22 09:15:39.682,68827.0,0.00017,A,11.70059,523860508323643
1774170939881,2026-03-22 09:15:39.881,68826.0,0.00017,A,11.700420000000001,112887619670518
1774170939881,2026-03-22 09:15:39.881,68825.0,0.00017,A,11.70025,948108745027298
1774170940985,2026-03-22 09:15:40.985,68824.0,0.00017,A,11.700080000000002,1119139757685125
1774170940985,2026-03-22 09:15:40.985,68824.0,0.00367,A,252.58408,994088363736419
1774170941189,2026-03-22 09:15:41.189,68824.0,0.00185,A,127.32440000000001,406551350310734
1774170941189,2026-03-22 09:15:41.189,68823.0,0.00016,A,11.01168,460903366991330
1774170941189,2026-03-22 09:15:41.189,68823.0,0.00017,A,11.699910000000001,1058249176188757
1774170941189,2026-03-22 09:15:41.189,68822.0,0.00017,A,11.69974,959665003631534
1774170941189,2026-03-22 09:15:41.189,68822.0,0.00242,A,166.54924,723855896274395
1774170941496,2026-03-22 09:15:41.496,68822.0,0.00058,A,39.916760000000004,731930136318900
1774170941496,2026-03-22 09:15:41.496,68822.0,0.00015,A,10.3233,1076686854301682
1774170941496,2026-03-22 09:15:41.496,68821.0,0.00076,A,52.303960000000004,821103106565164
1774170941496,2026-03-22 09:15:41.496,68821.0,0.00017,A,11.699570000000001,1088803185253494
1774170941496,2026-03-22 09:15:41.496,68820.0,0.00017,A,11.6994,962117854267375
1774170941496,2026-03-22 09:15:41.496,68819.0,0.00016,A,11.011040000000001,702114039035331
1774170941496,2026-03-22 09:15:41.496,68819.0,0.00017,A,11.69923,466674848855343
1774170941496,2026-03-22 09:15:41.496,68818.0,0.00017,A,11.699060000000001,1101567494481091
1774170941496,2026-03-22 09:15:41.496,68817.0,0.00017,A,11.69889,675390881415409
1774170941496,2026-03-22 09:15:41.496,68817.0,0.0115,A,791.3955,306737059235233
1774170941991,2026-03-22 09:15:41.991,68818.0,0.02766,B,1903.50588,752775505480094
1774170942184,2026-03-22 09:15:42.184,68818.0,0.005,B,344.09000000000003,119412591544183
1774170943792,2026-03-22 09:15:43.792,68818.0,0.02181,B,1500.92058,134077765855097
1774170943792,2026-03-22 09:15:43.792,68818.0,0.32161,B,22132.55698,446512426275535
1774170943792,2026-03-22 09:15:43.792,68818.0,0.0538,B,3702.4084000000003,1036890376761182
1774170943792,2026-03-22 09:15:43.792,68818.0,0.00278,B,191.31404,598684484334598
1774170943994,2026-03-22 09:15:43.994,68818.0,0.00071,B,48.86078,755960669430447
1774170944049,2026-03-22 09:15:44.049,68817.0,0.00416,A,286.27871999999996,80546213530090
1774170945330,2026-03-22 09:15:45.330,68817.0,0.00017,A,11.69889,27296960999849
1774170945330,2026-03-22 09:15:45.330,68816.0,0.00016,A,11.010560000000002,789805270628139
1774170945330,2026-03-22 09:15:45.330,68816.0,0.00017,A,11.698720000000002,322886808167421
1774170945330,2026-03-22 09:15:45.330,68815.0,0.00017,A,11.698550000000001,883763597867345
1774170945330,2026-03-22 09:15:45.330,68814.0,0.00017,A,11.69838,256078578158981
1774170945330,2026-03-22 09:15:45.330,68814.0,0.003,A,206.442,525217525289961
1774170945330,2026-03-22 09:15:45.330,68813.0,0.00017,A,11.698210000000001,447075141158934
1774170945330,2026-03-22 09:15:45.330,68812.0,0.00016,A,11.009920000000001,315911461907636
1774170945330,2026-03-22 09:15:45.330,68812.0,0.00017,A,11.69804,501763306994994
1774170946128,2026-03-22 09:15:46.128,68811.0,0.00017,A,11.69787,152986239721232
1774170946128,2026-03-22 09:15:46.128,68810.0,0.00015,A,10.321499999999999,604311289802868
1774170946128,2026-03-22 09:15:46.128,68810.0,0.00017,A,11.697700000000001,1110970738046159
1774170946128,2026-03-22 09:15:46.128,68809.0,0.00017,A,11.69753,576575344222939
1774170946128,2026-03-22 09:15:46.128,68808.0,0.00016,A,11.00928,161015936992996
1774170946128,2026-03-22 09:15:46.128,68808.0,0.00017,A,11.697360000000002,758098281112993
1774170946128,2026-03-22 09:15:46.128,68807.0,0.00017,A,11.69719,201843795795261
1774170946128,2026-03-22 09:15:46.128,68807.0,0.003,A,206.421,128360706081184
1774170946618,2026-03-22 09:15:46.618,68806.0,0.00017,A,11.69702,135620018487865
1774170946618,2026-03-22 09:15:46.618,68805.0,0.00011,A,7.56855,1012162915282461
1774170946819,2026-03-22 09:15:46.819,68805.0,5e-05,A,3.4402500000000003,128094695621221
1774170946819,2026-03-22 09:15:46.819,68805.0,0.0001,A,6.8805000000000005,678741300936072
1774170946972,2026-03-22 09:15:46.972,68805.0,7e-05,A,4.81635,555135285983274
1774170946972,2026-03-22 09:15:46.972,68805.0,0.01023,A,703.87515,837971891989351
1774170947252,2026-03-22 09:15:47.252,68805.0,0.00018,A,12.3849,703563731045129
1774170948164,2026-03-22 09:15:48.164,68804.0,0.00017,A,11.69668,608943905472303
1774170948164,2026-03-22 09:15:48.164,68803.0,0.00017,A,11.69651,44519798828993
1774170948361,2026-03-22 09:15:48.361,68802.0,0.00017,A,11.696340000000001,845969319704078
1774170948361,2026-03-22 09:15:48.361,68801.0,0.00016,A,11.00816,948224565553530
1774170948361,2026-03-22 09:15:48.361,68801.0,0.00017,A,11.69617,373599237084004
1774170948660,2026-03-22 09:15:48.660,68800.0,0.00015,A,10.319999999999999,904290994818421
1774170948660,2026-03-22 09:15:48.660,68800.0,0.00017,A,11.696000000000002,911158466181066
1774170948760,2026-03-22 09:15:48.760,68799.0,0.00017,A,11.69583,367661604107954
1774170948760,2026-03-22 09:15:48.760,68798.0,0.00017,A,11.69566,20665130820214
1774170948959,2026-03-22 09:15:48.959,68798.0,0.00418,B,287.57563999999996,362703908705568
1774170948959,2026-03-22 09:15:48.959,68798.0,0.05264,B,3621.52672,1100148012933724
1774170949063,2026-03-22 09:15:49.063,68797.0,0.00016,A,11.007520000000001,351544115987293
1774170949063,2026-03-22 09:15:49.063,68797.0,0.00028,A,19.26316,109498600726929
1774170949166,2026-03-22 09:15:49.166,68797.0,0.49972,A,34379.23684,21262356233216
1774170949166,2026-03-22 09:15:49.166,68797.0,0.00017,A,11.695490000000001,909196347601859
1774170949166,2026-03-22 09:15:49.166,68796.0,0.00017,A,11.69532,962423165592898
1774170949166,2026-03-22 09:15:49.166,68796.0,0.003,A,206.388,742078958169938
1774170949166,2026-03-22 09:15:49.166,68795.0,0.00027,A,18.574650000000002,778173799439188
1774170949166,2026-03-22 09:15:49.166,68795.0,0.00017,A,11.695150000000002,179996697708719
1774170949166,2026-03-22 09:15:49.166,68795.0,0.003,A,206.385,854408251328040
1774170949166,2026-03-22 09:15:49.166,68794.0,0.00016,A,11.007040000000002,167130495276012
1774170949166,2026-03-22 09:15:49.166,68794.0,0.00431,A,296.50214,614409643748495
1774170949166,2026-03-22 09:15:49.166,68794.0,0.00017,A,11.694980000000001,603473273185456
1774170949166,2026-03-22 09:15:49.166,68794.0,0.00015,A,10.319099999999999,205636756403729
1774170949166,2026-03-22 09:15:49.166,68793.0,0.00017,A,11.69481,755114656972406
1774170949401,2026-03-22 09:15:49.401,68792.0,0.00017,A,11.694640000000001,272781340370701
1774170949401,2026-03-22 09:15:49.401,68791.0,0.00017,A,11.69447,30353236889901
1774170949401,2026-03-22 09:15:49.401,68790.0,0.00016,A,11.006400000000001,173963355446092
1774170949401,2026-03-22 09:15:49.401,68790.0,0.00017,A,11.6943,952881349885800
1774170949401,2026-03-22 09:15:49.401,68789.0,0.00017,A,11.694130000000001,1025390252246974
1774170949401,2026-03-22 09:15:49.401,68788.0,0.00017,A,11.69396,646268453364347
1774170950068,2026-03-22 09:15:50.068,68787.0,0.00015,A,10.31805,401096482799472
1774170950068,2026-03-22 09:15:50.068,68787.0,0.00017,A,11.693790000000002,282226115833607
1774170950068,2026-03-22 09:15:50.068,68787.0,0.00036,A,24.76332,328553601968341
1774170950068,2026-03-22 09:15:50.068,68786.0,0.00016,A,11.00576,672710002507136
1774170950068,2026-03-22 09:15:50.068,68786.0,0.00017,A,11.693620000000001,273123743369623
1774170950068,2026-03-22 09:15:50.068,68785.0,0.00017,A,11.69345,762702892352856
1774170950068,2026-03-22 09:15:50.068,68784.0,0.00015,A,10.317599999999999,257236724386407
1774170950068,2026-03-22 09:15:50.068,68784.0,0.00017,A,11.693280000000001,490107044912614
1774170950649,2026-03-22 09:15:50.649,68783.0,0.00149,A,102.48667,684085490601759
1774170951612,2026-03-22 09:15:51.612,68783.0,0.00139,A,95.60837,832834238971389
1774170951612,2026-03-22 09:15:51.612,68782.0,0.00017,A,11.69294,120756520414890
1774170951612,2026-03-22 09:15:51.612,68781.0,0.00017,A,11.692770000000001,300413192728149
1774170951612,2026-03-22 09:15:51.612,68780.0,0.00017,A,11.6926,435613991310021
1774170951612,2026-03-22 09:15:51.612,68779.0,0.00043,A,29.57497,1011689594589874
1774170951612,2026-03-22 09:15:51.612,68779.0,0.00017,A,11.692430000000002,794756925813219
1774170951745,2026-03-22 09:15:51.745,68778.0,0.00017,A,11.692260000000001,668115350233287
1774170951745,2026-03-22 09:15:51.745,68778.0,0.00139,A,95.60141999999999,839146769519480
1774170952296,2026-03-22 09:15:52.296,68779.0,0.00713,B,490.39427,850602503376759
1774170952848,2026-03-22 09:15:52.848,68778.0,0.00161,A,110.73258000000001,1080840330000102
1774170952848,2026-03-22 09:15:52.848,68778.0,0.00019,A,13.067820000000001,148589913336677
1774170956584,2026-03-22 09:15:56.584,68779.0,0.00018,B,12.380220000000001,431458648830782
1774170956584,2026-03-22 09:15:56.584,68779.0,0.02052,B,1411.34508,342029874399868
1774170958305,2026-03-22 09:15:58.305,68779.0,0.00855,B,588.0604500000001,811426135629347
1774170958305,2026-03-22 09:15:58.305,68779.0,0.01453,B,999.3588699999999,22735070364607
1774170958305,2026-03-22 09:15:58.305,68779.0,0.01453,B,999.3588699999999,280529093521362
1774170958305,2026-03-22 09:15:58.305,68779.0,0.00017,B,11.692430000000002,1096115998112272
1774170959103,2026-03-22 09:15:59.103,68780.0,0.001,B,68.78,368971926774431
1774170959103,2026-03-22 09:15:59.103,68780.0,0.00585,B,402.363,153349757472773
1774170959103,2026-03-22 09:15:59.103,68780.0,0.00166,B,114.1748,966794277254972
1774170960438,2026-03-22 09:16:00.438,68779.0,0.0007,A,48.1453,1117837174206959
1774170961044,2026-03-22 09:16:01.044,68779.0,0.00238,A,163.69402000000002,1109908563320578
1774170961332,2026-03-22 09:16:01.332,68780.0,0.00017,B,11.6926,459640115403951
1774170961332,2026-03-22 09:16:01.332,68781.0,0.00017,B,11.692770000000001,596109132592989
1774170961332,2026-03-22 09:16:01.332,68781.0,0.00015,B,10.31715,63966186993429
1774170961332,2026-03-22 09:16:01.332,68782.0,0.00017,B,11.69294,796678209899267
1774170961332,2026-03-22 09:16:01.332,68782.0,0.00015,B,10.3173,556807195336953
1774170961537,2026-03-22 09:16:01.537,68783.0,0.00017,B,11.69311,26299338023797
1774170961537,2026-03-22 09:16:01.537,68784.0,0.00017,B,11.693280000000001,582092384684404
1774170961537,2026-03-22 09:16:01.537,68785.0,0.00017,B,11.69345,652845599784552
1774170961537,2026-03-22 09:16:01.537,68785.0,0.00016,B,11.005600000000001,914299583800793
1774170961537,2026-03-22 09:16:01.537,68785.0,0.00148,B,101.8018,710307134812905
1774170961537,2026-03-22 09:16:01.537,68786.0,0.00017,B,11.693620000000001,1027180226987131
1774170961537,2026-03-22 09:16:01.537,68787.0,0.00017,B,11.693790000000002,457544698179887
1774170961537,2026-03-22 09:16:01.537,68788.0,4e-05,B,2.75152,1091811929185464
1774170961737,2026-03-22 09:16:01.737,68788.0,0.00011,B,7.56668,903785887365190
1774170961737,2026-03-22 09:16:01.737,68788.0,0.00017,B,11.69396,199160562371326
1774170961737,2026-03-22 09:16:01.737,68789.0,0.003,B,206.367,1003919115934619
1774170961737,2026-03-22 09:16:01.737,68789.0,0.00016,B,11.00624,133852375606850
1774170961737,2026-03-22 09:16:01.737,68789.0,0.00017,B,11.694130000000001,686504286859968
1774170961737,2026-03-22 09:16:01.737,68790.0,0.0003,B,20.636999999999997,90275393621199
1774170961737,2026-03-22 09:16:01.737,68790.0,0.00017,B,11.6943,177538054357715
1774170961737,2026-03-22 09:16:01.737,68790.0,0.003,B,206.37,502337525288999
1774170962059,2026-03-22 09:16:02.059,68791.0,0.00017,B,11.69447,486581604826701
1774170962059,2026-03-22 09:16:02.059,68792.0,0.00017,B,11.694640000000001,532447277278292
1774170962489,2026-03-22 09:16:02.489,68793.0,0.00015,B,10.31895,136253086450216
1774170962489,2026-03-22 09:16:02.489,68793.0,0.00016,B,11.00688,89457794705547
1774170962489,2026-03-22 09:16:02.489,68793.0,0.00017,B,11.69481,282663461164302
1774170962489,2026-03-22 09:16:02.489,68794.0,0.00017,B,11.694980000000001,1091904951419704
1774170962489,2026-03-22 09:16:02.489,68795.0,0.00017,B,11.695150000000002,792185324331293
1774170962489,2026-03-22 09:16:02.489,68796.0,0.00016,B,11.00736,315414426149576
1774170962489,2026-03-22 09:16:02.489,68796.0,0.00017,B,11.69532,559393356642260
1774170963071,2026-03-22 09:16:03.071,68797.0,0.00043,B,29.58271,860986820542228
1774170963071,2026-03-22 09:16:03.071,68797.0,0.00017,B,11.695490000000001,277162828729732
1774170963071,2026-03-22 09:16:03.071,68797.0,0.002,B,137.594,47370018858014
1774170964114,2026-03-22 09:16:04.114,68796.0,0.00142,A,97.69032,108101366036415
1774170965762,2026-03-22 09:16:05.762,68796.0,0.00017,A,11.69532,268107155842539
1774170965762,2026-03-22 09:16:05.762,68795.0,0.00015,A,10.319249999999998,588515665481846
1774170965762,2026-03-22 09:16:05.762,68795.0,0.00017,A,11.695150000000002,1017374260065968
1774170965762,2026-03-22 09:16:05.762,68794.0,0.00017,A,11.694980000000001,329884457251936
1774170965762,2026-03-22 09:16:05.762,68793.0,0.00017,A,11.69481,999562087218308
1774170965762,2026-03-22 09:16:05.762,68792.0,0.01747,A,1201.79624,1023479712759129
1774170967012,2026-03-22 09:16:07.012,68793.0,0.05227,B,3595.81011,335578543551097
1774170967012,2026-03-22 09:16:07.012,68793.0,0.0122,B,839.2746000000001,934853905667144
1774170967554,2026-03-22 09:16:07.554,68792.0,0.00102,A,70.16784,250080947565022
1774170968016,2026-03-22 09:16:08.016,68793.0,0.00016,B,11.00688,117389259988830
1774170968775,2026-03-22 09:16:08.775,68793.0,0.00035,B,24.07755,882739571686276
1774170969027,2026-03-22 09:16:09.027,68793.0,0.00541,B,372.17013,958675101323148
1774170971040,2026-03-22 09:16:11.040,68792.0,0.00017,A,11.694640000000001,53551426602481
1774170971454,2026-03-22 09:16:11.454,68792.0,0.0202,A,1389.5983999999999,567959894153722
1774170972315,2026-03-22 09:16:12.315,68793.0,0.00541,B,372.17013,1073887369394257
1774170973209,2026-03-22 09:16:13.209,68793.0,0.0202,B,1389.6186,495739604047882
1774170974007,2026-03-22 09:16:14.007,68792.0,0.00416,A,286.17472,106528418758543
1774170974114,2026-03-22 09:16:14.114,68792.0,0.08295,A,5706.2964,50893875855807
1774170974114,2026-03-22 09:16:14.114,68792.0,0.00017,A,11.694640000000001,323607078470614
1774170974114,2026-03-22 09:16:14.114,68791.0,0.00017,A,11.69447,574744288201687
1774170974731,2026-03-22 09:16:14.731,68790.0,0.00017,A,11.6943,1102114033825325
1774170974731,2026-03-22 09:16:14.731,68790.0,0.02096,A,1441.8383999999999,52057859344405
1774170974731,2026-03-22 09:16:14.731,68790.0,0.03117,A,2144.1843,548067960428225
1774170977305,2026-03-22 09:16:17.305,68791.0,0.0873,B,6005.4543,1057302187061748
1774170977305,2026-03-22 09:16:17.305,68791.0,0.13437,B,9243.44667,1087681736874169
1774170979050,2026-03-22 09:16:19.050,68790.0,0.00017,A,11.6943,960655628340477
1774170979050,2026-03-22 09:16:19.050,68789.0,0.00017,A,11.694130000000001,342358902042680
1774170979050,2026-03-22 09:16:19.050,68789.0,0.0001,A,6.878900000000001,489033028834000
1774170979395,2026-03-22 09:16:19.395,68789.0,5e-05,A,3.4394500000000003,58012089129993
1774170979716,2026-03-22 09:16:19.716,68788.0,0.01338,B,920.38344,129905677944652
1774170979764,2026-03-22 09:16:19.764,68787.0,0.00017,A,11.693790000000002,701074732756398
1774170979764,2026-03-22 09:16:19.764,68786.0,0.00017,A,11.693620000000001,292275998562553
1774170979764,2026-03-22 09:16:19.764,68786.0,0.00016,A,11.00576,75324657961245
1774170979764,2026-03-22 09:16:19.764,68785.0,0.00017,A,11.69345,37884574295736
1774170979764,2026-03-22 09:16:19.764,68784.0,0.00015,A,10.317599999999999,74076691438816
1774170979764,2026-03-22 09:16:19.764,68784.0,0.00017,A,11.693280000000001,10225717117080
1774170979764,2026-03-22 09:16:19.764,68783.0,0.00016,A,11.00528,158839734021934
1774170979764,2026-03-22 09:16:19.764,68783.0,0.00017,A,11.69311,327036043254539
1774170979764,2026-03-22 09:16:19.764,68782.0,0.00017,A,11.69294,745563164842869
1774170979764,2026-03-22 09:16:19.764,68782.0,0.003,A,206.346,806821572785375
1774170979764,2026-03-22 09:16:19.764,68781.0,0.00017,A,11.692770000000001,96909826486389
1774170980046,2026-03-22 09:16:20.046,68780.0,0.00017,A,11.6926,223998091324507
1774170980046,2026-03-22 09:16:20.046,68780.0,0.00022,A,15.1316,869498220093641
1774170980046,2026-03-22 09:16:20.046,68780.0,0.003,A,206.34,69345883573425
1774170980046,2026-03-22 09:16:20.046,68779.0,0.00017,A,11.692430000000002,898367392230440
1774170980046,2026-03-22 09:16:20.046,68779.0,0.00016,A,11.00464,627750606270291
1774170980046,2026-03-22 09:16:20.046,68778.0,0.00017,A,11.692260000000001,96062087426358
1774170980046,2026-03-22 09:16:20.046,68778.0,0.0037,A,254.4786,350729652561218
1774170980046,2026-03-22 09:16:20.046,68777.0,0.00017,A,11.69209,104287553346816
1774170980046,2026-03-22 09:16:20.046,68776.0,0.00017,A,11.691920000000001,7172466398651
1774170980046,2026-03-22 09:16:20.046,68775.0,0.00017,A,11.69175,45966843239201
1774170980046,2026-03-22 09:16:20.046,68775.0,0.00017,A,11.69175,677959218273460
1774170980250,2026-03-22 09:16:20.250,68774.0,0.00017,A,11.69158,842134523373318
1774170980250,2026-03-22 09:16:20.250,68774.0,0.00015,A,10.316099999999999,686285798622646
1774170981466,2026-03-22 09:16:21.466,68773.0,0.00017,A,11.691410000000001,790951016400491
1774170981466,2026-03-22 09:16:21.466,68773.0,0.00072,A,49.516560000000005,907881174111558
1774170981993,2026-03-22 09:16:21.993,68772.0,0.00072,A,49.515840000000004,598796458954901
1774170982195,2026-03-22 09:16:22.195,68772.0,0.00541,B,372.05652,227457359911391
1774170982602,2026-03-22 09:16:22.602,68772.0,0.00215,B,147.8598,292603955186763
1774170983398,2026-03-22 09:16:23.398,68771.0,0.00017,A,11.691070000000002,78493806137707
1774170983398,2026-03-22 09:16:23.398,68771.0,0.00072,A,49.51512,113808909095051
1774170983398,2026-03-22 09:16:23.398,68770.0,0.00017,A,11.690900000000001,759860196519227
1774170983398,2026-03-22 09:16:23.398,68769.0,0.01359,A,934.57071,265483146892311
1774170983398,2026-03-22 09:16:23.398,68769.0,0.01634,A,1123.68546,53364380948598
1774170983398,2026-03-22 09:16:23.398,68769.0,0.00072,A,49.51368,449608154482185
1774170983398,2026-03-22 09:16:23.398,68769.0,0.00015,A,10.315349999999999,542978233550978
1774170983398,2026-03-22 09:16:23.398,68769.0,0.00016,A,11.00304,10797817042891
1774170983398,2026-03-22 09:16:23.398,68769.0,0.00043,A,29.57067,458096332556800
1774170983398,2026-03-22 09:16:23.398,68769.0,0.00017,A,11.69073,203068497004005
1774170983398,2026-03-22 09:16:23.398,68768.0,0.00015,A,10.315199999999999,390845071346408
1774170983398,2026-03-22 09:16:23.398,68768.0,0.00017,A,11.690560000000001,842683450880529
1774170983398,2026-03-22 09:16:23.398,68768.0,0.003,A,206.304,132318165959387
1774170983398,2026-03-22 09:16:23.398,68767.0,0.00017,A,11.69039,1051094098695477
1774170983398,2026-03-22 09:16:23.398,68766.0,0.00017,A,11.69022,376086198020730
1774170983398,2026-03-22 09:16:23.398,68765.0,0.00017,A,11.690050000000001,453616774633987
1774170983398,2026-03-22 09:16:23.398,68765.0,0.00017,A,11.690050000000001,694429189152586
1774170983398,2026-03-22 09:16:23.398,68764.0,0.00017,A,11.68988,979988358615774
1774170983398,2026-03-22 09:16:23.398,68763.0,0.00017,A,11.689710000000002,547162107117295
1774170983398,2026-03-22 09:16:23.398,68763.0,0.003,A,206.28900000000002,613125640477364
1774170983398,2026-03-22 09:16:23.398,68762.0,0.00017,A,11.689540000000001,16958520619619
1774170983398,2026-03-22 09:16:23.398,68761.0,0.00017,A,11.68937,160042166920149
1774170983398,2026-03-22 09:16:23.398,68761.0,0.00017,A,11.68937,1114978293858489
1774170983398,2026-03-22 09:16:23.398,68760.0,0.00015,A,10.313999999999998,735288977999318
1774170983398,2026-03-22 09:16:23.398,68760.0,0.00017,A,11.689200000000001,307629185858066
1774170983398,2026-03-22 09:16:23.398,68759.0,0.00015,A,10.313849999999999,299421859614583
1774170983398,2026-03-22 09:16:23.398,68759.0,0.00017,A,11.68903,848510252324737
1774170983398,2026-03-22 09:16:23.398,68759.0,0.01163,A,799.6671699999999,1071009471910726
1774170983398,2026-03-22 09:16:23.398,68758.0,0.00017,A,11.68886,662853977910882
1774170983398,2026-03-22 09:16:23.398,68758.0,0.05665,A,3895.1407,818942736087782
1774170983398,2026-03-22 09:16:23.398,68757.0,0.00017,A,11.688690000000001,333452207141176
1774170983398,2026-03-22 09:16:23.398,68757.0,0.00015,A,10.31355,350498297316162
1774170983398,2026-03-22 09:16:23.398,68757.0,0.00017,A,11.688690000000001,1032242612280598
1774170983398,2026-03-22 09:16:23.398,68756.0,0.001,A,68.756,1096224324457868
1774170983398,2026-03-22 09:16:23.398,68756.0,0.00015,A,10.3134,607469013558945
1774170983398,2026-03-22 09:16:23.398,68756.0,0.003,A,206.268,78231094373337
1774170983398,2026-03-22 09:16:23.398,68756.0,0.00017,A,11.68852,569626840916047
1774170983398,2026-03-22 09:16:23.398,68756.0,0.0224,A,1540.1344,583594098677000
1774170983398,2026-03-22 09:16:23.398,68755.0,0.00161,A,110.69555000000001,86542384128980
1774170984000,2026-03-22 09:16:24.000,68755.0,0.014,A,962.57,1005840544880332
1774170984203,2026-03-22 09:16:24.203,68756.0,0.00142,B,97.63352,459316927142132
1774170985353,2026-03-22 09:16:25.353,68758.0,0.00372,B,255.77976,1098319884151695
1774170985353,2026-03-22 09:16:25.353,68758.0,0.07225,B,4967.7654999999995,147717736777926
1774170985353,2026-03-22 09:16:25.353,68758.0,0.07826,B,5381.00108,1001968054823556
1774170985406,2026-03-22 09:16:25.406,68758.0,0.00935,B,642.8873000000001,1023522924666714
1774170985406,2026-03-22 09:16:25.406,68758.0,0.01318,B,906.23044,264959995017156
1774170985598,2026-03-22 09:16:25.598,68758.0,0.00684,B,470.30472,1074305423152414
1774170985598,2026-03-22 09:16:25.598,68758.0,0.01014,B,697.2061199999999,573531007525132
1774170990685,2026-03-22 09:16:30.685,68757.0,0.00504,A,346.53528,1073582821025803
1774170990685,2026-03-22 09:16:30.685,68757.0,0.001,A,68.757,666964373052475
1774170990685,2026-03-22 09:16:30.685,68757.0,0.00017,A,11.688690000000001,1060291353553718
1774170991101,2026-03-22 09:16:31.101,68755.0,0.00017,A,11.688350000000002,666032708239560
1774170991101,2026-03-22 09:16:31.101,68754.0,0.00017,A,11.688180000000001,904915194251991
1774170991101,2026-03-22 09:16:31.101,68754.0,0.00017,A,11.688180000000001,838498816581836
1774170991101,2026-03-22 09:16:31.101,68753.0,0.00017,A,11.68801,1045808358583174
1774170991101,2026-03-22 09:16:31.101,68752.0,0.00017,A,11.687840000000001,257145901126525
1774170991101,2026-03-22 09:16:31.101,68752.0,0.00043,A,29.56336,231452838652064
1774170991101,2026-03-22 09:16:31.101,68751.0,0.00017,A,11.68767,509357033899412
1774170991101,2026-03-22 09:16:31.101,68750.0,0.00017,A,11.6875,688115322696620
1774170991101,2026-03-22 09:16:31.101,68750.0,0.00076,A,52.25,802591106348295
1774170991502,2026-03-22 09:16:31.502,68750.0,0.00024,A,16.5,627191617221131
1774170991502,2026-03-22 09:16:31.502,68750.0,0.04276,A,2939.75,272135988997969
1774170991502,2026-03-22 09:16:31.502,68750.0,0.25272,A,17374.5,529990693364517
1774170991934,2026-03-22 09:16:31.934,68750.0,0.0202,A,1388.75,867578348366974
1774170992335,2026-03-22 09:16:32.335,68750.0,0.11606,A,7979.125,806331181519618
1774170994079,2026-03-22 09:16:34.079,68750.0,0.00141,A,96.9375,670735315920216
1774170995848,2026-03-22 09:16:35.848,68750.0,0.00055,A,37.8125,405951024681259
1774170996050,2026-03-22 09:16:36.050,68751.0,0.0585,B,4021.9335,1100531598367194
1774170996962,2026-03-22 09:16:36.962,68750.0,0.01888,A,1298.0,656381756994094
1774170997917,2026-03-22 09:16:37.917,68751.0,0.05,B,3437.55,520765100032615
1774170997917,2026-03-22 09:16:37.917,68752.0,0.00015,B,10.3128,98179583813154
1774170998057,2026-03-22 09:16:38.057,68753.0,0.00015,B,10.312949999999999,636873403064640
1774170998057,2026-03-22 09:16:38.057,68755.0,1e-05,B,0.6875500000000001,1075403678029165
1774170998475,2026-03-22 09:16:38.475,68756.0,0.00031,B,21.31436,1081872006741955
1774170998722,2026-03-22 09:16:38.722,68756.0,0.00269,B,184.95364,1067552929944771
1774170998722,2026-03-22 09:16:38.722,68756.0,0.00016,B,11.000960000000001,1857111556630
1774170998722,2026-03-22 09:16:38.722,68756.0,0.00018,B,12.37608,987162481200966
1774170998722,2026-03-22 09:16:38.722,68756.0,0.00148,B,101.75888,111527113586794
1774170998865,2026-03-22 09:16:38.865,68755.0,0.00076,A,52.253800000000005,358505466728478
1774170999527,2026-03-22 09:16:39.527,68756.0,0.00029,B,19.93924,649407562266505
1774171000147,2026-03-22 09:16:40.147,68756.0,0.01647,B,1132.41132,857996265682799
1774171001079,2026-03-22 09:16:41.079,68755.0,0.00017,A,11.688350000000002,467945853241166
1774171001958,2026-03-22 09:16:41.958,68756.0,0.00017,B,11.68852,387002227241039
1774171002097,2026-03-22 09:16:42.097,68757.0,0.00017,B,11.688690000000001,370267661964746
1774171002097,2026-03-22 09:16:42.097,68757.0,0.00015,B,10.31355,492278125074695
1774171002347,2026-03-22 09:16:42.347,68758.0,0.00174,B,119.63892,170971904980188
1774171002932,2026-03-22 09:16:42.932,68758.0,0.00479,B,329.35082,368489924551969
1774171002932,2026-03-22 09:16:42.932,68758.0,0.00017,B,11.68886,622336896754283
1774171002932,2026-03-22 09:16:42.932,68758.0,0.00146,B,100.38668,392983574499954
1774171002932,2026-03-22 09:16:42.932,68758.0,0.00113,B,77.69654,432905055412963
1774171003948,2026-03-22 09:16:43.948,68758.0,0.00069,A,47.44302,833763671770827
1774171004007,2026-03-22 09:16:44.007,68758.0,0.00415,A,285.3457,301506256183438
1774171004493,2026-03-22 09:16:44.493,68759.0,0.00017,B,11.68903,17916398534731
1774171004493,2026-03-22 09:16:44.493,68759.0,5e-05,B,3.4379500000000003,671121707640987
1774171004950,2026-03-22 09:16:44.950,68758.0,0.00076,A,52.256080000000004,770827915749173
1774171005359,2026-03-22 09:16:45.359,68758.0,0.0055,A,378.169,466422457935858
1774171007355,2026-03-22 09:16:47.355,68758.0,6e-05,A,4.1254800000000005,513064013096535
1774171009101,2026-03-22 09:16:49.101,68758.0,0.00057,A,39.19206,151998428110472
1774171011198,2026-03-22 09:16:51.198,68759.0,0.00032,B,22.00288,983150494247302
1774171014071,2026-03-22 09:16:54.071,68758.0,0.00031,A,21.31498,965716585823305
1774171016059,2026-03-22 09:16:56.059,68759.0,6e-05,B,4.12554,944370806720503
1774171021183,2026-03-22 09:17:01.183,68758.0,0.00238,A,163.64404000000002,610212403373335
1774171021989,2026-03-22 09:17:01.989,68758.0,0.00037,A,25.440459999999998,26858099880291
1774171022402,2026-03-22 09:17:02.402,68758.0,0.03923,A,2697.3763400000003,1093056260898286
1774171024059,2026-03-22 09:17:04.059,68758.0,0.00142,A,97.63636,206843439680008
1774171026221,2026-03-22 09:17:06.221,68758.0,0.00052,A,35.75416,684939755325687
1774171026521,2026-03-22 09:17:06.521,68759.0,0.0007,B,48.131299999999996,951461019008522
1774171027011,2026-03-22 09:17:07.011,68759.0,0.02795,B,1921.81405,719312021467721
1774171027011,2026-03-22 09:17:07.011,68759.0,0.00017,B,11.68903,904973241307888
1774171027011,2026-03-22 09:17:07.011,68759.0,0.03216,B,2211.28944,941497945598179
1774171027815,2026-03-22 09:17:07.815,68759.0,0.001,B,68.759,753189603555514
1774171028016,2026-03-22 09:17:08.016,68759.0,0.00016,B,11.00144,301829521136198
1774171028413,2026-03-22 09:17:08.413,68758.0,0.00181,A,124.45197999999999,601484690553762
1774171028820,2026-03-22 09:17:08.820,68759.0,0.00032,B,22.00288,595499504892402
1774171030152,2026-03-22 09:17:10.152,68759.0,0.00018,B,12.37662,1076988425787579
1774171030152,2026-03-22 09:17:10.152,68759.0,0.00069,B,47.443709999999996,80388095185769
1774171030152,2026-03-22 09:17:10.152,68759.0,0.02908,B,1999.5117200000002,896711681188272
1774171030152,2026-03-22 09:17:10.152,68759.0,0.00017,B,11.68903,361388207857605
1774171030152,2026-03-22 09:17:10.152,68759.0,0.00146,B,100.38813999999999,743426017929264
1774171030152,2026-03-22 09:17:10.152,68759.0,0.20351,B,13993.14409,744136320912326
1774171030152,2026-03-22 09:17:10.152,68759.0,0.0407,B,2798.4913,121673968409781
1774171030152,2026-03-22 09:17:10.152,68759.0,0.01017,B,699.27903,700463504818330
1774171030946,2026-03-22 09:17:10.946,68759.0,0.00197,A,135.45523,400540816855656
1774171031004,2026-03-22 09:17:11.004,68759.0,0.00017,A,11.68903,693929397471514
1774171031066,2026-03-22 09:17:11.066,68760.0,0.00399,B,274.3524,156055013411170
1774171032872,2026-03-22 09:17:12.872,68759.0,0.00025,A,17.18975,706358599910852
1774171034025,2026-03-22 09:17:14.025,68759.0,0.00416,A,286.03743999999995,770187197049094
1774171034795,2026-03-22 09:17:14.795,68759.0,0.00036,A,24.75324,623620766840682
1774171034795,2026-03-22 09:17:14.795,68759.0,0.2,A,13751.800000000001,242994371820455
1774171034795,2026-03-22 09:17:14.795,68759.0,0.00017,A,11.68903,280153811635526
1774171034795,2026-03-22 09:17:14.795,68758.0,0.00017,A,11.68886,592346567779671
1774171035024,2026-03-22 09:17:15.024,68757.0,0.00017,A,11.688690000000001,421770125707306
1774171039010,2026-03-22 09:17:19.010,68756.0,0.00017,A,11.68852,474283352142613
1774171039010,2026-03-22 09:17:19.010,68756.0,0.00028,A,19.251679999999997,112975734261129
1774171039612,2026-03-22 09:17:19.612,68756.0,0.00025,A,17.189,186531754704094
1774171044507,2026-03-22 09:17:24.507,68757.0,0.0207,B,1423.2699,757006222677612
1774171045526,2026-03-22 09:17:25.526,68757.0,0.02061,B,1417.08177,734469543803699
1774171046869,2026-03-22 09:17:26.869,68756.0,0.00128,A,88.00768000000001,250339636419676
1774171047536,2026-03-22 09:17:27.536,68756.0,0.00054,A,37.12824,1104378574516961
1774171048350,2026-03-22 09:17:28.350,68756.0,0.00861,A,591.98916,1034517147976422
1774171048350,2026-03-22 09:17:28.350,68756.0,0.00017,A,11.68852,334646644169754
1774171048562,2026-03-22 09:17:28.562,68755.0,0.00017,A,11.688350000000002,1087727828731267
1774171048562,2026-03-22 09:17:28.562,68755.0,0.00015,A,10.313249999999998,1101522588043787
1774171048562,2026-03-22 09:17:28.562,68754.0,0.00016,A,11.00064,1056339300432091
1774171048562,2026-03-22 09:17:28.562,68754.0,0.00017,A,11.688180000000001,293760423994252
1774171048562,2026-03-22 09:17:28.562,68753.0,0.00017,A,11.68801,474434529212007
1774171048562,2026-03-22 09:17:28.562,68752.0,0.00017,A,11.687840000000001,432859467329909
1774171048562,2026-03-22 09:17:28.562,68751.0,0.00017,A,11.68767,901617094074783
1774171048562,2026-03-22 09:17:28.562,68751.0,0.003,A,206.25300000000001,823604657258123
1774171048562,2026-03-22 09:17:28.562,68750.0,0.00478,A,328.625,232190810127001
1774171048681,2026-03-22 09:17:28.681,68751.0,0.00121,B,83.18871,1010936053939691
1774171049682,2026-03-22 09:17:29.682,68750.0,0.0005,A,34.375,959392304313046
1774171051021,2026-03-22 09:17:31.021,68750.0,0.00237,A,162.9375,103884286260626
1774171051494,2026-03-22 09:17:31.494,68750.0,0.10686,A,7346.625,1025658750871136
1774171051494,2026-03-22 09:17:31.494,68750.0,0.00017,A,11.6875,283100581658166
1774171051494,2026-03-22 09:17:31.494,68750.0,0.2887,A,19848.125,566062479757703
1774171051494,2026-03-22 09:17:31.494,68750.0,0.14766,A,10151.625000000002,920791577764468
1774171051494,2026-03-22 09:17:31.494,68750.0,0.01951,A,1341.3125,14890655787518
1774171051494,2026-03-22 09:17:31.494,68750.0,0.0018,A,123.75,654067403386111
1774171051494,2026-03-22 09:17:31.494,68749.0,0.00028,A,19.24972,839215992877101
1774171051494,2026-03-22 09:17:31.494,68749.0,0.00017,A,11.687330000000001,79599469909454
1774171051807,2026-03-22 09:17:31.807,68749.0,0.05303,B,3645.75947,1000032275477949
1774171051807,2026-03-22 09:17:31.807,68749.0,0.46326,B,31848.66174,578649145490680
1774171051807,2026-03-22 09:17:31.807,68749.0,0.10649,B,7321.08101,711155679521954
1774171054015,2026-03-22 09:17:34.015,68747.0,0.00017,A,11.686990000000002,826008530789622
1774171054015,2026-03-22 09:17:34.015,68747.0,0.00468,A,321.73596000000003,57593876351469
1774171054112,2026-03-22 09:17:34.112,68746.0,0.00017,A,11.68682,966342340716916
1774171054112,2026-03-22 09:17:34.112,68746.0,0.003,A,206.238,27651318067174
1774171054112,2026-03-22 09:17:34.112,68745.0,0.00017,A,11.68665,617476866940559
1774171054112,2026-03-22 09:17:34.112,68744.0,0.00017,A,11.686480000000001,878732121646646
1774171054216,2026-03-22 09:17:34.216,68743.0,0.00017,A,11.68631,286548653633902
1774171054216,2026-03-22 09:17:34.216,68743.0,0.001,A,68.743,519626098459900
1774171054216,2026-03-22 09:17:34.216,68743.0,0.00017,A,11.68631,282640287713157
1774171054216,2026-03-22 09:17:34.216,68743.0,0.00015,A,10.311449999999999,103363007293742
1774171054216,2026-03-22 09:17:34.216,68742.0,0.00017,A,11.68614,691082445456312
1774171055020,2026-03-22 09:17:35.020,68741.0,0.00015,A,10.31115,244917202671733
1774171055020,2026-03-22 09:17:35.020,68741.0,0.00015,A,10.31115,371940692882745
1774171055020,2026-03-22 09:17:35.020,68741.0,0.00017,A,11.685970000000001,359706613395004
1774171055020,2026-03-22 09:17:35.020,68740.0,0.00017,A,11.6858,601260344414735
1774171055020,2026-03-22 09:17:35.020,68740.0,0.00022,A,15.1228,575772128886768
1774171055020,2026-03-22 09:17:35.020,68740.0,0.00056,A,38.4944,623580543121032
1774171055020,2026-03-22 09:17:35.020,68740.0,0.00244,A,167.7256,1093821562640286
1774171055020,2026-03-22 09:17:35.020,68739.0,0.00017,A,11.685630000000002,1050424719474077
1774171055020,2026-03-22 09:17:35.020,68739.0,0.00017,A,11.685630000000002,38267399552792
1774171055020,2026-03-22 09:17:35.020,68738.0,0.00017,A,11.68546,491629747292135
1774171055020,2026-03-22 09:17:35.020,68738.0,0.00072,A,49.49136,603343754257729
1774171055020,2026-03-22 09:17:35.020,68738.0,0.6,A,41242.799999999996,893596258782787
1774171055020,2026-03-22 09:17:35.020,68737.0,0.00017,A,11.68529,333706798146915
1774171055020,2026-03-22 09:17:35.020,68736.0,0.00017,A,11.685120000000001,1057612220318237
1774171055020,2026-03-22 09:17:35.020,68735.0,0.00015,A,10.31025,861077869123504
1774171055020,2026-03-22 09:17:35.020,68735.0,0.00016,A,10.9976,467548162359707
1774171055020,2026-03-22 09:17:35.020,68735.0,0.00017,A,11.68495,1055431248960143
1774171055967,2026-03-22 09:17:35.967,68733.0,0.00017,A,11.684610000000001,189725009145336
1774171055967,2026-03-22 09:17:35.967,68733.0,0.00036,A,24.74388,1067937703319934
1774171055967,2026-03-22 09:17:35.967,68732.0,0.00015,A,10.3098,1030924450285388
1774171055967,2026-03-22 09:17:35.967,68732.0,0.00015,A,10.3098,363915031917614
1774171055967,2026-03-22 09:17:35.967,68732.0,0.00017,A,11.68444,457503221438793
1774171057012,2026-03-22 09:17:37.012,68732.0,0.00018,B,12.37176,697899201383094
1774171057012,2026-03-22 09:17:37.012,68732.0,0.02909,B,1999.41388,517551298534966
1774171057012,2026-03-22 09:17:37.012,68734.0,0.03102,B,2132.12868,242883535171196
1774171057116,2026-03-22 09:17:37.116,68734.0,0.0053,B,364.2902,530290851228754
1774171058062,2026-03-22 09:17:38.062,68734.0,0.00016,B,10.997440000000001,201810818572104
1774171058141,2026-03-22 09:17:38.141,68733.0,0.00824,A,566.3599200000001,188247213496355
1774171058303,2026-03-22 09:17:38.303,68733.0,0.05091,A,3499.19703,564776702832032
1774171058945,2026-03-22 09:17:38.945,68734.0,0.00032,B,21.994880000000002,239579751244657
1774171060071,2026-03-22 09:17:40.071,68734.0,0.001,B,68.734,226424498718967
1774171060071,2026-03-22 09:17:40.071,68733.0,0.2,A,13746.6,476085555855834
1774171061087,2026-03-22 09:17:41.087,68732.0,0.00017,A,11.68444,838567452719734
1774171061359,2026-03-22 09:17:41.359,68733.0,0.00015,B,10.309949999999999,25886244246142
1774171061689,2026-03-22 09:17:41.689,68733.0,0.00015,B,10.309949999999999,791356376493686
1774171061825,2026-03-22 09:17:41.825,68733.0,0.15276,B,10499.65308,460935765529876
1774171062571,2026-03-22 09:17:42.571,68732.0,0.00019,A,13.059080000000002,361825371445508
1774171062571,2026-03-22 09:17:42.571,68732.0,0.00017,A,11.68444,75048669414579
1774171062627,2026-03-22 09:17:42.627,68731.0,0.00017,A,11.684270000000001,644585286166760
1774171062627,2026-03-22 09:17:42.627,68730.0,0.00013,A,8.934899999999999,351161325754948
1774171062898,2026-03-22 09:17:42.898,68731.0,0.04025,B,2766.42275,323936017231728
1774171063035,2026-03-22 09:17:43.035,68730.0,4e-05,A,2.7492,970750132651894
1774171063035,2026-03-22 09:17:43.035,68730.0,0.00017,A,11.6841,1109799709893615
1774171063035,2026-03-22 09:17:43.035,68730.0,0.00018,A,12.371400000000001,202840045576683
1774171063035,2026-03-22 09:17:43.035,68730.0,0.00036,A,24.742800000000003,85331793097247
1774171063035,2026-03-22 09:17:43.035,68729.0,0.00015,A,10.309349999999998,121286834436542
1774171063035,2026-03-22 09:17:43.035,68729.0,0.00015,A,10.309349999999998,1041544525056282
1774171063035,2026-03-22 09:17:43.035,68729.0,0.00017,A,11.68393,342234207398817
1774171063035,2026-03-22 09:17:43.035,68728.0,0.00015,A,10.309199999999999,1008677612885151
1774171063035,2026-03-22 09:17:43.035,68728.0,0.00016,A,10.99648,841074658643786
1774171063035,2026-03-22 09:17:43.035,68728.0,0.00017,A,11.683760000000001,274227085226381
1774171063035,2026-03-22 09:17:43.035,68727.0,0.00017,A,11.68359,700463065926413
1774171063035,2026-03-22 09:17:43.035,68726.0,0.00017,A,11.683420000000002,266416483885670
1774171063035,2026-03-22 09:17:43.035,68725.0,0.00727,A,499.63075000000003,1021788328050798
1774171063035,2026-03-22 09:17:43.035,68725.0,0.00016,A,10.996,829992396489794
1774171063035,2026-03-22 09:17:43.035,68725.0,0.00017,A,11.683250000000001,715462588602562
1774171063035,2026-03-22 09:17:43.035,68724.0,0.00017,A,11.68308,459097945948754
1774171063035,2026-03-22 09:17:43.035,68723.0,0.00017,A,11.682910000000001,372537138164274
1774171063035,2026-03-22 09:17:43.035,68723.0,0.003,A,206.169,421769888889777
1774171063035,2026-03-22 09:17:43.035,68722.0,0.00017,A,11.68274,734642542407089
1774171063035,2026-03-22 09:17:43.035,68722.0,0.00015,A,10.3083,976221793702060
1774171063035,2026-03-22 09:17:43.035,68722.0,0.003,A,206.166,1118707717901771
1774171063035,2026-03-22 09:17:43.035,68721.0,0.001,A,68.721,199893879628437
1774171063035,2026-03-22 09:17:43.035,68721.0,0.00016,A,10.995360000000002,227366190286701
1774171063035,2026-03-22 09:17:43.035,68721.0,0.00017,A,11.68257,536706767038770
1774171063035,2026-03-22 09:17:43.035,68720.0,0.00015,A,10.308,1007897427624263
1774171063035,2026-03-22 09:17:43.035,68720.0,0.00436,A,299.61920000000003,529694285631556
1774171063035,2026-03-22 09:17:43.035,68720.0,0.00017,A,11.682400000000001,1002695600303952
1774171063035,2026-03-22 09:17:43.035,68719.0,0.00653,A,448.73507,661643754160226
1774171063035,2026-03-22 09:17:43.035,68719.0,0.00017,A,11.68223,66559871398901
1774171063035,2026-03-22 09:17:43.035,68718.0,0.00017,A,11.682060000000002,943378420200236
1774171063035,2026-03-22 09:17:43.035,68718.0,0.02277,A,1564.70886,677750746892656
1774171063035,2026-03-22 09:17:43.035,68717.0,0.001,A,68.717,221264224384124
1774171063035,2026-03-22 09:17:43.035,68717.0,0.00016,A,10.994720000000001,356180586503779
1774171063035,2026-03-22 09:17:43.035,68717.0,0.00017,A,11.681890000000001,488990063322029
1774171063035,2026-03-22 09:17:43.035,68716.0,0.00016,A,10.994560000000002,468745615351323
1774171063035,2026-03-22 09:17:43.035,68716.0,0.00017,A,11.68172,959342032058079
1774171063035,2026-03-22 09:17:43.035,68716.0,0.05665,A,3892.7614,29494337260014
1774171063035,2026-03-22 09:17:43.035,68715.0,0.01767,A,1214.19405,787873902499442
1774171063035,2026-03-22 09:17:43.035,68715.0,0.00041,A,28.17315,335092348779267
1774171063035,2026-03-22 09:17:43.035,68715.0,0.00016,A,10.9944,1068884373955298
1774171063035,2026-03-22 09:17:43.035,68715.0,0.00017,A,11.681550000000001,696583382289949
1774171063035,2026-03-22 09:17:43.035,68714.0,0.00015,A,10.307099999999998,527890799138151
1774171063035,2026-03-22 09:17:43.035,68714.0,0.07349,A,5049.79186,639610473930175
1774171063035,2026-03-22 09:17:43.035,68714.0,0.00017,A,11.68138,490062789007819
1774171063035,2026-03-22 09:17:43.035,68713.0,0.00015,A,10.306949999999999,1030726771476534
1774171063035,2026-03-22 09:17:43.035,68713.0,0.00017,A,11.68121,1034380497059261
1774171063035,2026-03-22 09:17:43.035,68713.0,0.0228,A,1566.6564,283431859750496
1774171063035,2026-03-22 09:17:43.035,68713.0,0.02222,A,1526.80286,32986913072976
1774171063035,2026-03-22 09:17:43.035,68712.0,0.001,A,68.712,454057352220709
1774171063035,2026-03-22 09:17:43.035,68711.0,0.15118,A,10387.72898,804033093286712
1774171064033,2026-03-22 09:17:44.033,68711.0,0.00179,A,122.99269,922771586311688
1774171064033,2026-03-22 09:17:44.033,68711.0,0.00237,A,162.84507000000002,550174588434523
1774171064380,2026-03-22 09:17:44.380,68711.0,0.0013,A,89.3243,1121211887162034
1774171064849,2026-03-22 09:17:44.849,68711.0,0.24477,A,16818.39147,383868806288307
1774171064900,2026-03-22 09:17:44.900,68711.0,0.00291,A,199.94901,780328408972999
1774171065162,2026-03-22 09:17:45.162,68712.0,0.00022,B,15.11664,7593002843024
1774171065353,2026-03-22 09:17:45.353,68712.0,0.00035,B,24.0492,834929885778990
1774171065852,2026-03-22 09:17:45.852,68713.0,0.00017,B,11.68121,1121909994362171
1774171065852,2026-03-22 09:17:45.852,68713.0,0.00015,B,10.306949999999999,1118386319833419
1774171065913,2026-03-22 09:17:45.913,68714.0,0.00015,B,10.307099999999998,556031503697633
1774171066517,2026-03-22 09:17:46.517,68717.0,0.00349,B,239.82233,349352495338286
1774171066887,2026-03-22 09:17:46.887,68716.0,0.06202,A,4261.76632,997478717674425
1774171067198,2026-03-22 09:17:47.198,68717.0,0.00017,B,11.681890000000001,80434881597731
1774171067198,2026-03-22 09:17:47.198,68718.0,0.00017,B,11.682060000000002,533146007685315
1774171067198,2026-03-22 09:17:47.198,68718.0,0.00015,B,10.307699999999999,919721111580161
1774171067198,2026-03-22 09:17:47.198,68718.0,0.00685,B,470.7183,747104267913197
1774171067198,2026-03-22 09:17:47.198,68719.0,0.00017,B,11.68223,876669712874411
1774171067921,2026-03-22 09:17:47.921,68720.0,0.00018,B,12.3696,444796993197215
1774171067921,2026-03-22 09:17:47.921,68720.0,0.00384,B,263.8848,740306039531089
1774171068033,2026-03-22 09:17:48.033,68719.0,0.10922,A,7505.48918,894943018972634
1774171068464,2026-03-22 09:17:48.464,68721.0,0.00017,B,11.68257,1049477112710183
1774171068464,2026-03-22 09:17:48.464,68722.0,0.003,B,206.166,707624459453249
1774171068464,2026-03-22 09:17:48.464,68722.0,0.00017,B,11.68274,15735845262448
1774171068464,2026-03-22 09:17:48.464,68723.0,0.00016,B,10.99568,1088720069033779
1774171068464,2026-03-22 09:17:48.464,68723.0,0.00017,B,11.682910000000001,552579644594695
1774171068464,2026-03-22 09:17:48.464,68723.0,0.00015,B,10.308449999999999,801209407983529
1774171068464,2026-03-22 09:17:48.464,68724.0,0.00017,B,11.68308,526087982761186
1774171068464,2026-03-22 09:17:48.464,68724.0,0.00018,B,12.370320000000001,1067051544160298
1774171068686,2026-03-22 09:17:48.686,68725.0,0.00017,B,11.683250000000001,809985639041864
1774171069014,2026-03-22 09:17:49.014,68725.0,0.00053,A,36.42425,205456095584888
1774171069083,2026-03-22 09:17:49.083,68726.0,0.00017,B,11.683420000000002,1077444572659585
1774171069670,2026-03-22 09:17:49.670,68727.0,0.00017,B,11.68359,11882246788413
1774171069670,2026-03-22 09:17:49.670,68727.0,0.00018,B,12.37086,1070796741132792
1774171069670,2026-03-22 09:17:49.670,68727.0,0.0002,B,13.7454,745062240965521
1774171069670,2026-03-22 09:17:49.670,68728.0,0.00017,B,11.683760000000001,522904071588383
1774171069670,2026-03-22 09:17:49.670,68729.0,0.00017,B,11.68393,247083366537733
1774171069670,2026-03-22 09:17:49.670,68730.0,0.00017,B,11.6841,461158580336961
1774171069670,2026-03-22 09:17:49.670,68730.0,0.00297,B,204.1281,183082139895137
1774171071080,2026-03-22 09:17:51.080,68730.0,3e-05,B,2.0619,411277839253297
1774171071080,2026-03-22 09:17:51.080,68730.0,0.00017,B,11.6841,72567441959780
1774171071080,2026-03-22 09:17:51.080,68730.0,0.02909,B,1999.3557,408059451042971
1774171071080,2026-03-22 09:17:51.080,68730.0,0.00018,B,12.371400000000001,1090804316055929
1774171071080,2026-03-22 09:17:51.080,68730.0,0.01079,B,741.5966999999999,110133314913940
1774171071686,2026-03-22 09:17:51.686,68730.0,0.01018,B,699.6714,558553803730998
1774171071686,2026-03-22 09:17:51.686,68730.0,0.00432,B,296.91360000000003,807051939092614
1774171073237,2026-03-22 09:17:53.237,68729.0,0.01044,A,717.53076,990891501935216
1774171073237,2026-03-22 09:17:53.237,68729.0,0.00017,A,11.68393,1070016141053082
1774171073237,2026-03-22 09:17:53.237,68728.0,0.00015,A,10.309199999999999,426006415136806
1774171073237,2026-03-22 09:17:53.237,68728.0,0.00017,A,11.683760000000001,979712839148480
1774171073237,2026-03-22 09:17:53.237,68727.0,0.00017,A,11.68359,225516704656386
1774171073237,2026-03-22 09:17:53.237,68726.0,0.00017,A,11.683420000000002,772820287908993
1774171073295,2026-03-22 09:17:53.295,68725.0,0.00017,A,11.683250000000001,505523796522211
1774171073295,2026-03-22 09:17:53.295,68724.0,0.00016,A,10.995840000000001,987489575172971
1774171073295,2026-03-22 09:17:53.295,68724.0,0.00017,A,11.68308,1029714853130327
1774171073295,2026-03-22 09:17:53.295,68723.0,0.00017,A,11.682910000000001,72815925001600
1774171073295,2026-03-22 09:17:53.295,68722.0,0.00017,A,11.68274,499586492183426
1774171073437,2026-03-22 09:17:53.437,68722.0,0.00406,B,279.01132,131527487961055
1774171074140,2026-03-22 09:17:54.140,68720.0,0.003,A,206.16,1030373761532439
1774171074140,2026-03-22 09:17:54.140,68720.0,0.00017,A,11.682400000000001,471480502258419
1774171074140,2026-03-22 09:17:54.140,68720.0,0.00036,A,24.7392,40895813145394
1774171074140,2026-03-22 09:17:54.140,68719.0,0.00017,A,11.68223,118742086747700
1774171074140,2026-03-22 09:17:54.140,68718.0,0.00017,A,11.682060000000002,465100392241023
1774171074140,2026-03-22 09:17:54.140,68717.0,0.00016,A,10.994720000000001,17168655699474
1774171074140,2026-03-22 09:17:54.140,68717.0,0.00017,A,11.681890000000001,11555272606897
1774171074140,2026-03-22 09:17:54.140,68716.0,0.00079,A,54.28564,364763929982080
1774171077931,2026-03-22 09:17:57.931,68716.0,0.00017,A,11.68172,84705261051173
1774171077931,2026-03-22 09:17:57.931,68716.0,0.00144,A,98.95104,495036118626655
1774171077931,2026-03-22 09:17:57.931,68715.0,0.00017,A,11.681550000000001,1060133191660231
1774171077931,2026-03-22 09:17:57.931,68715.0,0.00015,A,10.30725,871556674564021
1774171077931,2026-03-22 09:17:57.931,68714.0,0.00016,A,10.994240000000001,223986621808933
1774171077931,2026-03-22 09:17:57.931,68714.0,0.00017,A,11.68138,197837581838057
1774171077931,2026-03-22 09:17:57.931,68714.0,0.00015,A,10.307099999999998,623304163012484
1774171077931,2026-03-22 09:17:57.931,68713.0,0.00022,A,15.11686,929522434219794
1774171077931,2026-03-22 09:17:57.931,68713.0,0.00017,A,11.68121,877726608139917
1774171077931,2026-03-22 09:17:57.931,68712.0,0.00017,A,11.681040000000001,962739641194051
1774171078415,2026-03-22 09:17:58.415,68711.0,0.00017,A,11.68087,901176518079778
1774171078415,2026-03-22 09:17:58.415,68711.0,0.04983,A,3423.86913,177226452249207
1774171079008,2026-03-22 09:17:59.008,68711.0,0.00181,A,124.36691,528385050226016
1774171079008,2026-03-22 09:17:59.008,68711.0,0.00017,A,11.68087,980183313114008
1774171079008,2026-03-22 09:17:59.008,68711.0,0.04159,A,2857.69049,596292387904854
1774171079944,2026-03-22 09:17:59.944,68711.0,0.01154,A,792.92494,619273451469866
1774171081017,2026-03-22 09:18:01.017,68710.0,0.00017,A,11.680700000000002,122632661124736
1774171081017,2026-03-22 09:18:01.017,68710.0,0.00072,A,49.4712,933642229722757
1774171081017,2026-03-22 09:18:01.017,68710.0,0.00149,A,102.3779,309932388462768
1774171081275,2026-03-22 09:18:01.275,68710.0,0.0003,A,20.613,729804420162083
1774171081974,2026-03-22 09:18:01.974,68710.0,0.00017,A,11.680700000000002,753887295393293
1774171081974,2026-03-22 09:18:01.974,68709.0,0.00015,A,10.306349999999998,923157192283790
1774171081974,2026-03-22 09:18:01.974,68709.0,0.00043,A,29.54487,851069915132114
1774171081974,2026-03-22 09:18:01.974,68709.0,0.00015,A,10.306349999999998,357826001303225
1774171083230,2026-03-22 09:18:03.230,68708.0,0.00015,A,10.306199999999999,42940670265818
1774171083230,2026-03-22 09:18:03.230,68708.0,0.00072,A,49.46976,820545616451667
1774171083230,2026-03-22 09:18:03.230,68708.0,0.00017,A,11.68036,386977948930213
1774171083405,2026-03-22 09:18:03.405,68707.0,0.00017,A,11.680190000000001,326098687881421
1774171083405,2026-03-22 09:18:03.405,68706.0,0.00016,A,10.99296,331903384650405
1774171083405,2026-03-22 09:18:03.405,68706.0,0.00017,A,11.68002,655261534205370
1774171083405,2026-03-22 09:18:03.405,68706.0,0.003,A,206.118,1059222146452509
1774171083405,2026-03-22 09:18:03.405,68705.0,0.00017,A,11.67985,393311358829878
1774171083405,2026-03-22 09:18:03.405,68704.0,0.00015,A,10.305599999999998,518091521437884
1774171083405,2026-03-22 09:18:03.405,68704.0,0.00017,A,11.679680000000001,729254212290007
1774171083405,2026-03-22 09:18:03.405,68704.0,0.00072,A,49.46688,123376866309137
1774171083405,2026-03-22 09:18:03.405,68703.0,0.00017,A,11.67951,1032009243793636
1774171083405,2026-03-22 09:18:03.405,68703.0,0.00015,A,10.305449999999999,735940316224048
1774171083405,2026-03-22 09:18:03.405,68703.0,0.00017,A,11.67951,755357713924634
1774171083405,2026-03-22 09:18:03.405,68702.0,0.00018,A,12.36636,599671242764072
1774171083405,2026-03-22 09:18:03.405,68702.0,0.00015,A,10.305299999999999,315697187320608
1774171083405,2026-03-22 09:18:03.405,68702.0,0.001,A,68.702,836806563306843
1774171083405,2026-03-22 09:18:03.405,68702.0,0.00017,A,11.679340000000002,1003386963925536
1774171083405,2026-03-22 09:18:03.405,68701.0,0.00015,A,10.30515,938629867443490
1774171083405,2026-03-22 09:18:03.405,68701.0,0.00015,A,10.30515,451910839191594
1774171083405,2026-03-22 09:18:03.405,68701.0,0.00015,A,10.30515,246030218814506
1774171083405,2026-03-22 09:18:03.405,68701.0,0.00015,A,10.30515,95319972576326
1774171083405,2026-03-22 09:18:03.405,68701.0,0.00017,A,11.679170000000001,280901122370583
1774171083405,2026-03-22 09:18:03.405,68701.0,0.00015,A,10.30515,699208040007042
1774171083405,2026-03-22 09:18:03.405,68701.0,0.003,A,206.103,187330132906828
1774171083405,2026-03-22 09:18:03.405,68700.0,0.01,A,687.0,887210675366621
1774171083405,2026-03-22 09:18:03.405,68700.0,0.00807,A,554.4090000000001,938373910358863
1774171083405,2026-03-22 09:18:03.405,68700.0,0.00382,A,262.434,912693479742993
1774171083405,2026-03-22 09:18:03.405,68700.0,0.03178,A,2183.286,843386516680519
1774171083405,2026-03-22 09:18:03.405,68700.0,0.04181,A,2872.347,1004433221598226
1774171085096,2026-03-22 09:18:05.096,68700.0,0.00142,A,97.554,639567200475232
1774171085500,2026-03-22 09:18:05.500,68700.0,0.26666,A,18319.542,1114969478677442
1774171085500,2026-03-22 09:18:05.500,68700.0,0.00417,A,286.479,164347912412266
1774171085500,2026-03-22 09:18:05.500,68700.0,0.09175,A,6303.224999999999,619101466709503
1774171085500,2026-03-22 09:18:05.500,68700.0,0.23086,A,15860.082,846383228900248
1774171085500,2026-03-22 09:18:05.500,68700.0,0.36333,A,24960.771,943359064594274
1774171085500,2026-03-22 09:18:05.500,68700.0,0.00015,A,10.305,577305987318984
1774171085500,2026-03-22 09:18:05.500,68700.0,0.00017,A,11.679,788387882154473
1774171085500,2026-03-22 09:18:05.500,68700.0,0.00253,A,173.811,1072485918423199
1774171085500,2026-03-22 09:18:05.500,68699.0,0.00015,A,10.304849999999998,232552452162985
1774171085500,2026-03-22 09:18:05.500,68699.0,0.00016,A,10.991840000000002,3365622856543
1774171085500,2026-03-22 09:18:05.500,68699.0,0.00017,A,11.678830000000001,344377498413490
1774171085500,2026-03-22 09:18:05.500,68698.0,0.00015,A,10.304699999999999,332041112368531
1774171085500,2026-03-22 09:18:05.500,68698.0,0.00058,A,39.84484,30136312427783
1774171085500,2026-03-22 09:18:05.500,68698.0,0.00017,A,11.67866,616963550901163
1774171085500,2026-03-22 09:18:05.500,68697.0,0.00016,A,10.991520000000001,934088374292863
1774171085500,2026-03-22 09:18:05.500,68697.0,0.00017,A,11.67849,774293396195375
1774171085500,2026-03-22 09:18:05.500,68696.0,0.00017,A,11.678320000000001,872775682413331
1774171085500,2026-03-22 09:18:05.500,68695.0,0.001,A,68.69500000000001,341347984763282
1774171085500,2026-03-22 09:18:05.500,68695.0,0.00348,A,239.0586,371479705647254
1774171085500,2026-03-22 09:18:05.500,68695.0,0.00017,A,11.67815,810895513426007
1774171085500,2026-03-22 09:18:05.500,68695.0,0.003,A,206.085,5368005615075
1774171085500,2026-03-22 09:18:05.500,68694.0,0.00015,A,10.304099999999998,556323347645681
1774171085500,2026-03-22 09:18:05.500,68694.0,0.00017,A,11.677980000000002,728163752521863
1774171085500,2026-03-22 09:18:05.500,68693.0,0.00015,A,10.303949999999999,124275015394274
1774171085500,2026-03-22 09:18:05.500,68693.0,0.00015,A,10.303949999999999,242463486820480
1774171085500,2026-03-22 09:18:05.500,68693.0,0.00017,A,11.677810000000001,21718505770593
1774171085500,2026-03-22 09:18:05.500,68692.0,0.00016,A,10.990720000000001,115757645838654
1774171085500,2026-03-22 09:18:05.500,68692.0,0.00017,A,11.67764,470302142453798
1774171085699,2026-03-22 09:18:05.699,68691.0,0.00017,A,11.677470000000001,762490220601546
1774171085699,2026-03-22 09:18:05.699,68691.0,0.001,A,68.691,796763160695996
1774171085699,2026-03-22 09:18:05.699,68691.0,0.00017,A,11.677470000000001,94199002470061
1774171085699,2026-03-22 09:18:05.699,68690.0,0.00017,A,11.6773,595228800996771
1774171085699,2026-03-22 09:18:05.699,68690.0,0.003,A,206.07,544833735629905
1774171085699,2026-03-22 09:18:05.699,68689.0,0.00017,A,11.67713,278360449646844
1774171085699,2026-03-22 09:18:05.699,68688.0,0.05034,A,3457.75392,602714802028693
1774171085699,2026-03-22 09:18:05.699,68688.0,0.02382,A,1636.14816,708229624629113
1774171085699,2026-03-22 09:18:05.699,68688.0,0.00016,A,10.99008,383569289496589
1774171085699,2026-03-22 09:18:05.699,68688.0,0.00017,A,11.676960000000001,650476829307344
1774171086107,2026-03-22 09:18:06.107,68688.0,0.00667,B,458.14896,922818530444191
1774171086107,2026-03-22 09:18:06.107,68688.0,0.06198,B,4257.2822400000005,308836017996576
1774171086198,2026-03-22 09:18:06.198,68688.0,1.62117,B,111354.92496,361942730414865
1774171086481,2026-03-22 09:18:06.481,68687.0,0.00017,A,11.67679,168808235185711
1774171086481,2026-03-22 09:18:06.481,68686.0,0.00017,A,11.676620000000002,42009340692023
1774171086481,2026-03-22 09:18:06.481,68685.0,0.00017,A,11.67645,488437615367479
1774171086481,2026-03-22 09:18:06.481,68684.0,0.00017,A,11.67628,272060214192956
1774171086481,2026-03-22 09:18:06.481,68684.0,0.00017,A,11.67628,1029371060742358
1774171086481,2026-03-22 09:18:06.481,68683.0,0.00015,A,10.302449999999999,283172713910408
1774171086481,2026-03-22 09:18:06.481,68683.0,0.00017,A,11.676110000000001,1106835399094105
1774171086481,2026-03-22 09:18:06.481,68682.0,0.00017,A,11.67594,825596088221167
1774171086481,2026-03-22 09:18:06.481,68681.0,0.00015,A,10.30215,493952034694607
1774171086481,2026-03-22 09:18:06.481,68681.0,0.00016,A,10.98896,292003402883979
1774171086481,2026-03-22 09:18:06.481,68681.0,0.00017,A,11.67577,391452326928765
1774171086481,2026-03-22 09:18:06.481,68688.0,0.00072,B,49.455360000000006,904248099471058
1774171087758,2026-03-22 09:18:07.758,68680.0,0.00015,A,10.302,375981831652794
1774171087758,2026-03-22 09:18:07.758,68680.0,0.00029,A,19.9172,435622661301695
1774171087758,2026-03-22 09:18:07.758,68680.0,0.00253,A,173.7604,982769966657435
1774171087758,2026-03-22 09:18:07.758,68680.0,0.00052,A,35.7136,995396504696278
1774171088005,2026-03-22 09:18:08.005,68681.0,0.00016,B,10.98896,462387731469762
1774171088124,2026-03-22 09:18:08.124,68680.0,0.00037,B,25.4116,849235288037939
1774171088733,2026-03-22 09:18:08.733,68679.0,0.00017,A,11.67543,373812436659765
1774171088733,2026-03-22 09:18:08.733,68679.0,0.00072,A,49.44888,370424362117490
1774171088733,2026-03-22 09:18:08.733,68678.0,0.003,A,206.034,614806478405996
1774171088733,2026-03-22 09:18:08.733,68678.0,0.00017,A,11.675260000000002,405495183983632
1774171089130,2026-03-22 09:18:09.130,68677.0,0.0009,A,61.8093,709451331770466
1774171089130,2026-03-22 09:18:09.130,68677.0,0.003,A,206.031,912245731267216
1774171089226,2026-03-22 09:18:09.226,68676.0,0.00017,A,11.67492,682222043972092
1774171089226,2026-03-22 09:18:09.226,68675.0,0.00015,A,10.30125,402600456492396
1774171089226,2026-03-22 09:18:09.226,68675.0,0.00017,A,11.674750000000001,69135884987687
1774171089226,2026-03-22 09:18:09.226,68674.0,0.0006,A,41.2044,153555172556204
1774171089226,2026-03-22 09:18:09.226,68674.0,0.00015,A,10.3011,394753325443181
1774171089226,2026-03-22 09:18:09.226,68674.0,0.00015,A,10.3011,901980745586638
1774171089226,2026-03-22 09:18:09.226,68674.0,0.00015,A,10.3011,1092473756926432
1774171089226,2026-03-22 09:18:09.226,68674.0,0.00017,A,11.67458,1052081182664993
1774171089226,2026-03-22 09:18:09.226,68673.0,0.00015,A,10.300949999999998,1057755762716871
1774171089226,2026-03-22 09:18:09.226,68673.0,0.00016,A,10.987680000000001,490930434810417
1774171089226,2026-03-22 09:18:09.226,68673.0,0.00015,A,10.300949999999998,550561496970102
1774171089226,2026-03-22 09:18:09.226,68673.0,0.00017,A,11.67441,678558135646796
1774171089226,2026-03-22 09:18:09.226,68672.0,0.00015,A,10.300799999999999,47264191946904
1774171089226,2026-03-22 09:18:09.226,68672.0,0.00017,A,11.674240000000001,569001933596937
1774171089226,2026-03-22 09:18:09.226,68671.0,0.00015,A,10.30065,1054061764196598
1774171089226,2026-03-22 09:18:09.226,68671.0,0.00017,A,11.67407,168894270082060
1774171089226,2026-03-22 09:18:09.226,68670.0,0.00016,A,10.987200000000001,232845912419460
1774171089226,2026-03-22 09:18:09.226,68670.0,0.00017,A,11.673900000000001,938479912778202
1774171089226,2026-03-22 09:18:09.226,68670.0,0.003,A,206.01,349874516914626
1774171089226,2026-03-22 09:18:09.226,68669.0,0.00017,A,11.67373,641546112703395
1774171089226,2026-03-22 09:18:09.226,68668.0,0.00109,A,74.84812000000001,452468412595991
1774171089226,2026-03-22 09:18:09.226,68668.0,0.00015,A,10.300199999999998,672361741581037
1774171089226,2026-03-22 09:18:09.226,68668.0,0.00017,A,11.67356,66181920758976
1774171089226,2026-03-22 09:18:09.226,68667.0,0.00017,A,11.673390000000001,1112142134095517
1774171089226,2026-03-22 09:18:09.226,68666.0,0.00017,A,11.67322,1007490407604197
1774171089226,2026-03-22 09:18:09.226,68666.0,0.00015,A,10.2999,529165084312077
1774171089226,2026-03-22 09:18:09.226,68666.0,0.00017,A,11.67322,826735668242439
1774171089226,2026-03-22 09:18:09.226,68665.0,0.00028,A,19.2262,172858365122825
1774171089226,2026-03-22 09:18:09.226,68665.0,0.00015,A,10.29975,1014808504404160
1774171089226,2026-03-22 09:18:09.226,68665.0,0.00015,A,10.29975,109909973769616
1774171089226,2026-03-22 09:18:09.226,68665.0,0.00017,A,11.673050000000002,569503805133418
1774171089226,2026-03-22 09:18:09.226,68664.0,0.00017,A,11.672880000000001,407336793381980
1774171089226,2026-03-22 09:18:09.226,68664.0,0.00851,A,584.33064,75985713363238
1774171089226,2026-03-22 09:18:09.226,68663.0,0.00015,A,10.299449999999998,136853838694131
1774171089226,2026-03-22 09:18:09.226,68663.0,0.00016,A,10.986080000000001,148792479188452
1774171089226,2026-03-22 09:18:09.226,68663.0,0.00728,A,499.86664,307165178416998
1774171089226,2026-03-22 09:18:09.226,68663.0,0.00017,A,11.67271,850031591171666
1774171089226,2026-03-22 09:18:09.226,68662.0,0.00029,A,19.91198,525190659767024
1774171089226,2026-03-22 09:18:09.226,68662.0,0.00017,A,11.672540000000001,855714496633962
1774171089226,2026-03-22 09:18:09.226,68661.0,0.00016,A,10.98576,866788413599972
1774171089226,2026-03-22 09:18:09.226,68661.0,0.00017,A,11.67237,234028968282022
1774171089226,2026-03-22 09:18:09.226,68660.0,0.00033,A,22.657799999999998,30295621193028
1774171089226,2026-03-22 09:18:09.226,68660.0,0.00017,A,11.6722,699453133642851
1774171089226,2026-03-22 09:18:09.226,68660.0,0.05665,A,3889.589,719381688780841
1774171089226,2026-03-22 09:18:09.226,68659.0,0.00016,A,10.98544,687247479260773
1774171089226,2026-03-22 09:18:09.226,68658.0,0.21849,A,15001.08642,358762967401662
1774171089226,2026-03-22 09:18:09.226,68657.0,0.29767,A,20437.12919,933524707450846
1774171089226,2026-03-22 09:18:09.226,68657.0,0.03269,A,2244.39733,1071618201504641
1774171090141,2026-03-22 09:18:10.141,68658.0,0.2723,B,18695.573399999997,694092691337784
1774171090886,2026-03-22 09:18:10.886,68658.0,0.00017,B,11.67186,205299734076240
1774171090886,2026-03-22 09:18:10.886,68659.0,0.02912,B,1999.35008,756551691084090
1774171090886,2026-03-22 09:18:10.886,68659.0,0.00017,B,11.672030000000001,95830445757198
1774171090886,2026-03-22 09:18:10.886,68659.0,0.00015,B,10.29885,816097311536189
1774171091005,2026-03-22 09:18:11.005,68660.0,0.00018,A,12.3588,1105706784840879
1774171091487,2026-03-22 09:18:11.487,68660.0,0.00288,A,197.7408,475698075904882
1774171091634,2026-03-22 09:18:11.634,68661.0,0.00018,B,12.35898,227083538690764
1774171091634,2026-03-22 09:18:11.634,68661.0,0.00128,B,87.88608,508986169116032
1774171091748,2026-03-22 09:18:11.748,68660.0,0.00029,A,19.9114,1030799979234811
1774171091898,2026-03-22 09:18:11.898,68661.0,0.02784,B,1911.52224,137673074504224
1774171092890,2026-03-22 09:18:12.890,68662.0,0.00016,B,10.98592,822129022137758
1774171093156,2026-03-22 09:18:13.156,68661.0,0.00028,A,19.22508,87693460959486
1774171094031,2026-03-22 09:18:14.031,68661.0,0.00416,A,285.62976,853377312573603
1774171094232,2026-03-22 09:18:14.232,68661.0,0.00082,A,56.30202,431940870566772
1774171094563,2026-03-22 09:18:14.563,68661.0,0.19406,A,13324.35366,142489509139461
1774171094563,2026-03-22 09:18:14.563,68661.0,0.20594,A,14140.04634,500888874266334
1774171095425,2026-03-22 09:18:15.425,68662.0,1e-05,B,0.68662,610432300369369
1774171095425,2026-03-22 09:18:15.425,68662.0,0.00472,B,324.08464000000004,726448843000603
1774171095511,2026-03-22 09:18:15.511,68662.0,0.0003,B,20.598599999999998,445841352899570
1774171095511,2026-03-22 09:18:15.511,68661.0,0.21406,A,14697.57366,740521633613245
1774171095511,2026-03-22 09:18:15.511,68661.0,0.02271,A,1559.29131,521786720566583
1774171095511,2026-03-22 09:18:15.511,68661.0,0.01188,A,815.69268,716957590350848
1774171095511,2026-03-22 09:18:15.511,68661.0,0.00017,A,11.67237,1093019043593950
1774171095511,2026-03-22 09:18:15.511,68661.0,0.02342,A,1608.04062,126904661185930
1774171095926,2026-03-22 09:18:15.926,68662.0,0.00242,B,166.16204,840839568708322
1774171096664,2026-03-22 09:18:16.664,68662.0,0.001,B,68.662,721668778464764
1774171097139,2026-03-22 09:18:17.139,68662.0,0.00288,B,197.74656000000002,942278516626373
1774171097252,2026-03-22 09:18:17.252,68661.0,0.00242,A,166.15962,464955134614809
1774171098183,2026-03-22 09:18:18.183,68661.0,0.00614,A,421.57854,595389784216279
1774171098349,2026-03-22 09:18:18.349,68660.0,0.00015,A,10.299,967643121812774
1774171098349,2026-03-22 09:18:18.349,68660.0,0.00017,A,11.6722,1096962931281255
1774171098349,2026-03-22 09:18:18.349,68659.0,0.00017,A,11.672030000000001,516450733758112
1774171098349,2026-03-22 09:18:18.349,68658.0,0.00017,A,11.67186,943689932097384
1774171098349,2026-03-22 09:18:18.349,68657.0,0.00017,A,11.671690000000002,926865544105632
1774171098349,2026-03-22 09:18:18.349,68656.0,0.00017,A,11.671520000000001,136709633639045
1774171098433,2026-03-22 09:18:18.433,68655.0,0.00015,A,10.29825,385892060139266
1774171098433,2026-03-22 09:18:18.433,68655.0,0.00015,A,10.29825,825130120613821
1774171098433,2026-03-22 09:18:18.433,68655.0,0.00017,A,11.67135,1026271148672010
1774171098433,2026-03-22 09:18:18.433,68655.0,0.00017,A,11.67135,514055926900047
1774171098487,2026-03-22 09:18:18.487,68654.0,0.00017,A,11.671180000000001,864189917940444
1774171098587,2026-03-22 09:18:18.587,68653.0,0.00017,A,11.67101,485029764657193
1774171098587,2026-03-22 09:18:18.587,68652.0,0.00017,A,11.67084,465798287820473
1774171098587,2026-03-22 09:18:18.587,68652.0,0.00016,A,10.98432,317281405395925
1774171098587,2026-03-22 09:18:18.587,68652.0,0.003,A,205.95600000000002,60122134117728
1774171098587,2026-03-22 09:18:18.587,68652.0,0.00017,A,11.67084,697749719412795
1774171098673,2026-03-22 09:18:18.673,68651.0,0.00015,A,10.297649999999999,1058769512881014
1774171098673,2026-03-22 09:18:18.673,68651.0,0.00017,A,11.670670000000001,90018089103165
1774171098673,2026-03-22 09:18:18.673,68650.0,0.00017,A,11.6705,290255920542115
1774171098673,2026-03-22 09:18:18.673,68649.0,0.00015,A,10.29735,102288201043699
1774171098673,2026-03-22 09:18:18.673,68649.0,0.00017,A,11.670330000000002,512503593046613
1774171098673,2026-03-22 09:18:18.673,68648.0,0.00017,A,11.670160000000001,165736488460478
1774171098673,2026-03-22 09:18:18.673,68648.0,0.00015,A,10.297199999999998,673649984031252
1774171098673,2026-03-22 09:18:18.673,68648.0,0.00015,A,10.297199999999998,245057161489372
1774171098673,2026-03-22 09:18:18.673,68648.0,0.00017,A,11.670160000000001,541590612416998
1774171098673,2026-03-22 09:18:18.673,68647.0,0.00018,A,12.35646,823524048951709
1774171098673,2026-03-22 09:18:18.673,68647.0,0.003,A,205.941,330081870062169
1774171098673,2026-03-22 09:18:18.673,68647.0,0.00017,A,11.66999,629228357557912
1774171098673,2026-03-22 09:18:18.673,68646.0,0.00015,A,10.296899999999999,944428912021544
1774171098673,2026-03-22 09:18:18.673,68646.0,0.00015,A,10.296899999999999,189776642546620
1774171098673,2026-03-22 09:18:18.673,68646.0,0.00015,A,10.296899999999999,862244707966090
1774171098673,2026-03-22 09:18:18.673,68646.0,0.00017,A,11.669820000000001,386238139014780
1774171099096,2026-03-22 09:18:19.096,68645.0,0.00015,A,10.29675,798268461507619
1774171099096,2026-03-22 09:18:19.096,68645.0,0.00015,A,10.29675,833329529373561
1774171099096,2026-03-22 09:18:19.096,68645.0,0.00015,A,10.29675,1121644688593707
1774171099096,2026-03-22 09:18:19.096,68645.0,7e-05,A,4.805149999999999,751259640493579
1774171099277,2026-03-22 09:18:19.277,68645.0,0.0001,A,6.8645000000000005,1094147381639178
1774171099277,2026-03-22 09:18:19.277,68645.0,0.00121,A,83.06044999999999,36932155889278
1774171101085,2026-03-22 09:18:21.085,68645.0,0.0065,A,446.1925,870707264863162
1774171101085,2026-03-22 09:18:21.085,68645.0,0.00017,A,11.66965,981243986518509
1774171101085,2026-03-22 09:18:21.085,68645.0,0.02243,A,1539.70735,474887227626478
1774171101263,2026-03-22 09:18:21.263,68646.0,0.005,B,343.23,628397176855574
1774171101519,2026-03-22 09:18:21.519,68646.0,0.00144,B,98.85024,588344174002861
1774171101721,2026-03-22 09:18:21.721,68646.0,0.00028,B,19.220879999999998,182249200467983
1774171101721,2026-03-22 09:18:21.721,68646.0,0.00017,B,11.669820000000001,643780560857766
1774171102274,2026-03-22 09:18:22.274,68645.0,0.03298,A,2263.9121,679811933743809
1774171102274,2026-03-22 09:18:22.274,68645.0,0.09554,A,6558.3432999999995,261059315280272
1774171102681,2026-03-22 09:18:22.681,68645.0,0.02325,A,1595.99625,134082736407914
1774171104107,2026-03-22 09:18:24.107,68646.0,0.00463,B,317.83097999999995,874737781210952
1774171104488,2026-03-22 09:18:24.488,68645.0,0.00447,A,306.84315,266038189377985
1774171105158,2026-03-22 09:18:25.158,68645.0,0.1,A,6864.5,655216609293853
1774171105690,2026-03-22 09:18:25.690,68645.0,0.00463,A,317.82635,632275232884607
1774171105768,2026-03-22 09:18:25.768,68645.0,0.00043,A,29.51735,254329257933202
1774171105768,2026-03-22 09:18:25.768,68645.0,0.00017,A,11.66965,824964765668388
1774171105768,2026-03-22 09:18:25.768,68644.0,0.00015,A,10.2966,1048875309285323
1774171105768,2026-03-22 09:18:25.768,68644.0,0.00017,A,11.66948,378593596789517
1774171106321,2026-03-22 09:18:26.321,68643.0,0.00015,A,10.296449999999998,84529921080817
1774171106321,2026-03-22 09:18:26.321,68643.0,0.00017,A,11.669310000000001,499736747639718
1774171106321,2026-03-22 09:18:26.321,68642.0,0.00017,A,11.66914,773113759367459
1774171106321,2026-03-22 09:18:26.321,68641.0,0.00015,A,10.296149999999999,672758441999253
1774171106321,2026-03-22 09:18:26.321,68641.0,0.00015,A,10.296149999999999,600630108093198
1774171106321,2026-03-22 09:18:26.321,68641.0,0.0002,A,13.728200000000001,99133630241485
1774171106321,2026-03-22 09:18:26.321,68641.0,0.0003,A,20.592299999999998,1060756295867994
1774171106321,2026-03-22 09:18:26.321,68641.0,0.00017,A,11.668970000000002,732193359049176
1774171106321,2026-03-22 09:18:26.321,68640.0,0.07277,A,4994.9328000000005,227114377199729
1774171106321,2026-03-22 09:18:26.321,68640.0,0.00015,A,10.296,300235367605969
1774171106321,2026-03-22 09:18:26.321,68640.0,0.00023,A,15.7872,650522838863542
1774171106321,2026-03-22 09:18:26.321,68640.0,0.0002,A,13.728000000000002,1066729741388321
1774171106321,2026-03-22 09:18:26.321,68640.0,0.00015,A,10.296,826011739969414
1774171106321,2026-03-22 09:18:26.321,68640.0,0.00022,A,15.100800000000001,635762917711598
1774171106321,2026-03-22 09:18:26.321,68640.0,0.00017,A,11.668800000000001,85473834618475
1774171106321,2026-03-22 09:18:26.321,68640.0,0.003,A,205.92000000000002,684956789915072
1774171106703,2026-03-22 09:18:26.703,68639.0,0.0246,A,1688.5194000000001,734579170990973
1774171107221,2026-03-22 09:18:27.221,68640.0,0.00035,B,24.024,593955383519879
1774171107221,2026-03-22 09:18:27.221,68639.0,0.0004,A,27.4556,424625606156505
1774171107221,2026-03-22 09:18:27.221,68640.0,0.00043,B,29.5152,192592578673009
1774171107221,2026-03-22 09:18:27.221,68640.0,0.00122,B,83.7408,164573136161249
1774171107221,2026-03-22 09:18:27.221,68639.0,0.175,A,12011.824999999999,843810787476367
1774171107221,2026-03-22 09:18:27.221,68639.0,0.00333,A,228.56787,427738897123143
1774171107221,2026-03-22 09:18:27.221,68639.0,0.00017,A,11.66863,337244314756981
1774171107221,2026-03-22 09:18:27.221,68639.0,0.00181,A,124.23658999999999,817035280424162
1774171107221,2026-03-22 09:18:27.221,68639.0,0.26066,A,17891.44174,263242959251346
1774171107221,2026-03-22 09:18:27.221,68639.0,0.16564,A,11369.36396,86355337909875
1774171107221,2026-03-22 09:18:27.221,68639.0,0.25066,A,17205.05174,1069222262224379
1774171107221,2026-03-22 09:18:27.221,68639.0,0.40459,A,27770.65301,711230325670307
1774171107221,2026-03-22 09:18:27.221,68639.0,0.15168,A,10411.16352,946983236442587
1774171107221,2026-03-22 09:18:27.221,68639.0,0.45306,A,31097.58534,259267924746030
1774171107221,2026-03-22 09:18:27.221,68639.0,0.07694,A,5281.0846599999995,690725088994672
1774171107221,2026-03-22 09:18:27.221,68639.0,0.26012,A,17854.37668,463796446493505
1774171107221,2026-03-22 09:18:27.221,68639.0,0.10571,A,7255.82869,18860121506556
1774171107221,2026-03-22 09:18:27.221,68639.0,0.15136,A,10389.19904,469182540105029
1774171107221,2026-03-22 09:18:27.221,68639.0,0.26586,A,18248.36454,158825230768039
1774171107221,2026-03-22 09:18:27.221,68639.0,0.28071,A,19267.653690000003,65566724527564
1774171107674,2026-03-22 09:18:27.674,68639.0,0.00022,A,15.10058,126998060814230
1774171108805,2026-03-22 09:18:28.805,68640.0,0.00145,B,99.52799999999999,702346294634605
1774171109019,2026-03-22 09:18:29.019,68640.0,0.00109,B,74.8176,358425891947061
1774171109824,2026-03-22 09:18:29.824,68639.0,0.00029,A,19.90531,606141965692004
1774171109898,2026-03-22 09:18:29.898,68639.0,0.00238,A,163.36082000000002,412038157746075
1774171109898,2026-03-22 09:18:29.898,68639.0,0.00017,A,11.66863,821827913721020
1774171109898,2026-03-22 09:18:29.898,68639.0,0.07082,A,4861.01398,145122903740166
1774171109898,2026-03-22 09:18:29.898,68639.0,0.2168,A,14880.9352,936424845197070
1774171109898,2026-03-22 09:18:29.898,68639.0,0.34668,A,23795.768519999998,145948273200097
1774171109898,2026-03-22 09:18:29.898,68639.0,0.07193,A,4937.20327,837203623612951
1774171109898,2026-03-22 09:18:29.898,68639.0,0.34869,A,23933.73291,104923188735970
1774171109898,2026-03-22 09:18:29.898,68639.0,0.09438,A,6478.14882,370411636295183
1774171109898,2026-03-22 09:18:29.898,68639.0,0.13757,A,9442.66723,792473334905685
1774171110224,2026-03-22 09:18:30.224,68638.0,0.00653,A,448.20614,515139564099019
1774171110224,2026-03-22 09:18:30.224,68638.0,0.00017,A,11.668460000000001,1077821481007195
1774171110224,2026-03-22 09:18:30.224,68637.0,0.00017,A,11.66829,617226353410181
1774171110224,2026-03-22 09:18:30.224,68637.0,0.00015,A,10.295549999999999,620575078151180
1774171110224,2026-03-22 09:18:30.224,68637.0,0.00017,A,11.66829,455566352590836
1774171110224,2026-03-22 09:18:30.224,68636.0,0.00015,A,10.295399999999999,325326276637231
1774171110224,2026-03-22 09:18:30.224,68636.0,0.00017,A,11.66812,346037046778840
1774171110224,2026-03-22 09:18:30.224,68635.0,0.00017,A,11.667950000000001,989149759144097
1774171110224,2026-03-22 09:18:30.224,68635.0,0.003,A,205.905,151525567919520
1774171110224,2026-03-22 09:18:30.224,68634.0,0.00015,A,10.2951,806531686020964
1774171110224,2026-03-22 09:18:30.224,68634.0,0.00017,A,11.66778,454585359047919
1774171110224,2026-03-22 09:18:30.224,68633.0,0.00015,A,10.294949999999998,281090323742021
1774171110224,2026-03-22 09:18:30.224,68633.0,0.00016,A,10.981280000000002,770627605415680
1774171110224,2026-03-22 09:18:30.224,68633.0,0.00017,A,11.667610000000002,904999867848626
1774171110224,2026-03-22 09:18:30.224,68632.0,0.00015,A,10.294799999999999,433038630422948
1774171110224,2026-03-22 09:18:30.224,68632.0,0.00017,A,11.667440000000001,253693702602248
1774171110224,2026-03-22 09:18:30.224,68631.0,0.00017,A,11.66727,1049317376888327
1774171110224,2026-03-22 09:18:30.224,68631.0,0.00407,A,279.32817,93091269633451
1774171110224,2026-03-22 09:18:30.224,68630.0,0.00017,A,11.667100000000001,434000689418301
1774171110224,2026-03-22 09:18:30.224,68630.0,0.00017,A,11.667100000000001,333815888614728
1774171110224,2026-03-22 09:18:30.224,68630.0,0.00017,A,11.667100000000001,323951841832094
1774171110224,2026-03-22 09:18:30.224,68630.0,0.0374,A,2566.762,1125599256659633
1774171110417,2026-03-22 09:18:30.417,68630.0,0.0035,A,240.205,597545479613319
1774171111026,2026-03-22 09:18:31.026,68630.0,0.00017,A,11.667100000000001,263938108470341
1774171111026,2026-03-22 09:18:31.026,68630.0,0.00221,A,151.6723,871463334583309
1774171111548,2026-03-22 09:18:31.548,68631.0,0.00018,B,12.353580000000001,81147479769933
1774171111548,2026-03-22 09:18:31.548,68631.0,0.00651,B,446.78781000000004,254437767476118
1774171113337,2026-03-22 09:18:33.337,68630.0,0.00017,A,11.667100000000001,1123802029571391
1774171113337,2026-03-22 09:18:33.337,68630.0,0.00669,A,459.1347,556309436924633
1774171113441,2026-03-22 09:18:33.441,68630.0,0.17817,A,12227.8071,238539003955162
1774171113673,2026-03-22 09:18:33.673,68630.0,0.04878,A,3347.7713999999996,496220006892279
1774171113673,2026-03-22 09:18:33.673,68630.0,0.00117,A,80.2971,1046049205200792
1774171114071,2026-03-22 09:18:34.071,68630.0,0.00142,A,97.4546,1013374353903095
1774171114572,2026-03-22 09:18:34.572,68630.0,0.01188,A,815.3244,186526794226504
1774171114572,2026-03-22 09:18:34.572,68630.0,0.00289,A,198.34070000000003,815594581337612
1774171114572,2026-03-22 09:18:34.572,68630.0,0.21467,A,14732.8021,806995011962867
1774171114572,2026-03-22 09:18:34.572,68629.0,0.00017,A,11.66693,1113247822618014
1774171114572,2026-03-22 09:18:34.572,68629.0,0.003,A,205.887,294723179852622
1774171114572,2026-03-22 09:18:34.572,68628.0,0.00015,A,10.294199999999998,735256748415825
1774171114572,2026-03-22 09:18:34.572,68628.0,0.00015,A,10.294199999999998,286521173747719
1774171114572,2026-03-22 09:18:34.572,68628.0,0.00017,A,11.66676,574312875071255
1774171114572,2026-03-22 09:18:34.572,68627.0,0.00017,A,11.666590000000001,740516939397668
1774171114572,2026-03-22 09:18:34.572,68627.0,0.00022,A,15.097940000000001,1058542422746584
1774171114572,2026-03-22 09:18:34.572,68626.0,0.00016,A,10.980160000000001,602353281690329
1774171114572,2026-03-22 09:18:34.572,68626.0,0.00017,A,11.66642,348800783823568
1774171114572,2026-03-22 09:18:34.572,68625.0,0.00018,A,12.352500000000001,631746306243513
1774171114572,2026-03-22 09:18:34.572,68625.0,0.00437,A,299.89124999999996,997885204063672
1774171114572,2026-03-22 09:18:34.572,68625.0,0.00017,A,11.666250000000002,253519421815431
1774171114572,2026-03-22 09:18:34.572,68624.0,0.00015,A,10.2936,1015121129384105
1774171114572,2026-03-22 09:18:34.572,68624.0,0.00291,A,199.69583999999998,175920842946532
1774171114572,2026-03-22 09:18:34.572,68624.0,0.00016,A,10.979840000000001,681958441866296
1774171114572,2026-03-22 09:18:34.572,68624.0,0.00017,A,11.666080000000001,859949938758917
1774171114572,2026-03-22 09:18:34.572,68624.0,0.00234,A,160.58016,258019260546052
1774171114572,2026-03-22 09:18:34.572,68623.0,0.00348,A,238.80804,858946153348838
1774171114572,2026-03-22 09:18:34.572,68623.0,0.00018,A,12.35214,588235274080072
1774171114572,2026-03-22 09:18:34.572,68623.0,0.00017,A,11.66591,190702779017527
1774171114572,2026-03-22 09:18:34.572,68622.0,0.00051,A,34.997220000000006,817953810930733
1774171114572,2026-03-22 09:18:34.572,68622.0,0.00017,A,11.665740000000001,786917614231367
1774171114572,2026-03-22 09:18:34.572,68621.0,0.02278,A,1563.18638,542807010831787
1774171114572,2026-03-22 09:18:34.572,68621.0,0.00017,A,11.66557,872735898641942
1774171114572,2026-03-22 09:18:34.572,68620.0,0.003,A,205.86,521714873852691
1774171114572,2026-03-22 09:18:34.572,68620.0,0.00015,A,10.293,503983810791428
1774171114572,2026-03-22 09:18:34.572,68620.0,0.008,A,548.96,52694416208371
1774171114572,2026-03-22 09:18:34.572,68620.0,0.00017,A,11.6654,470634497840741
1774171114572,2026-03-22 09:18:34.572,68620.0,0.003,A,205.86,227546665170776
1774171114572,2026-03-22 09:18:34.572,68619.0,0.00015,A,10.29285,366224530897255
1774171114572,2026-03-22 09:18:34.572,68619.0,0.00016,A,10.979040000000001,762450262067090
1774171114572,2026-03-22 09:18:34.572,68619.0,0.00017,A,11.665230000000001,570819053003924
1774171114572,2026-03-22 09:18:34.572,68619.0,0.05665,A,3887.26635,454210532745506
1774171114572,2026-03-22 09:18:34.572,68619.0,0.02004,A,1375.12476,280036536386658
1774171114572,2026-03-22 09:18:34.572,68619.0,0.01882,A,1291.40958,802584248012307
1774171114572,2026-03-22 09:18:34.572,68619.0,0.01798,A,1233.76962,673630286648424
1774171115970,2026-03-22 09:18:35.970,68619.0,0.01019,A,699.2276099999999,166550777516038
1774171115970,2026-03-22 09:18:35.970,68619.0,0.00146,A,100.18374,1022819606546086
1774171116373,2026-03-22 09:18:36.373,68620.0,0.00046,B,31.5652,164273746838092
1774171116584,2026-03-22 09:18:36.584,68620.0,0.00145,B,99.499,980946370426087
1774171116980,2026-03-22 09:18:36.980,68620.0,0.00017,B,11.6654,323548609397616
1774171116980,2026-03-22 09:18:36.980,68621.0,0.00015,B,10.293149999999999,249575830894087
1774171116980,2026-03-22 09:18:36.980,68621.0,0.00017,B,11.66557,559589925444359
1774171117091,2026-03-22 09:18:37.091,68622.0,0.00017,B,11.665740000000001,365512306132753
1774171117091,2026-03-22 09:18:37.091,68623.0,0.00017,B,11.66591,286030533352353
1774171117091,2026-03-22 09:18:37.091,68624.0,0.00017,B,11.666080000000001,782536415752920
1774171117091,2026-03-22 09:18:37.091,68625.0,0.003,B,205.875,770630801399813
1774171117091,2026-03-22 09:18:37.091,68625.0,0.00017,B,11.666250000000002,35602824303062
1774171117091,2026-03-22 09:18:37.091,68625.0,0.00017,B,11.666250000000002,1018992726926870
1774171117091,2026-03-22 09:18:37.091,68626.0,0.00017,B,11.66642,418045230359184
1774171117091,2026-03-22 09:18:37.091,68627.0,0.00017,B,11.666590000000001,747908932480854
1774171117091,2026-03-22 09:18:37.091,68627.0,0.00018,B,12.352860000000002,281524407279833
1774171117091,2026-03-22 09:18:37.091,68628.0,0.00015,B,10.294199999999998,64253775016527
1774171117091,2026-03-22 09:18:37.091,68628.0,0.00017,B,11.66676,149428266637956
1774171117091,2026-03-22 09:18:37.091,68628.0,0.04545,B,3119.1425999999997,814451575536038
1774171117191,2026-03-22 09:18:37.191,68627.0,0.00015,A,10.294049999999999,634072236847612
1774171118059,2026-03-22 09:18:38.059,68628.0,0.00016,B,10.98048,10244695398720
1774171118977,2026-03-22 09:18:38.977,68628.0,0.00018,B,12.35304,749528984962178
1774171118977,2026-03-22 09:18:38.977,68628.0,0.02914,B,1999.81992,1122634484270707
1774171118977,2026-03-22 09:18:38.977,68628.0,0.0009,B,61.7652,101247393833088
1774171119164,2026-03-22 09:18:39.164,68628.0,0.00027,B,18.52956,46971663610814
1774171120859,2026-03-22 09:18:40.859,68627.0,0.00243,A,166.76361,219452268553230
1774171121015,2026-03-22 09:18:41.015,68627.0,0.00018,A,12.352860000000002,55057024804422
1774171121015,2026-03-22 09:18:41.015,68627.0,0.00262,A,179.80274,685237593235257
1774171121973,2026-03-22 09:18:41.973,68628.0,0.02914,B,1999.81992,909242572633749
1774171121973,2026-03-22 09:18:41.973,68628.0,0.00018,B,12.35304,888572727911495
1774171121973,2026-03-22 09:18:41.973,68628.0,0.05665,B,3887.7762,178928072921794
1774171121973,2026-03-22 09:18:41.973,68628.0,0.08889,B,6100.34292,581200539744866
1774171122066,2026-03-22 09:18:42.066,68628.0,0.00033,B,22.64724,581636148736648
1774171122223,2026-03-22 09:18:42.223,68628.0,0.00025,B,17.157,973393633671443
1774171122413,2026-03-22 09:18:42.413,68628.0,0.00243,B,166.76604,590884106811855
1774171122677,2026-03-22 09:18:42.677,68628.0,0.00254,B,174.31512,345971932031079
1774171123413,2026-03-22 09:18:43.413,68627.0,0.0004,A,27.4508,497103664768248
1774171124016,2026-03-22 09:18:44.016,68627.0,0.00416,A,285.48832,458644367930022
1774171125917,2026-03-22 09:18:45.917,68627.0,0.01923,A,1319.69721,71863991017513
1774171126070,2026-03-22 09:18:46.070,68627.0,0.00325,A,223.03775,766951928814314
1774171126070,2026-03-22 09:18:46.070,68627.0,1e-05,A,0.68627,24657350541498
1774171126070,2026-03-22 09:18:46.070,68626.0,0.00015,A,10.293899999999999,651569655677297
1774171126070,2026-03-22 09:18:46.070,68622.0,0.00066,A,45.29052,1075575996073981
1774171126525,2026-03-22 09:18:46.525,68622.0,0.00234,A,160.57548,292309164611190
1774171126525,2026-03-22 09:18:46.525,68622.0,0.00017,A,11.665740000000001,814323022141114
1774171126525,2026-03-22 09:18:46.525,68621.0,0.00017,A,11.66557,222830171206081
1774171126525,2026-03-22 09:18:46.525,68620.0,0.09957,A,6832.4934,250223451079520
1774171126669,2026-03-22 09:18:46.669,68620.0,0.00254,A,174.2948,1034028267456319
1774171126669,2026-03-22 09:18:46.669,68620.0,0.00184,A,126.2608,931300178724510
1774171127545,2026-03-22 09:18:47.545,68621.0,0.00022,B,15.09662,430425344310432
1774171128151,2026-03-22 09:18:48.151,68620.0,0.01,A,686.2,291932711708236
1774171128595,2026-03-22 09:18:48.595,68622.0,0.04149,A,2847.12678,166444980102919
1774171128759,2026-03-22 09:18:48.759,68622.0,6e-05,A,4.11732,680749003356628
1774171129045,2026-03-22 09:18:49.045,68624.0,0.00045,A,30.8808,951560238327518
1774171129045,2026-03-22 09:18:49.045,68624.0,0.00028,A,19.21472,598541755396225
1774171129045,2026-03-22 09:18:49.045,68625.0,0.00017,B,11.666250000000002,975734255265970
1774171129045,2026-03-22 09:18:49.045,68625.0,0.00018,B,12.352500000000001,579345000849559
1774171129045,2026-03-22 09:18:49.045,68625.0,0.00015,B,10.29375,667530097358191
1774171129045,2026-03-22 09:18:49.045,68628.0,0.00307,B,210.68795999999998,286752314198278
1774171129457,2026-03-22 09:18:49.457,68627.0,0.03313,A,2273.61251,120959938107852
1774171130707,2026-03-22 09:18:50.707,68627.0,0.00357,A,244.99839,225885467268383
1774171131774,2026-03-22 09:18:51.774,68627.0,0.00097,A,66.56819,1045759091063927
1774171133467,2026-03-22 09:18:53.467,68628.0,6e-05,B,4.11768,780879852963281
1774171134277,2026-03-22 09:18:54.277,68628.0,0.00017,B,11.66676,647449676627938
1774171134277,2026-03-22 09:18:54.277,68628.0,0.02914,B,1999.81992,71217965631892
1774171134277,2026-03-22 09:18:54.277,68629.0,0.00017,B,11.66693,1117554869759070
1774171134277,2026-03-22 09:18:54.277,68629.0,0.15,B,10294.35,781926945670079
1774171134277,2026-03-22 09:18:54.277,68629.0,0.00017,B,11.66693,781174282443861
1774171134277,2026-03-22 09:18:54.277,68629.0,0.00015,B,10.29435,527078896936732
1774171134277,2026-03-22 09:18:54.277,68630.0,0.00017,B,11.667100000000001,515709639983034
1774171134277,2026-03-22 09:18:54.277,68630.0,0.00015,B,10.2945,902151003185730
1774171134522,2026-03-22 09:18:54.522,68631.0,0.00017,B,11.66727,896431594462576
1774171134522,2026-03-22 09:18:54.522,68631.0,0.003,B,205.893,731289055186720
1774171134929,2026-03-22 09:18:54.929,68632.0,0.00017,B,11.667440000000001,869500995383253
1774171134929,2026-03-22 09:18:54.929,68633.0,0.00017,B,11.667610000000002,634287127071444
1774171134929,2026-03-22 09:18:54.929,68633.0,0.00018,B,12.353940000000001,232133494036861
1774171134929,2026-03-22 09:18:54.929,68634.0,0.00017,B,11.66778,268200990105633
1774171134929,2026-03-22 09:18:54.929,68635.0,0.00017,B,11.667950000000001,780692953358537
1774171134929,2026-03-22 09:18:54.929,68636.0,0.00017,B,11.66812,259885705257566
1774171134929,2026-03-22 09:18:54.929,68636.0,0.00017,B,11.66812,215162508721714
1774171134929,2026-03-22 09:18:54.929,68636.0,0.001,B,68.636,693431438039010
1774171134929,2026-03-22 09:18:54.929,68637.0,0.00017,B,11.66829,105134440930952
1774171134929,2026-03-22 09:18:54.929,68637.0,0.00467,B,320.53479,946088220821709
1774171136480,2026-03-22 09:18:56.480,68637.0,0.0207,B,1420.7859,1122768531734307
1774171137347,2026-03-22 09:18:57.347,68636.0,0.03128,A,2146.93408,306071629062824
1774171138292,2026-03-22 09:18:58.292,68637.0,0.00017,B,11.66829,1047579167257075
1774171138292,2026-03-22 09:18:58.292,68638.0,0.003,B,205.91400000000002,547538656578502
1774171138292,2026-03-22 09:18:58.292,68638.0,0.00017,B,11.668460000000001,679794258591237
1774171138292,2026-03-22 09:18:58.292,68638.0,0.00015,B,10.295699999999998,1049680791493550
1774171138292,2026-03-22 09:18:58.292,68639.0,0.00017,B,11.66863,992541720204897
1774171138569,2026-03-22 09:18:58.569,68640.0,3e-05,B,2.0592,226437907017575
1774171138569,2026-03-22 09:18:58.569,68640.0,0.00014,B,9.609599999999999,814559203292388
1774171138569,2026-03-22 09:18:58.569,68640.0,0.00017,B,11.668800000000001,900323427617402
1774171138569,2026-03-22 09:18:58.569,68640.0,0.00015,B,10.296,55861434287965
1774171138569,2026-03-22 09:18:58.569,68641.0,0.00017,B,11.668970000000002,963986119190818
1774171138569,2026-03-22 09:18:58.569,68641.0,0.00018,B,12.35538,742276366294882
1774171138569,2026-03-22 09:18:58.569,68641.0,0.00024,B,16.47384,836438518668222
1774171138974,2026-03-22 09:18:58.974,68641.0,0.00784,B,538.14544,474113316996758
1774171139581,2026-03-22 09:18:59.581,68640.0,0.00479,A,328.7856,524411272124001
1774171140595,2026-03-22 09:19:00.595,68640.0,0.04289,A,2943.9696,431824708591000
1774171141001,2026-03-22 09:19:01.001,68640.0,0.00238,A,163.3632,215261091381810
1774171141094,2026-03-22 09:19:01.094,68641.0,0.02105,B,1444.89305,347528593354323
1774171141094,2026-03-22 09:19:01.094,68641.0,0.00017,B,11.668970000000002,850234669149932
1774171141094,2026-03-22 09:19:01.094,68642.0,0.00017,B,11.66914,151187462571234
1774171141094,2026-03-22 09:19:01.094,68642.0,0.003,B,205.92600000000002,227213746503640
1774171141094,2026-03-22 09:19:01.094,68642.0,0.00015,B,10.296299999999999,233945579336543
1774171141094,2026-03-22 09:19:01.094,68643.0,0.00017,B,11.669310000000001,391918690224539
1774171141094,2026-03-22 09:19:01.094,68643.0,0.00017,B,11.669310000000001,271792575413192
1774171141094,2026-03-22 09:19:01.094,68644.0,0.00017,B,11.66948,196485568675295
1774171141094,2026-03-22 09:19:01.094,68644.0,0.00018,B,12.355920000000001,795317947861686
1774171141094,2026-03-22 09:19:01.094,68645.0,0.00017,B,11.66965,78277069441356
1774171141094,2026-03-22 09:19:01.094,68646.0,0.00017,B,11.669820000000001,304983053817535
1774171141094,2026-03-22 09:19:01.094,68646.0,0.00376,B,258.10895999999997,942981332102310
1774171141608,2026-03-22 09:19:01.608,68646.0,0.00393,B,269.77878000000004,1017218445497964
1774171142323,2026-03-22 09:19:02.323,68646.0,0.003,B,205.93800000000002,145009036506920
1774171142323,2026-03-22 09:19:02.323,68646.0,0.00017,B,11.669820000000001,497109503394542
1774171142323,2026-03-22 09:19:02.323,68646.0,0.0041,B,281.4486,196766358165101
1774171142625,2026-03-22 09:19:02.625,68647.0,0.00017,B,11.66999,423816997066339
1774171142828,2026-03-22 09:19:02.828,68648.0,0.00017,B,11.670160000000001,110904391044209
1774171142828,2026-03-22 09:19:02.828,68649.0,0.00017,B,11.670330000000002,869944184404389
1774171142828,2026-03-22 09:19:02.828,68649.0,0.00015,B,10.29735,443478506131433
1774171142828,2026-03-22 09:19:02.828,68650.0,0.00017,B,11.6705,443811671024639
1774171142828,2026-03-22 09:19:02.828,68651.0,0.00017,B,11.670670000000001,1026678512043563
1774171142828,2026-03-22 09:19:02.828,68651.0,0.00017,B,11.670670000000001,188218141352005
1774171142828,2026-03-22 09:19:02.828,68651.0,0.003,B,205.953,249797448234853
1774171142828,2026-03-22 09:19:02.828,68652.0,0.00017,B,11.67084,63669062514717
1774171142828,2026-03-22 09:19:02.828,68653.0,0.00017,B,11.67101,154444449851047
1774171142828,2026-03-22 09:19:02.828,68653.0,0.00072,B,49.43016,1103853181702366
1774171142828,2026-03-22 09:19:02.828,68653.0,0.00017,B,11.67101,947364264870722
1774171142828,2026-03-22 09:19:02.828,68654.0,0.00017,B,11.671180000000001,715707774554728
1774171142828,2026-03-22 09:19:02.828,68654.0,0.00017,B,11.671180000000001,8295122717196
1774171142828,2026-03-22 09:19:02.828,68654.0,0.00015,B,10.2981,94767591411083
1774171142828,2026-03-22 09:19:02.828,68655.0,0.00043,B,29.521649999999998,8805648332356
1774171142828,2026-03-22 09:19:02.828,68655.0,0.00017,B,11.67135,514376890645305
1774171142828,2026-03-22 09:19:02.828,68656.0,0.00017,B,11.671520000000001,509397284181021
1774171142828,2026-03-22 09:19:02.828,68656.0,0.003,B,205.96800000000002,378873501041248
1774171142828,2026-03-22 09:19:02.828,68657.0,0.00017,B,11.671690000000002,539337009448312
1774171142828,2026-03-22 09:19:02.828,68657.0,0.00018,B,12.358260000000001,626425270866044
1774171142828,2026-03-22 09:19:02.828,68658.0,0.00017,B,11.67186,995124465118394
1774171142828,2026-03-22 09:19:02.828,68658.0,0.00017,B,11.67186,533289939078593
1774171142828,2026-03-22 09:19:02.828,68659.0,0.00015,B,10.29885,947321509227979
1774171142828,2026-03-22 09:19:02.828,68659.0,0.00017,B,11.672030000000001,857868908002769
1774171142828,2026-03-22 09:19:02.828,68660.0,0.00017,B,11.6722,153858639849473
1774171142828,2026-03-22 09:19:02.828,68660.0,0.02912,B,1999.3792,7483211291155
1774171142828,2026-03-22 09:19:02.828,68661.0,0.00017,B,11.67237,534946209339383
1774171142828,2026-03-22 09:19:02.828,68662.0,0.00017,B,11.672540000000001,844295954984798
1774171142828,2026-03-22 09:19:02.828,68662.0,0.00017,B,11.672540000000001,637855492590377
1774171142828,2026-03-22 09:19:02.828,68663.0,0.01165,B,799.92395,699545944978282
1774171142828,2026-03-22 09:19:02.828,68663.0,0.00017,B,11.67271,28599517939792
1774171142828,2026-03-22 09:19:02.828,68664.0,0.00017,B,11.672880000000001,985881177141319
1774171142828,2026-03-22 09:19:02.828,68665.0,0.00494,B,339.2051,329935964961447
1774171143639,2026-03-22 09:19:03.639,68664.0,0.00073,A,50.124719999999996,99327702648839
1774171144046,2026-03-22 09:19:04.046,68664.0,0.00141,A,96.81624000000001,648009480596990
1774171144851,2026-03-22 09:19:04.851,68664.0,0.00022,A,15.10608,811142256263356
1774171144851,2026-03-22 09:19:04.851,68665.0,0.0003,B,20.5995,870158648557684
1774171145952,2026-03-22 09:19:05.952,68665.0,0.05954,B,4088.3141,995201280343660
1774171146050,2026-03-22 09:19:06.050,68665.0,0.05909,B,4057.4148499999997,484872812557349
1774171147756,2026-03-22 09:19:07.756,68665.0,0.00234,B,160.6761,709107591152063
1774171148275,2026-03-22 09:19:08.275,68665.0,0.00032,B,21.972800000000003,903240198737529
1774171148359,2026-03-22 09:19:08.359,68664.0,0.00322,A,221.09808,195047233248245
1774171148476,2026-03-22 09:19:08.476,68664.0,0.02039,A,1400.0589599999998,443134104866742
1774171148672,2026-03-22 09:19:08.672,68664.0,0.0003,A,20.5992,47279034847943
1774171148787,2026-03-22 09:19:08.787,68664.0,0.0003,A,20.5992,124059985780363
1774171149674,2026-03-22 09:19:09.674,68664.0,0.00234,A,160.67376000000002,718211548583814
1774171150074,2026-03-22 09:19:10.074,68664.0,0.00128,A,87.88992,990892925160533
1774171151377,2026-03-22 09:19:11.377,68664.0,0.00393,A,269.84952000000004,113798116555633
1774171151869,2026-03-22 09:19:11.869,68665.0,0.00017,B,11.673050000000002,292671003742701
1774171151869,2026-03-22 09:19:11.869,68665.0,0.00114,B,78.2781,684881886189132
1774171152175,2026-03-22 09:19:12.175,68666.0,0.00017,B,11.67322,996902520498211
1774171152452,2026-03-22 09:19:12.452,68666.0,0.03045,A,2090.8797,184638454761920
1774171152452,2026-03-22 09:19:12.452,68666.0,0.04218,A,2896.33188,49725925109506
1774171153271,2026-03-22 09:19:13.271,68667.0,0.00146,B,100.25381999999999,64894774027587
1774171153474,2026-03-22 09:19:13.474,68666.0,0.00254,A,174.41164,468489686134286
1774171153878,2026-03-22 09:19:13.878,68668.0,0.00017,B,11.67356,290809995502279
1774171153878,2026-03-22 09:19:13.878,68668.0,0.0002,B,13.733600000000001,303351111258980
1774171154082,2026-03-22 09:19:14.082,68668.0,0.00109,A,74.84812000000001,306918235213925
1774171154082,2026-03-22 09:19:14.082,68668.0,0.00306,A,210.12408,1065565190609208
1774171154481,2026-03-22 09:19:14.481,68669.0,0.00146,B,100.25674,752718422209633
1774171154982,2026-03-22 09:19:14.982,68669.0,0.02425,A,1665.22325,532452851213170
1774171155185,2026-03-22 09:19:15.185,68670.0,0.00017,B,11.673900000000001,550401914970245
1774171155185,2026-03-22 09:19:15.185,68670.0,0.00127,B,87.21090000000001,51931912883792
1774171155293,2026-03-22 09:19:15.293,68669.0,0.00016,A,10.98704,99649335062999
1774171156162,2026-03-22 09:19:16.162,68669.0,0.00647,A,444.28843,903504725171313
1774171156910,2026-03-22 09:19:16.910,68670.0,0.00173,B,118.7991,1009306434157166
1774171156910,2026-03-22 09:19:16.910,68670.0,0.0006,B,41.202,583196178393697
1774171157112,2026-03-22 09:19:17.112,68670.0,0.002,B,137.34,318034733807335
1774171157201,2026-03-22 09:19:17.201,68670.0,0.00254,B,174.42180000000002,485773391359338
1774171157318,2026-03-22 09:19:17.318,68670.0,0.00131,B,89.9577,662284580982792
1774171158083,2026-03-22 09:19:18.083,68669.0,0.0008,A,54.9352,748138957371203
1774171158312,2026-03-22 09:19:18.312,68669.0,0.00233,A,159.99877,324803153896044
1774171158691,2026-03-22 09:19:18.691,68670.0,0.00179,B,122.91929999999999,1070924277934623
1774171159005,2026-03-22 09:19:19.005,68669.0,0.00051,A,35.021190000000004,927782907377797
1774171159058,2026-03-22 09:19:19.058,68669.0,0.0104,A,714.1576,720433079524199
1774171160107,2026-03-22 09:19:20.107,68670.0,0.02088,B,1433.8296,605023678150301
1774171160107,2026-03-22 09:19:20.107,68670.0,0.00017,B,11.673900000000001,767103116618605
1774171160107,2026-03-22 09:19:20.107,68671.0,0.00129,B,88.58559,463041114914961
1774171160107,2026-03-22 09:19:20.107,68671.0,0.00017,B,11.67407,812367906353610
1774171160107,2026-03-22 09:19:20.107,68672.0,0.00017,B,11.674240000000001,378420719353184
1774171160107,2026-03-22 09:19:20.107,68672.0,0.00017,B,11.674240000000001,928728142750317
1774171160107,2026-03-22 09:19:20.107,68673.0,0.00017,B,11.67441,378428971381083
1774171160107,2026-03-22 09:19:20.107,68673.0,0.00018,B,12.36114,870654307919057
1774171160107,2026-03-22 09:19:20.107,68674.0,0.00017,B,11.67458,671613540109706
1774171160107,2026-03-22 09:19:20.107,68674.0,0.01881,B,1291.75794,554357623107185
1774171160348,2026-03-22 09:19:20.348,68674.0,0.00419,B,287.74406,159795396890184
1774171162029,2026-03-22 09:19:22.029,68674.0,0.00017,B,11.67458,214316625075070
1774171162029,2026-03-22 09:19:22.029,68675.0,0.003,B,206.025,134227319631371
1774171162029,2026-03-22 09:19:22.029,68675.0,0.00017,B,11.674750000000001,287617599365407
1774171162160,2026-03-22 09:19:22.160,68676.0,0.00017,B,11.67492,629726661416341
1774171162160,2026-03-22 09:19:22.160,68676.0,0.00017,B,11.67492,298415777089911
1774171162160,2026-03-22 09:19:22.160,68677.0,0.00017,B,11.67509,857007536561402
1774171162160,2026-03-22 09:19:22.160,68678.0,0.00017,B,11.675260000000002,753417328144656
1774171162160,2026-03-22 09:19:22.160,68679.0,0.00017,B,11.67543,95932145824672
1774171162160,2026-03-22 09:19:22.160,68680.0,0.00017,B,11.675600000000001,487860317326113
1774171162160,2026-03-22 09:19:22.160,68680.0,0.00017,B,11.675600000000001,772756566946452
1774171162160,2026-03-22 09:19:22.160,68680.0,0.003,B,206.04,259121248742858
1774171162160,2026-03-22 09:19:22.160,68681.0,0.00017,B,11.67577,551428179111900
1774171162160,2026-03-22 09:19:22.160,68682.0,0.00017,B,11.67594,1088974171598668
1774171162160,2026-03-22 09:19:22.160,68683.0,0.00017,B,11.676110000000001,314173809835134
1774171162160,2026-03-22 09:19:22.160,68683.0,0.00017,B,11.676110000000001,637654604793003
1774171162160,2026-03-22 09:19:22.160,68684.0,0.00017,B,11.67628,31846945438794
1774171162272,2026-03-22 09:19:22.272,68685.0,0.00017,B,11.67645,448859613145988
1774171162914,2026-03-22 09:19:22.914,68686.0,0.00017,B,11.676620000000002,416420239205630
1774171162914,2026-03-22 09:19:22.914,68687.0,0.00017,B,11.67679,455537134640517
1774171162914,2026-03-22 09:19:22.914,68687.0,0.00017,B,11.67679,571526174177702
1774171162914,2026-03-22 09:19:22.914,68687.0,0.01258,B,864.08246,855730641560127
1774171163970,2026-03-22 09:19:23.970,68687.0,0.00419,B,287.79853,1040282629220615
1774171164167,2026-03-22 09:19:24.167,68687.0,0.00179,B,122.94972999999999,671903316523037
1774171164167,2026-03-22 09:19:24.167,68687.0,0.001,B,68.687,996742895920772
1774171164701,2026-03-22 09:19:24.701,68687.0,0.00955,B,655.9608499999999,491086725424326
1774171164701,2026-03-22 09:19:24.701,68687.0,0.00017,B,11.67679,779297386490890
1774171164701,2026-03-22 09:19:24.701,68687.0,0.0002,B,13.737400000000001,933111287910659
1774171164701,2026-03-22 09:19:24.701,68688.0,0.00017,B,11.676960000000001,911703263355209
1774171166987,2026-03-22 09:19:26.987,68689.0,0.00179,B,122.95331,41887180516562
1774171168396,2026-03-22 09:19:28.396,68689.0,0.00247,B,169.66183,382624639489080
1774171168918,2026-03-22 09:19:28.918,68689.0,0.01,B,686.89,176308073200565
1774171170121,2026-03-22 09:19:30.121,68688.0,0.00247,A,169.65936,540072720346045
1774171170203,2026-03-22 09:19:30.203,68689.0,0.00179,B,122.95331,738759256812485
1774171171012,2026-03-22 09:19:31.012,68688.0,0.00238,A,163.47744,1118073366082490
1774171172217,2026-03-22 09:19:32.217,68689.0,0.00236,B,162.10604,235176018972369
1774171173425,2026-03-22 09:19:33.425,68689.0,0.00419,B,287.80691,563016533677919
1774171174029,2026-03-22 09:19:34.029,68687.0,0.00017,A,11.67679,871523627423737
1774171174029,2026-03-22 09:19:34.029,68686.0,0.00015,A,10.3029,693314125240649
1774171174029,2026-03-22 09:19:34.029,68686.0,0.00017,A,11.676620000000002,940877357711827
1774171174029,2026-03-22 09:19:34.029,68685.0,0.00017,A,11.67645,210028409676470
1774171174029,2026-03-22 09:19:34.029,68684.0,0.00017,A,11.67628,685232106749262
1774171174029,2026-03-22 09:19:34.029,68683.0,0.00017,A,11.676110000000001,701762377521075
1774171174029,2026-03-22 09:19:34.029,68682.0,0.00017,A,11.67594,550077252059068
1774171174029,2026-03-22 09:19:34.029,68681.0,0.00025,A,17.17025,396323933735984
1774171175634,2026-03-22 09:19:35.634,68681.0,0.00017,A,11.67577,562721799690893
1774171175634,2026-03-22 09:19:35.634,68680.0,0.0003,A,20.604,1042855646376160
1774171175634,2026-03-22 09:19:35.634,68680.0,0.00017,A,11.675600000000001,74393715719835
1774171175634,2026-03-22 09:19:35.634,68680.0,0.00015,A,10.302,157984558004819
1774171175760,2026-03-22 09:19:35.760,68679.0,0.00017,A,11.67543,615060876951337
1774171175760,2026-03-22 09:19:35.760,68678.0,5e-05,A,3.4339,59322853094928
1774171176580,2026-03-22 09:19:36.580,68679.0,0.00179,B,122.93540999999999,993831126337244
1774171177051,2026-03-22 09:19:37.051,68679.0,0.06029,B,4140.656910000001,523418064550964
1774171177651,2026-03-22 09:19:37.651,68678.0,0.00012,A,8.24136,721830329152629
1774171177651,2026-03-22 09:19:37.651,68677.0,0.00017,A,11.67509,288693189319534
1774171177651,2026-03-22 09:19:37.651,68677.0,0.00015,A,10.301549999999999,513513822990046
1774171177651,2026-03-22 09:19:37.651,68676.0,0.00202,A,138.72552000000002,300030878695021
1774171178058,2026-03-22 09:19:38.058,68677.0,0.00016,B,10.988320000000002,434328772189284
1774171178224,2026-03-22 09:19:38.224,68676.0,0.00098,A,67.30248,707047538574157
1774171178224,2026-03-22 09:19:38.224,68676.0,0.00017,A,11.67492,643193634599167
1774171178224,2026-03-22 09:19:38.224,68676.0,0.0028,A,192.2928,723537363426227
1774171179261,2026-03-22 09:19:39.261,68676.0,0.02971,A,2040.3639600000001,77566527969647
1774171179261,2026-03-22 09:19:39.261,68677.0,0.00032,B,21.976640000000003,232890495570588
1774171179668,2026-03-22 09:19:39.668,68677.0,0.00246,B,168.94541999999998,905207098662071
1774171181053,2026-03-22 09:19:41.053,68676.0,0.00018,A,12.361680000000002,687506881821043
1774171182632,2026-03-22 09:19:42.632,68677.0,0.00016,B,10.988320000000002,829407717347369
1774171183001,2026-03-22 09:19:43.001,68677.0,0.00202,B,138.72754,296408978305505
1774171183001,2026-03-22 09:19:43.001,68677.0,0.00017,B,11.67509,247522613500981
1774171183001,2026-03-22 09:19:43.001,68677.0,0.00712,B,488.98024,978938483424086
1774171183001,2026-03-22 09:19:43.001,68678.0,0.00017,B,11.675260000000002,1108367184961728
1774171183001,2026-03-22 09:19:43.001,68679.0,0.00017,B,11.67543,836042902632388
1774171183001,2026-03-22 09:19:43.001,68680.0,0.00015,B,10.302,790851055379869
1774171183001,2026-03-22 09:19:43.001,68680.0,0.00017,B,11.675600000000001,529258257491934
1774171183001,2026-03-22 09:19:43.001,68681.0,0.00017,B,11.67577,1027361856950375
1774171183001,2026-03-22 09:19:43.001,68682.0,0.003,B,206.046,828650858663078
1774171183001,2026-03-22 09:19:43.001,68682.0,0.00017,B,11.67594,386973766882381
1774171183001,2026-03-22 09:19:43.001,68683.0,0.00017,B,11.676110000000001,754232990957747
1774171183001,2026-03-22 09:19:43.001,68683.0,0.00017,B,11.676110000000001,155648508182289
1774171183001,2026-03-22 09:19:43.001,68684.0,0.00017,B,11.67628,475725365840227
1774171183001,2026-03-22 09:19:43.001,68685.0,0.00017,B,11.67645,106308407482040
1774171183001,2026-03-22 09:19:43.001,68686.0,0.00017,B,11.676620000000002,703522897186780
1774171183001,2026-03-22 09:19:43.001,68687.0,0.00017,B,11.67679,22908707435703
1774171183001,2026-03-22 09:19:43.001,68687.0,0.003,B,206.061,211529615427543
1774171183001,2026-03-22 09:19:43.001,68687.0,0.00017,B,11.67679,1078441841504670
1774171183001,2026-03-22 09:19:43.001,68688.0,0.00017,B,11.676960000000001,143232217790719
1774171183001,2026-03-22 09:19:43.001,68688.0,1.0921,B,75014.1648,695951299306620
1774171183001,2026-03-22 09:19:43.001,68688.0,0.02911,B,1999.50768,531410573263363
1774171183001,2026-03-22 09:19:43.001,68689.0,0.00017,B,11.67713,102231668537875
1774171183001,2026-03-22 09:19:43.001,68690.0,0.00017,B,11.6773,69195373358041
1774171183001,2026-03-22 09:19:43.001,68690.0,0.00015,B,10.3035,277233656701418
1774171183001,2026-03-22 09:19:43.001,68691.0,0.00017,B,11.677470000000001,1116854638842367
1774171183001,2026-03-22 09:19:43.001,68691.0,0.00017,B,11.677470000000001,934732246592145
1774171183001,2026-03-22 09:19:43.001,68692.0,0.00017,B,11.67764,836199569815258
1774171183001,2026-03-22 09:19:43.001,68692.0,0.5096,B,35005.4432,820199679468423
1774171183692,2026-03-22 09:19:43.692,68693.0,0.00022,B,15.11246,321105395482900
1774171183692,2026-03-22 09:19:43.692,68693.0,0.00018,B,12.364740000000001,442866063264091
1774171183692,2026-03-22 09:19:43.692,68693.0,0.00018,B,12.364740000000001,514771299182626
1774171183893,2026-03-22 09:19:43.893,68693.0,0.00146,B,100.29177999999999,1041933113255166
1774171184002,2026-03-22 09:19:44.002,68692.0,0.00416,A,285.75872,150488457412227
1774171184094,2026-03-22 09:19:44.094,68692.0,0.05,A,3434.6000000000004,988426800018798
1774171184094,2026-03-22 09:19:44.094,68692.0,0.01945,A,1336.0593999999999,103097693251920
1774171184202,2026-03-22 09:19:44.202,68692.0,0.00022,A,15.11224,141399936693302
1774171184202,2026-03-22 09:19:44.202,68692.0,0.00022,A,15.11224,984108562543632
1774171184202,2026-03-22 09:19:44.202,68692.0,0.00022,A,15.11224,944953472919579
1774171186200,2026-03-22 09:19:46.200,68693.0,0.00028,B,19.234039999999997,627086779843113
1774171186200,2026-03-22 09:19:46.200,68693.0,0.00724,B,497.33732,598621646996108
1774171186200,2026-03-22 09:19:46.200,68693.0,0.00144,B,98.91792000000001,517669673508948
1774171186509,2026-03-22 09:19:46.509,68693.0,0.00017,B,11.677810000000001,962216772003230
1774171188039,2026-03-22 09:19:48.039,68693.0,0.00247,B,169.67171,611737825406226
1774171189016,2026-03-22 09:19:49.016,68692.0,0.00057,A,39.15444,76286024204069
1774171189631,2026-03-22 09:19:49.631,68691.0,0.00015,A,10.30365,971396444350432
1774171189631,2026-03-22 09:19:49.631,68687.0,0.00232,A,159.35384,707511671809999
1774171189728,2026-03-22 09:19:49.728,68687.0,0.00016,A,10.989920000000001,113448068651408
1774171190254,2026-03-22 09:19:50.254,68687.0,0.00052,A,35.71724,217289073147387
1774171190835,2026-03-22 09:19:50.835,68682.0,0.003,A,206.046,266452909718840
1774171190835,2026-03-22 09:19:50.835,68681.0,0.00283,A,194.36723,491167408443261
1774171192633,2026-03-22 09:19:52.633,68681.0,0.008,A,549.448,24188855910361
1774171194351,2026-03-22 09:19:54.351,68681.0,0.00183,A,125.68623000000001,566406089854896
1774171195359,2026-03-22 09:19:55.359,68682.0,0.00043,B,29.53326,242980407242492
1774171195359,2026-03-22 09:19:55.359,68683.0,0.00017,B,11.676110000000001,821314902387893
1774171195359,2026-03-22 09:19:55.359,68684.0,0.00017,B,11.67628,454526691257088
1774171195359,2026-03-22 09:19:55.359,68685.0,0.00017,B,11.67645,499234065161539
1774171195359,2026-03-22 09:19:55.359,68686.0,0.00017,B,11.676620000000002,46868216582058
1774171195359,2026-03-22 09:19:55.359,68687.0,0.003,B,206.061,251530298343861
1774171195359,2026-03-22 09:19:55.359,68687.0,0.00017,B,11.67679,948192486534623
1774171195359,2026-03-22 09:19:55.359,68687.0,0.00017,B,11.67679,66243224832327
1774171195359,2026-03-22 09:19:55.359,68688.0,0.00017,B,11.676960000000001,93054325278707
1774171195359,2026-03-22 09:19:55.359,68689.0,0.00017,B,11.67713,515896985628299
1774171195359,2026-03-22 09:19:55.359,68690.0,0.00015,B,10.3035,112095356317932
1774171195359,2026-03-22 09:19:55.359,68690.0,0.00017,B,11.6773,339114761728580
1774171195359,2026-03-22 09:19:55.359,68691.0,0.00017,B,11.677470000000001,547670555689993
1774171195359,2026-03-22 09:19:55.359,68691.0,0.00017,B,11.677470000000001,1007951499078478
1774171195556,2026-03-22 09:19:55.556,68691.0,0.00236,A,162.11076,1122014209322752
1774171195922,2026-03-22 09:19:55.922,68692.0,0.00017,B,11.67764,971529296669700
1774171196256,2026-03-22 09:19:56.256,68693.0,0.0162,B,1112.8265999999999,24522219590009
1774171196256,2026-03-22 09:19:56.256,68693.0,0.00017,B,11.677810000000001,662697495026264
1774171196256,2026-03-22 09:19:56.256,68693.0,0.003,B,206.079,306730663821437
1774171196256,2026-03-22 09:19:56.256,68694.0,0.00017,B,11.677980000000002,959162139300554
1774171196256,2026-03-22 09:19:56.256,68694.0,0.00017,B,11.677980000000002,999613730220967
1774171196468,2026-03-22 09:19:56.468,68695.0,0.00017,B,11.67815,997176911892520
1774171197169,2026-03-22 09:19:57.169,68697.0,0.00017,B,11.67849,859293147684073
1774171197169,2026-03-22 09:19:57.169,68698.0,0.00017,B,11.67866,126993780126683
1774171197169,2026-03-22 09:19:57.169,68698.0,0.00017,B,11.67866,154899635937848
1774171197169,2026-03-22 09:19:57.169,68698.0,0.003,B,206.094,599334977540442
1774171197976,2026-03-22 09:19:57.976,68699.0,0.00015,B,10.304849999999998,354509910928492
1774171198375,2026-03-22 09:19:58.375,68698.0,0.00023,A,15.80054,142100624907557
1774171199789,2026-03-22 09:19:59.789,68698.0,0.00688,A,472.64224,28646725168338
1774171199789,2026-03-22 09:19:59.789,68699.0,2e-05,B,1.3739800000000002,40537767491837
1774171199789,2026-03-22 09:19:59.789,68699.0,0.00018,B,12.365820000000001,909378807262754
1774171199789,2026-03-22 09:19:59.789,68699.0,0.09068,B,6229.62532,917740507136084
1774171201081,2026-03-22 09:20:01.081,68697.0,0.00015,A,10.304549999999999,728609072365635
1774171201081,2026-03-22 09:20:01.081,68693.0,0.00223,A,153.18539,259366092660847
1774171201380,2026-03-22 09:20:01.380,68693.0,0.00077,A,52.893609999999995,144738592445987
1774171201380,2026-03-22 09:20:01.380,68692.0,0.00017,A,11.67764,591371950686119
1774171201380,2026-03-22 09:20:01.380,68691.0,0.00017,A,11.677470000000001,908625421203862
1774171201380,2026-03-22 09:20:01.380,68691.0,0.00015,A,10.30365,73732709317588
1774171201380,2026-03-22 09:20:01.380,68690.0,0.00017,A,11.6773,355850319562218
1774171201380,2026-03-22 09:20:01.380,68690.0,0.02132,A,1464.4707999999998,265152518915573
1774171201380,2026-03-22 09:20:01.380,68690.0,0.001,A,68.69,807153724313154
1774171201380,2026-03-22 09:20:01.380,68690.0,0.01929,A,1325.0301000000002,980253740891474
1774171201589,2026-03-22 09:20:01.589,68691.0,0.00043,B,29.537129999999998,450195478098197
1774171202597,2026-03-22 09:20:02.597,68690.0,0.3,B,20607.0,112045582094375
1774171202747,2026-03-22 09:20:02.747,68690.0,0.01297,B,890.9093,470077270600474
1774171203608,2026-03-22 09:20:03.608,68689.0,0.00017,A,11.67713,228718313014428
1774171203608,2026-03-22 09:20:03.608,68688.0,0.00017,A,11.676960000000001,74212863128726
1774171203608,2026-03-22 09:20:03.608,68688.0,0.00017,A,11.676960000000001,388286299382556
1774171203608,2026-03-22 09:20:03.608,68688.0,0.00015,A,10.303199999999999,637075430725798
1774171203608,2026-03-22 09:20:03.608,68687.0,9e-05,A,6.181830000000001,824401832345727
1774171203935,2026-03-22 09:20:03.935,68687.0,8e-05,A,5.494960000000001,801905347442600
1774171203935,2026-03-22 09:20:03.935,68687.0,0.00014,A,9.61618,706333727743179
1774171204401,2026-03-22 09:20:04.401,68689.0,0.00045,B,30.91005,934133157814539
1774171205017,2026-03-22 09:20:05.017,68688.0,0.00142,A,97.53696000000001,886956949502201
1774171206020,2026-03-22 09:20:06.020,68689.0,0.00728,B,500.05592,923695204520573
1774171206762,2026-03-22 09:20:06.762,68688.0,0.05266,A,3617.11008,1083447557314913
1774171207028,2026-03-22 09:20:07.028,68689.0,0.06984,B,4797.23976,781725023928299
1774171208033,2026-03-22 09:20:08.033,68689.0,0.00016,B,10.990240000000002,503526843475537
1774171208235,2026-03-22 09:20:08.235,68689.0,0.00056,B,38.46584,953126562361452
1774171208410,2026-03-22 09:20:08.410,68688.0,0.04331,A,2974.87728,284705307654132
1774171208559,2026-03-22 09:20:08.559,68689.0,0.00128,B,87.92192000000001,145977045202585
1774171209239,2026-03-22 09:20:09.239,68689.0,0.00038,B,26.10182,336519120459432
1774171210149,2026-03-22 09:20:10.149,68689.0,0.0032,B,219.8048,135919019956779
1774171210749,2026-03-22 09:20:10.749,68688.0,0.00045,A,30.909599999999998,691728665188790
1774171211053,2026-03-22 09:20:11.053,68688.0,0.00018,A,12.363840000000001,218492158000933
1774171211550,2026-03-22 09:20:11.550,68689.0,0.00022,B,15.11158,149607339386387
1774171211860,2026-03-22 09:20:11.860,68688.0,0.01436,A,986.3596799999999,787989924223740
1774171213067,2026-03-22 09:20:13.067,68689.0,0.00893,B,613.39277,871906081807094
1774171213805,2026-03-22 09:20:13.805,68688.0,1e-05,A,0.68688,286129904649610
1774171214078,2026-03-22 09:20:14.078,68688.0,0.00416,A,285.74208,313732136976609
1774171214279,2026-03-22 09:20:14.279,68688.0,0.0023,A,157.98239999999998,82058489839051
1774171214580,2026-03-22 09:20:14.580,68688.0,0.00728,A,500.04864,147637171614233
1774171215085,2026-03-22 09:20:15.085,68689.0,0.07658,B,5260.203619999999,598147038881851
1774171215180,2026-03-22 09:20:15.180,68688.0,0.00028,A,19.23264,1086886057886301
1774171215713,2026-03-22 09:20:15.713,68688.0,0.00029,A,19.91952,352826240492348
1774171215915,2026-03-22 09:20:15.915,68688.0,0.0003,A,20.606399999999997,170783228803552
1774171218101,2026-03-22 09:20:18.101,68688.0,0.00291,A,199.88208,1095183423860731
1774171219099,2026-03-22 09:20:19.099,68687.0,0.00017,A,11.67679,788463227027556
1774171219099,2026-03-22 09:20:19.099,68687.0,0.00035,A,24.04045,652219771083712
1774171219849,2026-03-22 09:20:19.849,68688.0,0.00087,B,59.75856,323025064137509
1774171219910,2026-03-22 09:20:19.910,68688.0,0.08538,B,5864.58144,810524559374012
1774171219910,2026-03-22 09:20:19.910,68688.0,0.26523,B,18218.11824,607118344379335
1774171219910,2026-03-22 09:20:19.910,68688.0,0.04939,B,3392.50032,377862909029090
1774171221674,2026-03-22 09:20:21.674,68688.0,0.0207,B,1421.8416,968269768511500
1774171223675,2026-03-22 09:20:23.675,68688.0,0.00017,B,11.676960000000001,885588219613064
1774171223675,2026-03-22 09:20:23.675,68689.0,0.00017,B,11.67713,138260051201824
1774171223675,2026-03-22 09:20:23.675,68689.0,0.00015,B,10.303349999999998,492784930839698
1774171223675,2026-03-22 09:20:23.675,68690.0,0.00017,B,11.6773,242745712986952
1774171223675,2026-03-22 09:20:23.675,68691.0,0.00017,B,11.677470000000001,1087346918907119
1774171223675,2026-03-22 09:20:23.675,68692.0,0.00017,B,11.67764,157530937825023
1774171223675,2026-03-22 09:20:23.675,68693.0,0.00017,B,11.677810000000001,556164853322926
1774171223675,2026-03-22 09:20:23.675,68694.0,0.00017,B,11.677980000000002,236948748916146
1774171223675,2026-03-22 09:20:23.675,68694.0,0.00017,B,11.677980000000002,528532733288633
1774171223675,2026-03-22 09:20:23.675,68695.0,0.00017,B,11.67815,610043868912055
1774171223675,2026-03-22 09:20:23.675,68695.0,0.003,B,206.085,946097974217952
1774171223675,2026-03-22 09:20:23.675,68695.0,0.00012,B,8.2434,592408826150302
1774171224097,2026-03-22 09:20:24.097,68696.0,0.00017,B,11.678320000000001,990872524432466
1774171224463,2026-03-22 09:20:24.463,68697.0,0.00017,B,11.67849,482807497910330
1774171224463,2026-03-22 09:20:24.463,68698.0,0.00017,B,11.67866,807299787573184
1774171224463,2026-03-22 09:20:24.463,68698.0,0.00017,B,11.67866,609590416440236
1774171225708,2026-03-22 09:20:25.708,68699.0,0.00017,B,11.678830000000001,803603915227266
1774171225708,2026-03-22 09:20:25.708,68700.0,0.00015,B,10.305,650202385416626
1774171225708,2026-03-22 09:20:25.708,68700.0,0.00017,B,11.679,676000122343461
1774171225708,2026-03-22 09:20:25.708,68700.0,0.003,B,206.1,11644013475972
1774171225921,2026-03-22 09:20:25.921,68701.0,0.00017,B,11.679170000000001,794413181382535
1774171225921,2026-03-22 09:20:25.921,68702.0,0.00017,B,11.679340000000002,102142509292640
1774171225921,2026-03-22 09:20:25.921,68702.0,0.00017,B,11.679340000000002,67251610044165
1774171225921,2026-03-22 09:20:25.921,68702.0,0.00015,B,10.305299999999999,459745996292566
1774171225921,2026-03-22 09:20:25.921,68703.0,0.00017,B,11.67951,21072853457055
1774171226362,2026-03-22 09:20:26.362,68704.0,0.00017,B,11.679680000000001,401343386115854
1774171226362,2026-03-22 09:20:26.362,68705.0,0.00016,B,10.9928,890096212907977
1774171226362,2026-03-22 09:20:26.362,68705.0,0.00017,B,11.67985,145432179278628
1774171226362,2026-03-22 09:20:26.362,68705.0,0.00022,B,15.1151,236405737617228
1774171226362,2026-03-22 09:20:26.362,68705.0,0.003,B,206.115,623352561894621
1774171226362,2026-03-22 09:20:26.362,68706.0,0.00017,B,11.68002,636509945923014
1774171226362,2026-03-22 09:20:26.362,68707.0,0.00017,B,11.680190000000001,1077765480034867
1774171226362,2026-03-22 09:20:26.362,68708.0,0.00017,B,11.68036,857813740643099
1774171226362,2026-03-22 09:20:26.362,68709.0,0.00016,B,10.993440000000001,332604713298558
1774171226362,2026-03-22 09:20:26.362,68709.0,0.00017,B,11.680530000000001,1061997284261136
1774171226362,2026-03-22 09:20:26.362,68709.0,0.003,B,206.127,596706729661608
1774171226362,2026-03-22 09:20:26.362,68709.0,0.00332,B,228.11388,3060110778752
1774171227555,2026-03-22 09:20:27.555,68708.0,0.00145,A,99.6266,888099753876141
1774171227757,2026-03-22 09:20:27.757,68708.0,0.08852,A,6082.03216,78059020018586
1774171227757,2026-03-22 09:20:27.757,68709.0,0.0003,B,20.612699999999997,364286239416919
1774171228177,2026-03-22 09:20:28.177,68709.0,0.02548,B,1750.70532,550646772144019
1774171228177,2026-03-22 09:20:28.177,68709.0,0.003,B,206.127,948487058118855
1774171228177,2026-03-22 09:20:28.177,68709.0,0.00017,B,11.680530000000001,1110582327625930
1774171228177,2026-03-22 09:20:28.177,68710.0,0.00017,B,11.680700000000002,1023184038696366
1774171228177,2026-03-22 09:20:28.177,68711.0,0.00017,B,11.68087,413144985386287
1774171228177,2026-03-22 09:20:28.177,68712.0,0.00017,B,11.681040000000001,150677496346929
1774171228177,2026-03-22 09:20:28.177,68712.0,0.00018,B,12.368160000000001,1096498171692289
1774171228177,2026-03-22 09:20:28.177,68712.0,0.02889,B,1985.08968,381478586403821
1774171229184,2026-03-22 09:20:29.184,68712.0,0.08654,B,5946.336480000001,74805747134688
1774171229379,2026-03-22 09:20:29.379,68711.0,0.00371,A,254.91781,853273974624337
1774171229787,2026-03-22 09:20:29.787,68711.0,0.05237,A,3598.39507,574388505743808
1774171229988,2026-03-22 09:20:29.988,68711.0,0.01,A,687.11,271543289439133
1774171231072,2026-03-22 09:20:31.072,68711.0,0.00237,A,162.84507000000002,248449764901230
1774171231350,2026-03-22 09:20:31.350,68711.0,0.00016,A,10.993760000000002,695457903640498
1774171232366,2026-03-22 09:20:32.366,68711.0,0.01718,A,1180.45498,1012082022922906
1774171232720,2026-03-22 09:20:32.720,68712.0,0.00017,B,11.681040000000001,1120914054814151
1774171232806,2026-03-22 09:20:32.806,68713.0,0.00016,B,10.99408,564093545998737
1774171232806,2026-03-22 09:20:32.806,68713.0,0.00017,B,11.68121,71129249927594
1774171232806,2026-03-22 09:20:32.806,68714.0,0.00017,B,11.68138,1030743677896571
1774171232806,2026-03-22 09:20:32.806,68715.0,0.00017,B,11.681550000000001,245673240964852
1774171232806,2026-03-22 09:20:32.806,68716.0,0.00016,B,10.994560000000002,241938130885363
1774171232806,2026-03-22 09:20:32.806,68716.0,0.001,B,68.71600000000001,969139377728701
1774171232806,2026-03-22 09:20:32.806,68716.0,0.00017,B,11.68172,171500686516608
1774171232806,2026-03-22 09:20:32.806,68716.0,0.00015,B,10.3074,818213190294685
1774171232806,2026-03-22 09:20:32.806,68717.0,0.00015,B,10.307549999999999,899846577043180
1774171233147,2026-03-22 09:20:33.147,68717.0,2e-05,B,1.3743400000000001,542853063503726
1774171233147,2026-03-22 09:20:33.147,68718.0,0.00017,B,11.682060000000002,533010592749834
1774171233147,2026-03-22 09:20:33.147,68719.0,0.00017,B,11.68223,315819797100371
1774171233147,2026-03-22 09:20:33.147,68719.0,0.003,B,206.157,818935399024776
1774171233147,2026-03-22 09:20:33.147,68719.0,0.00249,B,171.11031,197985022971061
1774171233304,2026-03-22 09:20:33.304,68719.0,0.00718,B,493.40242,56127529088624
1774171233361,2026-03-22 09:20:33.361,68719.0,0.001,B,68.71900000000001,676170740398991
1774171233953,2026-03-22 09:20:33.953,68718.0,0.00029,A,19.92822,879124907063716
1774171234155,2026-03-22 09:20:34.155,68719.0,0.00017,B,11.68223,410408098708846
1774171234155,2026-03-22 09:20:34.155,68720.0,0.00016,B,10.9952,1019710067012226
1774171234155,2026-03-22 09:20:34.155,68720.0,0.00035,B,24.052,355947442865095
1774171234155,2026-03-22 09:20:34.155,68720.0,0.00017,B,11.682400000000001,681246114823069
1774171234217,2026-03-22 09:20:34.217,68721.0,0.00015,B,10.30815,988035723492857
1774171234217,2026-03-22 09:20:34.217,68721.0,2e-05,B,1.3744200000000002,202493286804731
1774171234398,2026-03-22 09:20:34.398,68722.0,0.00017,B,11.68274,1121369746529314
1774171234398,2026-03-22 09:20:34.398,68722.0,0.003,B,206.166,883000771648411
1774171234398,2026-03-22 09:20:34.398,68723.0,0.00016,B,10.99568,1118120060902413
1774171234398,2026-03-22 09:20:34.398,68723.0,0.00017,B,11.682910000000001,341513193755970
1774171234398,2026-03-22 09:20:34.398,68724.0,0.00017,B,11.68308,708472620580234
1774171234398,2026-03-22 09:20:34.398,68725.0,0.00017,B,11.683250000000001,480362467319160
1774171234398,2026-03-22 09:20:34.398,68726.0,0.00017,B,11.683420000000002,16896526204375
1774171234988,2026-03-22 09:20:34.988,68727.0,0.00016,B,10.99632,698069953022087
1774171234988,2026-03-22 09:20:34.988,68727.0,0.00017,B,11.68359,614099390047955
1774171234988,2026-03-22 09:20:34.988,68727.0,0.003,B,206.181,575668402662481
1774171234988,2026-03-22 09:20:34.988,68728.0,0.00015,B,10.309199999999999,661655239361786
1774171234988,2026-03-22 09:20:34.988,68728.0,0.00018,B,12.37104,1118419681715948
1774171234988,2026-03-22 09:20:34.988,68728.0,0.00017,B,11.683760000000001,396322535727936
1774171234988,2026-03-22 09:20:34.988,68729.0,0.00017,B,11.68393,223216475990811
1774171234988,2026-03-22 09:20:34.988,68729.0,0.003,B,206.187,802313493902983
1774171234988,2026-03-22 09:20:34.988,68730.0,0.00017,B,11.6841,270351911103037
1774171234988,2026-03-22 09:20:34.988,68730.0,0.00017,B,11.6841,707452825355818
1774171234988,2026-03-22 09:20:34.988,68731.0,0.00016,B,10.996960000000001,1104299416827473
1774171234988,2026-03-22 09:20:34.988,68731.0,0.00017,B,11.684270000000001,333662230362879
1774171234988,2026-03-22 09:20:34.988,68731.0,0.00018,B,12.371580000000002,85397662103866
1774171234988,2026-03-22 09:20:34.988,68731.0,0.00015,B,10.30965,562459366076390
1774171234988,2026-03-22 09:20:34.988,68731.0,0.00363,B,249.49353,127452075511091
1774171235108,2026-03-22 09:20:35.108,68725.0,0.00142,A,97.5895,722072074191834
1774171235170,2026-03-22 09:20:35.170,68731.0,0.01137,B,781.47147,86832186462976
1774171235622,2026-03-22 09:20:35.622,68731.0,0.01409,B,968.41979,914204345037086
1774171235622,2026-03-22 09:20:35.622,68731.0,0.00017,B,11.684270000000001,980708615130336
1774171237036,2026-03-22 09:20:37.036,68733.0,0.00017,B,11.684610000000001,513315464749668
1774171237036,2026-03-22 09:20:37.036,68733.0,0.0643,B,4419.5319,53917261160955
1774171237952,2026-03-22 09:20:37.952,68733.0,0.0014,B,96.2262,287122579674788
1774171238034,2026-03-22 09:20:38.034,68733.0,0.00016,B,10.997280000000002,537107909291524
1774171238351,2026-03-22 09:20:38.351,68733.0,0.00017,B,11.684610000000001,585511395880557
1774171238351,2026-03-22 09:20:38.351,68734.0,0.00017,B,11.684780000000002,101751818021846
1774171238351,2026-03-22 09:20:38.351,68734.0,1e-05,B,0.6873400000000001,217184299810479
1774171238996,2026-03-22 09:20:38.996,68735.0,0.00017,B,11.68495,907840209263404
1774171238996,2026-03-22 09:20:38.996,68736.0,0.00017,B,11.685120000000001,369683081136626
1774171239200,2026-03-22 09:20:39.200,68737.0,0.00017,B,11.68529,732780494007332
1774171239200,2026-03-22 09:20:39.200,68738.0,0.00017,B,11.68546,531861247113803
1774171239200,2026-03-22 09:20:39.200,68738.0,0.00017,B,11.68546,569952266600622
1774171239531,2026-03-22 09:20:39.531,68739.0,1e-05,B,0.6873900000000001,1001310615619147
1774171240550,2026-03-22 09:20:40.550,68738.0,0.00094,A,64.61372,377053078204433
1774171240550,2026-03-22 09:20:40.550,68738.0,0.00634,A,435.79892,57979476368457
1774171240627,2026-03-22 09:20:40.627,68739.0,0.00016,B,10.998240000000001,300263319915598
1774171240627,2026-03-22 09:20:40.627,68739.0,0.02351,B,1616.05389,26767778316008
1774171241030,2026-03-22 09:20:41.030,68739.0,2e-05,A,1.3747800000000001,377980414202758
1774171241030,2026-03-22 09:20:41.030,68739.0,0.00015,A,10.310849999999999,127134056182624
1774171241172,2026-03-22 09:20:41.172,68740.0,0.0003,B,20.622,1067667961286227
1774171241172,2026-03-22 09:20:41.172,68740.0,0.0003,B,20.622,1105731816065279
1774171241172,2026-03-22 09:20:41.172,68740.0,0.00301,B,206.9074,1034069652925272
1774171242368,2026-03-22 09:20:42.368,68740.0,0.01454,B,999.4796,1028857924525195
1774171243286,2026-03-22 09:20:43.286,68739.0,0.00229,A,157.41231,385169450999519
1774171243286,2026-03-22 09:20:43.286,68739.0,0.0023,A,158.09969999999998,621101322327558
1774171244029,2026-03-22 09:20:44.029,68739.0,0.00416,A,285.95423999999997,704767187895180
1774171246942,2026-03-22 09:20:46.942,68739.0,0.00102,A,70.11378,598313146418830
1774171246942,2026-03-22 09:20:46.942,68739.0,0.00102,A,70.11378,542516122438287
1774171246942,2026-03-22 09:20:46.942,68739.0,0.00087,A,59.80293,105394986225814
1774171247346,2026-03-22 09:20:47.346,68739.0,0.00204,A,140.22756,635176478370254
1774171247469,2026-03-22 09:20:47.469,68739.0,0.00204,A,140.22756,389736876444736
1774171247661,2026-03-22 09:20:47.661,68739.0,0.0007,A,48.1173,764340617891037
1774171248887,2026-03-22 09:20:48.887,68739.0,0.00029,A,19.93431,600457687880487
1774171249064,2026-03-22 09:20:49.064,68739.0,0.00054,A,37.11906,1066118672881741
1774171249680,2026-03-22 09:20:49.680,68740.0,0.01154,B,793.2596,317633910174368
1774171249680,2026-03-22 09:20:49.680,68740.0,0.00017,B,11.6858,192310757059090
1774171249680,2026-03-22 09:20:49.680,68740.0,0.04862,B,3342.1387999999997,395310411921619
1774171250982,2026-03-22 09:20:50.982,68739.0,0.01718,A,1180.93602,976083076027671
1774171251045,2026-03-22 09:20:51.045,68740.0,0.00407,B,279.7718,418960591129977
1774171251045,2026-03-22 09:20:51.045,68740.0,0.02915,B,2003.771,743366782480168
1774171251887,2026-03-22 09:20:51.887,68740.0,0.01583,B,1088.1542,371309018676841
1774171251887,2026-03-22 09:20:51.887,68740.0,0.02347,B,1613.3278,410077806842002
1774171252205,2026-03-22 09:20:52.205,68740.0,0.00018,B,12.3732,430674471120692
1774171252255,2026-03-22 09:20:52.255,68739.0,0.00096,A,65.98944,809902292159855
1774171252807,2026-03-22 09:20:52.807,68739.0,6e-05,A,4.12434,65490472732788
1774171254129,2026-03-22 09:20:54.129,68739.0,0.03695,A,2539.9060499999996,648840242325087
1774171255014,2026-03-22 09:20:55.014,68740.0,0.05,B,3437.0,443413699060264
1774171255331,2026-03-22 09:20:55.331,68739.0,0.00096,A,65.98944,683982792087523
1774171258937,2026-03-22 09:20:58.937,68740.0,0.00097,B,66.6778,229910812930043
1774171259490,2026-03-22 09:20:59.490,68740.0,6e-05,B,4.1244000000000005,282783418566383
1774171259846,2026-03-22 09:20:59.846,68739.0,0.00096,A,65.98944,332917769262621
1774171260483,2026-03-22 09:21:00.483,68740.0,0.2598,B,17858.652,676202371839851
1774171260483,2026-03-22 09:21:00.483,68740.0,0.18372,B,12628.9128,770099616601530
1774171260483,2026-03-22 09:21:00.483,68740.0,0.00018,B,12.3732,266083282166623
1774171260483,2026-03-22 09:21:00.483,68740.0,0.5,B,34370.0,391274767275652
1774171260483,2026-03-22 09:21:00.483,68740.0,0.02909,B,1999.6466,727715856128764
1774171260483,2026-03-22 09:21:00.483,68740.0,0.00017,B,11.6858,531396268464390
1774171260483,2026-03-22 09:21:00.483,68740.0,0.06922,B,4758.1828000000005,513495470001324
1774171260483,2026-03-22 09:21:00.483,68740.0,0.06837,B,4699.7538,766949368691840
1774171260483,2026-03-22 09:21:00.483,68740.0,0.07543,B,5185.0581999999995,843496747235924
1774171260483,2026-03-22 09:21:00.483,68740.0,0.00476,B,327.2024,1013205218550270
1774171260483,2026-03-22 09:21:00.483,68740.0,0.374,B,25708.76,41520963201513
1774171260483,2026-03-22 09:21:00.483,68740.0,0.3378,B,23220.372,251694219309639
1774171260483,2026-03-22 09:21:00.483,68740.0,0.05022,B,3452.1228,650007921422543
1774171261024,2026-03-22 09:21:01.024,68739.0,0.00238,A,163.59882000000002,33007782886385
1774171261144,2026-03-22 09:21:01.144,68739.0,0.00278,A,191.09441999999999,43597162737410
1774171261546,2026-03-22 09:21:01.546,68740.0,0.02187,B,1503.3438,527113568768872
1774171261546,2026-03-22 09:21:01.546,68740.0,0.07424,B,5103.2576,839489340453469
1774171261546,2026-03-22 09:21:01.546,68740.0,0.00153,B,105.17219999999999,1050010431382092
1774171263092,2026-03-22 09:21:03.092,68739.0,0.00096,A,65.98944,835641969728125
1774171264060,2026-03-22 09:21:04.060,68739.0,0.00142,A,97.60938,412770707161857
1774171267098,2026-03-22 09:21:07.098,68740.0,0.04894,B,3364.1355999999996,27039053517363
1774171267799,2026-03-22 09:21:07.799,68739.0,0.00096,A,65.98944,142612300415251
1774171268066,2026-03-22 09:21:08.066,68740.0,0.00016,B,10.9984,113719487268856
1774171268120,2026-03-22 09:21:08.120,68740.0,0.00236,B,162.2264,1002382124383145
1774171268403,2026-03-22 09:21:08.403,68740.0,0.00026,B,17.8724,469424568892435
1774171268718,2026-03-22 09:21:08.718,68739.0,0.00614,A,422.05746,999384996935593
1774171268718,2026-03-22 09:21:08.718,68739.0,0.00609,A,418.62050999999997,345221840185983
1774171270619,2026-03-22 09:21:10.619,68739.0,0.00096,A,65.98944,1090361645316222
1774171271011,2026-03-22 09:21:11.011,68739.0,0.00017,A,11.685630000000002,536275128422769
1774171272822,2026-03-22 09:21:12.822,68739.0,0.00257,A,176.65922999999998,889491170820836
1774171272933,2026-03-22 09:21:12.933,68739.0,0.00258,A,177.34662,432396243556816
1774171274029,2026-03-22 09:21:14.029,68739.0,0.00416,A,285.95423999999997,25153473444446
1774171275081,2026-03-22 09:21:15.081,68739.0,0.00096,A,65.98944,540469752672663
1774171276836,2026-03-22 09:21:16.836,68739.0,0.00145,A,99.67155,1014711057823136
1774171276954,2026-03-22 09:21:16.954,68739.0,0.00147,A,101.04633,580683226138355
1774171278473,2026-03-22 09:21:18.473,68740.0,0.00026,B,17.8724,6784785376567
1774171278590,2026-03-22 09:21:18.590,68739.0,0.00096,A,65.98944,841551359380851
1774171279072,2026-03-22 09:21:19.072,68739.0,0.00055,A,37.806450000000005,216046958670884
1774171279614,2026-03-22 09:21:19.614,68740.0,0.00017,B,11.6858,294872220874184
1774171279614,2026-03-22 09:21:19.614,68741.0,0.00017,B,11.685970000000001,47960078032033
1774171279614,2026-03-22 09:21:19.614,68742.0,0.00017,B,11.68614,233937112985862
1774171279614,2026-03-22 09:21:19.614,68742.0,9e-05,B,6.186780000000001,500452616238073
1774171279708,2026-03-22 09:21:19.708,68742.0,8e-05,B,5.49936,141473201448056
1774171279708,2026-03-22 09:21:19.708,68742.0,0.00015,B,10.3113,47720674644462
1774171280308,2026-03-22 09:21:20.308,68743.0,0.00015,B,10.311449999999999,522008271259570
1774171280308,2026-03-22 09:21:20.308,68743.0,0.00017,B,11.68631,712483354354878
1774171280308,2026-03-22 09:21:20.308,68744.0,0.00017,B,11.686480000000001,549757484939314
1774171280308,2026-03-22 09:21:20.308,68745.0,0.00016,B,10.9992,1084116392038421
1774171280308,2026-03-22 09:21:20.308,68745.0,0.00046,B,31.622700000000002,902792443964199
1774171280308,2026-03-22 09:21:20.308,68745.0,0.00017,B,11.68665,490119330096402
1774171280308,2026-03-22 09:21:20.308,68746.0,0.00017,B,11.68682,417320018945600
1774171280308,2026-03-22 09:21:20.308,68747.0,0.00017,B,11.686990000000002,791550210421015
1774171280308,2026-03-22 09:21:20.308,68748.0,0.00017,B,11.68716,207209239701476
1774171280308,2026-03-22 09:21:20.308,68749.0,0.00017,B,11.687330000000001,407713004390641
1774171280308,2026-03-22 09:21:20.308,68749.0,0.00017,B,11.687330000000001,689021789870104
1774171280308,2026-03-22 09:21:20.308,68749.0,0.003,B,206.247,376208334397619
1774171280308,2026-03-22 09:21:20.308,68749.0,0.00035,B,24.06215,813706593881720
1774171280308,2026-03-22 09:21:20.308,68750.0,0.00017,B,11.6875,973982885824542
1774171280308,2026-03-22 09:21:20.308,68750.0,0.003,B,206.25,92206090800715
1774171280308,2026-03-22 09:21:20.308,68751.0,0.00017,B,11.68767,213031920561807
1774171280308,2026-03-22 09:21:20.308,68751.0,0.00015,B,10.31265,438697092311426
1774171280308,2026-03-22 09:21:20.308,68751.0,0.00017,B,11.68767,105217947962908
1774171280308,2026-03-22 09:21:20.308,68751.0,0.00364,B,250.25364,845551183871621
1774171281216,2026-03-22 09:21:21.216,68750.0,0.03637,A,2500.4375,1036499922423641
1774171282216,2026-03-22 09:21:22.216,68751.0,0.02545,B,1749.71295,1011750357818833
1774171282216,2026-03-22 09:21:22.216,68751.0,0.00017,B,11.68767,605089232745554
1774171282216,2026-03-22 09:21:22.216,68752.0,0.00017,B,11.687840000000001,290166878423237
1774171282216,2026-03-22 09:21:22.216,68753.0,0.00017,B,11.68801,424658342975042
1774171282216,2026-03-22 09:21:22.216,68753.0,0.00018,B,12.37554,821631197355790
1774171282216,2026-03-22 09:21:22.216,68753.0,0.003,B,206.25900000000001,1003207432516048
1774171282216,2026-03-22 09:21:22.216,68754.0,0.00017,B,11.688180000000001,185577524794390
1774171282216,2026-03-22 09:21:22.216,68754.0,0.01017,B,699.2281800000001,11836398929488
1774171282216,2026-03-22 09:21:22.216,68754.0,0.05665,B,3894.9141,281102138863343
1774171282216,2026-03-22 09:21:22.216,68755.0,0.00015,B,10.313249999999998,704385255441075
1774171282216,2026-03-22 09:21:22.216,68755.0,0.00017,B,11.688350000000002,190317154546287
1774171282216,2026-03-22 09:21:22.216,68755.0,0.04071,B,2799.01605,70996002061208
1774171282216,2026-03-22 09:21:22.216,68755.0,0.03159,B,2171.97045,124359253889713
1774171282216,2026-03-22 09:21:22.216,68756.0,0.003,B,206.268,406132342119144
1774171282216,2026-03-22 09:21:22.216,68756.0,0.00017,B,11.68852,639336825718937
1774171282216,2026-03-22 09:21:22.216,68756.0,0.00441,B,303.21396,899424248813946
1774171282216,2026-03-22 09:21:22.216,68756.0,0.00017,B,11.68852,806251643916399
1774171282216,2026-03-22 09:21:22.216,68756.0,0.00022,B,15.12632,382768795355949
1774171282216,2026-03-22 09:21:22.216,68756.0,0.07328,B,5038.4396799999995,108755628029919
1774171282721,2026-03-22 09:21:22.721,68756.0,0.0555,B,3815.958,1043969685257069
1774171283123,2026-03-22 09:21:23.123,68756.0,0.008,B,550.048,436950547023951
1774171283293,2026-03-22 09:21:23.293,68755.0,0.00096,A,66.0048,307948205388756
1774171283520,2026-03-22 09:21:23.520,68755.0,0.02145,A,1474.79475,447625007569246
1774171283627,2026-03-22 09:21:23.627,68755.0,0.00031,A,21.31405,973341220434743
1774171283828,2026-03-22 09:21:23.828,68755.0,0.02169,A,1491.2959500000002,723849190470030
1774171284129,2026-03-22 09:21:24.129,68755.0,0.00018,A,12.375900000000001,897204486069360
1774171284927,2026-03-22 09:21:24.927,68756.0,0.00101,B,69.44356,110304833921203
1774171287837,2026-03-22 09:21:27.837,68755.0,0.0078,A,536.289,633772820893686
1774171287947,2026-03-22 09:21:27.947,68755.0,0.00783,A,538.3516500000001,474795709783905
1774171287947,2026-03-22 09:21:27.947,68755.0,0.00096,A,66.0048,801837019339742
1774171288515,2026-03-22 09:21:28.515,68756.0,0.00895,B,615.3661999999999,909570583892442
1774171291048,2026-03-22 09:21:31.048,68755.0,0.00238,A,163.63690000000003,590782393065957
1774171291331,2026-03-22 09:21:31.331,68755.0,0.03103,A,2133.46765,85249673411607
1774171291331,2026-03-22 09:21:31.331,68755.0,0.00957,A,657.98535,981624213623365
1774171291848,2026-03-22 09:21:31.848,68755.0,0.00702,A,482.6601,623656417803942
1774171291848,2026-03-22 09:21:31.848,68755.0,0.0243,A,1670.7465,407791944437654
1774171294070,2026-03-22 09:21:34.070,68751.0,0.00141,A,96.93891,960710964458396
1774171295423,2026-03-22 09:21:35.423,68751.0,0.00087,A,59.81337,403879941677732
1774171296100,2026-03-22 09:21:36.100,68752.0,0.02181,B,1499.48112,472734632585435
1774171296100,2026-03-22 09:21:36.100,68752.0,0.03908,B,2686.8281599999996,130437883412436
1774171296297,2026-03-22 09:21:36.297,68751.0,0.00015,A,10.31265,195610283739789
1774171297241,2026-03-22 09:21:37.241,68751.0,0.00022,A,15.12522,210372269662821
1774171298002,2026-03-22 09:21:38.002,68752.0,0.00016,B,11.00032,551832692828658
1774171298373,2026-03-22 09:21:38.373,68752.0,0.00033,B,22.68816,1022473294381351
1774171298602,2026-03-22 09:21:38.602,68751.0,0.00018,A,12.37518,102501187329951
1774171300513,2026-03-22 09:21:40.513,68751.0,0.00102,A,70.12602000000001,1069659254491519
1774171301089,2026-03-22 09:21:41.089,68751.0,0.00017,A,11.68767,442995420900172
1774171301969,2026-03-22 09:21:41.969,68752.0,0.001,B,68.752,19820730414984
1774171304023,2026-03-22 09:21:44.023,68751.0,0.00415,A,285.31665,569811982672223
1774171309082,2026-03-22 09:21:49.082,68751.0,0.00036,A,24.75036,1006756863820092
1774171314467,2026-03-22 09:21:54.467,68752.0,0.0207,B,1423.1664,142010234093996
1774171318994,2026-03-22 09:21:58.994,68751.0,0.00581,A,399.44331,299962280195545
1774171321016,2026-03-22 09:22:01.016,68751.0,0.00238,A,163.62738000000002,456927598343407
1774171321680,2026-03-22 09:22:01.680,68752.0,0.10046,B,6906.825919999999,794125571986727
1774171321680,2026-03-22 09:22:01.680,68752.0,0.07367,B,5064.9598399999995,26015710518402
1774171321680,2026-03-22 09:22:01.680,68752.0,0.02909,B,1999.99568,881347924723977
1774171321680,2026-03-22 09:22:01.680,68752.0,0.00017,B,11.687840000000001,28544110873268
1774171321680,2026-03-22 09:22:01.680,68752.0,0.06597,B,4535.56944,1077672761986536
1774171321680,2026-03-22 09:22:01.680,68752.0,0.04926,B,3386.72352,899275934601007
1774171323548,2026-03-22 09:22:03.548,68751.0,0.17782,A,12225.30282,479814679242351
1774171324073,2026-03-22 09:22:04.073,68751.0,0.00142,A,97.62642,1125047802414443
1774171326341,2026-03-22 09:22:06.341,68752.0,0.00125,B,85.94,1026370704582391
1774171327097,2026-03-22 09:22:07.097,68752.0,0.0579,B,3980.7408,1000306496647905
1774171328092,2026-03-22 09:22:08.092,68752.0,0.00016,B,11.00032,772253407208408
1774171328565,2026-03-22 09:22:08.565,68752.0,0.00031,B,21.31312,154375775098832
1774171330375,2026-03-22 09:22:10.375,68751.0,0.00034,A,23.37534,265002355901202
1774171330976,2026-03-22 09:22:10.976,68751.0,0.00029,A,19.93779,211565897925607
1774171333568,2026-03-22 09:22:13.568,68752.0,0.00072,B,49.50144,158572122583941
1774171333787,2026-03-22 09:22:13.787,68752.0,0.00936,B,643.51872,423996410390108
1774171333787,2026-03-22 09:22:13.787,68752.0,0.29064,B,19982.081280000002,616358321048388
1774171334032,2026-03-22 09:22:14.032,68751.0,0.00416,A,286.00415999999996,903538870233325
1774171335298,2026-03-22 09:22:15.298,68752.0,0.00015,B,10.3128,793456077552977
1774171339010,2026-03-22 09:22:19.010,68751.0,0.00055,A,37.813050000000004,962892057418543
1774171343754,2026-03-22 09:22:23.754,68751.0,0.00145,A,99.68894999999999,920275171189719
1774171344845,2026-03-22 09:22:24.845,68752.0,0.00436,B,299.75872000000004,532165708608094
1774171346828,2026-03-22 09:22:26.828,68752.0,0.00032,B,22.00064,364704749247964
1774171351013,2026-03-22 09:22:31.013,68751.0,0.00238,A,163.62738000000002,801923291516114
1774171351415,2026-03-22 09:22:31.415,68751.0,0.00031,A,21.31281,262616452397384
1774171355029,2026-03-22 09:22:35.029,68751.0,0.00142,A,97.62642,743907995985617
1774171357149,2026-03-22 09:22:37.149,68752.0,0.06685,B,4596.0712,338322755985587
1774171358009,2026-03-22 09:22:38.009,68752.0,0.00016,B,11.00032,203903118263074
1774171359554,2026-03-22 09:22:39.554,68752.0,0.00036,B,24.75072,814907890166520
1774171360154,2026-03-22 09:22:40.154,68752.0,0.0013,B,89.3776,938116696612550
1774171360154,2026-03-22 09:22:40.154,68752.0,0.00474,B,325.88448,40196169073129
1774171360154,2026-03-22 09:22:40.154,68752.0,0.0664,B,4565.1328,519850741398452
1774171360154,2026-03-22 09:22:40.154,68752.0,0.35486,B,24397.33472,908674631436809
1774171360154,2026-03-22 09:22:40.154,68752.0,0.03004,B,2065.31008,149497290607086
1774171361091,2026-03-22 09:22:41.091,68751.0,0.00017,A,11.68767,915151792837143
1774171361294,2026-03-22 09:22:41.294,68752.0,0.0019,B,130.6288,299637173797683
1774171364114,2026-03-22 09:22:44.114,68751.0,0.00416,A,286.00415999999996,139083736515333
1774171369026,2026-03-22 09:22:49.026,68751.0,0.00059,A,40.56309,105224637530900
1774171369550,2026-03-22 09:22:49.550,68751.0,0.011,A,756.261,402028491951830
1774171369550,2026-03-22 09:22:49.550,68751.0,0.001,A,68.751,20549677854881
1774171369550,2026-03-22 09:22:49.550,68751.0,0.00017,A,11.68767,229561246631717
1774171369751,2026-03-22 09:22:49.751,68751.0,0.00099,B,68.06349,10239166744278
1774171369969,2026-03-22 09:22:49.969,68750.0,0.003,A,206.25,534888290285318
1774171369969,2026-03-22 09:22:49.969,68750.0,0.00017,A,11.6875,636395096410724
1774171369969,2026-03-22 09:22:49.969,68750.0,0.00059,A,40.5625,549665463760071
1774171369969,2026-03-22 09:22:49.969,68750.0,0.00017,A,11.6875,605313490899794
1774171369969,2026-03-22 09:22:49.969,68749.0,0.00017,A,11.687330000000001,111566964026164
1774171369969,2026-03-22 09:22:49.969,68748.0,0.00017,A,11.68716,1033638052946744
1774171369969,2026-03-22 09:22:49.969,68747.0,0.00017,A,11.686990000000002,633582359320821
1774171369969,2026-03-22 09:22:49.969,68746.0,0.00017,A,11.68682,626366460643556
1774171369969,2026-03-22 09:22:49.969,68746.0,0.00017,A,11.68682,613758138641205
1774171369969,2026-03-22 09:22:49.969,68745.0,0.003,A,206.235,853202867364107
1774171369969,2026-03-22 09:22:49.969,68745.0,0.00017,A,11.68665,798379159167280
1774171369969,2026-03-22 09:22:49.969,68744.0,0.00017,A,11.686480000000001,1072103410525916
1774171369969,2026-03-22 09:22:49.969,68743.0,0.00015,A,10.311449999999999,1121711127977976
1774171369969,2026-03-22 09:22:49.969,68743.0,0.00017,A,11.68631,1047563648176375
1774171369969,2026-03-22 09:22:49.969,68743.0,0.00017,A,11.68631,833213616004448
1774171370549,2026-03-22 09:22:50.549,68743.0,0.001,B,68.743,297692632562664
1774171371149,2026-03-22 09:22:51.149,68742.0,0.00017,A,11.68614,941467838185827
1774171371149,2026-03-22 09:22:51.149,68742.0,0.00083,A,57.05586,126497121273243
1774171376745,2026-03-22 09:22:56.745,68742.0,0.00017,A,11.68614,850762686221848
1774171377141,2026-03-22 09:22:57.141,68741.0,0.00017,A,11.685970000000001,944394552879760
1774171377141,2026-03-22 09:22:57.141,68741.0,0.00015,A,10.31115,435654746827481
1774171377141,2026-03-22 09:22:57.141,68740.0,0.00017,A,11.6858,347020527355450
1774171377141,2026-03-22 09:22:57.141,68739.0,0.00017,A,11.685630000000002,260206569985054
1774171377141,2026-03-22 09:22:57.141,68739.0,0.00017,A,11.685630000000002,808225873855434
1774171377141,2026-03-22 09:22:57.141,68738.0,0.00017,A,11.68546,387362171333942
1774171377141,2026-03-22 09:22:57.141,68737.0,0.00036,A,24.745320000000003,1061707573610361
1774171377141,2026-03-22 09:22:57.141,68737.0,0.00017,A,11.68529,968342430156573
1774171377141,2026-03-22 09:22:57.141,68737.0,0.003,A,206.211,420890776748509
1774171377141,2026-03-22 09:22:57.141,68737.0,0.00034,A,23.37058,406933311559080
1774171377782,2026-03-22 09:22:57.782,68737.0,0.00115,A,79.04755,787892015923679
1774171377974,2026-03-22 09:22:57.974,68738.0,0.0309,B,2124.0042,480882924798231
1774171377974,2026-03-22 09:22:57.974,68738.0,0.03351,B,2303.41038,774822955553393
1774171378023,2026-03-22 09:22:58.023,68743.0,0.00017,B,11.68631,19200949590928
1774171378784,2026-03-22 09:22:58.784,68746.0,0.00017,B,11.68682,581187866663413
1774171378784,2026-03-22 09:22:58.784,68747.0,0.00017,B,11.686990000000002,66068276732203
1774171379296,2026-03-22 09:22:59.296,68748.0,0.00017,B,11.68716,939929526134156
1774171379296,2026-03-22 09:22:59.296,68749.0,0.00018,B,12.374820000000001,136572630548611
1774171379296,2026-03-22 09:22:59.296,68749.0,0.00017,B,11.687330000000001,737700315069097
1774171379296,2026-03-22 09:22:59.296,68749.0,0.00385,B,264.68365,670584041937598
1774171380713,2026-03-22 09:23:00.713,68749.0,0.00632,B,434.49368,419436498966798
1774171380713,2026-03-22 09:23:00.713,68749.0,2e-05,B,1.37498,790201816291731
1774171381002,2026-03-22 09:23:01.002,68748.0,0.00237,A,162.93276,741930779805340
1774171384742,2026-03-22 09:23:04.742,68750.0,0.00133,B,91.4375,358590651089333
1774171385013,2026-03-22 09:23:05.013,68749.0,0.00142,A,97.62358,558396547662061
1774171387023,2026-03-22 09:23:07.023,68750.0,0.02776,B,1908.5,47426215283551
1774171387023,2026-03-22 09:23:07.023,68750.0,0.00017,B,11.6875,166202486728924
1774171387023,2026-03-22 09:23:07.023,68750.0,0.0002,B,13.75,190898438049740
1774171387023,2026-03-22 09:23:07.023,68750.0,0.02798,B,1923.625,327519821897304
1774171387086,2026-03-22 09:23:07.086,68749.0,0.02835,A,1949.03415,1074055398164023
1774171388044,2026-03-22 09:23:08.044,68750.0,0.00016,B,11.000000000000002,1062950774629520
1774171388636,2026-03-22 09:23:08.636,68750.0,0.01256,B,863.5,348625591726643
1774171388636,2026-03-22 09:23:08.636,68750.0,0.01017,B,699.1875,1101070552466082
1774171388636,2026-03-22 09:23:08.636,68750.0,0.00017,B,11.6875,531003497697090
1774171388636,2026-03-22 09:23:08.636,68751.0,0.00017,B,11.68767,763456294506124
1774171388636,2026-03-22 09:23:08.636,68751.0,0.00949,B,652.44699,94651932874474
1774171388839,2026-03-22 09:23:08.839,68751.0,0.0003,B,20.6253,252921770878395
1774171391084,2026-03-22 09:23:11.084,68750.0,0.00017,A,11.6875,808413077212172
1774171394084,2026-03-22 09:23:14.084,68750.0,0.00416,A,286.0,314349964895070
1774171398851,2026-03-22 09:23:18.851,68751.0,0.0193,B,1326.8943000000002,119150011892275
1774171398851,2026-03-22 09:23:18.851,68751.0,0.00017,B,11.68767,466319037132919
1774171398851,2026-03-22 09:23:18.851,68751.0,0.0407,B,2798.1657,482596437298235
1774171398851,2026-03-22 09:23:18.851,68751.0,0.01017,B,699.19767,167580521224621
1774171398851,2026-03-22 09:23:18.851,68752.0,0.00017,B,11.687840000000001,706169573989796
1774171398851,2026-03-22 09:23:18.851,68752.0,0.00062,B,42.62624,432639022716674
1774171398851,2026-03-22 09:23:18.851,68752.0,0.00685,B,470.95120000000003,784999806973554
1774171398851,2026-03-22 09:23:18.851,68752.0,0.00018,B,12.37536,1086432719268422
1774171398851,2026-03-22 09:23:18.851,68752.0,0.06833,B,4697.82416,867851119646938
1774171398851,2026-03-22 09:23:18.851,68753.0,0.00017,B,11.68801,566785260466182
1774171398851,2026-03-22 09:23:18.851,68753.0,0.00017,B,11.68801,1064284747050413
1774171398851,2026-03-22 09:23:18.851,68753.0,0.003,B,206.25900000000001,358655986046923
1774171398851,2026-03-22 09:23:18.851,68753.0,0.38311,B,26339.96183,671551239773692
1774171398851,2026-03-22 09:23:18.851,68753.0,0.05665,B,3894.85745,950914014644093
1774171398851,2026-03-22 09:23:18.851,68754.0,0.00017,B,11.688180000000001,334214082519013
1774171398851,2026-03-22 09:23:18.851,68754.0,0.03923,B,2697.21942,1048147318748352
1774171398851,2026-03-22 09:23:18.851,68755.0,0.00017,B,11.688350000000002,481470694785800
1774171398851,2026-03-22 09:23:18.851,68756.0,0.00017,B,11.68852,383297302467096
1774171398851,2026-03-22 09:23:18.851,68756.0,0.066,B,4537.896000000001,1006877018214055
1774171398851,2026-03-22 09:23:18.851,68756.0,0.00017,B,11.68852,1091836772158876
1774171398851,2026-03-22 09:23:18.851,68756.0,0.02908,B,1999.4244800000001,268071077840346
1774171398851,2026-03-22 09:23:18.851,68756.0,0.03854,B,2649.85624,1019737920317852
1774171398851,2026-03-22 09:23:18.851,68756.0,0.50911,B,35004.367159999994,45014902741280
1774171398851,2026-03-22 09:23:18.851,68756.0,0.45385,B,31204.9106,547883060294689
1774171399028,2026-03-22 09:23:19.028,68755.0,0.00052,A,35.752599999999994,299968810868037
1774171399537,2026-03-22 09:23:19.537,68756.0,0.0207,B,1423.2492,310831063243170
1774171399834,2026-03-22 09:23:19.834,68756.0,0.0863,B,5933.6428000000005,451708055013978
1774171400336,2026-03-22 09:23:20.336,68755.0,0.034,A,2337.67,527448338932499
1774171400336,2026-03-22 09:23:20.336,68755.0,0.034,A,2337.67,954808461038244
1774171400437,2026-03-22 09:23:20.437,68755.0,0.02537,A,1744.31435,685518989330299
1774171400437,2026-03-22 09:23:20.437,68755.0,0.23055,A,15851.465250000001,290268133789360
1774171400437,2026-03-22 09:23:20.437,68755.0,0.05771,A,3967.8510499999998,710469731759052
1774171404258,2026-03-22 09:23:24.258,68755.0,0.03452,A,2373.4226000000003,20378376111700
1774171404329,2026-03-22 09:23:24.329,68755.0,0.03456,A,2376.1728,136924747782147
1774171405775,2026-03-22 09:23:25.775,68755.0,0.04959,A,3409.56045,958448119151460
1774171405775,2026-03-22 09:23:25.775,68755.0,0.07725,A,5311.32375,39495546318908
1774171411028,2026-03-22 09:23:31.028,68755.0,0.00238,A,163.63690000000003,792351660089715
1774171413695,2026-03-22 09:23:33.695,68756.0,0.00016,B,11.000960000000001,84079577861903
1774171414107,2026-03-22 09:23:34.107,68755.0,0.00141,A,96.94455,698053901046928
1774171416919,2026-03-22 09:23:36.919,68756.0,0.53001,B,36441.36756,782987463346491
1774171416919,2026-03-22 09:23:36.919,68756.0,0.14241,B,9791.54196,545762147680040
1774171416919,2026-03-22 09:23:36.919,68756.0,0.04428,B,3044.51568,255203040258650
1774171416919,2026-03-22 09:23:36.919,68756.0,0.13763,B,9462.888280000001,75259801649489
1774171416919,2026-03-22 09:23:36.919,68756.0,0.00017,B,11.68852,611887193221637
1774171416919,2026-03-22 09:23:36.919,68756.0,0.003,B,206.268,891169474856791
1774171416919,2026-03-22 09:23:36.919,68756.0,0.07802,B,5364.34312,668175781017771
1774171416919,2026-03-22 09:23:36.919,68756.0,0.46449,B,31936.47444,709887263673141
1774171416919,2026-03-22 09:23:36.919,68756.0,2.32709,B,160001.40004,882020215182677
1774171416919,2026-03-22 09:23:36.919,68756.0,0.05091,B,3500.3679599999996,230157661691388
1774171416919,2026-03-22 09:23:36.919,68756.0,0.00018,B,12.37608,608821435674796
1774171416919,2026-03-22 09:23:36.919,68756.0,0.00912,B,627.05472,310688666480964
1774171416919,2026-03-22 09:23:36.919,68756.0,0.02908,B,1999.4244800000001,979151961356453
1774171416919,2026-03-22 09:23:36.919,68756.0,0.05665,B,3895.0274,399811284785216
1774171416919,2026-03-22 09:23:36.919,68756.0,0.03845,B,2643.6682,419718127296056
1774171416919,2026-03-22 09:23:36.919,68756.0,0.036,B,2475.216,996020393895979
1774171416919,2026-03-22 09:23:36.919,68756.0,0.00471,B,323.84076,88805619297681
1774171416919,2026-03-22 09:23:36.919,68756.0,0.0478,B,3286.5368000000003,595336724552752
1774171417011,2026-03-22 09:23:37.011,68756.0,0.02021,B,1389.55876,658494768422489
1774171417011,2026-03-22 09:23:37.011,68756.0,0.0377,B,2592.1011999999996,345663653914889
1774171418047,2026-03-22 09:23:38.047,68756.0,0.00016,B,11.000960000000001,1045835268200848
1774171418738,2026-03-22 09:23:38.738,68755.0,0.00031,A,21.31405,233125059353956
1774171419250,2026-03-22 09:23:39.250,68756.0,0.00031,B,21.31436,688676630519230
1774171421051,2026-03-22 09:23:41.051,68755.0,0.00017,A,11.688350000000002,998245128375477
1774171424070,2026-03-22 09:23:44.070,68755.0,0.00416,A,286.02079999999995,778730245876174
1774171425383,2026-03-22 09:23:45.383,68754.0,0.00017,A,11.688180000000001,715218295138490
1774171425383,2026-03-22 09:23:45.383,68753.0,0.00017,A,11.68801,416862969079378
1774171425383,2026-03-22 09:23:45.383,68752.0,0.00035,A,24.0632,427031882981407
1774171425383,2026-03-22 09:23:45.383,68752.0,0.00031,A,21.31312,576811906264556
1774171425383,2026-03-22 09:23:45.383,68752.0,0.00017,A,11.687840000000001,596502105682305
1774171425507,2026-03-22 09:23:45.507,68751.0,0.00017,A,11.68767,474965900815839
1774171425507,2026-03-22 09:23:45.507,68750.0,0.00017,A,11.6875,45062438196477
1774171425507,2026-03-22 09:23:45.507,68750.0,0.003,A,206.25,228887287511256
1774171425507,2026-03-22 09:23:45.507,68750.0,0.00017,A,11.6875,795780582127965
1774171425507,2026-03-22 09:23:45.507,68749.0,0.00017,A,11.687330000000001,785918917390367
1774171425507,2026-03-22 09:23:45.507,68748.0,0.00015,A,10.312199999999999,391070732266585
1774171425507,2026-03-22 09:23:45.507,68748.0,0.00017,A,11.68716,976959621308707
1774171425507,2026-03-22 09:23:45.507,68747.0,0.00017,A,11.686990000000002,913355816977854
1774171425507,2026-03-22 09:23:45.507,68746.0,0.00017,A,11.68682,487555507028347
1774171425507,2026-03-22 09:23:45.507,68746.0,0.00017,A,11.68682,436507361302266
1774171425507,2026-03-22 09:23:45.507,68745.0,0.00017,A,11.68665,441836774416057
1774171425507,2026-03-22 09:23:45.507,68744.0,0.00017,A,11.686480000000001,596132011210609
1774171425507,2026-03-22 09:23:45.507,68743.0,0.00017,A,11.68631,502920039828374
1774171425507,2026-03-22 09:23:45.507,68743.0,0.00015,A,10.311449999999999,465938440324763
1774171425507,2026-03-22 09:23:45.507,68743.0,0.00017,A,11.68631,978765976063774
1774171425507,2026-03-22 09:23:45.507,68742.0,0.003,A,206.226,369703562215879
1774171425507,2026-03-22 09:23:45.507,68742.0,0.00017,A,11.68614,1108298273510164
1774171425507,2026-03-22 09:23:45.507,68741.0,0.00017,A,11.685970000000001,748039361692873
1774171425507,2026-03-22 09:23:45.507,68740.0,0.00017,A,11.6858,1018620210832149
1774171425507,2026-03-22 09:23:45.507,68740.0,0.001,A,68.74,1102397713843490
1774171425507,2026-03-22 09:23:45.507,68739.0,0.00017,A,11.685630000000002,967995654692257
1774171425507,2026-03-22 09:23:45.507,68739.0,0.00017,A,11.685630000000002,177160197209314
1774171425507,2026-03-22 09:23:45.507,68738.0,0.00015,A,10.310699999999999,300685195988562
1774171425507,2026-03-22 09:23:45.507,68738.0,0.00017,A,11.68546,611522082106281
1774171425507,2026-03-22 09:23:45.507,68737.0,0.00017,A,11.68529,49831789762055
1774171425507,2026-03-22 09:23:45.507,68736.0,0.00017,A,11.685120000000001,675655338066811
1774171425507,2026-03-22 09:23:45.507,68735.0,0.00017,A,11.68495,176981102318430
1774171425507,2026-03-22 09:23:45.507,68735.0,0.00017,A,11.68495,563525900244917
1774171425507,2026-03-22 09:23:45.507,68735.0,0.00083,A,57.05005,26006906273891
1774171425507,2026-03-22 09:23:45.507,68734.0,0.00017,A,11.684780000000002,295246766054157
1774171425507,2026-03-22 09:23:45.507,68734.0,0.00022,A,15.12148,539144241534579
1774171425507,2026-03-22 09:23:45.507,68733.0,0.00017,A,11.684610000000001,242286643095201
1774171425507,2026-03-22 09:23:45.507,68732.0,0.00017,A,11.68444,207341277654710
1774171425507,2026-03-22 09:23:45.507,68732.0,0.00015,A,10.3098,361453148145376
1774171425507,2026-03-22 09:23:45.507,68731.0,0.02163,A,1486.65153,111227459408348
1774171425507,2026-03-22 09:23:45.507,68730.0,0.0003,A,20.619,320610441748175
1774171425507,2026-03-22 09:23:45.507,68730.0,0.0225,A,1546.425,91179160827687
1774171425507,2026-03-22 09:23:45.507,68729.0,0.00016,A,10.996640000000001,950354040018378
1774171425507,2026-03-22 09:23:45.507,68728.0,0.00017,A,11.683760000000001,878382643363047
1774171425507,2026-03-22 09:23:45.507,68728.0,0.001,A,68.728,29224247019447
1774171426591,2026-03-22 09:23:46.591,68726.0,0.00108,A,74.22408,1065665160101897
1774171426591,2026-03-22 09:23:46.591,68724.0,0.00017,A,11.68308,761077486209283
1774171426591,2026-03-22 09:23:46.591,68722.0,0.00015,A,10.3083,540784076221733
1774171426988,2026-03-22 09:23:46.988,68721.0,0.003,A,206.163,498877866674464
1774171426988,2026-03-22 09:23:46.988,68721.0,0.00017,A,11.68257,999135922501887
1774171426988,2026-03-22 09:23:46.988,68720.0,0.00017,A,11.682400000000001,762761676087712
1774171426988,2026-03-22 09:23:46.988,68719.0,0.00017,A,11.68223,131306985972912
1774171426988,2026-03-22 09:23:46.988,68718.0,0.00017,A,11.682060000000002,916806107907931
1774171427288,2026-03-22 09:23:47.288,68717.0,0.00017,A,11.681890000000001,113920473091976
1774171427288,2026-03-22 09:23:47.288,68716.0,0.003,A,206.148,794225582176526
1774171427288,2026-03-22 09:23:47.288,68716.0,0.00017,A,11.68172,93051895895738
1774171427678,2026-03-22 09:23:47.678,68715.0,0.00042,A,28.860300000000002,932331097103344
1774171427678,2026-03-22 09:23:47.678,68715.0,0.00017,A,11.681550000000001,525152393979864
1774171427803,2026-03-22 09:23:47.803,68714.0,0.00017,A,11.68138,633143417322262
1774171427803,2026-03-22 09:23:47.803,68714.0,0.00017,A,11.68138,777820775551936
1774171427803,2026-03-22 09:23:47.803,68714.0,0.00015,A,10.307099999999998,215540220734561
1774171427803,2026-03-22 09:23:47.803,68713.0,0.00017,A,11.68121,417589367563613
1774171427803,2026-03-22 09:23:47.803,68712.0,0.00017,A,11.681040000000001,587430833974515
1774171427803,2026-03-22 09:23:47.803,68712.0,0.00015,A,10.306799999999999,69230083478698
1774171427803,2026-03-22 09:23:47.803,68711.0,0.00017,A,11.68087,1007289224881812
1774171427803,2026-03-22 09:23:47.803,68711.0,0.003,A,206.133,812184664699538
1774171427803,2026-03-22 09:23:47.803,68710.0,0.00017,A,11.680700000000002,1065122132671890
1774171427803,2026-03-22 09:23:47.803,68710.0,0.00017,A,11.680700000000002,93596495789809
1774171427803,2026-03-22 09:23:47.803,68709.0,0.00017,A,11.680530000000001,943586322541540
1774171427803,2026-03-22 09:23:47.803,68708.0,0.00017,A,11.68036,890806602006888
1774171428688,2026-03-22 09:23:48.688,68707.0,0.00017,A,11.680190000000001,464496976957096
1774171428688,2026-03-22 09:23:48.688,68706.0,0.00017,A,11.68002,225912494353194
1774171428688,2026-03-22 09:23:48.688,68706.0,0.00017,A,11.68002,546070097634489
1774171429006,2026-03-22 09:23:49.006,68705.0,0.00017,A,11.67985,285047969390027
1774171429006,2026-03-22 09:23:49.006,68704.0,0.00017,A,11.679680000000001,16408722616581
1774171429006,2026-03-22 09:23:49.006,68704.0,5e-05,A,3.4352,1001347430708059
1774171429759,2026-03-22 09:23:49.759,68704.0,0.00295,A,202.6768,83191404362848
1774171429759,2026-03-22 09:23:49.759,68704.0,0.00017,A,11.679680000000001,494365845429339
1774171429957,2026-03-22 09:23:49.957,68703.0,0.00017,A,11.67951,689083582731056
1774171429957,2026-03-22 09:23:49.957,68703.0,0.00017,A,11.67951,978248852636727
1774171430771,2026-03-22 09:23:50.771,68702.0,0.00017,A,11.679340000000002,428389061804819
1774171430771,2026-03-22 09:23:50.771,68702.0,0.00274,A,188.24347999999998,687454773923203
1774171431992,2026-03-22 09:23:51.992,68701.0,0.00017,A,11.679170000000001,135802016391583
1774171431992,2026-03-22 09:23:51.992,68701.0,0.00117,A,80.38017,385851696278233
1774171431992,2026-03-22 09:23:51.992,68701.0,0.00012,A,8.24412,577765400520912
1774171432504,2026-03-22 09:23:52.504,68702.0,0.21442,A,14731.08284,371282691618917
1774171432628,2026-03-22 09:23:52.628,68703.0,0.00015,B,10.305449999999999,1035499188426557
1774171432628,2026-03-22 09:23:52.628,68704.0,0.00015,B,10.305599999999998,168157043294300
1774171433425,2026-03-22 09:23:53.425,68705.0,0.00017,B,11.67985,70281149164645
1774171433425,2026-03-22 09:23:53.425,68706.0,0.00017,B,11.68002,1018967076229814
1774171433425,2026-03-22 09:23:53.425,68706.0,0.0002,B,13.741200000000001,953850001144937
1774171433425,2026-03-22 09:23:53.425,68707.0,0.00092,B,63.21044,401321585657163
1774171434423,2026-03-22 09:23:54.423,68707.0,0.00925,B,635.5397499999999,815686705357515
1774171435021,2026-03-22 09:23:55.021,68707.0,0.00019,A,13.05433,33691038386904
1774171435021,2026-03-22 09:23:55.021,68707.0,0.01728,A,1187.25696,764543128170122
1774171437451,2026-03-22 09:23:57.451,68708.0,0.00074,B,50.84392,344257194852971
1774171439262,2026-03-22 09:23:59.262,68708.0,0.001,B,68.708,369748325760349
1774171439600,2026-03-22 09:23:59.600,68707.0,6e-05,A,4.12242,347231841648205
1774171441033,2026-03-22 09:24:01.033,68707.0,0.00238,A,163.52266,1048561298096873
1774171441551,2026-03-22 09:24:01.551,68708.0,0.00017,B,11.68036,801485571754400
1774171441551,2026-03-22 09:24:01.551,68709.0,0.00017,B,11.680530000000001,1010083416629613
1774171441551,2026-03-22 09:24:01.551,68709.0,0.00017,B,11.680530000000001,1064670855023766
1774171441551,2026-03-22 09:24:01.551,68709.0,0.00015,B,10.306349999999998,495597654425430
1774171441551,2026-03-22 09:24:01.551,68710.0,0.00017,B,11.680700000000002,835745914097684
1774171441551,2026-03-22 09:24:01.551,68710.0,0.00015,B,10.3065,1004096489402220
1774171441850,2026-03-22 09:24:01.850,68711.0,0.003,B,206.133,1085571065559548
1774171441850,2026-03-22 09:24:01.850,68711.0,0.00017,B,11.68087,70204475253981
1774171441850,2026-03-22 09:24:01.850,68712.0,0.00017,B,11.681040000000001,402686464999925
1774171441850,2026-03-22 09:24:01.850,68713.0,0.00017,B,11.68121,1042018506683526
1774171441850,2026-03-22 09:24:01.850,68713.0,0.00017,B,11.68121,1006146490698257
1774171441850,2026-03-22 09:24:01.850,68714.0,0.00017,B,11.68138,1060589802166384
1774171441850,2026-03-22 09:24:01.850,68714.0,0.00242,B,166.28788,145683806971680
1774171442565,2026-03-22 09:24:02.565,68714.0,0.00074,A,50.84836,1057950285409245
1774171443375,2026-03-22 09:24:03.375,68716.0,0.00017,B,11.68172,664975199986435
1774171443375,2026-03-22 09:24:03.375,68716.0,0.00017,B,11.68172,1027880891915734
1774171443375,2026-03-22 09:24:03.375,68716.0,0.0002,B,13.7432,19642112642646
1774171443375,2026-03-22 09:24:03.375,68717.0,0.00017,B,11.681890000000001,955147625593749
1774171443375,2026-03-22 09:24:03.375,68717.0,0.00015,B,10.307549999999999,414782599211800
1774171443375,2026-03-22 09:24:03.375,68718.0,0.00017,B,11.682060000000002,693047434575046
1774171443375,2026-03-22 09:24:03.375,68718.0,0.003,B,206.154,407570205492187
1774171443375,2026-03-22 09:24:03.375,68719.0,0.00017,B,11.68223,814726916943650
1774171443375,2026-03-22 09:24:03.375,68720.0,0.00017,B,11.682400000000001,488996977367462
1774171443375,2026-03-22 09:24:03.375,68720.0,0.00017,B,11.682400000000001,291669838173169
1774171443375,2026-03-22 09:24:03.375,68720.0,0.00099,B,68.0328,96595805930748
1774171443375,2026-03-22 09:24:03.375,68721.0,0.00022,B,15.11862,721297979415365
1774171443375,2026-03-22 09:24:03.375,68721.0,0.00017,B,11.68257,192326545222529
1774171443375,2026-03-22 09:24:03.375,68721.0,0.2183,B,15001.7943,867402926178530
1774171443375,2026-03-22 09:24:03.375,68722.0,0.00017,B,11.68274,1005550107212319
1774171443375,2026-03-22 09:24:03.375,68722.0,0.00017,B,11.68274,706880131808987
1774171443375,2026-03-22 09:24:03.375,68722.0,0.0291,B,1999.8102000000001,379227179861644
1774171443375,2026-03-22 09:24:03.375,68722.0,0.00026,B,17.86772,479500335257721
1774171443375,2026-03-22 09:24:03.375,68723.0,0.00011,B,7.5595300000000005,402459396531936
1774171444086,2026-03-22 09:24:04.086,68722.0,0.00142,A,97.58524,808951470291508
1774171445201,2026-03-22 09:24:05.201,68722.0,0.12564,A,8634.23208,815215952202539
1774171445603,2026-03-22 09:24:05.603,68722.0,0.00052,A,35.73544,995697270082532
1774171446213,2026-03-22 09:24:06.213,68721.0,0.00015,A,10.30815,447455329302588
1774171446213,2026-03-22 09:24:06.213,68720.0,0.00015,A,10.308,791507438249105
1774171446213,2026-03-22 09:24:06.213,68717.0,0.003,A,206.151,160340481545811
1774171446213,2026-03-22 09:24:06.213,68717.0,0.00017,A,11.681890000000001,725557341031398
1774171446213,2026-03-22 09:24:06.213,68714.0,0.00023,A,15.80422,359094686893066
1774171446213,2026-03-22 09:24:06.213,68714.0,0.00017,A,11.68138,369252693442910
1774171446362,2026-03-22 09:24:06.362,68712.0,0.00015,A,10.306799999999999,371394902784310
1774171446362,2026-03-22 09:24:06.362,68712.0,0.00017,A,11.681040000000001,28194589862475
1774171446362,2026-03-22 09:24:06.362,68711.0,0.00017,A,11.68087,404799009976843
1774171446362,2026-03-22 09:24:06.362,68710.0,0.00017,A,11.680700000000002,470388561977589
1774171446362,2026-03-22 09:24:06.362,68710.0,0.00017,A,11.680700000000002,1047582019075063
1774171446821,2026-03-22 09:24:06.821,68708.0,0.003,A,206.124,1001595007756342
1774171446971,2026-03-22 09:24:06.971,68707.0,0.001,A,68.70700000000001,943250580240212
1774171446971,2026-03-22 09:24:06.971,68707.0,0.00017,A,11.680190000000001,524823706626403
1774171446971,2026-03-22 09:24:06.971,68706.0,0.00017,A,11.68002,7616756562285
1774171446971,2026-03-22 09:24:06.971,68706.0,0.00017,A,11.68002,203608589580894
1774171446971,2026-03-22 09:24:06.971,68706.0,0.00015,A,10.3059,371591617357193
1774171446971,2026-03-22 09:24:06.971,68705.0,0.00031,A,21.29855,827975638672883
1774171446971,2026-03-22 09:24:06.971,68705.0,0.00017,A,11.67985,661263393090519
1774171446971,2026-03-22 09:24:06.971,68705.0,0.00015,A,10.30575,858817495413425
1774171447776,2026-03-22 09:24:07.776,68704.0,0.00017,A,11.679680000000001,106884652661199
1774171447776,2026-03-22 09:24:07.776,68703.0,0.00017,A,11.67951,53002665723498
1774171447776,2026-03-22 09:24:07.776,68703.0,0.00017,A,11.67951,291385322171434
1774171447776,2026-03-22 09:24:07.776,68702.0,0.00017,A,11.679340000000002,928810839863459
1774171447776,2026-03-22 09:24:07.776,68702.0,0.00295,A,202.6709,1121950104353687
1774171448046,2026-03-22 09:24:08.046,68703.0,0.00016,B,10.99248,1080391547841026
1774171448365,2026-03-22 09:24:08.365,68703.0,6e-05,B,4.12218,954561081254381
1774171451133,2026-03-22 09:24:11.133,68702.0,5e-05,A,3.4351000000000003,27459306551878
1774171451133,2026-03-22 09:24:11.133,68701.0,0.00013,A,8.93113,455449679298285
1774171451402,2026-03-22 09:24:11.402,68701.0,4e-05,A,2.74804,426234279267856
1774171451402,2026-03-22 09:24:11.402,68700.0,0.00015,A,10.305,168066135318411
1774171451402,2026-03-22 09:24:11.402,68700.0,0.00015,A,10.305,522740252929107
1774171451402,2026-03-22 09:24:11.402,68700.0,0.00017,A,11.679,924054925041373
1774171451402,2026-03-22 09:24:11.402,68700.0,0.00015,A,10.305,881826256317881
1774171452226,2026-03-22 09:24:12.226,68699.0,0.02271,A,1560.1542900000002,315869348200651
1774171452226,2026-03-22 09:24:12.226,68699.0,0.00927,A,636.83973,303817253125256
1774171452341,2026-03-22 09:24:12.341,68699.0,0.00036,A,24.731640000000002,81852552681175
1774171454007,2026-03-22 09:24:14.007,68699.0,0.00017,A,11.678830000000001,27289208598983
1774171454007,2026-03-22 09:24:14.007,68699.0,0.00398,A,273.42202,320552046233104
1774171456039,2026-03-22 09:24:16.039,68699.0,0.0007,A,48.0893,409787849861460
1774171456540,2026-03-22 09:24:16.540,68700.0,0.00032,B,21.984,218201656119332
1774171459063,2026-03-22 09:24:19.063,68699.0,0.0006,A,41.21939999999999,879360453386808
1774171460585,2026-03-22 09:24:20.585,68700.0,0.0007,B,48.089999999999996,585883167791830
1774171463282,2026-03-22 09:24:23.282,68699.0,0.49472,A,33986.76928,236124731410076
1774171463282,2026-03-22 09:24:23.282,68699.0,0.43679,A,30007.036210000002,471847943877954
1774171463282,2026-03-22 09:24:23.282,68699.0,0.5195,A,35689.1305,750411176502358
1774171463282,2026-03-22 09:24:23.282,68699.0,0.84137,A,57801.27763,1020596874785931
1774171464287,2026-03-22 09:24:24.287,68700.0,0.00015,B,10.305,742785595203517
1774171466303,2026-03-22 09:24:26.303,68699.0,0.00058,A,39.84542,591322291223794
1774171466492,2026-03-22 09:24:26.492,68700.0,0.00015,B,10.305,431237254416890
1774171467901,2026-03-22 09:24:27.901,68699.0,0.00363,A,249.37736999999998,744475602003014
1774171469519,2026-03-22 09:24:29.519,68700.0,0.01025,B,704.1750000000001,243051960038602
1774171471007,2026-03-22 09:24:31.007,68699.0,0.00238,A,163.50362,383217467534180
1774171473944,2026-03-22 09:24:33.944,68699.0,0.00017,A,11.678830000000001,320984940967423
1774171473944,2026-03-22 09:24:33.944,68698.0,0.00017,A,11.67866,730941830229557
1774171473944,2026-03-22 09:24:33.944,68697.0,0.00017,A,11.67849,194088101247423
1774171473944,2026-03-22 09:24:33.944,68696.0,0.00015,A,10.3044,412767415607377
1774171473944,2026-03-22 09:24:33.944,68696.0,0.00017,A,11.678320000000001,1022911632796316
1774171473944,2026-03-22 09:24:33.944,68696.0,0.00015,A,10.3044,699785282719256
1774171473944,2026-03-22 09:24:33.944,68695.0,0.00017,A,11.67815,811291490656707
1774171473944,2026-03-22 09:24:33.944,68694.0,0.00017,A,11.677980000000002,456523089810948
1774171473944,2026-03-22 09:24:33.944,68694.0,0.003,A,206.082,319665211414068
1774171473944,2026-03-22 09:24:33.944,68693.0,0.00017,A,11.677810000000001,1045487892656513
1774171473944,2026-03-22 09:24:33.944,68692.0,0.00017,A,11.67764,931459433707015
1774171473944,2026-03-22 09:24:33.944,68692.0,0.00017,A,11.67764,748551862345142
1774171473944,2026-03-22 09:24:33.944,68692.0,0.003,A,206.076,1037632474572692
1774171473944,2026-03-22 09:24:33.944,68691.0,0.00015,A,10.30365,373821060217702
1774171473944,2026-03-22 09:24:33.944,68691.0,0.00017,A,11.677470000000001,533945442370916
1774171473944,2026-03-22 09:24:33.944,68690.0,0.00017,A,11.6773,617596734572509
1774171473944,2026-03-22 09:24:33.944,68689.0,0.00017,A,11.67713,523265592552238
1774171473944,2026-03-22 09:24:33.944,68688.0,0.00551,A,378.47088,158094899512688
1774171473944,2026-03-22 09:24:33.944,68688.0,0.00017,A,11.676960000000001,739668962011408
1774171473944,2026-03-22 09:24:33.944,68688.0,0.00017,A,11.676960000000001,606437335261341
1774171473944,2026-03-22 09:24:33.944,68687.0,0.00017,A,11.67679,514211856234440
1774171473944,2026-03-22 09:24:33.944,68686.0,0.00017,A,11.676620000000002,883677145479683
1774171473944,2026-03-22 09:24:33.944,68685.0,0.00017,A,11.67645,495992144771382
1774171473944,2026-03-22 09:24:33.944,68684.0,0.00017,A,11.67628,877797344218424
1774171473944,2026-03-22 09:24:33.944,68684.0,0.00017,A,11.67628,430843556258446
1774171473944,2026-03-22 09:24:33.944,68683.0,0.00017,A,11.676110000000001,227509596041014
1774171473944,2026-03-22 09:24:33.944,68683.0,0.00022,A,15.11026,66581907980255
1774171474050,2026-03-22 09:24:34.050,68682.0,0.00142,A,97.52844,117781294842202
1774171474135,2026-03-22 09:24:34.135,68682.0,0.07635,A,5243.8707,74761425675541
1774171474135,2026-03-22 09:24:34.135,68682.0,0.05211,A,3579.0190199999997,43301420323261
1774171474354,2026-03-22 09:24:34.354,68682.0,0.02208,A,1516.49856,939274991197495
1774171474453,2026-03-22 09:24:34.453,68682.0,0.02629,A,1805.64978,145545597857676
1774171474453,2026-03-22 09:24:34.453,68682.0,0.00017,A,11.67594,688249845897926
1774171475055,2026-03-22 09:24:35.055,68681.0,0.00017,A,11.67577,588013302178368
1774171475055,2026-03-22 09:24:35.055,68680.0,0.00017,A,11.675600000000001,396238855950510
1774171475055,2026-03-22 09:24:35.055,68678.0,0.00125,A,85.8475,585021761429537
1774171475055,2026-03-22 09:24:35.055,68678.0,0.003,A,206.034,783779785151647
1774171475149,2026-03-22 09:24:35.149,68677.0,0.00017,A,11.67509,400188177871047
1774171475149,2026-03-22 09:24:35.149,68673.0,0.00017,A,11.67441,421358717069594
1774171475149,2026-03-22 09:24:35.149,68673.0,0.00015,A,10.300949999999998,142908397911384
1774171475149,2026-03-22 09:24:35.149,68673.0,0.00015,A,10.300949999999998,519900723972712
1774171475149,2026-03-22 09:24:35.149,68672.0,0.0008,A,54.9376,308421187359370
1774171475536,2026-03-22 09:24:35.536,68670.0,0.00017,A,11.673900000000001,910398534843188
1774171475536,2026-03-22 09:24:35.536,68670.0,0.02139,A,1468.8513,749728134959232
1774171475536,2026-03-22 09:24:35.536,68669.0,0.00015,A,10.30035,459229686580911
1774171475536,2026-03-22 09:24:35.536,68666.0,0.00017,A,11.67322,972303091440023
1774171475536,2026-03-22 09:24:35.536,68664.0,0.06473,A,4444.62072,2358643289416
1774171475768,2026-03-22 09:24:35.768,68664.0,0.001,A,68.664,460710491154292
1774171476289,2026-03-22 09:24:36.289,68664.0,0.00291,A,199.81223999999997,526353750042896
1774171478007,2026-03-22 09:24:38.007,68665.0,0.00016,B,10.986400000000001,639840965263093
1774171478420,2026-03-22 09:24:38.420,68664.0,0.00017,A,11.672880000000001,238133820527006
1774171478420,2026-03-22 09:24:38.420,68664.0,0.07971,A,5473.20744,395059275248217
1774171478599,2026-03-22 09:24:38.599,68663.0,0.00017,A,11.67271,703545985356985
1774171478599,2026-03-22 09:24:38.599,68663.0,0.00017,A,11.67271,423377636314431
1774171478599,2026-03-22 09:24:38.599,68662.0,0.00017,A,11.672540000000001,92701235902951
1774171478599,2026-03-22 09:24:38.599,68661.0,0.00017,A,11.67237,391012127362785
1774171479359,2026-03-22 09:24:39.359,68660.0,0.00017,A,11.6722,32140652853617
1774171479359,2026-03-22 09:24:39.359,68660.0,0.003,A,205.98000000000002,863155792053005
1774171479359,2026-03-22 09:24:39.359,68659.0,0.00017,A,11.672030000000001,42085900298530
1774171479359,2026-03-22 09:24:39.359,68659.0,0.00017,A,11.672030000000001,495650339031930
1774171479359,2026-03-22 09:24:39.359,68658.0,0.00017,A,11.67186,1015436912858427
1774171479359,2026-03-22 09:24:39.359,68657.0,0.00017,A,11.671690000000002,590029615516396
1774171479359,2026-03-22 09:24:39.359,68656.0,0.00017,A,11.671520000000001,251618621126977
1774171479359,2026-03-22 09:24:39.359,68655.0,0.00017,A,11.67135,758184182188631
1774171479359,2026-03-22 09:24:39.359,68655.0,0.00017,A,11.67135,197972196371659
1774171479359,2026-03-22 09:24:39.359,68654.0,6e-05,A,4.1192400000000005,27097906865446
1774171479359,2026-03-22 09:24:39.359,68654.0,0.00011,A,7.55194,1087206089414895
1774171479359,2026-03-22 09:24:39.359,68654.0,0.003,A,205.96200000000002,514416071277627
1774171479359,2026-03-22 09:24:39.359,68653.0,0.00017,A,11.67101,254587379027945
1774171479359,2026-03-22 09:24:39.359,68652.0,0.00017,A,11.67084,531196788378739
1774171479359,2026-03-22 09:24:39.359,68652.0,0.00017,A,11.67084,1080580549669834
1774171479359,2026-03-22 09:24:39.359,68652.0,0.00017,A,11.67084,349700625582396
1774171479359,2026-03-22 09:24:39.359,68651.0,0.00017,A,11.670670000000001,1108988146459084
1774171479359,2026-03-22 09:24:39.359,68650.0,0.00017,A,11.6705,1083367293597409
1774171479359,2026-03-22 09:24:39.359,68649.0,0.00017,A,11.670330000000002,3672579663619
1774171479359,2026-03-22 09:24:39.359,68649.0,0.02826,A,1940.02074,984711471110866
1774171481012,2026-03-22 09:24:41.012,68649.0,0.00018,A,12.35682,593133859873553
1774171482325,2026-03-22 09:24:42.325,68649.0,0.00153,A,105.03296999999999,748635574473428
1774171482452,2026-03-22 09:24:42.452,68650.0,0.00072,B,49.428000000000004,70449249553519
1774171483245,2026-03-22 09:24:43.245,68649.0,0.05954,A,4087.36146,697823787456964
1774171483533,2026-03-22 09:24:43.533,68649.0,0.28001,A,19222.406489999998,1041583379816472
1774171483533,2026-03-22 09:24:43.533,68649.0,0.06752,A,4635.18048,284015498812629
1774171483533,2026-03-22 09:24:43.533,68649.0,0.06801,A,4668.81849,667633320277542
1774171483533,2026-03-22 09:24:43.533,68649.0,0.01188,A,815.55012,745725155137068
1774171483533,2026-03-22 09:24:43.533,68649.0,0.12996,A,8921.624039999999,759816062310582
1774171483533,2026-03-22 09:24:43.533,68649.0,0.31243,A,21448.00707,848397846783576
1774171484014,2026-03-22 09:24:44.014,68649.0,0.00416,A,285.57984,1104713219333433
1774171484475,2026-03-22 09:24:44.475,68649.0,0.00017,A,11.670330000000002,534502356931205
1774171484475,2026-03-22 09:24:44.475,68648.0,0.00017,A,11.670160000000001,800912674095017
1774171484475,2026-03-22 09:24:44.475,68648.0,0.00017,A,11.670160000000001,434564245533161
1774171484652,2026-03-22 09:24:44.652,68647.0,0.00017,A,11.66999,167586417439491
1774171484652,2026-03-22 09:24:44.652,68646.0,0.00017,A,11.669820000000001,935847072925479
1774171484652,2026-03-22 09:24:44.652,68645.0,0.00015,A,10.29675,1017064716873091
1774171484652,2026-03-22 09:24:44.652,68645.0,0.00015,A,10.29675,919854378823236
1774171484652,2026-03-22 09:24:44.652,68645.0,0.00015,A,10.29675,852091119280770
1774171484652,2026-03-22 09:24:44.652,68645.0,0.00017,A,11.66965,637584140476970
1774171484652,2026-03-22 09:24:44.652,68644.0,0.00017,A,11.66948,672765562252067
1774171484652,2026-03-22 09:24:44.652,68644.0,0.003,A,205.93200000000002,273425102164164
1774171484652,2026-03-22 09:24:44.652,68644.0,0.00017,A,11.66948,126657205544439
1774171484652,2026-03-22 09:24:44.652,68643.0,0.00017,A,11.669310000000001,921886614301873
1774171484652,2026-03-22 09:24:44.652,68642.0,0.00015,A,10.296299999999999,86837211042738
1774171484652,2026-03-22 09:24:44.652,68642.0,0.00017,A,11.66914,312517714846912
1774171484652,2026-03-22 09:24:44.652,68641.0,0.00015,A,10.296149999999999,240205694229333
1774171484652,2026-03-22 09:24:44.652,68641.0,0.00017,A,11.668970000000002,326296351716722
1774171484652,2026-03-22 09:24:44.652,68641.0,0.00017,A,11.668970000000002,27789566925487
1774171485124,2026-03-22 09:24:45.124,68640.0,0.00017,A,11.668800000000001,451592037107218
1774171485124,2026-03-22 09:24:45.124,68639.0,0.00053,A,36.37867,998844484117494
1774171485728,2026-03-22 09:24:45.728,68639.0,0.0003,A,20.5917,752689607426581
1774171486209,2026-03-22 09:24:46.209,68639.0,0.00017,A,11.66863,729865312247484
1774171486209,2026-03-22 09:24:46.209,68639.0,0.003,A,205.917,364573598249407
1774171486209,2026-03-22 09:24:46.209,68639.0,0.00017,A,11.66863,1017716658694356
1774171486209,2026-03-22 09:24:46.209,68638.0,0.00017,A,11.668460000000001,452709827638841
1774171486209,2026-03-22 09:24:46.209,68637.0,0.00017,A,11.66829,907242060042279
1774171486209,2026-03-22 09:24:46.209,68637.0,0.00017,A,11.66829,262324349129130
1774171486405,2026-03-22 09:24:46.405,68636.0,0.00029,A,19.90444,1121994974189469
1774171486405,2026-03-22 09:24:46.405,68636.0,0.00017,A,11.66812,379367817711111
1774171486405,2026-03-22 09:24:46.405,68635.0,0.00017,A,11.667950000000001,697787224655392
1774171486405,2026-03-22 09:24:46.405,68634.0,0.00015,A,10.2951,273546925859652
1774171486405,2026-03-22 09:24:46.405,68634.0,0.00017,A,11.66778,148364526758808
1774171486405,2026-03-22 09:24:46.405,68634.0,0.003,A,205.90200000000002,622582244905194
1774171486405,2026-03-22 09:24:46.405,68633.0,0.00017,A,11.667610000000002,65592056253198
1774171486405,2026-03-22 09:24:46.405,68633.0,0.00017,A,11.667610000000002,36436203348139
1774171486405,2026-03-22 09:24:46.405,68632.0,0.00017,A,11.667440000000001,562550714903058
1774171486405,2026-03-22 09:24:46.405,68631.0,0.00017,A,11.66727,597240515404794
1774171486405,2026-03-22 09:24:46.405,68630.0,0.00017,A,11.667100000000001,478505573456833
1774171486405,2026-03-22 09:24:46.405,68630.0,0.00017,A,11.667100000000001,1037225971369706
1774171487101,2026-03-22 09:24:47.101,68630.0,0.00096,B,65.8848,770231988281240
1774171487151,2026-03-22 09:24:47.151,68629.0,0.00017,A,11.66693,157801866185832
1774171487151,2026-03-22 09:24:47.151,68629.0,0.003,A,205.887,232169697032296
1774171487151,2026-03-22 09:24:47.151,68628.0,0.00017,A,11.66676,831231693543499
1774171487151,2026-03-22 09:24:47.151,68627.0,0.00052,A,35.68604,213537435353267
1774171487151,2026-03-22 09:24:47.151,68627.0,0.00017,A,11.666590000000001,241070954302218
1774171487151,2026-03-22 09:24:47.151,68626.0,0.00017,A,11.66642,1017367732745338
1774171487151,2026-03-22 09:24:47.151,68626.0,0.00017,A,11.66642,1121162464423533
1774171487678,2026-03-22 09:24:47.678,68625.0,0.00018,A,12.352500000000001,744747858776652
1774171487678,2026-03-22 09:24:47.678,68624.0,0.00017,A,11.666080000000001,241971565241219
1774171487678,2026-03-22 09:24:47.678,68624.0,0.003,A,205.872,528411452367054
1774171487678,2026-03-22 09:24:47.678,68623.0,0.00017,A,11.66591,995465296807931
1774171487678,2026-03-22 09:24:47.678,68623.0,0.00018,A,12.35214,1114201691946270
1774171487678,2026-03-22 09:24:47.678,68623.0,0.00017,A,11.66591,855814805942205
1774171487678,2026-03-22 09:24:47.678,68622.0,0.00017,A,11.665740000000001,144050972144380
1774171487678,2026-03-22 09:24:47.678,68621.0,0.00017,A,11.66557,653589431621920
1774171487678,2026-03-22 09:24:47.678,68621.0,0.00021,A,14.41041,693697891520188
1774171488208,2026-03-22 09:24:48.208,68621.0,0.00035,B,24.01735,897997343753478
1774171488208,2026-03-22 09:24:48.208,68621.0,0.00046,B,31.56566,185525821083501
1774171488208,2026-03-22 09:24:48.208,68620.0,0.00017,A,11.6654,22674303917398
1774171488208,2026-03-22 09:24:48.208,68619.0,0.00017,A,11.665230000000001,504985412369839
1774171488208,2026-03-22 09:24:48.208,68619.0,0.00017,A,11.665230000000001,151535590634688
1774171488208,2026-03-22 09:24:48.208,68619.0,0.003,A,205.857,527842373943027
1774171488208,2026-03-22 09:24:48.208,68618.0,0.01188,A,815.18184,703048999791582
1774171488208,2026-03-22 09:24:48.208,68618.0,0.00015,A,10.2927,496954147431922
1774171488208,2026-03-22 09:24:48.208,68618.0,0.00015,A,10.2927,441974012710641
1774171488208,2026-03-22 09:24:48.208,68618.0,0.00017,A,11.66506,723089543453010
1774171488208,2026-03-22 09:24:48.208,68617.0,0.00115,A,78.90955,125399082727101
1774171488208,2026-03-22 09:24:48.208,68617.0,0.00015,A,10.292549999999999,140534041426583
1774171488208,2026-03-22 09:24:48.208,68617.0,0.00017,A,11.664890000000002,785788302180836
1774171488208,2026-03-22 09:24:48.208,68616.0,0.00017,A,11.66472,366019486662102
1774171488208,2026-03-22 09:24:48.208,68615.0,0.00015,A,10.29225,137553166241764
1774171488208,2026-03-22 09:24:48.208,68615.0,0.00017,A,11.66455,449576413672663
1774171488208,2026-03-22 09:24:48.208,68615.0,0.00017,A,11.66455,710799281643871
1774171488208,2026-03-22 09:24:48.208,68615.0,0.01132,A,776.7218,730021773838111
1774171488208,2026-03-22 09:24:48.208,68614.0,0.0002,A,13.722800000000001,528766839768352
1774171488208,2026-03-22 09:24:48.208,68614.0,0.05703,A,3913.05642,623482533782290
1774171489045,2026-03-22 09:24:49.045,68614.0,0.00042,A,28.817880000000002,217427347403527
1774171490651,2026-03-22 09:24:50.651,68614.0,0.00271,A,185.94394,357169350948518
1774171490740,2026-03-22 09:24:50.740,68615.0,0.00145,B,99.49175,316156175755816
1774171491070,2026-03-22 09:24:51.070,68615.0,0.0207,B,1420.3305,690367865060163
1774171491977,2026-03-22 09:24:51.977,68614.0,0.00097,A,66.55558,61909198256620
1774171493773,2026-03-22 09:24:53.773,68614.0,0.00396,A,271.71144,30352815213682
1774171494986,2026-03-22 09:24:54.986,68615.0,0.00017,B,11.66455,296366951324985
1774171494986,2026-03-22 09:24:54.986,68615.0,0.00685,B,470.01275000000004,835764094065066
1774171495108,2026-03-22 09:24:55.108,68616.0,0.00015,B,10.292399999999999,136687064243985
1774171495108,2026-03-22 09:24:55.108,68616.0,0.00017,B,11.66472,508119926261
1774171495108,2026-03-22 09:24:55.108,68617.0,0.00015,B,10.292549999999999,307433983933616
1774171495108,2026-03-22 09:24:55.108,68617.0,0.00017,B,11.664890000000002,943539014444471
1774171495108,2026-03-22 09:24:55.108,68618.0,0.00015,B,10.2927,231848476811413
1774171495108,2026-03-22 09:24:55.108,68618.0,0.00017,B,11.66506,607165711782773
1774171495108,2026-03-22 09:24:55.108,68619.0,0.00017,B,11.665230000000001,324813972887998
1774171495310,2026-03-22 09:24:55.310,68620.0,0.003,B,205.86,73183180546691
1774171495310,2026-03-22 09:24:55.310,68620.0,0.00017,B,11.6654,479559006925568
1774171495530,2026-03-22 09:24:55.530,68620.0,0.00058,A,39.7996,35376112449471
1774171496802,2026-03-22 09:24:56.802,68622.0,0.00017,B,11.665740000000001,906646440601984
1774171496802,2026-03-22 09:24:56.802,68622.0,0.0002,B,13.724400000000001,774868615641668
1774171496802,2026-03-22 09:24:56.802,68622.0,0.00833,B,571.62126,735374192708399
1774171496802,2026-03-22 09:24:56.802,68623.0,0.00017,B,11.66591,14821682607952
1774171496802,2026-03-22 09:24:56.802,68623.0,0.00015,B,10.293449999999998,933781194181747
1774171497928,2026-03-22 09:24:57.928,68624.0,0.00017,B,11.666080000000001,591966174136000
1774171497928,2026-03-22 09:24:57.928,68625.0,0.00017,B,11.666250000000002,528130047983914
1774171497928,2026-03-22 09:24:57.928,68625.0,0.00017,B,11.666250000000002,553234098959889
1774171497928,2026-03-22 09:24:57.928,68626.0,0.00017,B,11.66642,562245044240920
1774171497928,2026-03-22 09:24:57.928,68627.0,0.00017,B,11.666590000000001,987338874673470
1774171498807,2026-03-22 09:24:58.807,68628.0,0.00017,B,11.66676,814265657325249
1774171498807,2026-03-22 09:24:58.807,68628.0,0.00685,B,470.1018,845410235387131
1774171498807,2026-03-22 09:24:58.807,68629.0,0.00017,B,11.66693,679617548241901
1774171498807,2026-03-22 09:24:58.807,68629.0,0.00017,B,11.66693,1077029329219902
1774171498807,2026-03-22 09:24:58.807,68629.0,0.00015,B,10.29435,378656749222270
1774171498807,2026-03-22 09:24:58.807,68630.0,4e-05,B,2.7452,1070483031168256
1774171499215,2026-03-22 09:24:59.215,68631.0,0.00017,B,11.66727,263790327996160
1774171499215,2026-03-22 09:24:59.215,68631.0,0.003,B,205.893,381407234811999
1774171499215,2026-03-22 09:24:59.215,68631.0,0.00015,B,10.294649999999999,655735468021408
1774171499215,2026-03-22 09:24:59.215,68632.0,0.00017,B,11.667440000000001,498363596193944
1774171499215,2026-03-22 09:24:59.215,68632.0,0.00017,B,11.667440000000001,290274531280695
1774171499215,2026-03-22 09:24:59.215,68632.0,0.00064,B,43.92448,1106092252118351
1774171499215,2026-03-22 09:24:59.215,68632.0,0.003,B,205.89600000000002,1062282710874024
1774171499876,2026-03-22 09:24:59.876,68634.0,0.00017,B,11.66778,362162862790432
1774171499876,2026-03-22 09:24:59.876,68634.0,0.0002,B,13.7268,927225835310180
1774171499876,2026-03-22 09:24:59.876,68635.0,0.00017,B,11.667950000000001,825356002016328
1774171499876,2026-03-22 09:24:59.876,68636.0,0.00017,B,11.66812,984552606855751
1774171499876,2026-03-22 09:24:59.876,68636.0,0.00017,B,11.66812,993760446591734
1774171499876,2026-03-22 09:24:59.876,68636.0,0.00015,B,10.295399999999999,548206425335669
1774171500828,2026-03-22 09:25:00.828,68638.0,0.00017,B,11.668460000000001,572135702188548
1774171500828,2026-03-22 09:25:00.828,68638.0,0.003,B,205.91400000000002,283690555191394
1774171500828,2026-03-22 09:25:00.828,68638.0,0.01019,B,699.42122,992575216179959
1774171500828,2026-03-22 09:25:00.828,68638.0,0.0002,B,13.7276,257268098757326
1774171501027,2026-03-22 09:25:01.027,68638.0,0.00014,A,9.609319999999999,885151816031618
1774171501027,2026-03-22 09:25:01.027,68638.0,0.00224,A,153.74911999999998,770319449130193
1774171503914,2026-03-22 09:25:03.914,68639.0,0.00017,B,11.66863,195541494856046
1774171503914,2026-03-22 09:25:03.914,68639.0,0.02913,B,1999.45407,666408506131242
1774171503914,2026-03-22 09:25:03.914,68639.0,0.01019,B,699.4314099999999,1067307621405098
1774171503914,2026-03-22 09:25:03.914,68639.0,0.17493,B,12007.02027,280420251325166
1774171504045,2026-03-22 09:25:04.045,68637.0,0.00015,A,10.295549999999999,272242502464798
1774171504045,2026-03-22 09:25:04.045,68636.0,0.00015,A,10.295399999999999,549456539693025
1774171504045,2026-03-22 09:25:04.045,68634.0,0.00112,A,76.87007999999999,1093460974557325
1774171504115,2026-03-22 09:25:04.115,68635.0,0.00033,B,22.64955,369375544438736
1774171504849,2026-03-22 09:25:04.849,68633.0,0.003,A,205.899,479044841509248
1774171504849,2026-03-22 09:25:04.849,68633.0,0.00017,A,11.667610000000002,880391459323399
1774171504849,2026-03-22 09:25:04.849,68632.0,0.00015,A,10.294799999999999,704810325566393
1774171504849,2026-03-22 09:25:04.849,68631.0,0.00017,A,11.66727,423906594221843
1774171504849,2026-03-22 09:25:04.849,68630.0,0.00056,A,38.43279999999999,773554646915434
1774171504849,2026-03-22 09:25:04.849,68630.0,0.00017,A,11.667100000000001,319563968769138
1774171504849,2026-03-22 09:25:04.849,68630.0,0.00015,A,10.2945,292069137639116
1774171504849,2026-03-22 09:25:04.849,68629.0,0.00017,A,11.66693,555190216140715
1774171505240,2026-03-22 09:25:05.240,68628.0,0.003,A,205.88400000000001,1094316836690001
1774171505240,2026-03-22 09:25:05.240,68628.0,0.00017,A,11.66676,293582164837189
1774171505240,2026-03-22 09:25:05.240,68627.0,0.00017,A,11.666590000000001,323213925254339
1774171505240,2026-03-22 09:25:05.240,68626.0,0.00017,A,11.66642,129303877465180
1774171505240,2026-03-22 09:25:05.240,68626.0,0.00017,A,11.66642,252622873858655
1774171505240,2026-03-22 09:25:05.240,68625.0,0.00017,A,11.666250000000002,684580034666063
1774171505240,2026-03-22 09:25:05.240,68624.0,0.00015,A,10.2936,705736709954250
1774171505240,2026-03-22 09:25:05.240,68624.0,0.00017,A,11.666080000000001,809030658000537
1774171505240,2026-03-22 09:25:05.240,68624.0,0.001,A,68.624,933749769035565
1774171505240,2026-03-22 09:25:05.240,68623.0,0.00017,A,11.66591,498393202455980
1774171505240,2026-03-22 09:25:05.240,68623.0,0.00017,A,11.66591,644409752475195
1774171505240,2026-03-22 09:25:05.240,68622.0,0.00017,A,11.665740000000001,50242449499180
1774171505240,2026-03-22 09:25:05.240,68621.0,0.00017,A,11.66557,403085537211409
1774171505240,2026-03-22 09:25:05.240,68620.0,0.00017,A,11.6654,310923043934865
1774171505240,2026-03-22 09:25:05.240,68619.0,0.00017,A,11.665230000000001,381528562550386
1774171505240,2026-03-22 09:25:05.240,68619.0,0.00015,A,10.29285,745557987839396
1774171505240,2026-03-22 09:25:05.240,68619.0,0.00017,A,11.665230000000001,224843397001656
1774171505240,2026-03-22 09:25:05.240,68618.0,0.00017,A,11.66506,356727068118444
1774171505240,2026-03-22 09:25:05.240,68617.0,0.00017,A,11.664890000000002,1106897314193849
1774171505240,2026-03-22 09:25:05.240,68616.0,0.00017,A,11.66472,526212050952485
1774171505240,2026-03-22 09:25:05.240,68615.0,0.00017,A,11.66455,524089557987905
1774171505240,2026-03-22 09:25:05.240,68615.0,0.00017,A,11.66455,61891820908540
1774171505240,2026-03-22 09:25:05.240,68614.0,0.01067,A,732.11138,516783108935132
1774171505240,2026-03-22 09:25:05.240,68614.0,0.03278,A,2249.1669199999997,308023086718208
1774171505240,2026-03-22 09:25:05.240,68614.0,0.00015,A,10.2921,215456662000538
1774171505240,2026-03-22 09:25:05.240,68614.0,0.00017,A,11.664380000000001,1113747935696508
1774171505240,2026-03-22 09:25:05.240,68613.0,0.00015,A,10.29195,766882800491346
1774171505240,2026-03-22 09:25:05.240,68613.0,0.00015,A,10.29195,1018610839674361
1774171505240,2026-03-22 09:25:05.240,68613.0,0.00015,A,10.29195,1003446224844828
1774171505240,2026-03-22 09:25:05.240,68613.0,2e-05,A,1.37226,250453070425613
1774171505240,2026-03-22 09:25:05.240,68613.0,0.00013,A,8.91969,469660531193775
1774171505240,2026-03-22 09:25:05.240,68613.0,0.00017,A,11.66421,82452967490995
1774171505240,2026-03-22 09:25:05.240,68613.0,0.00022,A,15.09486,244141623307963
1774171505240,2026-03-22 09:25:05.240,68612.0,0.00017,A,11.66404,322451149396714
1774171505240,2026-03-22 09:25:05.240,68612.0,0.00055,A,37.7366,479963266591874
1774171505240,2026-03-22 09:25:05.240,68612.0,0.00015,A,10.291799999999999,249043237685102
1774171505240,2026-03-22 09:25:05.240,68610.0,0.00291,A,199.65509999999998,1072987181807762
1774171505343,2026-03-22 09:25:05.343,68609.0,0.00015,A,10.29135,823404759245579
1774171505343,2026-03-22 09:25:05.343,68609.0,0.17844,A,12242.58996,61161272763867
1774171505343,2026-03-22 09:25:05.343,68608.0,0.2,A,13721.6,588165310747946
1774171505343,2026-03-22 09:25:05.343,68608.0,0.00017,A,11.66336,127369896606726
1774171505343,2026-03-22 09:25:05.343,68607.0,0.0004,A,27.442800000000002,448288761628420
1774171505343,2026-03-22 09:25:05.343,68607.0,0.00015,A,10.291049999999998,577797555388182
1774171505343,2026-03-22 09:25:05.343,68607.0,0.01767,A,1212.2856900000002,39658184064710
1774171505343,2026-03-22 09:25:05.343,68606.0,0.00015,A,10.290899999999999,885641554733772
1774171505343,2026-03-22 09:25:05.343,68606.0,0.00017,A,11.663020000000001,144834069077025
1774171505441,2026-03-22 09:25:05.441,68605.0,0.00015,A,10.29075,2881382209546
1774171505441,2026-03-22 09:25:05.441,68605.0,0.00358,A,245.6059,723657668275522
1774171505504,2026-03-22 09:25:05.504,68604.0,0.00018,A,12.34872,34168018537288
1774171505504,2026-03-22 09:25:05.504,68604.0,0.00017,A,11.662680000000002,1086806463467704
1774171505504,2026-03-22 09:25:05.504,68603.0,0.02123,A,1456.4416899999999,823140397000314
1774171505504,2026-03-22 09:25:05.504,68602.0,0.00015,A,10.290299999999998,205541944335763
1774171505504,2026-03-22 09:25:05.504,68601.0,0.00015,A,10.290149999999999,732788464544194
1774171505504,2026-03-22 09:25:05.504,68601.0,0.00017,A,11.662170000000001,73650268427895
1774171505750,2026-03-22 09:25:05.750,68603.0,0.00015,B,10.29045,173977482062004
1774171505851,2026-03-22 09:25:05.851,68600.0,0.003,A,205.8,375462398983864
1774171505851,2026-03-22 09:25:05.851,68600.0,0.01,A,686.0,988610572730670
1774171505851,2026-03-22 09:25:05.851,68600.0,0.00142,A,97.412,387639660918150
1774171505851,2026-03-22 09:25:05.851,68600.0,0.00082,A,56.251999999999995,444946329273275
1774171505851,2026-03-22 09:25:05.851,68600.0,0.00106,A,72.716,427753152563324
1774171505851,2026-03-22 09:25:05.851,68600.0,0.01,A,686.0,439226765060913
1774171505851,2026-03-22 09:25:05.851,68600.0,0.0005,A,34.300000000000004,726532343552686
1774171505851,2026-03-22 09:25:05.851,68600.0,0.00055,A,37.730000000000004,791269528661587
1774171505851,2026-03-22 09:25:05.851,68600.0,0.00047,A,32.242,263688131930194
1774171505851,2026-03-22 09:25:05.851,68600.0,0.0003,A,20.58,862661668038427
1774171506155,2026-03-22 09:25:06.155,68599.0,0.00043,A,29.49757,270534902451759
1774171506155,2026-03-22 09:25:06.155,68597.0,0.00017,A,11.66149,785724120792279
1774171506155,2026-03-22 09:25:06.155,68597.0,0.00015,A,10.289549999999998,978993913190841
1774171506155,2026-03-22 09:25:06.155,68596.0,0.00072,A,49.389120000000005,344345446354726
1774171506155,2026-03-22 09:25:06.155,68595.0,0.00146,A,100.14869999999999,709811486506968
1774171506155,2026-03-22 09:25:06.155,68594.0,0.00041,A,28.12354,629230360161390
1774171506155,2026-03-22 09:25:06.155,68593.0,0.00017,A,11.660810000000001,1082220231621216
1774171506155,2026-03-22 09:25:06.155,68593.0,0.00015,A,10.28895,441380771493426
1774171506155,2026-03-22 09:25:06.155,68591.0,0.00015,A,10.288649999999999,208911482322494
1774171506155,2026-03-22 09:25:06.155,68590.0,0.00017,A,11.660300000000001,1058936533309689
1774171506155,2026-03-22 09:25:06.155,68590.0,0.00015,A,10.288499999999999,853528015843728
1774171506155,2026-03-22 09:25:06.155,68588.0,0.00018,A,12.34584,100259703180811
1774171506155,2026-03-22 09:25:06.155,68588.0,0.00348,A,238.68624,426319380617153
1774171506155,2026-03-22 09:25:06.155,68588.0,0.00017,A,11.659960000000002,249790512033008
1774171506155,2026-03-22 09:25:06.155,68587.0,0.00015,A,10.288049999999998,762700398077926
1774171506155,2026-03-22 09:25:06.155,68587.0,0.00034,A,23.319580000000002,1024265037517591
1774171506155,2026-03-22 09:25:06.155,68587.0,0.00015,A,10.288049999999998,905224438846457
1774171506155,2026-03-22 09:25:06.155,68587.0,0.00015,A,10.288049999999998,737141207102864
1774171506155,2026-03-22 09:25:06.155,68586.0,0.00015,A,10.287899999999999,6411703624734
1774171506155,2026-03-22 09:25:06.155,68586.0,0.00015,A,10.287899999999999,620588749374351
1774171506155,2026-03-22 09:25:06.155,68584.0,0.00019,A,13.03096,823775158493231
1774171506155,2026-03-22 09:25:06.155,68584.0,0.00015,A,10.2876,1073405201874159
1774171506155,2026-03-22 09:25:06.155,68584.0,0.00533,A,365.55271999999997,113576641418043
1774171506517,2026-03-22 09:25:06.517,68585.0,0.001,B,68.58500000000001,776936991708963
1774171507173,2026-03-22 09:25:07.173,68584.0,0.00017,A,11.65928,871004590998679
1774171507173,2026-03-22 09:25:07.173,68584.0,0.00291,A,199.57943999999998,245709466614475
1774171507173,2026-03-22 09:25:07.173,68584.0,0.03607,A,2473.8248799999997,1080840086636991
1774171507323,2026-03-22 09:25:07.323,68584.0,0.01188,A,814.77792,982353146225691
1774171507323,2026-03-22 09:25:07.323,68583.0,0.01188,A,814.76604,759366145344991
1774171507323,2026-03-22 09:25:07.323,68583.0,0.01065,A,730.40895,595820457291749
1774171507959,2026-03-22 09:25:07.959,68584.0,0.00109,B,74.75656000000001,82889286899895
1774171508754,2026-03-22 09:25:08.754,68583.0,0.0032,A,219.46560000000002,8183305392443
1774171509151,2026-03-22 09:25:09.151,68583.0,0.001,A,68.583,888805614705437
1774171509151,2026-03-22 09:25:09.151,68583.0,0.00676,A,463.62108,84736082173343
1774171509151,2026-03-22 09:25:09.151,68584.0,0.025,B,1714.6000000000001,537082063198514
1774171510397,2026-03-22 09:25:10.397,68584.0,0.00015,B,10.2876,405242584011650
1774171510397,2026-03-22 09:25:10.397,68583.0,0.00128,A,87.78624,369246000342678
1774171510397,2026-03-22 09:25:10.397,68583.0,0.45942,A,31508.401859999998,383782744026018
1774171510794,2026-03-22 09:25:10.794,68583.0,0.00586,A,401.89637999999997,278865765702283
1774171511395,2026-03-22 09:25:11.395,68584.0,0.01458,B,999.95472,646529697102378
1774171511813,2026-03-22 09:25:11.813,68584.0,0.02916,B,1999.90944,909081143272931
1774171511813,2026-03-22 09:25:11.813,68584.0,0.00018,B,12.345120000000001,871842341223178
1774171511813,2026-03-22 09:25:11.813,68584.0,0.00017,B,11.65928,276188143776746
1774171511813,2026-03-22 09:25:11.813,68583.0,0.51183,A,35102.83689,921142720430391
1774171511813,2026-03-22 09:25:11.813,68583.0,0.07331,A,5027.81973,646166450020094
1774171511813,2026-03-22 09:25:11.813,68583.0,0.20477,A,14043.74091,5796433577599
1774171511813,2026-03-22 09:25:11.813,68583.0,0.15533,A,10652.99739,350144849705030
1774171512134,2026-03-22 09:25:12.134,68584.0,0.03646,A,2500.57264,589353944691939
1774171512616,2026-03-22 09:25:12.616,68585.0,0.19441,B,13333.60985,231110517401981
1774171512616,2026-03-22 09:25:12.616,68586.0,0.00017,B,11.65962,560899724709808
1774171512751,2026-03-22 09:25:12.751,68587.0,0.00017,B,11.659790000000001,243333147717125
1774171512751,2026-03-22 09:25:12.751,68586.0,0.0248,A,1700.9328,277485914653399
1774171512949,2026-03-22 09:25:12.949,68588.0,0.00017,B,11.659960000000002,722722276289098
1774171512949,2026-03-22 09:25:12.949,68589.0,0.00017,B,11.66013,777595756379422
1774171512949,2026-03-22 09:25:12.949,68590.0,0.003,B,205.77,1035940865510473
1774171512949,2026-03-22 09:25:12.949,68590.0,0.00017,B,11.660300000000001,290603496241982
1774171512949,2026-03-22 09:25:12.949,68591.0,0.00017,B,11.66047,876296822283885
1774171512949,2026-03-22 09:25:12.949,68591.0,0.20811,B,14274.47301,974112091004510
1774171512949,2026-03-22 09:25:12.949,68592.0,0.00015,B,10.288799999999998,3268254215289
1774171512949,2026-03-22 09:25:12.949,68592.0,0.00017,B,11.66064,612743807544347
1774171512949,2026-03-22 09:25:12.949,68593.0,0.00017,B,11.660810000000001,962675620231004
1774171512949,2026-03-22 09:25:12.949,68594.0,0.00017,B,11.66098,738419454482587
1774171512949,2026-03-22 09:25:12.949,68595.0,0.003,B,205.785,821282020538854
1774171512949,2026-03-22 09:25:12.949,68595.0,0.00017,B,11.661150000000001,506910878037131
1774171512949,2026-03-22 09:25:12.949,68596.0,0.00017,B,11.661320000000002,790458150766251
1774171512949,2026-03-22 09:25:12.949,68596.0,0.00017,B,11.661320000000002,937972937905204
1774171513038,2026-03-22 09:25:13.038,68597.0,0.00015,B,10.289549999999998,215739048597167
1774171513038,2026-03-22 09:25:13.038,68597.0,0.00017,B,11.66149,206581640730006
1774171513361,2026-03-22 09:25:13.361,68597.0,0.038,A,2606.686,129622418319584
1774171513561,2026-03-22 09:25:13.561,68598.0,0.00017,B,11.661660000000001,735557246370473
1774171513561,2026-03-22 09:25:13.561,68599.0,0.00017,B,11.66183,595766296082888
1774171513561,2026-03-22 09:25:13.561,68600.0,0.00017,B,11.662,593252868692735
1774171513561,2026-03-22 09:25:13.561,68600.0,0.00017,B,11.662,990454282260458
1774171513561,2026-03-22 09:25:13.561,68601.0,0.00017,B,11.662170000000001,367248005890212
1774171513561,2026-03-22 09:25:13.561,68601.0,0.02915,B,1999.71915,742837513944935
1774171513561,2026-03-22 09:25:13.561,68602.0,0.00017,B,11.66234,294464715325215
1774171513561,2026-03-22 09:25:13.561,68602.0,0.00015,B,10.290299999999998,690090464075677
1774171513561,2026-03-22 09:25:13.561,68602.0,0.08568,B,5877.81936,443532554367551
1774171513614,2026-03-22 09:25:13.614,68600.0,0.00022,B,15.092,212116831044412
1774171513614,2026-03-22 09:25:13.614,68602.0,0.02458,B,1686.2371600000001,116716118497400
1774171513955,2026-03-22 09:25:13.955,68602.0,0.00354,B,242.85108000000002,858020466149787
1774171514032,2026-03-22 09:25:14.032,68601.0,0.00416,A,285.38016,726243535233917
1774171514032,2026-03-22 09:25:14.032,68602.0,0.28387,B,19474.049740000002,539888817801489
1774171514032,2026-03-22 09:25:14.032,68602.0,0.003,B,205.806,361317794404404
1774171514032,2026-03-22 09:25:14.032,68602.0,0.00017,B,11.66234,158989785940121
1774171514032,2026-03-22 09:25:14.032,68603.0,0.00017,B,11.662510000000001,66143404269284
1774171514032,2026-03-22 09:25:14.032,68603.0,0.00017,B,11.662510000000001,379297484514301
1774171514032,2026-03-22 09:25:14.032,68603.0,0.00018,B,12.348540000000002,627229358961531
1774171514032,2026-03-22 09:25:14.032,68604.0,0.00017,B,11.662680000000002,1022588459827142
1774171514032,2026-03-22 09:25:14.032,68604.0,0.001,B,68.604,419263688692625
1774171514032,2026-03-22 09:25:14.032,68605.0,0.00017,B,11.66285,448675572852059
1774171514032,2026-03-22 09:25:14.032,68606.0,0.00017,B,11.663020000000001,849103536013537
1774171514032,2026-03-22 09:25:14.032,68606.0,0.00685,B,469.9511,831169571475098
1774171514032,2026-03-22 09:25:14.032,68606.0,0.05291,B,3629.94346,104928826687970
1774171514032,2026-03-22 09:25:14.032,68607.0,0.00017,B,11.66319,77828232773590
1774171514032,2026-03-22 09:25:14.032,68607.0,0.001,B,68.607,1112561582427684
1774171514032,2026-03-22 09:25:14.032,68607.0,0.00017,B,11.66319,168990211831896
1774171514032,2026-03-22 09:25:14.032,68607.0,0.02915,B,1999.8940499999999,694591815591246
1774171514032,2026-03-22 09:25:14.032,68607.0,0.003,B,205.821,184505941040522
1774171514032,2026-03-22 09:25:14.032,68608.0,0.59023,B,40494.499840000004,104948147247412
1774171514032,2026-03-22 09:25:14.032,68608.0,0.02745,B,1883.2895999999998,812888187445744
1774171514360,2026-03-22 09:25:14.360,68607.0,0.19437,A,13335.14259,977545637044115
1774171514766,2026-03-22 09:25:14.766,68608.0,0.00036,B,24.698880000000003,1130482438639
1774171514967,2026-03-22 09:25:14.967,68607.0,0.04359,A,2990.5791299999996,544870715987177
1774171515781,2026-03-22 09:25:15.781,68607.0,0.00087,A,59.68809,317439612048366
1774171515989,2026-03-22 09:25:15.989,68606.0,0.00017,A,11.663020000000001,919512320152954
1774171515989,2026-03-22 09:25:15.989,68606.0,0.00015,A,10.290899999999999,494873280639767
1774171515989,2026-03-22 09:25:15.989,68605.0,0.00017,A,11.66285,898490283609061
1774171515989,2026-03-22 09:25:15.989,68604.0,0.00017,A,11.662680000000002,1019014189570065
1774171515989,2026-03-22 09:25:15.989,68604.0,0.00015,A,10.2906,934225900482445
1774171515989,2026-03-22 09:25:15.989,68603.0,0.00017,A,11.662510000000001,704949753004092
1774171515989,2026-03-22 09:25:15.989,68602.0,0.00131,A,89.86861999999999,242225883759690
1774171515989,2026-03-22 09:25:15.989,68607.0,0.004,B,274.428,1052415745969760
1774171515989,2026-03-22 09:25:15.989,68602.0,0.00169,A,115.93738,1075568901730422
1774171515989,2026-03-22 09:25:15.989,68597.0,0.003,A,205.791,136669332811022
1774171516398,2026-03-22 09:25:16.398,68588.0,0.00022,B,15.089360000000001,347808617646956
1774171516793,2026-03-22 09:25:16.793,68587.0,0.00017,A,11.659790000000001,160870829686094
1774171516793,2026-03-22 09:25:16.793,68586.0,0.00015,A,10.287899999999999,600757664794212
1774171516793,2026-03-22 09:25:16.793,68583.0,0.00023,A,15.774090000000001,1056169347135976
1774171516793,2026-03-22 09:25:16.793,68583.0,0.00017,A,11.65911,497297586961886
1774171516793,2026-03-22 09:25:16.793,68582.0,0.00015,A,10.287299999999998,1038478901952021
1774171516793,2026-03-22 09:25:16.793,68581.0,0.00029,A,19.88849,80358570412927
1774171516793,2026-03-22 09:25:16.793,68580.0,0.00145,A,99.44099999999999,422591052627216
1774171516793,2026-03-22 09:25:16.793,68579.0,0.00015,A,10.28685,1041565673419478
1774171516793,2026-03-22 09:25:16.793,68579.0,0.00017,A,11.658430000000001,926221858266502
1774171516793,2026-03-22 09:25:16.793,68579.0,0.001,A,68.57900000000001,524005734906332
1774171516793,2026-03-22 09:25:16.793,68578.0,0.00777,A,532.85106,698046708196452
1774171517298,2026-03-22 09:25:17.298,68578.0,0.19223,A,13182.748940000001,17102209847502
1774171517298,2026-03-22 09:25:17.298,68578.0,0.00015,A,10.2867,637699409644802
1774171517298,2026-03-22 09:25:17.298,68578.0,0.00017,A,11.65826,62710507505652
1774171517298,2026-03-22 09:25:17.298,68577.0,0.00017,A,11.658090000000001,294441014117691
1774171517298,2026-03-22 09:25:17.298,68576.0,0.00017,A,11.65792,926444462240298
1774171517298,2026-03-22 09:25:17.298,68575.0,0.00017,A,11.65775,877235949073292
1774171517298,2026-03-22 09:25:17.298,68575.0,0.00017,A,11.65775,936496115120068
1774171517354,2026-03-22 09:25:17.354,68574.0,0.00015,A,10.2861,683634477285709
1774171517354,2026-03-22 09:25:17.354,68574.0,0.00037,A,25.37238,69935891352746
1774171517354,2026-03-22 09:25:17.354,68574.0,0.00017,A,11.657580000000001,789495974078782
1774171517354,2026-03-22 09:25:17.354,68574.0,0.00351,A,240.69474,343595839072530
1774171517354,2026-03-22 09:25:17.354,68574.0,0.00017,A,11.657580000000001,176389982737331
1774171517803,2026-03-22 09:25:17.803,68573.0,0.00015,A,10.28595,64064066110130
1774171517803,2026-03-22 09:25:17.803,68572.0,0.00015,A,10.285799999999998,92285699607976
1774171517803,2026-03-22 09:25:17.803,68572.0,0.00068,A,46.628960000000006,707595081274064
1774171518410,2026-03-22 09:25:18.410,68572.0,0.00108,A,74.05776,284578362366610
1774171518619,2026-03-22 09:25:18.619,68572.0,0.008,A,548.576,1112419672106531
1774171518619,2026-03-22 09:25:18.619,68572.0,0.04857,A,3330.5420400000003,280929407021346
1774171518619,2026-03-22 09:25:18.619,68572.0,0.00017,A,11.657240000000002,845631246896805
1774171518956,2026-03-22 09:25:18.956,68572.0,0.00109,B,74.74348,1124143843496579
1774171519022,2026-03-22 09:25:19.022,68571.0,0.00059,A,40.45689,327440719906165
1774171519630,2026-03-22 09:25:19.630,68572.0,0.00019,B,13.028680000000001,326966722334905
1774171519630,2026-03-22 09:25:19.630,68572.0,0.11636,B,7979.037920000001,484647925921027
1774171520160,2026-03-22 09:25:20.160,68571.0,0.00121,A,82.97090999999999,325132573949681
1774171520160,2026-03-22 09:25:20.160,68572.0,0.00018,B,12.342960000000001,1025443403196698
1774171520160,2026-03-22 09:25:20.160,68572.0,0.00156,B,106.97232,158782543370059
1774171520160,2026-03-22 09:25:20.160,68571.0,0.004,A,274.284,904038992084769
1774171520160,2026-03-22 09:25:20.160,68571.0,0.01039,A,712.45269,912028584698237
1774171520160,2026-03-22 09:25:20.160,68571.0,0.00017,A,11.657070000000001,757032981553670
1774171520160,2026-03-22 09:25:20.160,68571.0,0.01274,A,873.5945399999999,202577785102089
1774171520160,2026-03-22 09:25:20.160,68571.0,0.04654,A,3191.29434,595036242586311
1774171521044,2026-03-22 09:25:21.044,68572.0,0.00098,A,67.20056,529139505197720
1774171521044,2026-03-22 09:25:21.044,68572.0,0.00125,A,85.715,795483718736472
1774171521171,2026-03-22 09:25:21.171,68573.0,0.01028,B,704.93044,63140100098279
1774171521171,2026-03-22 09:25:21.171,68573.0,0.00015,B,10.28595,751634815946963
1774171521171,2026-03-22 09:25:21.171,68573.0,0.00017,B,11.65741,1050859349800376
1774171521171,2026-03-22 09:25:21.171,68574.0,0.00023,B,15.772020000000001,1082444351842795
1774171521171,2026-03-22 09:25:21.171,68574.0,0.00017,B,11.657580000000001,20235532088228
1774171521171,2026-03-22 09:25:21.171,68575.0,0.00017,B,11.65775,733789402921379
1774171521641,2026-03-22 09:25:21.641,68575.0,0.00146,A,100.11949999999999,573688388445434
1774171521790,2026-03-22 09:25:21.790,68576.0,0.00017,B,11.65792,91651989848556
1774171521790,2026-03-22 09:25:21.790,68577.0,0.00017,B,11.658090000000001,780628814627873
1774171521790,2026-03-22 09:25:21.790,68578.0,0.00017,B,11.65826,118246256781507
1774171521968,2026-03-22 09:25:21.968,68578.0,0.01168,A,800.99104,276020604521188
1774171521968,2026-03-22 09:25:21.968,68578.0,0.83105,A,56991.7469,713206364162029
1774171522115,2026-03-22 09:25:22.115,68578.0,0.019,A,1302.982,580230708949082
1774171522174,2026-03-22 09:25:22.174,68579.0,0.003,B,205.737,295700570055450
1774171522174,2026-03-22 09:25:22.174,68579.0,0.00017,B,11.658430000000001,575105967852292
1774171523164,2026-03-22 09:25:23.164,68580.0,0.00017,B,11.658600000000002,574355156868509
1774171523164,2026-03-22 09:25:23.164,68580.0,0.00128,B,87.78240000000001,649017628476949
1774171523528,2026-03-22 09:25:23.528,68579.0,0.025,A,1714.4750000000001,919082957799283
1774171523766,2026-03-22 09:25:23.766,68580.0,0.02788,B,1912.0104,916739890964086
1774171523766,2026-03-22 09:25:23.766,68581.0,0.00017,B,11.65877,54962074121527
1774171523766,2026-03-22 09:25:23.766,68581.0,0.00015,B,10.287149999999999,1083104412584601
1774171523766,2026-03-22 09:25:23.766,68581.0,0.00685,B,469.77985,204058232237525
1774171523766,2026-03-22 09:25:23.766,68581.0,0.05291,B,3628.6207099999997,1075194102978692
1774171523766,2026-03-22 09:25:23.766,68582.0,0.00017,B,11.658940000000001,1032149430532667
1774171523766,2026-03-22 09:25:23.766,68582.0,0.00015,B,10.287299999999998,459607357884872
1774171523766,2026-03-22 09:25:23.766,68583.0,0.00017,B,11.65911,945620583669738
1774171523766,2026-03-22 09:25:23.766,68583.0,0.00018,B,12.344940000000001,467844890955113
1774171523766,2026-03-22 09:25:23.766,68584.0,0.003,B,205.752,1085512383617292
1774171523766,2026-03-22 09:25:23.766,68584.0,0.00017,B,11.65928,162879373239747
1774171523766,2026-03-22 09:25:23.766,68584.0,0.20399,B,13990.45016,737190738867126
1774171523766,2026-03-22 09:25:23.766,68585.0,0.00017,B,11.659450000000001,340443832856830
1774171523766,2026-03-22 09:25:23.766,68585.0,0.00017,B,11.659450000000001,243928700415000
1774171523766,2026-03-22 09:25:23.766,68586.0,0.00017,B,11.65962,136221326059046
1774171523766,2026-03-22 09:25:23.766,68586.0,0.001,B,68.586,462441942313694
1774171523766,2026-03-22 09:25:23.766,68587.0,0.00017,B,11.659790000000001,779895801061192
1774171523766,2026-03-22 09:25:23.766,68587.0,0.25499,B,17488.99913,847653393360034
1774171523766,2026-03-22 09:25:23.766,68587.0,0.44754,B,30695.42598,931096452194612
1774171524658,2026-03-22 09:25:24.658,68587.0,0.00018,B,12.34566,501013728478285
1774171524658,2026-03-22 09:25:24.658,68587.0,0.00128,B,87.79136000000001,172495118515002
1774171524856,2026-03-22 09:25:24.856,68587.0,0.0061,B,418.38070000000005,383094985946985
1774171526353,2026-03-22 09:25:26.353,68586.0,0.00098,A,67.21428,928437584986335
1774171527071,2026-03-22 09:25:27.071,68586.0,0.00769,A,527.42634,33135385813665
1774171527071,2026-03-22 09:25:27.071,68587.0,0.00045,B,30.86415,251986636160241
1774171527377,2026-03-22 09:25:27.377,68587.0,0.008,B,548.696,300672267958540
1774171527771,2026-03-22 09:25:27.771,68585.0,0.00017,A,11.659450000000001,318911590199331
1774171527771,2026-03-22 09:25:27.771,68584.0,0.00017,A,11.65928,849502283683205
1774171527771,2026-03-22 09:25:27.771,68584.0,0.00364,A,249.64576,468874112372694
1774171527771,2026-03-22 09:25:27.771,68583.0,0.00015,A,10.28745,960563775503879
1774171527771,2026-03-22 09:25:27.771,68583.0,0.00017,A,11.65911,65323046747907
1774171527771,2026-03-22 09:25:27.771,68582.0,0.00017,A,11.658940000000001,1074807905206333
1774171527771,2026-03-22 09:25:27.771,68581.0,0.003,A,205.743,254549131174541
1774171527771,2026-03-22 09:25:27.771,68581.0,0.00017,A,11.65877,73326423970616
1774171527771,2026-03-22 09:25:27.771,68580.0,0.00017,A,11.658600000000002,1102456130336215
1774171527771,2026-03-22 09:25:27.771,68579.0,0.00017,A,11.658430000000001,261474397082182
1774171527771,2026-03-22 09:25:27.771,68578.0,0.001,A,68.578,92038299766721
1774171527771,2026-03-22 09:25:27.771,68578.0,0.00017,A,11.65826,4448077688743
1774171527771,2026-03-22 09:25:27.771,68577.0,0.00015,A,10.286549999999998,83199495012143
1774171527771,2026-03-22 09:25:27.771,68577.0,0.00017,A,11.658090000000001,60015251635255
1774171527771,2026-03-22 09:25:27.771,68576.0,0.003,A,205.728,203192444997768
1774171527771,2026-03-22 09:25:27.771,68576.0,0.00017,A,11.65792,244915086534852
1774171527771,2026-03-22 09:25:27.771,68575.0,0.00017,A,11.65775,258823115622868
1774171527771,2026-03-22 09:25:27.771,68574.0,0.00017,A,11.657580000000001,59836534848124
1774171527771,2026-03-22 09:25:27.771,68573.0,0.00017,A,11.65741,1000121771828257
1774171527771,2026-03-22 09:25:27.771,68572.0,0.00017,A,11.657240000000002,973699890416533
1774171527771,2026-03-22 09:25:27.771,68572.0,0.00017,A,11.657240000000002,372699582619066
1774171527771,2026-03-22 09:25:27.771,68571.0,0.00017,A,11.657070000000001,509578580433626
1774171527771,2026-03-22 09:25:27.771,68570.0,0.00348,A,238.6236,811967912553948
1774171527771,2026-03-22 09:25:27.771,68570.0,0.00017,A,11.6569,271354994171375
1774171527771,2026-03-22 09:25:27.771,68569.0,0.00015,A,10.28535,216607812547709
1774171527771,2026-03-22 09:25:27.771,68569.0,0.00017,A,11.656730000000001,573791039596004
1774171527771,2026-03-22 09:25:27.771,68568.0,0.00017,A,11.65656,127656669887078
1774171527771,2026-03-22 09:25:27.771,68568.0,0.00017,A,11.65656,571364462215580
1774171527771,2026-03-22 09:25:27.771,68567.0,0.00043,A,29.48381,1021530005596640
1774171527771,2026-03-22 09:25:27.771,68567.0,0.00022,A,15.08474,1002282564674459
1774171527771,2026-03-22 09:25:27.771,68567.0,0.00017,A,11.65639,951960103128513
1774171527771,2026-03-22 09:25:27.771,68567.0,0.00015,A,10.285049999999998,941691951552978
1774171527825,2026-03-22 09:25:27.825,68566.0,0.00017,A,11.656220000000001,332504546594936
1774171528101,2026-03-22 09:25:28.101,68565.0,0.00017,A,11.65605,385828445437218
1774171528101,2026-03-22 09:25:28.101,68564.0,0.00017,A,11.655880000000002,77643769166130
1774171528101,2026-03-22 09:25:28.101,68564.0,0.00017,A,11.655880000000002,560457013772391
1774171528101,2026-03-22 09:25:28.101,68563.0,0.00015,A,10.28445,189977455084108
1774171528101,2026-03-22 09:25:28.101,68562.0,0.001,A,68.562,427379590832675
1774171528101,2026-03-22 09:25:28.101,68561.0,0.00017,A,11.655370000000001,391195113148508
1774171528309,2026-03-22 09:25:28.309,68560.0,0.00015,A,10.283999999999999,381858847148979
1774171528309,2026-03-22 09:25:28.309,68560.0,0.00017,A,11.6552,937037275749805
1774171528309,2026-03-22 09:25:28.309,68560.0,0.00017,A,11.6552,71359594281757
1774171528309,2026-03-22 09:25:28.309,68559.0,0.00015,A,10.28385,243402019627919
1774171528309,2026-03-22 09:25:28.309,68559.0,0.00017,A,11.65503,621778516450823
1774171528401,2026-03-22 09:25:28.401,68558.0,0.00017,A,11.654860000000001,171080797721665
1774171528401,2026-03-22 09:25:28.401,68557.0,0.00015,A,10.28355,1090419558715971
1774171528401,2026-03-22 09:25:28.401,68557.0,0.00017,A,11.65469,591171858040308
1774171528401,2026-03-22 09:25:28.401,68556.0,0.00072,A,49.36032,896766282730429
1774171528401,2026-03-22 09:25:28.401,68556.0,0.00017,A,11.654520000000002,317334931047456
1774171528401,2026-03-22 09:25:28.401,68555.0,0.01431,A,981.02205,303034502587301
1774171528401,2026-03-22 09:25:28.401,68555.0,0.03569,A,2446.72795,236280872711196
1774171528401,2026-03-22 09:25:28.401,68555.0,0.00017,A,11.65435,293812996389500
1774171528519,2026-03-22 09:25:28.519,68554.0,0.01808,A,1239.45632,53242954815784
1774171528519,2026-03-22 09:25:28.519,68554.0,0.00017,A,11.65418,1099489108199408
1774171528923,2026-03-22 09:25:28.923,68553.0,0.00017,A,11.654010000000001,465941111985478
1774171528923,2026-03-22 09:25:28.923,68553.0,0.00017,A,11.654010000000001,221209527413177
1774171528923,2026-03-22 09:25:28.923,68552.0,0.00017,A,11.65384,243461081279643
1774171528923,2026-03-22 09:25:28.923,68551.0,0.00017,A,11.65367,170236727020495
1774171528923,2026-03-22 09:25:28.923,68551.0,0.00015,A,10.282649999999999,1091279444308933
1774171528923,2026-03-22 09:25:28.923,68551.0,0.00017,A,11.65367,844585212350349
1774171528923,2026-03-22 09:25:28.923,68550.0,0.009,A,616.9499999999999,655667434683037
1774171529122,2026-03-22 09:25:29.122,68551.0,0.00035,B,23.99285,821989461171661
1774171529122,2026-03-22 09:25:29.122,68551.0,0.00075,B,51.41325,417623695332747
1774171529661,2026-03-22 09:25:29.661,68550.0,0.00098,A,67.179,198199744758194
1774171529872,2026-03-22 09:25:29.872,68550.0,0.00793,A,543.6015,139449692963243
1774171529872,2026-03-22 09:25:29.872,68550.0,0.00017,A,11.653500000000001,717496206524564
1774171529872,2026-03-22 09:25:29.872,68549.0,0.00017,A,11.65333,712185825503550
1774171531014,2026-03-22 09:25:31.014,68548.0,0.00237,A,162.45876,964907417451178
1774171531990,2026-03-22 09:25:31.990,68549.0,0.00268,B,183.71132,778754456735679
1774171531990,2026-03-22 09:25:31.990,68548.0,0.19763,A,13547.14124,1092811388593783
1774171531990,2026-03-22 09:25:31.990,68548.0,0.29857,A,20466.37636,850741385746444
1774171532138,2026-03-22 09:25:32.138,68549.0,0.00547,B,374.96303,389829763971108
1774171533294,2026-03-22 09:25:33.294,68548.0,0.00029,A,19.87892,249231064994756
1774171533354,2026-03-22 09:25:33.354,68549.0,0.00145,B,99.39604999999999,633103736511382
1774171533884,2026-03-22 09:25:33.884,68549.0,0.00072,B,49.35528,1082091531722253
1774171533884,2026-03-22 09:25:33.884,68549.0,0.00029,B,19.87921,772818148527988
1774171533962,2026-03-22 09:25:33.962,68549.0,0.00109,B,74.71841,918924083673851
1774171534161,2026-03-22 09:25:34.161,68548.0,0.0051,A,349.5948,396022893319042
1774171534161,2026-03-22 09:25:34.161,68549.0,0.00017,B,11.65333,190603216557985
1774171534290,2026-03-22 09:25:34.290,68548.0,0.00045,A,30.8466,663634261013846
1774171534374,2026-03-22 09:25:34.374,68549.0,1e-05,B,0.68549,1002138550296241
1774171534374,2026-03-22 09:25:34.374,68549.0,0.02917,B,1999.5743300000001,132849585586099
1774171534374,2026-03-22 09:25:34.374,68549.0,0.00685,B,469.56065,444829919406161
1774171534374,2026-03-22 09:25:34.374,68549.0,0.0022,B,150.80780000000001,836890563787394
1774171534374,2026-03-22 09:25:34.374,68550.0,0.00015,B,10.282499999999999,271163740515521
1774171534374,2026-03-22 09:25:34.374,68551.0,0.15004,B,10285.39204,382300784458359
1774171534374,2026-03-22 09:25:34.374,68551.0,0.00015,B,10.282649999999999,1021620568632242
1774171534697,2026-03-22 09:25:34.697,68551.0,0.00098,A,67.17998,841827534493401
1774171534739,2026-03-22 09:25:34.739,68552.0,0.00291,A,199.48631999999998,316447995430539
1774171534888,2026-03-22 09:25:34.888,68553.0,0.001,B,68.553,662287544156864
1774171534888,2026-03-22 09:25:34.888,68553.0,0.00031,B,21.25143,162813453502362
1774171535020,2026-03-22 09:25:35.020,68552.0,0.00142,A,97.34384,340024602249901
1774171536814,2026-03-22 09:25:36.814,68552.0,0.0103,A,706.0856,775246310491385
1774171537222,2026-03-22 09:25:37.222,68551.0,0.00025,A,17.13775,324648317019352
1774171537222,2026-03-22 09:25:37.222,68548.0,0.00017,A,11.653160000000002,327230012569259
1774171537222,2026-03-22 09:25:37.222,68548.0,0.00015,A,10.2822,203152481260568
1774171537222,2026-03-22 09:25:37.222,68548.0,0.00233,A,159.71684,848087532653115
1774171537850,2026-03-22 09:25:37.850,68548.0,0.00178,A,122.01544,906632697494721
1774171537850,2026-03-22 09:25:37.850,68548.0,0.00011,A,7.54028,1060992182428895
1774171537850,2026-03-22 09:25:37.850,68548.0,0.00087,A,59.63676,399452615622284
1774171538015,2026-03-22 09:25:38.015,68549.0,0.00016,B,10.96784,909269220859901
1774171539670,2026-03-22 09:25:39.670,68548.0,0.00058,A,39.75784,776602265430652
1774171540065,2026-03-22 09:25:40.065,68549.0,0.00017,B,11.65333,711090129356793
1774171540065,2026-03-22 09:25:40.065,68550.0,0.00017,B,11.653500000000001,578243251564103
1774171540065,2026-03-22 09:25:40.065,68550.0,0.00015,B,10.282499999999999,498599878471269
1774171540065,2026-03-22 09:25:40.065,68551.0,0.00015,B,10.282649999999999,398866284095499
1774171540065,2026-03-22 09:25:40.065,68551.0,0.00017,B,11.65367,496841467328398
1774171540065,2026-03-22 09:25:40.065,68552.0,0.00015,B,10.2828,987344715831561
1774171540065,2026-03-22 09:25:40.065,68552.0,0.00017,B,11.65384,949337111013416
1774171540065,2026-03-22 09:25:40.065,68553.0,0.00017,B,11.654010000000001,1094084694591560
1774171540065,2026-03-22 09:25:40.065,68554.0,0.003,B,205.662,876073588150873
1774171540065,2026-03-22 09:25:40.065,68554.0,0.00017,B,11.65418,119353049809753
1774171540065,2026-03-22 09:25:40.065,68555.0,0.00017,B,11.65435,239600966043797
1774171540156,2026-03-22 09:25:40.156,68556.0,0.00017,B,11.654520000000002,568337306576197
1774171540156,2026-03-22 09:25:40.156,68556.0,0.00017,B,11.654520000000002,740007730441433
1774171540156,2026-03-22 09:25:40.156,68557.0,0.00017,B,11.65469,987477474754649
1774171540156,2026-03-22 09:25:40.156,68558.0,0.00017,B,11.654860000000001,354808262864140
1774171540156,2026-03-22 09:25:40.156,68559.0,0.003,B,205.677,769146772027923
1774171540156,2026-03-22 09:25:40.156,68559.0,0.00017,B,11.65503,20369866291931
1774171540156,2026-03-22 09:25:40.156,68560.0,0.00017,B,11.6552,307981571253446
1774171540156,2026-03-22 09:25:40.156,68560.0,0.00017,B,11.6552,388827375554314
1774171540156,2026-03-22 09:25:40.156,68561.0,0.00015,B,10.284149999999999,998478912360216
1774171540156,2026-03-22 09:25:40.156,68561.0,0.00017,B,11.655370000000001,852347978812137
1774171540156,2026-03-22 09:25:40.156,68562.0,0.00017,B,11.65554,930478982423711
1774171540156,2026-03-22 09:25:40.156,68563.0,0.00017,B,11.655710000000001,473156937523241
1774171540156,2026-03-22 09:25:40.156,68563.0,0.00017,B,11.655710000000001,885354997294225
1774171540156,2026-03-22 09:25:40.156,68563.0,0.00665,B,455.94395,795441125483145
1774171541066,2026-03-22 09:25:41.066,68563.0,0.00018,A,12.34134,834890349153326
1774171541066,2026-03-22 09:25:41.066,68563.0,0.0248,A,1700.3624,471041060690766
1774171541150,2026-03-22 09:25:41.150,68564.0,0.00017,B,11.655880000000002,357677099610683
1774171541150,2026-03-22 09:25:41.150,68564.0,0.00129,B,88.44756,759703467252799
1774171541277,2026-03-22 09:25:41.277,68564.0,0.00462,B,316.76568,214604895255041
1774171541277,2026-03-22 09:25:41.277,68564.0,0.01932,B,1324.65648,836873236717603
1774171541277,2026-03-22 09:25:41.277,68565.0,0.00017,B,11.65605,26575859666421
1774171541277,2026-03-22 09:25:41.277,68565.0,0.0002,B,13.713000000000001,409216954474325
1774171541277,2026-03-22 09:25:41.277,68565.0,0.00015,B,10.284749999999999,737624479774585
1774171541277,2026-03-22 09:25:41.277,68566.0,0.00017,B,11.656220000000001,193444775005708
1774171541277,2026-03-22 09:25:41.277,68566.0,0.00036,B,24.683760000000003,863228975762468
1774171541277,2026-03-22 09:25:41.277,68567.0,0.00017,B,11.65639,1032938773146947
1774171541277,2026-03-22 09:25:41.277,68567.0,0.00017,B,11.65639,754856943955185
1774171541277,2026-03-22 09:25:41.277,68567.0,0.00015,B,10.285049999999998,905994415372397
1774171541277,2026-03-22 09:25:41.277,68568.0,0.00017,B,11.65656,302137382682812
1774171541277,2026-03-22 09:25:41.277,68569.0,0.00017,B,11.656730000000001,1055232959086534
1774171541277,2026-03-22 09:25:41.277,68569.0,0.00685,B,469.69765,604028314303736
1774171541277,2026-03-22 09:25:41.277,68570.0,0.00017,B,11.6569,48695717928616
1774171541277,2026-03-22 09:25:41.277,68570.0,0.00018,B,12.342600000000001,328431141699220
1774171541277,2026-03-22 09:25:41.277,68571.0,0.00017,B,11.657070000000001,206110150778352
1774171541277,2026-03-22 09:25:41.277,68571.0,0.00017,B,11.657070000000001,594595892995043
1774171541277,2026-03-22 09:25:41.277,68571.0,0.00015,B,10.285649999999999,859016907928728
1774171541277,2026-03-22 09:25:41.277,68573.0,0.29186,B,20013.715780000002,734192526048611
1774171541277,2026-03-22 09:25:41.277,68574.0,0.00017,B,11.657580000000001,157311092538566
1774171541277,2026-03-22 09:25:41.277,68574.0,0.07908,B,5422.83192,972791191402660
1774171541662,2026-03-22 09:25:41.662,68573.0,0.04476,A,3069.32748,310184925496824
1774171541662,2026-03-22 09:25:41.662,68573.0,0.01074,A,736.47402,207982227023517
1774171543184,2026-03-22 09:25:43.184,68573.0,0.00098,A,67.20154,1124228203229268
1774171543621,2026-03-22 09:25:43.621,68573.0,0.04902,A,3361.44846,587921129948378
1774171543812,2026-03-22 09:25:43.812,68572.0,0.00015,A,10.285799999999998,991405470219772
1774171543812,2026-03-22 09:25:43.812,68572.0,0.00017,A,11.657240000000002,29834631198771
1774171543812,2026-03-22 09:25:43.812,68571.0,0.00017,A,11.657070000000001,1089068134314647
1774171543812,2026-03-22 09:25:43.812,68570.0,0.00017,A,11.6569,867467053665505
1774171543996,2026-03-22 09:25:43.996,68569.0,0.00017,A,11.656730000000001,1007678719289770
1774171543996,2026-03-22 09:25:43.996,68568.0,0.003,A,205.704,603356940173307
1774171543996,2026-03-22 09:25:43.996,68568.0,0.00017,A,11.65656,890078592800169
1774171543996,2026-03-22 09:25:43.996,68567.0,0.00015,A,10.285049999999998,1058217727651441
1774171543996,2026-03-22 09:25:43.996,68567.0,0.00017,A,11.65639,185280530959098
1774171543996,2026-03-22 09:25:43.996,68566.0,0.00017,A,11.656220000000001,741947687345516
1774171543996,2026-03-22 09:25:43.996,68565.0,0.00017,A,11.65605,604983497178207
1774171543996,2026-03-22 09:25:43.996,68564.0,0.00017,A,11.655880000000002,89838316427244
1774171543996,2026-03-22 09:25:43.996,68563.0,0.09583,A,6570.39229,235760066143996
1774171544093,2026-03-22 09:25:44.093,68563.0,0.00416,A,285.22207999999995,974023862501133
1774171544093,2026-03-22 09:25:44.093,68563.0,0.00015,A,10.28445,885517879014403
1774171545703,2026-03-22 09:25:45.703,68564.0,0.00612,B,419.61168,181971332582695
1774171545841,2026-03-22 09:25:45.841,68563.0,0.00038,A,26.05394,960789865739653
1774171545841,2026-03-22 09:25:45.841,68563.0,0.00017,A,11.655710000000001,1074572292849047
1774171545841,2026-03-22 09:25:45.841,68563.0,0.08113,A,5562.516189999999,321945065438359
1774171546451,2026-03-22 09:25:46.451,68564.0,0.00566,B,388.07224,635544859566690
1774171546562,2026-03-22 09:25:46.562,68564.0,0.02826,B,1937.61864,99463391814723
1774171546707,2026-03-22 09:25:46.707,68563.0,0.00098,A,67.19174,390543634127670
1774171547248,2026-03-22 09:25:47.248,68564.0,0.05923,B,4061.04572,274428815761715
1774171547448,2026-03-22 09:25:47.448,68564.0,0.0002,B,13.712800000000001,120901291302054
1774171549063,2026-03-22 09:25:49.063,68563.0,0.00052,A,35.652759999999994,257871493828606
1774171549586,2026-03-22 09:25:49.586,68563.0,0.00364,A,249.56932,1044501195915625
1774171551624,2026-03-22 09:25:51.624,68564.0,0.00023,B,15.769720000000001,610033914523300
1774171551737,2026-03-22 09:25:51.737,68563.0,0.00098,A,67.19174,1050199540575686
1774171551823,2026-03-22 09:25:51.823,68564.0,0.00025,B,17.141000000000002,709589711096188
1774171551823,2026-03-22 09:25:51.823,68564.0,0.00017,B,11.655880000000002,390071601550439
1774171552281,2026-03-22 09:25:52.281,68566.0,0.00037,B,25.369419999999998,930267527993594
1774171552281,2026-03-22 09:25:52.281,68566.0,0.00015,B,10.284899999999999,672595781024068
1774171552281,2026-03-22 09:25:52.281,68566.0,0.00017,B,11.656220000000001,1106619735171127
1774171553296,2026-03-22 09:25:53.296,68567.0,0.15,B,10285.05,3884321466786
1774171553296,2026-03-22 09:25:53.296,68567.0,0.00017,B,11.65639,560737956702406
1774171553296,2026-03-22 09:25:53.296,68568.0,0.00017,B,11.65656,254750755533489
1774171553296,2026-03-22 09:25:53.296,68568.0,0.00015,B,10.2852,333312142918390
1774171553447,2026-03-22 09:25:53.447,68569.0,0.003,B,205.707,941192027582113
1774171553447,2026-03-22 09:25:53.447,68569.0,0.00017,B,11.656730000000001,528678787007542
1774171553705,2026-03-22 09:25:53.705,68570.0,1e-05,B,0.6857000000000001,475833917879577
1774171553951,2026-03-22 09:25:53.951,68569.0,0.0003,A,20.5707,399371037977723
1774171554151,2026-03-22 09:25:54.151,68570.0,0.00016,B,10.971200000000001,368953558671950
1774171554151,2026-03-22 09:25:54.151,68571.0,0.00017,B,11.657070000000001,792320136322925
1774171554151,2026-03-22 09:25:54.151,68571.0,0.00017,B,11.657070000000001,376087571310992
1774171554354,2026-03-22 09:25:54.354,68572.0,0.00017,B,11.657240000000002,370697390414723
1774171554354,2026-03-22 09:25:54.354,68573.0,0.00017,B,11.65741,467883523548745
1774171554354,2026-03-22 09:25:54.354,68573.0,0.00437,B,299.66400999999996,649589550139186
1774171554533,2026-03-22 09:25:54.533,68574.0,0.00017,B,11.657580000000001,986606563841858
1774171554533,2026-03-22 09:25:54.533,68574.0,0.003,B,205.722,856653598489314
1774171554533,2026-03-22 09:25:54.533,68574.0,0.00017,B,11.657580000000001,428510734471440
1774171554756,2026-03-22 09:25:54.756,68575.0,0.00017,B,11.65775,33247059242093
1774171554756,2026-03-22 09:25:54.756,68576.0,0.00017,B,11.65792,1012434687373704
1774171554756,2026-03-22 09:25:54.756,68576.0,0.00015,B,10.286399999999999,60749083290038
1774171555158,2026-03-22 09:25:55.158,68577.0,0.00017,B,11.658090000000001,779657899245232
1774171555760,2026-03-22 09:25:55.760,68578.0,0.00017,B,11.65826,892769902559610
1774171555760,2026-03-22 09:25:55.760,68579.0,0.00017,B,11.658430000000001,323464985412563
1774171555760,2026-03-22 09:25:55.760,68580.0,0.00017,B,11.658600000000002,658106325026803
1774171555760,2026-03-22 09:25:55.760,68580.0,0.00022,B,15.0876,806269957391522
1774171555760,2026-03-22 09:25:55.760,68580.0,0.003,B,205.74,954966026831647
1774171555760,2026-03-22 09:25:55.760,68581.0,0.00017,B,11.65877,302205968743547
1774171555760,2026-03-22 09:25:55.760,68581.0,0.00015,B,10.287149999999999,782952612682806
1774171555760,2026-03-22 09:25:55.760,68582.0,0.00017,B,11.658940000000001,30389846344730
1774171555760,2026-03-22 09:25:55.760,68582.0,0.00017,B,11.658940000000001,20358429122074
1774171556081,2026-03-22 09:25:56.081,68582.0,0.01281,A,878.53542,946864446795412
1774171556566,2026-03-22 09:25:56.566,68583.0,0.00017,B,11.65911,1021622606718126
1774171556566,2026-03-22 09:25:56.566,68583.0,0.00983,B,674.17089,261786041410062
1774171556636,2026-03-22 09:25:56.636,68581.0,0.00015,A,10.287149999999999,719141803839865
1774171556636,2026-03-22 09:25:56.636,68573.0,0.00083,A,56.91559,1051589145049426
1774171557163,2026-03-22 09:25:57.163,68574.0,0.0236,B,1618.3464,883089065902358
1774171557523,2026-03-22 09:25:57.523,68573.0,0.06952,A,4767.19496,149561412034614
1774171557523,2026-03-22 09:25:57.523,68573.0,0.06833,A,4685.59309,1066599002391079
1774171557523,2026-03-22 09:25:57.523,68573.0,0.16215,A,11119.111949999999,816687795331562
1774171558134,2026-03-22 09:25:58.134,68574.0,0.07544,B,5173.222559999999,709247965919529
1774171559180,2026-03-22 09:25:59.180,68574.0,0.00022,B,15.08628,1024362126662587
1774171561050,2026-03-22 09:26:01.050,68573.0,0.00238,A,163.20374,1032413496914598
1774171561111,2026-03-22 09:26:01.111,68573.0,6e-05,A,4.11438,522993161827383
1774171561653,2026-03-22 09:26:01.653,68574.0,0.00017,B,11.657580000000001,606873003460592
1774171561923,2026-03-22 09:26:01.923,68576.0,0.00017,B,11.65792,806129715629234
1774171561923,2026-03-22 09:26:01.923,68577.0,0.00017,B,11.658090000000001,760115701401954
1774171561923,2026-03-22 09:26:01.923,68578.0,0.00017,B,11.65826,97043281532248
1774171561923,2026-03-22 09:26:01.923,68578.0,0.00017,B,11.65826,595515341093277
1774171561923,2026-03-22 09:26:01.923,68579.0,0.003,B,205.737,626451229725228
1774171561923,2026-03-22 09:26:01.923,68579.0,0.00017,B,11.658430000000001,868972396469811
1774171561923,2026-03-22 09:26:01.923,68579.0,0.00036,B,24.68844,136054509796624
1774171561997,2026-03-22 09:26:01.997,68579.0,0.00438,B,300.37602000000004,56206857509247
1774171562328,2026-03-22 09:26:02.328,68579.0,0.00022,B,15.087380000000001,737567981760815
1774171562923,2026-03-22 09:26:02.923,68579.0,0.00015,B,10.28685,630288672430242
1774171564077,2026-03-22 09:26:04.077,68578.0,0.00141,A,96.69498,118467684744878
1774171565705,2026-03-22 09:26:05.705,68579.0,0.00017,B,11.658430000000001,1069307519625722
1774171565705,2026-03-22 09:26:05.705,68580.0,0.00017,B,11.658600000000002,221109048250124
1774171565907,2026-03-22 09:26:05.907,68581.0,6e-05,B,4.11486,704381108106972
1774171566106,2026-03-22 09:26:06.106,68581.0,0.00011,B,7.54391,513899675556808
1774171566106,2026-03-22 09:26:06.106,68582.0,0.00017,B,11.658940000000001,229575635221482
1774171566106,2026-03-22 09:26:06.106,68582.0,0.00017,B,11.658940000000001,141522580839503
1774171566106,2026-03-22 09:26:06.106,68583.0,0.00017,B,11.65911,110166739768234
1774171566106,2026-03-22 09:26:06.106,68584.0,0.00017,B,11.65928,279983003507364
1774171566106,2026-03-22 09:26:06.106,68585.0,0.00017,B,11.659450000000001,654863322760210
1774171566106,2026-03-22 09:26:06.106,68585.0,0.00017,B,11.659450000000001,572424614510745
1774171566106,2026-03-22 09:26:06.106,68586.0,0.00017,B,11.65962,1051258773482718
1774171566106,2026-03-22 09:26:06.106,68586.0,0.00042,A,28.80612,933097747053048
1774171566106,2026-03-22 09:26:06.106,68586.0,0.01125,A,771.5925,776886153639363
1774171567326,2026-03-22 09:26:07.326,68587.0,0.0002,B,13.717400000000001,278085205139488
1774171567326,2026-03-22 09:26:07.326,68587.0,0.00017,B,11.659790000000001,816748320956719
1774171567326,2026-03-22 09:26:07.326,68587.0,0.00018,B,12.34566,468938278797472
1774171567326,2026-03-22 09:26:07.326,68587.0,0.00975,B,668.72325,205497584880414
1774171567326,2026-03-22 09:26:07.326,68587.0,0.0117,B,802.4679,1115349756577018
1774171567326,2026-03-22 09:26:07.326,68587.0,0.0248,B,1700.9576,838699834357026
1774171567933,2026-03-22 09:26:07.933,68587.0,0.00291,B,199.58817,873635190790213
1774171568027,2026-03-22 09:26:08.027,68587.0,0.00016,B,10.973920000000001,176586233453843
1774171568184,2026-03-22 09:26:08.184,68587.0,0.00359,B,246.22733,695992844436448
1774171568184,2026-03-22 09:26:08.184,68587.0,1.58061,B,108409.29807,343634493716708
1774171568184,2026-03-22 09:26:08.184,68587.0,0.01457,B,999.31259,209353604431526
1774171568184,2026-03-22 09:26:08.184,68587.0,0.06893,B,4727.701910000001,257824885032771
1774171568184,2026-03-22 09:26:08.184,68587.0,0.00291,B,199.58817,231747194457366
1774171568184,2026-03-22 09:26:08.184,68587.0,0.07471,B,5124.13477,773591528703674
1774171568184,2026-03-22 09:26:08.184,68587.0,0.06276,B,4304.52012,769367792212921
1774171568184,2026-03-22 09:26:08.184,68587.0,0.07287,B,4997.93469,643272664622640
1774171568184,2026-03-22 09:26:08.184,68587.0,0.03809,B,2612.47883,1056183175040078
1774171568184,2026-03-22 09:26:08.184,68587.0,0.124,B,8504.788,927409607000293
1774171568184,2026-03-22 09:26:08.184,68587.0,0.34719,B,23812.72053,397087548474047
1774171568184,2026-03-22 09:26:08.184,68587.0,0.36142,B,24788.71354,374032294085518
1774171568184,2026-03-22 09:26:08.184,68587.0,0.02489,B,1707.13043,831280672199784
1774171568184,2026-03-22 09:26:08.184,68587.0,0.07966,B,5463.64042,421251402981350
1774171568184,2026-03-22 09:26:08.184,68587.0,0.06411,B,4397.11257,447180399494412
1774171568184,2026-03-22 09:26:08.184,68587.0,0.00488,B,334.70455999999996,165299594366011
1774171568184,2026-03-22 09:26:08.184,68587.0,0.04472,B,3067.2106400000002,412785984923343
1774171568184,2026-03-22 09:26:08.184,68587.0,0.10257,B,7034.9685899999995,799258634474644
1774171568184,2026-03-22 09:26:08.184,68587.0,0.03708,B,2543.2059600000002,531761770200277
1774171568184,2026-03-22 09:26:08.184,68587.0,0.08794,B,6031.54078,250198464191342
1774171568184,2026-03-22 09:26:08.184,68587.0,0.02916,B,1999.9969199999998,399793542245380
1774171568184,2026-03-22 09:26:08.184,68587.0,0.03825,B,2623.45275,22647229791716
1774171568184,2026-03-22 09:26:08.184,68587.0,0.05103,B,3499.9946099999997,625766424790015
1774171568184,2026-03-22 09:26:08.184,68587.0,0.07475,B,5126.87825,44790089772127
1774171568184,2026-03-22 09:26:08.184,68587.0,0.01,B,685.87,640259630221721
1774171568184,2026-03-22 09:26:08.184,68587.0,0.00017,B,11.659790000000001,955935531048021
1774171568184,2026-03-22 09:26:08.184,68587.0,0.00018,B,12.34566,53802492276391
1774171568184,2026-03-22 09:26:08.184,68587.0,1.45738,B,99957.32205999999,928087462645326
1774171568184,2026-03-22 09:26:08.184,68588.0,0.00017,B,11.659960000000002,959198358809300
1774171568184,2026-03-22 09:26:08.184,68588.0,0.003,B,205.764,443119550812290
1774171568184,2026-03-22 09:26:08.184,68588.0,0.14531,B,9966.52228,967735145586118
1774171569350,2026-03-22 09:26:09.350,68587.0,0.00083,A,56.92721,50655431714825
1774171569428,2026-03-22 09:26:09.428,68587.0,0.01375,A,943.07125,1122833509050085
1774171569428,2026-03-22 09:26:09.428,68587.0,0.35949,A,24656.34063,936516877150021
1774171569428,2026-03-22 09:26:09.428,68587.0,0.10337,A,7089.83819,776408541483660
1774171569843,2026-03-22 09:26:09.843,68588.0,0.07341,B,5035.04508,59874960979188
1774171569843,2026-03-22 09:26:09.843,68588.0,0.04081,B,2799.0762799999998,190235153869008
1774171569843,2026-03-22 09:26:09.843,68588.0,0.12228,B,8386.94064,45298136140630
1774171570228,2026-03-22 09:26:10.228,68587.0,0.00208,A,142.66096,441994352308226
1774171570635,2026-03-22 09:26:10.635,68588.0,0.00033,B,22.63404,886271910840024
1774171571034,2026-03-22 09:26:11.034,68587.0,0.00018,A,12.34566,175889074010377
1774171571034,2026-03-22 09:26:11.034,68588.0,0.09272,B,6359.479359999999,1079966982819158
1774171571848,2026-03-22 09:26:11.848,68587.0,0.02475,A,1697.52825,578056154601378
1774171571970,2026-03-22 09:26:11.970,68587.0,0.00049,A,33.60763,404123012873453
1774171572186,2026-03-22 09:26:12.186,68587.0,0.00343,A,235.25341,202177476339030
1774171573662,2026-03-22 09:26:13.662,68587.0,0.00016,A,10.973920000000001,166731854662023
1774171574054,2026-03-22 09:26:14.054,68587.0,0.00416,A,285.32192,851796655516236
1774171574054,2026-03-22 09:26:14.054,68588.0,0.00017,B,11.659960000000002,702575114938787
1774171574054,2026-03-22 09:26:14.054,68589.0,0.00017,B,11.66013,1115230692584426
1774171574054,2026-03-22 09:26:14.054,68589.0,0.00017,B,11.66013,739326064798306
1774171574054,2026-03-22 09:26:14.054,68589.0,0.00015,B,10.28835,884133251901798
1774171574054,2026-03-22 09:26:14.054,68590.0,0.00017,B,11.660300000000001,827292857767652
1774171574054,2026-03-22 09:26:14.054,68590.0,0.00071,B,48.6989,920456397277864
1774171574112,2026-03-22 09:26:14.112,68590.0,0.00146,B,100.14139999999999,637812081957134
1774171574400,2026-03-22 09:26:14.400,68589.0,0.0578,A,3964.4442,113308319970464
1774171574522,2026-03-22 09:26:14.522,68590.0,0.001,B,68.59,146966340196685
1774171576281,2026-03-22 09:26:16.281,68590.0,0.00169,B,115.9171,784139393864497
1774171576675,2026-03-22 09:26:16.675,68589.0,0.02002,A,1373.15178,120881186670741
1774171576847,2026-03-22 09:26:16.847,68589.0,0.0024,A,164.6136,409912024316595
1774171577061,2026-03-22 09:26:17.061,68589.0,0.00028,A,19.204919999999998,541241619832274
1774171578252,2026-03-22 09:26:18.252,68590.0,0.0024,B,164.61599999999999,714136432326561
1774171578928,2026-03-22 09:26:18.928,68590.0,0.00801,B,549.4059,710692576840181
1774171579057,2026-03-22 09:26:19.057,68589.0,0.00048,A,32.92272,625962279885320
1774171579530,2026-03-22 09:26:19.530,68589.0,0.3652,A,25048.702800000003,616170391971610
1774171579530,2026-03-22 09:26:19.530,68589.0,0.21,A,14403.689999999999,137492242520597
1774171579530,2026-03-22 09:26:19.530,68589.0,0.35,A,24006.149999999998,900387534400461
1774171579530,2026-03-22 09:26:19.530,68589.0,0.21,A,14403.689999999999,645177343633553
1774171579530,2026-03-22 09:26:19.530,68589.0,0.21,A,14403.689999999999,185577632285567
1774171579530,2026-03-22 09:26:19.530,68589.0,0.21,A,14403.689999999999,286299756583092
1774171579530,2026-03-22 09:26:19.530,68589.0,0.14884,A,10208.78676,760018214864434
1774171579530,2026-03-22 09:26:19.530,68589.0,0.07307,A,5011.798229999999,390293596900138
1774171580471,2026-03-22 09:26:20.471,68590.0,0.00019,B,13.032100000000002,712640331004372
1774171580662,2026-03-22 09:26:20.662,68590.0,0.01369,B,938.9971,646057171480886
1774171580662,2026-03-22 09:26:20.662,68590.0,0.00017,B,11.660300000000001,527903511671787
1774171580662,2026-03-22 09:26:20.662,68590.0,0.00684,B,469.1556,32509125496516
1774171582145,2026-03-22 09:26:22.145,68590.0,0.06,B,4115.4,72289721240967
1774171582145,2026-03-22 09:26:22.145,68590.0,0.01831,B,1255.8829,933681254340015
1774171583084,2026-03-22 09:26:23.084,68589.0,0.05,A,3429.4500000000003,992429432061359
1774171583084,2026-03-22 09:26:23.084,68589.0,0.00291,A,199.59399,783081423425637
1774171583084,2026-03-22 09:26:23.084,68589.0,2e-05,A,1.3717800000000002,122816677107206
1774171584357,2026-03-22 09:26:24.357,68589.0,0.00022,A,15.08958,867831683036284
1774171584357,2026-03-22 09:26:24.357,68589.0,0.00022,A,15.08958,65724559832017
1774171585234,2026-03-22 09:26:25.234,68590.0,0.00038,B,26.064200000000003,808841753393157
1774171585234,2026-03-22 09:26:25.234,68590.0,0.00017,B,11.660300000000001,880951658709061
1774171585234,2026-03-22 09:26:25.234,68591.0,0.00017,B,11.66047,184864491228138
1774171585234,2026-03-22 09:26:25.234,68592.0,0.00017,B,11.66064,822702285221884
1774171585234,2026-03-22 09:26:25.234,68592.0,0.00017,B,11.66064,800288716408898
1774171585234,2026-03-22 09:26:25.234,68593.0,0.00017,B,11.660810000000001,178254075646740
1774171585234,2026-03-22 09:26:25.234,68594.0,0.00017,B,11.66098,219419579589567
1774171585234,2026-03-22 09:26:25.234,68595.0,0.00017,B,11.661150000000001,749570801990967
1774171585234,2026-03-22 09:26:25.234,68596.0,0.00017,B,11.661320000000002,824899817213569
1774171585234,2026-03-22 09:26:25.234,68596.0,0.00017,B,11.661320000000002,1092903305831529
1774171585234,2026-03-22 09:26:25.234,68596.0,0.00265,B,181.7794,1119428634258141
1774171586800,2026-03-22 09:26:26.800,68595.0,0.0117,A,802.5615,843953287418054
1774171586800,2026-03-22 09:26:26.800,68596.0,0.0006,B,41.157599999999995,199788467955824
1774171586990,2026-03-22 09:26:26.990,68595.0,0.00456,A,312.7932,105116756064162
1774171587194,2026-03-22 09:26:27.194,68596.0,0.00675,B,463.02299999999997,839950467179119
1774171587194,2026-03-22 09:26:27.194,68596.0,0.00017,B,11.661320000000002,1018245511969699
1774171587420,2026-03-22 09:26:27.420,68596.0,0.0248,A,1701.1807999999999,248879390708669
1774171587420,2026-03-22 09:26:27.420,68597.0,0.003,B,205.791,1054287918790558
1774171587420,2026-03-22 09:26:27.420,68597.0,0.00017,B,11.66149,167005668053304
1774171587827,2026-03-22 09:26:27.827,68597.0,0.00755,A,517.9073500000001,983553325499368
1774171587827,2026-03-22 09:26:27.827,68597.0,1.02048,A,70001.86656000001,355677805322340
1774171587827,2026-03-22 09:26:27.827,68597.0,0.11589,A,7949.706330000001,909370389461806
1774171587827,2026-03-22 09:26:27.827,68597.0,0.47725,A,32737.91825,364655740475983
1774171587827,2026-03-22 09:26:27.827,68599.0,0.00017,B,11.66183,743697974090964
1774171587827,2026-03-22 09:26:27.827,68599.0,0.01028,B,705.1977199999999,314502050515660
1774171588041,2026-03-22 09:26:28.041,68599.0,0.00145,B,99.46855,277589641315678
1774171588041,2026-03-22 09:26:28.041,68599.0,0.00029,B,19.89371,186654354851993
1774171588234,2026-03-22 09:26:28.234,68599.0,0.00725,B,497.34275,944365948444184
1774171588234,2026-03-22 09:26:28.234,68599.0,0.00017,B,11.66183,117161174688094
1774171588754,2026-03-22 09:26:28.754,68599.0,0.00971,B,666.09629,984519160717092
1774171588754,2026-03-22 09:26:28.754,68599.0,0.0002,B,13.719800000000001,725384197409124
1774171588754,2026-03-22 09:26:28.754,68599.0,0.00017,B,11.66183,347841190836654
1774171588754,2026-03-22 09:26:28.754,68600.0,0.00017,B,11.662,981950609085818
1774171588754,2026-03-22 09:26:28.754,68600.0,0.00017,B,11.662,349120541456159
1774171588754,2026-03-22 09:26:28.754,68600.0,0.00128,B,87.808,1043475054589592
1774171588754,2026-03-22 09:26:28.754,68600.0,0.00872,B,598.192,1062077245008543
1774171588754,2026-03-22 09:26:28.754,68601.0,0.00017,B,11.662170000000001,513922982037546
1774171588754,2026-03-22 09:26:28.754,68602.0,0.00017,B,11.66234,766281781878567
1774171588754,2026-03-22 09:26:28.754,68602.0,0.00018,B,12.348360000000001,1080843327852153
1774171588754,2026-03-22 09:26:28.754,68603.0,0.00017,B,11.662510000000001,121369029050145
1774171588754,2026-03-22 09:26:28.754,68603.0,0.00017,B,11.662510000000001,409897024270468
1774171588754,2026-03-22 09:26:28.754,68603.0,0.01,B,686.03,764329667615821
1774171588754,2026-03-22 09:26:28.754,68603.0,0.00522,B,358.10766,346169964186499
1774171589187,2026-03-22 09:26:29.187,68602.0,0.0103,A,706.6006,481233880346128
1774171589442,2026-03-22 09:26:29.442,68603.0,0.31363,B,21515.95889,544711025605176
1774171589837,2026-03-22 09:26:29.837,68603.0,0.00029,B,19.89487,284971453863828
1774171590642,2026-03-22 09:26:30.642,68603.0,0.00072,B,49.39416000000001,196359566431774
1774171590642,2026-03-22 09:26:30.642,68602.0,0.0003,A,20.580599999999997,321113370365758
1774171591042,2026-03-22 09:26:31.042,68602.0,0.00238,A,163.27276,140240094105430
1774171591729,2026-03-22 09:26:31.729,68603.0,0.0103,B,706.6109,430203788510528
1774171592646,2026-03-22 09:26:32.646,68603.0,0.00015,B,10.29045,20308021085995
1774171593214,2026-03-22 09:26:33.214,68603.0,0.01208,B,828.72424,106774132647715
1774171593214,2026-03-22 09:26:33.214,68603.0,0.00017,B,11.662510000000001,55142299468212
1774171593214,2026-03-22 09:26:33.214,68604.0,0.00017,B,11.662680000000002,317793735751239
1774171593214,2026-03-22 09:26:33.214,68605.0,0.00017,B,11.66285,52316338674981
1774171593214,2026-03-22 09:26:33.214,68606.0,0.00017,B,11.663020000000001,795777449134894
1774171593214,2026-03-22 09:26:33.214,68606.0,0.00022,B,15.09332,390406930638423
1774171593214,2026-03-22 09:26:33.214,68606.0,0.003,B,205.818,298072301598453
1774171593214,2026-03-22 09:26:33.214,68607.0,0.00017,B,11.66319,3952811527144
1774171593214,2026-03-22 09:26:33.214,68607.0,0.00017,B,11.66319,274763436399302
1774171593676,2026-03-22 09:26:33.676,68608.0,0.00017,B,11.66336,986943927196180
1774171593676,2026-03-22 09:26:33.676,68609.0,0.00017,B,11.663530000000002,43544375551233
1774171593676,2026-03-22 09:26:33.676,68609.0,0.003,B,205.827,439193229385743
1774171593676,2026-03-22 09:26:33.676,68610.0,0.00017,B,11.6637,552905791966919
1774171594068,2026-03-22 09:26:34.068,68610.0,0.00142,A,97.42620000000001,703151299113761
1774171594169,2026-03-22 09:26:34.169,68611.0,0.00017,B,11.663870000000001,384525056865624
1774171594169,2026-03-22 09:26:34.169,68612.0,0.00072,B,49.40064,461728042823070
1774171594169,2026-03-22 09:26:34.169,68612.0,0.00017,B,11.66404,984417440072504
1774171594169,2026-03-22 09:26:34.169,68613.0,0.00017,B,11.66421,925441176023763
1774171594169,2026-03-22 09:26:34.169,68614.0,0.00017,B,11.664380000000001,717322790972327
1774171594169,2026-03-22 09:26:34.169,68614.0,0.00017,B,11.664380000000001,860926672967253
1774171594169,2026-03-22 09:26:34.169,68615.0,0.00017,B,11.66455,161520290554001
1774171594169,2026-03-22 09:26:34.169,68616.0,0.00043,B,29.50488,923453597323739
1774171594169,2026-03-22 09:26:34.169,68616.0,0.00017,B,11.66472,837864568588818
1774171594169,2026-03-22 09:26:34.169,68617.0,0.00017,B,11.664890000000002,24102665801803
1774171594169,2026-03-22 09:26:34.169,68618.0,0.00017,B,11.66506,857120200654236
1774171594169,2026-03-22 09:26:34.169,68618.0,0.00017,B,11.66506,536855745325320
1774171594169,2026-03-22 09:26:34.169,68618.0,0.003,B,205.854,1011992220199639
1774171594169,2026-03-22 09:26:34.169,68619.0,0.00017,B,11.665230000000001,861211360048750
1774171594169,2026-03-22 09:26:34.169,68619.0,0.00013,B,8.92047,1065675294992910
1774171595428,2026-03-22 09:26:35.428,68620.0,0.00018,B,12.351600000000001,1033157495726209
1774171595428,2026-03-22 09:26:35.428,68620.0,0.00017,B,11.6654,430427367155232
1774171595428,2026-03-22 09:26:35.428,68620.0,0.00111,B,76.16820000000001,373407556121176
1774171595981,2026-03-22 09:26:35.981,68619.0,0.00615,A,422.00685,751755487663328
1774171596096,2026-03-22 09:26:36.096,68620.0,0.00403,B,276.5386,123984688351555
1774171596961,2026-03-22 09:26:36.961,68621.0,0.003,B,205.863,837152496639306
1774171596961,2026-03-22 09:26:36.961,68621.0,0.00017,B,11.66557,316328921679207
1774171596961,2026-03-22 09:26:36.961,68622.0,0.00017,B,11.665740000000001,1097305474361661
1774171596961,2026-03-22 09:26:36.961,68622.0,0.00017,B,11.665740000000001,802939101566937
1774171596961,2026-03-22 09:26:36.961,68623.0,0.00017,B,11.66591,681625958792810
1774171596961,2026-03-22 09:26:36.961,68624.0,0.00017,B,11.666080000000001,1068047070509050
1774171596961,2026-03-22 09:26:36.961,68625.0,0.00017,B,11.666250000000002,864384544703161
1774171596961,2026-03-22 09:26:36.961,68625.0,0.00017,B,11.666250000000002,702168391121267
1774171596961,2026-03-22 09:26:36.961,68626.0,0.00017,B,11.66642,160879530898590
1774171596961,2026-03-22 09:26:36.961,68626.0,0.00018,B,12.352680000000001,892839509828338
1774171596961,2026-03-22 09:26:36.961,68626.0,0.06948,B,4768.13448,901263504030201
1774171597170,2026-03-22 09:26:37.170,68627.0,0.06472,B,4441.53944,385991355522551
1774171597170,2026-03-22 09:26:37.170,68627.0,0.00017,B,11.666590000000001,854198925592321
1774171597170,2026-03-22 09:26:37.170,68628.0,0.00017,B,11.66676,982052874508957
1774171597170,2026-03-22 09:26:37.170,68628.0,0.00043,B,29.51004,153133908958276
1774171597170,2026-03-22 09:26:37.170,68629.0,0.00017,B,11.66693,403714052777779
1774171597170,2026-03-22 09:26:37.170,68629.0,0.00017,B,11.66693,19981222773027
1774171597170,2026-03-22 09:26:37.170,68629.0,0.51006,B,35004.907739999995,175559861106653
1774171597170,2026-03-22 09:26:37.170,68630.0,0.00017,B,11.667100000000001,623494929046722
1774171597170,2026-03-22 09:26:37.170,68630.0,0.003,B,205.89000000000001,596963189583658
1774171597170,2026-03-22 09:26:37.170,68630.0,0.05665,B,3887.8894999999998,271711969259315
1774171597170,2026-03-22 09:26:37.170,68631.0,0.07299,B,5009.37669,59966756205700
1774171597170,2026-03-22 09:26:37.170,68631.0,0.2913,B,19992.2103,122694773558488
1774171597225,2026-03-22 09:26:37.225,68630.0,0.00549,A,376.7787,257225889776818
1774171597225,2026-03-22 09:26:37.225,68631.0,0.001,B,68.631,293361496374541
1774171597720,2026-03-22 09:26:37.720,68630.0,0.04224,A,2898.9312,1082564108424296
1774171597760,2026-03-22 09:26:37.760,68631.0,0.01,B,686.3100000000001,1082294765667699
1774171597814,2026-03-22 09:26:37.814,68630.0,0.09838,A,6751.819399999999,781969336307293
1774171597814,2026-03-22 09:26:37.814,68630.0,0.12173,A,8354.3299,39451264491418
1774171598009,2026-03-22 09:26:38.009,68631.0,0.00016,B,10.980960000000001,23029555691620
1774171598807,2026-03-22 09:26:38.807,68630.0,0.08051,A,5525.4012999999995,296284474896413
1774171598807,2026-03-22 09:26:38.807,68630.0,0.31769,A,21803.0647,684996805859208
1774171598807,2026-03-22 09:26:38.807,68630.0,0.18833,A,12925.0879,1008369682017711
1774171598807,2026-03-22 09:26:38.807,68630.0,0.10928,A,7499.8864,502689716544202
1774171598807,2026-03-22 09:26:38.807,68630.0,0.18782,A,12890.086599999999,532593338579949
1774171598807,2026-03-22 09:26:38.807,68630.0,0.1397,A,9587.610999999999,1076991927781134
1774171598807,2026-03-22 09:26:38.807,68630.0,0.00973,A,667.7699,402643524032661
1774171599009,2026-03-22 09:26:39.009,68630.0,0.1561,A,10713.143,575258273762101
1774171599009,2026-03-22 09:26:39.009,68630.0,0.30592,A,20995.2896,616646725981703
1774171600171,2026-03-22 09:26:40.171,68631.0,0.00017,B,11.66727,1060409453570190
1774171600877,2026-03-22 09:26:40.877,68631.0,0.00612,A,420.02171999999996,1014503805108016
1774171601024,2026-03-22 09:26:41.024,68631.0,0.00018,A,12.353580000000001,283954481326030
1774171601750,2026-03-22 09:26:41.750,68632.0,0.00029,B,19.90328,354545296203300
1774171601882,2026-03-22 09:26:41.882,68631.0,0.00018,A,12.353580000000001,541862881351917
1774171602293,2026-03-22 09:26:42.293,68632.0,0.00271,B,185.99272000000002,173125690655444
1774171602293,2026-03-22 09:26:42.293,68632.0,0.00279,B,191.48328,731803477781396
1774171603769,2026-03-22 09:26:43.769,68631.0,0.02128,A,1460.46768,402820625281234
1774171604043,2026-03-22 09:26:44.043,68631.0,0.00415,A,284.81865,816317000934975
1774171604170,2026-03-22 09:26:44.170,68632.0,0.0024,B,164.71679999999998,207599182275187
1774171605746,2026-03-22 09:26:45.746,68632.0,0.04654,B,3194.13328,303779881017041
1774171605799,2026-03-22 09:26:45.799,68631.0,0.0024,A,164.71439999999998,784821243623098
1774171607789,2026-03-22 09:26:47.789,68632.0,0.00292,B,200.40544,962086663181863
1774171609070,2026-03-22 09:26:49.070,68631.0,0.00057,A,39.11967,1016214666264781
1774171610603,2026-03-22 09:26:50.603,68632.0,0.00017,B,11.667440000000001,640682796301657
1774171611393,2026-03-22 09:26:51.393,68634.0,0.00017,B,11.66778,174942107661545
1774171611393,2026-03-22 09:26:51.393,68634.0,0.00437,B,299.93057999999996,1106278369690070
1774171612697,2026-03-22 09:26:52.697,68634.0,0.0002,B,13.7268,893971301669189
1774171612697,2026-03-22 09:26:52.697,68634.0,0.0188,B,1290.3192000000001,1049969579995606
1774171614160,2026-03-22 09:26:54.160,68633.0,0.00353,A,242.27449000000001,609883933113200
1774171615019,2026-03-22 09:26:55.019,68633.0,0.0117,A,803.0061000000001,1026718527750310
1774171615223,2026-03-22 09:26:55.223,68634.0,0.36289,B,24906.592259999998,694418019218161
1774171615716,2026-03-22 09:26:55.716,68634.0,0.0117,B,803.0178000000001,1122947532200122
1774171615966,2026-03-22 09:26:55.966,68633.0,0.02131,A,1462.5692299999998,4969572387172
1774171616035,2026-03-22 09:26:56.035,68634.0,0.00353,B,242.27802,1104573897857251
1774171617377,2026-03-22 09:26:57.377,68633.0,0.12987,A,8913.36771,1007896347448361
1774171617525,2026-03-22 09:26:57.525,68633.0,0.01,A,686.33,596814675649578
1774171617810,2026-03-22 09:26:57.810,68634.0,0.01,B,686.34,1122454139375359
1774171618038,2026-03-22 09:26:58.038,68633.0,0.0103,A,706.9199,256523856693587
1774171618265,2026-03-22 09:26:58.265,68633.0,0.03642,A,2499.61386,581208919171962
1774171618859,2026-03-22 09:26:58.859,68634.0,0.00108,B,74.12472,704919198339048
1774171618996,2026-03-22 09:26:58.996,68634.0,0.0103,B,706.9302,356282542053568
1774171619135,2026-03-22 09:26:59.135,68633.0,0.00034,A,23.335220000000003,822122822970705
1774171621003,2026-03-22 09:27:01.003,68632.0,0.00238,A,163.34416000000002,50363989373041
1774171621419,2026-03-22 09:27:01.419,68632.0,0.0248,A,1702.0736,811321918012712
1774171621483,2026-03-22 09:27:01.483,68632.0,0.0003,A,20.589599999999997,125420121595062
1774171621959,2026-03-22 09:27:01.959,68633.0,0.01967,B,1350.01111,1112664830736210
1774171621959,2026-03-22 09:27:01.959,68633.0,0.00513,B,352.08729,913564861973077
1774171622028,2026-03-22 09:27:02.028,68633.0,0.00693,B,475.62669000000005,1029220269367841
1774171622307,2026-03-22 09:27:02.307,68633.0,0.00146,B,100.20418,501574796804624
1774171623032,2026-03-22 09:27:03.032,68632.0,0.00473,A,324.62935999999996,362731443885071
1774171623654,2026-03-22 09:27:03.654,68632.0,0.00611,A,419.34152,273548492907128
1774171624039,2026-03-22 09:27:04.039,68632.0,0.00142,A,97.45744,345384747371301
1774171624903,2026-03-22 09:27:04.903,68633.0,0.00473,B,324.63409,687387041072078
1774171626864,2026-03-22 09:27:06.864,68632.0,0.00693,A,475.61976000000004,687226459411935
1774171626864,2026-03-22 09:27:06.864,68632.0,0.00477,A,327.37464,77206455236673
1774171628070,2026-03-22 09:27:08.070,68633.0,0.00016,B,10.981280000000002,1001404112823290
1774171629203,2026-03-22 09:27:09.203,68633.0,0.0117,B,803.0061000000001,601552178421958
1774171629854,2026-03-22 09:27:09.854,68633.0,0.00022,B,15.099260000000001,221510200874119
1774171631061,2026-03-22 09:27:11.061,68632.0,0.00018,A,12.353760000000001,638200744635513
1774171631061,2026-03-22 09:27:11.061,68633.0,0.00017,B,11.667610000000002,717930968419370
1774171631061,2026-03-22 09:27:11.061,68633.0,0.00685,B,470.13605,608953201476822
1774171631061,2026-03-22 09:27:11.061,68634.0,0.00017,B,11.66778,575763321423329
1774171631061,2026-03-22 09:27:11.061,68634.0,0.02303,B,1580.6410199999998,927609889135764
1774171631061,2026-03-22 09:27:11.061,68635.0,0.00017,B,11.667950000000001,1012348778403435
1774171631189,2026-03-22 09:27:11.189,68635.0,0.11091,A,7612.307849999999,694597740304418
1774171631871,2026-03-22 09:27:11.871,68637.0,0.00017,B,11.66829,600065634814031
1774171631871,2026-03-22 09:27:11.871,68638.0,0.00017,B,11.668460000000001,74258284221223
1774171631871,2026-03-22 09:27:11.871,68639.0,0.00017,B,11.66863,951297887406815
1774171632128,2026-03-22 09:27:12.128,68640.0,0.00017,B,11.668800000000001,489443561497374
1774171632128,2026-03-22 09:27:12.128,68640.0,0.00035,B,24.024,654135870556901
1774171632128,2026-03-22 09:27:12.128,68640.0,0.00017,B,11.668800000000001,945489701085901
1774171632128,2026-03-22 09:27:12.128,68640.0,0.02913,B,1999.4832,731764119852618
1774171632128,2026-03-22 09:27:12.128,68640.0,0.00713,B,489.4032,743387337722213
1774171633223,2026-03-22 09:27:13.223,68639.0,0.00095,A,65.20705,895680900120525
1774171633223,2026-03-22 09:27:13.223,68639.0,0.099,A,6795.261,753800971162654
1774171633335,2026-03-22 09:27:13.335,68639.0,0.00232,A,159.24248,750103140471325
1774171633737,2026-03-22 09:27:13.737,68640.0,0.0003,B,20.592,283019342535276
1774171634036,2026-03-22 09:27:14.036,68639.0,0.00416,A,285.53824,931917159020966
1774171634742,2026-03-22 09:27:14.742,68640.0,0.00232,B,159.2448,45770022167293
1774171636544,2026-03-22 09:27:16.544,68640.0,0.00017,B,11.668800000000001,1116346804805462
1774171636544,2026-03-22 09:27:16.544,68640.0,0.24528,B,16836.0192,449787435998545
1774171636544,2026-03-22 09:27:16.544,68640.0,0.01459,B,1001.4576000000001,1124323758620682
1774171636544,2026-03-22 09:27:16.544,68640.0,0.37874,B,25996.713600000003,1038532398811557
1774171636544,2026-03-22 09:27:16.544,68640.0,0.31547,B,21653.8608,526603869780860
1774171636544,2026-03-22 09:27:16.544,68640.0,0.23418,B,16074.1152,339111367750825
1774171636544,2026-03-22 09:27:16.544,68640.0,0.5,B,34320.0,20879697773690
1774171636544,2026-03-22 09:27:16.544,68640.0,0.02913,B,1999.4832,469502909928774
1774171636544,2026-03-22 09:27:16.544,68640.0,0.01019,B,699.4416,900780992858029
1774171636544,2026-03-22 09:27:16.544,68640.0,0.02642,B,1813.4687999999999,507328824886197
1774171636544,2026-03-22 09:27:16.544,68640.0,0.02294,B,1574.6016,596383296474611
1774171637507,2026-03-22 09:27:17.507,68639.0,0.0248,A,1702.2472,308679535682770
1774171638172,2026-03-22 09:27:18.172,68640.0,0.0248,B,1702.272,334493986109138
1774171639061,2026-03-22 09:27:19.061,68636.0,0.00047,A,32.258919999999996,427675165649999
1774171640335,2026-03-22 09:27:20.335,68636.0,0.00017,A,11.66812,121484238223096
1774171640335,2026-03-22 09:27:20.335,68635.0,0.00017,A,11.667950000000001,593639036083421
1774171640335,2026-03-22 09:27:20.335,68635.0,0.00015,A,10.29525,751040639920345
1774171641135,2026-03-22 09:27:21.135,68634.0,0.00017,A,11.66778,78044604872055
1774171641535,2026-03-22 09:27:21.535,68634.0,0.00129,B,88.53786,551767684179628
1774171641535,2026-03-22 09:27:21.535,68634.0,0.00045,B,30.8853,429419518235987
1774171641656,2026-03-22 09:27:21.656,68634.0,0.00231,B,158.54454,817724251712740
1774171642142,2026-03-22 09:27:22.142,68634.0,0.001,B,68.634,1019413025198229
1774171642870,2026-03-22 09:27:22.870,68633.0,0.0002,A,13.726600000000001,858784887554854
1774171642870,2026-03-22 09:27:22.870,68633.0,0.00017,A,11.667610000000002,401212577798293
1774171642870,2026-03-22 09:27:22.870,68633.0,0.00194,A,133.14802,69948696344800
1774171644220,2026-03-22 09:27:24.220,68633.0,0.00017,A,11.667610000000002,159527033686554
1774171644220,2026-03-22 09:27:24.220,68633.0,0.03354,A,2301.95082,443617030685646
1774171646902,2026-03-22 09:27:26.902,68633.0,0.0117,A,803.0061000000001,822708704011857
1774171647383,2026-03-22 09:27:27.383,68634.0,0.0117,B,803.0178000000001,177562803516017
1774171647512,2026-03-22 09:27:27.512,68633.0,0.0093,A,638.2869,1071405384856689
1774171647512,2026-03-22 09:27:27.512,68633.0,0.001,A,68.633,475243945907388
1774171647643,2026-03-22 09:27:27.643,68634.0,0.02913,B,1999.30842,1027920145053333
1774171649499,2026-03-22 09:27:29.499,68633.0,0.00244,A,167.46452,739287069485342
1774171650051,2026-03-22 09:27:30.051,68634.0,0.03963,B,2719.96542,342274626206795
1774171650310,2026-03-22 09:27:30.310,68634.0,0.0103,B,706.9302,704447187352366
1774171651005,2026-03-22 09:27:31.005,68633.0,0.00238,A,163.34654,106038796693135
1774171651456,2026-03-22 09:27:31.456,68634.0,0.00244,B,167.46696,1015501493577338
1774171652470,2026-03-22 09:27:32.470,68633.0,0.07999,A,5489.953670000001,786279172495443
1774171654019,2026-03-22 09:27:34.019,68635.0,0.00017,B,11.667950000000001,517272903479638
1774171654756,2026-03-22 09:27:34.756,68637.0,0.00017,B,11.66829,816457956371691
1774171654756,2026-03-22 09:27:34.756,68637.0,0.0002,B,13.727400000000001,932959470686045
1774171654756,2026-03-22 09:27:34.756,68638.0,0.00017,B,11.668460000000001,108590800681214
1774171654756,2026-03-22 09:27:34.756,68639.0,0.00017,B,11.66863,1106634918161458
1774171654756,2026-03-22 09:27:34.756,68639.0,0.00075,B,51.47925,809596589851254
1774171655027,2026-03-22 09:27:35.027,68638.0,0.00142,A,97.46596000000001,279364077491660
1774171658050,2026-03-22 09:27:38.050,68639.0,0.00016,B,10.982240000000001,680926337297616
1774171660061,2026-03-22 09:27:40.061,68638.0,0.00244,A,167.47672,249938915464321
1774171660132,2026-03-22 09:27:40.132,68639.0,0.00017,B,11.66863,858060862706481
1774171660132,2026-03-22 09:27:40.132,68640.0,0.00149,B,102.2736,874424434196721
1774171660132,2026-03-22 09:27:40.132,68640.0,0.0003,B,20.592,529583855909127
1774171660132,2026-03-22 09:27:40.132,68640.0,0.00043,B,29.5152,421605231840090
1774171660132,2026-03-22 09:27:40.132,68640.0,0.00017,B,11.668800000000001,1108979142407291
1774171660132,2026-03-22 09:27:40.132,68640.0,0.00017,B,11.668800000000001,401057760049582
1774171660132,2026-03-22 09:27:40.132,68641.0,0.00015,B,10.296149999999999,406024864721752
1774171660132,2026-03-22 09:27:40.132,68641.0,0.00029,B,19.90589,182117161924865
1774171660132,2026-03-22 09:27:40.132,68641.0,0.00025,B,17.16025,329077208195799
1774171660132,2026-03-22 09:27:40.132,68641.0,0.00017,B,11.668970000000002,509984230799371
1774171660132,2026-03-22 09:27:40.132,68641.0,0.00685,B,470.19085,131248185733404
1774171660260,2026-03-22 09:27:40.260,68642.0,0.00017,B,11.66914,280751075800641
1774171660260,2026-03-22 09:27:40.260,68642.0,0.003,B,205.92600000000002,888825784968019
1774171660260,2026-03-22 09:27:40.260,68643.0,0.00017,B,11.669310000000001,916940674650417
1774171660260,2026-03-22 09:27:40.260,68643.0,0.00017,B,11.669310000000001,650760892593349
1774171660260,2026-03-22 09:27:40.260,68644.0,0.00015,B,10.2966,707741580867395
1774171660260,2026-03-22 09:27:40.260,68644.0,0.00017,B,11.66948,561728676601975
1774171660260,2026-03-22 09:27:40.260,68644.0,0.00015,B,10.2966,242379812757023
1774171660260,2026-03-22 09:27:40.260,68644.0,0.18709,B,12842.60596,311620438875889
1774171660260,2026-03-22 09:27:40.260,68644.0,0.05893,B,4045.19092,507023293583787
1774171661068,2026-03-22 09:27:41.068,68644.0,0.00018,A,12.355920000000001,899321707347143
1774171661871,2026-03-22 09:27:41.871,68643.0,0.00244,B,167.48891999999998,711517402955986
1774171662564,2026-03-22 09:27:42.564,68642.0,0.00072,B,49.42224,954207227028690
1774171663088,2026-03-22 09:27:43.088,68641.0,0.00146,A,100.21585999999999,380785327188600
1774171664003,2026-03-22 09:27:44.003,68641.0,0.00416,A,285.54656,154953881094584
1774171665147,2026-03-22 09:27:45.147,68642.0,0.00269,B,184.64698,787151742276732
1774171665147,2026-03-22 09:27:45.147,68641.0,0.00022,A,15.10102,33984839158352
1774171665276,2026-03-22 09:27:45.276,68642.0,0.00869,B,596.49898,104067916481139
1774171665360,2026-03-22 09:27:45.360,68641.0,0.0002,A,13.728200000000001,304406371118234
1774171667374,2026-03-22 09:27:47.374,68641.0,0.0117,A,803.0997,15852070742722
1774171667374,2026-03-22 09:27:47.374,68642.0,0.03692,B,2534.26264,293892791914829
1774171668952,2026-03-22 09:27:48.952,68642.0,0.0117,B,803.1114,911244474344104
1774171669032,2026-03-22 09:27:49.032,68641.0,0.00056,A,38.438959999999994,157967356792862
1774171669372,2026-03-22 09:27:49.372,68642.0,0.0207,B,1420.8894,965530431663600
1774171670377,2026-03-22 09:27:50.377,68641.0,0.00022,A,15.10102,146705728087896
1774171670981,2026-03-22 09:27:50.981,68641.0,0.00244,A,167.48404,682485589116363
1774171671906,2026-03-22 09:27:51.906,68640.0,0.00432,A,296.5248,889955035252224
1774171671906,2026-03-22 09:27:51.906,68640.0,0.0248,A,1702.272,676916148034462
1774171672598,2026-03-22 09:27:52.598,68641.0,0.00244,B,167.48404,414494764745610
1774171673862,2026-03-22 09:27:53.862,68640.0,0.05828,A,4000.3392,452042920523643
1774171673987,2026-03-22 09:27:53.987,68641.0,0.03923,B,2692.78643,292939372327510
1774171674729,2026-03-22 09:27:54.729,68641.0,0.0248,B,1702.2967999999998,874063858796823
1774171677262,2026-03-22 09:27:57.262,68640.0,0.01092,A,749.5487999999999,385987911509401
1774171677682,2026-03-22 09:27:57.682,68641.0,0.00034,B,23.337940000000003,607320319107205
1774171678064,2026-03-22 09:27:58.064,68641.0,0.00065,B,44.61665,856756306722186
1774171678968,2026-03-22 09:27:58.968,68641.0,0.02098,B,1440.08818,698132145489381
1774171678968,2026-03-22 09:27:58.968,68640.0,0.01,A,686.4,626122283753325
1774171680647,2026-03-22 09:28:00.647,68640.0,0.0103,A,706.992,637331679520463
1774171680761,2026-03-22 09:28:00.761,68641.0,0.00017,B,11.668970000000002,654272154904916
1774171680761,2026-03-22 09:28:00.761,68642.0,0.00032,B,21.96544,715225152637281
1774171680761,2026-03-22 09:28:00.761,68642.0,0.00017,B,11.66914,827729940691543
1774171680761,2026-03-22 09:28:00.761,68643.0,0.00017,B,11.669310000000001,217981867387284
1774171680761,2026-03-22 09:28:00.761,68644.0,0.00017,B,11.66948,499882934965318
1774171680761,2026-03-22 09:28:00.761,68645.0,0.00017,B,11.66965,689296727540800
1774171680761,2026-03-22 09:28:00.761,68645.0,0.003,B,205.935,635256593732253
1774171680761,2026-03-22 09:28:00.761,68646.0,0.00017,B,11.669820000000001,91839836725211
1774171680761,2026-03-22 09:28:00.761,68647.0,0.00017,B,11.66999,840501030231558
1774171680761,2026-03-22 09:28:00.761,68647.0,0.00017,B,11.66999,502430729083966
1774171680761,2026-03-22 09:28:00.761,68648.0,0.00017,B,11.670160000000001,1091890649773655
1774171680761,2026-03-22 09:28:00.761,68648.0,0.00545,B,374.1316,1081338741940043
1774171681075,2026-03-22 09:28:01.075,68647.0,0.00238,A,163.37986,742518643270217
1774171681575,2026-03-22 09:28:01.575,68649.0,0.00072,B,49.42728,409485975369838
1774171681575,2026-03-22 09:28:01.575,68649.0,0.00034,B,23.340660000000003,489508391039458
1774171681575,2026-03-22 09:28:01.575,68650.0,0.00017,B,11.6705,51193179497002
1774171682080,2026-03-22 09:28:02.080,68652.0,0.00017,B,11.67084,939545071209124
1774171682080,2026-03-22 09:28:02.080,68652.0,0.00017,B,11.67084,850868793012891
1774171683199,2026-03-22 09:28:03.199,68652.0,0.01456,A,999.57312,16853626481726
1774171683907,2026-03-22 09:28:03.907,68647.0,0.00041,A,28.14527,27632370251697
1774171683907,2026-03-22 09:28:03.907,68647.0,0.003,A,205.941,163915335381311
1774171684709,2026-03-22 09:28:04.709,68646.0,6e-05,A,4.11876,532795204634663
1774171685028,2026-03-22 09:28:05.028,68646.0,0.00142,A,97.47732,584006990617150
1774171687511,2026-03-22 09:28:07.511,68646.0,0.03534,A,2425.9496400000003,700249192407421
1774171688048,2026-03-22 09:28:08.048,68647.0,0.00016,B,10.98352,44980078115199
1774171688124,2026-03-22 09:28:08.124,68646.0,0.0003,A,20.593799999999998,176460315477864
1774171689509,2026-03-22 09:28:09.509,68640.0,0.0022,A,151.008,524122087810905
1774171689509,2026-03-22 09:28:09.509,68640.0,0.00026,A,17.8464,446534597182246
1774171689509,2026-03-22 09:28:09.509,68639.0,0.003,A,205.917,563217644519098
1774171689509,2026-03-22 09:28:09.509,68638.0,0.00061,A,41.86918,1102938577768687
1774171689509,2026-03-22 09:28:09.509,68637.0,0.00017,A,11.66829,1086767192329643
1774171689509,2026-03-22 09:28:09.509,68636.0,0.003,A,205.90800000000002,971390893236339
1774171689509,2026-03-22 09:28:09.509,68636.0,0.001,A,68.636,137842128939002
1774171689509,2026-03-22 09:28:09.509,68635.0,0.00103,A,70.69405,709344928993107
1774171690260,2026-03-22 09:28:10.260,68635.0,0.00918,A,630.0693,897271204133462
1774171691772,2026-03-22 09:28:11.772,68636.0,6e-05,B,4.1181600000000005,862540499321798
1774171691864,2026-03-22 09:28:11.864,68635.0,0.00017,A,11.667950000000001,30952811909817
1774171691864,2026-03-22 09:28:11.864,68634.0,0.00022,A,15.09948,29805783755639
1774171691864,2026-03-22 09:28:11.864,68634.0,0.003,A,205.90200000000002,329912168467535
1774171691864,2026-03-22 09:28:11.864,68634.0,0.00015,A,10.2951,107110358216927
1774171691864,2026-03-22 09:28:11.864,68634.0,0.00017,A,11.66778,1021381261196783
1774171691864,2026-03-22 09:28:11.864,68633.0,0.00017,A,11.667610000000002,1119830038939461
1774171691864,2026-03-22 09:28:11.864,68633.0,0.00017,A,11.667610000000002,1037564192678088
1774171691864,2026-03-22 09:28:11.864,68633.0,0.00015,A,10.294949999999998,972226210862016
1774171691864,2026-03-22 09:28:11.864,68632.0,0.00017,A,11.667440000000001,270982346229881
1774171691864,2026-03-22 09:28:11.864,68632.0,0.00022,A,15.09904,293232959118554
1774171691864,2026-03-22 09:28:11.864,68632.0,0.00015,A,10.294799999999999,207520047762486
1774171691864,2026-03-22 09:28:11.864,68631.0,0.00017,A,11.66727,986595598257584
1774171691864,2026-03-22 09:28:11.864,68630.0,0.00017,A,11.667100000000001,152498385659706
1774171691864,2026-03-22 09:28:11.864,68630.0,0.00017,A,11.667100000000001,554670842609562
1774171691864,2026-03-22 09:28:11.864,68629.0,0.00017,A,11.66693,331308751724225
1774171691864,2026-03-22 09:28:11.864,68628.0,0.00017,A,11.66676,736143863152376
1774171691864,2026-03-22 09:28:11.864,68627.0,0.00017,A,11.666590000000001,216471073957785
1774171691864,2026-03-22 09:28:11.864,68626.0,0.00017,A,11.66642,539790111032677
1774171691864,2026-03-22 09:28:11.864,68626.0,0.00017,A,11.66642,643558190988532
1774171691864,2026-03-22 09:28:11.864,68625.0,0.003,A,205.875,185511982464230
1774171691864,2026-03-22 09:28:11.864,68625.0,0.00017,A,11.666250000000002,266686506886664
1774171691864,2026-03-22 09:28:11.864,68624.0,0.00015,A,10.2936,401803173563878
1774171691864,2026-03-22 09:28:11.864,68624.0,0.00017,A,11.666080000000001,1061922512254939
1774171691864,2026-03-22 09:28:11.864,68623.0,0.00017,A,11.66591,259730656811852
1774171691864,2026-03-22 09:28:11.864,68623.0,0.00017,A,11.66591,209568072388061
1774171691864,2026-03-22 09:28:11.864,68622.0,0.00017,A,11.665740000000001,540102557724162
1774171691864,2026-03-22 09:28:11.864,68621.0,0.00017,A,11.66557,104389071840718
1774171691864,2026-03-22 09:28:11.864,68620.0,0.00017,A,11.6654,262065987235293
1774171691864,2026-03-22 09:28:11.864,68619.0,0.00017,A,11.665230000000001,1104657597505856
1774171691864,2026-03-22 09:28:11.864,68619.0,0.00144,A,98.81136000000001,1120850993394846
1774171692913,2026-03-22 09:28:12.913,68619.0,0.0117,A,802.8423,145923811517911
1774171693176,2026-03-22 09:28:13.176,68618.0,0.008,A,548.944,561443537120678
1774171693833,2026-03-22 09:28:13.833,68619.0,0.0117,B,802.8423,277744221026820
1774171693916,2026-03-22 09:28:13.916,68618.0,0.00605,A,415.1389,420276675748634
1774171693916,2026-03-22 09:28:13.916,68618.0,0.00017,A,11.66506,713224775459544
1774171694077,2026-03-22 09:28:14.077,68617.0,0.00017,A,11.664890000000002,797419284401869
1774171694077,2026-03-22 09:28:14.077,68617.0,0.00399,A,273.78182999999996,436688289274816
1774171694923,2026-03-22 09:28:14.923,68616.0,0.00017,A,11.66472,154617003885304
1774171694923,2026-03-22 09:28:14.923,68615.0,0.00017,A,11.66455,25784999187947
1774171694923,2026-03-22 09:28:14.923,68615.0,0.00017,A,11.66455,327540662346695
1774171694923,2026-03-22 09:28:14.923,68615.0,0.00015,A,10.29225,650280019187360
1774171694923,2026-03-22 09:28:14.923,68614.0,0.02414,A,1656.3419600000002,323776392749164
1774171694983,2026-03-22 09:28:14.983,68614.0,0.00017,A,11.664380000000001,844159970898235
1774171695970,2026-03-22 09:28:15.970,68614.0,0.00017,A,11.664380000000001,183835656328205
1774171695970,2026-03-22 09:28:15.970,68613.0,0.00072,A,49.401360000000004,990228156862370
1774171695970,2026-03-22 09:28:15.970,68613.0,0.003,A,205.839,117150470011436
1774171695970,2026-03-22 09:28:15.970,68613.0,0.00017,A,11.66421,356241167128507
1774171695970,2026-03-22 09:28:15.970,68613.0,0.00015,A,10.29195,909561828359659
1774171695970,2026-03-22 09:28:15.970,68612.0,0.00017,A,11.66404,1053376634554767
1774171695970,2026-03-22 09:28:15.970,68612.0,4e-05,A,2.7444800000000003,445507697425108
1774171696650,2026-03-22 09:28:16.650,68613.0,0.0248,B,1701.6024,1110611727475322
1774171696780,2026-03-22 09:28:16.780,68612.0,0.00013,A,8.919559999999999,1116537896862116
1774171696780,2026-03-22 09:28:16.780,68612.0,0.00133,A,91.25396,987187315465455
1774171698537,2026-03-22 09:28:18.537,68615.0,0.00017,B,11.66455,1072507150827056
1774171698537,2026-03-22 09:28:18.537,68615.0,0.0002,B,13.723,927798086841694
1774171698537,2026-03-22 09:28:18.537,68616.0,0.00017,B,11.66472,614845664496441
1774171698727,2026-03-22 09:28:18.727,68617.0,0.00017,B,11.664890000000002,325969220893509
1774171698727,2026-03-22 09:28:18.727,68618.0,0.003,B,205.854,442253039257797
1774171698727,2026-03-22 09:28:18.727,68618.0,0.00017,B,11.66506,883327526260812
1774171698727,2026-03-22 09:28:18.727,68618.0,0.00017,B,11.66506,883265859535868
1774171698727,2026-03-22 09:28:18.727,68619.0,0.00017,B,11.665230000000001,413448735291738
1774171698727,2026-03-22 09:28:18.727,68619.0,0.00051,B,34.99569,168005116794329
1774171699013,2026-03-22 09:28:19.013,68618.0,0.00041,A,28.13338,599352517736893
1774171702229,2026-03-22 09:28:22.229,68618.0,0.24242,A,16634.37556,448782386079323
1774171702706,2026-03-22 09:28:22.706,68619.0,0.0009,B,61.7571,1081340577710806
1774171709174,2026-03-22 09:28:29.174,68619.0,0.001,B,68.619,788677125753733
1774171710082,2026-03-22 09:28:30.082,68618.0,0.35,A,24016.3,1088665415829809
1774171710082,2026-03-22 09:28:30.082,68618.0,0.22757,A,15615.39826,622139359468285
1774171710082,2026-03-22 09:28:30.082,68618.0,0.1243,A,8529.2174,231875031806796
1774171710082,2026-03-22 09:28:30.082,68618.0,0.27032,A,18548.81776,532272849020687
1774171710082,2026-03-22 09:28:30.082,68618.0,0.42,A,28819.559999999998,377133129137933
1774171710082,2026-03-22 09:28:30.082,68618.0,0.09675,A,6638.7915,529794352811998
1774171710082,2026-03-22 09:28:30.082,68618.0,0.15547,A,10668.04046,9768740873777
1774171710082,2026-03-22 09:28:30.082,68618.0,0.08,A,5489.4400000000005,61531494182414
1774171710082,2026-03-22 09:28:30.082,68618.0,0.0688,A,4720.9184,609564032544922
1774171710679,2026-03-22 09:28:30.679,68619.0,0.00044,B,30.19236,776497788927500
1774171711012,2026-03-22 09:28:31.012,68618.0,0.00237,A,162.62466,228631265043645
1774171711698,2026-03-22 09:28:31.698,68618.0,0.0183,A,1255.7094,865683576769842
1774171713030,2026-03-22 09:28:33.030,68618.0,0.00028,A,19.21304,567907350915888
1774171713030,2026-03-22 09:28:33.030,68619.0,0.01773,B,1216.6148699999999,851282021665736
1774171713549,2026-03-22 09:28:33.549,68619.0,0.0003,B,20.5857,1096515989157570
1774171713821,2026-03-22 09:28:33.821,68619.0,0.00826,B,566.79294,445497028293500
1774171713821,2026-03-22 09:28:33.821,68619.0,0.00017,B,11.665230000000001,981898615330704
1774171713821,2026-03-22 09:28:33.821,68620.0,0.00017,B,11.6654,431530166236573
1774171713821,2026-03-22 09:28:33.821,68620.0,0.00015,B,10.293,242309279117261
1774171713821,2026-03-22 09:28:33.821,68621.0,0.00017,B,11.66557,85402483238466
1774171713821,2026-03-22 09:28:33.821,68621.0,0.00099,B,67.93479,467604317560449
1774171714099,2026-03-22 09:28:34.099,68620.0,0.00141,A,96.7542,375016781588200
1774171715638,2026-03-22 09:28:35.638,68621.0,0.00017,B,11.66557,303538353494816
1774171715638,2026-03-22 09:28:35.638,68621.0,0.01896,B,1301.0541600000001,266508825378752
1774171716042,2026-03-22 09:28:36.042,68622.0,0.00017,B,11.665740000000001,481034719054188
1774171716246,2026-03-22 09:28:36.246,68623.0,0.00017,B,11.66591,894122806855217
1774171716246,2026-03-22 09:28:36.246,68623.0,0.01456,B,999.15088,873829902692051
1774171716728,2026-03-22 09:28:36.728,68623.0,0.00928,B,636.82144,1031612266917757
1774171716841,2026-03-22 09:28:36.841,68623.0,0.0053,B,363.7019,1105051034887651
1774171716841,2026-03-22 09:28:36.841,68624.0,0.003,B,205.872,550438165942521
1774171716841,2026-03-22 09:28:36.841,68624.0,0.00017,B,11.666080000000001,819021482708325
1774171716841,2026-03-22 09:28:36.841,68625.0,0.00017,B,11.666250000000002,374843416664106
1774171716841,2026-03-22 09:28:36.841,68625.0,0.00017,B,11.666250000000002,404175234689908
1774171716841,2026-03-22 09:28:36.841,68626.0,0.00017,B,11.66642,920801010773862
1774171716841,2026-03-22 09:28:36.841,68626.0,0.00559,B,383.61934,486496203914594
1774171718057,2026-03-22 09:28:38.057,68626.0,0.00016,B,10.980160000000001,871660809796996
1774171718057,2026-03-22 09:28:38.057,68626.0,2e-05,B,1.3725200000000002,1106753970327603
1774171718057,2026-03-22 09:28:38.057,68626.0,0.00017,B,11.66642,846966282941503
1774171718057,2026-03-22 09:28:38.057,68626.0,0.00127,B,87.15502000000001,1123840847326964
1774171720005,2026-03-22 09:28:40.005,68625.0,0.0117,A,802.9125,284923623095919
1774171721019,2026-03-22 09:28:41.019,68625.0,0.00018,A,12.352500000000001,884665825782487
1774171722883,2026-03-22 09:28:42.883,68626.0,0.02787,B,1912.60662,822461908596407
1774171722883,2026-03-22 09:28:42.883,68626.0,0.00017,B,11.66642,233320171611919
1774171722883,2026-03-22 09:28:42.883,68626.0,0.02994,B,2054.66244,798702924276662
1774171723033,2026-03-22 09:28:43.033,68626.0,0.0117,B,802.9242,529021498862841
1774171723287,2026-03-22 09:28:43.287,68625.0,0.00029,A,19.90125,356587668779036
1774171724079,2026-03-22 09:28:44.079,68625.0,0.00416,A,285.47999999999996,114906730038182
1774171724079,2026-03-22 09:28:44.079,68625.0,0.0248,A,1701.8999999999999,647523793628657
1774171724828,2026-03-22 09:28:44.828,68626.0,0.01463,B,1003.99838,1085046873797321
1774171727071,2026-03-22 09:28:47.071,68626.0,0.0248,B,1701.9248,500233201859038
1774171728491,2026-03-22 09:28:48.491,68626.0,0.00028,B,19.21528,254031672651576
1774171729003,2026-03-22 09:28:49.003,68625.0,0.00046,A,31.567500000000003,266199798446971
1774171730753,2026-03-22 09:28:50.753,68626.0,0.00022,B,15.09772,114177392161079
1774171738772,2026-03-22 09:28:58.772,68626.0,0.008,B,549.008,110992179230057
1774171739992,2026-03-22 09:28:59.992,68625.0,0.0003,A,20.5875,449166081797298
1774171740196,2026-03-22 09:29:00.196,68626.0,0.007,B,480.382,581334308922240
1774171740612,2026-03-22 09:29:00.612,68626.0,0.00106,B,72.74356,151915701102119
1774171740612,2026-03-22 09:29:00.612,68625.0,0.0117,A,802.9125,955518554702702
1774171740815,2026-03-22 09:29:00.815,68626.0,0.01258,B,863.31508,300677203673887
1774171740815,2026-03-22 09:29:00.815,68626.0,0.00017,B,11.66642,434010091574194
1774171740815,2026-03-22 09:29:00.815,68626.0,0.00041,B,28.13666,657900785417969
1774171740815,2026-03-22 09:29:00.815,68627.0,0.00015,B,10.294049999999999,422588602849820
1774171740815,2026-03-22 09:29:00.815,68627.0,0.00018,B,12.352860000000002,871104270075961
1774171740815,2026-03-22 09:29:00.815,68627.0,0.00017,B,11.666590000000001,536176950952930
1774171740815,2026-03-22 09:29:00.815,68627.0,0.23634,B,16219.30518,436049403136979
1774171741017,2026-03-22 09:29:01.017,68626.0,0.00238,A,163.32988,91193139261886
1774171742074,2026-03-22 09:29:02.074,68627.0,0.00685,B,470.09495000000004,858614798475893
1774171742074,2026-03-22 09:29:02.074,68627.0,0.00485,B,332.84095,315304460926364
1774171742879,2026-03-22 09:29:02.879,68627.0,0.0183,B,1255.8741,636973336230299
1774171743027,2026-03-22 09:29:03.027,68626.0,0.00029,A,19.90154,546814275652011
1774171743949,2026-03-22 09:29:03.949,68626.0,0.00721,A,494.79346000000004,149928662761329
1774171745103,2026-03-22 09:29:05.103,68626.0,0.00142,A,97.44892,9874453682054
1774171748000,2026-03-22 09:29:08.000,68627.0,0.00016,B,10.98032,836429640534615
1774171748661,2026-03-22 09:29:08.661,68627.0,0.00368,B,252.54736,684151238496247
1774171751016,2026-03-22 09:29:11.016,68626.0,0.00018,A,12.352680000000001,137225293000079
1774171752097,2026-03-22 09:29:12.097,68626.0,0.03818,A,2620.14068,495400342606550
1774171752097,2026-03-22 09:29:12.097,68625.0,0.00017,A,11.666250000000002,600895648589651
1774171752097,2026-03-22 09:29:12.097,68625.0,0.00015,A,10.29375,69708657909718
1774171752097,2026-03-22 09:29:12.097,68625.0,0.00022,A,15.0975,700710761971909
1774171752097,2026-03-22 09:29:12.097,68624.0,0.00017,A,11.666080000000001,999579480176059
1774171752097,2026-03-22 09:29:12.097,68624.0,0.00015,A,10.2936,761124740169987
1774171752097,2026-03-22 09:29:12.097,68624.0,0.00024,A,16.46976,910849865573776
1774171752097,2026-03-22 09:29:12.097,68624.0,0.00051,A,34.99824,1091122261000847
1774171752097,2026-03-22 09:29:12.097,68623.0,0.00017,A,11.66591,504921813773341
1774171752097,2026-03-22 09:29:12.097,68622.0,0.00017,A,11.665740000000001,1030351492575855
1774171754020,2026-03-22 09:29:14.020,68621.0,0.00415,A,284.77715,808425344836054
1774171755282,2026-03-22 09:29:15.282,68621.0,0.0248,A,1701.8008,789305964339772
1774171755728,2026-03-22 09:29:15.728,68621.0,0.0003,A,20.586299999999998,1022366781693965
1774171755929,2026-03-22 09:29:15.929,68621.0,0.00022,A,15.09662,455959851977628
1774171756039,2026-03-22 09:29:16.039,68621.0,0.02053,A,1408.78913,809318080330059
1774171756039,2026-03-22 09:29:16.039,68620.0,0.00017,A,11.6654,474878320990780
1774171756039,2026-03-22 09:29:16.039,68620.0,0.00015,A,10.293,224123421410915
1774171756039,2026-03-22 09:29:16.039,68619.0,0.00017,A,11.665230000000001,794289841582712
1774171756039,2026-03-22 09:29:16.039,68619.0,0.00017,A,11.665230000000001,1122997758794998
1774171756039,2026-03-22 09:29:16.039,68618.0,0.00017,A,11.66506,588744373826563
1774171757299,2026-03-22 09:29:17.299,68618.0,0.00054,B,37.05372,36123597350924
1774171757299,2026-03-22 09:29:17.299,68618.0,0.02426,B,1664.6726800000001,678873540405664
1774171758950,2026-03-22 09:29:18.950,68617.0,0.00017,A,11.664890000000002,674333620379496
1774171758950,2026-03-22 09:29:18.950,68617.0,0.05068,A,3477.5095600000004,643332621433532
1774171759063,2026-03-22 09:29:19.063,68617.0,0.00061,A,41.85637,543461050780750
1774171761685,2026-03-22 09:29:21.685,68619.0,0.00015,B,10.29285,346065258832327
1774171761685,2026-03-22 09:29:21.685,68620.0,0.00015,B,10.293,283846915503111
1774171761685,2026-03-22 09:29:21.685,68620.0,0.00017,B,11.6654,169981962834477
1774171761685,2026-03-22 09:29:21.685,68621.0,0.00015,B,10.293149999999999,138083752108445
1774171761685,2026-03-22 09:29:21.685,68621.0,0.00017,B,11.66557,860035947064326
1774171761685,2026-03-22 09:29:21.685,68622.0,0.01991,B,1366.26402,468282963387651
1774171762562,2026-03-22 09:29:22.562,68622.0,0.00072,B,49.40784,81493285533381
1774171764159,2026-03-22 09:29:24.159,68621.0,0.0117,A,802.8657000000001,917686582747000
1774171766485,2026-03-22 09:29:26.485,68622.0,0.0117,B,802.8774,126313478756858
1774171766548,2026-03-22 09:29:26.548,68621.0,0.01151,A,789.8277099999999,461356440083201
1774171767979,2026-03-22 09:29:27.979,68622.0,0.02185,B,1499.3907000000002,232325790330221
1774171768444,2026-03-22 09:29:28.444,68622.0,0.00034,B,23.331480000000003,337309135283809
1774171770709,2026-03-22 09:29:30.709,68621.0,0.00023,A,15.78283,222832042201025
1774171770709,2026-03-22 09:29:30.709,68621.0,0.00017,A,11.66557,533192057759315
1774171770709,2026-03-22 09:29:30.709,68620.0,0.00015,A,10.293,95094324276156
1774171770709,2026-03-22 09:29:30.709,68620.0,0.00017,A,11.6654,571520084679448
1774171770812,2026-03-22 09:29:30.812,68619.0,0.00015,A,10.29285,834164143949819
1774171770812,2026-03-22 09:29:30.812,68619.0,0.00017,A,11.665230000000001,173668669921642
1774171770812,2026-03-22 09:29:30.812,68618.0,0.00015,A,10.2927,574501988844555
1774171770812,2026-03-22 09:29:30.812,68618.0,0.00017,A,11.66506,708614541187435
1774171770812,2026-03-22 09:29:30.812,68617.0,0.00017,A,11.664890000000002,353703406026461
1774171770812,2026-03-22 09:29:30.812,68616.0,0.00017,A,11.66472,126234182504669
1774171770812,2026-03-22 09:29:30.812,68615.0,0.00017,A,11.66455,772053045316044
1774171770812,2026-03-22 09:29:30.812,68615.0,0.00017,A,11.66455,343976072815588
1774171770812,2026-03-22 09:29:30.812,68614.0,0.00017,A,11.664380000000001,825169368699455
1774171770812,2026-03-22 09:29:30.812,68613.0,0.003,A,205.839,130913020320278
1774171770812,2026-03-22 09:29:30.812,68613.0,0.00017,A,11.66421,368389497674048
1774171770812,2026-03-22 09:29:30.812,68612.0,0.00017,A,11.66404,870334919451998
1774171770812,2026-03-22 09:29:30.812,68612.0,0.00017,A,11.66404,632621531749080
1774171770812,2026-03-22 09:29:30.812,68611.0,0.00017,A,11.663870000000001,173174130719346
1774171770812,2026-03-22 09:29:30.812,68611.0,0.003,A,205.833,414602350866069
1774171770812,2026-03-22 09:29:30.812,68610.0,0.00017,A,11.6637,209424480600587
1774171770812,2026-03-22 09:29:30.812,68610.0,0.00022,A,15.0942,923262895416592
1774171770812,2026-03-22 09:29:30.812,68609.0,0.00017,A,11.663530000000002,38261327499811
1774171770812,2026-03-22 09:29:30.812,68608.0,0.00017,A,11.66336,791481766537943
1774171770812,2026-03-22 09:29:30.812,68608.0,0.00017,A,11.66336,546521148895693
1774171770812,2026-03-22 09:29:30.812,68608.0,0.00015,A,10.2912,427046931119317
1774171770812,2026-03-22 09:29:30.812,68607.0,0.00017,A,11.66319,782757923064012
1774171770812,2026-03-22 09:29:30.812,68606.0,0.00017,A,11.663020000000001,189340258197470
1774171770812,2026-03-22 09:29:30.812,68606.0,0.02053,A,1408.48118,290641532167008
1774171770812,2026-03-22 09:29:30.812,68605.0,0.00017,A,11.66285,937240843493365
1774171770812,2026-03-22 09:29:30.812,68605.0,0.001,A,68.605,524539259683582
1774171770963,2026-03-22 09:29:30.963,68604.0,0.00017,A,11.662680000000002,152051848039840
1774171770963,2026-03-22 09:29:30.963,68604.0,0.00017,A,11.662680000000002,716803053232237
1774171770963,2026-03-22 09:29:30.963,68604.0,0.00072,A,49.39488,153676867793675
1774171770963,2026-03-22 09:29:30.963,68603.0,0.00015,A,10.29045,814610666053448
1774171770963,2026-03-22 09:29:30.963,68603.0,0.00017,A,11.662510000000001,445012363695307
1774171770963,2026-03-22 09:29:30.963,68602.0,0.00017,A,11.66234,235275065106584
1774171771019,2026-03-22 09:29:31.019,68601.0,0.00017,A,11.662170000000001,639190413668791
1774171771019,2026-03-22 09:29:31.019,68601.0,0.00017,A,11.662170000000001,102483279604453
1774171771019,2026-03-22 09:29:31.019,68600.0,0.00017,A,11.662,293537778208232
1774171771019,2026-03-22 09:29:31.019,68599.0,0.00017,A,11.66183,970965503299612
1774171771019,2026-03-22 09:29:31.019,68597.0,0.00017,A,11.66149,786691090044624
1774171771019,2026-03-22 09:29:31.019,68594.0,0.00153,A,104.94882,736170693008651
1774171771324,2026-03-22 09:29:31.324,68593.0,0.00017,A,11.660810000000001,408187481485087
1774171771324,2026-03-22 09:29:31.324,68593.0,0.00017,A,11.660810000000001,118882613353272
1774171771324,2026-03-22 09:29:31.324,68592.0,0.00043,A,29.49456,360561494722377
1774171771324,2026-03-22 09:29:31.324,68592.0,0.01731,A,1187.3275199999998,332821929408411
1774171771615,2026-03-22 09:29:31.615,68592.0,0.0094,A,644.7648,662648929829296
1774171772357,2026-03-22 09:29:32.357,68593.0,0.01,B,685.9300000000001,120427641242712
1774171773015,2026-03-22 09:29:33.015,68592.0,0.00028,A,19.205759999999998,561367630712905
1774171773759,2026-03-22 09:29:33.759,68593.0,0.01752,B,1201.74936,444639535291030
1774171773960,2026-03-22 09:29:33.960,68592.0,0.00101,A,69.27792000000001,110689982124964
1774171774047,2026-03-22 09:29:34.047,68592.0,0.00142,A,97.40064,989741573701792
1774171774372,2026-03-22 09:29:34.372,68593.0,0.48155,B,33030.959149999995,858283556485165
1774171774653,2026-03-22 09:29:34.653,68593.0,0.00015,B,10.28895,379216681403452
1774171775846,2026-03-22 09:29:35.846,68592.0,0.04423,A,3033.82416,852915179500165
1774171775846,2026-03-22 09:29:35.846,68592.0,0.00017,A,11.66064,572290103304104
1774171775846,2026-03-22 09:29:35.846,68592.0,0.02275,A,1560.4679999999998,41017325764222
1774171775846,2026-03-22 09:29:35.846,68593.0,0.01139,B,781.27427,1040426619489088
1774171777482,2026-03-22 09:29:37.482,68593.0,0.01172,B,803.90996,906792761608543
1774171777482,2026-03-22 09:29:37.482,68593.0,0.00121,B,82.99753,538653599994401
1774171777861,2026-03-22 09:29:37.861,68593.0,0.001,B,68.593,116505813053855
1774171778072,2026-03-22 09:29:38.072,68593.0,0.00016,B,10.97488,170791925175182
1774171780285,2026-03-22 09:29:40.285,68593.0,0.00019,B,13.032670000000001,901911160514315
1774171781085,2026-03-22 09:29:41.085,68592.0,0.00018,A,12.34656,215859472024072
1774171781287,2026-03-22 09:29:41.287,68592.0,0.23445,A,16081.3944,496263580192479
1774171781287,2026-03-22 09:29:41.287,68592.0,0.07707,A,5286.38544,58466639274383
1774171782029,2026-03-22 09:29:42.029,68593.0,0.00017,B,11.660810000000001,329304796573798
1774171782029,2026-03-22 09:29:42.029,68594.0,0.02559,B,1755.3204600000001,389839989834263
1774171782029,2026-03-22 09:29:42.029,68594.0,0.00015,B,10.2891,170448759383944
1774171782029,2026-03-22 09:29:42.029,68594.0,0.00017,B,11.66098,1111323294825161
1774171782029,2026-03-22 09:29:42.029,68595.0,0.00017,B,11.661150000000001,416779124281567
1774171782903,2026-03-22 09:29:42.903,68597.0,0.00017,B,11.66149,254511726266324
1774171783104,2026-03-22 09:29:43.104,68598.0,0.00017,B,11.661660000000001,132982665056616
1774171783104,2026-03-22 09:29:43.104,68598.0,0.00015,B,10.2897,340638310131555
1774171783104,2026-03-22 09:29:43.104,68599.0,0.00017,B,11.66183,1039665880626698
1774171783104,2026-03-22 09:29:43.104,68600.0,0.00017,B,11.662,293007455162989
1774171783104,2026-03-22 09:29:43.104,68600.0,0.00017,B,11.662,616534221985367
1774171783104,2026-03-22 09:29:43.104,68600.0,0.00015,B,10.29,338928781411774
1774171783104,2026-03-22 09:29:43.104,68601.0,0.00017,B,11.662170000000001,628726599155011
1774171783104,2026-03-22 09:29:43.104,68602.0,0.00015,B,10.290299999999998,295122877604696
1774171783104,2026-03-22 09:29:43.104,68602.0,0.00017,B,11.66234,1088899831368317
1774171784042,2026-03-22 09:29:44.042,68602.0,0.00416,A,285.38432,122662433974258
1774171784042,2026-03-22 09:29:44.042,68602.0,0.0248,A,1701.3296,650489107297678
1774171784261,2026-03-22 09:29:44.261,68603.0,0.003,B,205.809,1026586075043716
1774171784261,2026-03-22 09:29:44.261,68603.0,0.00017,B,11.662510000000001,345147717245946
1774171784261,2026-03-22 09:29:44.261,68603.0,0.00698,B,478.84894,468483956037911
1774171784261,2026-03-22 09:29:44.261,68604.0,0.00017,B,11.662680000000002,300535048646681
1774171784261,2026-03-22 09:29:44.261,68605.0,0.00017,B,11.66285,1063285998563623
1774171784261,2026-03-22 09:29:44.261,68606.0,0.00017,B,11.663020000000001,698309255458347
1774171784261,2026-03-22 09:29:44.261,68606.0,0.00043,B,29.50058,644739125147799
1774171784261,2026-03-22 09:29:44.261,68606.0,0.001,B,68.606,524087121846893
1774171784261,2026-03-22 09:29:44.261,68606.0,0.01271,B,871.9822600000001,720481953358499
1774171784304,2026-03-22 09:29:44.304,68605.0,0.0005,A,34.3025,513066992322284
1774171785516,2026-03-22 09:29:45.516,68606.0,0.00017,B,11.663020000000001,178049417507414
1774171785516,2026-03-22 09:29:45.516,68606.0,0.00685,B,469.9511,10833739445183
1774171785516,2026-03-22 09:29:45.516,68607.0,0.00017,B,11.66319,1002104362572373
1774171785516,2026-03-22 09:29:45.516,68607.0,0.00017,B,11.66319,554573247195343
1774171785516,2026-03-22 09:29:45.516,68608.0,0.00017,B,11.66336,337932575303161
1774171785516,2026-03-22 09:29:45.516,68609.0,0.00017,B,11.663530000000002,451326467778530
1774171785516,2026-03-22 09:29:45.516,68609.0,0.00015,B,10.29135,916873965561851
1774171785516,2026-03-22 09:29:45.516,68610.0,0.00017,B,11.6637,691587133102576
1774171785516,2026-03-22 09:29:45.516,68611.0,0.00017,B,11.663870000000001,1032643682967707
1774171785516,2026-03-22 09:29:45.516,68611.0,0.00017,B,11.663870000000001,404007482859245
1774171785516,2026-03-22 09:29:45.516,68611.0,0.01496,B,1026.42056,645379062134175
1774171786331,2026-03-22 09:29:46.331,68610.0,0.0467,A,3204.087,569024423091709
1774171786331,2026-03-22 09:29:46.331,68610.0,0.01081,A,741.6741000000001,399553069671616
1774171787877,2026-03-22 09:29:47.877,68609.0,0.00317,A,217.49053,98909419519511
1774171787930,2026-03-22 09:29:47.930,68609.0,0.00334,A,229.15406000000002,225247160319661
1774171788151,2026-03-22 09:29:48.151,68609.0,0.06688,A,4588.56992,255525948721311
1774171788151,2026-03-22 09:29:48.151,68609.0,0.07278,A,4993.36302,877200145984678
1774171788151,2026-03-22 09:29:48.151,68609.0,0.16833,A,11548.95297,843368044396236
1774171788151,2026-03-22 09:29:48.151,68609.0,0.17887,A,12272.09183,894754528152886
1774171788151,2026-03-22 09:29:48.151,68609.0,0.25107,A,17225.661630000002,931179858151633
1774171788151,2026-03-22 09:29:48.151,68609.0,0.10931,A,7499.64979,281538232374697
1774171788151,2026-03-22 09:29:48.151,68609.0,0.19167,A,13150.287030000001,30522889217643
1774171788151,2026-03-22 09:29:48.151,68608.0,0.00015,A,10.2912,589690070767962
1774171788151,2026-03-22 09:29:48.151,68606.0,0.00017,A,11.663020000000001,578977053760639
1774171788151,2026-03-22 09:29:48.151,68605.0,0.003,A,205.815,1106266313347520
1774171788151,2026-03-22 09:29:48.151,68605.0,0.00017,A,11.66285,885301099977342
1774171788151,2026-03-22 09:29:48.151,68604.0,0.00017,A,11.662680000000002,119780703543246
1774171788151,2026-03-22 09:29:48.151,68604.0,0.00017,A,11.662680000000002,520054840306971
1774171788151,2026-03-22 09:29:48.151,68603.0,0.00015,A,10.29045,774658961076203
1774171788151,2026-03-22 09:29:48.151,68603.0,0.00017,A,11.662510000000001,862136216489156
1774171788151,2026-03-22 09:29:48.151,68603.0,0.10887,A,7468.80861,732270623568891
1774171788151,2026-03-22 09:29:48.151,68602.0,0.00017,A,11.66234,35915160714011
1774171788151,2026-03-22 09:29:48.151,68602.0,0.01019,A,699.0543799999999,473968463505098
1774171788151,2026-03-22 09:29:48.151,68601.0,0.00017,A,11.662170000000001,774231088207804
1774171788151,2026-03-22 09:29:48.151,68601.0,0.00017,A,11.662170000000001,219708389212161
1774171788151,2026-03-22 09:29:48.151,68600.0,0.00017,A,11.662,188427461993705
1774171788151,2026-03-22 09:29:48.151,68600.0,0.02915,A,1999.6899999999998,535017468934305
1774171788151,2026-03-22 09:29:48.151,68599.0,0.05665,A,3886.13335,641032693475456
1774171788151,2026-03-22 09:29:48.151,68599.0,0.00017,A,11.66183,808762405971772
1774171788151,2026-03-22 09:29:48.151,68598.0,0.00015,A,10.2897,915495214752981
1774171788151,2026-03-22 09:29:48.151,68598.0,0.00017,A,11.661660000000001,596141716367628
1774171788151,2026-03-22 09:29:48.151,68598.0,0.72892,A,50002.45416,771055152120749
1774171788151,2026-03-22 09:29:48.151,68597.0,0.003,A,205.791,887147554967945
1774171788151,2026-03-22 09:29:48.151,68597.0,0.00017,A,11.66149,752873211474917
1774171788151,2026-03-22 09:29:48.151,68597.0,0.04079,A,2798.07163,460253500092816
1774171788151,2026-03-22 09:29:48.151,68597.0,0.00017,A,11.66149,1071397908855307
1774171788151,2026-03-22 09:29:48.151,68597.0,0.28298,A,19411.57906,1095954963556002
1774171788987,2026-03-22 09:29:48.987,68597.0,0.00233,A,159.83101,827452850320302
1774171788987,2026-03-22 09:29:48.987,68597.0,0.0117,A,802.5849000000001,217831419082015
1774171789104,2026-03-22 09:29:49.104,68597.0,0.00052,A,35.67044,489321431813951
1774171789702,2026-03-22 09:29:49.702,68598.0,0.01028,B,705.1874399999999,227766039363864
1774171789702,2026-03-22 09:29:49.702,68599.0,2e-05,B,1.3719800000000002,726956612432869
1774171790192,2026-03-22 09:29:50.192,68602.0,0.0183,A,1255.4166,1117484288842335
1774171790307,2026-03-22 09:29:50.307,68603.0,0.003,B,205.809,132970217817015
1774171790307,2026-03-22 09:29:50.307,68603.0,0.0087,B,596.8461,623116604293398
1774171790513,2026-03-22 09:29:50.513,68603.0,0.00332,B,227.76196000000002,257859082028200
1774171791802,2026-03-22 09:29:51.802,68603.0,0.00017,B,11.662510000000001,1036807641440090
1774171792139,2026-03-22 09:29:52.139,68603.0,0.00037,A,25.38311,291748000398933
1774171792535,2026-03-22 09:29:52.535,68604.0,0.00032,B,21.953280000000003,1067771748280981
1774171796634,2026-03-22 09:29:56.634,68604.0,0.0002,B,13.7208,541721719824986
1774171796634,2026-03-22 09:29:56.634,68604.0,0.00017,B,11.662680000000002,570913888843911
1774171796634,2026-03-22 09:29:56.634,68604.0,0.00023,B,15.778920000000001,60343217080225
1774171796634,2026-03-22 09:29:56.634,68605.0,0.00017,B,11.66285,216310859618757
1774171796634,2026-03-22 09:29:56.634,68605.0,0.00015,B,10.29075,372564897282649
1774171796634,2026-03-22 09:29:56.634,68606.0,0.00017,B,11.663020000000001,714114992941668
1774171799046,2026-03-22 09:29:59.046,68606.0,0.00037,A,25.38422,986105985926906
1774171799046,2026-03-22 09:29:59.046,68606.0,0.48118,A,33011.83508,189375714610447
1774171799443,2026-03-22 09:29:59.443,68607.0,0.03047,B,2090.45529,1032697660052071
1774171799650,2026-03-22 09:29:59.650,68606.0,0.0248,A,1701.4288,414405365844764
1774171801060,2026-03-22 09:30:01.060,68606.0,0.00238,A,163.28228000000001,321784109309941
1774171801260,2026-03-22 09:30:01.260,68606.0,0.01166,A,799.94596,224295832632247
1774171802267,2026-03-22 09:30:02.267,68601.0,0.00017,A,11.662170000000001,719373200445640
1774171802267,2026-03-22 09:30:02.267,68601.0,0.00029,A,19.89429,177793659346191
1774171803044,2026-03-22 09:30:03.044,68601.0,0.00029,A,19.89429,707819191136161
1774171803044,2026-03-22 09:30:03.044,68602.0,0.25,B,17150.5,158694224993911
1774171803044,2026-03-22 09:30:03.044,68602.0,0.25,B,17150.5,613969592596169
1774171803044,2026-03-22 09:30:03.044,68602.0,0.01025,B,703.1705000000001,445707046665242
1774171803044,2026-03-22 09:30:03.044,68603.0,0.00015,B,10.29045,1113455008894772
1774171803097,2026-03-22 09:30:03.097,68604.0,0.0248,B,1701.3791999999999,437474378378234
1774171803209,2026-03-22 09:30:03.209,68604.0,0.26666,B,18293.94264,944347197873176
1774171803209,2026-03-22 09:30:03.209,68604.0,0.33333,B,22867.77132,993772072906783
1774171803209,2026-03-22 09:30:03.209,68604.0,0.33333,B,22867.77132,190620357802285
1774171803209,2026-03-22 09:30:03.209,68604.0,0.26666,B,18293.94264,157712495231025
1774171803209,2026-03-22 09:30:03.209,68604.0,0.08726,B,5986.38504,108209437902213
1774171803629,2026-03-22 09:30:03.629,68607.0,0.00017,B,11.66319,784613045191416
1774171803629,2026-03-22 09:30:03.629,68607.0,0.02578,B,1768.68846,433027720274352
1774171803629,2026-03-22 09:30:03.629,68607.0,0.003,B,205.821,908255354935855
1774171803629,2026-03-22 09:30:03.629,68607.0,0.0022,B,150.93540000000002,999973599245691
1774171804084,2026-03-22 09:30:04.084,68607.0,0.00142,A,97.42194,199590217162326
1774171804084,2026-03-22 09:30:04.084,68608.0,0.00017,B,11.66336,242960346847065
1774171804084,2026-03-22 09:30:04.084,68609.0,0.00017,B,11.663530000000002,752423558141497
1774171804084,2026-03-22 09:30:04.084,68610.0,0.00017,B,11.6637,50089958859890
1774171805227,2026-03-22 09:30:05.227,68610.0,0.0035,A,240.135,173318959915455
1774171805286,2026-03-22 09:30:05.286,68611.0,0.00017,B,11.663870000000001,472442963777757
1774171805286,2026-03-22 09:30:05.286,68611.0,0.00729,B,500.17418999999995,999496058371185
1774171806095,2026-03-22 09:30:06.095,68612.0,0.00017,B,11.66404,894585256663471
1774171806095,2026-03-22 09:30:06.095,68613.0,0.00017,B,11.66421,400092048602616
1774171806095,2026-03-22 09:30:06.095,68613.0,0.02914,B,1999.38282,287522461442583
1774171806095,2026-03-22 09:30:06.095,68613.0,0.0002,B,13.7226,830744675591259
1774171806095,2026-03-22 09:30:06.095,68614.0,0.00017,B,11.664380000000001,757588244200929
1774171806095,2026-03-22 09:30:06.095,68614.0,0.00017,B,11.664380000000001,690295126715291
1774171806095,2026-03-22 09:30:06.095,68614.0,0.00018,B,12.350520000000001,489135570100687
1774171806095,2026-03-22 09:30:06.095,68614.0,0.21222,B,14561.263079999999,492223947984341
1774171806498,2026-03-22 09:30:06.498,68613.0,0.00131,A,89.88302999999999,507040190447067
1774171807457,2026-03-22 09:30:07.457,68614.0,0.00022,B,15.095080000000001,402788744062177
1774171808058,2026-03-22 09:30:08.058,68614.0,0.00016,B,10.978240000000001,739038426105756
1774171808512,2026-03-22 09:30:08.512,68613.0,6e-05,A,4.11678,625620866849648
1774171809182,2026-03-22 09:30:09.182,68614.0,0.29152,B,20002.35328,683482193399784
1774171811075,2026-03-22 09:30:11.075,68613.0,0.00018,A,12.350340000000001,238339336048035
1774171811327,2026-03-22 09:30:11.327,68613.0,0.00019,A,13.036470000000001,135945380371335
1774171812493,2026-03-22 09:30:12.493,68613.0,0.0009,A,61.7517,86587005390127
1774171813833,2026-03-22 09:30:13.833,68614.0,0.00418,B,286.80652,554278113312088
1774171813893,2026-03-22 09:30:13.893,68613.0,0.00028,A,19.21164,1009580009898366
1774171814099,2026-03-22 09:30:14.099,68613.0,0.00416,A,285.43008,811043021416437
1774171814217,2026-03-22 09:30:14.217,68613.0,0.1424,A,9770.4912,631335647294085
1774171814217,2026-03-22 09:30:14.217,68613.0,0.10709,A,7347.76617,542273968303805
1774171814217,2026-03-22 09:30:14.217,68613.0,0.15155,A,10398.30015,128392920850383
1774171814217,2026-03-22 09:30:14.217,68613.0,0.08487,A,5823.18531,158771876648072
1774171814217,2026-03-22 09:30:14.217,68613.0,0.11628,A,7978.31964,434945776233634
1774171814217,2026-03-22 09:30:14.217,68613.0,0.12952,A,8886.75576,643246706445991
1774171814217,2026-03-22 09:30:14.217,68613.0,0.04161,A,2854.98693,408615338814138
1774171814949,2026-03-22 09:30:14.949,68613.0,0.00213,A,146.14569,1100990221920648
1774171817140,2026-03-22 09:30:17.140,68614.0,6e-05,B,4.11684,114714809583191
1774171817544,2026-03-22 09:30:17.544,68613.0,0.1108,A,7602.3204,1036765938575138
1774171817544,2026-03-22 09:30:17.544,68613.0,0.08395,A,5760.06135,380180357988898
1774171817544,2026-03-22 09:30:17.544,68613.0,0.0141,A,967.4433,1057920145543166
1774171817544,2026-03-22 09:30:17.544,68613.0,0.43956,A,30159.53028,916462384318782
1774171817544,2026-03-22 09:30:17.544,68613.0,0.07158,A,4911.31854,136986550702939
1774171817544,2026-03-22 09:30:17.544,68613.0,0.36354,A,24943.57002,720135921181667
1774171817544,2026-03-22 09:30:17.544,68613.0,0.01886,A,1294.04118,138650134682031
1774171817544,2026-03-22 09:30:17.544,68613.0,0.07473,A,5127.44949,943913056197577
1774171817544,2026-03-22 09:30:17.544,68613.0,0.129,A,8851.077000000001,599020595070232
1774171817544,2026-03-22 09:30:17.544,68613.0,0.08889,A,6099.00957,111833743656955
1774171817544,2026-03-22 09:30:17.544,68613.0,0.0951,A,6525.0963,102257841956466
1774171817544,2026-03-22 09:30:17.544,68613.0,0.14495,A,9945.45435,720099908607291
1774171817544,2026-03-22 09:30:17.544,68613.0,0.09707,A,6660.263910000001,52739497193499
1774171817544,2026-03-22 09:30:17.544,68613.0,0.02222,A,1524.58086,906223133462484
1774171817544,2026-03-22 09:30:17.544,68613.0,0.12456,A,8546.43528,476086180639181
1774171817544,2026-03-22 09:30:17.544,68613.0,0.07774,A,5333.97462,974625669717657
1774171817544,2026-03-22 09:30:17.544,68613.0,0.04335,A,2974.37355,443592678783249
1774171818482,2026-03-22 09:30:18.482,68614.0,0.00069,B,47.34366,78541643467263
1774171819090,2026-03-22 09:30:19.090,68613.0,0.00044,A,30.18972,364160214880049
1774171819962,2026-03-22 09:30:19.962,68614.0,0.0067,B,459.7138,3470732810123
1774171820423,2026-03-22 09:30:20.423,68613.0,0.00018,A,12.350340000000001,197341792187144
1774171821570,2026-03-22 09:30:21.570,68613.0,0.38717,A,26564.895210000002,425609687025173
1774171821570,2026-03-22 09:30:21.570,68613.0,0.0671,A,4603.9323,367244083597253
1774171821570,2026-03-22 09:30:21.570,68613.0,0.05062,A,3473.19006,908700661257424
1774171822201,2026-03-22 09:30:22.201,68614.0,0.0183,B,1255.6362,712006605114537
1774171822604,2026-03-22 09:30:22.604,68613.0,0.0003,A,20.5839,229324850892364
1774171822803,2026-03-22 09:30:22.803,68613.0,0.00183,A,125.56179,301094377877313
1774171822803,2026-03-22 09:30:22.803,68613.0,0.00017,A,11.66421,110182758207698
1774171825078,2026-03-22 09:30:25.078,68613.0,0.0117,A,802.7721,8609619379184
1774171827378,2026-03-22 09:30:27.378,68614.0,0.0117,B,802.7838,268678251643204
1774171828382,2026-03-22 09:30:28.382,68613.0,0.0005,A,34.3065,532375716635471
1774171828438,2026-03-22 09:30:28.438,68614.0,0.0004,B,27.445600000000002,608224002531127
1774171830448,2026-03-22 09:30:30.448,68614.0,0.53628,B,36796.31592,385207554069043
1774171830448,2026-03-22 09:30:30.448,68614.0,0.63777,B,43759.95078,365547810467873
1774171830448,2026-03-22 09:30:30.448,68614.0,0.53628,B,36796.31592,108356504501978
1774171830714,2026-03-22 09:30:30.714,68614.0,0.00073,B,50.08822,570495384735921
1774171830714,2026-03-22 09:30:30.714,68613.0,0.018,A,1235.0339999999999,551344919310856
1774171831007,2026-03-22 09:30:31.007,68613.0,0.00238,A,163.29894000000002,730106079237128
1774171831253,2026-03-22 09:30:31.253,68613.0,0.0248,A,1701.6024,660113959545377
1774171831655,2026-03-22 09:30:31.655,68614.0,0.0248,B,1701.6272,770479317650838
1774171833035,2026-03-22 09:30:33.035,68613.0,0.00029,A,19.89777,817966604617070
1774171833236,2026-03-22 09:30:33.236,68613.0,0.01,A,686.13,833380367474796
1774171833236,2026-03-22 09:30:33.236,68613.0,0.00019,A,13.036470000000001,706058124368769
1774171833465,2026-03-22 09:30:33.465,68614.0,0.00018,B,12.350520000000001,749778235167342
1774171834033,2026-03-22 09:30:34.033,68613.0,0.00142,A,97.43046,734710582519193
1774171834033,2026-03-22 09:30:34.033,68613.0,0.01166,A,800.0275800000001,228892734211862
1774171834033,2026-03-22 09:30:34.033,68613.0,0.10902,A,7480.18926,419313052476087
1774171837818,2026-03-22 09:30:37.818,68613.0,0.00131,A,89.88302999999999,885684925580837
1774171838017,2026-03-22 09:30:38.017,68614.0,0.00016,B,10.978240000000001,348888084931736
1774171840824,2026-03-22 09:30:40.824,68614.0,0.09327,B,6399.627780000001,461295669562209
1774171842633,2026-03-22 09:30:42.633,68613.0,0.032,A,2195.616,866035005192793
1774171842633,2026-03-22 09:30:42.633,68613.0,0.04304,A,2953.10352,948803836503893
1774171843126,2026-03-22 09:30:43.126,68614.0,0.00015,B,10.2921,822094604822162
1774171843248,2026-03-22 09:30:43.248,68614.0,0.13998,B,9604.58772,231591907105978
1774171843248,2026-03-22 09:30:43.248,68614.0,0.00146,B,100.17644,410693667650830
1774171843248,2026-03-22 09:30:43.248,68614.0,0.00017,B,11.664380000000001,425296352107055
1774171843248,2026-03-22 09:30:43.248,68614.0,0.00015,B,10.2921,920945521338911
1774171843248,2026-03-22 09:30:43.248,68614.0,0.00015,B,10.2921,891380086765304
1774171843248,2026-03-22 09:30:43.248,68614.0,0.00015,B,10.2921,1062334818312381
1774171843248,2026-03-22 09:30:43.248,68614.0,0.00668,B,458.34152,490852415171637
1774171843248,2026-03-22 09:30:43.248,68615.0,0.00017,B,11.66455,145566067042374
1774171843248,2026-03-22 09:30:43.248,68615.0,0.00015,B,10.29225,856152466595866
1774171843248,2026-03-22 09:30:43.248,68615.0,0.00017,B,11.66455,142213712620118
1774171843248,2026-03-22 09:30:43.248,68616.0,0.00017,B,11.66472,658764828124768
1774171843248,2026-03-22 09:30:43.248,68616.0,0.00015,B,10.292399999999999,976773500231118
1774171843248,2026-03-22 09:30:43.248,68616.0,0.00017,B,11.66472,379054261968432
1774171843248,2026-03-22 09:30:43.248,68617.0,0.00017,B,11.664890000000002,749473356759118
1774171843248,2026-03-22 09:30:43.248,68617.0,0.003,B,205.851,491532282746479
1774171843248,2026-03-22 09:30:43.248,68617.0,0.00017,B,11.664890000000002,934718269498510
1774171843248,2026-03-22 09:30:43.248,68618.0,0.00017,B,11.66506,151932603210370
1774171843248,2026-03-22 09:30:43.248,68618.0,0.00017,B,11.66506,955347191264011
1774171843248,2026-03-22 09:30:43.248,68618.0,0.00017,B,11.66506,283658950210631
1774171843248,2026-03-22 09:30:43.248,68619.0,0.00017,B,11.665230000000001,893414353043089
1774171843248,2026-03-22 09:30:43.248,68619.0,0.00017,B,11.665230000000001,105251455058228
1774171843248,2026-03-22 09:30:43.248,68620.0,0.00017,B,11.6654,1028903933029863
1774171843248,2026-03-22 09:30:43.248,68620.0,0.00017,B,11.6654,426915338144661
1774171843248,2026-03-22 09:30:43.248,68620.0,0.34575,B,23725.365,786405659599113
1774171843651,2026-03-22 09:30:43.651,68619.0,0.05454,A,3742.48026,472305285932598
1774171844052,2026-03-22 09:30:44.052,68619.0,0.00416,A,285.45504,94801860825275
1774171845608,2026-03-22 09:30:45.608,68619.0,0.0176,A,1207.6944,451329578757957
1774171845608,2026-03-22 09:30:45.608,68619.0,0.0072,A,494.0568,656088578786302
1774171846221,2026-03-22 09:30:46.221,68620.0,0.001,B,68.62,469900360424716
1774171846893,2026-03-22 09:30:46.893,68620.0,0.00022,B,15.096400000000001,897928401863830
1774171848250,2026-03-22 09:30:48.250,68620.0,0.00045,B,30.878999999999998,563681744103630
1774171848316,2026-03-22 09:30:48.316,68620.0,0.0248,B,1701.7759999999998,113835798546381
1774171848856,2026-03-22 09:30:48.856,68619.0,0.00046,A,31.56474,1098852911957908
1774171849015,2026-03-22 09:30:49.015,68619.0,0.00053,A,36.368069999999996,694860331952358
1774171849015,2026-03-22 09:30:49.015,68620.0,0.00187,B,128.3194,832824385921574
1774171851950,2026-03-22 09:30:51.950,68620.0,0.00017,B,11.6654,374455657704776
1774171851950,2026-03-22 09:30:51.950,68620.0,0.02053,B,1408.7685999999999,1003586057046151
1774171854168,2026-03-22 09:30:54.168,68620.0,0.01947,B,1336.0314,855891203546320
1774171854168,2026-03-22 09:30:54.168,68620.0,0.00146,B,100.1852,65951370767782
1774171854168,2026-03-22 09:30:54.168,68620.0,0.00146,B,100.1852,855800503801977
1774171854168,2026-03-22 09:30:54.168,68620.0,0.00146,B,100.1852,401461854285757
1774171854168,2026-03-22 09:30:54.168,68620.0,0.00017,B,11.6654,75936938421436
1774171854168,2026-03-22 09:30:54.168,68620.0,0.00036,B,24.703200000000002,223143258953024
1774171854168,2026-03-22 09:30:54.168,68620.0,0.00036,B,24.703200000000002,326019937627113
1774171854168,2026-03-22 09:30:54.168,68621.0,0.00017,B,11.66557,819933961623268
1774171854168,2026-03-22 09:30:54.168,68621.0,0.003,B,205.863,162444823096301
1774171854168,2026-03-22 09:30:54.168,68621.0,0.00015,B,10.293149999999999,666307364478831
1774171854168,2026-03-22 09:30:54.168,68621.0,0.00017,B,11.66557,877006691196526
1774171854168,2026-03-22 09:30:54.168,68622.0,0.00017,B,11.665740000000001,344257819926341
1774171854168,2026-03-22 09:30:54.168,68622.0,0.00017,B,11.665740000000001,572161651535608
1774171854168,2026-03-22 09:30:54.168,68622.0,0.00017,B,11.665740000000001,999802623062440
1774171854168,2026-03-22 09:30:54.168,68623.0,0.00017,B,11.66591,348844090155498
1774171854168,2026-03-22 09:30:54.168,68623.0,0.00017,B,11.66591,475143608923707
1774171854417,2026-03-22 09:30:54.417,68624.0,0.00017,B,11.666080000000001,432073184807009
1774171854417,2026-03-22 09:30:54.417,68624.0,0.00017,B,11.666080000000001,332107463045687
1774171854417,2026-03-22 09:30:54.417,68624.0,0.00086,B,59.016639999999995,777855058617810
1774171854417,2026-03-22 09:30:54.417,68625.0,0.00017,B,11.666250000000002,326427443583268
1774171854417,2026-03-22 09:30:54.417,68625.0,0.00017,B,11.666250000000002,330063837130087
1774171854417,2026-03-22 09:30:54.417,68625.0,0.00017,B,11.666250000000002,813040857946204
1774171854417,2026-03-22 09:30:54.417,68626.0,0.00017,B,11.66642,561379932576156
1774171854417,2026-03-22 09:30:54.417,68626.0,0.00017,B,11.66642,108592511319965
1774171854721,2026-03-22 09:30:54.721,68626.0,0.00045,A,30.8817,339160316817157
1774171854886,2026-03-22 09:30:54.886,68626.0,0.0005,A,34.313,828982229728877
1774171854979,2026-03-22 09:30:54.979,68627.0,0.00017,B,11.666590000000001,393740531617732
1774171854979,2026-03-22 09:30:54.979,68628.0,0.00017,B,11.66676,1006465683031668
1774171854979,2026-03-22 09:30:54.979,68629.0,0.00017,B,11.66693,671001269690597
1774171854979,2026-03-22 09:30:54.979,68629.0,0.00017,B,11.66693,241693441133155
1774171854979,2026-03-22 09:30:54.979,68630.0,0.00017,B,11.667100000000001,699999559643041
1774171854979,2026-03-22 09:30:54.979,68630.0,0.003,B,205.89000000000001,507558270351747
1774171857379,2026-03-22 09:30:57.379,68632.0,0.00072,B,49.415040000000005,331272516651943
1774171857379,2026-03-22 09:30:57.379,68632.0,0.00087,B,59.70984,119372677208287
1774171861022,2026-03-22 09:31:01.022,68631.0,0.00237,A,162.65547,827242906169627
1774171861687,2026-03-22 09:31:01.687,68631.0,0.0003,A,20.589299999999998,398016258222190
1774171862501,2026-03-22 09:31:02.501,68631.0,0.01406,A,964.95186,343065733206106
1774171863091,2026-03-22 09:31:03.091,68631.0,0.00028,A,19.216679999999997,618008111448042
1774171863091,2026-03-22 09:31:03.091,68631.0,0.00018,A,12.353580000000001,1071101815120041
1774171863691,2026-03-22 09:31:03.691,68631.0,0.0117,A,802.9827,43470492639579
1774171863892,2026-03-22 09:31:03.892,68632.0,0.0117,B,802.9944,410314839108946
1774171864053,2026-03-22 09:31:04.053,68631.0,0.00141,A,96.76971,410007151189932
1774171866268,2026-03-22 09:31:06.268,68632.0,0.2345,B,16094.204,149002553705534
1774171866923,2026-03-22 09:31:06.923,68631.0,0.05,A,3431.55,851901234337597
1774171866923,2026-03-22 09:31:06.923,68631.0,0.07529,A,5167.227989999999,73243505658008
1774171866923,2026-03-22 09:31:06.923,68631.0,0.00145,A,99.51495,817210038692107
1774171866923,2026-03-22 09:31:06.923,68631.0,0.0002,A,13.7262,797970290380333
1774171866923,2026-03-22 09:31:06.923,68631.0,0.12856,A,8823.201360000001,824572068668335
1774171866923,2026-03-22 09:31:06.923,68631.0,0.2555,A,17535.2205,328091152929935
1774171866923,2026-03-22 09:31:06.923,68631.0,0.26666,A,18301.14246,198225506427499
1774171866923,2026-03-22 09:31:06.923,68631.0,0.33333,A,22876.771230000002,312609805961074
1774171866923,2026-03-22 09:31:06.923,68631.0,0.00917,A,629.34627,990195436180134
1774171866923,2026-03-22 09:31:06.923,68631.0,0.00678,A,465.31818,183539676165356
1774171866923,2026-03-22 09:31:06.923,68630.0,0.00015,A,10.2945,72568589146475
1774171867851,2026-03-22 09:31:07.851,68629.0,0.00017,A,11.66693,486629816591522
1774171867851,2026-03-22 09:31:07.851,68628.0,0.00017,A,11.66676,930736673624345
1774171867851,2026-03-22 09:31:07.851,68627.0,0.00017,A,11.666590000000001,59372300856434
1774171867851,2026-03-22 09:31:07.851,68626.0,0.00017,A,11.66642,921484505158965
1774171867851,2026-03-22 09:31:07.851,68626.0,0.00017,A,11.66642,423092737497323
1774171868694,2026-03-22 09:31:08.694,68625.0,0.00038,A,26.0775,487446323627543
1774171868694,2026-03-22 09:31:08.694,68625.0,0.00017,A,11.666250000000002,136038710864476
1774171868694,2026-03-22 09:31:08.694,68624.0,0.00017,A,11.666080000000001,1063429069820459
1774171868694,2026-03-22 09:31:08.694,68624.0,0.00015,A,10.2936,726497428759290
1774171868846,2026-03-22 09:31:08.846,68624.0,0.00372,B,255.28128,619656337388734
1774171868846,2026-03-22 09:31:08.846,68624.0,1.01994,B,69992.36256000001,248925517218304
1774171868846,2026-03-22 09:31:08.846,68624.0,0.38826,B,26643.95424,1002962459999611
1774171868846,2026-03-22 09:31:08.846,68624.0,0.18355,B,12595.9352,738359753527244
1774171868846,2026-03-22 09:31:08.846,68624.0,0.41257,B,28312.20368,822794635114739
1774171868846,2026-03-22 09:31:08.846,68624.0,0.54261,B,37236.068640000005,1051793168097481
1774171869061,2026-03-22 09:31:09.061,68623.0,0.00017,A,11.66591,965042297978305
1774171869061,2026-03-22 09:31:09.061,68623.0,0.00017,A,11.66591,239945945707498
1774171869061,2026-03-22 09:31:09.061,68623.0,0.00032,A,21.95936,368361669295378
1774171869061,2026-03-22 09:31:09.061,68623.0,0.00342,A,234.69065999999998,949020954734527
1774171869944,2026-03-22 09:31:09.944,68623.0,0.00561,A,384.97503,968839888463821
1774171870268,2026-03-22 09:31:10.268,68624.0,0.00017,B,11.666080000000001,261841570568419
1774171870339,2026-03-22 09:31:10.339,68625.0,0.00015,B,10.29375,891512939093656
1774171870339,2026-03-22 09:31:10.339,68625.0,0.00017,B,11.666250000000002,15233540088167
1774171870937,2026-03-22 09:31:10.937,68626.0,0.00153,B,104.99777999999999,1015505563018649
1774171871069,2026-03-22 09:31:11.069,68625.0,0.00018,A,12.352500000000001,1043823886842656
1774171871738,2026-03-22 09:31:11.738,68626.0,0.00515,B,353.4239,134547920088787
1774171871738,2026-03-22 09:31:11.738,68627.0,0.00017,B,11.666590000000001,366565554878818
1774171871738,2026-03-22 09:31:11.738,68627.0,0.00031,B,21.27437,760359545530612
1774171871738,2026-03-22 09:31:11.738,68628.0,0.00017,B,11.66676,144561756527099
1774171871738,2026-03-22 09:31:11.738,68629.0,0.00017,B,11.66693,349285009524849
1774171871738,2026-03-22 09:31:11.738,68629.0,0.00017,B,11.66693,435092193227568
1774171871738,2026-03-22 09:31:11.738,68629.0,0.003,B,205.887,825849662718043
1774171871738,2026-03-22 09:31:11.738,68630.0,5e-05,B,3.4315,180579945564407
1774171872093,2026-03-22 09:31:12.093,68630.0,0.00012,B,8.2356,456499566535223
1774171872093,2026-03-22 09:31:12.093,68631.0,0.00017,B,11.66727,425247097857156
1774171872093,2026-03-22 09:31:12.093,68632.0,0.00037,B,25.39384,686773939128714
1774171872226,2026-03-22 09:31:12.226,68632.0,0.25,B,17158.0,283776727817523
1774171874043,2026-03-22 09:31:14.043,68631.0,0.00416,A,285.50496,681178711314621
1774171874845,2026-03-22 09:31:14.845,68632.0,0.00714,B,490.03247999999996,218056865866727
1774171875121,2026-03-22 09:31:15.121,68631.0,0.0117,A,802.9827,228925105567393
1774171875259,2026-03-22 09:31:15.259,68631.0,0.0248,A,1702.0488,591172012017532
1774171875311,2026-03-22 09:31:15.311,68632.0,0.0117,B,802.9944,339041033646654
1774171875311,2026-03-22 09:31:15.311,68632.0,0.0248,B,1702.0736,833985518571251
1774171876051,2026-03-22 09:31:16.051,68631.0,0.00342,A,234.71802,123469651582866
1774171876051,2026-03-22 09:31:16.051,68632.0,0.04392,B,3014.3174400000003,839038627673347
1774171876455,2026-03-22 09:31:16.455,68632.0,0.01803,B,1237.43496,899174896538851
1774171876674,2026-03-22 09:31:16.674,68631.0,0.01485,A,1019.17035,595253305691038
1774171878969,2026-03-22 09:31:18.969,68632.0,0.001,B,68.632,763411498149104
1774171879023,2026-03-22 09:31:19.023,68631.0,0.00055,A,37.74705,832955534298900
1774171879912,2026-03-22 09:31:19.912,68632.0,5.77042,B,396035.46544,662312517812511
1774171880972,2026-03-22 09:31:20.972,68632.0,0.00286,B,196.28752,505844029492862
1774171884052,2026-03-22 09:31:24.052,68632.0,0.93821,B,64391.22872,326890823693544
1774171884052,2026-03-22 09:31:24.052,68632.0,0.00017,B,11.667440000000001,103189472343470
1774171884052,2026-03-22 09:31:24.052,68632.0,0.0002,B,13.7264,321771225177491
1774171884052,2026-03-22 09:31:24.052,68632.0,0.05,B,3431.6000000000004,791628371806079
1774171884052,2026-03-22 09:31:24.052,68633.0,0.00017,B,11.667610000000002,19924275803987
1774171884052,2026-03-22 09:31:24.052,68633.0,0.01785,B,1225.09905,99174250993653
1774171884052,2026-03-22 09:31:24.052,68634.0,0.11411,B,7831.82574,971107072612236
1774171884052,2026-03-22 09:31:24.052,68634.0,0.00017,B,11.66778,945380383290532
1774171884052,2026-03-22 09:31:24.052,68634.0,0.00078,B,53.53452,742311926365486
1774171884052,2026-03-22 09:31:24.052,68635.0,0.00017,B,11.667950000000001,100514888342029
1774171884052,2026-03-22 09:31:24.052,68635.0,0.00015,B,10.29525,1077256393427187
1774171884870,2026-03-22 09:31:24.870,68636.0,0.00022,B,15.099920000000001,36914390962967
1774171884870,2026-03-22 09:31:24.870,68636.0,0.003,B,205.90800000000002,418194449890460
1774171884870,2026-03-22 09:31:24.870,68637.0,0.00017,B,11.66829,1074269815208634
1774171884870,2026-03-22 09:31:24.870,68638.0,0.00017,B,11.668460000000001,149507135959988
1774171884870,2026-03-22 09:31:24.870,68639.0,0.00017,B,11.66863,141271401910593
1774171884870,2026-03-22 09:31:24.870,68640.0,0.00017,B,11.668800000000001,1073794476710930
1774171884870,2026-03-22 09:31:24.870,68640.0,0.00017,B,11.668800000000001,94263979116071
1774171884870,2026-03-22 09:31:24.870,68641.0,0.00017,B,11.668970000000002,867044637626404
1774171885024,2026-03-22 09:31:25.024,68642.0,0.00017,B,11.66914,189766845332017
1774171885024,2026-03-22 09:31:25.024,68642.0,0.003,B,205.92600000000002,267782435650737
1774171885024,2026-03-22 09:31:25.024,68642.0,0.05665,B,3888.5693,712080077910315
1774171885024,2026-03-22 09:31:25.024,68643.0,0.00017,B,11.669310000000001,452200147541535
1774171885024,2026-03-22 09:31:25.024,68643.0,0.00017,B,11.669310000000001,1118501982338440
1774171885024,2026-03-22 09:31:25.024,68643.0,0.02913,B,1999.57059,137243596862109
1774171885024,2026-03-22 09:31:25.024,68644.0,0.00017,B,11.66948,792758697876441
1774171885024,2026-03-22 09:31:25.024,68644.0,0.00015,B,10.2966,640905964920975
1774171885024,2026-03-22 09:31:25.024,68644.0,0.21039,B,14442.01116,652607523261405
1774171885024,2026-03-22 09:31:25.024,68644.0,0.00067,B,45.99148,225948090234763
1774171885211,2026-03-22 09:31:25.211,68643.0,1.0741,A,73729.44630000001,886900056283840
1774171885211,2026-03-22 09:31:25.211,68643.0,0.33765,A,23177.30895,416084689233378
1774171887044,2026-03-22 09:31:27.044,68644.0,0.05099,B,3500.15756,538077505445280
1774171887044,2026-03-22 09:31:27.044,68644.0,0.01838,B,1261.67672,935422340950604
1774171889077,2026-03-22 09:31:29.077,68643.0,0.0003,A,20.592899999999997,679354885983284
1774171889876,2026-03-22 09:31:29.876,68644.0,0.00131,B,89.92363999999999,135227290897499
1774171889876,2026-03-22 09:31:29.876,68644.0,0.00728,B,499.72832,565164224543858
1774171890478,2026-03-22 09:31:30.478,68643.0,0.0248,A,1702.3464,608381825313410
1774171891054,2026-03-22 09:31:31.054,68643.0,0.00238,A,163.37034,1088110369300834
1774171891339,2026-03-22 09:31:31.339,68644.0,0.0118,B,809.9992,367101661713509
1774171891898,2026-03-22 09:31:31.898,68644.0,0.03739,B,2566.5991599999998,464780281792907
1774171893022,2026-03-22 09:31:33.022,68643.0,0.00029,A,19.90647,814228583477408
1774171893022,2026-03-22 09:31:33.022,68643.0,0.00018,A,12.35574,114755197363773
1774171893510,2026-03-22 09:31:33.510,68644.0,0.0248,B,1702.3712,738638555632975
1774171893628,2026-03-22 09:31:33.628,68643.0,0.0117,A,803.1231,615681535403103
1774171894031,2026-03-22 09:31:34.031,68643.0,0.00142,A,97.47306,936720085072109
1774171895441,2026-03-22 09:31:35.441,68643.0,0.00045,A,30.88935,946871111459727
1774171896452,2026-03-22 09:31:36.452,68644.0,0.0117,B,803.1348,1000770180711782
1774171897494,2026-03-22 09:31:37.494,68643.0,0.05611,A,3851.55873,21762101313077
1774171897494,2026-03-22 09:31:37.494,68643.0,0.00266,A,182.59038,15390280720087
1774171897494,2026-03-22 09:31:37.494,68643.0,0.00017,A,11.669310000000001,10706465576835
1774171897494,2026-03-22 09:31:37.494,68643.0,0.19106,A,13114.93158,919309496054923
1774171898016,2026-03-22 09:31:38.016,68644.0,0.00016,B,10.98304,210374777136532
1774171898706,2026-03-22 09:31:38.706,68643.0,0.01267,A,869.70681,977421518481704
1774171899399,2026-03-22 09:31:39.399,68643.0,0.00044,A,30.202920000000002,846136355334081
1774171901029,2026-03-22 09:31:41.029,68643.0,0.00018,A,12.35574,569019706164492
1774171904037,2026-03-22 09:31:44.037,68643.0,0.00415,A,284.86845,721230618432858
1774171904213,2026-03-22 09:31:44.213,68644.0,0.00034,B,23.33896,973177894069168
1774171905448,2026-03-22 09:31:45.448,68643.0,0.00018,A,12.35574,1073614070467690
1774171906048,2026-03-22 09:31:46.048,68643.0,0.00343,A,235.44549,957349536126
1774171909044,2026-03-22 09:31:49.044,68643.0,0.00041,A,28.143629999999998,1077134146571707
1774171912289,2026-03-22 09:31:52.289,68643.0,0.00015,A,10.296449999999998,921502080867683
1774171912611,2026-03-22 09:31:52.611,68644.0,0.00406,B,278.69464,737841243771100
1774171915713,2026-03-22 09:31:55.713,68644.0,0.001,B,68.644,289961154573806
1774171917043,2026-03-22 09:31:57.043,68644.0,0.06881,B,4723.393639999999,161243149677465
1774171917043,2026-03-22 09:31:57.043,68644.0,0.00057,B,39.12708,939824876500136
1774171918103,2026-03-22 09:31:58.103,68644.0,0.00016,B,10.98304,906914906644209
1774171918551,2026-03-22 09:31:58.551,68644.0,0.00151,B,103.65244,715068863304304
1774171918551,2026-03-22 09:31:58.551,68644.0,0.02225,B,1527.329,634635740327612
1774171918732,2026-03-22 09:31:58.732,68643.0,0.00355,A,243.68265000000002,845760261263719
1774171920542,2026-03-22 09:32:00.542,68644.0,0.00437,B,299.97427999999996,935506228544832
1774171921000,2026-03-22 09:32:01.000,68643.0,0.00238,A,163.37034,277693257226013
1774171921150,2026-03-22 09:32:01.150,68643.0,0.02246,A,1541.72178,524372700452661
1774171921150,2026-03-22 09:32:01.150,68643.0,0.00234,A,160.62462,77161958038930
1774171922158,2026-03-22 09:32:02.158,68643.0,0.0777,A,5333.561100000001,233685139256961
1774171922158,2026-03-22 09:32:02.158,68643.0,0.00017,A,11.669310000000001,260327167235869
1774171922158,2026-03-22 09:32:02.158,68643.0,0.01311,A,899.90973,345385844441162
1774171922158,2026-03-22 09:32:02.158,68643.0,0.00018,A,12.35574,1081119703892282
1774171922158,2026-03-22 09:32:02.158,68643.0,0.00415,A,284.86845,114155903417720
1774171922158,2026-03-22 09:32:02.158,68643.0,0.06876,A,4719.89268,225018676230122
1774171922158,2026-03-22 09:32:02.158,68643.0,0.00361,A,247.80123,49293532321116
1774171922158,2026-03-22 09:32:02.158,68643.0,0.09931,A,6816.9363299999995,660506989496752
1774171922158,2026-03-22 09:32:02.158,68643.0,0.0485,A,3329.1855,607444340368814
1774171922158,2026-03-22 09:32:02.158,68643.0,0.14665,A,10066.49595,502305357513038
1774171923009,2026-03-22 09:32:03.009,68643.0,0.00029,A,19.90647,364413854802294
1774171923009,2026-03-22 09:32:03.009,68643.0,0.00018,A,12.35574,317137808320556
1774171923301,2026-03-22 09:32:03.301,68644.0,0.0248,B,1702.3712,789071009787447
1774171923789,2026-03-22 09:32:03.789,68643.0,0.2,A,13728.6,995527093093074
1774171923789,2026-03-22 09:32:03.789,68643.0,0.05,A,3432.15,1107184018905232
1774171923789,2026-03-22 09:32:03.789,68643.0,0.24136,A,16567.674479999998,555023157497125
1774171923789,2026-03-22 09:32:03.789,68643.0,0.00017,A,11.669310000000001,889733029292391
1774171923789,2026-03-22 09:32:03.789,68642.0,0.00017,A,11.66914,1116743979348905
1774171923789,2026-03-22 09:32:03.789,68642.0,0.00015,A,10.296299999999999,644003972943183
1774171923789,2026-03-22 09:32:03.789,68642.0,0.00815,A,559.4322999999999,12320213115657
1774171923789,2026-03-22 09:32:03.789,68642.0,0.0182,A,1249.2844,261807671031726
1774171923789,2026-03-22 09:32:03.789,68641.0,0.00017,A,11.668970000000002,731690763591141
1774171923789,2026-03-22 09:32:03.789,68641.0,0.00015,A,10.296149999999999,4306203841765
1774171923789,2026-03-22 09:32:03.789,68640.0,0.00017,A,11.668800000000001,867791580814517
1774171923789,2026-03-22 09:32:03.789,68639.0,0.00017,A,11.66863,689433676983231
1774171923789,2026-03-22 09:32:03.789,68638.0,0.003,A,205.91400000000002,496994600159380
1774171923789,2026-03-22 09:32:03.789,68638.0,0.00017,A,11.668460000000001,414707093865278
1774171923789,2026-03-22 09:32:03.789,68637.0,0.00017,A,11.66829,391923453205160
1774171923789,2026-03-22 09:32:03.789,68637.0,0.00017,A,11.66829,444596368295255
1774171923789,2026-03-22 09:32:03.789,68636.0,0.00017,A,11.66812,409297843167509
1774171923789,2026-03-22 09:32:03.789,68636.0,0.02028,A,1391.93808,105911681086634
1774171923789,2026-03-22 09:32:03.789,68635.0,0.00017,A,11.667950000000001,544915217856445
1774171923789,2026-03-22 09:32:03.789,68634.0,0.00015,A,10.2951,926538375038067
1774171923789,2026-03-22 09:32:03.789,68634.0,0.00017,A,11.66778,465134862750520
1774171923789,2026-03-22 09:32:03.789,68634.0,0.001,A,68.634,731918820482481
1774171923789,2026-03-22 09:32:03.789,68633.0,0.00017,A,11.667610000000002,76400728526134
1774171923789,2026-03-22 09:32:03.789,68633.0,0.003,A,205.899,1051685171190950
1774171923789,2026-03-22 09:32:03.789,68633.0,0.00017,A,11.667610000000002,586948155726158
1774171923789,2026-03-22 09:32:03.789,68633.0,0.00016,A,10.981280000000002,425310332534142
1774171923789,2026-03-22 09:32:03.789,68633.0,0.0002,A,13.726600000000001,890931818609636
1774171923789,2026-03-22 09:32:03.789,68632.0,0.00017,A,11.667440000000001,693684860206251
1774171923789,2026-03-22 09:32:03.789,68631.0,0.00017,A,11.66727,762867252692571
1774171923789,2026-03-22 09:32:03.789,68630.0,0.00017,A,11.667100000000001,955719748449473
1774171923789,2026-03-22 09:32:03.789,68630.0,0.00017,A,11.667100000000001,663455355798163
1774171924586,2026-03-22 09:32:04.586,68628.0,0.00017,A,11.66676,15330612497376
1774171924586,2026-03-22 09:32:04.586,68627.0,0.00017,A,11.666590000000001,149345309853398
1774171924586,2026-03-22 09:32:04.586,68626.0,0.00017,A,11.66642,614408150654657
1774171924586,2026-03-22 09:32:04.586,68626.0,0.00017,A,11.66642,409523270484821
1774171924586,2026-03-22 09:32:04.586,68626.0,0.00015,A,10.293899999999999,869955756671573
1774171925039,2026-03-22 09:32:05.039,68625.0,0.00017,A,11.666250000000002,381913803121159
1774171925039,2026-03-22 09:32:05.039,68625.0,0.00125,A,85.78125,917255707500969
1774171925600,2026-03-22 09:32:05.600,68626.0,0.00063,B,43.23438,649695037733228
1774171925600,2026-03-22 09:32:05.600,68626.0,0.00157,B,107.74282,514483476091476
1774171927788,2026-03-22 09:32:07.788,68625.0,0.00022,A,15.0975,207853460311868
1774171928005,2026-03-22 09:32:08.005,68626.0,0.00016,B,10.980160000000001,1110804115289756
1774171929134,2026-03-22 09:32:09.134,68625.0,0.00019,A,13.03875,1037468144093865
1774171930002,2026-03-22 09:32:10.002,68625.0,0.00879,A,603.2137499999999,585591382670979
1774171930002,2026-03-22 09:32:10.002,68625.0,0.00291,A,199.69875,791361163579918
1774171931011,2026-03-22 09:32:11.011,68625.0,0.00018,A,12.352500000000001,272732443493130
1774171931835,2026-03-22 09:32:11.835,68625.0,6e-05,A,4.1175,542381586023531
1774171933036,2026-03-22 09:32:13.036,68626.0,0.0117,B,802.9242,1025679465251758
1774171934047,2026-03-22 09:32:14.047,68625.0,0.00416,A,285.47999999999996,200143198415314
1774171934047,2026-03-22 09:32:14.047,68626.0,0.00166,B,113.91916,589259106935157
1774171934248,2026-03-22 09:32:14.248,68626.0,0.1,B,6862.6,65406129824645
1774171935656,2026-03-22 09:32:15.656,68625.0,0.0005,A,34.3125,290802502432949
1774171936057,2026-03-22 09:32:16.057,68625.0,0.00342,A,234.6975,426167163581874
1774171936658,2026-03-22 09:32:16.658,68626.0,6e-05,B,4.11756,30701220627582
1774171937584,2026-03-22 09:32:17.584,68626.0,0.00585,B,401.4621,405879015758112
1774171923789,2026-03-22 09:32:03.789,68633.0,0.0002,A,13.726600000000001,890931818609636
1774171923789,2026-03-22 09:32:03.789,68632.0,0.00017,A,11.667440000000001,693684860206251
1774171923789,2026-03-22 09:32:03.789,68631.0,0.00017,A,11.66727,762867252692571
1774171923789,2026-03-22 09:32:03.789,68630.0,0.00017,A,11.667100000000001,955719748449473
1774171923789,2026-03-22 09:32:03.789,68630.0,0.00017,A,11.667100000000001,663455355798163
1774171924586,2026-03-22 09:32:04.586,68628.0,0.00017,A,11.66676,15330612497376
1774171924586,2026-03-22 09:32:04.586,68627.0,0.00017,A,11.666590000000001,149345309853398
1774171924586,2026-03-22 09:32:04.586,68626.0,0.00017,A,11.66642,614408150654657
1774171924586,2026-03-22 09:32:04.586,68626.0,0.00017,A,11.66642,409523270484821
1774171924586,2026-03-22 09:32:04.586,68626.0,0.00015,A,10.293899999999999,869955756671573
1774171925039,2026-03-22 09:32:05.039,68625.0,0.00017,A,11.666250000000002,381913803121159
1774171925039,2026-03-22 09:32:05.039,68625.0,0.00125,A,85.78125,917255707500969
1774171925600,2026-03-22 09:32:05.600,68626.0,0.00063,B,43.23438,649695037733228
1774171925600,2026-03-22 09:32:05.600,68626.0,0.00157,B,107.74282,514483476091476
1774171927788,2026-03-22 09:32:07.788,68625.0,0.00022,A,15.0975,207853460311868
1774171928005,2026-03-22 09:32:08.005,68626.0,0.00016,B,10.980160000000001,1110804115289756
1774171929134,2026-03-22 09:32:09.134,68625.0,0.00019,A,13.03875,1037468144093865
1774171930002,2026-03-22 09:32:10.002,68625.0,0.00879,A,603.2137499999999,585591382670979
1774171930002,2026-03-22 09:32:10.002,68625.0,0.00291,A,199.69875,791361163579918
1774171931011,2026-03-22 09:32:11.011,68625.0,0.00018,A,12.352500000000001,272732443493130
1774171931835,2026-03-22 09:32:11.835,68625.0,6e-05,A,4.1175,542381586023531
1774171933036,2026-03-22 09:32:13.036,68626.0,0.0117,B,802.9242,1025679465251758
1774171934047,2026-03-22 09:32:14.047,68625.0,0.00416,A,285.47999999999996,200143198415314
1774171934047,2026-03-22 09:32:14.047,68626.0,0.00166,B,113.91916,589259106935157
1774171934248,2026-03-22 09:32:14.248,68626.0,0.1,B,6862.6,65406129824645
1774171935656,2026-03-22 09:32:15.656,68625.0,0.0005,A,34.3125,290802502432949
1774171936057,2026-03-22 09:32:16.057,68625.0,0.00342,A,234.6975,426167163581874
1774171936658,2026-03-22 09:32:16.658,68626.0,6e-05,B,4.11756,30701220627582
1774171937584,2026-03-22 09:32:17.584,68626.0,0.00585,B,401.4621,405879015758112
1774171939069,2026-03-22 09:32:19.069,68625.0,0.00064,A,43.92,256644245989161
1774171944829,2026-03-22 09:32:24.829,68626.0,0.0207,B,1420.5582,593571170069051
1774171946236,2026-03-22 09:32:26.236,68626.0,0.08742,B,5999.28492,384608983282103
1774171947043,2026-03-22 09:32:27.043,68626.0,0.06938,B,4761.27188,187092783396058
1774171949331,2026-03-22 09:32:29.331,68626.0,0.00015,B,10.293899999999999,674686727551993
1774171950534,2026-03-22 09:32:30.534,68625.0,0.0248,A,1701.8999999999999,200070692817242
1774171950945,2026-03-22 09:32:30.945,68626.0,0.16165,B,11093.392899999999,186932267459644
1774171951085,2026-03-22 09:32:31.085,68625.0,0.00238,A,163.32750000000001,566416369081309
1774171951896,2026-03-22 09:32:31.896,68626.0,0.0248,B,1701.9248,4807840170987
1774171953060,2026-03-22 09:32:33.060,68625.0,0.00028,A,19.215,570136477822653
1774171953060,2026-03-22 09:32:33.060,68625.0,0.00018,A,12.352500000000001,379008855555593
1774171954065,2026-03-22 09:32:34.065,68625.0,0.00142,A,97.4475,400112397090249
1774171955766,2026-03-22 09:32:35.766,68625.0,0.0003,A,20.5875,313971189386152
1774171956567,2026-03-22 09:32:36.567,68625.0,0.0117,A,802.9125,781132875045913
1774171956567,2026-03-22 09:32:36.567,68625.0,0.02774,A,1903.6575,1050765274004959
1774171956567,2026-03-22 09:32:36.567,68625.0,0.02004,A,1375.245,225731775061968
1774171957891,2026-03-22 09:32:37.891,68626.0,0.0117,B,802.9242,436254676690971
1774171958119,2026-03-22 09:32:38.119,68626.0,0.00016,B,10.980160000000001,672862604066409
1774171958401,2026-03-22 09:32:38.401,68626.0,0.00015,B,10.293899999999999,590656049583730
1774171960011,2026-03-22 09:32:40.011,68626.0,0.02914,B,1999.76164,552490443427799
1774171961015,2026-03-22 09:32:41.015,68625.0,0.00018,A,12.352500000000001,717958376856842
1774171964022,2026-03-22 09:32:44.022,68625.0,0.00416,A,285.47999999999996,482485719818057
1774171964630,2026-03-22 09:32:44.630,68626.0,0.00842,B,577.83092,105373573851742
1774171966030,2026-03-22 09:32:46.030,68625.0,0.00343,A,235.38375,442760528190011
1774171968170,2026-03-22 09:32:48.170,68625.0,0.00022,A,15.0975,55884099889368
1774171969051,2026-03-22 09:32:49.051,68625.0,0.00031,A,21.27375,770762910202010
1774171969051,2026-03-22 09:32:49.051,68625.0,0.00011,A,7.54875,291339622703171
1774171970022,2026-03-22 09:32:50.022,68625.0,0.01812,A,1243.4850000000001,550325332767849
1774171970022,2026-03-22 09:32:50.022,68625.0,0.18188,A,12481.515,389378926369812
1774171970088,2026-03-22 09:32:50.088,68625.0,0.10955,A,7517.86875,934139314291125
1774171970088,2026-03-22 09:32:50.088,68625.0,0.07654,A,5252.5575,775524473784245
1774171970088,2026-03-22 09:32:50.088,68626.0,0.48509,B,33289.78634,1035712799474823
1774171970088,2026-03-22 09:32:50.088,68626.0,0.13845,B,9501.269699999999,556619143051739
1774171970088,2026-03-22 09:32:50.088,68626.0,0.11074,B,7599.64324,14621177500148
1774171970088,2026-03-22 09:32:50.088,68626.0,0.08389,B,5757.035140000001,386685605011322
1774171970469,2026-03-22 09:32:50.469,68624.0,0.00017,A,11.666080000000001,117317522319913
1774171970469,2026-03-22 09:32:50.469,68624.0,0.00017,A,11.666080000000001,622693325561376
1774171971015,2026-03-22 09:32:51.015,68624.0,0.00283,A,194.20592,321244989458756
1774171971015,2026-03-22 09:32:51.015,68624.0,0.00051,A,34.99824,175513375116299
1774171971015,2026-03-22 09:32:51.015,68624.0,0.00017,A,11.666080000000001,1060437099830097
1774171971015,2026-03-22 09:32:51.015,68623.0,0.00017,A,11.66591,211699228756634
1774171971015,2026-03-22 09:32:51.015,68623.0,0.00017,A,11.66591,630411442280865
1774171971015,2026-03-22 09:32:51.015,68623.0,0.00015,A,10.293449999999998,1112718852457972
1774171971015,2026-03-22 09:32:51.015,68623.0,0.00026,A,17.84198,464533450377115
1774171971015,2026-03-22 09:32:51.015,68623.0,0.00025,A,17.15575,875047672150283
1774171971015,2026-03-22 09:32:51.015,68622.0,0.00017,A,11.665740000000001,958546298442244
1774171971015,2026-03-22 09:32:51.015,68622.0,0.0003,A,20.586599999999997,130070512689488
1774171971015,2026-03-22 09:32:51.015,68622.0,0.001,A,68.622,724576611884926
1774171971015,2026-03-22 09:32:51.015,68621.0,0.00017,A,11.66557,108557257686227
1774171971015,2026-03-22 09:32:51.015,68620.0,0.00017,A,11.6654,1086126434708805
1774171971015,2026-03-22 09:32:51.015,68619.0,0.00017,A,11.665230000000001,879707508627072
1774171971015,2026-03-22 09:32:51.015,68619.0,0.003,A,205.857,805769539832219
1774171971015,2026-03-22 09:32:51.015,68619.0,0.00017,A,11.665230000000001,321850750513
1774171971015,2026-03-22 09:32:51.015,68618.0,0.00017,A,11.66506,373034304885762
1774171971015,2026-03-22 09:32:51.015,68617.0,0.00072,A,49.40424,927814760905224
1774171971015,2026-03-22 09:32:51.015,68617.0,0.00017,A,11.664890000000002,478976185617244
1774171971015,2026-03-22 09:32:51.015,68616.0,0.00017,A,11.66472,692927391956741
1774171971015,2026-03-22 09:32:51.015,68615.0,0.00017,A,11.66455,738276025258178
1774171971015,2026-03-22 09:32:51.015,68615.0,0.00017,A,11.66455,681190881015251
1774171971015,2026-03-22 09:32:51.015,68614.0,0.00017,A,11.664380000000001,683606136518108
1774171971015,2026-03-22 09:32:51.015,68614.0,0.00049,A,33.62086,181283358448701
1774171973306,2026-03-22 09:32:53.306,68614.0,0.00017,A,11.664380000000001,827804041686457
1774171973306,2026-03-22 09:32:53.306,68614.0,5e-05,A,3.4307000000000003,309240312913096
1774171973476,2026-03-22 09:32:53.476,68613.0,0.00017,A,11.66421,37310143688079
1774171973476,2026-03-22 09:32:53.476,68613.0,0.00015,A,10.29195,71192045428248
1774171973476,2026-03-22 09:32:53.476,68612.0,0.00017,A,11.66404,529848699679192
1774171973476,2026-03-22 09:32:53.476,68612.0,0.00017,A,11.66404,310113462240408
1774171973476,2026-03-22 09:32:53.476,68612.0,0.01995,A,1368.8093999999999,379627301283321
1774171973476,2026-03-22 09:32:53.476,68612.0,0.00015,A,10.291799999999999,851723503490779
1774171973476,2026-03-22 09:32:53.476,68611.0,0.00017,A,11.663870000000001,588079515155300
1774171973476,2026-03-22 09:32:53.476,68611.0,0.00015,A,10.291649999999999,138609395271604
1774171973476,2026-03-22 09:32:53.476,68610.0,0.00017,A,11.6637,723149624476254
1774171973577,2026-03-22 09:32:53.577,68609.0,0.1,A,6860.900000000001,730462400406617
1774171973577,2026-03-22 09:32:53.577,68609.0,0.01198,A,821.9358199999999,1008807648344883
1774171973577,2026-03-22 09:32:53.577,68609.0,0.001,A,68.609,130043857001095
1774171973577,2026-03-22 09:32:53.577,68609.0,0.00017,A,11.663530000000002,615904603632564
1774171973577,2026-03-22 09:32:53.577,68609.0,0.00022,A,15.09398,525314542415589
1774171973577,2026-03-22 09:32:53.577,68609.0,0.003,A,205.827,654334248047134
1774171973577,2026-03-22 09:32:53.577,68609.0,0.02166,A,1486.0709399999998,848669358526174
1774171973577,2026-03-22 09:32:53.577,68609.0,0.001,A,68.609,413060848182609
1774171973985,2026-03-22 09:32:53.985,68608.0,0.00017,A,11.66336,1012526020182675
1774171973985,2026-03-22 09:32:53.985,68608.0,0.00017,A,11.66336,631808333288843
1774171973985,2026-03-22 09:32:53.985,68607.0,0.00017,A,11.66319,97041404870119
1774171973985,2026-03-22 09:32:53.985,68606.0,0.00017,A,11.663020000000001,996085088893081
1774171973985,2026-03-22 09:32:53.985,68605.0,0.00017,A,11.66285,58186507091523
1774171973985,2026-03-22 09:32:53.985,68604.0,0.00017,A,11.662680000000002,702578113163502
1774171973985,2026-03-22 09:32:53.985,68604.0,0.003,A,205.812,1042750942233187
1774171973985,2026-03-22 09:32:53.985,68604.0,0.00017,A,11.662680000000002,207639573058230
1774171973985,2026-03-22 09:32:53.985,68603.0,0.00015,A,10.29045,496947336110195
1774171973985,2026-03-22 09:32:53.985,68603.0,0.00017,A,11.662510000000001,343915502042541
1774171973985,2026-03-22 09:32:53.985,68602.0,0.00017,A,11.66234,898224390270475
1774171973985,2026-03-22 09:32:53.985,68601.0,0.00017,A,11.662170000000001,793893132309907
1774171973985,2026-03-22 09:32:53.985,68601.0,0.00017,A,11.662170000000001,1037083939052919
1774171973985,2026-03-22 09:32:53.985,68601.0,0.00017,A,11.662170000000001,510863042559941
1774171973985,2026-03-22 09:32:53.985,68600.0,0.00017,A,11.662,1006882778850974
1774171973985,2026-03-22 09:32:53.985,68600.0,0.00132,A,90.55199999999999,423986816112198
1774171973985,2026-03-22 09:32:53.985,68600.0,0.00017,A,11.662,437592139079910
1774171973985,2026-03-22 09:32:53.985,68599.0,0.00017,A,11.66183,382990141284224
1774171973985,2026-03-22 09:32:53.985,68599.0,0.00017,A,11.66183,1122677883837769
1774171973985,2026-03-22 09:32:53.985,68598.0,0.00017,A,11.661660000000001,553873114464872
1774171973985,2026-03-22 09:32:53.985,68598.0,0.00017,A,11.661660000000001,319866032365877
1774171973985,2026-03-22 09:32:53.985,68597.0,0.00017,A,11.66149,576074251110090
1774171973985,2026-03-22 09:32:53.985,68597.0,0.00017,A,11.66149,417004039468132
1774171973985,2026-03-22 09:32:53.985,68597.0,0.0193,A,1323.9221,308085709400398
1774171973985,2026-03-22 09:32:53.985,68597.0,0.00017,A,11.66149,564681235902574
1774171973985,2026-03-22 09:32:53.985,68597.0,0.00856,A,587.19032,93745388382907
1774171974109,2026-03-22 09:32:54.109,68597.0,0.00219,A,150.22743,42518677904565
1774171974991,2026-03-22 09:32:54.991,68598.0,0.01075,B,737.4285,395662805930457
1774171974991,2026-03-22 09:32:54.991,68598.0,0.0423,B,2901.6953999999996,532085798608056
1774171974991,2026-03-22 09:32:54.991,68598.0,0.01537,B,1054.35126,539730840222297
1774171975184,2026-03-22 09:32:55.184,68598.0,0.00892,B,611.89416,654652472234554
1774171975866,2026-03-22 09:32:55.866,68597.0,0.00073,A,50.07581,602963641612839
1774171976890,2026-03-22 09:32:56.890,68597.0,0.00369,A,253.12293,818070148052778
1774171977013,2026-03-22 09:32:57.013,68598.0,0.06938,B,4759.32924,70271169840604
1774171977120,2026-03-22 09:32:57.120,68597.0,0.00036,A,24.694920000000003,741826887805773
1774171979139,2026-03-22 09:32:59.139,68600.0,0.00017,B,11.662,302669180771663
1774171979139,2026-03-22 09:32:59.139,68600.0,0.0002,B,13.72,171827511408894
1774171979139,2026-03-22 09:32:59.139,68601.0,0.00017,B,11.662170000000001,998611685764633
1774171979139,2026-03-22 09:32:59.139,68602.0,0.00017,B,11.66234,350200613747161
1774171979139,2026-03-22 09:32:59.139,68603.0,0.003,B,205.809,938461481711075
1774171979139,2026-03-22 09:32:59.139,68603.0,0.00017,B,11.662510000000001,744978933544122
1774171979139,2026-03-22 09:32:59.139,68603.0,0.001,B,68.603,806019512790594
1774171979139,2026-03-22 09:32:59.139,68603.0,0.00017,B,11.662510000000001,734951811711329
1774171979139,2026-03-22 09:32:59.139,68603.0,0.00015,B,10.29045,596588347627077
1774171979139,2026-03-22 09:32:59.139,68603.0,0.00046,B,31.557380000000002,330290359659500
1774171980674,2026-03-22 09:33:00.674,68602.0,0.0248,A,1701.3296,264280300413020
1774171981004,2026-03-22 09:33:01.004,68602.0,0.00238,A,163.27276,240442777208514
1774171982358,2026-03-22 09:33:02.358,68603.0,0.00292,B,200.32075999999998,338786694614285
1774171982358,2026-03-22 09:33:02.358,68603.0,2e-05,B,1.37206,1052548793551098
1774171982561,2026-03-22 09:33:02.561,68603.0,0.00018,B,12.348540000000002,566911899717646
1774171982561,2026-03-22 09:33:02.561,68603.0,0.00219,B,150.24057000000002,1094717686860140
1774171982561,2026-03-22 09:33:02.561,68604.0,0.00017,B,11.662680000000002,238579222055826
1774171982561,2026-03-22 09:33:02.561,68604.0,0.00668,B,458.27472,136113714686273
1774171982561,2026-03-22 09:33:02.561,68604.0,0.00015,B,10.2906,948042397957766
1774171982561,2026-03-22 09:33:02.561,68604.0,0.00033,B,22.63932,600807809136238
1774171982561,2026-03-22 09:33:02.561,68605.0,0.00017,B,11.66285,186287094060909
1774171982561,2026-03-22 09:33:02.561,68605.0,0.01019,B,699.0849499999999,673424408373699
1774171982561,2026-03-22 09:33:02.561,68605.0,0.00015,B,10.29075,806904549036209
1774171982561,2026-03-22 09:33:02.561,68606.0,0.00017,B,11.663020000000001,321040203370027
1774171982561,2026-03-22 09:33:02.561,68606.0,0.00442,B,303.23852,1020210051861980
1774171982877,2026-03-22 09:33:02.877,68605.0,0.0117,A,802.6785,133189150492687
1774171983072,2026-03-22 09:33:03.072,68605.0,0.00029,A,19.89545,718502180347320
1774171983072,2026-03-22 09:33:03.072,68605.0,0.00018,A,12.3489,95446558012517
1774171984043,2026-03-22 09:33:04.043,68606.0,0.00142,A,97.42052,815840713098130
1774171984168,2026-03-22 09:33:04.168,68607.0,0.00017,B,11.66319,251402700921919
1774171984168,2026-03-22 09:33:04.168,68607.0,0.00017,B,11.66319,471271171465680
1774171984168,2026-03-22 09:33:04.168,68608.0,0.00017,B,11.66336,594139476859675
1774171984168,2026-03-22 09:33:04.168,68608.0,0.00049,B,33.61792,935395506426451
1774171984771,2026-03-22 09:33:04.771,68607.0,0.37645,A,25827.10515,994835916306604
1774171984771,2026-03-22 09:33:04.771,68607.0,0.02037,A,1397.52459,418949354229251
1774171984771,2026-03-22 09:33:04.771,68608.0,0.00017,B,11.66336,496457757687939
1774171985720,2026-03-22 09:33:05.720,68608.0,0.0117,B,802.7136,588614272633936
1774171988047,2026-03-22 09:33:08.047,68608.0,0.00016,B,10.97728,689723400974024
1774171991197,2026-03-22 09:33:11.197,68608.0,0.07999,B,5487.95392,10377713202523
1774171991485,2026-03-22 09:33:11.485,68607.0,0.02911,A,1997.14977,233489169301295
1774171991698,2026-03-22 09:33:11.698,68607.0,0.0183,A,1255.5081,101997598131679
1774171993295,2026-03-22 09:33:13.295,68607.0,0.00145,A,99.48015,1051799120644505
1774171994022,2026-03-22 09:33:14.022,68607.0,0.00416,A,285.40511999999995,421985185979940
1774171996035,2026-03-22 09:33:16.035,68607.0,0.00342,A,234.63593999999998,216390906695793
1774171999055,2026-03-22 09:33:19.055,68607.0,0.00053,A,36.36171,17124574044761
1774171999137,2026-03-22 09:33:19.137,68608.0,0.00017,B,11.66336,1092224773685923
1774171999137,2026-03-22 09:33:19.137,68608.0,0.00088,B,60.375040000000006,628189169039926
1774171999451,2026-03-22 09:33:19.451,68608.0,0.00292,B,200.33535999999998,153476267090288
1774172001511,2026-03-22 09:33:21.511,68608.0,0.0006,B,41.1648,675779447095861
1774172003551,2026-03-22 09:33:23.551,68607.0,0.01749,A,1199.93643,356058502528067
1774172003884,2026-03-22 09:33:23.884,68607.0,0.00875,A,600.3112500000001,673235772006517
1774172004284,2026-03-22 09:33:24.284,68607.0,0.0117,A,802.7019,472950026307023
1774172004855,2026-03-22 09:33:24.855,68608.0,0.0714,B,4898.6112,424639018819352
1774172005643,2026-03-22 09:33:25.643,68607.0,0.01601,A,1098.39807,141458283153690
1774172005759,2026-03-22 09:33:25.759,68608.0,0.02914,B,1999.23712,573817745209665
1774172007015,2026-03-22 09:33:27.015,68608.0,0.06938,B,4760.02304,192874113782352
1774172007151,2026-03-22 09:33:27.151,68608.0,0.0117,B,802.7136,201366230573858
1774172007875,2026-03-22 09:33:27.875,68607.0,0.02912,A,1997.83584,74487488534212
1774172008472,2026-03-22 09:33:28.472,68608.0,0.00017,B,11.66336,741869282312870
1774172008472,2026-03-22 09:33:28.472,68608.0,0.00128,B,87.81824,901104637676669
1774172009269,2026-03-22 09:33:29.269,68608.0,0.00175,B,120.06400000000001,289181296592399
1774172010200,2026-03-22 09:33:30.200,68607.0,0.0248,A,1701.4536,653554102975425
1774172011099,2026-03-22 09:33:31.099,68607.0,0.00237,A,162.59859,749117548309189
1774172013043,2026-03-22 09:33:33.043,68607.0,0.00029,A,19.89603,756182503589573
1774172013404,2026-03-22 09:33:33.404,68608.0,0.0248,B,1701.4784,365941565212069
1774172014037,2026-03-22 09:33:34.037,68607.0,0.00141,A,96.73587,66686680068476
1774172015815,2026-03-22 09:33:35.815,68607.0,0.008,A,548.856,214286784381360
1774172017070,2026-03-22 09:33:37.070,68608.0,0.00032,B,21.95456,594086524260995
1774172018027,2026-03-22 09:33:38.027,68608.0,0.00016,B,10.97728,1013510628310882
1774172018554,2026-03-22 09:33:38.554,68607.0,0.01314,A,901.49598,529436387184087
1774172021044,2026-03-22 09:33:41.044,68607.0,0.00018,A,12.349260000000001,980898507473460
1774172023452,2026-03-22 09:33:43.452,68608.0,1e-05,B,0.68608,1076744727865886
1774172023452,2026-03-22 09:33:43.452,68608.0,0.00021,B,14.407680000000001,869690048502250
1774172023968,2026-03-22 09:33:43.968,68608.0,0.15622,B,10717.94176,349300106073668
1774172023968,2026-03-22 09:33:43.968,68608.0,0.0022,B,150.9376,453264961811810
1774172023968,2026-03-22 09:33:43.968,68608.0,0.00017,B,11.66336,423500298181368
1774172024056,2026-03-22 09:33:44.056,68607.0,0.00416,A,285.40511999999995,217587286592005
1774172024171,2026-03-22 09:33:44.171,68609.0,0.00015,B,10.29135,823951344288522
1774172024171,2026-03-22 09:33:44.171,68610.0,0.00017,B,11.6637,184552239846722
1774172024171,2026-03-22 09:33:44.171,68611.0,0.00017,B,11.663870000000001,662260059636374
1774172024171,2026-03-22 09:33:44.171,68611.0,0.00017,B,11.663870000000001,176222428904833
1774172024171,2026-03-22 09:33:44.171,68611.0,0.00015,B,10.291649999999999,653554337788148
1774172024171,2026-03-22 09:33:44.171,68612.0,0.00017,B,11.66404,203876270940121
1774172024171,2026-03-22 09:33:44.171,68613.0,0.00017,B,11.66421,455634851983469
1774172024171,2026-03-22 09:33:44.171,68613.0,0.003,B,205.839,49989567070179
1774172024171,2026-03-22 09:33:44.171,68614.0,0.00017,B,11.664380000000001,823491756679268
1774172024171,2026-03-22 09:33:44.171,68614.0,0.00017,B,11.664380000000001,349097246807875
1774172024171,2026-03-22 09:33:44.171,68615.0,0.00017,B,11.66455,429677039222537
1774172024171,2026-03-22 09:33:44.171,68615.0,0.00668,B,458.3482,575498947181322
1774172024171,2026-03-22 09:33:44.171,68616.0,0.00017,B,11.66472,777504797033755
1774172024171,2026-03-22 09:33:44.171,68617.0,0.00017,B,11.664890000000002,38116566323397
1774172024171,2026-03-22 09:33:44.171,68617.0,0.003,B,205.851,201965293406979
1774172024171,2026-03-22 09:33:44.171,68617.0,0.00362,B,248.39354,26883413207186
1774172024566,2026-03-22 09:33:44.566,68617.0,0.00244,B,167.42548,449586529143821
1774172025120,2026-03-22 09:33:45.120,68616.0,0.0003,A,20.584799999999998,101097446016360
1774172025886,2026-03-22 09:33:45.886,68617.0,0.00017,B,11.664890000000002,97419157291580
1774172025886,2026-03-22 09:33:45.886,68617.0,0.00336,B,230.55312,624546098880575
1774172025985,2026-03-22 09:33:45.985,68617.0,0.00022,B,15.095740000000001,532527406470188
1774172026086,2026-03-22 09:33:46.086,68616.0,0.00343,A,235.35288,545310477950211
1774172026397,2026-03-22 09:33:46.397,68618.0,0.003,B,205.854,862722888862023
1774172026397,2026-03-22 09:33:46.397,68618.0,0.0002,B,13.723600000000001,64746489371022
1774172026397,2026-03-22 09:33:46.397,68618.0,0.00015,B,10.2927,577386814775711
1774172026397,2026-03-22 09:33:46.397,68619.0,0.01665,B,1142.50635,370227438096143
1774172027000,2026-03-22 09:33:47.000,68618.0,0.00056,A,38.42608,48902856241889
1774172028610,2026-03-22 09:33:48.610,68618.0,0.00641,A,439.84138,292838935012351
1774172029010,2026-03-22 09:33:49.010,68618.0,0.00048,A,32.936640000000004,1058419554191596
1774172030209,2026-03-22 09:33:50.209,68619.0,0.00017,B,11.665230000000001,819257602709612
1774172030209,2026-03-22 09:33:50.209,68619.0,0.00018,B,12.351420000000001,820427743260735
1774172030209,2026-03-22 09:33:50.209,68619.0,0.01401,B,961.35219,731349522125798
1774172030740,2026-03-22 09:33:50.740,68619.0,0.00713,B,489.25347,22892141505596
1774172030740,2026-03-22 09:33:50.740,68619.0,0.00017,B,11.665230000000001,367837911852032
1774172030740,2026-03-22 09:33:50.740,68619.0,0.10929,B,7499.37051,426198032791737
1774172030740,2026-03-22 09:33:50.740,68620.0,0.00015,B,10.293,949941887232170
1774172030740,2026-03-22 09:33:50.740,68620.0,0.10929,B,7499.4798,781548930742817
1774172030740,2026-03-22 09:33:50.740,68621.0,0.00017,B,11.66557,459202014390059
1774172030740,2026-03-22 09:33:50.740,68621.0,0.00145,B,99.50044999999999,306456139480158
1774172030740,2026-03-22 09:33:50.740,68622.0,0.00017,B,11.665740000000001,336154206351946
1774172030740,2026-03-22 09:33:50.740,68622.0,0.00017,B,11.665740000000001,848952143969773
1774172030740,2026-03-22 09:33:50.740,68622.0,0.00015,B,10.293299999999999,39912600095429
1774172030740,2026-03-22 09:33:50.740,68622.0,0.00145,B,99.50189999999999,72625939845592
1774172030740,2026-03-22 09:33:50.740,68622.0,0.00145,B,99.50189999999999,861760192582135
1774172030740,2026-03-22 09:33:50.740,68623.0,0.00017,B,11.66591,138182841486948
1774172030740,2026-03-22 09:33:50.740,68623.0,0.00084,B,57.64332,640202409357987
1774172030740,2026-03-22 09:33:50.740,68623.0,0.00145,B,99.50335,321057736494509
1774172030740,2026-03-22 09:33:50.740,68624.0,0.00017,B,11.666080000000001,138584006902491
1774172030740,2026-03-22 09:33:50.740,68624.0,0.00291,B,199.69583999999998,114822414141616
1774172030740,2026-03-22 09:33:50.740,68624.0,0.00437,B,299.88687999999996,417059819043504
1774172030740,2026-03-22 09:33:50.740,68624.0,0.21861,B,15001.89264,640277619245119
1774172030740,2026-03-22 09:33:50.740,68625.0,0.00017,B,11.666250000000002,697978323936723
1774172030740,2026-03-22 09:33:50.740,68625.0,0.00017,B,11.666250000000002,144200208501886
1774172030740,2026-03-22 09:33:50.740,68625.0,0.00582,B,399.3975,4389007807348
1774172030740,2026-03-22 09:33:50.740,68626.0,0.0035,B,240.191,878740383440708
1774172030740,2026-03-22 09:33:50.740,68626.0,0.00017,B,11.66642,809036912068717
1774172030740,2026-03-22 09:33:50.740,68626.0,0.72868,B,50006.39368,642815091298085
1774172030740,2026-03-22 09:33:50.740,68626.0,0.00728,B,499.59728,225380213535570
1774172030740,2026-03-22 09:33:50.740,68626.0,0.01457,B,999.88082,216683562505529
1774172030740,2026-03-22 09:33:50.740,68627.0,0.00017,B,11.666590000000001,845624954402685
1774172030740,2026-03-22 09:33:50.740,68627.0,0.003,B,205.881,674917795202771
1774172030740,2026-03-22 09:33:50.740,68628.0,0.00017,B,11.66676,7444654528821
1774172030740,2026-03-22 09:33:50.740,68628.0,0.00015,B,10.294199999999998,633096548926602
1774172030740,2026-03-22 09:33:50.740,68629.0,0.00017,B,11.66693,550782011923348
1774172030740,2026-03-22 09:33:50.740,68629.0,0.00017,B,11.66693,1067571721905944
1774172030740,2026-03-22 09:33:50.740,68629.0,0.00017,B,11.66693,928346199093725
1774172030740,2026-03-22 09:33:50.740,68629.0,0.003,B,205.887,708153043019131
1774172030740,2026-03-22 09:33:50.740,68630.0,0.00017,B,11.667100000000001,724315355868940
1774172030740,2026-03-22 09:33:50.740,68630.0,0.156,B,10706.28,208801769677718
1774172030740,2026-03-22 09:33:50.740,68630.0,0.35404,B,24297.7652,232058328109638
1774172030740,2026-03-22 09:33:50.740,68630.0,0.02185,B,1499.5655000000002,338251220275154
1774172030740,2026-03-22 09:33:50.740,68631.0,0.00017,B,11.66727,516847612170267
1774172030740,2026-03-22 09:33:50.740,68632.0,0.00017,B,11.667440000000001,301671705130357
1774172030740,2026-03-22 09:33:50.740,68632.0,0.00017,B,11.667440000000001,330907206318648
1774172030740,2026-03-22 09:33:50.740,68632.0,0.91077,B,62507.96664,854704649462619
1774172030740,2026-03-22 09:33:50.740,68633.0,0.00017,B,11.667610000000002,518293423007262
1774172030740,2026-03-22 09:33:50.740,68633.0,0.00015,B,10.294949999999998,268755511064052
1774172030740,2026-03-22 09:33:50.740,68633.0,0.00868,B,595.7344400000001,904782772243054
1774172032817,2026-03-22 09:33:52.817,68631.0,0.00146,A,100.20125999999999,1108110591979276
1774172033214,2026-03-22 09:33:53.214,68631.0,0.19352,A,13281.47112,497714164029290
1774172033214,2026-03-22 09:33:53.214,68631.0,0.05,A,3431.55,1044543522472087
1774172033214,2026-03-22 09:33:53.214,68630.0,0.00015,A,10.2945,254689641891288
1774172033214,2026-03-22 09:33:53.214,68627.0,0.13947,A,9571.40769,266503690580399
1774172033826,2026-03-22 09:33:53.826,68627.0,0.00017,A,11.666590000000001,653580267651517
1774172035568,2026-03-22 09:33:55.568,68628.0,0.0207,B,1420.5996,273071076501190
1774172037049,2026-03-22 09:33:57.049,68628.0,0.06937,B,4760.72436,708891392751686
1774172038288,2026-03-22 09:33:58.288,68628.0,0.04067,B,2791.10076,90765695829925
1774172038827,2026-03-22 09:33:58.827,68630.0,0.00022,B,15.098600000000001,272747607463626
1774172038987,2026-03-22 09:33:58.987,68630.0,0.00032,B,21.9616,255017129726611
1774172038987,2026-03-22 09:33:58.987,68630.0,0.00036,B,24.7068,1121657810504004
1774172039349,2026-03-22 09:33:59.349,68630.0,2.331,B,159976.53,821527984852847
1774172039349,2026-03-22 09:33:59.349,68630.0,0.00468,B,321.1884,298473358013370
1774172039349,2026-03-22 09:33:59.349,68630.0,0.07701,B,5285.1963,1093206236046128
1774172039349,2026-03-22 09:33:59.349,68630.0,0.04192,B,2876.9696,639595352188093
1774172039349,2026-03-22 09:33:59.349,68630.0,0.0729,B,5003.127,849900335450342
1774172039349,2026-03-22 09:33:59.349,68630.0,0.0955,B,6554.165,636760390718595
1774172039349,2026-03-22 09:33:59.349,68630.0,0.37699,B,25872.8237,314003830973728
1774172039588,2026-03-22 09:33:59.588,68629.0,0.07604,A,5218.54916,1088620702341162
1774172039588,2026-03-22 09:33:59.588,68629.0,0.1,A,6862.900000000001,801655685264024
1774172039588,2026-03-22 09:33:59.588,68628.0,0.00015,A,10.294199999999998,830289087062130
1774172039588,2026-03-22 09:33:59.588,68628.0,0.1,A,6862.8,1106826983824057
1774172039588,2026-03-22 09:33:59.588,68628.0,0.1,A,6862.8,74757440683184
1774172039588,2026-03-22 09:33:59.588,68628.0,0.05404,A,3708.65712,618698919501205
1774172040169,2026-03-22 09:34:00.169,68627.0,0.00017,A,11.666590000000001,35918376258406
1774172040169,2026-03-22 09:34:00.169,68627.0,0.00015,A,10.294049999999999,262753604361497
1774172040169,2026-03-22 09:34:00.169,68626.0,0.00017,A,11.66642,26861078651642
1774172040169,2026-03-22 09:34:00.169,68625.0,0.00017,A,11.666250000000002,159791142480355
1774172040169,2026-03-22 09:34:00.169,68624.0,0.00017,A,11.666080000000001,946925316530704
1774172040239,2026-03-22 09:34:00.239,68623.0,0.00017,A,11.66591,322573410163743
1774172040239,2026-03-22 09:34:00.239,68623.0,0.00017,A,11.66591,160855923178000
1774172040239,2026-03-22 09:34:00.239,68622.0,0.003,A,205.866,431755534170104
1774172040239,2026-03-22 09:34:00.239,68622.0,0.00017,A,11.665740000000001,26729381229287
1774172040710,2026-03-22 09:34:00.710,68621.0,0.003,A,205.863,69571903849793
1774172040710,2026-03-22 09:34:00.710,68621.0,0.00017,A,11.66557,587494730630170
1774172040710,2026-03-22 09:34:00.710,68620.0,0.00017,A,11.6654,1001799038049057
1774172040710,2026-03-22 09:34:00.710,68619.0,0.00015,A,10.29285,257109898346506
1774172040710,2026-03-22 09:34:00.710,68619.0,0.00017,A,11.665230000000001,267311327961702
1774172040710,2026-03-22 09:34:00.710,68619.0,0.00017,A,11.665230000000001,324075352355758
1774172040710,2026-03-22 09:34:00.710,68618.0,0.00017,A,11.66506,77638857719481
1774172040710,2026-03-22 09:34:00.710,68617.0,0.00017,A,11.664890000000002,992130030415586
1774172040710,2026-03-22 09:34:00.710,68616.0,0.00041,A,28.132559999999998,248916181279062
1774172040710,2026-03-22 09:34:00.710,68616.0,0.00017,A,11.66472,756369167840558
1774172040710,2026-03-22 09:34:00.710,68615.0,0.00017,A,11.66455,535632811012043
1774172040710,2026-03-22 09:34:00.710,68615.0,0.00017,A,11.66455,45102607044713
1774172040710,2026-03-22 09:34:00.710,68614.0,0.00017,A,11.664380000000001,1112197650199496
1774172040710,2026-03-22 09:34:00.710,68613.0,0.00017,A,11.66421,34841408714834
1774172040710,2026-03-22 09:34:00.710,68613.0,0.00015,A,10.29195,942961769964946
1774172040710,2026-03-22 09:34:00.710,68612.0,0.00017,A,11.66404,648701687331970
1774172040710,2026-03-22 09:34:00.710,68612.0,0.00017,A,11.66404,136070453478699
1774172040710,2026-03-22 09:34:00.710,68612.0,0.01888,A,1295.39456,1117957903795498
1774172041044,2026-03-22 09:34:01.044,68612.0,0.00238,A,163.29656,864820631055014
1774172041912,2026-03-22 09:34:01.912,68613.0,0.35792,B,24557.96496,996653790155748
1774172041912,2026-03-22 09:34:01.912,68613.0,0.14208,B,9748.53504,533672918642653
1774172042042,2026-03-22 09:34:02.042,68613.0,0.00106,B,72.72977999999999,590169028410768
1774172042449,2026-03-22 09:34:02.449,68617.0,0.04043,A,2774.18531,138344370046419
1774172042654,2026-03-22 09:34:02.654,68619.0,0.0002,B,13.7238,899723836347352
1774172042808,2026-03-22 09:34:02.808,68622.0,0.00024,B,16.46928,206207500744094
1774172042808,2026-03-22 09:34:02.808,68622.0,0.00017,B,11.665740000000001,108553683249295
1774172042808,2026-03-22 09:34:02.808,68623.0,0.00015,B,10.293449999999998,995782109667616
1774172042808,2026-03-22 09:34:02.808,68625.0,0.00017,B,11.666250000000002,653204720206760
1774172042808,2026-03-22 09:34:02.808,68627.0,0.003,B,205.881,159423207047371
1774172042808,2026-03-22 09:34:02.808,68629.0,0.00017,B,11.66693,987434726995805
1774172042808,2026-03-22 09:34:02.808,68629.0,0.00017,B,11.66693,940346105373827
1774172042808,2026-03-22 09:34:02.808,68629.0,0.72865,B,50006.52085,19551134645957
1774172042808,2026-03-22 09:34:02.808,68629.0,0.05665,B,3887.83285,568575611881735
1774172042808,2026-03-22 09:34:02.808,68629.0,0.51008,B,35006.28032,1103196537553720
1774172042808,2026-03-22 09:34:02.808,68629.0,0.21859,B,15001.61311,191287142391823
1774172043047,2026-03-22 09:34:03.047,68629.0,0.00028,A,19.21612,528151723230560
1774172043047,2026-03-22 09:34:03.047,68629.0,0.00018,A,12.35322,454636556778200
1774172043673,2026-03-22 09:34:03.673,68629.0,0.07604,A,5218.54916,244987411750960
1774172043673,2026-03-22 09:34:03.673,68629.0,0.12115,A,8314.403349999999,861772774789394
1774172043673,2026-03-22 09:34:03.673,68629.0,0.06947,A,4767.65663,3836451817371
1774172043673,2026-03-22 09:34:03.673,68629.0,0.00657,A,450.89253,249359598669116
1774172043673,2026-03-22 09:34:03.673,68628.0,0.00015,A,10.294199999999998,446179398066105
1774172043673,2026-03-22 09:34:03.673,68628.0,0.00017,A,11.66676,619679354086678
1774172043673,2026-03-22 09:34:03.673,68627.0,0.00017,A,11.666590000000001,1105135600264100
1774172043732,2026-03-22 09:34:03.732,68630.0,0.00017,B,11.667100000000001,875167473375304
1774172043732,2026-03-22 09:34:03.732,68630.0,0.02463,B,1690.3569,632412993871437
1774172044502,2026-03-22 09:34:04.502,68626.0,0.00017,A,11.66642,946179465287142
1774172044502,2026-03-22 09:34:04.502,68626.0,0.00129,A,88.52753999999999,607897461317691
1774172044562,2026-03-22 09:34:04.562,68625.0,0.00017,A,11.666250000000002,963266077994883
1774172044562,2026-03-22 09:34:04.562,68625.0,0.00015,A,10.29375,594706201775597
1774172044562,2026-03-22 09:34:04.562,68624.0,0.00017,A,11.666080000000001,412946443720887
1774172044562,2026-03-22 09:34:04.562,68623.0,0.00017,A,11.66591,417713199434721
1774172044562,2026-03-22 09:34:04.562,68622.0,0.00017,A,11.665740000000001,385343272567034
1774172044562,2026-03-22 09:34:04.562,68621.0,0.00017,A,11.66557,115837706460532
1774172044562,2026-03-22 09:34:04.562,68620.0,0.00017,A,11.6654,610651305730723
1774172044562,2026-03-22 09:34:04.562,68619.0,0.00017,A,11.665230000000001,559062898925589
1774172044562,2026-03-22 09:34:04.562,68619.0,0.00015,A,10.29285,768094961251153
1774172044562,2026-03-22 09:34:04.562,68618.0,0.00017,A,11.66506,681798849652669
1774172044562,2026-03-22 09:34:04.562,68618.0,0.00072,A,49.40496,288994070284199
1774172044562,2026-03-22 09:34:04.562,68617.0,0.00017,A,11.664890000000002,413460783479802
1774172044562,2026-03-22 09:34:04.562,68616.0,0.00017,A,11.66472,56112817569414
1774172044562,2026-03-22 09:34:04.562,68616.0,0.003,A,205.848,828057129647935
1774172044562,2026-03-22 09:34:04.562,68615.0,0.00017,A,11.66455,124169562994320
1774172044562,2026-03-22 09:34:04.562,68615.0,0.00017,A,11.66455,1045911781599094
1774172044562,2026-03-22 09:34:04.562,68614.0,0.00017,A,11.664380000000001,542293221476957
1774172044562,2026-03-22 09:34:04.562,68613.0,0.00017,A,11.66421,832758343582865
1774172044562,2026-03-22 09:34:04.562,68612.0,0.00017,A,11.66404,881198693824433
1774172044562,2026-03-22 09:34:04.562,68612.0,0.00017,A,11.66404,412166654711343
1774172044562,2026-03-22 09:34:04.562,68611.0,0.00017,A,11.663870000000001,263119294764270
1774172044562,2026-03-22 09:34:04.562,68611.0,0.003,A,205.833,562633043911286
1774172044562,2026-03-22 09:34:04.562,68610.0,0.00017,A,11.6637,511780792106739
1774172044562,2026-03-22 09:34:04.562,68609.0,0.00017,A,11.663530000000002,27419807571467
1774172044562,2026-03-22 09:34:04.562,68609.0,0.72882,A,50003.61138,981930178679974
1774172044562,2026-03-22 09:34:04.562,68609.0,0.0003,A,20.5827,1118398780257461
1774172044562,2026-03-22 09:34:04.562,68608.0,0.00017,A,11.66336,940533143477258
1774172044562,2026-03-22 09:34:04.562,68608.0,0.00017,A,11.66336,770546035844946
1774172044562,2026-03-22 09:34:04.562,68608.0,1.45774,A,100012.62592,1057782054100038
1774172044562,2026-03-22 09:34:04.562,68608.0,0.80255,A,55061.350399999996,474696689790785
1774172044562,2026-03-22 09:34:04.562,68608.0,0.16,A,10977.28,791826799900245
1774172045013,2026-03-22 09:34:05.013,68608.0,0.00142,A,97.42336,134705205944785
1774172045527,2026-03-22 09:34:05.527,68611.0,0.00291,A,199.65801,834539682865622
1774172045527,2026-03-22 09:34:05.527,68612.0,0.00017,B,11.66404,940369754083542
1774172045578,2026-03-22 09:34:05.578,68613.0,0.00017,B,11.66421,400346104219426
1774172045578,2026-03-22 09:34:05.578,68614.0,0.00017,B,11.664380000000001,212405780702848
1774172045578,2026-03-22 09:34:05.578,68615.0,0.00017,B,11.66455,399109857587903
1774172045578,2026-03-22 09:34:05.578,68616.0,0.00017,B,11.66472,192269656012000
1774172045578,2026-03-22 09:34:05.578,68617.0,0.00017,B,11.664890000000002,337563978329061
1774172045578,2026-03-22 09:34:05.578,68618.0,0.00017,B,11.66506,1123551097217554
1774172045578,2026-03-22 09:34:05.578,68619.0,0.00017,B,11.665230000000001,678841240322469
1774172045578,2026-03-22 09:34:05.578,68620.0,0.00017,B,11.6654,108625691567116
1774172045578,2026-03-22 09:34:05.578,68621.0,0.00017,B,11.66557,827274399570079
1774172045578,2026-03-22 09:34:05.578,68622.0,0.00017,B,11.665740000000001,230860582408612
1774172045578,2026-03-22 09:34:05.578,68623.0,0.00017,B,11.66591,619965417856849
1774172045578,2026-03-22 09:34:05.578,68624.0,0.00017,B,11.666080000000001,502829375465911
1774172045578,2026-03-22 09:34:05.578,68625.0,0.00017,B,11.666250000000002,492874616396615
1774172045578,2026-03-22 09:34:05.578,68626.0,0.001,B,68.626,1115425098217698
1774172045578,2026-03-22 09:34:05.578,68626.0,0.00017,B,11.66642,44156254977988
1774172045578,2026-03-22 09:34:05.578,68627.0,0.00017,B,11.666590000000001,21698297550970
1774172045578,2026-03-22 09:34:05.578,68627.0,0.00017,B,11.666590000000001,189452567462511
1774172045777,2026-03-22 09:34:05.777,68628.0,0.002,B,137.256,878028888023334
1774172046563,2026-03-22 09:34:06.563,68629.0,0.00017,B,11.66693,435010301459990
1774172046563,2026-03-22 09:34:06.563,68630.0,0.00017,B,11.667100000000001,186323217515387
1774172046563,2026-03-22 09:34:06.563,68630.0,0.00146,B,100.1998,461479191853260
1774172046563,2026-03-22 09:34:06.563,68631.0,0.00017,B,11.66727,258928546134023
1774172046563,2026-03-22 09:34:06.563,68632.0,0.00017,B,11.667440000000001,1080920047178866
1774172046563,2026-03-22 09:34:06.563,68632.0,0.02486,B,1706.19152,518699922764077
1774172046827,2026-03-22 09:34:06.827,68632.0,0.97514,B,66925.80848,298380576815808
1774172046827,2026-03-22 09:34:06.827,68632.0,0.05665,B,3888.0027999999998,296183486000758
1774172046827,2026-03-22 09:34:06.827,68632.0,0.20391,B,13994.75112,306489320899297
1774172046827,2026-03-22 09:34:06.827,68632.0,0.0143,B,981.4376,1067503054434482
1774172048043,2026-03-22 09:34:08.043,68632.0,0.00016,B,10.98112,1019563061495919
1774172048043,2026-03-22 09:34:08.043,68632.0,1e-05,B,0.68632,38214697440654
1774172048043,2026-03-22 09:34:08.043,68632.0,0.20391,B,13994.75112,69147657365629
1774172048043,2026-03-22 09:34:08.043,68632.0,0.00905,B,621.1196000000001,252483227882289
1774172048043,2026-03-22 09:34:08.043,68632.0,0.00141,B,96.77112,142456105092473
1774172048043,2026-03-22 09:34:08.043,68633.0,0.00017,B,11.667610000000002,189609477374286
1774172048043,2026-03-22 09:34:08.043,68634.0,0.00017,B,11.66778,723207826700324
1774172048043,2026-03-22 09:34:08.043,68634.0,0.00017,B,11.66778,730890701259641
1774172048043,2026-03-22 09:34:08.043,68635.0,0.00022,B,15.0997,382508212644335
1774172048043,2026-03-22 09:34:08.043,68635.0,0.02913,B,1999.33755,677071072473084
1774172048043,2026-03-22 09:34:08.043,68635.0,0.00017,B,11.667950000000001,1106899511154963
1774172048043,2026-03-22 09:34:08.043,68635.0,0.05665,B,3888.1727499999997,307325393654290
1774172048043,2026-03-22 09:34:08.043,68635.0,0.00015,B,10.29525,947907463045355
1774172048043,2026-03-22 09:34:08.043,68636.0,0.00017,B,11.66812,59594861180643
1774172048043,2026-03-22 09:34:08.043,68636.0,0.19862,B,13632.48232,404073928245801
1774172049074,2026-03-22 09:34:09.074,68636.0,0.34137,B,23430.27132,533803232186391
1774172049074,2026-03-22 09:34:09.074,68636.0,0.33139,B,22745.284040000002,247497902718182
1774172049074,2026-03-22 09:34:09.074,68636.0,0.06912,B,4744.12032,112801225080434
1774172049074,2026-03-22 09:34:09.074,68636.0,0.36509,B,25058.31724,249358905401664
1774172049074,2026-03-22 09:34:09.074,68636.0,0.06722,B,4613.71192,454635479033755
1774172049074,2026-03-22 09:34:09.074,68636.0,0.06385,B,4382.408600000001,772266497588950
1774172049074,2026-03-22 09:34:09.074,68636.0,0.00464,B,318.47104,454091677825316
1774172049074,2026-03-22 09:34:09.074,68636.0,0.00732,B,502.41552,617594667346172
1774172049090,2026-03-22 09:34:09.090,68636.0,0.00018,B,12.35448,79752131318567
1774172049162,2026-03-22 09:34:09.162,68635.0,0.02694,A,1849.0268999999998,169518859246529
1774172049631,2026-03-22 09:34:09.631,68635.0,0.02706,A,1857.2631000000001,356971680229807
1774172049842,2026-03-22 09:34:09.842,68636.0,0.00159,B,109.13124,292153345550978
1774172050237,2026-03-22 09:34:10.237,68635.0,0.00018,A,12.3543,402166888490705
1774172051022,2026-03-22 09:34:11.022,68635.0,0.00018,A,12.3543,408027854867471
1774172051640,2026-03-22 09:34:11.640,68635.0,0.0117,A,803.0295,673862662868675
1774172052503,2026-03-22 09:34:12.503,68636.0,0.001,B,68.636,225250893279537
1774172052702,2026-03-22 09:34:12.702,68636.0,0.0117,B,803.0412,52767009564598
1774172053251,2026-03-22 09:34:13.251,68635.0,0.01837,A,1260.8249500000002,988386772834303
1774172053732,2026-03-22 09:34:13.732,68635.0,0.00941,A,645.85535,628116419744363
1774172053967,2026-03-22 09:34:13.967,68635.0,1e-05,A,0.68635,894680836348360
1774172054067,2026-03-22 09:34:14.067,68635.0,0.00415,A,284.83525000000003,1033490721555719
1774172055584,2026-03-22 09:34:15.584,68635.0,6e-05,A,4.1181,543354459522352
1774172056005,2026-03-22 09:34:16.005,68635.0,0.00342,A,234.7317,250915050143181
1774172056351,2026-03-22 09:34:16.351,68636.0,0.00017,B,11.66812,454388157437639
1774172056976,2026-03-22 09:34:16.976,68637.0,0.0002,B,13.727400000000001,696897154120633
1774172056976,2026-03-22 09:34:16.976,68638.0,0.003,B,205.91400000000002,473144013553089
1774172056976,2026-03-22 09:34:16.976,68638.0,0.00017,B,11.668460000000001,480993476734706
1774172056976,2026-03-22 09:34:16.976,68638.0,0.00015,B,10.295699999999998,1086598819082051
1774172056976,2026-03-22 09:34:16.976,68638.0,0.00737,B,505.86206,703460291822778
1774172057090,2026-03-22 09:34:17.090,68638.0,0.00282,B,193.55916,842085842671685
1774172057090,2026-03-22 09:34:17.090,68639.0,0.00017,B,11.66863,877303489776899
1774172057090,2026-03-22 09:34:17.090,68640.0,0.00017,B,11.668800000000001,81827277205605
1774172057090,2026-03-22 09:34:17.090,68640.0,0.00033,B,22.6512,1037937341274993
1774172057090,2026-03-22 09:34:17.090,68640.0,0.00017,B,11.668800000000001,174543626818276
1774172057090,2026-03-22 09:34:17.090,68640.0,0.00015,B,10.296,586796891245357
1774172057090,2026-03-22 09:34:17.090,68641.0,0.00017,B,11.668970000000002,85164675666268
1774172057090,2026-03-22 09:34:17.090,68642.0,0.00017,B,11.66914,225994830673567
1774172057090,2026-03-22 09:34:17.090,68642.0,0.003,B,205.92600000000002,511066850150175
1774172057090,2026-03-22 09:34:17.090,68643.0,0.00017,B,11.669310000000001,778905032291029
1774172057090,2026-03-22 09:34:17.090,68643.0,0.00017,B,11.669310000000001,1054490063976823
1774172057090,2026-03-22 09:34:17.090,68643.0,0.00457,B,313.69851,460303810992161
1774172057126,2026-03-22 09:34:17.126,68643.0,0.19931,B,13681.23633,947088837543417
1774172057302,2026-03-22 09:34:17.302,68644.0,0.00017,B,11.66948,850385923582541
1774172057302,2026-03-22 09:34:17.302,68645.0,0.00072,B,49.424400000000006,195152609201287
1774172057302,2026-03-22 09:34:17.302,68645.0,0.00017,B,11.66965,1107153260773315
1774172057302,2026-03-22 09:34:17.302,68645.0,0.00033,B,22.65285,1077671416846845
1774172057302,2026-03-22 09:34:17.302,68645.0,0.00861,B,591.03345,45507263216960
1774172058306,2026-03-22 09:34:18.306,68644.0,0.00336,A,230.64384,1117432774835422
1774172058388,2026-03-22 09:34:18.388,68644.0,0.02248,A,1543.1171199999999,331202896666572
1774172059098,2026-03-22 09:34:19.098,68644.0,0.00055,A,37.754200000000004,94068432216262
1774172060133,2026-03-22 09:34:20.133,68644.0,0.00184,A,126.30496000000001,791564896152975
1774172061841,2026-03-22 09:34:21.841,68645.0,0.25231,B,17319.819949999997,755781070099075
1774172061841,2026-03-22 09:34:21.841,68645.0,0.00017,B,11.66965,1001380346176398
1774172061841,2026-03-22 09:34:21.841,68645.0,0.00141,B,96.78945,66633719828954
1774172062266,2026-03-22 09:34:22.266,68647.0,6e-05,B,4.11882,642628173919987
1774172062832,2026-03-22 09:34:22.832,68647.0,0.00017,B,11.66999,298641207117595
1774172062832,2026-03-22 09:34:22.832,68647.0,0.0332,B,2279.0804,782361075466134
1774172062832,2026-03-22 09:34:22.832,68647.0,0.003,B,205.941,530260114517452
1774172062832,2026-03-22 09:34:22.832,68648.0,0.00017,B,11.670160000000001,716160907865835
1774172063031,2026-03-22 09:34:23.031,68649.0,0.00017,B,11.670330000000002,354832936891428
1774172063031,2026-03-22 09:34:23.031,68649.0,0.02913,B,1999.7453699999999,482845043445911
1774172063741,2026-03-22 09:34:23.741,68650.0,0.00017,B,11.6705,177441052820312
1774172064036,2026-03-22 09:34:24.036,68649.0,0.03682,A,2527.65618,746865519311067
1774172064036,2026-03-22 09:34:24.036,68649.0,0.00995,A,683.05755,448125444315943
1774172064341,2026-03-22 09:34:24.341,68649.0,0.00108,A,74.14092,282263504710915
1774172064650,2026-03-22 09:34:24.650,68650.0,0.0144,B,988.56,1037222786734018
1774172064650,2026-03-22 09:34:24.650,68650.0,0.01998,B,1371.6270000000002,61568447458566
1774172064650,2026-03-22 09:34:24.650,68650.0,0.00017,B,11.6705,1077599720971318
1774172064650,2026-03-22 09:34:24.650,68650.0,0.11524,B,7911.226,698775657541673
1774172064650,2026-03-22 09:34:24.650,68650.0,0.00142,B,97.483,988261344858831
1774172064650,2026-03-22 09:34:24.650,68651.0,0.00017,B,11.670670000000001,716842076528057
1774172064650,2026-03-22 09:34:24.650,68651.0,0.00017,B,11.670670000000001,975526347602616
1774172064650,2026-03-22 09:34:24.650,68651.0,0.20386,B,13995.192860000001,1113043148612777
1774172064650,2026-03-22 09:34:24.650,68651.0,0.00015,B,10.297649999999999,587823947125211
1774172064650,2026-03-22 09:34:24.650,68652.0,0.00017,B,11.67084,590297195561362
1774172064650,2026-03-22 09:34:24.650,68653.0,0.01188,B,815.59764,361108653702628
1774172064650,2026-03-22 09:34:24.650,68653.0,0.00017,B,11.67101,609567730904360
1774172064650,2026-03-22 09:34:24.650,68653.0,0.13222,B,9077.29966,582767422131188
1774172065048,2026-03-22 09:34:25.048,68653.0,0.025,B,1716.325,700398755586591
1774172065048,2026-03-22 09:34:25.048,68653.0,0.01785,B,1225.45605,920242074645730
1774172066448,2026-03-22 09:34:26.448,68653.0,0.00408,B,280.10424,1078236623190121
1774172067043,2026-03-22 09:34:27.043,68653.0,0.06938,B,4763.14514,695682108265351
1774172067915,2026-03-22 09:34:27.915,68653.0,0.00017,B,11.67101,308360818559251
1774172067915,2026-03-22 09:34:27.915,68654.0,0.00017,B,11.671180000000001,655033428681132
1774172067915,2026-03-22 09:34:27.915,68654.0,0.00017,B,11.671180000000001,1017322030979463
1774172067915,2026-03-22 09:34:27.915,68655.0,0.00017,B,11.67135,352215782984003
1774172067915,2026-03-22 09:34:27.915,68655.0,0.003,B,205.965,483191383355561
1774172067915,2026-03-22 09:34:27.915,68656.0,0.00017,B,11.671520000000001,484687696625138
1774172067915,2026-03-22 09:34:27.915,68657.0,0.00017,B,11.671690000000002,370496278985377
1774172067915,2026-03-22 09:34:27.915,68658.0,0.00017,B,11.67186,288939186635138
1774172067915,2026-03-22 09:34:27.915,68658.0,0.00017,B,11.67186,867765236996767
1774172067915,2026-03-22 09:34:27.915,68658.0,0.00072,B,49.43376000000001,628206379832110
1774172067915,2026-03-22 09:34:27.915,68659.0,0.00017,B,11.672030000000001,876994324585892
1774172067915,2026-03-22 09:34:27.915,68659.0,0.00015,B,10.29885,834241959067086
1774172067915,2026-03-22 09:34:27.915,68659.0,0.003,B,205.977,380255284057071
1774172067915,2026-03-22 09:34:27.915,68660.0,0.00017,B,11.6722,29236850708793
1774172067915,2026-03-22 09:34:27.915,68660.0,0.12824,B,8804.9584,563898381675108
1774172067915,2026-03-22 09:34:27.915,68661.0,0.00017,B,11.67237,1025891722817496
1774172067915,2026-03-22 09:34:27.915,68661.0,0.08766,B,6018.82326,612852895919586
1774172067915,2026-03-22 09:34:27.915,68662.0,0.00017,B,11.672540000000001,95665197550656
1774172067915,2026-03-22 09:34:27.915,68662.0,0.00015,B,10.299299999999999,692360238011052
1774172067915,2026-03-22 09:34:27.915,68662.0,0.00017,B,11.672540000000001,436254230807344
1774172068994,2026-03-22 09:34:28.994,68662.0,0.21,A,14419.019999999999,162244939487119
1774172068994,2026-03-22 09:34:28.994,68662.0,0.04,A,2746.48,508216560165419
1774172069052,2026-03-22 09:34:29.052,68662.0,0.00022,A,15.105640000000001,674880507409600
1774172070255,2026-03-22 09:34:30.255,68663.0,0.00022,B,15.10586,327378244115311
1774172070255,2026-03-22 09:34:30.255,68662.0,0.02946,A,2022.78252,161484665702757
1774172070654,2026-03-22 09:34:30.654,68662.0,0.0248,A,1702.8175999999999,474990600067698
1774172071016,2026-03-22 09:34:31.016,68662.0,0.00238,A,163.41556,801651866868215
1774172071092,2026-03-22 09:34:31.092,68663.0,0.0248,B,1702.8424,737718077736197
1774172072073,2026-03-22 09:34:32.073,68661.0,0.00015,A,10.29915,950502237157363
1774172072073,2026-03-22 09:34:32.073,68660.0,0.00015,A,10.299,834505303624718
1774172072073,2026-03-22 09:34:32.073,68659.0,0.0114,A,782.7126000000001,781996194427480
1774172072300,2026-03-22 09:34:32.300,68657.0,0.003,A,205.971,661031685744568
1774172072300,2026-03-22 09:34:32.300,68655.0,0.00017,A,11.67135,3436129635893
1774172072300,2026-03-22 09:34:32.300,68655.0,0.00015,A,10.29825,899527059100316
1774172073079,2026-03-22 09:34:33.079,68652.0,0.00017,A,11.67084,519479553842504
1774172073079,2026-03-22 09:34:33.079,68652.0,0.00012,A,8.23824,419789519692631
1774172073079,2026-03-22 09:34:33.079,68652.0,0.00018,A,12.35736,632294683644785
1774172074067,2026-03-22 09:34:34.067,68652.0,0.00142,A,97.48584,1081697989165834
1774172074348,2026-03-22 09:34:34.348,68653.0,0.0117,B,803.2401,976220773339299
1774172075497,2026-03-22 09:34:35.497,68653.0,0.00274,B,188.10922,91979624097721
1774172076906,2026-03-22 09:34:36.906,68652.0,0.00036,A,24.71472,1108922461291569
1774172078030,2026-03-22 09:34:38.030,68653.0,0.00016,B,10.984480000000001,156404981316960
1774172081065,2026-03-22 09:34:41.065,68652.0,0.00018,A,12.35736,671783511667765
1774172081140,2026-03-22 09:34:41.140,68652.0,0.00024,A,16.47648,183584846361588
1774172084067,2026-03-22 09:34:44.067,68652.0,0.00416,A,285.59232,159218121630087
1774172086044,2026-03-22 09:34:46.044,68652.0,0.00343,A,235.47636,944195622027214
1774172086965,2026-03-22 09:34:46.965,68653.0,0.06344,B,4355.34632,99580572400122
1774172089050,2026-03-22 09:34:49.050,68652.0,0.00047,A,32.266439999999996,478953388934794
1774172092140,2026-03-22 09:34:52.140,68652.0,0.0003,A,20.595599999999997,880782835738075
1774172094092,2026-03-22 09:34:54.092,68652.0,0.03064,A,2103.49728,618754828386691
1774172096034,2026-03-22 09:34:56.034,68652.0,0.00029,A,19.90908,769870454005057
1774172097037,2026-03-22 09:34:57.037,68653.0,0.06938,B,4763.14514,152420095382738
1774172097829,2026-03-22 09:34:57.829,68652.0,0.00785,A,538.9182,620374756815596
1774172101025,2026-03-22 09:35:01.025,68652.0,0.00238,A,163.39176,1085075883075809
1774172102485,2026-03-22 09:35:02.485,68653.0,0.00068,B,46.68404,1116130299772266
1774172103093,2026-03-22 09:35:03.093,68652.0,0.00029,A,19.90908,645541601707423
1774172103093,2026-03-22 09:35:03.093,68652.0,0.00018,A,12.35736,512803926697226
1774172105017,2026-03-22 09:35:05.017,68652.0,0.00142,A,97.48584,695148377375161
1774172107319,2026-03-22 09:35:07.319,68652.0,0.01568,A,1076.46336,518967486065759
1774172108032,2026-03-22 09:35:08.032,68653.0,0.00016,B,10.984480000000001,292493983222456
1774172109452,2026-03-22 09:35:09.452,68653.0,0.01342,B,921.32326,545236783599712
1774172110222,2026-03-22 09:35:10.222,68652.0,0.00471,A,323.35092,735314442400797
1774172110802,2026-03-22 09:35:10.802,68653.0,0.0004,B,27.4612,1070189755315141
1774172111008,2026-03-22 09:35:11.008,68652.0,0.00018,A,12.35736,412104918139584
1774172113658,2026-03-22 09:35:13.658,68653.0,0.00214,B,146.91742,689248478517448
1774172114027,2026-03-22 09:35:14.027,68652.0,0.00416,A,285.59232,7540851181165
1774172114027,2026-03-22 09:35:14.027,68652.0,0.00131,A,89.93412,565640419592859
1774172114359,2026-03-22 09:35:14.359,68652.0,0.00105,A,72.0846,531216705238497
1774172114703,2026-03-22 09:35:14.703,68653.0,0.00038,B,26.088140000000003,641741495707763
1774172116085,2026-03-22 09:35:16.085,68652.0,0.00342,A,234.78984,357092310270287
1774172117177,2026-03-22 09:35:17.177,68653.0,0.00025,B,17.16325,406538639673904
1774172118180,2026-03-22 09:35:18.180,68652.0,0.01,A,686.52,388596578255401
1774172118267,2026-03-22 09:35:18.267,68653.0,0.01112,B,763.4213599999999,1063588937868493
1774172118677,2026-03-22 09:35:18.677,68653.0,0.0004,B,27.4612,706600011023142
1774172119075,2026-03-22 09:35:19.075,68652.0,0.00064,A,43.93728,363433314558865
1774172120190,2026-03-22 09:35:20.190,68653.0,0.001,B,68.653,538364056076158
1774172122510,2026-03-22 09:35:22.510,68653.0,0.00017,B,11.67101,183730910719431
1774172122510,2026-03-22 09:35:22.510,68653.0,0.00055,B,37.759150000000005,518882386338420
1774172122723,2026-03-22 09:35:22.723,68654.0,0.00015,B,10.2981,193944167514821
1774172122723,2026-03-22 09:35:22.723,68654.0,0.00017,B,11.671180000000001,768495741087979
1774172122723,2026-03-22 09:35:22.723,68654.0,0.00049,B,33.64046,823481948840298
1774172122723,2026-03-22 09:35:22.723,68655.0,0.00017,B,11.67135,420509900486327
1774172123122,2026-03-22 09:35:23.122,68656.0,0.00017,B,11.671520000000001,976154288196014
1774172123122,2026-03-22 09:35:23.122,68657.0,0.00017,B,11.671690000000002,488873431905847
1774172123122,2026-03-22 09:35:23.122,68658.0,0.00017,B,11.67186,1007206358752000
1774172123122,2026-03-22 09:35:23.122,68658.0,0.003,B,205.97400000000002,95617023051960
1774172123122,2026-03-22 09:35:23.122,68658.0,0.00017,B,11.67186,729427915991582
1774172123122,2026-03-22 09:35:23.122,68659.0,0.00017,B,11.672030000000001,419032518808656
1774172123331,2026-03-22 09:35:23.331,68660.0,0.00017,B,11.6722,221644416469915
1774172123331,2026-03-22 09:35:23.331,68661.0,0.00017,B,11.67237,753665159733870
1774172123331,2026-03-22 09:35:23.331,68662.0,0.00017,B,11.672540000000001,460399012635573
1774172123331,2026-03-22 09:35:23.331,68662.0,0.00017,B,11.672540000000001,585428763070531
1774172123331,2026-03-22 09:35:23.331,68663.0,0.003,B,205.989,227903867101204
1774172123331,2026-03-22 09:35:23.331,68663.0,0.00017,B,11.67271,360877342258876
1774172123331,2026-03-22 09:35:23.331,68663.0,0.005,B,343.315,121147799045397
1774172124005,2026-03-22 09:35:24.005,68662.0,0.0375,A,2574.825,1115876858088119
1774172124935,2026-03-22 09:35:24.935,68663.0,0.0207,B,1421.3241,782319006097011
1774172126434,2026-03-22 09:35:26.434,68663.0,0.00017,B,11.67271,318608947509237
1774172126434,2026-03-22 09:35:26.434,68664.0,0.00017,B,11.672880000000001,415336156995512
1774172126434,2026-03-22 09:35:26.434,68664.0,0.00015,B,10.2996,388571811489508
1774172126434,2026-03-22 09:35:26.434,68664.0,0.0002,B,13.732800000000001,849049984091068
1774172126434,2026-03-22 09:35:26.434,68665.0,0.00017,B,11.673050000000002,615356312859069
1774172126434,2026-03-22 09:35:26.434,68665.0,0.00017,B,11.673050000000002,969320495046923
1774172126541,2026-03-22 09:35:26.541,68666.0,0.00017,B,11.67322,235968876206447
1774172126541,2026-03-22 09:35:26.541,68667.0,0.00017,B,11.673390000000001,1033971442903837
1774172127031,2026-03-22 09:35:27.031,68668.0,0.00015,B,10.300199999999998,62809249091682
1774172127031,2026-03-22 09:35:27.031,68668.0,0.00017,B,11.67356,278010389478325
1774172127031,2026-03-22 09:35:27.031,68668.0,0.02912,B,1999.61216,919997515997088
1774172127031,2026-03-22 09:35:27.031,68668.0,0.003,B,206.004,392441710075794
1774172127031,2026-03-22 09:35:27.031,68668.0,0.03694,B,2536.59592,503817182103236
1774172127697,2026-03-22 09:35:27.697,68668.0,0.018,B,1236.024,1027649976952686
1774172128242,2026-03-22 09:35:28.242,68667.0,0.00145,A,99.56715,674139859157407
1774172130051,2026-03-22 09:35:30.051,68667.0,0.00016,A,10.98672,1083313117152075
1774172131060,2026-03-22 09:35:31.060,68667.0,0.00238,A,163.42746000000002,50716309964575
1774172131502,2026-03-22 09:35:31.502,68668.0,0.00032,B,21.973760000000002,140528647929726
1774172132220,2026-03-22 09:35:32.220,68668.0,0.00017,B,11.67356,903008173522135
1774172132220,2026-03-22 09:35:32.220,68669.0,1e-05,B,0.68669,638186761867388
1774172132779,2026-03-22 09:35:32.779,68669.0,0.00014,B,9.61366,315506651337116
1774172132779,2026-03-22 09:35:32.779,68669.0,0.00022,B,15.107180000000001,1049833034560314
1774172133009,2026-03-22 09:35:33.009,68669.0,0.00028,A,19.22732,798928283186513
1774172133009,2026-03-22 09:35:33.009,68669.0,0.00018,A,12.360420000000001,736508286020507
1774172133009,2026-03-22 09:35:33.009,68670.0,0.00017,B,11.673900000000001,150871831357161
1774172133009,2026-03-22 09:35:33.009,68671.0,0.00017,B,11.67407,823430025474659
1774172133009,2026-03-22 09:35:33.009,68672.0,0.00017,B,11.674240000000001,291881657126385
1774172133009,2026-03-22 09:35:33.009,68672.0,0.00015,B,10.300799999999999,1120314512117290
1774172133009,2026-03-22 09:35:33.009,68672.0,0.00017,B,11.674240000000001,171559844431707
1774172133171,2026-03-22 09:35:33.171,68673.0,0.05555,B,3814.78515,41334033411685
1774172133171,2026-03-22 09:35:33.171,68673.0,0.00015,B,10.300949999999998,1080837971075186
1774172133171,2026-03-22 09:35:33.171,68673.0,0.00017,B,11.67441,519582615049666
1774172133171,2026-03-22 09:35:33.171,68673.0,0.003,B,206.019,842188254292860
1774172133171,2026-03-22 09:35:33.171,68674.0,0.00017,B,11.67458,597356246815686
1774172133171,2026-03-22 09:35:33.171,68675.0,0.00017,B,11.674750000000001,983746845817017
1774172133171,2026-03-22 09:35:33.171,68675.0,0.04075,B,2798.50625,616433517154308
1774172133171,2026-03-22 09:35:33.171,68676.0,0.00017,B,11.67492,47012217270637
1774172133171,2026-03-22 09:35:33.171,68676.0,0.00015,B,10.3014,880984108708354
1774172133171,2026-03-22 09:35:33.171,68676.0,0.00017,B,11.67492,1073921342258536
1774172133171,2026-03-22 09:35:33.171,68676.0,0.00618,B,424.41767999999996,200349109807937
1774172133336,2026-03-22 09:35:33.336,68675.0,0.00018,A,12.361500000000001,228654233163222
1774172134087,2026-03-22 09:35:34.087,68675.0,0.00142,A,97.5185,457085634810076
1774172135495,2026-03-22 09:35:35.495,68676.0,0.00015,B,10.3014,186358018169679
1774172136791,2026-03-22 09:35:36.791,68675.0,0.12588,A,8644.809,356493300951510
1774172136791,2026-03-22 09:35:36.791,68675.0,0.00698,A,479.3515,827383834161695
1774172137995,2026-03-22 09:35:37.995,68676.0,0.00017,B,11.67492,645996355171529
1774172137995,2026-03-22 09:35:37.995,68677.0,0.00017,B,11.67509,254061499743821
1774172137995,2026-03-22 09:35:37.995,68677.0,0.00017,B,11.67509,603602675510183
1774172137995,2026-03-22 09:35:37.995,68677.0,0.0002,B,13.7354,304839148324655
1774172137995,2026-03-22 09:35:37.995,68678.0,0.003,B,206.034,277076338494655
1774172137995,2026-03-22 09:35:37.995,68678.0,0.00017,B,11.675260000000002,363120348069751
1774172137995,2026-03-22 09:35:37.995,68678.0,0.00017,B,11.675260000000002,849176729321860
1774172137995,2026-03-22 09:35:37.995,68678.0,0.003,B,206.034,637525658707270
1774172137995,2026-03-22 09:35:37.995,68679.0,0.00017,B,11.67543,228531224885282
1774172137995,2026-03-22 09:35:37.995,68680.0,0.00015,B,10.302,341978944664841
1774172137995,2026-03-22 09:35:37.995,68680.0,0.00017,B,11.675600000000001,521266841360972
1774172137995,2026-03-22 09:35:37.995,68680.0,0.00014,B,9.6152,951216240024498
1774172138067,2026-03-22 09:35:38.067,68680.0,1e-05,B,0.6868000000000001,139131971697034
1774172138067,2026-03-22 09:35:38.067,68681.0,0.00015,B,10.30215,108391572465103
1774172138067,2026-03-22 09:35:38.067,68681.0,2e-05,B,1.37362,822748871779664
1774172138067,2026-03-22 09:35:38.067,68681.0,0.00141,B,96.84021,425934892722591
1774172138067,2026-03-22 09:35:38.067,68682.0,0.00017,B,11.67594,259883817087713
1774172138067,2026-03-22 09:35:38.067,68683.0,0.00017,B,11.676110000000001,887998827509198
1774172138067,2026-03-22 09:35:38.067,68683.0,0.00017,B,11.676110000000001,38978865094824
1774172138067,2026-03-22 09:35:38.067,68683.0,0.00018,B,12.36294,1072409360527596
1774172138067,2026-03-22 09:35:38.067,68683.0,0.00774,B,531.6064200000001,107815080727573
1774172139395,2026-03-22 09:35:39.395,68682.0,0.01479,A,1015.80678,244140542436165
1774172139395,2026-03-22 09:35:39.395,68682.0,0.18746,A,12875.127719999999,1060351409052837
1774172139395,2026-03-22 09:35:39.395,68682.0,0.04126,A,2833.81932,228029916443867
1774172139395,2026-03-22 09:35:39.395,68682.0,0.01479,A,1015.80678,644362941592044
1774172139395,2026-03-22 09:35:39.395,68682.0,0.18746,A,12875.127719999999,487402720143916
1774172139395,2026-03-22 09:35:39.395,68682.0,1.31791,A,90516.69462,132599408887166
1774172139395,2026-03-22 09:35:39.395,68682.0,0.0114,A,782.9748000000001,722030776341261
1774172139395,2026-03-22 09:35:39.395,68681.0,0.00022,A,15.109820000000001,1122510846593231
1774172139676,2026-03-22 09:35:39.676,68682.0,0.00131,B,89.97342,702080669373348
1774172140088,2026-03-22 09:35:40.088,68681.0,0.0031,A,212.9111,387000388888801
1774172141093,2026-03-22 09:35:41.093,68679.0,0.00018,A,12.36222,642396325686919
1774172142296,2026-03-22 09:35:42.296,68679.0,0.09982,A,6855.537780000001,883183437221077
1774172142296,2026-03-22 09:35:42.296,68679.0,0.0114,A,782.9406,523495861505357
1774172142296,2026-03-22 09:35:42.296,68679.0,0.0409,A,2808.9710999999998,604985283817478
1774172143006,2026-03-22 09:35:43.006,68679.0,0.0002,A,13.735800000000001,260217894979922
1774172144065,2026-03-22 09:35:44.065,68679.0,0.00416,A,285.70464,411058216153063
1774172144317,2026-03-22 09:35:44.317,68680.0,0.00017,B,11.675600000000001,200123886471313
1774172144317,2026-03-22 09:35:44.317,68681.0,0.00017,B,11.67577,422575182920756
1774172144317,2026-03-22 09:35:44.317,68682.0,0.00017,B,11.67594,165312792511752
1774172144317,2026-03-22 09:35:44.317,68683.0,0.00017,B,11.676110000000001,64572363872058
1774172144317,2026-03-22 09:35:44.317,68683.0,0.04075,B,2798.83225,444517769242953
1774172144317,2026-03-22 09:35:44.317,68684.0,0.00017,B,11.67628,107604383286860
1774172144317,2026-03-22 09:35:44.317,68685.0,0.00017,B,11.67645,302417403375383
1774172144317,2026-03-22 09:35:44.317,68686.0,0.00017,B,11.676620000000002,262202427948654
1774172144317,2026-03-22 09:35:44.317,68686.0,0.003,B,206.058,933303087266218
1774172144317,2026-03-22 09:35:44.317,68687.0,0.01188,B,816.00156,1055282385470327
1774172144317,2026-03-22 09:35:44.317,68687.0,0.00017,B,11.67679,196771801542786
1774172144317,2026-03-22 09:35:44.317,68687.0,0.00017,B,11.67679,532731077727615
1774172144317,2026-03-22 09:35:44.317,68687.0,0.00018,B,12.363660000000001,566697857918730
1774172144317,2026-03-22 09:35:44.317,68687.0,0.01164,B,799.51668,1107391290472207
1774172144317,2026-03-22 09:35:44.317,68687.0,0.20375,B,13994.97625,854630864767889
1774172144317,2026-03-22 09:35:44.317,68688.0,0.00015,B,10.303199999999999,105022020634659
1774172144317,2026-03-22 09:35:44.317,68688.0,0.001,B,68.688,398174698792319
1774172144317,2026-03-22 09:35:44.317,68688.0,0.001,B,68.688,85036520487669
1774172144317,2026-03-22 09:35:44.317,68688.0,0.00017,B,11.676960000000001,398163781965225
1774172144317,2026-03-22 09:35:44.317,68688.0,0.19585,B,13452.5448,153781026824886
1774172146024,2026-03-22 09:35:46.024,68687.0,0.00343,A,235.59641,848171649224176
1774172147130,2026-03-22 09:35:47.130,68688.0,0.00017,B,11.676960000000001,1065466761087174
1774172147130,2026-03-22 09:35:47.130,68688.0,0.07395,B,5079.4776,3203027173685
1774172147130,2026-03-22 09:35:47.130,68688.0,0.16181,B,11114.40528,129720090870831
1774172149041,2026-03-22 09:35:49.041,68687.0,0.00033,A,22.66671,307958654244778
1774172150659,2026-03-22 09:35:50.659,68688.0,0.00285,B,195.76080000000002,557971289612630
1774172152686,2026-03-22 09:35:52.686,68688.0,0.00017,B,11.676960000000001,633803007662982
1774172152686,2026-03-22 09:35:52.686,68689.0,0.00015,B,10.303349999999998,871560244462161
1774172152686,2026-03-22 09:35:52.686,68689.0,0.00017,B,11.67713,987581892332285
1774172152686,2026-03-22 09:35:52.686,68690.0,0.00015,B,10.3035,266065321664303
1774172152686,2026-03-22 09:35:52.686,68690.0,0.00017,B,11.6773,622486531339115
1774172152686,2026-03-22 09:35:52.686,68690.0,0.00023,B,15.7987,875137133505314
1774172152686,2026-03-22 09:35:52.686,68691.0,0.00017,B,11.677470000000001,471438084357013
1774172152686,2026-03-22 09:35:52.686,68691.0,0.00017,B,11.677470000000001,791532439683013
1774172152686,2026-03-22 09:35:52.686,68691.0,0.00017,B,11.677470000000001,407426911378784
1774172152686,2026-03-22 09:35:52.686,68691.0,0.00015,B,10.30365,983914244508359
1774172154095,2026-03-22 09:35:54.095,68690.0,0.00015,A,10.3035,161124182134484
1774172154095,2026-03-22 09:35:54.095,68690.0,0.0442,A,3036.0980000000004,1029531828564533
1774172154186,2026-03-22 09:35:54.186,68689.0,0.00015,A,10.303349999999998,347953764309698
1774172154490,2026-03-22 09:35:54.490,68687.0,0.001,A,68.687,299192324448827
1774172154490,2026-03-22 09:35:54.490,68684.0,0.00017,A,11.67628,503152441964320
1774172154582,2026-03-22 09:35:54.582,68682.0,0.003,A,206.046,405317776975481
1774172154582,2026-03-22 09:35:54.582,68681.0,0.00017,A,11.67577,696990042606406
1774172154582,2026-03-22 09:35:54.582,68681.0,0.003,A,206.043,579494309731764
1774172154582,2026-03-22 09:35:54.582,68681.0,0.02254,A,1548.0697400000001,328840220179596
1774172154582,2026-03-22 09:35:54.582,68681.0,0.00015,A,10.30215,280170316918605
1774172154582,2026-03-22 09:35:54.582,68681.0,0.03386,A,2325.53866,671064008837269
1774172154582,2026-03-22 09:35:54.582,68681.0,0.05474,A,3759.5979399999997,990651592367427
1774172154582,2026-03-22 09:35:54.582,68681.0,0.05665,A,3890.7786499999997,804638158110713
1774172154582,2026-03-22 09:35:54.582,68681.0,0.0114,A,782.9634,365234989200021
1774172154582,2026-03-22 09:35:54.582,68680.0,0.00017,A,11.675600000000001,462168391348136
1774172154582,2026-03-22 09:35:54.582,68679.0,0.00017,A,11.67543,115724741110172
1774172154582,2026-03-22 09:35:54.582,68678.0,0.00017,A,11.675260000000002,676638882526389
1774172154582,2026-03-22 09:35:54.582,68678.0,0.01163,A,798.72514,283350234956592
1774172154582,2026-03-22 09:35:54.582,68677.0,0.00017,A,11.67509,91399098711410
1774172154582,2026-03-22 09:35:54.582,68677.0,0.00017,A,11.67509,615135796800027
1774172154582,2026-03-22 09:35:54.582,68676.0,0.00017,A,11.67492,376902795154918
1774172154582,2026-03-22 09:35:54.582,68676.0,0.00015,A,10.3014,120416587883960
1774172154582,2026-03-22 09:35:54.582,68675.0,0.00017,A,11.674750000000001,528747554247357
1774172154582,2026-03-22 09:35:54.582,68675.0,0.00042,A,28.843500000000002,708826812818023
1774172154582,2026-03-22 09:35:54.582,68674.0,0.00017,A,11.67458,936772776816405
1774172154582,2026-03-22 09:35:54.582,68674.0,0.0886,A,6084.5163999999995,745451324031729
1774172154582,2026-03-22 09:35:54.582,68674.0,0.06596,A,4529.73704,352587672720299
1774172154582,2026-03-22 09:35:54.582,68674.0,0.00416,A,285.68384,649101626582503
1774172154582,2026-03-22 09:35:54.582,68674.0,0.00018,A,12.361320000000001,710226911666007
1774172154582,2026-03-22 09:35:54.582,68674.0,0.2,A,13734.800000000001,289219161042250
1774172154582,2026-03-22 09:35:54.582,68674.0,0.0114,A,782.8836,561317885619918
1774172154582,2026-03-22 09:35:54.582,68674.0,0.0002,A,13.7348,147114188153099
1774172156730,2026-03-22 09:35:56.730,68674.0,0.0183,B,1256.7342,99318900328851
1774172157015,2026-03-22 09:35:57.015,68674.0,0.06938,B,4764.60212,363763532061268
1774172157417,2026-03-22 09:35:57.417,68673.0,0.00036,A,24.72228,152973187116448
1774172158416,2026-03-22 09:35:58.416,68673.0,0.0046,A,315.8958,968944641193239
1774172158637,2026-03-22 09:35:58.637,68673.0,0.0003,A,20.601899999999997,332154928580569
1774172159734,2026-03-22 09:35:59.734,68673.0,0.00459,A,315.20907,489470193856887
1774172160520,2026-03-22 09:36:00.520,68674.0,0.01482,B,1017.74868,426587445292679
1774172161047,2026-03-22 09:36:01.047,68673.0,0.00238,A,163.44174,202005853527211
1774172161652,2026-03-22 09:36:01.652,68673.0,0.01777,A,1220.31921,999874661948778
1774172162461,2026-03-22 09:36:02.461,68673.0,0.03739,A,2567.68347,776559434476967
1774172162661,2026-03-22 09:36:02.661,68673.0,0.00467,A,320.70291,506189303586950
1774172163065,2026-03-22 09:36:03.065,68673.0,0.00029,A,19.91517,909647476913546
1774172163065,2026-03-22 09:36:03.065,68673.0,0.00018,A,12.36114,172982185242913
1774172163868,2026-03-22 09:36:03.868,68673.0,0.00163,A,111.93699,764281155660135
1774172164070,2026-03-22 09:36:04.070,68673.0,0.00141,A,96.82893,992045582885257
1774172166280,2026-03-22 09:36:06.280,68674.0,0.00068,B,46.69832,800417340742769
1774172166793,2026-03-22 09:36:06.793,68673.0,0.0017,A,116.74409999999999,185621930650618
1774172168080,2026-03-22 09:36:08.080,68674.0,0.00016,B,10.98784,99995783172997
1774172169295,2026-03-22 09:36:09.295,68674.0,0.00045,B,30.903299999999998,315596206842194
1774172169605,2026-03-22 09:36:09.605,68673.0,0.00022,A,15.10806,727118551268447
1774172169693,2026-03-22 09:36:09.693,68673.0,0.00022,A,15.10806,620320629945836
1774172171906,2026-03-22 09:36:11.906,68674.0,0.00297,B,203.96178,930862786369384
1774172174000,2026-03-22 09:36:14.000,68673.0,0.00416,A,285.67967999999996,327052171296821
1774172174717,2026-03-22 09:36:14.717,68673.0,0.01328,A,911.97744,397748653881547
1774172174828,2026-03-22 09:36:14.828,68673.0,0.01328,A,911.97744,283128830789627
1774172176031,2026-03-22 09:36:16.031,68673.0,0.00343,A,235.54838999999998,233273041362845
1774172176031,2026-03-22 09:36:16.031,68673.0,0.00045,A,30.90285,591594812613171
1774172178533,2026-03-22 09:36:18.533,68673.0,0.03652,A,2507.9379599999997,48535026694263
1774172178726,2026-03-22 09:36:18.726,68673.0,0.01777,A,1220.31921,117736419077795
1774172178844,2026-03-22 09:36:18.844,68673.0,0.0089,A,611.1897,508970645951770
1774172179059,2026-03-22 09:36:19.059,68673.0,0.00061,A,41.89053,499498025889459
1774172180594,2026-03-22 09:36:20.594,68674.0,0.10324,B,7089.90376,186684233888676
1774172180594,2026-03-22 09:36:20.594,68674.0,0.06596,B,4529.73704,86587206873300
1774172180594,2026-03-22 09:36:20.594,68674.0,0.1072,B,7361.852800000001,96940046901257
1774172180594,2026-03-22 09:36:20.594,68674.0,0.08203,B,5633.32822,662650246386247
1774172180941,2026-03-22 09:36:20.941,68673.0,6e-05,A,4.12038,324485462688018
1774172181078,2026-03-22 09:36:21.078,68674.0,0.0287,B,1970.9438,787214664705181
1774172181124,2026-03-22 09:36:21.124,68674.0,0.03466,B,2380.2408400000004,552059555497709
1774172181124,2026-03-22 09:36:21.124,68674.0,0.21,B,14421.539999999999,881124055574106
1774172181124,2026-03-22 09:36:21.124,68674.0,0.08337,B,5725.35138,469836631719817
1774172181124,2026-03-22 09:36:21.124,68674.0,0.14328,B,9839.610719999999,86528669170766
1774172182781,2026-03-22 09:36:22.781,68673.0,0.009,A,618.0569999999999,617517463174364
1774172184001,2026-03-22 09:36:24.001,68673.0,0.03468,A,2381.5796400000004,311527110744513
1774172186152,2026-03-22 09:36:26.152,68674.0,0.01,B,686.74,505574097532380
1774172186511,2026-03-22 09:36:26.511,68673.0,0.00083,A,56.99859,206124876750267
1774172187076,2026-03-22 09:36:27.076,68674.0,0.00807,B,554.1991800000001,905622714613946
1774172187076,2026-03-22 09:36:27.076,68674.0,0.0613,B,4209.7162,274417296695144
1774172187950,2026-03-22 09:36:27.950,68674.0,0.001,B,68.674,525825890177359
1774172188479,2026-03-22 09:36:28.479,68673.0,0.0183,A,1256.7159,754318660046194
1774172189090,2026-03-22 09:36:29.090,68673.0,0.00183,A,125.67159000000001,532956987137480
1774172190918,2026-03-22 09:36:30.918,68673.0,0.00187,A,128.41851,1007650160196539
1774172191012,2026-03-22 09:36:31.012,68673.0,0.00237,A,162.75501,965806340311638
1774172193016,2026-03-22 09:36:33.016,68673.0,0.00029,A,19.91517,803868966816140
1774172193016,2026-03-22 09:36:33.016,68673.0,0.00018,A,12.36114,1033006594383601
1774172193336,2026-03-22 09:36:33.336,68673.0,0.00132,A,90.64836,842281390384928
1774172194756,2026-03-22 09:36:34.756,68674.0,0.00025,B,17.1685,25822362438495
1774172194957,2026-03-22 09:36:34.957,68673.0,0.00074,A,50.81802,366612274728814
1774172195036,2026-03-22 09:36:35.036,68673.0,0.00142,A,97.51566,145883049397508
1774172196250,2026-03-22 09:36:36.250,68673.0,0.00017,A,11.67441,316550715961531
1774172196250,2026-03-22 09:36:36.250,68673.0,0.00029,A,19.91517,71537620638899
1774172196250,2026-03-22 09:36:36.250,68673.0,0.10003,A,6869.360189999999,753778924905322
1774172196250,2026-03-22 09:36:36.250,68673.0,0.06868,A,4716.46164,445639039193591
1774172196250,2026-03-22 09:36:36.250,68673.0,0.00218,A,149.70714,408543071718145
1774172196250,2026-03-22 09:36:36.250,68673.0,0.0024,A,164.81519999999998,436415818141063
1774172196250,2026-03-22 09:36:36.250,68672.0,0.00017,A,11.674240000000001,373064360585198
1774172196250,2026-03-22 09:36:36.250,68672.0,0.00015,A,10.300799999999999,851044961862368
1774172196250,2026-03-22 09:36:36.250,68671.0,0.00017,A,11.67407,133760747604832
1774172197062,2026-03-22 09:36:37.062,68669.0,0.00017,A,11.67373,830807815386474
1774172197062,2026-03-22 09:36:37.062,68669.0,0.00015,A,10.30035,392362851223622
1774172198042,2026-03-22 09:36:38.042,68669.0,0.00016,B,10.98704,510610898053449
1774172199045,2026-03-22 09:36:39.045,68669.0,0.00161,B,110.55709,761451144085139
1774172200492,2026-03-22 09:36:40.492,68669.0,0.20823,B,14298.94587,1107502930296323
1774172200492,2026-03-22 09:36:40.492,68669.0,0.02272,B,1560.15968,692745924075364
1774172201002,2026-03-22 09:36:41.002,68668.0,0.00018,A,12.360240000000001,563877610885446
1774172201291,2026-03-22 09:36:41.291,68669.0,0.00018,B,12.360420000000001,763259789553237
1774172201777,2026-03-22 09:36:41.777,68668.0,0.0002,A,13.733600000000001,109429413555224
1774172201843,2026-03-22 09:36:41.843,68669.0,0.00187,B,128.41102999999998,252944415861503
1774172204054,2026-03-22 09:36:44.054,68668.0,0.00415,A,284.9722,616788569508782
1774172204117,2026-03-22 09:36:44.117,68668.0,0.00018,A,12.360240000000001,561900835746265
1774172204275,2026-03-22 09:36:44.275,68668.0,0.0022,A,151.0696,133044273167276
1774172209028,2026-03-22 09:36:49.028,68668.0,0.00055,A,37.7674,340164207117001
1774172209237,2026-03-22 09:36:49.237,68668.0,0.03395,A,2331.2786,630716491517927
1774172209642,2026-03-22 09:36:49.642,68669.0,6e-05,B,4.12014,921641857241994
1774172210192,2026-03-22 09:36:50.192,68668.0,0.02053,A,1409.75404,351309191599814
1774172212160,2026-03-22 09:36:52.160,68672.0,0.0002,B,13.7344,642602337277969
1774172212160,2026-03-22 09:36:52.160,68672.0,0.00017,B,11.674240000000001,661996536857353
1774172212160,2026-03-22 09:36:52.160,68673.0,0.02033,B,1396.12209,439607036678641
1774172212971,2026-03-22 09:36:52.971,68673.0,0.00879,B,603.6356699999999,641784735598425
1774172212971,2026-03-22 09:36:52.971,68673.0,0.00017,B,11.67441,747710722116206
1774172212971,2026-03-22 09:36:52.971,68674.0,0.00017,B,11.67458,782722845660259
1774172212971,2026-03-22 09:36:52.971,68674.0,2e-05,B,1.37348,168117326201398
1774172213278,2026-03-22 09:36:53.278,68674.0,0.00013,B,8.92762,384513979923340
1774172213278,2026-03-22 09:36:53.278,68675.0,0.00042,B,28.843500000000002,209909170519959
1774172213278,2026-03-22 09:36:53.278,68675.0,0.00017,B,11.674750000000001,633682948968351
1774172213278,2026-03-22 09:36:53.278,68675.0,0.00034,B,23.349500000000003,343322992774956
1774172213278,2026-03-22 09:36:53.278,68675.0,0.01724,B,1183.9569999999999,215657815360000
1774172214039,2026-03-22 09:36:54.039,68674.0,0.05564,A,3821.02136,308885638989518
1774172214098,2026-03-22 09:36:54.098,68675.0,0.00201,B,138.03675,400503792355016
1774172214098,2026-03-22 09:36:54.098,68675.0,2e-05,B,1.3735000000000002,413750299887926
1774172214712,2026-03-22 09:36:54.712,68675.0,0.00016,B,10.988000000000001,464638049040644
1774172214712,2026-03-22 09:36:54.712,68675.0,0.00017,B,11.674750000000001,898996037521550
1774172214784,2026-03-22 09:36:54.784,68676.0,0.00017,B,11.67492,33972118976225
1774172214784,2026-03-22 09:36:54.784,68676.0,0.00017,B,11.67492,940719861402879
1774172214784,2026-03-22 09:36:54.784,68677.0,0.00017,B,11.67509,859851956742260
1774172214784,2026-03-22 09:36:54.784,68677.0,0.00042,B,28.844340000000003,223299918380759
1774172214914,2026-03-22 09:36:54.914,68678.0,0.00017,B,11.675260000000002,799582708689853
1774172217009,2026-03-22 09:36:57.009,68679.0,0.003,B,206.037,48537845175272
1774172217009,2026-03-22 09:36:57.009,68679.0,0.02463,B,1691.56377,805979777823692
1774172217009,2026-03-22 09:36:57.009,68679.0,0.00017,B,11.67543,909819651291461
1774172217009,2026-03-22 09:36:57.009,68680.0,0.00017,B,11.675600000000001,554804182186387
1774172217009,2026-03-22 09:36:57.009,68680.0,0.00017,B,11.675600000000001,594076542139263
1774172217009,2026-03-22 09:36:57.009,68680.0,0.00015,B,10.302,315357286701710
1774172217009,2026-03-22 09:36:57.009,68681.0,0.00017,B,11.67577,263123767582656
1774172217009,2026-03-22 09:36:57.009,68682.0,0.00017,B,11.67594,388250939650710
1774172217009,2026-03-22 09:36:57.009,68682.0,0.00015,B,10.302299999999999,244220106273832
1774172217009,2026-03-22 09:36:57.009,68683.0,0.00017,B,11.676110000000001,100506104452760
1774172217009,2026-03-22 09:36:57.009,68683.0,0.00017,B,11.676110000000001,714956057701573
1774172217009,2026-03-22 09:36:57.009,68684.0,0.00017,B,11.67628,598806856891499
1774172217009,2026-03-22 09:36:57.009,68684.0,0.02911,B,1999.39124,1091354759696985
1774172217009,2026-03-22 09:36:57.009,68685.0,0.00017,B,11.67645,674911742848783
1774172217009,2026-03-22 09:36:57.009,68685.0,0.00022,B,15.110700000000001,869766542630123
1774172217009,2026-03-22 09:36:57.009,68686.0,0.00017,B,11.676620000000002,554791437815727
1774172217009,2026-03-22 09:36:57.009,68686.0,0.01042,B,715.70812,763635800582097
1774172218097,2026-03-22 09:36:58.097,68685.0,5e-05,A,3.43425,931230556448907
1774172220282,2026-03-22 09:37:00.282,68680.0,0.003,A,206.04,784567776667539
1774172221033,2026-03-22 09:37:01.033,68679.0,0.00238,A,163.45602000000002,414392623250976
1774172223012,2026-03-22 09:37:03.012,68679.0,0.00017,A,11.67543,388734403323440
1774172223012,2026-03-22 09:37:03.012,68678.0,0.00011,A,7.5545800000000005,719076761470213
1774172223758,2026-03-22 09:37:03.758,68679.0,0.05306,B,3644.1077400000004,525473018426045
1774172223758,2026-03-22 09:37:03.758,68679.0,0.08997,B,6179.0496299999995,899170418569262
1774172223758,2026-03-22 09:37:03.758,68679.0,0.05427,B,3727.20933,534832746925021
1774172224089,2026-03-22 09:37:04.089,68678.0,6e-05,A,4.12068,25328452425288
1774172224089,2026-03-22 09:37:04.089,68678.0,0.00136,A,93.40208000000001,935278610275786
1774172226399,2026-03-22 09:37:06.399,68678.0,0.0003,A,20.603399999999997,267498374833404
1774172226935,2026-03-22 09:37:06.935,68679.0,0.05004,B,3436.69716,273118002518749
1774172228138,2026-03-22 09:37:08.138,68680.0,0.00017,B,11.675600000000001,344397682515861
1774172228138,2026-03-22 09:37:08.138,68681.0,0.00017,B,11.67577,1010362342504895
1774172228138,2026-03-22 09:37:08.138,68682.0,0.00017,B,11.67594,349609795030501
1774172228138,2026-03-22 09:37:08.138,68683.0,0.00017,B,11.676110000000001,93082322308230
1774172228138,2026-03-22 09:37:08.138,68683.0,0.00017,B,11.676110000000001,795050873451368
1774172228138,2026-03-22 09:37:08.138,68683.0,0.00319,B,219.09877,456048474332919
1774172229085,2026-03-22 09:37:09.085,68683.0,0.00162,B,111.26646,955752198371995
1774172229688,2026-03-22 09:37:09.688,68683.0,0.0243,B,1668.9968999999999,1089971107956957
1774172229688,2026-03-22 09:37:09.688,68683.0,0.00017,B,11.676110000000001,25514453696292
1774172229688,2026-03-22 09:37:09.688,68684.0,0.003,B,206.052,803032848228951
1774172229688,2026-03-22 09:37:09.688,68684.0,0.00017,B,11.67628,398841740661163
1774172229688,2026-03-22 09:37:09.688,68685.0,0.03022,B,2075.6607,187495358043900
1774172230090,2026-03-22 09:37:10.090,68685.0,0.00068,B,46.7058,610164598314479
1774172231097,2026-03-22 09:37:11.097,68684.0,0.00018,A,12.36312,1086434200075131
1774172231499,2026-03-22 09:37:11.499,68685.0,0.00029,B,19.91865,552575465428359
1774172234000,2026-03-22 09:37:14.000,68684.0,0.00416,A,285.72544,999508388996782
1774172235871,2026-03-22 09:37:15.871,68685.0,0.00016,B,10.989600000000001,146312188497137
1774172236811,2026-03-22 09:37:16.811,68686.0,0.00017,B,11.676620000000002,286628890906362
1774172236811,2026-03-22 09:37:16.811,68686.0,0.0002,B,13.737200000000001,841655999620701
1774172236811,2026-03-22 09:37:16.811,68687.0,0.00017,B,11.67679,345618814027434
1774172236811,2026-03-22 09:37:16.811,68687.0,0.0003,B,20.606099999999998,68962909165814
1774172236811,2026-03-22 09:37:16.811,68687.0,0.00017,B,11.67679,367834453565867
1774172236811,2026-03-22 09:37:16.811,68688.0,0.00017,B,11.676960000000001,291289520869400
1774172237074,2026-03-22 09:37:17.074,68689.0,0.00017,B,11.67713,689875507072254
1774172237609,2026-03-22 09:37:17.609,68690.0,0.003,B,206.07,715732610769488
1774172237609,2026-03-22 09:37:17.609,68691.0,0.00017,B,11.677470000000001,558070516656352
1774172237609,2026-03-22 09:37:17.609,68691.0,0.00017,B,11.677470000000001,423637907083347
1774172238678,2026-03-22 09:37:18.678,68693.0,0.00017,B,11.677810000000001,1109390105404226
1774172238678,2026-03-22 09:37:18.678,68693.0,0.003,B,206.079,477775462313430
1774172238678,2026-03-22 09:37:18.678,68693.0,0.0002,B,13.7386,423871918927930
1774172238678,2026-03-22 09:37:18.678,68694.0,0.00017,B,11.677980000000002,955274490902629
1774172238678,2026-03-22 09:37:18.678,68694.0,0.00017,B,11.677980000000002,21532630720324
1774172238678,2026-03-22 09:37:18.678,68695.0,0.00017,B,11.67815,199257603325048
1774172238678,2026-03-22 09:37:18.678,68696.0,0.00015,B,10.3044,782073769321567
1774172238678,2026-03-22 09:37:18.678,68696.0,0.00017,B,11.678320000000001,1016832344603328
1774172238678,2026-03-22 09:37:18.678,68696.0,0.00015,B,10.3044,56865022972668
1774172238678,2026-03-22 09:37:18.678,68696.0,0.00015,B,10.3044,598727100122252
1774172238678,2026-03-22 09:37:18.678,68696.0,0.00017,B,11.678320000000001,214692760676106
1774172238678,2026-03-22 09:37:18.678,68697.0,0.01164,B,799.63308,618138585134994
1774172238678,2026-03-22 09:37:18.678,68697.0,0.00017,B,11.67849,961225285460220
1774172238678,2026-03-22 09:37:18.678,68697.0,0.39259,B,26969.75523,86603071190159
1774172238678,2026-03-22 09:37:18.678,68697.0,0.00018,B,12.36546,1064047970548409
1774172238678,2026-03-22 09:37:18.678,68698.0,0.001,B,68.69800000000001,140281746990136
1774172238678,2026-03-22 09:37:18.678,68698.0,0.00017,B,11.67866,364825773985054
1774172238678,2026-03-22 09:37:18.678,68699.0,0.00015,B,10.304849999999998,767362333129988
1774172238678,2026-03-22 09:37:18.678,68699.0,0.00017,B,11.678830000000001,194867257741698
1774172238678,2026-03-22 09:37:18.678,68699.0,0.16826,B,11559.29374,825655070954561
1774172238678,2026-03-22 09:37:18.678,68700.0,0.01,B,687.0,665328714148180
1774172238678,2026-03-22 09:37:18.678,68700.0,0.14266,B,9800.742,181474212487762
1774172238678,2026-03-22 09:37:18.678,68700.0,0.01458,B,1001.646,944871201244631
1774172238678,2026-03-22 09:37:18.678,68700.0,0.00017,B,11.679,201591152171160
1774172238678,2026-03-22 09:37:18.678,68700.0,0.21837,B,15002.019,235721039171876
1774172238678,2026-03-22 09:37:18.678,68700.0,0.04009,B,2754.183,898634242275827
1774172238678,2026-03-22 09:37:18.678,68700.0,0.003,B,206.1,854595674456245
1774172238678,2026-03-22 09:37:18.678,68700.0,0.00015,B,10.305,999750893902907
1774172238678,2026-03-22 09:37:18.678,68700.0,0.50952,B,35004.024,262175414431002
1774172238678,2026-03-22 09:37:18.678,68700.0,0.05665,B,3891.855,480373634786915
1774172238678,2026-03-22 09:37:18.678,68700.0,0.40261,B,27659.307,789923563472414
1774172238678,2026-03-22 09:37:18.678,68701.0,0.0041,B,281.6741,318756607455965
1774172238678,2026-03-22 09:37:18.678,68701.0,0.00015,B,10.30515,865788234488354
1774172238678,2026-03-22 09:37:18.678,68701.0,0.17123,B,11763.67223,471134016452255
1774172239087,2026-03-22 09:37:19.087,68700.0,0.0004,A,27.48,437932480713207
1774172240490,2026-03-22 09:37:20.490,68701.0,0.00045,B,30.91545,103254788105515
1774172243539,2026-03-22 09:37:23.539,68701.0,0.00542,B,372.35942,718535667337638
1774172243926,2026-03-22 09:37:23.926,68701.0,0.00435,B,298.84934999999996,326051608698680
1774172244050,2026-03-22 09:37:24.050,68700.0,0.02863,A,1966.8809999999999,772525151726818
1774172244472,2026-03-22 09:37:24.472,68700.0,0.00435,A,298.84499999999997,744343731598608
1774172247083,2026-03-22 09:37:27.083,68701.0,0.06938,B,4766.47538,446650015535038
1774172247135,2026-03-22 09:37:27.135,68700.0,0.01,A,687.0,153091130976262
1774172248090,2026-03-22 09:37:28.090,68701.0,0.1585,B,10889.1085,191986694296748
1774172251024,2026-03-22 09:37:31.024,68700.0,0.00238,A,163.506,60689732573169
1774172251301,2026-03-22 09:37:31.301,68701.0,0.00032,B,21.98432,1111594675012997
1774172253028,2026-03-22 09:37:33.028,68700.0,0.00029,A,19.923000000000002,676187195155329
1774172253028,2026-03-22 09:37:33.028,68700.0,0.00018,A,12.366000000000001,1089301317647193
1774172254516,2026-03-22 09:37:34.516,68700.0,0.02324,A,1596.588,62933524572787
1774172255047,2026-03-22 09:37:35.047,68700.0,0.00142,A,97.554,947020569222244
1774172255123,2026-03-22 09:37:35.123,68701.0,0.00034,B,23.358340000000002,1125487675582339
1774172255123,2026-03-22 09:37:35.123,68701.0,0.00202,B,138.77602000000002,447966575786053
1774172255978,2026-03-22 09:37:35.978,68700.0,0.00016,A,10.992,1030529196613439
1774172256525,2026-03-22 09:37:36.525,68700.0,0.00236,A,162.132,395772366819442
1774172256579,2026-03-22 09:37:36.579,68701.0,0.001,B,68.70100000000001,1119964481601797
1774172257985,2026-03-22 09:37:37.985,68700.0,0.00436,A,299.53200000000004,11313237180797
1774172258062,2026-03-22 09:37:38.062,68701.0,0.00016,B,10.99216,826697883737191
1774172258587,2026-03-22 09:37:38.587,68701.0,0.00055,B,37.78555,803663787728907
1774172259001,2026-03-22 09:37:39.001,68701.0,0.00162,B,111.29562,643269917621051
1774172261022,2026-03-22 09:37:41.022,68700.0,0.00018,A,12.366000000000001,979487366972137
1774172263372,2026-03-22 09:37:43.372,68701.0,0.04238,B,2911.54838,142929415557685
1774172263442,2026-03-22 09:37:43.442,68701.0,0.00451,B,309.84151,276124260793176
1774172264041,2026-03-22 09:37:44.041,68700.0,0.00416,A,285.792,874981743802926
1774172264459,2026-03-22 09:37:44.459,68701.0,0.02678,B,1839.8127800000002,921340996963882
1774172264761,2026-03-22 09:37:44.761,68700.0,0.00451,A,309.837,984262232248313
1774172268636,2026-03-22 09:37:48.636,68700.0,0.0027,A,185.49,931483234537630
1774172269061,2026-03-22 09:37:49.061,68700.0,0.00058,A,39.846000000000004,543461027225151
1774172269739,2026-03-22 09:37:49.739,68702.0,0.00017,B,11.679340000000002,10334563328851
1774172269739,2026-03-22 09:37:49.739,68702.0,0.00017,B,11.679340000000002,177587067751180
1774172269739,2026-03-22 09:37:49.739,68702.0,0.0002,B,13.740400000000001,755728846273841
1774172269739,2026-03-22 09:37:49.739,68703.0,0.00017,B,11.67951,519813387165658
1774172269739,2026-03-22 09:37:49.739,68703.0,0.00299,B,205.42197000000002,194023701710424
1774172270684,2026-03-22 09:37:50.684,68703.0,1e-05,B,0.68703,1098872117952020
1774172270684,2026-03-22 09:37:50.684,68703.0,0.02911,B,1999.94433,416550635487356
1774172270684,2026-03-22 09:37:50.684,68703.0,0.01455,B,999.62865,1100472149048567
1774172270684,2026-03-22 09:37:50.684,68704.0,0.00015,B,10.305599999999998,823525165801846
1774172270684,2026-03-22 09:37:50.684,68704.0,0.00357,B,245.27328,678987296438710
1774172270684,2026-03-22 09:37:50.684,68704.0,0.01018,B,699.40672,553138954086233
1774172270684,2026-03-22 09:37:50.684,68705.0,0.00037,B,25.420849999999998,918310455999558
1774172270684,2026-03-22 09:37:50.684,68705.0,0.00017,B,11.67985,820665949778195
1774172270684,2026-03-22 09:37:50.684,68705.0,0.00017,B,11.67985,532799781436490
1774172270684,2026-03-22 09:37:50.684,68705.0,0.04073,B,2798.35465,912225357362896
1774172270684,2026-03-22 09:37:50.684,68705.0,0.04655,B,3198.2177500000003,904963024375700
1774172271685,2026-03-22 09:37:51.685,68705.0,0.26925,B,18498.82125,174622873556521
1774172271685,2026-03-22 09:37:51.685,68705.0,0.46707,B,32090.04435,423760453602409
1774172271685,2026-03-22 09:37:51.685,68705.0,0.07524,B,5169.3642,1020396903362093
1774172271685,2026-03-22 09:37:51.685,68705.0,0.36975,B,25403.67375,96096162303861
1774172271685,2026-03-22 09:37:51.685,68705.0,0.07239,B,4973.55495,953428321711073
1774172271685,2026-03-22 09:37:51.685,68705.0,0.00456,B,313.2948,236940953771656
1774172271685,2026-03-22 09:37:51.685,68705.0,0.13755,B,9450.37275,211340086377979
1774172271685,2026-03-22 09:37:51.685,68705.0,0.00017,B,11.67985,979522291261441
1774172271685,2026-03-22 09:37:51.685,68705.0,0.09156,B,6290.629800000001,23992356132453
1774172271685,2026-03-22 09:37:51.685,68705.0,0.0291,B,1999.3155000000002,279717955001963
1774172271685,2026-03-22 09:37:51.685,68705.0,0.08358,B,5742.3639,974928041268571
1774172271685,2026-03-22 09:37:51.685,68705.0,0.01018,B,699.4168999999999,678707099962597
1774172271685,2026-03-22 09:37:51.685,68705.0,0.12947,B,8895.23635,462537311378846
1774172271685,2026-03-22 09:37:51.685,68705.0,0.0235,B,1614.5675,866160853135839
1774172272286,2026-03-22 09:37:52.286,68704.0,0.03692,A,2536.55168,299832677330814
1774172273555,2026-03-22 09:37:53.555,68706.0,0.00017,B,11.68002,246936420293182
1774172273555,2026-03-22 09:37:53.555,68707.0,0.00018,B,12.36726,830363920880956
1774172273555,2026-03-22 09:37:53.555,68707.0,0.00015,B,10.306049999999999,264445807273700
1774172273555,2026-03-22 09:37:53.555,68707.0,0.00017,B,11.680190000000001,605539449743045
1774172273555,2026-03-22 09:37:53.555,68708.0,0.00015,B,10.306199999999999,473787324380529
1774172273555,2026-03-22 09:37:53.555,68708.0,0.00017,B,11.68036,229288478579488
1774172273555,2026-03-22 09:37:53.555,68709.0,0.00017,B,11.680530000000001,224067965627182
1774172273555,2026-03-22 09:37:53.555,68709.0,0.00017,B,11.680530000000001,779581318477322
1774172273555,2026-03-22 09:37:53.555,68709.0,0.00466,B,320.18394,1034758533114620
1774172273646,2026-03-22 09:37:53.646,68709.0,0.00316,B,217.12044,632088913709141
1774172274051,2026-03-22 09:37:54.051,68708.0,0.04072,A,2797.78976,799384293371076
1774172274499,2026-03-22 09:37:54.499,68709.0,0.00236,B,162.15324,328941969553026
1774172274499,2026-03-22 09:37:54.499,68709.0,2e-05,B,1.3741800000000002,644344420096162
1774172274970,2026-03-22 09:37:54.970,68708.0,0.00599,A,411.56091999999995,218929325430756
1774172275295,2026-03-22 09:37:55.295,68709.0,0.00146,B,100.31514,550518837400090
1774172277129,2026-03-22 09:37:57.129,68709.0,0.06938,B,4767.03042,338476251870944
1774172277129,2026-03-22 09:37:57.129,68708.0,0.0005,A,34.354,799204340680646
1774172280468,2026-03-22 09:38:00.468,68708.0,0.00022,A,15.11576,395241947518928
1774172280468,2026-03-22 09:38:00.468,68708.0,0.00022,A,15.11576,992747885445835
1774172281072,2026-03-22 09:38:01.072,68708.0,0.00238,A,163.52504000000002,155732146247318
1774172281870,2026-03-22 09:38:01.870,68709.0,0.00237,B,162.84033000000002,90424350160056
1774172283068,2026-03-22 09:38:03.068,68708.0,0.00029,A,19.92532,573266068538836
1774172283068,2026-03-22 09:38:03.068,68708.0,0.00018,A,12.36744,1073922437522492
1774172283586,2026-03-22 09:38:03.586,68708.0,0.00237,A,162.83796,808113899994608
1774172284087,2026-03-22 09:38:04.087,68708.0,0.00142,A,97.56536,130301494651276
1774172284713,2026-03-22 09:38:04.713,68710.0,0.00017,B,11.680700000000002,1100838117042486
1774172284713,2026-03-22 09:38:04.713,68710.0,0.0002,B,13.742,407097276625787
1774172284713,2026-03-22 09:38:04.713,68711.0,0.001,B,68.711,380016104276840
1774172284713,2026-03-22 09:38:04.713,68711.0,0.00017,B,11.68087,1116616096095762
1774172284713,2026-03-22 09:38:04.713,68711.0,0.003,B,206.133,380442158302700
1774172284713,2026-03-22 09:38:04.713,68712.0,0.00017,B,11.681040000000001,347531005023728
1774172284713,2026-03-22 09:38:04.713,68713.0,0.00017,B,11.68121,338661569670403
1774172284713,2026-03-22 09:38:04.713,68713.0,0.00017,B,11.68121,539527249112488
1774172284713,2026-03-22 09:38:04.713,68714.0,0.00017,B,11.68138,623427646522825
1774172284713,2026-03-22 09:38:04.713,68714.0,0.00017,B,11.68138,40581032487577
1774172285417,2026-03-22 09:38:05.417,68715.0,0.00044,B,30.2346,205876779100268
1774172285604,2026-03-22 09:38:05.604,68715.0,0.00186,B,127.80990000000001,596987598087291
1774172285983,2026-03-22 09:38:05.983,68715.0,0.00022,B,15.1173,111491251484834
1774172286491,2026-03-22 09:38:06.491,68715.0,0.00017,B,11.681550000000001,484859507189466
1774172286491,2026-03-22 09:38:06.491,68716.0,0.00015,B,10.3074,185126517332644
1774172286491,2026-03-22 09:38:06.491,68716.0,0.00017,B,11.68172,336231935558709
1774172286491,2026-03-22 09:38:06.491,68716.0,0.00017,B,11.68172,922599218158017
1774172286491,2026-03-22 09:38:06.491,68716.0,0.00015,B,10.3074,16267966307614
1774172286491,2026-03-22 09:38:06.491,68717.0,0.00015,B,10.307549999999999,685350625643388
1774172286491,2026-03-22 09:38:06.491,68717.0,0.00015,B,10.307549999999999,287908524746158
1774172286491,2026-03-22 09:38:06.491,68717.0,0.00017,B,11.681890000000001,654320172285597
1774172286491,2026-03-22 09:38:06.491,68717.0,0.03143,B,2159.77531,465975023265792
1774172286491,2026-03-22 09:38:06.491,68717.0,0.00017,B,11.681890000000001,907609280287919
1774172286491,2026-03-22 09:38:06.491,68718.0,0.00017,B,11.682060000000002,772787379600203
1774172286491,2026-03-22 09:38:06.491,68718.0,0.23442,B,16108.87356,398390102413673
1774172286491,2026-03-22 09:38:06.491,68718.0,0.03723,B,2558.3711399999997,753281664985734
1774172286491,2026-03-22 09:38:06.491,68719.0,0.00017,B,11.68223,954195152129174
1774172287206,2026-03-22 09:38:07.206,68720.0,0.00035,B,24.052,100365186777006
1774172287206,2026-03-22 09:38:07.206,68720.0,0.003,B,206.16,1023905001952315
1774172287206,2026-03-22 09:38:07.206,68721.0,0.00017,B,11.68257,956450674010330
1774172287206,2026-03-22 09:38:07.206,68721.0,0.00015,B,10.30815,128241106248327
1774172288011,2026-03-22 09:38:08.011,68722.0,0.00016,B,10.99552,503116622940993
1774172288088,2026-03-22 09:38:08.088,68722.0,0.01172,B,805.42184,1045745970958513
1774172288088,2026-03-22 09:38:08.088,68722.0,0.00017,B,11.68274,588190229196095
1774172288088,2026-03-22 09:38:08.088,68723.0,0.00015,B,10.308449999999999,456375691582141
1774172288088,2026-03-22 09:38:08.088,68723.0,0.00017,B,11.682910000000001,112887985231479
1774172288088,2026-03-22 09:38:08.088,68723.0,0.00017,B,11.682910000000001,645185193629911
1774172288088,2026-03-22 09:38:08.088,68724.0,0.00015,B,10.308599999999998,992023922295953
1774172288088,2026-03-22 09:38:08.088,68724.0,0.00017,B,11.68308,364823940659518
1774172288088,2026-03-22 09:38:08.088,68724.0,0.0003,B,20.617199999999997,136349526064321
1774172288088,2026-03-22 09:38:08.088,68725.0,0.00017,B,11.683250000000001,121777964887979
1774172288088,2026-03-22 09:38:08.088,68725.0,0.00022,B,15.1195,927709166054531
1774172288088,2026-03-22 09:38:08.088,68725.0,0.003,B,206.175,200642716353042
1774172288088,2026-03-22 09:38:08.088,68726.0,0.00017,B,11.683420000000002,472337883067741
1774172288088,2026-03-22 09:38:08.088,68727.0,0.00017,B,11.68359,816428710507682
1774172288088,2026-03-22 09:38:08.088,68727.0,0.00017,B,11.68359,688597436724400
1774172288088,2026-03-22 09:38:08.088,68728.0,0.00018,B,12.37104,580922404363635
1774172288088,2026-03-22 09:38:08.088,68728.0,0.00015,B,10.309199999999999,177658983308770
1774172288088,2026-03-22 09:38:08.088,68728.0,0.00015,B,10.309199999999999,855248605479054
1774172288088,2026-03-22 09:38:08.088,68728.0,0.00017,B,11.683760000000001,455506065497161
1774172288241,2026-03-22 09:38:08.241,68729.0,0.00017,B,11.68393,605659193524556
1774172288241,2026-03-22 09:38:08.241,68729.0,0.00111,B,76.28919,524776831402319
1774172288913,2026-03-22 09:38:08.913,68728.0,0.00018,A,12.37104,526810698397525
1774172288913,2026-03-22 09:38:08.913,68728.0,0.00023,A,15.80744,253209654508159
1774172289060,2026-03-22 09:38:09.060,68729.0,0.00162,B,111.34097999999999,339669225470653
1774172289613,2026-03-22 09:38:09.613,68729.0,0.00317,B,217.87093000000002,1118561742251859
1774172290105,2026-03-22 09:38:10.105,68729.0,0.00058,B,39.86282,150192779439359
1774172290615,2026-03-22 09:38:10.615,68729.0,0.00088,B,60.48152,484455829506619
1774172290615,2026-03-22 09:38:10.615,68729.0,0.00017,B,11.68393,341355279444640
1774172290615,2026-03-22 09:38:10.615,68729.0,0.00146,B,100.34433999999999,1013384336930224
1774172290615,2026-03-22 09:38:10.615,68730.0,0.00017,B,11.6841,102830978281694
1774172290615,2026-03-22 09:38:10.615,68730.0,0.00078,B,53.6094,916339110072689
1774172290869,2026-03-22 09:38:10.869,68730.0,0.00022,B,15.120600000000001,52784359821574
1774172290869,2026-03-22 09:38:10.869,68730.0,0.00017,B,11.6841,615834652838611
1774172290869,2026-03-22 09:38:10.869,68731.0,0.00015,B,10.30965,980137713032242
1774172290869,2026-03-22 09:38:10.869,68731.0,0.00017,B,11.684270000000001,12312858069912
1774172290869,2026-03-22 09:38:10.869,68731.0,0.00017,B,11.684270000000001,431015372934544
1774172290869,2026-03-22 09:38:10.869,68732.0,0.001,B,68.732,378217802923633
1774172290869,2026-03-22 09:38:10.869,68732.0,0.00017,B,11.68444,520476646117071
1774172290869,2026-03-22 09:38:10.869,68732.0,0.003,B,206.196,587505021463866
1774172290869,2026-03-22 09:38:10.869,68733.0,0.00146,B,100.35018,1122836733202039
1774172290869,2026-03-22 09:38:10.869,68733.0,0.00017,B,11.684610000000001,598137861097056
1774172290869,2026-03-22 09:38:10.869,68734.0,0.00017,B,11.684780000000002,430691242120258
1774172290869,2026-03-22 09:38:10.869,68734.0,0.00017,B,11.684780000000002,239859037459846
1774172290869,2026-03-22 09:38:10.869,68734.0,0.01016,B,698.33744,725303959954121
1774172291065,2026-03-22 09:38:11.065,68733.0,0.00017,A,11.684610000000001,1011588479469349
1774172291743,2026-03-22 09:38:11.743,68733.0,0.00018,A,12.37194,180859686772650
1774172291877,2026-03-22 09:38:11.877,68732.0,0.00015,A,10.3098,740540039695116
1774172291877,2026-03-22 09:38:11.877,68729.0,0.00331,A,227.49299,177753225495382
1774172292827,2026-03-22 09:38:12.827,68729.0,0.00017,A,11.68393,285750068652577
1774172293207,2026-03-22 09:38:13.207,68728.0,0.003,A,206.184,771527271878575
1774172293207,2026-03-22 09:38:13.207,68728.0,0.00017,A,11.683760000000001,518825618186667
1774172293207,2026-03-22 09:38:13.207,68728.0,0.00015,A,10.309199999999999,432613026746993
1774172293207,2026-03-22 09:38:13.207,68727.0,0.00017,A,11.68359,89428860118154
1774172293207,2026-03-22 09:38:13.207,68726.0,0.00017,A,11.683420000000002,150953419276790
1774172293207,2026-03-22 09:38:13.207,68726.0,0.00021,A,14.43246,907649962542399
1774172293482,2026-03-22 09:38:13.482,68725.0,0.00017,A,11.683250000000001,18232577858214
1774172293482,2026-03-22 09:38:13.482,68725.0,0.00015,A,10.30875,563461331643032
1774172293482,2026-03-22 09:38:13.482,68724.0,0.00017,A,11.68308,347649755332516
1774172294079,2026-03-22 09:38:14.079,68723.0,0.003,A,206.169,62664234816160
1774172294079,2026-03-22 09:38:14.079,68723.0,0.00017,A,11.682910000000001,501553649535830
1774172294079,2026-03-22 09:38:14.079,68723.0,0.00099,A,68.03577,328412344176892
1774172294079,2026-03-22 09:38:14.079,68723.0,0.00451,A,309.94073000000003,14951035777461
1774172294218,2026-03-22 09:38:14.218,68722.0,0.00017,A,11.68274,670232997641949
1774172294218,2026-03-22 09:38:14.218,68722.0,0.00013,A,8.93386,1121033632675937
1774172295089,2026-03-22 09:38:15.089,68722.0,0.00146,A,100.33412,809958856997950
1774172296961,2026-03-22 09:38:16.961,68721.0,0.00017,A,11.68257,418045897708001
1774172296961,2026-03-22 09:38:16.961,68721.0,0.00015,A,10.30815,470769966750548
1774172296961,2026-03-22 09:38:16.961,68720.0,0.00017,A,11.682400000000001,1121920369559476
1774172296961,2026-03-22 09:38:16.961,68720.0,0.00055,A,37.796,555350287017139
1774172299090,2026-03-22 09:38:19.090,68719.0,0.00017,A,11.68223,201493655611092
1774172299090,2026-03-22 09:38:19.090,68719.0,0.00029,A,19.92851,320315798232770
1774172299696,2026-03-22 09:38:19.696,68719.0,0.00466,A,320.23054,937321310906670
1774172301207,2026-03-22 09:38:21.207,68720.0,0.00466,B,320.2352,355543672855120
1774172302732,2026-03-22 09:38:22.732,68719.0,6e-05,A,4.12314,49473875237272
1774172302817,2026-03-22 09:38:22.817,68720.0,0.00684,B,470.0448,971464458020878
1774172302817,2026-03-22 09:38:22.817,68720.0,0.01386,B,952.4592,936492848242364
1774172303337,2026-03-22 09:38:23.337,68719.0,0.02144,A,1473.33536,267829269177867
1774172303636,2026-03-22 09:38:23.636,68719.0,0.0013,A,89.3347,705614887604211
1774172304025,2026-03-22 09:38:24.025,68719.0,0.04597,A,3159.0124299999998,321725575467504
1774172306560,2026-03-22 09:38:26.560,68720.0,0.0011,B,75.592,343179043581641
1774172306640,2026-03-22 09:38:26.640,68719.0,0.00017,A,11.68223,602721744620115
1774172306838,2026-03-22 09:38:26.838,68718.0,0.00017,A,11.682060000000002,892222977254319
1774172306838,2026-03-22 09:38:26.838,68718.0,0.00015,A,10.307699999999999,846550477758986
1774172306838,2026-03-22 09:38:26.838,68717.0,0.00017,A,11.681890000000001,121644359159144
1774172306838,2026-03-22 09:38:26.838,68717.0,0.00017,A,11.681890000000001,757002798717670
1774172306838,2026-03-22 09:38:26.838,68717.0,0.00015,A,10.307549999999999,42502740729949
1774172306962,2026-03-22 09:38:26.962,68716.0,0.00017,A,11.68172,875221923618431
1774172306962,2026-03-22 09:38:26.962,68715.0,0.00017,A,11.681550000000001,1095598107968380
1774172306962,2026-03-22 09:38:26.962,68714.0,0.00017,A,11.68138,359263255271968
1774172306962,2026-03-22 09:38:26.962,68714.0,7e-05,A,4.8099799999999995,770211242936603
1774172307044,2026-03-22 09:38:27.044,68717.0,0.00065,B,44.66605,1067458826523963
1774172307044,2026-03-22 09:38:27.044,68717.0,0.06873,B,4722.9194099999995,689448120231106
1774172307044,2026-03-22 09:38:27.044,68714.0,0.0001,A,6.8714,1104037353522242
1774172307353,2026-03-22 09:38:27.353,68714.0,6e-05,B,4.12284,607619151095527
1774172308040,2026-03-22 09:38:28.040,68713.0,0.00017,A,11.68121,823464397647695
1774172308040,2026-03-22 09:38:28.040,68713.0,0.00211,A,144.98443,407056620528465
1774172308361,2026-03-22 09:38:28.361,68713.0,0.05665,A,3892.59145,246150386275787
1774172308361,2026-03-22 09:38:28.361,68713.0,0.00653,A,448.69589,109571930225422
1774172309310,2026-03-22 09:38:29.310,68714.0,0.00167,B,114.75238,133545251081235
1774172309310,2026-03-22 09:38:29.310,68714.0,0.00061,B,41.91554,707140567779524
1774172309439,2026-03-22 09:38:29.439,68714.0,0.01,B,687.14,134253654801007
1774172309714,2026-03-22 09:38:29.714,68714.0,0.00107,B,73.52398,866680959267297
1774172311091,2026-03-22 09:38:31.091,68713.0,0.00238,A,163.53694000000002,903231369526554
1774172312980,2026-03-22 09:38:32.980,68713.0,0.08742,A,6006.89046,109747116508507
1774172313055,2026-03-22 09:38:33.055,68713.0,0.00028,A,19.239639999999998,829056189563421
1774172313055,2026-03-22 09:38:33.055,68713.0,0.00018,A,12.368340000000002,202253632981083
1774172314039,2026-03-22 09:38:34.039,68713.0,0.00141,A,96.88533,1027020834425222
1774172315181,2026-03-22 09:38:35.181,68714.0,0.00015,B,10.307099999999998,564707004565071
1774172315382,2026-03-22 09:38:35.382,68714.0,0.00073,B,50.16122,471094541342911
1774172315629,2026-03-22 09:38:35.629,68714.0,0.00058,B,39.85412,944668980659825
1774172315629,2026-03-22 09:38:35.629,68714.0,0.00036,B,24.73704,446632588100611
1774172315629,2026-03-22 09:38:35.629,68714.0,0.00036,B,24.73704,131925513289712
1774172315629,2026-03-22 09:38:35.629,68714.0,0.00017,B,11.68138,56713186549924
1774172315629,2026-03-22 09:38:35.629,68715.0,0.00015,B,10.30725,775030910906366
1774172315629,2026-03-22 09:38:35.629,68715.0,0.00017,B,11.681550000000001,86603328162931
1774172315629,2026-03-22 09:38:35.629,68716.0,0.00017,B,11.68172,1011295502137793
1774172315629,2026-03-22 09:38:35.629,68717.0,0.00017,B,11.681890000000001,959464704380801
1774172316633,2026-03-22 09:38:36.633,68719.0,0.00228,B,156.67932,421379084935042
1774172316790,2026-03-22 09:38:36.790,68719.0,0.00072,B,49.47768000000001,842584967856219
1774172316790,2026-03-22 09:38:36.790,68719.0,0.00017,B,11.68223,984768556036077
1774172316790,2026-03-22 09:38:36.790,68719.0,0.0002,B,13.7438,905062497133551
1774172316790,2026-03-22 09:38:36.790,68720.0,0.00372,B,255.63840000000002,687955784228853
1774172316790,2026-03-22 09:38:36.790,68720.0,0.00017,B,11.682400000000001,443981540346291
1774172316790,2026-03-22 09:38:36.790,68720.0,0.00017,B,11.682400000000001,584753116110087
1774172316790,2026-03-22 09:38:36.790,68721.0,0.00017,B,11.68257,611011027089779
1774172316790,2026-03-22 09:38:36.790,68722.0,0.00017,B,11.68274,247073517806313
1774172316790,2026-03-22 09:38:36.790,68722.0,0.00018,B,12.36996,697901875424814
1774172316790,2026-03-22 09:38:36.790,68722.0,0.00244,B,167.68168,291315482409937
1774172318008,2026-03-22 09:38:38.008,68722.0,0.00016,B,10.99552,19179565956902
1774172318008,2026-03-22 09:38:38.008,68723.0,0.00017,B,11.682910000000001,1089015539182669
1774172318008,2026-03-22 09:38:38.008,68723.0,0.0002,B,13.7446,288825124990929
1774172318008,2026-03-22 09:38:38.008,68724.0,0.003,B,206.172,607677731503589
1774172318008,2026-03-22 09:38:38.008,68724.0,0.00017,B,11.68308,1080846042315816
1774172318008,2026-03-22 09:38:38.008,68725.0,0.00017,B,11.683250000000001,32972191300738
1774172318008,2026-03-22 09:38:38.008,68725.0,0.00034,B,23.366500000000002,728483292967579
1774172318334,2026-03-22 09:38:38.334,68724.0,0.00228,A,156.69072,746034752650804
1774172319018,2026-03-22 09:38:39.018,68725.0,0.00162,B,111.33449999999999,363094288755095
1774172321645,2026-03-22 09:38:41.645,68724.0,0.03,A,2061.72,969671134200705
1774172322183,2026-03-22 09:38:42.183,68724.0,0.00218,A,149.81832,254198762361156
1774172322183,2026-03-22 09:38:42.183,68725.0,1.08955,B,74879.32375,750576918434333
1774172322183,2026-03-22 09:38:42.183,68725.0,0.0291,B,1999.8975,269187538408436
1774172322183,2026-03-22 09:38:42.183,68725.0,0.00017,B,11.683250000000001,269590774272073
1774172322183,2026-03-22 09:38:42.183,68726.0,0.00018,B,12.37068,407844380385146
1774172322183,2026-03-22 09:38:42.183,68726.0,0.00017,B,11.683420000000002,709738934459092
1774172322183,2026-03-22 09:38:42.183,68726.0,0.00015,B,10.3089,323665360004870
1774172322183,2026-03-22 09:38:42.183,68727.0,0.00017,B,11.68359,754791187337424
1774172322183,2026-03-22 09:38:42.183,68727.0,0.00017,B,11.68359,215757870307744
1774172322183,2026-03-22 09:38:42.183,68727.0,0.00015,B,10.30905,469826741498312
1774172322183,2026-03-22 09:38:42.183,68728.0,0.00017,B,11.683760000000001,875680126164014
1774172322183,2026-03-22 09:38:42.183,68729.0,0.00017,B,11.68393,298166565460251
1774172322183,2026-03-22 09:38:42.183,68729.0,0.003,B,206.187,735585010479829
1774172322183,2026-03-22 09:38:42.183,68729.0,0.13111,B,9011.05919,492623654376142
1774172322183,2026-03-22 09:38:42.183,68729.0,0.08359,B,5745.05711,623906080716422
1774172322183,2026-03-22 09:38:42.183,68730.0,0.00017,B,11.6841,327870785646459
1774172322183,2026-03-22 09:38:42.183,68730.0,0.00022,B,15.120600000000001,78501934970928
1774172322183,2026-03-22 09:38:42.183,68730.0,1.09142,B,75013.2966,211557982971310
1774172322183,2026-03-22 09:38:42.183,68730.0,0.05665,B,3893.5544999999997,861933737944425
1774172322183,2026-03-22 09:38:42.183,68730.0,0.03475,B,2388.3675000000003,1088314979698191
1774172324065,2026-03-22 09:38:44.065,68729.0,0.00416,A,285.91263999999995,938500642915375
1774172324452,2026-03-22 09:38:44.452,68730.0,0.001,B,68.73,663091702352361
1774172324452,2026-03-22 09:38:44.452,68730.0,0.00152,B,104.4696,912916723422268
1774172326873,2026-03-22 09:38:46.873,68729.0,0.0024,A,164.94959999999998,1087381239383438
1774172327794,2026-03-22 09:38:47.794,68730.0,0.00017,B,11.6841,491058845156200
1774172327794,2026-03-22 09:38:47.794,68731.0,0.00017,B,11.684270000000001,330902953629823
1774172327794,2026-03-22 09:38:47.794,68731.0,0.00017,B,11.684270000000001,92420325367498
1774172327794,2026-03-22 09:38:47.794,68731.0,0.00015,B,10.30965,844603355140086
1774172327794,2026-03-22 09:38:47.794,68732.0,0.00017,B,11.68444,1109573005771268
1774172327794,2026-03-22 09:38:47.794,68732.0,0.003,B,206.196,528161832159288
1774172327794,2026-03-22 09:38:47.794,68733.0,0.00017,B,11.684610000000001,501981173605910
1774172327794,2026-03-22 09:38:47.794,68733.0,0.00015,B,10.309949999999999,364443909975540
1774172327794,2026-03-22 09:38:47.794,68734.0,0.00017,B,11.684780000000002,241724498064578
1774172327794,2026-03-22 09:38:47.794,68734.0,0.00017,B,11.684780000000002,954014501924423
1774172327794,2026-03-22 09:38:47.794,68734.0,0.00118,B,81.10612,686838414579168
1774172328090,2026-03-22 09:38:48.090,68734.0,0.0024,B,164.96159999999998,458967488688571
1774172328744,2026-03-22 09:38:48.744,68733.0,0.001,A,68.733,762080915090675
1774172328744,2026-03-22 09:38:48.744,68733.0,0.00142,A,97.60086,807841836428661
1774172329080,2026-03-22 09:38:49.080,68733.0,0.00046,A,31.61718,43296844868041
1774172329610,2026-03-22 09:38:49.610,68733.0,0.03936,A,2705.33088,473199888595360
1774172329610,2026-03-22 09:38:49.610,68733.0,0.04224,A,2903.28192,554060962101969
1774172329610,2026-03-22 09:38:49.610,68733.0,0.04224,A,2903.28192,417686753546880
1774172329610,2026-03-22 09:38:49.610,68733.0,0.04901,A,3368.6043299999997,416421206878964
1774172329610,2026-03-22 09:38:49.610,68733.0,0.04901,A,3368.6043299999997,192039527868262
1774172329610,2026-03-22 09:38:49.610,68733.0,0.41804,A,28733.143320000003,15607356310492
1774172329610,2026-03-22 09:38:49.610,68733.0,0.21,A,14433.93,560314755161054
1774172329610,2026-03-22 09:38:49.610,68733.0,0.21646,A,14877.94518,493854935741912
1774172329610,2026-03-22 09:38:49.610,68733.0,0.21,A,14433.93,968270737994422
1774172329610,2026-03-22 09:38:49.610,68733.0,0.23099,A,15876.63567,223889151706087
1774172329610,2026-03-22 09:38:49.610,68733.0,0.11312,A,7775.07696,161774222231870
1774172329610,2026-03-22 09:38:49.610,68733.0,0.10436,A,7172.97588,684028809066380
1774172329610,2026-03-22 09:38:49.610,68733.0,0.21,A,14433.93,835459813574037
1774172329610,2026-03-22 09:38:49.610,68733.0,0.18497,A,12713.54301,855612288825108
1774172329610,2026-03-22 09:38:49.610,68733.0,0.12307,A,8458.97031,562264067927617
1774172329610,2026-03-22 09:38:49.610,68733.0,0.0783,A,5381.7939,594614200381325
1774172329610,2026-03-22 09:38:49.610,68733.0,0.35,A,24056.55,19316304611860
1774172329610,2026-03-22 09:38:49.610,68733.0,0.15298,A,10514.77434,688699919803275
1774172330713,2026-03-22 09:38:50.713,68734.0,0.00028,B,19.24552,360640281061523
1774172333984,2026-03-22 09:38:53.984,68733.0,0.02077,A,1427.58441,518069433633171
1774172334037,2026-03-22 09:38:54.037,68733.0,0.04516,A,3103.9822799999997,445929350406953
1774172335738,2026-03-22 09:38:55.738,68733.0,0.0024,A,164.95919999999998,334667072876936
1774172336950,2026-03-22 09:38:56.950,68734.0,0.00145,B,99.6643,792339634302390
1774172337052,2026-03-22 09:38:57.052,68734.0,0.02378,B,1634.49452,798570675367474
1774172337052,2026-03-22 09:38:57.052,68734.0,0.00017,B,11.684780000000002,1112422563294112
1774172337052,2026-03-22 09:38:57.052,68734.0,0.00435,B,298.99289999999996,1009536193032074
1774172337052,2026-03-22 09:38:57.052,68734.0,0.04107,B,2822.90538,654390556400874
1774172337274,2026-03-22 09:38:57.274,68734.0,0.0024,B,164.96159999999998,525192649208803
1774172341150,2026-03-22 09:39:01.150,68733.0,0.00237,A,162.89721,161493699994403
1774172342578,2026-03-22 09:39:02.578,68734.0,0.00046,B,31.61764,372390303742917
1774172342904,2026-03-22 09:39:02.904,68734.0,0.0086,B,591.1124,708864641674152
1774172342986,2026-03-22 09:39:02.986,68733.0,0.01413,A,971.1972900000001,1063418553622832
1774172343102,2026-03-22 09:39:03.102,68733.0,0.00029,A,19.93257,148582158395635
1774172343102,2026-03-22 09:39:03.102,68733.0,0.00017,A,11.684610000000001,453467009459450
1774172344075,2026-03-22 09:39:04.075,68733.0,0.00142,A,97.60086,906704893744354
1774172344719,2026-03-22 09:39:04.719,68734.0,0.0024,B,164.96159999999998,490479435544560
1774172346286,2026-03-22 09:39:06.286,68733.0,0.0024,A,164.95919999999998,734955248016923
1774172348017,2026-03-22 09:39:08.017,68734.0,0.00016,B,10.997440000000001,334095675265441
1774172349018,2026-03-22 09:39:09.018,68734.0,0.00162,B,111.34908,937069166290693
1774172349223,2026-03-22 09:39:09.223,68734.0,0.00927,B,637.16418,236156012275186
1774172349223,2026-03-22 09:39:09.223,68734.0,0.01047,B,719.64498,844287382885763
1774172349369,2026-03-22 09:39:09.369,68734.0,0.00145,B,99.6643,526530926957019
1774172349948,2026-03-22 09:39:09.948,68734.0,0.00171,B,117.53514,584468891896132
1774172350430,2026-03-22 09:39:10.430,68734.0,0.01025,B,704.5235,1110989538459374
1774172351028,2026-03-22 09:39:11.028,68733.0,0.00017,A,11.684610000000001,79162771201451
1774172351152,2026-03-22 09:39:11.152,68734.0,0.09574,B,6580.59316,354441885727713
1774172351152,2026-03-22 09:39:11.152,68734.0,0.01,B,687.34,363606129409337
1774172351152,2026-03-22 09:39:11.152,68734.0,0.09992,B,6867.90128,666641301983483
1774172351152,2026-03-22 09:39:11.152,68734.0,0.21176,B,14555.11184,680949451938257
1774172353850,2026-03-22 09:39:13.850,68732.0,0.00145,A,99.66139999999999,1093062857491218
1774172354050,2026-03-22 09:39:14.050,68732.0,0.00415,A,285.2378,792144577422421
1774172354251,2026-03-22 09:39:14.251,68732.0,0.01722,A,1183.56504,681838036179641
1774172355969,2026-03-22 09:39:15.969,68732.0,0.00233,B,160.14556,915084519697607
1774172356369,2026-03-22 09:39:16.369,68732.0,0.00058,B,39.86456,488991381812896
1774172357380,2026-03-22 09:39:17.380,68732.0,0.00732,B,503.11824,668702759735153
1774172357380,2026-03-22 09:39:17.380,68731.0,0.00233,A,160.14323000000002,344258785968331
1774172359033,2026-03-22 09:39:19.033,68731.0,0.00067,A,46.04977,554922447112191
1774172360185,2026-03-22 09:39:20.185,68732.0,0.01368,B,940.2537599999999,814199209942363
1774172360992,2026-03-22 09:39:20.992,68731.0,0.0003,A,20.6193,420102976557950
1774172362999,2026-03-22 09:39:22.999,68732.0,0.12987,B,8926.22484,1109802013627277
1774172363937,2026-03-22 09:39:23.937,68732.0,0.00036,B,24.74352,1057875286155548
1774172364003,2026-03-22 09:39:24.003,68731.0,0.02661,A,1828.93191,55212092835510
1774172364605,2026-03-22 09:39:24.605,68732.0,0.00032,B,21.99424,380573659238376
1774172364605,2026-03-22 09:39:24.605,68732.0,0.00445,B,305.8574,117180627255474
1774172366127,2026-03-22 09:39:26.127,68731.0,0.00445,A,305.85295,513257539219106
1774172367010,2026-03-22 09:39:27.010,68732.0,0.02705,B,1859.2006000000001,202511078795894
1774172367010,2026-03-22 09:39:27.010,68732.0,0.04233,B,2909.42556,913133301421296
1774172367527,2026-03-22 09:39:27.527,68732.0,0.25225,B,17337.646999999997,862928697190444
1774172367527,2026-03-22 09:39:27.527,68732.0,0.0367,B,2522.4644000000003,899677450404181
1774172370249,2026-03-22 09:39:30.249,68731.0,0.0067,A,460.4977,563879569586439
1774172371061,2026-03-22 09:39:31.061,68731.0,0.00238,A,163.57978,546884100406339
1774172371252,2026-03-22 09:39:31.252,68732.0,0.01309,B,899.70188,231300835171960
1774172372065,2026-03-22 09:39:32.065,68731.0,0.06489,A,4459.95459,903267929966459
1774172372777,2026-03-22 09:39:32.777,68731.0,0.00292,A,200.69451999999998,54405641559456
1774172372777,2026-03-22 09:39:32.777,68730.0,0.00015,A,10.3095,876823859840015
1774172373069,2026-03-22 09:39:33.069,68729.0,0.00024,A,16.49496,20757200143520
1774172373069,2026-03-22 09:39:33.069,68729.0,5e-05,A,3.4364500000000002,395767222451040
1774172373069,2026-03-22 09:39:33.069,68729.0,0.0001,A,6.8729000000000005,1004337428954248
1774172373069,2026-03-22 09:39:33.069,68729.0,7e-05,A,4.81103,643864430838450
1774172373372,2026-03-22 09:39:33.372,68729.0,0.0001,A,6.8729000000000005,39101706070694
1774172373372,2026-03-22 09:39:33.372,68728.0,0.00017,A,11.683760000000001,839241239838893
1774172373372,2026-03-22 09:39:33.372,68728.0,0.00017,A,11.683760000000001,541672152890592
1774172373372,2026-03-22 09:39:33.372,68727.0,0.00017,A,11.68359,724020036081730
1774172373578,2026-03-22 09:39:33.578,68727.0,0.00319,B,219.23913000000002,808016126693435
1774172373578,2026-03-22 09:39:33.578,68727.0,0.00247,B,169.75569,517380051433655
1774172374059,2026-03-22 09:39:34.059,68725.0,0.00017,A,11.683250000000001,946468187995384
1774172374059,2026-03-22 09:39:34.059,68725.0,0.00015,A,10.30875,744307307901378
1774172374059,2026-03-22 09:39:34.059,68724.0,0.0011,A,75.5964,836564386551071
1774172374177,2026-03-22 09:39:34.177,68724.0,0.0019,A,130.5756,1013703638967553
1774172374177,2026-03-22 09:39:34.177,68724.0,0.00017,A,11.68308,807001744887630
1774172374177,2026-03-22 09:39:34.177,68724.0,0.00017,A,11.68308,863392475157881
1774172374177,2026-03-22 09:39:34.177,68724.0,0.00207,A,142.25868,537142277323410
1774172374973,2026-03-22 09:39:34.973,68724.0,0.00566,A,388.97784,699987773677380
1774172375271,2026-03-22 09:39:35.271,68724.0,0.00166,A,114.08184,786809539527859
1774172376416,2026-03-22 09:39:36.416,68724.0,0.12675,A,8710.767,616174247972176
1774172376966,2026-03-22 09:39:36.966,68723.0,0.00017,A,11.682910000000001,899041447921827
1774172376966,2026-03-22 09:39:36.966,68722.0,0.00017,A,11.68274,292724382192890
1774172377291,2026-03-22 09:39:37.291,68721.0,0.00017,A,11.68257,582403782937664
1774172377291,2026-03-22 09:39:37.291,68720.0,0.00017,A,11.682400000000001,943959413780685
1774172377291,2026-03-22 09:39:37.291,68719.0,0.003,A,206.157,343626972152859
1774172377291,2026-03-22 09:39:37.291,68719.0,0.00017,A,11.68223,434806108660695
1774172377291,2026-03-22 09:39:37.291,68718.0,0.00017,A,11.682060000000002,949687245485711
1774172377291,2026-03-22 09:39:37.291,68717.0,0.00017,A,11.681890000000001,591908544550950
1774172377291,2026-03-22 09:39:37.291,68717.0,0.00022,A,15.117740000000001,458560443893930
1774172377291,2026-03-22 09:39:37.291,68717.0,0.00017,A,11.681890000000001,1002261801711958
1774172377291,2026-03-22 09:39:37.291,68716.0,0.00017,A,11.68172,759277694617702
1774172377291,2026-03-22 09:39:37.291,68715.0,0.00017,A,11.681550000000001,132688815869037
1774172377495,2026-03-22 09:39:37.495,68715.0,0.00117,B,80.39655,569083236356272
1774172377495,2026-03-22 09:39:37.495,68715.0,0.05129,B,3524.39235,425622376226867
1774172378092,2026-03-22 09:39:38.092,68715.0,0.00016,B,10.9944,410813956234683
1774172379088,2026-03-22 09:39:39.088,68715.0,0.00161,B,110.63115,1016004427755012
1774172380201,2026-03-22 09:39:40.201,68714.0,0.00017,A,11.68138,881430388322956
1774172380201,2026-03-22 09:39:40.201,68714.0,0.00149,A,102.38386,685483641331561
1774172381024,2026-03-22 09:39:41.024,68714.0,0.00018,A,12.36852,44605453167940
1774172381829,2026-03-22 09:39:41.829,68715.0,0.00234,B,160.7931,7664537950621
1774172382225,2026-03-22 09:39:42.225,68715.0,0.00015,B,10.30725,128342421182340
1774172383437,2026-03-22 09:39:43.437,68714.0,0.00234,A,160.79076,606465455425588
1774172384041,2026-03-22 09:39:44.041,68714.0,0.00416,A,285.85024,871033808781258
1774172384404,2026-03-22 09:39:44.404,68715.0,0.01479,B,1016.29485,271896892394201
1774172385047,2026-03-22 09:39:45.047,68714.0,0.00017,A,11.68138,1070389810901447
1774172385650,2026-03-22 09:39:45.650,68713.0,0.00017,A,11.68121,345307960154325
1774172385650,2026-03-22 09:39:45.650,68713.0,0.003,A,206.139,634662347407593
1774172385650,2026-03-22 09:39:45.650,68712.0,0.00017,A,11.681040000000001,123104312688813
1774172385650,2026-03-22 09:39:45.650,68711.0,0.00017,A,11.68087,376349834939761
1774172385650,2026-03-22 09:39:45.650,68710.0,0.00017,A,11.680700000000002,857389747382439
1774172385650,2026-03-22 09:39:45.650,68709.0,0.00017,A,11.680530000000001,975995967779501
1774172385650,2026-03-22 09:39:45.650,68709.0,0.00034,A,23.361060000000002,776328316695473
1774172387430,2026-03-22 09:39:47.430,68709.0,0.00166,A,114.05694,1089917593316376
1774172388356,2026-03-22 09:39:48.356,68710.0,0.0207,B,1422.297,393031014275738
1774172389067,2026-03-22 09:39:49.067,68709.0,0.00048,A,32.98032,981986086771605
1774172390274,2026-03-22 09:39:50.274,68710.0,0.00344,B,236.3624,12946190672639
1774172390567,2026-03-22 09:39:50.567,68710.0,0.00022,B,15.116200000000001,938511156138091
1774172391077,2026-03-22 09:39:51.077,68710.0,0.05613,B,3856.6923,726795324851704
1774172391077,2026-03-22 09:39:51.077,68710.0,0.21,B,14429.1,1051655892296805
1774172391077,2026-03-22 09:39:51.077,68710.0,0.02368,B,1627.0528,418904233890814
1774172391376,2026-03-22 09:39:51.376,68710.0,0.18632,B,12802.0472,98085000200675
1774172391376,2026-03-22 09:39:51.376,68710.0,0.06368,B,4375.4528,804416217019390
1774172391457,2026-03-22 09:39:51.457,68710.0,0.25,B,17177.5,391495696305474
1774172391981,2026-03-22 09:39:51.981,68709.0,0.00344,A,236.35896,193969703157920
1774172392596,2026-03-22 09:39:52.596,68710.0,0.00022,B,15.116200000000001,665071594835660
1774172394096,2026-03-22 09:39:54.096,68709.0,0.04556,A,3130.3820400000004,114962268194509
1774172394298,2026-03-22 09:39:54.298,68710.0,0.00017,B,11.680700000000002,645761687756922
1774172394298,2026-03-22 09:39:54.298,68710.0,0.00291,B,199.9461,313759983877499
1774172394298,2026-03-22 09:39:54.298,68711.0,0.00015,B,10.30665,134714870054422
1774172394298,2026-03-22 09:39:54.298,68711.0,0.00017,B,11.68087,923635271436769
1774172394298,2026-03-22 09:39:54.298,68712.0,0.00017,B,11.681040000000001,863085915168121
1774172394298,2026-03-22 09:39:54.298,68712.0,0.00054,B,37.10448,813044360113773
1774172396406,2026-03-22 09:39:56.406,68713.0,0.00017,B,11.68121,849302413328571
1774172396406,2026-03-22 09:39:56.406,68714.0,0.00017,B,11.68138,820345031526732
1774172396406,2026-03-22 09:39:56.406,68715.0,0.00017,B,11.681550000000001,812919126957444
1774172396406,2026-03-22 09:39:56.406,68715.0,0.00137,B,94.13955,36727862487673
1774172397112,2026-03-22 09:39:57.112,68715.0,0.02773,B,1905.46695,956904494381308
1774172397112,2026-03-22 09:39:57.112,68716.0,0.00017,B,11.68172,546532647447429
1774172397112,2026-03-22 09:39:57.112,68717.0,0.00017,B,11.681890000000001,573780020327917
1774172397112,2026-03-22 09:39:57.112,68718.0,0.00017,B,11.682060000000002,45908299072539
1774172397112,2026-03-22 09:39:57.112,68718.0,0.00018,B,12.369240000000001,734327196486780
1774172397112,2026-03-22 09:39:57.112,68719.0,0.00017,B,11.68223,155132164117639
1774172397112,2026-03-22 09:39:57.112,68719.0,0.01018,B,699.5594199999999,907014217179090
1774172397112,2026-03-22 09:39:57.112,68720.0,0.003,B,206.16,346656946522140
1774172397112,2026-03-22 09:39:57.112,68720.0,0.00017,B,11.682400000000001,164209200547851
1774172397112,2026-03-22 09:39:57.112,68720.0,0.00017,B,11.682400000000001,774630803269612
1774172397112,2026-03-22 09:39:57.112,68720.0,0.02727,B,1873.9944,283317154797228
1774172398921,2026-03-22 09:39:58.921,68719.0,0.0046,A,316.1074,492569877433926
1774172399530,2026-03-22 09:39:59.530,68720.0,0.00291,B,199.9752,626014888610642
1774172399530,2026-03-22 09:39:59.530,68719.0,0.04191,A,2880.0132900000003,783736740382390
1774172400133,2026-03-22 09:40:00.133,68720.0,0.0046,B,316.11199999999997,668185156419310
1774172401021,2026-03-22 09:40:01.021,68719.0,0.00238,A,163.55122,19428386718776
1774172402835,2026-03-22 09:40:02.835,68720.0,0.00073,B,50.1656,854733403313671
1774172403029,2026-03-22 09:40:03.029,68719.0,0.00028,A,19.241319999999998,395362626106774
1774172403029,2026-03-22 09:40:03.029,68719.0,0.00018,A,12.369420000000002,608134705148282
1774172404031,2026-03-22 09:40:04.031,68719.0,0.00142,A,97.58098,163959992044539
1774172404434,2026-03-22 09:40:04.434,68720.0,0.00029,A,19.9288,104146660395747
1774172404632,2026-03-22 09:40:04.632,68721.0,0.00017,B,11.68257,535996277281950
1774172404632,2026-03-22 09:40:04.632,68721.0,0.0002,B,13.744200000000001,628961119159419
1774172404632,2026-03-22 09:40:04.632,68722.0,0.00017,B,11.68274,806463780962097
1774172404632,2026-03-22 09:40:04.632,68722.0,0.003,B,206.166,770609167919924
1774172404632,2026-03-22 09:40:04.632,68722.0,0.00063,B,43.29486,615494593122583
1774172404833,2026-03-22 09:40:04.833,68722.0,0.00434,B,298.25348,559317726094962
1774172406481,2026-03-22 09:40:06.481,68723.0,0.00017,B,11.682910000000001,152368188719051
1774172406481,2026-03-22 09:40:06.481,68724.0,0.00017,B,11.68308,987305775463070
1774172406481,2026-03-22 09:40:06.481,68724.0,0.00112,B,76.97088,916954186264570
1774172407145,2026-03-22 09:40:07.145,68723.0,0.00225,A,154.62675,530006204414202
1774172408061,2026-03-22 09:40:08.061,68724.0,0.00016,B,10.995840000000001,863477582798612
1774172408781,2026-03-22 09:40:08.781,68724.0,0.00225,B,154.629,1074946486633975
1774172409030,2026-03-22 09:40:09.030,68724.0,0.00162,B,111.33287999999999,258507734996436
1774172411060,2026-03-22 09:40:11.060,68723.0,0.00018,A,12.370140000000001,1054355097895020
1774172411261,2026-03-22 09:40:11.261,68723.0,0.035,A,2405.3050000000003,133629992502832
1774172413503,2026-03-22 09:40:13.503,68723.0,0.00028,A,19.24244,949607006206335
1774172413702,2026-03-22 09:40:13.702,68724.0,0.00017,B,11.68308,109818320503155
1774172413702,2026-03-22 09:40:13.702,68725.0,0.00017,B,11.683250000000001,12166362884885
1774172413702,2026-03-22 09:40:13.702,68725.0,0.00015,B,10.30875,301539331853082
1774172414018,2026-03-22 09:40:14.018,68725.0,0.00416,A,285.89599999999996,1078067065042744
1774172414421,2026-03-22 09:40:14.421,68726.0,0.00017,B,11.683420000000002,952331145700899
1774172414421,2026-03-22 09:40:14.421,68726.0,0.00533,B,366.30958,850805247782345
1774172414904,2026-03-22 09:40:14.904,68726.0,0.02377,B,1633.61702,720643611297162
1774172414904,2026-03-22 09:40:14.904,68726.0,0.00017,B,11.683420000000002,802053741036597
1774172415713,2026-03-22 09:40:15.713,68727.0,0.00017,B,11.68359,902790561275493
1774172415713,2026-03-22 09:40:15.713,68727.0,0.0002,B,13.7454,182734289682173
1774172415713,2026-03-22 09:40:15.713,68727.0,0.0291,B,1999.9557,736448581713893
1774172415713,2026-03-22 09:40:15.713,68728.0,0.00017,B,11.683760000000001,284328038262498
1774172415713,2026-03-22 09:40:15.713,68729.0,0.00017,B,11.68393,197040243092214
1774172415713,2026-03-22 09:40:15.713,68730.0,0.00017,B,11.6841,983201001937989
1774172415713,2026-03-22 09:40:15.713,68730.0,0.003,B,206.19,132518454142439
1774172415713,2026-03-22 09:40:15.713,68731.0,0.00017,B,11.684270000000001,676665628526247
1774172415713,2026-03-22 09:40:15.713,68731.0,0.00017,B,11.684270000000001,315596491531306
1774172415713,2026-03-22 09:40:15.713,68731.0,0.00022,B,15.12082,533726700575550
1774172415713,2026-03-22 09:40:15.713,68731.0,0.00015,B,10.30965,1048661505978727
1774172415713,2026-03-22 09:40:15.713,68732.0,0.00017,B,11.68444,132845019209836
1774172415713,2026-03-22 09:40:15.713,68732.0,0.003,B,206.196,395807365170591
1774172415713,2026-03-22 09:40:15.713,68733.0,0.00017,B,11.684610000000001,1551941055657
1774172415713,2026-03-22 09:40:15.713,68734.0,0.00017,B,11.684780000000002,467216680404770
1774172415713,2026-03-22 09:40:15.713,68734.0,0.00017,B,11.684780000000002,1036310159431779
1774172415713,2026-03-22 09:40:15.713,68734.0,0.08758,B,6019.72372,913095802874603
1774172415713,2026-03-22 09:40:15.713,68735.0,0.00015,B,10.31025,138049391565108
1774172415713,2026-03-22 09:40:15.713,68735.0,0.00015,B,10.31025,840973890204313
1774172415713,2026-03-22 09:40:15.713,68735.0,0.00017,B,11.68495,667751846657436
1774172415713,2026-03-22 09:40:15.713,68735.0,0.07627,B,5242.41845,51248283316682
1774172415713,2026-03-22 09:40:15.713,68736.0,0.00037,B,25.43232,86521370007538
1774172415713,2026-03-22 09:40:15.713,68736.0,0.00017,B,11.685120000000001,417233244508377
1774172416632,2026-03-22 09:40:16.632,68737.0,0.00017,B,11.68529,161112716498996
1774172416632,2026-03-22 09:40:16.632,68737.0,0.00207,B,142.28558999999998,158248714429297
1774172417029,2026-03-22 09:40:17.029,68737.0,0.02746,B,1887.51802,714289298410785
1774172417943,2026-03-22 09:40:17.943,68737.0,0.00022,B,15.12214,174085943084038
1774172418643,2026-03-22 09:40:18.643,68736.0,0.00224,A,153.96864,1099211120046826
1774172419045,2026-03-22 09:40:19.045,68736.0,0.0004,A,27.494400000000002,944039284739160
1774172424068,2026-03-22 09:40:24.068,68736.0,0.04516,A,3104.11776,298492922202516
1774172426269,2026-03-22 09:40:26.269,68736.0,6e-05,A,4.12416,885836645236645
1774172427022,2026-03-22 09:40:27.022,68737.0,0.06938,B,4768.97306,228459896583705
1774172427022,2026-03-22 09:40:27.022,68737.0,0.00237,B,162.90669,550546070749006
1774172427633,2026-03-22 09:40:27.633,68737.0,0.00902,B,620.00774,333410564502660
1774172427821,2026-03-22 09:40:27.821,68736.0,0.0003,A,20.6208,755134999174310
1774172428653,2026-03-22 09:40:28.653,68736.0,0.00237,A,162.90432,763582411395563
1774172431008,2026-03-22 09:40:31.008,68736.0,0.00238,A,163.59168000000003,854455753506451
1774172432816,2026-03-22 09:40:32.816,68737.0,6e-05,B,4.12422,436122512200461
1774172433013,2026-03-22 09:40:33.013,68736.0,0.00029,A,19.93344,606548360704819
1774172435026,2026-03-22 09:40:35.026,68736.0,0.00141,A,96.91776,1002928415941425
1774172436506,2026-03-22 09:40:36.506,68737.0,0.00237,B,162.90669,714706180663889
1774172436832,2026-03-22 09:40:36.832,68737.0,0.00063,B,43.30431,1101087278804693
1774172436832,2026-03-22 09:40:36.832,68737.0,0.00017,B,11.68529,950084313583324
1774172436832,2026-03-22 09:40:36.832,68737.0,0.05997,B,4122.15789,137093027764993
1774172436832,2026-03-22 09:40:36.832,68737.0,0.02909,B,1999.55933,398340278593957
1774172436832,2026-03-22 09:40:36.832,68737.0,0.01455,B,1000.1233500000001,620905689553449
1774172436832,2026-03-22 09:40:36.832,68737.0,0.00145,B,99.66865,390380388900084
1774172436832,2026-03-22 09:40:36.832,68737.0,0.00145,B,99.66865,985612051258696
1774172436832,2026-03-22 09:40:36.832,68737.0,0.00145,B,99.66865,18656995938868
1774172436832,2026-03-22 09:40:36.832,68737.0,0.00145,B,99.66865,1018677372350582
1774172436832,2026-03-22 09:40:36.832,68737.0,0.00145,B,99.66865,428021452583749
1774172436832,2026-03-22 09:40:36.832,68737.0,0.00145,B,99.66865,521826174322013
1774172436832,2026-03-22 09:40:36.832,68737.0,0.00145,B,99.66865,614622566984417
1774172436832,2026-03-22 09:40:36.832,68738.0,0.00017,B,11.68546,875252792941758
1774172436832,2026-03-22 09:40:36.832,68738.0,0.00017,B,11.68546,149559287699436
1774172436832,2026-03-22 09:40:36.832,68738.0,0.00015,B,10.310699999999999,313642560539894
1774172436832,2026-03-22 09:40:36.832,68739.0,0.001,B,68.739,496128996640422
1774172436832,2026-03-22 09:40:36.832,68739.0,0.00017,B,11.685630000000002,516628073892819
1774172436832,2026-03-22 09:40:36.832,68739.0,0.00015,B,10.310849999999999,492162961162397
1774172436832,2026-03-22 09:40:36.832,68740.0,0.00018,B,12.3732,812266052623070
1774172436832,2026-03-22 09:40:36.832,68740.0,0.13345,B,9173.353000000001,684334928466388
1774172438038,2026-03-22 09:40:38.038,68740.0,0.00016,B,10.9984,589341223562494
1774172438038,2026-03-22 09:40:38.038,68739.0,0.00237,A,162.91143,1094818813221152
1774172438309,2026-03-22 09:40:38.309,68739.0,0.00016,A,10.998240000000001,259875228778960
1774172439045,2026-03-22 09:40:39.045,68740.0,0.00162,B,111.35879999999999,452817779211229
1774172441053,2026-03-22 09:40:41.053,68739.0,0.00017,A,11.685630000000002,38881791175731
1774172441525,2026-03-22 09:40:41.525,68740.0,0.05388,B,3703.7111999999997,494331412577440
1774172441930,2026-03-22 09:40:41.930,68740.0,0.0002,B,13.748000000000001,555856435200388
1774172444063,2026-03-22 09:40:44.063,68739.0,0.00416,A,285.95423999999997,854910470344793
1774172446172,2026-03-22 09:40:46.172,68740.0,0.00237,B,162.9138,862060884936693
1774172448189,2026-03-22 09:40:48.189,68739.0,0.00237,A,162.91143,142286562923288
1774172448398,2026-03-22 09:40:48.398,68739.0,0.00073,A,50.179469999999995,210005235165892
1774172448710,2026-03-22 09:40:48.710,68739.0,0.00016,A,10.998240000000001,270203483494560
1774172448789,2026-03-22 09:40:48.789,68740.0,0.00017,B,11.6858,906070640407049
1774172448789,2026-03-22 09:40:48.789,68740.0,1e-05,B,0.6874,830557101859882
1774172449111,2026-03-22 09:40:49.111,68739.0,0.00064,A,43.992960000000004,910274800742142
1774172451939,2026-03-22 09:40:51.939,68740.0,0.00029,B,19.9346,631335123956101
1774172454047,2026-03-22 09:40:54.047,68739.0,0.03185,A,2189.3371500000003,413574094795769
1774172457004,2026-03-22 09:40:57.004,68740.0,0.05917,B,4067.3458,588805719351149
1774172457004,2026-03-22 09:40:57.004,68740.0,0.01021,B,701.8354,209715604940992
1774172458167,2026-03-22 09:40:58.167,68740.0,0.13041,B,8964.3834,965545311406414
1774172461022,2026-03-22 09:41:01.022,68739.0,0.00238,A,163.59882000000002,579597974994283
1774172462083,2026-03-22 09:41:02.083,68740.0,0.0023,B,158.102,3959102457683
1774172463027,2026-03-22 09:41:03.027,68739.0,0.00028,A,19.24692,202456958380450
1774172463027,2026-03-22 09:41:03.027,68739.0,0.00017,A,11.685630000000002,1015620403945943
1774172463635,2026-03-22 09:41:03.635,68739.0,0.0023,A,158.09969999999998,1026566606745049
1774172463994,2026-03-22 09:41:03.994,68739.0,0.00304,A,208.96656000000002,569478608719892
1774172464045,2026-03-22 09:41:04.045,68739.0,0.00142,A,97.60938,253447787257792
1774172464130,2026-03-22 09:41:04.130,68740.0,0.00017,B,11.6858,326894791675091
1774172464130,2026-03-22 09:41:04.130,68741.0,0.00017,B,11.685970000000001,712159250707546
1774172464130,2026-03-22 09:41:04.130,68741.0,0.01017,B,699.09597,531952071199078
1774172464130,2026-03-22 09:41:04.130,68742.0,0.00017,B,11.68614,544326498527284
1774172464130,2026-03-22 09:41:04.130,68742.0,0.00017,B,11.68614,419375382554176
1774172464130,2026-03-22 09:41:04.130,68742.0,0.00041,B,28.18422,83182892185198
1774172464130,2026-03-22 09:41:04.130,68742.0,0.0114,B,783.6588,219457092541452
1774172464247,2026-03-22 09:41:04.247,68742.0,0.00193,B,132.67206000000002,922324551848068
1774172466748,2026-03-22 09:41:06.748,68742.0,0.00017,B,11.68614,731600667869604
1774172466800,2026-03-22 09:41:06.800,68743.0,0.00033,B,22.68519,164356633472825
1774172466800,2026-03-22 09:41:06.800,68743.0,0.00015,B,10.311449999999999,496970640177650
1774172466800,2026-03-22 09:41:06.800,68743.0,0.00017,B,11.68631,730260896419302
1774172466800,2026-03-22 09:41:06.800,68743.0,0.0002,B,13.748600000000001,192316930426942
1774172467291,2026-03-22 09:41:07.291,68744.0,0.00017,B,11.686480000000001,641230931964019
1774172467291,2026-03-22 09:41:07.291,68745.0,0.00017,B,11.68665,238616365047487
1774172467291,2026-03-22 09:41:07.291,68745.0,0.00046,B,31.622700000000002,910150020251086
1774172467291,2026-03-22 09:41:07.291,68745.0,0.00015,B,10.31175,1045882088720885
1774172467291,2026-03-22 09:41:07.291,68745.0,0.00017,B,11.68665,473665590254239
1774172467491,2026-03-22 09:41:07.491,68745.0,0.0004,A,27.498,818003346525338
1774172467555,2026-03-22 09:41:07.555,68746.0,0.00017,B,11.68682,590854897523580
1774172467555,2026-03-22 09:41:07.555,68747.0,0.00017,B,11.686990000000002,910202060821128
1774172467555,2026-03-22 09:41:07.555,68747.0,0.003,B,206.241,838415273631456
1774172467555,2026-03-22 09:41:07.555,68748.0,0.00017,B,11.68716,347590631193687
1774172467555,2026-03-22 09:41:07.555,68748.0,0.00483,B,332.05284,381502871244744
1774172467829,2026-03-22 09:41:07.829,68748.0,0.001,B,68.748,890821656971131
1774172468027,2026-03-22 09:41:08.027,68748.0,0.00016,B,10.999680000000001,697912177979586
1774172469043,2026-03-22 09:41:09.043,68748.0,0.00162,B,111.37176,456654946440417
1774172470772,2026-03-22 09:41:10.772,68748.0,0.00089,B,61.185719999999996,192014112578327
1774172471064,2026-03-22 09:41:11.064,68747.0,0.00017,A,11.686990000000002,1129174638642
1774172471459,2026-03-22 09:41:11.459,68748.0,0.00439,B,301.80372,191914781321821
1774172471962,2026-03-22 09:41:11.962,68747.0,0.00017,A,11.686990000000002,272126942742361
1774172471962,2026-03-22 09:41:11.962,68746.0,5e-05,A,3.4373,1016270016112518
1774172471962,2026-03-22 09:41:11.962,68746.0,0.00012,A,8.24952,452360763263803
1774172471962,2026-03-22 09:41:11.962,68746.0,0.00015,A,10.3119,104581576911059
1774172471962,2026-03-22 09:41:11.962,68745.0,0.00025,A,17.18625,1102957112511991
1774172472355,2026-03-22 09:41:12.355,68743.0,0.00017,A,11.68631,612355956091532
1774172472355,2026-03-22 09:41:12.355,68743.0,0.00017,A,11.68631,521801439692856
1774172472355,2026-03-22 09:41:12.355,68743.0,0.00111,A,76.30473,193924503015519
1774172472983,2026-03-22 09:41:12.983,68743.0,0.00015,A,10.311449999999999,1005197692551321
1774172473307,2026-03-22 09:41:13.307,68744.0,0.00017,B,11.686480000000001,465512584212934
1774172473307,2026-03-22 09:41:13.307,68745.0,0.00015,B,10.31175,988021719454238
1774172473774,2026-03-22 09:41:13.774,68744.0,0.00439,A,301.78616,235761158816666
1774172474096,2026-03-22 09:41:14.096,68744.0,0.00416,A,285.97504,407698977209932
1774172474497,2026-03-22 09:41:14.497,68745.0,2e-05,B,1.3749,760316825959384
1774172474497,2026-03-22 09:41:14.497,68746.0,0.00017,B,11.68682,118853305124808
1774172474497,2026-03-22 09:41:14.497,68747.0,0.00017,B,11.686990000000002,902947410842781
1774172474497,2026-03-22 09:41:14.497,68747.0,0.00109,B,74.93423,256459104929957
1774172477106,2026-03-22 09:41:17.106,68747.0,0.00017,B,11.686990000000002,845029650674358
1774172477106,2026-03-22 09:41:17.106,68748.0,5e-05,B,3.4374000000000002,397381847543216
1774172477714,2026-03-22 09:41:17.714,68748.0,0.00145,B,99.68459999999999,311166332282210
1774172478928,2026-03-22 09:41:18.928,68748.0,0.0002,B,13.749600000000001,524888979954754
1774172478928,2026-03-22 09:41:18.928,68748.0,0.00017,B,11.68716,770040209816486
1774172478928,2026-03-22 09:41:18.928,68749.0,0.00017,B,11.687330000000001,151135319313482
1774172478928,2026-03-22 09:41:18.928,68749.0,0.00017,B,11.687330000000001,513560353087537
1774172478928,2026-03-22 09:41:18.928,68749.0,0.01999,B,1374.29251,1021841242694749
1774172479016,2026-03-22 09:41:19.016,68747.0,0.00044,A,30.24868,544130316696508
1774172479414,2026-03-22 09:41:19.414,68749.0,0.0091,B,625.6159,1029741548260863
1774172479414,2026-03-22 09:41:19.414,68749.0,0.00017,B,11.687330000000001,165925819875838
1774172479414,2026-03-22 09:41:19.414,68750.0,0.003,B,206.25,70649341908241
1774172479414,2026-03-22 09:41:19.414,68751.0,0.00015,B,10.31265,128748234348660
1774172479414,2026-03-22 09:41:19.414,68751.0,0.00017,B,11.68767,197520309228438
1774172479414,2026-03-22 09:41:19.414,68751.0,0.00017,B,11.68767,1011483615401293
1774172479414,2026-03-22 09:41:19.414,68751.0,0.00018,B,12.37518,454911106505753
1774172479414,2026-03-22 09:41:19.414,68752.0,0.00017,B,11.687840000000001,1123323438440546
1774172479414,2026-03-22 09:41:19.414,68752.0,0.05809,B,3993.80368,489026669331699
1774172479956,2026-03-22 09:41:19.956,68752.0,0.01313,B,902.71376,1103734991337473
1774172480218,2026-03-22 09:41:20.218,68751.0,0.0258,A,1773.7758,882270472258329
1774172480218,2026-03-22 09:41:20.218,68752.0,0.01343,B,923.3393599999999,1117942968554240
1774172481020,2026-03-22 09:41:21.020,68751.0,0.00059,A,40.56309,838232296082402
1774172481224,2026-03-22 09:41:21.224,68752.0,0.00543,B,373.32336,544283633700058
1774172481493,2026-03-22 09:41:21.493,68752.0,0.0013,B,89.3776,383206562876241
1774172481798,2026-03-22 09:41:21.798,68752.0,0.02662,B,1830.1782400000002,446798953042324
1774172482710,2026-03-22 09:41:22.710,68751.0,0.00543,A,373.31793,289016605618857
1774172484010,2026-03-22 09:41:24.010,68751.0,0.04153,A,2855.22903,528917461250770
1774172485962,2026-03-22 09:41:25.962,68751.0,0.00138,A,94.87638,397928339519036
1774172487031,2026-03-22 09:41:27.031,68751.0,0.06938,B,4769.94438,368810797709593
1774172488663,2026-03-22 09:41:28.663,68744.0,0.0113,A,776.8072,151247836752180
1774172489642,2026-03-22 09:41:29.642,68743.0,0.00017,A,11.68631,163642326325220
1774172489642,2026-03-22 09:41:29.642,68743.0,0.00213,A,146.42258999999999,376900125215796
1774172490786,2026-03-22 09:41:30.786,68744.0,0.0023,B,158.1112,20553625960740
1774172491102,2026-03-22 09:41:31.102,68743.0,0.00237,A,162.92091000000002,1052638767854305
1774172491188,2026-03-22 09:41:31.188,68744.0,0.00045,B,30.9348,812007018398998
1774172491997,2026-03-22 09:41:31.997,68749.0,0.00017,B,11.687330000000001,734767073632324
1774172491997,2026-03-22 09:41:31.997,68752.0,0.00017,B,11.687840000000001,303964828837354
1774172491997,2026-03-22 09:41:31.997,68752.0,0.00025,B,17.188,339306503446042
1774172491997,2026-03-22 09:41:31.997,68752.0,0.003,B,206.256,930380413686917
1774172491997,2026-03-22 09:41:31.997,68753.0,0.00017,B,11.68801,731018828171298
1774172491997,2026-03-22 09:41:31.997,68753.0,0.00017,B,11.68801,247417115828924
1774172491997,2026-03-22 09:41:31.997,68754.0,0.00015,B,10.313099999999999,825208764976895
1774172491997,2026-03-22 09:41:31.997,68754.0,0.00017,B,11.688180000000001,470795010982843
1774172491997,2026-03-22 09:41:31.997,68755.0,0.00015,B,10.313249999999998,837333275153335
1774172491997,2026-03-22 09:41:31.997,68755.0,0.00017,B,11.688350000000002,53823374879190
1774172491997,2026-03-22 09:41:31.997,68756.0,0.003,B,206.268,16106747245302
1774172491997,2026-03-22 09:41:31.997,68756.0,0.01188,B,816.82128,71887315748327
1774172491997,2026-03-22 09:41:31.997,68756.0,0.00017,B,11.68852,56822805874160
1774172491997,2026-03-22 09:41:31.997,68756.0,0.00015,B,10.3134,737944269204721
1774172491997,2026-03-22 09:41:31.997,68756.0,0.00017,B,11.68852,1101435937511311
1774172491997,2026-03-22 09:41:31.997,68757.0,0.003,B,206.27100000000002,29942471572421
1774172491997,2026-03-22 09:41:31.997,68757.0,0.00017,B,11.688690000000001,604832968414374
1774172491997,2026-03-22 09:41:31.997,68757.0,0.00015,B,10.31355,460733879197677
1774172491997,2026-03-22 09:41:31.997,68757.0,0.2111,B,14514.602700000001,67084599509366
1774172492799,2026-03-22 09:41:32.799,68757.0,0.00018,B,12.37626,631923393531991
1774172492799,2026-03-22 09:41:32.799,68757.0,0.00982,B,675.19374,723139048566098
1774172492858,2026-03-22 09:41:32.858,68756.0,0.00018,A,12.37608,351291701308822
1774172492858,2026-03-22 09:41:32.858,68756.0,0.00082,A,56.37992,620161504296121
1774172492858,2026-03-22 09:41:32.858,68756.0,0.00106,A,72.88136,52100055075329
1774172492858,2026-03-22 09:41:32.858,68756.0,0.00358,A,246.14648,884125811735377
1774172493000,2026-03-22 09:41:33.000,68756.0,0.00029,A,19.93924,643885085034775
1774172493000,2026-03-22 09:41:33.000,68756.0,0.00017,A,11.68852,379270581674525
1774172493860,2026-03-22 09:41:33.860,68756.0,0.00138,A,94.88328,1085671410787187
1774172494688,2026-03-22 09:41:34.688,68756.0,0.00031,A,21.31436,140397436538310
1774172494786,2026-03-22 09:41:34.786,68757.0,0.00017,B,11.688690000000001,876980908952002
1774172494786,2026-03-22 09:41:34.786,68758.0,0.00312,B,214.52496,462794876255110
1774172494786,2026-03-22 09:41:34.786,68758.0,0.00017,B,11.68886,741073761614165
1774172494786,2026-03-22 09:41:34.786,68759.0,0.00017,B,11.68903,223014113687454
1774172494786,2026-03-22 09:41:34.786,68759.0,0.003,B,206.27700000000002,856422135383834
1774172494786,2026-03-22 09:41:34.786,68760.0,0.00727,B,499.88520000000005,992925934104515
1774172494786,2026-03-22 09:41:34.786,68760.0,0.00436,B,299.7936,534900883765002
1774172494786,2026-03-22 09:41:34.786,68760.0,0.00122,B,83.88719999999999,147020938754564
1774172494786,2026-03-22 09:41:34.786,68760.0,0.00017,B,11.689200000000001,1099571713495116
1774172494786,2026-03-22 09:41:34.786,68760.0,0.00017,B,11.689200000000001,1115877154056127
1774172494786,2026-03-22 09:41:34.786,68760.0,0.055,B,3781.8,203517979828992
1774172494786,2026-03-22 09:41:34.786,68761.0,0.00017,B,11.68937,1090136076008502
1774172494786,2026-03-22 09:41:34.786,68762.0,0.0029,B,199.4098,924003973156379
1774172494786,2026-03-22 09:41:34.786,68762.0,0.00015,B,10.3143,520817220800886
1774172494786,2026-03-22 09:41:34.786,68762.0,0.00017,B,11.689540000000001,771917168786019
1774172494786,2026-03-22 09:41:34.786,68763.0,0.00017,B,11.689710000000002,60302898592241
1774172494786,2026-03-22 09:41:34.786,68764.0,0.00016,B,11.00224,242111256018663
1774172494786,2026-03-22 09:41:34.786,68764.0,0.00017,B,11.68988,129945630786871
1774172494786,2026-03-22 09:41:34.786,68765.0,0.00029,B,19.94185,1064048770064659
1774172494786,2026-03-22 09:41:34.786,68765.0,0.00017,B,11.690050000000001,739085389224846
1774172494786,2026-03-22 09:41:34.786,68766.0,0.001,B,68.766,840785974622712
1774172494786,2026-03-22 09:41:34.786,68766.0,0.00017,B,11.69022,630238793303839
1774172494786,2026-03-22 09:41:34.786,68767.0,0.00017,B,11.69039,160984816132770
1774172494786,2026-03-22 09:41:34.786,68767.0,0.00017,B,11.69039,456505111106785
1774172494786,2026-03-22 09:41:34.786,68767.0,0.003,B,206.30100000000002,1029124443738500
1774172494786,2026-03-22 09:41:34.786,68768.0,0.00017,B,11.690560000000001,834989107160694
1774172494786,2026-03-22 09:41:34.786,68768.0,0.05251,B,3611.00768,508249622285021
1774172494786,2026-03-22 09:41:34.786,68769.0,0.00016,B,11.00304,888557391623235
1774172494786,2026-03-22 09:41:34.786,68769.0,0.00017,B,11.69073,489424312336997
1774172494786,2026-03-22 09:41:34.786,68769.0,0.00017,B,11.69073,414850621020408
1774172494786,2026-03-22 09:41:34.786,68770.0,0.00017,B,11.690900000000001,941712405026274
1774172494786,2026-03-22 09:41:34.786,68771.0,0.00015,B,10.31565,773242541953219
1774172494786,2026-03-22 09:41:34.786,68771.0,0.00017,B,11.691070000000002,430900467741532
1774172494786,2026-03-22 09:41:34.786,68772.0,0.00015,B,10.3158,566214325129633
1774172494786,2026-03-22 09:41:34.786,68772.0,0.00022,B,15.12984,769221638544674
1774172494919,2026-03-22 09:41:34.919,68773.0,0.0003,B,20.631899999999998,945354786131045
1774172494919,2026-03-22 09:41:34.919,68773.0,0.0003,B,20.631899999999998,202349097265134
1774172494919,2026-03-22 09:41:34.919,68774.0,0.00017,B,11.69158,701712720441762
1774172494919,2026-03-22 09:41:34.919,68774.0,0.00015,B,10.316099999999999,869344677214310
1774172494919,2026-03-22 09:41:34.919,68776.0,0.00017,B,11.691920000000001,1038666318459057
1774172494919,2026-03-22 09:41:34.919,68778.0,0.00015,B,10.316699999999999,717969853855020
1774172494919,2026-03-22 09:41:34.919,68778.0,0.00017,B,11.692260000000001,84339762440917
1774172494919,2026-03-22 09:41:34.919,68779.0,0.00015,B,10.316849999999999,34534739699137
1774172494919,2026-03-22 09:41:34.919,68780.0,0.00448,B,308.13439999999997,742591600753185
1774172494919,2026-03-22 09:41:34.919,68781.0,0.01586,B,1090.86666,95443207832260
1774172495022,2026-03-22 09:41:35.022,68772.0,0.00142,A,97.65624,507950434575601
1774172496076,2026-03-22 09:41:36.076,68780.0,0.00018,A,12.380400000000002,714996405493726
1774172496076,2026-03-22 09:41:36.076,68780.0,0.0002,A,13.756,523987805185960
1774172496076,2026-03-22 09:41:36.076,68780.0,0.00022,A,15.1316,175846950057370
1774172496076,2026-03-22 09:41:36.076,68780.0,0.00023,A,15.8194,1067171205180769
1774172496076,2026-03-22 09:41:36.076,68780.0,0.00051,A,35.0778,528258892100664
1774172496076,2026-03-22 09:41:36.076,68781.0,0.00166,B,114.17646,1095487133627111
1774172496076,2026-03-22 09:41:36.076,68781.0,0.00166,B,114.17646,785039531035998
1774172496076,2026-03-22 09:41:36.076,68781.0,0.00166,B,114.17646,698329784597537
1774172496076,2026-03-22 09:41:36.076,68781.0,0.00304,B,209.09424,165957588985500
1774172496076,2026-03-22 09:41:36.076,68781.0,0.00519,B,356.97339,536913890913551
1774172496076,2026-03-22 09:41:36.076,68781.0,0.08201,B,5640.72981,894585303228868
1774172496076,2026-03-22 09:41:36.076,68781.0,0.14615,B,10052.34315,704681663495289
1774172496076,2026-03-22 09:41:36.076,68781.0,0.07111,B,4891.01691,194079128431653
1774172496076,2026-03-22 09:41:36.076,68781.0,0.0046,B,316.3926,617116900077999
1774172496076,2026-03-22 09:41:36.076,68781.0,0.0682,B,4690.8642,391754302701464
1774172496076,2026-03-22 09:41:36.076,68781.0,0.36446,B,25067.92326,661705610885022
1774172496076,2026-03-22 09:41:36.076,68781.0,0.00017,B,11.692770000000001,769590370939890
1774172496076,2026-03-22 09:41:36.076,68781.0,1.09061,B,75013.24641,991919165338850
1774172496076,2026-03-22 09:41:36.076,68781.0,0.10523,B,7237.82463,117997297939739
1774172496076,2026-03-22 09:41:36.076,68781.0,0.01017,B,699.50277,1080612378717002
1774172496076,2026-03-22 09:41:36.076,68781.0,0.0407,B,2799.3867,590619580893987
1774172496076,2026-03-22 09:41:36.076,68781.0,0.05481,B,3769.88661,715043397449294
1774172496076,2026-03-22 09:41:36.076,68781.0,0.07587,B,5218.414470000001,967070688999569
1774172496076,2026-03-22 09:41:36.076,68781.0,0.12373,B,8510.27313,1001051235277109
1774172496076,2026-03-22 09:41:36.076,68781.0,0.07654,B,5264.49774,274766673715194
1774172496076,2026-03-22 09:41:36.076,68781.0,0.05321,B,3659.83701,740661969228756
1774172496076,2026-03-22 09:41:36.076,68781.0,0.13528,B,9304.69368,944141569675994
1774172496076,2026-03-22 09:41:36.076,68781.0,0.08299,B,5708.13519,414203808304599
1774172496076,2026-03-22 09:41:36.076,68781.0,0.25441,B,17498.574210000002,650659916912705
1774172496076,2026-03-22 09:41:36.076,68781.0,0.00145,B,99.73245,260747723274607
1774172496076,2026-03-22 09:41:36.076,68781.0,0.87234,B,60000.41754,1041031122761653
1774172496076,2026-03-22 09:41:36.076,68782.0,0.00016,B,11.005120000000002,522955727160365
1774172496076,2026-03-22 09:41:36.076,68782.0,0.00015,B,10.3173,516493549164910
1774172496076,2026-03-22 09:41:36.076,68782.0,0.30531,B,20999.832420000002,733251910121028
1774172496076,2026-03-22 09:41:36.076,68782.0,0.00017,B,11.69294,435305774848338
1774172496076,2026-03-22 09:41:36.076,68783.0,0.00015,B,10.31745,1116213595837701
1774172496076,2026-03-22 09:41:36.076,68783.0,0.00015,B,10.31745,59397867919463
1774172496076,2026-03-22 09:41:36.076,68783.0,0.00017,B,11.69311,581134156932946
1774172496076,2026-03-22 09:41:36.076,68784.0,0.00018,B,12.381120000000001,1098202583099189
1774172496076,2026-03-22 09:41:36.076,68784.0,0.00017,B,11.693280000000001,320564544926547
1774172496076,2026-03-22 09:41:36.076,68784.0,0.64336,B,44252.874240000005,619922655927507
1774172496076,2026-03-22 09:41:36.076,68785.0,0.00017,B,11.69345,346047585959331
1774172496076,2026-03-22 09:41:36.076,68785.0,0.07272,B,5002.0452000000005,942316361543286
1774172496076,2026-03-22 09:41:36.076,68785.0,0.50891,B,35005.37435,919091667412511
1774172496076,2026-03-22 09:41:36.076,68785.0,0.00017,B,11.69345,359159091084066
1774172496076,2026-03-22 09:41:36.076,68785.0,0.05291,B,3639.41435,1116452765365425
1774172496076,2026-03-22 09:41:36.076,68786.0,0.00015,B,10.3179,205267281048721
1774172496076,2026-03-22 09:41:36.076,68786.0,0.50886,B,35002.44396,151270642841585
1774172496076,2026-03-22 09:41:36.076,68786.0,0.00017,B,11.693620000000001,503359552824849
1774172496076,2026-03-22 09:41:36.076,68786.0,0.003,B,206.358,876783976611774
1774172496076,2026-03-22 09:41:36.076,68786.0,0.05665,B,3896.7269,582220109781759
1774172496076,2026-03-22 09:41:36.076,68787.0,0.00032,B,22.011840000000003,229822121742493
1774172496076,2026-03-22 09:41:36.076,68787.0,0.72702,B,50009.52474,573209399436555
1774172496076,2026-03-22 09:41:36.076,68787.0,1.30863,B,90016.73181,501576499767910
1774172496076,2026-03-22 09:41:36.076,68787.0,0.2181,B,15002.4447,107980989970405
1774172496076,2026-03-22 09:41:36.076,68787.0,0.27141,B,18669.47967,1061165588025103
1774172497603,2026-03-22 09:41:37.603,68786.0,0.00045,A,30.953699999999998,943926457754460
1774172497879,2026-03-22 09:41:37.879,68787.0,0.00017,B,11.693790000000002,782897326521545
1774172497879,2026-03-22 09:41:37.879,68787.0,4e-05,B,2.7514800000000004,720579875674459
1774172498079,2026-03-22 09:41:38.079,68787.0,0.00016,B,11.005920000000001,761597651582873
1774172498555,2026-03-22 09:41:38.555,68786.0,0.00339,A,233.18454,130797114286340
1774172498817,2026-03-22 09:41:38.817,68787.0,0.05648,B,3885.0897600000003,384986165842551
1774172498817,2026-03-22 09:41:38.817,68787.0,0.02907,B,1999.63809,313221589183457
1774172498817,2026-03-22 09:41:38.817,68787.0,0.00017,B,11.693790000000002,1124556237536286
1774172498817,2026-03-22 09:41:38.817,68787.0,0.10338,B,7111.20006,126344793893006
1774172498891,2026-03-22 09:41:38.891,68786.0,0.00028,A,19.26008,94751088234303
1774172498891,2026-03-22 09:41:38.891,68786.0,0.00333,A,229.05738,475549096138186
1774172499021,2026-03-22 09:41:39.021,68787.0,0.00162,B,111.43494,959253525242228
1774172499108,2026-03-22 09:41:39.108,68787.0,0.06354,B,4370.72598,884940306053805
1774172499108,2026-03-22 09:41:39.108,68787.0,0.00171,B,117.62576999999999,431761072742513
1774172499108,2026-03-22 09:41:39.108,68786.0,0.0013,A,89.42179999999999,551103846645502
1774172499157,2026-03-22 09:41:39.157,68786.0,0.00055,A,37.832300000000004,132062317022383
1774172499225,2026-03-22 09:41:39.225,68786.0,0.04454,A,3063.7284400000003,667767367663283
1774172499359,2026-03-22 09:41:39.359,68786.0,0.0147,B,1011.1542,1007003606209400
1774172499426,2026-03-22 09:41:39.426,68785.0,0.00015,A,10.317749999999998,837078102253760
1774172499631,2026-03-22 09:41:39.631,68781.0,0.003,A,206.34300000000002,642620576567524
1774172499966,2026-03-22 09:41:39.966,68781.0,0.00339,B,233.16759,1076879886453947
1774172499966,2026-03-22 09:41:39.966,68780.0,0.01699,A,1168.5722,784543604544653
1774172500626,2026-03-22 09:41:40.626,68780.0,0.02027,A,1394.1706,1118052926122403
1774172500626,2026-03-22 09:41:40.626,68780.0,0.00017,A,11.6926,717554245967799
1774172500626,2026-03-22 09:41:40.626,68779.0,0.00017,A,11.692430000000002,470449305674313
1774172500626,2026-03-22 09:41:40.626,68778.0,0.00017,A,11.692260000000001,980372730595767
1774172500737,2026-03-22 09:41:40.737,68777.0,0.00017,A,11.69209,888915884204611
1774172500826,2026-03-22 09:41:40.826,68776.0,0.00017,A,11.691920000000001,550878857869232
1774172501046,2026-03-22 09:41:41.046,68775.0,0.00017,A,11.69175,274573051708215
1774172501435,2026-03-22 09:41:41.435,68775.0,0.00283,A,194.63325,292011496391305
1774172501847,2026-03-22 09:41:41.847,68775.0,0.00785,B,539.88375,295927682143007
1774172502735,2026-03-22 09:41:42.735,68774.0,0.00017,A,11.69158,274996327820341
1774172502735,2026-03-22 09:41:42.735,68773.0,0.00017,A,11.691410000000001,1020134895061231
1774172502735,2026-03-22 09:41:42.735,68773.0,0.00015,A,10.315949999999999,1067650494711132
1774172502735,2026-03-22 09:41:42.735,68772.0,0.00105,A,72.2106,943541437999928
1774172502735,2026-03-22 09:41:42.735,68772.0,0.00017,A,11.69124,973371944092260
1774172502735,2026-03-22 09:41:42.735,68771.0,0.00017,A,11.691070000000002,817682435785152
1774172503549,2026-03-22 09:41:43.549,68771.0,2e-05,B,1.37542,820421062506471
1774172503549,2026-03-22 09:41:43.549,68771.0,0.06732,B,4629.6637200000005,463974334605228
1774172503648,2026-03-22 09:41:43.648,68771.0,0.00017,B,11.691070000000002,574693088468687
1774172503938,2026-03-22 09:41:43.938,68770.0,0.00017,A,11.690900000000001,662735985993393
1774172503938,2026-03-22 09:41:43.938,68769.0,0.00017,A,11.69073,416966923366646
1774172503938,2026-03-22 09:41:43.938,68769.0,0.00015,A,10.315349999999999,273015094864058
1774172503938,2026-03-22 09:41:43.938,68768.0,0.00017,A,11.690560000000001,575705334571947
1774172503938,2026-03-22 09:41:43.938,68768.0,0.00017,A,11.690560000000001,924508575645962
1774172503938,2026-03-22 09:41:43.938,68767.0,0.00017,A,11.69039,1067292998423638
1774172503938,2026-03-22 09:41:43.938,68767.0,0.00045,A,30.945149999999998,938492141775639
1774172504083,2026-03-22 09:41:44.083,68767.0,0.00415,A,285.38305,88540845213424
1774172504248,2026-03-22 09:41:44.248,68768.0,0.0035,B,240.68800000000002,35507517139936
1774172504653,2026-03-22 09:41:44.653,68767.0,0.01985,A,1365.02495,1093430210148251
1774172505150,2026-03-22 09:41:45.150,68768.0,0.01454,B,999.8867200000001,872070735452970
1774172505201,2026-03-22 09:41:45.201,68767.0,0.0322,A,2214.2974,15040095684021
1774172505201,2026-03-22 09:41:45.201,68767.0,0.00017,A,11.69039,766493785032157
1774172505201,2026-03-22 09:41:45.201,68767.0,0.13258,A,9117.12886,920948842568798
1774172505201,2026-03-22 09:41:45.201,68767.0,0.00049,A,33.69583,171280859476860
1774172505201,2026-03-22 09:41:45.201,68767.0,0.0738,A,5075.0046,855700342124100
1774172505201,2026-03-22 09:41:45.201,68767.0,0.0113,A,777.0671,780237527718346
1774172505201,2026-03-22 09:41:45.201,68767.0,0.0113,A,777.0671,882445927379668
1774172505201,2026-03-22 09:41:45.201,68767.0,0.05747,A,3952.03949,1022116266233238
1774172505402,2026-03-22 09:41:45.402,68768.0,0.43623,B,29998.66464,1023122671695082
1774172506255,2026-03-22 09:41:46.255,68768.0,0.00017,B,11.690560000000001,937828280052474
1774172508932,2026-03-22 09:41:48.932,68767.0,0.00454,A,312.20218,1085121353540883
1774172509068,2026-03-22 09:41:49.068,68767.0,0.00057,A,39.19719,738834907248343
1774172510230,2026-03-22 09:41:50.230,68768.0,0.00454,B,312.20671999999996,833823093436745
1774172513992,2026-03-22 09:41:53.992,68768.0,0.02768,B,1903.49824,1008489644082369
1774172514050,2026-03-22 09:41:54.050,68767.0,0.01352,A,929.7298400000001,114497779093676
1774172514050,2026-03-22 09:41:54.050,68767.0,0.0268,A,1842.9556,625096846843594
1774172516666,2026-03-22 09:41:56.666,68768.0,0.00017,B,11.690560000000001,108476812029212
1774172516666,2026-03-22 09:41:56.666,68768.0,0.00205,B,140.9744,25361790114442
1774172516717,2026-03-22 09:41:56.717,68768.0,0.01152,B,792.20736,761512957298323
1774172516818,2026-03-22 09:41:56.818,68768.0,0.00985,B,677.3648,720325474825635
1774172516818,2026-03-22 09:41:56.818,68768.0,0.00146,B,100.40128,503051023716972
1774172516818,2026-03-22 09:41:56.818,68769.0,0.00015,B,10.315349999999999,825072554625477
1774172516818,2026-03-22 09:41:56.818,68769.0,0.00017,B,11.69073,892591225699927
1774172516818,2026-03-22 09:41:56.818,68770.0,0.00017,B,11.690900000000001,477877676284093
1774172516818,2026-03-22 09:41:56.818,68771.0,0.00015,B,10.31565,417041705469694
1774172516818,2026-03-22 09:41:56.818,68771.0,0.00017,B,11.691070000000002,116885425732904
1774172518124,2026-03-22 09:41:58.124,68771.0,0.00222,A,152.67162000000002,215793903787982
1774172518229,2026-03-22 09:41:58.229,68771.0,0.01416,A,973.79736,960576369917332
1774172519282,2026-03-22 09:41:59.282,68772.0,0.00034,B,23.38248,55374444394687
1774172521062,2026-03-22 09:42:01.062,68771.0,0.00218,A,149.92078,373172938050272
1774172521062,2026-03-22 09:42:01.062,68771.0,0.0002,A,13.7542,557972210482094
1774172521993,2026-03-22 09:42:01.993,68772.0,0.00143,B,98.34396000000001,753377474488574
1774172522283,2026-03-22 09:42:02.283,68771.0,0.00111,A,76.33581000000001,623316724498771
1774172522341,2026-03-22 09:42:02.341,68771.0,0.0011,A,75.6481,217526612105261
1774172523077,2026-03-22 09:42:03.077,68771.0,0.00029,A,19.94359,294780769846252
1774172523077,2026-03-22 09:42:03.077,68771.0,0.00017,A,11.691070000000002,638894597152299
1774172523077,2026-03-22 09:42:03.077,68771.0,0.00022,A,15.129620000000001,414286438561242
1774172523585,2026-03-22 09:42:03.585,68772.0,0.77963,B,53616.714360000005,956313132051302
1774172524110,2026-03-22 09:42:04.110,68772.0,0.09139,B,6285.07308,48544169407456
1774172524110,2026-03-22 09:42:04.110,68772.0,0.07028,B,4833.29616,967953970696102
1774172524110,2026-03-22 09:42:04.110,68772.0,0.07581,B,5213.605320000001,528526337763460
1774172524110,2026-03-22 09:42:04.110,68772.0,0.05089,B,3499.80708,13859814676523
1774172524110,2026-03-22 09:42:04.110,68772.0,0.03612,B,2484.04464,534390161664145
1774172524819,2026-03-22 09:42:04.819,68771.0,0.00015,A,10.31565,532766017125887
1774172525034,2026-03-22 09:42:05.034,68771.0,0.00142,A,97.65482,716904793998992
1774172525237,2026-03-22 09:42:05.237,68771.0,0.00017,A,11.691070000000002,226288869895250
1774172525237,2026-03-22 09:42:05.237,68770.0,0.00015,A,10.315499999999998,991476813253120
1774172525237,2026-03-22 09:42:05.237,68770.0,0.00017,A,11.690900000000001,637554384384360
1774172525237,2026-03-22 09:42:05.237,68769.0,0.00017,A,11.69073,448878446263956
1774172525237,2026-03-22 09:42:05.237,68768.0,0.00017,A,11.690560000000001,47916798455135
1774172525237,2026-03-22 09:42:05.237,68767.0,0.00031,A,21.31777,583425831640287
1774172525237,2026-03-22 09:42:05.237,68767.0,0.00017,A,11.69039,955949576851544
1774172525237,2026-03-22 09:42:05.237,68766.0,0.00017,A,11.69022,1075241548226941
1774172525237,2026-03-22 09:42:05.237,68765.0,0.00017,A,11.690050000000001,278443798329963
1774172525237,2026-03-22 09:42:05.237,68765.0,0.00017,A,11.690050000000001,615238803619545
1774172525237,2026-03-22 09:42:05.237,68765.0,0.00039,A,26.81835,1019008689197050
1774172525369,2026-03-22 09:42:05.369,68766.0,0.00016,B,11.00256,920946974165962
1774172526404,2026-03-22 09:42:06.404,68765.0,0.00261,A,179.47665,592366495657869
1774172526404,2026-03-22 09:42:06.404,68765.0,0.00051,A,35.070150000000005,1096665993302475
1774172526854,2026-03-22 09:42:06.854,68766.0,0.00221,B,151.97286,573131692664124
1774172528068,2026-03-22 09:42:08.068,68766.0,0.00016,B,11.00256,23195262100971
1774172528877,2026-03-22 09:42:08.877,68766.0,0.07267,B,4997.22522,715193202368877
1774172529078,2026-03-22 09:42:09.078,68766.0,0.00162,B,111.40092,486013097051513
1774172529453,2026-03-22 09:42:09.453,68766.0,0.00017,B,11.69022,66853605468975
1774172531106,2026-03-22 09:42:11.106,68767.0,0.00017,B,11.69039,349825984613033
1774172531106,2026-03-22 09:42:11.106,68767.0,0.0002,B,13.753400000000001,1082696505052309
1774172531106,2026-03-22 09:42:11.106,68768.0,0.00017,B,11.690560000000001,630171213416642
1774172531106,2026-03-22 09:42:11.106,68769.0,0.00017,B,11.69073,232252131936446
1774172531106,2026-03-22 09:42:11.106,68769.0,0.00074,B,50.88906,427293858445228
1774172531498,2026-03-22 09:42:11.498,68769.0,0.00072,B,49.51368,837553425918177
1774172531610,2026-03-22 09:42:11.610,68768.0,0.01985,A,1365.0448,822886729365923
1774172532414,2026-03-22 09:42:12.414,68769.0,0.00022,B,15.12918,361887689772366
1774172532414,2026-03-22 09:42:12.414,68769.0,0.00022,B,15.12918,207302257484304
1774172532928,2026-03-22 09:42:12.928,68769.0,0.25244,B,17360.04636,172455895177156
1774172532928,2026-03-22 09:42:12.928,68769.0,0.20347,B,13992.42843,1033363617399279
1774172532928,2026-03-22 09:42:12.928,68769.0,0.01017,B,699.38073,41999572624236
1774172532928,2026-03-22 09:42:12.928,68769.0,0.04069,B,2798.2106099999996,893287832727290
1774172532928,2026-03-22 09:42:12.928,68770.0,0.00017,B,11.690900000000001,1060739470286094
1774172533825,2026-03-22 09:42:13.825,68771.0,0.003,B,206.31300000000002,353546309446032
1774172534023,2026-03-22 09:42:14.023,68771.0,0.00416,A,286.08736,210339882362858
1774172534144,2026-03-22 09:42:14.144,68771.0,0.00234,A,160.92414,591782207298516
1774172534225,2026-03-22 09:42:14.225,68772.0,0.00017,B,11.69124,867283968034535
1774172534225,2026-03-22 09:42:14.225,68773.0,0.00017,B,11.691410000000001,626208112880260
1774172534225,2026-03-22 09:42:14.225,68773.0,0.0002,B,13.7546,606670995754721
1774172534225,2026-03-22 09:42:14.225,68773.0,0.00368,B,253.08464,464009916039507
1774172534625,2026-03-22 09:42:14.625,68773.0,0.00458,B,314.98034,1026670172260668
1774172535303,2026-03-22 09:42:15.303,68772.0,0.01163,A,799.81836,656971821045009
1774172535691,2026-03-22 09:42:15.691,68773.0,0.00234,B,160.92882,19482072198718
1774172535964,2026-03-22 09:42:15.964,68772.0,0.01297,A,891.97284,627294990581047
1774172537179,2026-03-22 09:42:17.179,68773.0,0.001,B,68.773,741531947082500
1774172537785,2026-03-22 09:42:17.785,68773.0,0.01454,B,999.95942,899267140734453
1774172537785,2026-03-22 09:42:17.785,68773.0,0.00017,B,11.691410000000001,785883530868653
1774172537785,2026-03-22 09:42:17.785,68773.0,0.02117,B,1455.92441,1101286164893318
1774172538571,2026-03-22 09:42:18.571,68773.0,0.0118,B,811.5214,673729614827654
1774172538571,2026-03-22 09:42:18.571,68773.0,0.00174,B,119.66502,968644929657176
1774172538656,2026-03-22 09:42:18.656,68772.0,0.01454,A,999.94488,691521772930914
1774172538702,2026-03-22 09:42:18.702,68772.0,0.00015,A,10.3158,1019833178833865
1774172539055,2026-03-22 09:42:19.055,68772.0,0.00044,A,30.25968,26783599942013
1774172540463,2026-03-22 09:42:20.463,68773.0,0.0002,A,13.7546,821180070690554
1774172540722,2026-03-22 09:42:20.722,68774.0,0.58334,B,40118.625159999996,1094959719715049
1774172540865,2026-03-22 09:42:20.865,68773.0,0.00022,A,15.13006,378720769629417
1774172543282,2026-03-22 09:42:23.282,68773.0,0.00234,A,160.92882,954927036079113
1774172543545,2026-03-22 09:42:23.545,68774.0,0.00017,B,11.69158,43109714860904
1774172544031,2026-03-22 09:42:24.031,68773.0,0.04879,A,3355.43467,842133611367238
1774172544286,2026-03-22 09:42:24.286,68773.0,0.00475,A,326.67175,10027560055057
1774172544697,2026-03-22 09:42:24.697,68774.0,0.0002,B,13.754800000000001,1042235606567571
1774172544697,2026-03-22 09:42:24.697,68774.0,0.00214,B,147.17636,26412686869323
1774172546849,2026-03-22 09:42:26.849,68773.0,0.00854,A,587.3214200000001,638682068268658
1774172546929,2026-03-22 09:42:26.929,68773.0,0.04146,A,2851.32858,47240141631965
1774172546929,2026-03-22 09:42:26.929,68773.0,0.00017,A,11.691410000000001,722540908351143
1774172547194,2026-03-22 09:42:27.194,68772.0,0.00015,A,10.3158,590106291218903
1774172547194,2026-03-22 09:42:27.194,68772.0,0.00017,A,11.69124,643877660121112
1774172547394,2026-03-22 09:42:27.394,68771.0,0.00015,A,10.31565,135192672426404
1774172547394,2026-03-22 09:42:27.394,68771.0,0.00372,A,255.82812,748425141319699
1774172547394,2026-03-22 09:42:27.394,68771.0,0.00017,A,11.691070000000002,486101306297339
1774172548331,2026-03-22 09:42:28.331,68770.0,0.00022,A,15.1294,714040131392442
1774172549133,2026-03-22 09:42:29.133,68770.0,1.99284,A,137047.6068,560438962100664
1774172549133,2026-03-22 09:42:29.133,68770.0,0.00017,A,11.690900000000001,506964060720279
1774172549133,2026-03-22 09:42:29.133,68769.0,0.00015,A,10.315349999999999,727547438471960
1774172549133,2026-03-22 09:42:29.133,68768.0,0.00017,A,11.690560000000001,1077534372703753
1774172549133,2026-03-22 09:42:29.133,68768.0,0.00017,A,11.690560000000001,481186895702266
1774172549133,2026-03-22 09:42:29.133,68768.0,0.00015,A,10.315199999999999,244981046540217
1774172549133,2026-03-22 09:42:29.133,68768.0,0.05,A,3438.4,484274871717405
1774172549133,2026-03-22 09:42:29.133,68768.0,0.00319,A,219.36992,413641300734824
1774172551041,2026-03-22 09:42:31.041,68768.0,0.00238,A,163.66784,928159614938352
1774172551131,2026-03-22 09:42:31.131,68768.0,0.00548,A,376.84864,736455377470256
1774172551131,2026-03-22 09:42:31.131,68768.0,0.00548,A,376.84864,843102400401620
1774172551548,2026-03-22 09:42:31.548,68768.0,0.00234,A,160.91712,284756217910457
1774172552048,2026-03-22 09:42:32.048,68768.0,6e-05,A,4.12608,1034605242202783
1774172552551,2026-03-22 09:42:32.551,68768.0,0.58107,A,39959.021759999996,128551429694776
1774172552551,2026-03-22 09:42:32.551,68768.0,0.00017,A,11.690560000000001,162534639908219
1774172552551,2026-03-22 09:42:32.551,68767.0,0.00015,A,10.31505,1108174167135141
1774172552551,2026-03-22 09:42:32.551,68767.0,0.00017,A,11.69039,550165675795364
1774172552551,2026-03-22 09:42:32.551,68766.0,0.00017,A,11.69022,1050451562301150
1774172552551,2026-03-22 09:42:32.551,68766.0,0.1,A,6876.6,807802372476059
1774172552551,2026-03-22 09:42:32.551,68765.0,1e-05,A,0.6876500000000001,306079062671165
1774172552551,2026-03-22 09:42:32.551,68765.0,0.00017,A,11.690050000000001,773219127626018
1774172552551,2026-03-22 09:42:32.551,68765.0,0.00017,A,11.690050000000001,1015916071640177
1774172552551,2026-03-22 09:42:32.551,68765.0,0.00015,A,10.314749999999998,83629141140792
1774172552551,2026-03-22 09:42:32.551,68764.0,0.00017,A,11.68988,181575435719952
1774172552551,2026-03-22 09:42:32.551,68763.0,0.00017,A,11.689710000000002,453707478417145
1774172552551,2026-03-22 09:42:32.551,68763.0,0.003,A,206.28900000000002,196722231667111
1774172552551,2026-03-22 09:42:32.551,68763.0,0.05665,A,3895.42395,103132582142955
1774172552551,2026-03-22 09:42:32.551,68762.0,0.00017,A,11.689540000000001,235802506169616
1774172552551,2026-03-22 09:42:32.551,68761.0,0.00017,A,11.68937,638939682189141
1774172552551,2026-03-22 09:42:32.551,68761.0,0.00017,A,11.68937,169113034803006
1774172552551,2026-03-22 09:42:32.551,68761.0,0.00043,A,29.56723,222042328360624
1774172552551,2026-03-22 09:42:32.551,68761.0,0.08761,A,6024.15121,114372068624770
1774172553061,2026-03-22 09:42:33.061,68761.0,0.00028,A,19.253079999999997,717109931861515
1774172553061,2026-03-22 09:42:33.061,68761.0,0.00017,A,11.68937,1060880289947492
1774172553598,2026-03-22 09:42:33.598,68761.0,0.01,A,687.61,797599189512258
1774172554014,2026-03-22 09:42:34.014,68761.0,0.00322,A,221.41042000000002,1113327897992671
1774172554273,2026-03-22 09:42:34.273,68762.0,0.00234,B,160.90308000000002,553874717897811
1774172554683,2026-03-22 09:42:34.683,68761.0,0.07402,A,5089.68922,722615896039404
1774172555087,2026-03-22 09:42:35.087,68761.0,0.00142,A,97.64062,762447460963640
1774172555469,2026-03-22 09:42:35.469,68762.0,0.00034,B,23.379080000000002,1100771652174892
1774172557312,2026-03-22 09:42:37.312,68762.0,0.0009,B,61.885799999999996,227024558665494
1774172558120,2026-03-22 09:42:38.120,68762.0,0.00016,B,11.00192,785528074991452
1774172558321,2026-03-22 09:42:38.321,68761.0,1e-05,A,0.68761,713198347978450
1774172559006,2026-03-22 09:42:39.006,68762.0,0.00161,B,110.70682000000001,498328249602337
1774172560333,2026-03-22 09:42:40.333,68761.0,0.0058,A,398.81379999999996,885404899396033
1774172560938,2026-03-22 09:42:40.938,68762.0,6e-05,B,4.12572,340108535134136
1774172560938,2026-03-22 09:42:40.938,68762.0,0.028,B,1925.336,605546723695400
1774172561007,2026-03-22 09:42:41.007,68761.0,0.00017,A,11.68937,895109320532318
1774172561942,2026-03-22 09:42:41.942,68761.0,0.00031,A,21.31591,746456098479332
1774172562027,2026-03-22 09:42:42.027,68762.0,0.0207,B,1423.3734,252192835392566
1774172564039,2026-03-22 09:42:44.039,68761.0,0.00416,A,286.04576,830699342079268
1774172564359,2026-03-22 09:42:44.359,68761.0,0.01283,A,882.20363,104763970948198
1774172564359,2026-03-22 09:42:44.359,68761.0,0.03963,A,2724.99843,621391804513567
1774172568939,2026-03-22 09:42:48.939,68761.0,0.03783,A,2601.22863,277114805749654
1774172569041,2026-03-22 09:42:49.041,68761.0,0.00044,A,30.25484,179303595267163
1774172570967,2026-03-22 09:42:50.967,68761.0,0.00045,A,30.94245,1079328141137165
1774172572889,2026-03-22 09:42:52.889,68762.0,0.03188,B,2192.13256,465967604145073
1774172572996,2026-03-22 09:42:52.996,68761.0,0.00017,A,11.68937,618412674127982
1774172572996,2026-03-22 09:42:52.996,68761.0,0.00028,A,19.253079999999997,624048143654558
1774172572996,2026-03-22 09:42:52.996,68760.0,0.003,A,206.28,775461507049330
1774172572996,2026-03-22 09:42:52.996,68760.0,0.00015,A,10.313999999999998,92488703955565
1774172573407,2026-03-22 09:42:53.407,68759.0,0.00017,A,11.68903,515440862229723
1774172573407,2026-03-22 09:42:53.407,68758.0,0.00017,A,11.68886,882843268655283
1774172574001,2026-03-22 09:42:54.001,68757.0,0.00017,A,11.688690000000001,593598626855272
1774172574001,2026-03-22 09:42:54.001,68757.0,0.00017,A,11.688690000000001,468695565924743
1774172574001,2026-03-22 09:42:54.001,68757.0,0.02789,A,1917.63273,421749158816212
1774172574001,2026-03-22 09:42:54.001,68758.0,0.00023,B,15.81434,297757120849386
1774172574001,2026-03-22 09:42:54.001,68758.0,0.00015,B,10.313699999999999,378038516111557
1774172574419,2026-03-22 09:42:54.419,68757.0,0.00145,A,99.69765,602238063112915
1774172575627,2026-03-22 09:42:55.627,68757.0,0.00119,A,81.82083,181806334812325
1774172575924,2026-03-22 09:42:55.924,68758.0,0.00028,B,19.252239999999997,484433439097609
1774172576030,2026-03-22 09:42:56.030,68757.0,0.00925,A,636.00225,130770291398691
1774172576331,2026-03-22 09:42:56.331,68758.0,0.00296,B,203.52367999999998,1001368080560566
1774172576331,2026-03-22 09:42:56.331,68758.0,0.50193,B,34511.702939999996,1084222875617105
1774172577211,2026-03-22 09:42:57.211,68757.0,0.00017,A,11.688690000000001,44479483935513
1774172580254,2026-03-22 09:43:00.254,68758.0,0.02951,B,2029.0485800000001,108117671868278
1774172580346,2026-03-22 09:43:00.346,68757.0,0.00027,A,18.56439,7623868155448
1774172580346,2026-03-22 09:43:00.346,68757.0,0.00017,A,11.688690000000001,603515023828907
1774172580346,2026-03-22 09:43:00.346,68756.0,0.00017,A,11.68852,965375564277261
1774172580346,2026-03-22 09:43:00.346,68756.0,0.003,A,206.268,615631717911867
1774172580346,2026-03-22 09:43:00.346,68755.0,0.00017,A,11.688350000000002,826910078202202
1774172580346,2026-03-22 09:43:00.346,68754.0,0.00017,A,11.688180000000001,786198375140935
1774172580346,2026-03-22 09:43:00.346,68754.0,0.005,A,343.77,873749416466568
1774172580346,2026-03-22 09:43:00.346,68753.0,0.00015,A,10.312949999999999,659703955495827
1774172580346,2026-03-22 09:43:00.346,68753.0,0.00017,A,11.68801,949600512430259
1774172580346,2026-03-22 09:43:00.346,68753.0,0.00072,A,49.50216,597465604858549
1774172581058,2026-03-22 09:43:01.058,68752.0,0.00017,A,11.687840000000001,805278838495181
1774172581058,2026-03-22 09:43:01.058,68752.0,0.00221,A,151.94192,15614889275648
1774172581258,2026-03-22 09:43:01.258,68752.0,0.00015,A,10.3128,417099719142457
1774172581258,2026-03-22 09:43:01.258,68752.0,0.14256,A,9801.285119999999,328914180655976
1774172581859,2026-03-22 09:43:01.859,68753.0,0.00032,B,22.000960000000003,1066716188462226
1774172582772,2026-03-22 09:43:02.772,68753.0,0.00113,B,77.69089,472300414312072
1774172582772,2026-03-22 09:43:02.772,68753.0,0.00145,B,99.69184999999999,696730360786211
1774172582772,2026-03-22 09:43:02.772,68753.0,0.00145,B,99.69184999999999,921584271444449
1774172582772,2026-03-22 09:43:02.772,68753.0,0.00145,B,99.69184999999999,341428765806272
1774172582772,2026-03-22 09:43:02.772,68754.0,0.00015,B,10.313099999999999,1030737297005821
1774172582772,2026-03-22 09:43:02.772,68756.0,0.00017,B,11.68852,727638137965076
1774172583068,2026-03-22 09:43:03.068,68755.0,0.00029,A,19.93895,742410022880230
1774172583068,2026-03-22 09:43:03.068,68755.0,0.00017,A,11.688350000000002,907855967531680
1774172584072,2026-03-22 09:43:04.072,68755.0,0.00141,A,96.94455,987003014702472
1774172584072,2026-03-22 09:43:04.072,68755.0,0.00034,A,23.376700000000003,237056538011398
1774172584595,2026-03-22 09:43:04.595,68755.0,0.06525,A,4486.26375,572976461292820
1774172586284,2026-03-22 09:43:06.284,68756.0,0.02198,B,1511.25688,534146088213710
1774172588049,2026-03-22 09:43:08.049,68756.0,0.00016,B,11.000960000000001,523558642331140
1774172589050,2026-03-22 09:43:09.050,68756.0,0.00162,B,111.38471999999999,312104066172189
1774172590272,2026-03-22 09:43:10.272,68756.0,0.00016,B,11.000960000000001,189849320919
1774172590664,2026-03-22 09:43:10.664,68756.0,0.00499,B,343.09243999999995,223478315099047
1774172590664,2026-03-22 09:43:10.664,68756.0,0.00017,B,11.68852,86066443060385
1774172590664,2026-03-22 09:43:10.664,68756.0,0.00015,B,10.3134,658328259894490
1774172590664,2026-03-22 09:43:10.664,68756.0,0.0005,B,34.378,941157942478016
1774172591068,2026-03-22 09:43:11.068,68755.0,0.00017,A,11.688350000000002,66938142144869
1774172591891,2026-03-22 09:43:11.891,68755.0,0.09128,A,6275.9564,73502888484290
1774172592469,2026-03-22 09:43:12.469,68756.0,0.0002,B,13.7512,1012262928224780
1774172593029,2026-03-22 09:43:13.029,68756.0,0.00022,B,15.12632,954769057281228
1774172594030,2026-03-22 09:43:14.030,68755.0,0.00416,A,286.02079999999995,156858117545175
1774172595311,2026-03-22 09:43:15.311,68756.0,0.00145,B,99.69619999999999,1045687516759543
1774172598145,2026-03-22 09:43:18.145,68755.0,0.09978,A,6860.3739,275304142844720
1774172598145,2026-03-22 09:43:18.145,68755.0,0.21657,A,14890.27035,232525907418835
1774172599075,2026-03-22 09:43:19.075,68755.0,0.00068,A,46.753400000000006,866681385061539
1774172599740,2026-03-22 09:43:19.740,68755.0,0.03991,A,2744.0120500000003,460723727761614
1774172604046,2026-03-22 09:43:24.046,68755.0,0.04233,A,2910.39915,436207365365722
1774172605670,2026-03-22 09:43:25.670,68756.0,1e-05,B,0.6875600000000001,834553188981659
1774172605670,2026-03-22 09:43:25.670,68756.0,0.00099,B,68.06844,1043221243916573
1774172606378,2026-03-22 09:43:26.378,68755.0,0.00145,A,99.69475,895443346324990
1774172608405,2026-03-22 09:43:28.405,68755.0,0.00081,A,55.69155,697346955300842
1774172610191,2026-03-22 09:43:30.191,68756.0,0.00017,B,11.68852,613750333498057
1774172611025,2026-03-22 09:43:31.025,68755.0,0.00238,A,163.63690000000003,1005876166407736
1774172613036,2026-03-22 09:43:33.036,68755.0,0.00029,A,19.93895,206769906403561
1774172613036,2026-03-22 09:43:33.036,68755.0,0.00017,A,11.688350000000002,249394554649923
1774172614042,2026-03-22 09:43:34.042,68755.0,0.00142,A,97.63210000000001,247689907333495
1774172619063,2026-03-22 09:43:39.063,68756.0,0.00162,B,111.38471999999999,279807289011958
1774172621052,2026-03-22 09:43:41.052,68755.0,0.00017,A,11.688350000000002,1007587992476732
1774172624041,2026-03-22 09:43:44.041,68755.0,0.00416,A,286.02079999999995,621271189137833
1774172624295,2026-03-22 09:43:44.295,68756.0,0.00024,B,16.50144,460523761782878
1774172624682,2026-03-22 09:43:44.682,68756.0,0.00017,B,11.68852,328273092387215
1774172624682,2026-03-22 09:43:44.682,68756.0,0.00722,B,496.41832,666730671540945
1774172624682,2026-03-22 09:43:44.682,68756.0,0.20351,B,13992.53356,540319990625489
1774172624682,2026-03-22 09:43:44.682,68756.0,0.25438,B,17490.15128,392288330968276
1774172624682,2026-03-22 09:43:44.682,68756.0,0.01017,B,699.24852,17954106593877
1774172624682,2026-03-22 09:43:44.682,68756.0,0.0407,B,2798.3692,920440413339106
1774172624682,2026-03-22 09:43:44.682,68757.0,0.00015,B,10.31355,1123895705161230
1774172624682,2026-03-22 09:43:44.682,68757.0,0.02908,B,1999.4535600000002,844883731948479
1774172624682,2026-03-22 09:43:44.682,68757.0,0.00017,B,11.688690000000001,226075429121048
1774172624682,2026-03-22 09:43:44.682,68757.0,0.0002,B,13.7514,37844301430341
1774172624682,2026-03-22 09:43:44.682,68758.0,0.00017,B,11.68886,561750603703860
1774172624682,2026-03-22 09:43:44.682,68758.0,0.003,B,206.274,1045476076114124
1774172624682,2026-03-22 09:43:44.682,68758.0,0.00015,B,10.313699999999999,408880702334906
1774172624682,2026-03-22 09:43:44.682,68758.0,0.42864,B,29472.42912,823349195549323
1774172625285,2026-03-22 09:43:45.285,68757.0,0.00505,A,347.22285,226543396172654
1774172627126,2026-03-22 09:43:47.126,68758.0,0.02361,B,1623.37638,372589816281413
1774172628493,2026-03-22 09:43:48.493,68757.0,0.00031,A,21.31467,126357434933471
1774172629135,2026-03-22 09:43:49.135,68757.0,0.00041,A,28.190369999999998,555278336775115
1774172631314,2026-03-22 09:43:51.314,68757.0,0.00145,A,99.69765,877387869918400
1774172634002,2026-03-22 09:43:54.002,68757.0,0.03871,A,2661.58347,942481558975420
1774172634270,2026-03-22 09:43:54.270,68757.0,0.00016,A,11.00112,290074627371643
1774172635284,2026-03-22 09:43:55.284,68757.0,0.00395,A,271.59015000000005,732472403102038
1774172636943,2026-03-22 09:43:56.943,68757.0,0.00015,A,10.31355,912119782593325
1774172641009,2026-03-22 09:44:01.009,68757.0,0.00238,A,163.64166,753759604409489
1774172643117,2026-03-22 09:44:03.117,68757.0,0.00028,A,19.251959999999997,1012669904992245
1774172643117,2026-03-22 09:44:03.117,68757.0,0.00017,A,11.688690000000001,764872025908228
1774172643512,2026-03-22 09:44:03.512,68757.0,0.00022,A,15.12654,374203069476858
1774172643512,2026-03-22 09:44:03.512,68757.0,0.00022,A,15.12654,1103854382558968
1774172644117,2026-03-22 09:44:04.117,68757.0,0.00142,A,97.63494,875468060564031
1774172646208,2026-03-22 09:44:06.208,68758.0,0.0207,B,1423.2906,993547275358051
1774172648040,2026-03-22 09:44:08.040,68758.0,0.00016,B,11.001280000000001,59091504515695
1774172648266,2026-03-22 09:44:08.266,68758.0,0.01782,B,1225.26756,520152043677853
1774172649035,2026-03-22 09:44:09.035,68758.0,0.00162,B,111.38795999999999,1036911362475620
1774172649438,2026-03-22 09:44:09.438,68758.0,0.0005,B,34.379,57562644423931
1774172651009,2026-03-22 09:44:11.009,68757.0,0.00017,A,11.688690000000001,520368564415363
1774172653436,2026-03-22 09:44:13.436,68757.0,0.00022,A,15.12654,1065117168074748
1774172654041,2026-03-22 09:44:14.041,68757.0,0.00415,A,285.34155,510031896109912
1774172655848,2026-03-22 09:44:15.848,68758.0,0.0029,B,199.39819999999997,840995903942530
1774172656661,2026-03-22 09:44:16.661,68757.0,0.001,A,68.757,756557280670775
1774172656775,2026-03-22 09:44:16.775,68755.0,0.00017,A,11.688350000000002,509834799812896
1774172658998,2026-03-22 09:44:18.998,68754.0,0.00017,A,11.688180000000001,531675062723912
1774172658998,2026-03-22 09:44:18.998,68754.0,0.00095,A,65.3163,474699509104970
1774172659076,2026-03-22 09:44:19.076,68754.0,0.00061,A,41.93994,497188511490281
1774172664014,2026-03-22 09:44:24.014,68754.0,0.00017,A,11.688180000000001,969189817785435
1774172664014,2026-03-22 09:44:24.014,68754.0,0.04499,A,3093.24246,529341979663742
1774172665726,2026-03-22 09:44:25.726,68754.0,0.00017,A,11.688180000000001,122956857185077
1774172666735,2026-03-22 09:44:26.735,68753.0,0.00017,A,11.68801,810338578898900
1774172666735,2026-03-22 09:44:26.735,68752.0,0.00017,A,11.687840000000001,628934723035460
1774172666735,2026-03-22 09:44:26.735,68752.0,0.00053,A,36.438559999999995,310096427173007
1774172667043,2026-03-22 09:44:27.043,68752.0,0.01,B,687.52,940446828561101
1774172668299,2026-03-22 09:44:28.299,68750.0,0.01985,A,1364.6875,580502297083935
1774172668299,2026-03-22 09:44:28.299,68750.0,0.00017,A,11.6875,956560253308706
1774172668299,2026-03-22 09:44:28.299,68749.0,0.00017,A,11.687330000000001,517299262877576
1774172668299,2026-03-22 09:44:28.299,68748.0,0.00017,A,11.68716,462765023760479
1774172668299,2026-03-22 09:44:28.299,68747.0,0.00017,A,11.686990000000002,456367364620813
1774172668299,2026-03-22 09:44:28.299,68747.0,0.003,A,206.241,483372579707056
1774172668299,2026-03-22 09:44:28.299,68746.0,0.00017,A,11.68682,286051313796437
1774172668299,2026-03-22 09:44:28.299,68745.0,0.00017,A,11.68665,582137592750576
1774172668299,2026-03-22 09:44:28.299,68744.0,0.00017,A,11.686480000000001,499706603747928
1774172668299,2026-03-22 09:44:28.299,68744.0,0.003,A,206.232,505621017582932
1774172669943,2026-03-22 09:44:29.943,68743.0,0.00017,A,11.68631,1052827412519650
1774172669943,2026-03-22 09:44:29.943,68743.0,3e-05,A,2.06229,210686461237540
1774172670148,2026-03-22 09:44:30.148,68743.0,0.00017,A,11.68631,993959680281178
1774172671019,2026-03-22 09:44:31.019,68743.0,0.00012,A,8.24916,428632371426877
1774172671019,2026-03-22 09:44:31.019,68743.0,0.00017,A,11.68631,853689232484529
1774172671019,2026-03-22 09:44:31.019,68742.0,0.00017,A,11.68614,717863500458003
1774172671019,2026-03-22 09:44:31.019,68742.0,0.00015,A,10.3113,205161087217955
1774172671019,2026-03-22 09:44:31.019,68741.0,0.00017,A,11.685970000000001,1090999351787507
1774172671019,2026-03-22 09:44:31.019,68740.0,0.00017,A,11.6858,434813165638923
1774172671019,2026-03-22 09:44:31.019,68740.0,0.00015,A,10.311,900591440103675
1774172671019,2026-03-22 09:44:31.019,68739.0,0.00017,A,11.685630000000002,734267994430200
1774172671019,2026-03-22 09:44:31.019,68739.0,0.00017,A,11.685630000000002,732762482212302
1774172671019,2026-03-22 09:44:31.019,68738.0,0.00017,A,11.68546,993479886542141
1774172671019,2026-03-22 09:44:31.019,68738.0,0.00076,A,52.240880000000004,9053389426984
1774172672181,2026-03-22 09:44:32.181,68739.0,0.00076,B,52.241640000000004,96282513936640
1774172672955,2026-03-22 09:44:32.955,68739.0,0.00016,B,10.998240000000001,469785970467971
1774172673052,2026-03-22 09:44:33.052,68738.0,0.00029,A,19.93402,194230063594946
1774172673052,2026-03-22 09:44:33.052,68738.0,0.00017,A,11.68546,1125037452698442
1774172673157,2026-03-22 09:44:33.157,68738.0,0.00069,A,47.42922,295235291516043
1774172673456,2026-03-22 09:44:33.456,68738.0,6e-05,A,4.12428,984179523955127
1774172674065,2026-03-22 09:44:34.065,68738.0,0.00142,A,97.60796,885072521993172
1774172674471,2026-03-22 09:44:34.471,68739.0,0.001,B,68.739,644608267435038
1774172676190,2026-03-22 09:44:36.190,68738.0,0.00034,A,23.37092,675968061459370
1774172678111,2026-03-22 09:44:38.111,68739.0,0.00016,B,10.998240000000001,335674493282764
1774172678111,2026-03-22 09:44:38.111,68739.0,6e-05,B,4.12434,272286131723611
1774172678821,2026-03-22 09:44:38.821,68738.0,0.04365,A,3000.4137,880648809126064
1774172679069,2026-03-22 09:44:39.069,68739.0,0.00162,B,111.35718,202432097391897
1774172681013,2026-03-22 09:44:41.013,68738.0,0.00017,A,11.68546,637826527070433
1774172683938,2026-03-22 09:44:43.938,68739.0,0.00022,B,15.122580000000001,1074766986461613
1774172684044,2026-03-22 09:44:44.044,68738.0,0.00416,A,285.95007999999996,402222633374720
1774172685925,2026-03-22 09:44:45.925,68739.0,0.00059,B,40.55601,191050737216095
1774172689094,2026-03-22 09:44:49.094,68738.0,0.0004,A,27.4952,1007224694586769
1774172689358,2026-03-22 09:44:49.358,68739.0,0.00033,B,22.68387,552775402382672
1774172689922,2026-03-22 09:44:49.922,68738.0,0.03632,A,2496.56416,950434714110115
1774172694105,2026-03-22 09:44:54.105,68738.0,0.04475,A,3076.0254999999997,937944504600242
1774172694499,2026-03-22 09:44:54.499,68739.0,0.00171,B,117.54369,540575983226263
1774172695317,2026-03-22 09:44:55.317,68738.0,0.00031,A,21.30878,474953220010919
1774172696735,2026-03-22 09:44:56.735,68738.0,0.08675,A,5963.0215,719069513512446
1774172700638,2026-03-22 09:45:00.638,68738.0,0.00024,A,16.49712,719882405376744
1774172701032,2026-03-22 09:45:01.032,68738.0,0.00238,A,163.59644,841914102437054
1774172701769,2026-03-22 09:45:01.769,68738.0,0.00717,A,492.85146000000003,860528228838412
1774172703059,2026-03-22 09:45:03.059,68738.0,0.00029,A,19.93402,312850115624953
1774172704052,2026-03-22 09:45:04.052,68738.0,0.00142,A,97.60796,805876969043631
1774172704779,2026-03-22 09:45:04.779,68739.0,0.00145,B,99.67155,667178146163157
1774172704779,2026-03-22 09:45:04.779,68739.0,0.00145,B,99.67155,699508519973627
1774172704779,2026-03-22 09:45:04.779,68739.0,0.0006,B,41.243399999999994,547168930960760
1774172706719,2026-03-22 09:45:06.719,68738.0,0.03739,A,2570.11382,952686071735514
1774172707408,2026-03-22 09:45:07.408,68738.0,0.00044,A,30.24472,740739441255050
1774172708015,2026-03-22 09:45:08.015,68739.0,0.00016,B,10.998240000000001,869250533999412
1774172709000,2026-03-22 09:45:09.000,68739.0,0.00069,B,47.42991,875388502471351
1774172709000,2026-03-22 09:45:09.000,68739.0,0.00093,B,63.92727000000001,650502426179052
1774172711011,2026-03-22 09:45:11.011,68738.0,0.00017,A,11.68546,566488771976393
1774172713509,2026-03-22 09:45:13.509,68738.0,0.003,A,206.214,539856332509811
1774172714031,2026-03-22 09:45:14.031,68738.0,0.00416,A,285.95007999999996,78890257777747
1774172714249,2026-03-22 09:45:14.249,68738.0,0.00017,A,11.68546,1073086257336646
1774172714249,2026-03-22 09:45:14.249,68738.0,0.00035,A,24.0583,523088528403508
1774172714249,2026-03-22 09:45:14.249,68738.0,0.05,A,3436.9,291421796710701
1774172714738,2026-03-22 09:45:14.738,68737.0,0.00017,A,11.68529,517342967109688
1774172714738,2026-03-22 09:45:14.738,68736.0,0.00017,A,11.685120000000001,696296342511565
1774172714738,2026-03-22 09:45:14.738,68735.0,0.00017,A,11.68495,887432510253850
1774172714738,2026-03-22 09:45:14.738,68735.0,0.00017,A,11.68495,905975327190928
1774172714946,2026-03-22 09:45:14.946,68734.0,0.00017,A,11.684780000000002,21280143491530
1774172714946,2026-03-22 09:45:14.946,68734.0,0.02195,A,1508.7113000000002,263290971314866
1774172715760,2026-03-22 09:45:15.760,68733.0,0.00017,A,11.684610000000001,821280685345305
1774172715760,2026-03-22 09:45:15.760,68733.0,0.003,A,206.199,803874995591275
1774172715760,2026-03-22 09:45:15.760,68732.0,0.00017,A,11.68444,74779039280897
1774172715760,2026-03-22 09:45:15.760,68732.0,0.00017,A,11.68444,490952949925052
1774172715760,2026-03-22 09:45:15.760,68732.0,0.00116,A,79.72912,193363500271747
1774172715760,2026-03-22 09:45:15.760,68731.0,0.00017,A,11.684270000000001,407039572514814
1774172715760,2026-03-22 09:45:15.760,68730.0,0.00017,A,11.6841,517135558322856
1774172715760,2026-03-22 09:45:15.760,68729.0,0.00017,A,11.68393,570805635982331
1774172715760,2026-03-22 09:45:15.760,68728.0,0.00017,A,11.683760000000001,447600032941932
1774172715760,2026-03-22 09:45:15.760,68728.0,0.00017,A,11.683760000000001,637080231679238
1774172715760,2026-03-22 09:45:15.760,68728.0,0.003,A,206.184,394728679316227
1774172715760,2026-03-22 09:45:15.760,68727.0,0.00017,A,11.68359,329268617385469
1774172715760,2026-03-22 09:45:15.760,68727.0,0.02322,A,1595.84094,892029548945216
1774172715760,2026-03-22 09:45:15.760,68726.0,0.00017,A,11.683420000000002,995210173298768
1774172715760,2026-03-22 09:45:15.760,68725.0,0.00017,A,11.683250000000001,145286340741116
1774172715760,2026-03-22 09:45:15.760,68724.0,0.00017,A,11.68308,74143745713470
1774172715760,2026-03-22 09:45:15.760,68724.0,0.00017,A,11.68308,532740271170532
1774172715760,2026-03-22 09:45:15.760,68724.0,0.04015,A,2759.2686,637998969860239
1774172718166,2026-03-22 09:45:18.166,68725.0,0.00069,B,47.420249999999996,1103161933625977
1774172719078,2026-03-22 09:45:19.078,68724.0,0.00063,A,43.29612,831007077003231
1774172720771,2026-03-22 09:45:20.771,68725.0,0.04839,B,3325.60275,49036185493454
1774172720771,2026-03-22 09:45:20.771,68725.0,0.03949,B,2713.95025,588138273307184
1774172721135,2026-03-22 09:45:21.135,68724.0,0.07618,A,5235.394319999999,799029539353995
1774172721135,2026-03-22 09:45:21.135,68724.0,0.01207,A,829.49868,543458929003561
1774172723160,2026-03-22 09:45:23.160,68724.0,0.0006,A,41.234399999999994,347902803356516
1774172724054,2026-03-22 09:45:24.054,68724.0,0.03589,A,2466.50436,203231484222501
1774172725078,2026-03-22 09:45:25.078,68725.0,0.00036,B,24.741000000000003,598604290504769
1774172725078,2026-03-22 09:45:25.078,68725.0,0.00015,B,10.30875,120464496994328
1774172725078,2026-03-22 09:45:25.078,68725.0,0.00036,B,24.741000000000003,462980935215
1774172725078,2026-03-22 09:45:25.078,68725.0,0.00052,B,35.736999999999995,911600946830790
1774172725078,2026-03-22 09:45:25.078,68726.0,0.00015,B,10.3089,31006537204023
1774172725445,2026-03-22 09:45:25.445,68729.0,0.08096,A,5564.299840000001,322874591775036
1774172725445,2026-03-22 09:45:25.445,68729.0,0.02472,A,1698.9808799999998,660807175213145
1774172725445,2026-03-22 09:45:25.445,68729.0,0.10128,A,6960.873119999999,449630285404803
1774172725445,2026-03-22 09:45:25.445,68729.0,0.08096,A,5564.299840000001,826813859148388
1774172725445,2026-03-22 09:45:25.445,68729.0,0.1295,A,8900.4055,601031219690824
1774172725684,2026-03-22 09:45:25.684,68730.0,0.003,B,206.19,750118112598262
1774172725684,2026-03-22 09:45:25.684,68731.0,0.00017,B,11.684270000000001,842228592335515
1774172725684,2026-03-22 09:45:25.684,68732.0,0.00438,B,301.04616,1035727634254289
1774172727582,2026-03-22 09:45:27.582,68731.0,0.0136,A,934.7416,273094984368303
1774172727851,2026-03-22 09:45:27.851,68731.0,0.00381,A,261.86511,116548488294814
1774172728008,2026-03-22 09:45:28.008,68731.0,0.01,A,687.3100000000001,505572538385535
1774172728239,2026-03-22 09:45:28.239,68732.0,0.02471,B,1698.36772,519331158770365
1774172728239,2026-03-22 09:45:28.239,68732.0,0.00017,B,11.68444,308149184933686
1774172728239,2026-03-22 09:45:28.239,68732.0,0.0042,B,288.6744,958383320311963
1774172728239,2026-03-22 09:45:28.239,68732.0,0.04645,B,3192.6014,1033373257196084
1774172728386,2026-03-22 09:45:28.386,68731.0,0.07553,A,5191.25243,66890711760242
1774172728943,2026-03-22 09:45:28.943,68732.0,0.00864,B,593.84448,59394746796526
1774172729863,2026-03-22 09:45:29.863,68731.0,0.00142,A,97.59802,1037778822170614
1774172731003,2026-03-22 09:45:31.003,68731.0,0.00238,A,163.57978,786424259578938
1774172732498,2026-03-22 09:45:32.498,68731.0,0.00943,A,648.1333299999999,461945340137426
1774172733037,2026-03-22 09:45:33.037,68731.0,0.00028,A,19.24468,671680533353032
1774172733037,2026-03-22 09:45:33.037,68731.0,0.00017,A,11.684270000000001,110917823040798
1774172734048,2026-03-22 09:45:34.048,68731.0,0.00141,A,96.91071,335419698239691
1774172736337,2026-03-22 09:45:36.337,68732.0,0.00243,B,167.01876,583782080168581
1774172737485,2026-03-22 09:45:37.485,68731.0,0.00105,A,72.16754999999999,538172862544176
1774172737800,2026-03-22 09:45:37.800,68731.0,0.00105,A,72.16754999999999,1106413982559136
1774172737800,2026-03-22 09:45:37.800,68732.0,0.0207,B,1422.7524,345601671701006
1774172738002,2026-03-22 09:45:38.002,68732.0,0.00016,B,10.99712,1013501368667419
1774172739006,2026-03-22 09:45:39.006,68732.0,0.00161,B,110.65852000000001,688548359473807
1774172739954,2026-03-22 09:45:39.954,68731.0,0.0104,A,714.8023999999999,571237296051300
1774172740614,2026-03-22 09:45:40.614,68732.0,0.0013,B,89.35159999999999,302883371099871
1774172740614,2026-03-22 09:45:40.614,68732.0,0.07584,B,5212.6348800000005,831427363662534
1774172740760,2026-03-22 09:45:40.760,68732.0,0.10444,B,7178.370080000001,138119174445613
1774172743939,2026-03-22 09:45:43.939,68732.0,0.00017,B,11.68444,426297769771381
1774172743990,2026-03-22 09:45:43.990,68733.0,0.00015,B,10.309949999999999,430701075554301
1774172743990,2026-03-22 09:45:43.990,68733.0,0.00017,B,11.684610000000001,820247183303327
1774172743990,2026-03-22 09:45:43.990,68733.0,0.0002,B,13.7466,208981545150703
1774172744038,2026-03-22 09:45:44.038,68732.0,0.00128,A,87.97696,711290338907503
1774172744038,2026-03-22 09:45:44.038,68732.0,0.00288,A,197.94816,403069925330166
1774172744135,2026-03-22 09:45:44.135,68734.0,0.00017,B,11.684780000000002,294364931499746
1774172744135,2026-03-22 09:45:44.135,68734.0,0.00017,B,11.684780000000002,1008045842652442
1774172744135,2026-03-22 09:45:44.135,68734.0,0.00015,B,10.310099999999998,613867867185058
1774172744342,2026-03-22 09:45:44.342,68735.0,0.00017,B,11.68495,1017825370786046
1774172744342,2026-03-22 09:45:44.342,68735.0,0.00015,B,10.31025,280494626824244
1774172744799,2026-03-22 09:45:44.799,68736.0,0.00017,B,11.685120000000001,54898039523823
1774172744799,2026-03-22 09:45:44.799,68736.0,0.00601,B,413.10335999999995,983933787342918
1774172746397,2026-03-22 09:45:46.397,68736.0,0.00116,B,79.73376,869899888138724
1774172747599,2026-03-22 09:45:47.599,68735.0,0.00071,A,48.80185,794224097572121
1774172749018,2026-03-22 09:45:49.018,68735.0,0.00041,A,28.18135,547438703103994
1774172749637,2026-03-22 09:45:49.637,68736.0,0.00015,B,10.3104,334456642097728
1774172753852,2026-03-22 09:45:53.852,68735.0,0.00219,A,150.52965,331270392991888
1774172754004,2026-03-22 09:45:54.004,68735.0,0.00436,A,299.6846,544546562655119
1774172754004,2026-03-22 09:45:54.004,68735.0,0.03193,A,2194.70855,584033677803399
1774172755826,2026-03-22 09:45:55.826,68736.0,0.00017,B,11.685120000000001,923672913835922
1774172755826,2026-03-22 09:45:55.826,68737.0,0.00015,B,10.31055,182760241038772
1774172755826,2026-03-22 09:45:55.826,68737.0,0.00017,B,11.68529,1019729250195845
1774172755826,2026-03-22 09:45:55.826,68738.0,0.00017,B,11.68546,37445868810289
1774172755826,2026-03-22 09:45:55.826,68738.0,0.00017,B,11.68546,621798103848136
1774172755826,2026-03-22 09:45:55.826,68738.0,0.00015,B,10.310699999999999,304321339270650
1774172755826,2026-03-22 09:45:55.826,68739.0,0.00017,B,11.685630000000002,85831458396603
1774172755826,2026-03-22 09:45:55.826,68739.0,0.001,B,68.739,453464978142241
1774172755826,2026-03-22 09:45:55.826,68739.0,0.003,B,206.217,394373717431952
1774172755826,2026-03-22 09:45:55.826,68739.0,0.00015,B,10.310849999999999,203990310761341
1774172756087,2026-03-22 09:45:56.087,68740.0,0.00017,B,11.6858,707810614342004
1774172756087,2026-03-22 09:45:56.087,68741.0,0.00017,B,11.685970000000001,184667968245414
1774172756087,2026-03-22 09:45:56.087,68742.0,0.00017,B,11.68614,531318917495473
1774172756087,2026-03-22 09:45:56.087,68742.0,0.00017,B,11.68614,384713280733138
1774172756087,2026-03-22 09:45:56.087,68743.0,0.00017,B,11.68631,781008580419191
1774172756087,2026-03-22 09:45:56.087,68744.0,0.00017,B,11.686480000000001,815195299796666
1774172756087,2026-03-22 09:45:56.087,68745.0,0.00017,B,11.68665,1049695465824351
1774172756087,2026-03-22 09:45:56.087,68745.0,0.00017,B,11.68665,997804493057696
1774172756087,2026-03-22 09:45:56.087,68746.0,0.00017,B,11.68682,678463652876478
1774172756087,2026-03-22 09:45:56.087,68746.0,0.003,B,206.238,318319026916893
1774172756087,2026-03-22 09:45:56.087,68747.0,0.00015,B,10.31205,350519054683316
1774172756087,2026-03-22 09:45:56.087,68747.0,0.00017,B,11.686990000000002,1043558782246429
1774172756087,2026-03-22 09:45:56.087,68747.0,0.00018,B,12.374460000000001,435963473104068
1774172756087,2026-03-22 09:45:56.087,68747.0,0.02682,B,1843.79454,26193804801871
1774172756619,2026-03-22 09:45:56.619,68747.0,0.00227,B,156.05569,951323287033437
1774172756619,2026-03-22 09:45:56.619,68747.0,0.00468,B,321.73596000000003,203860994602574
1774172757294,2026-03-22 09:45:57.294,68747.0,0.00018,B,12.374460000000001,232611803142164
1774172757894,2026-03-22 09:45:57.894,68747.0,0.00531,B,365.04657,1015569006285149
1774172757894,2026-03-22 09:45:57.894,68747.0,0.00017,B,11.686990000000002,564159941658357
1774172757894,2026-03-22 09:45:57.894,68747.0,0.00141,B,96.93327000000001,54615421098047
1774172759062,2026-03-22 09:45:59.062,68747.0,0.0002,A,13.749400000000001,57151030059705
1774172759062,2026-03-22 09:45:59.062,68747.0,0.00176,A,120.99472,674429823029480
1774172759228,2026-03-22 09:45:59.228,68747.0,0.00197,A,135.43159,403584872806531
1774172761035,2026-03-22 09:46:01.035,68747.0,0.00238,A,163.61786,1097326457776368
1774172762035,2026-03-22 09:46:02.035,68747.0,0.00031,A,21.31157,459518034619035
1774172763033,2026-03-22 09:46:03.033,68747.0,0.00029,A,19.93663,1121847581313315
1774172763033,2026-03-22 09:46:03.033,68747.0,0.00017,A,11.686990000000002,554779147980067
1774172765025,2026-03-22 09:46:05.025,68747.0,0.00142,A,97.62074,254685385164550
1774172765852,2026-03-22 09:46:05.852,68747.0,0.00893,A,613.91071,975446699731104
1774172767052,2026-03-22 09:46:07.052,68747.0,0.014,A,962.458,902359885773029
1774172768044,2026-03-22 09:46:08.044,68748.0,0.00016,B,10.999680000000001,1099007654354837
1774172769043,2026-03-22 09:46:09.043,68748.0,6e-05,B,4.12488,653981499578203
1774172769043,2026-03-22 09:46:09.043,68748.0,0.00156,B,107.24688,222467685051345
1774172769043,2026-03-22 09:46:09.043,68748.0,0.001,B,68.748,995940772730227
1774172771061,2026-03-22 09:46:11.061,68747.0,0.00017,A,11.686990000000002,882944110983959
1774172774019,2026-03-22 09:46:14.019,68747.0,0.00416,A,285.98751999999996,781215122196617
1774172778636,2026-03-22 09:46:18.636,68748.0,0.01337,B,919.16076,1112935710378602
1774172778834,2026-03-22 09:46:18.834,68747.0,0.00339,A,233.05232999999998,898583925819356
1774172779032,2026-03-22 09:46:19.032,68747.0,0.00058,A,39.87326,99943495356726
1774172779712,2026-03-22 09:46:19.712,68747.0,0.0004,A,27.498800000000003,981753894291155
1774172784063,2026-03-22 09:46:24.063,68747.0,0.04798,A,3298.48106,85561677107599
1774172788020,2026-03-22 09:46:28.020,68747.0,0.0029,A,199.3663,621893451651675
1774172789798,2026-03-22 09:46:29.798,68748.0,0.01316,B,904.72368,972628041572858
1774172789798,2026-03-22 09:46:29.798,68748.0,0.01593,B,1095.15564,1124310508314024
1774172791031,2026-03-22 09:46:31.031,68747.0,0.00238,A,163.61786,663279045145750
1774172791096,2026-03-22 09:46:31.096,68748.0,0.00017,B,11.68716,421236181160965
1774172791096,2026-03-22 09:46:31.096,68749.0,0.00016,B,10.99984,1094585776232120
1774172791298,2026-03-22 09:46:31.298,68749.0,1e-05,B,0.68749,996425769299685
1774172791298,2026-03-22 09:46:31.298,68749.0,0.00017,B,11.687330000000001,166843599456573
1774172791298,2026-03-22 09:46:31.298,68749.0,0.00016,B,10.99984,575887577840091
1774172791298,2026-03-22 09:46:31.298,68750.0,0.00017,B,11.6875,102703055545790
1774172791595,2026-03-22 09:46:31.595,68751.0,0.00017,B,11.68767,86245497715009
1774172791595,2026-03-22 09:46:31.595,68752.0,0.00017,B,11.687840000000001,361951774674510
1774172791595,2026-03-22 09:46:31.595,68752.0,0.003,B,206.256,833149260059549
1774172791595,2026-03-22 09:46:31.595,68753.0,0.00017,B,11.68801,297016249282916
1774172791595,2026-03-22 09:46:31.595,68753.0,0.00017,B,11.68801,323195133351226
1774172791595,2026-03-22 09:46:31.595,68754.0,0.00017,B,11.688180000000001,900584704256521
1774172792933,2026-03-22 09:46:32.933,68756.0,0.00017,B,11.68852,831936953452621
1774172792933,2026-03-22 09:46:32.933,68756.0,0.01017,B,699.24852,57503939273757
1774172792933,2026-03-22 09:46:32.933,68756.0,0.0002,B,13.7512,657293527494489
1774172793006,2026-03-22 09:46:33.006,68756.0,0.00019,A,13.063640000000001,720169855773909
1774172793006,2026-03-22 09:46:33.006,68756.0,0.0001,A,6.8756,667321116482016
1774172793006,2026-03-22 09:46:33.006,68756.0,0.00017,A,11.68852,386435172921471
1774172794533,2026-03-22 09:46:34.533,68757.0,0.00072,B,49.50504,186109805993218
1774172795016,2026-03-22 09:46:35.016,68756.0,0.00142,A,97.63352,118206116053247
1774172796751,2026-03-22 09:46:36.751,68756.0,6e-05,A,4.12536,678198822632319
1774172796833,2026-03-22 09:46:36.833,68757.0,0.00228,B,156.76596,1077102587705964
1774172796833,2026-03-22 09:46:36.833,68757.0,0.00017,B,11.688690000000001,485550610206324
1774172796833,2026-03-22 09:46:36.833,68757.0,0.00291,B,200.08286999999999,951265741901661
1774172797263,2026-03-22 09:46:37.263,68758.0,0.33333,B,22919.10414,238682561425147
1774172797263,2026-03-22 09:46:37.263,68758.0,0.03565,B,2451.2227000000003,650365455396349
1774172797263,2026-03-22 09:46:37.263,68759.0,0.00017,B,11.68903,953728981197751
1774172797263,2026-03-22 09:46:37.263,68760.0,0.00017,B,11.689200000000001,662221376973768
1774172798054,2026-03-22 09:46:38.054,68762.0,0.00016,B,11.00192,419701254525197
1774172798156,2026-03-22 09:46:38.156,68762.0,1e-05,B,0.68762,943712455499705
1774172798156,2026-03-22 09:46:38.156,68762.0,0.00476,B,327.30712,95221654344552
1774172799059,2026-03-22 09:46:39.059,68762.0,0.00162,B,111.39443999999999,720740972111962
1774172799059,2026-03-22 09:46:39.059,68762.0,0.00379,B,260.60798,1098641774224983
1774172799059,2026-03-22 09:46:39.059,68762.0,0.0002,B,13.752400000000002,772076731247357
1774172799059,2026-03-22 09:46:39.059,68762.0,0.00017,B,11.689540000000001,279157767065411
1774172800559,2026-03-22 09:46:40.559,68763.0,0.00017,B,11.689710000000002,410584698999756
1774172800559,2026-03-22 09:46:40.559,68763.0,0.00125,B,85.95375,1105724401395610
1774172801067,2026-03-22 09:46:41.067,68762.0,0.00017,A,11.689540000000001,397396864363264
1774172801264,2026-03-22 09:46:41.264,68762.0,0.00016,A,11.00192,680711143167115
1774172802558,2026-03-22 09:46:42.558,68763.0,0.00426,B,292.93038,134766359807196
1774172803490,2026-03-22 09:46:43.490,68763.0,0.00591,B,406.38933000000003,1087515242176088
1774172803490,2026-03-22 09:46:43.490,68763.0,2e-05,B,1.3752600000000001,286198041819016
1774172803775,2026-03-22 09:46:43.775,68764.0,0.00017,B,11.68988,836477839232415
1774172803775,2026-03-22 09:46:43.775,68764.0,0.00022,B,15.12808,208999462614476
1774172803775,2026-03-22 09:46:43.775,68764.0,0.00017,B,11.68988,174617148066901
1774172803775,2026-03-22 09:46:43.775,68764.0,0.0002,B,13.7528,640308129833148
1774172803775,2026-03-22 09:46:43.775,68764.0,0.02243,B,1542.3765199999998,559778412055577
1774172804037,2026-03-22 09:46:44.037,68763.0,0.00415,A,285.36645,797134219927060
1774172804175,2026-03-22 09:46:44.175,68763.0,0.00872,A,599.6133600000001,107080976675377
1774172805300,2026-03-22 09:46:45.300,68763.0,0.00299,A,205.60137,903963096874587
1774172805384,2026-03-22 09:46:45.384,68763.0,0.003,A,206.28900000000002,585600022112511
1774172807601,2026-03-22 09:46:47.601,68763.0,0.00022,A,15.12786,205639816014776
1774172807601,2026-03-22 09:46:47.601,68762.0,0.00129,A,88.70298,339080185789962
1774172807601,2026-03-22 09:46:47.601,68762.0,0.00022,A,15.127640000000001,844874505262672
1774172807601,2026-03-22 09:46:47.601,68762.0,0.00015,A,10.3143,790588519069579
1774172807601,2026-03-22 09:46:47.601,68762.0,0.00129,A,88.70298,861857543787667
1774172807601,2026-03-22 09:46:47.601,68762.0,0.00129,A,88.70298,590858553059959
1774172807601,2026-03-22 09:46:47.601,68762.0,0.00129,A,88.70298,520410885733129
1774172807601,2026-03-22 09:46:47.601,68762.0,0.00129,A,88.70298,213439379163619
1774172807601,2026-03-22 09:46:47.601,68762.0,0.00182,A,125.14684,327600261775344
1774172807918,2026-03-22 09:46:47.918,68760.0,0.00017,A,11.689200000000001,115612281610288
1774172807918,2026-03-22 09:46:47.918,68760.0,0.00015,A,10.313999999999998,226988230465635
1774172807918,2026-03-22 09:46:47.918,68759.0,0.00017,A,11.68903,652746652803275
1774172808814,2026-03-22 09:46:48.814,68758.0,0.01465,B,1007.3047,538610195782224
1774172809013,2026-03-22 09:46:49.013,68757.0,0.00017,A,11.688690000000001,389144696317494
1774172809013,2026-03-22 09:46:49.013,68757.0,0.00017,A,11.688690000000001,1049084668425607
1774172809013,2026-03-22 09:46:49.013,68756.0,7e-05,A,4.812919999999999,419251659327300
1774172809361,2026-03-22 09:46:49.361,68756.0,0.00121,A,83.19475999999999,247464041063204
1774172809361,2026-03-22 09:46:49.361,68756.0,0.00017,A,11.68852,959370376203165
1774172809361,2026-03-22 09:46:49.361,68756.0,0.003,A,206.268,345860405464905
1774172809361,2026-03-22 09:46:49.361,68755.0,0.00026,A,17.876299999999997,592257961218867
1774172809361,2026-03-22 09:46:49.361,68755.0,0.00017,A,11.688350000000002,246623611808259
1774172809361,2026-03-22 09:46:49.361,68755.0,0.00015,A,10.313249999999998,252810966623850
1774172809361,2026-03-22 09:46:49.361,68754.0,0.00017,A,11.688180000000001,815652257069469
1774172810045,2026-03-22 09:46:50.045,68754.0,0.00046,B,31.62684,628724209049247
1774172810643,2026-03-22 09:46:50.643,68754.0,0.0003,B,20.626199999999997,88066890141982
1774172811239,2026-03-22 09:46:51.239,68753.0,0.00017,A,11.68801,1057788408486755
1774172811239,2026-03-22 09:46:51.239,68752.0,0.00017,A,11.687840000000001,1083387493568559
1774172811239,2026-03-22 09:46:51.239,68752.0,0.00015,A,10.3128,283093741615929
1774172811239,2026-03-22 09:46:51.239,68751.0,0.00017,A,11.68767,124899855468910
1774172811239,2026-03-22 09:46:51.239,68751.0,0.00015,A,10.31265,479012417588991
1774172811239,2026-03-22 09:46:51.239,68750.0,0.00017,A,11.6875,777421682846058
1774172811239,2026-03-22 09:46:51.239,68750.0,0.00017,A,11.6875,844556302360936
1774172811239,2026-03-22 09:46:51.239,68750.0,0.00015,A,10.312499999999998,880713384895672
1774172811239,2026-03-22 09:46:51.239,68749.0,0.003,A,206.247,664059607841092
1774172811239,2026-03-22 09:46:51.239,68749.0,0.00017,A,11.687330000000001,988523637417119
1774172811239,2026-03-22 09:46:51.239,68748.0,0.00017,A,11.68716,598198170773867
1774172811239,2026-03-22 09:46:51.239,68747.0,0.01553,A,1067.64091,586757639760088
1774172811239,2026-03-22 09:46:51.239,68747.0,0.00017,A,11.686990000000002,749838762925723
1774172811239,2026-03-22 09:46:51.239,68746.0,0.00017,A,11.68682,889371956987087
1774172811239,2026-03-22 09:46:51.239,68746.0,0.00017,A,11.68682,57244503626266
1774172811239,2026-03-22 09:46:51.239,68746.0,0.03748,A,2576.60008,1006246123795527
1774172812837,2026-03-22 09:46:52.837,68747.0,0.00044,B,30.24868,987442191817549
1774172813495,2026-03-22 09:46:53.495,68746.0,0.01316,A,904.69736,607560201824620
1774172813644,2026-03-22 09:46:53.644,68746.0,0.01315,A,904.0099,361667255046262
1774172813844,2026-03-22 09:46:53.844,68747.0,6e-05,B,4.12482,62588043847631
1774172814040,2026-03-22 09:46:54.040,68746.0,0.03105,A,2134.5633000000003,705454111282325
1774172814962,2026-03-22 09:46:54.962,68746.0,0.00017,A,11.68682,74529450904836
1774172814962,2026-03-22 09:46:54.962,68746.0,5e-05,A,3.4373,1101029866708005
1774172815436,2026-03-22 09:46:55.436,68746.0,0.00123,A,84.55758,313202925292866
1774172815436,2026-03-22 09:46:55.436,68746.0,0.00017,A,11.68682,104836115281085
1774172815436,2026-03-22 09:46:55.436,68745.0,7e-05,A,4.81215,157276910739918
1774172815436,2026-03-22 09:46:55.436,68745.0,0.0001,A,6.8745,626759576020014
1774172815436,2026-03-22 09:46:55.436,68744.0,0.00017,A,11.686480000000001,456453615330848
1774172815436,2026-03-22 09:46:55.436,68743.0,0.00017,A,11.68631,843701635888326
1774172815436,2026-03-22 09:46:55.436,68743.0,0.00017,A,11.68631,712617950698038
1774172815436,2026-03-22 09:46:55.436,68743.0,0.003,A,206.229,19066704642927
1774172815436,2026-03-22 09:46:55.436,68743.0,0.00015,A,10.311449999999999,687085500254336
1774172816190,2026-03-22 09:46:56.190,68743.0,0.01,B,687.4300000000001,944668021373279
1774172816610,2026-03-22 09:46:56.610,68743.0,0.00813,B,558.88059,317369885578073
1774172816885,2026-03-22 09:46:56.885,68742.0,0.00017,A,11.68614,775178723227018
1774172816885,2026-03-22 09:46:56.885,68741.0,0.00017,A,11.685970000000001,290411438222695
1774172816885,2026-03-22 09:46:56.885,68741.0,0.03105,A,2134.40805,153315759165505
1774172816885,2026-03-22 09:46:56.885,68741.0,0.06895,A,4739.691949999999,595113485331111
1774172816885,2026-03-22 09:46:56.885,68740.0,0.00017,A,11.6858,556771130832870
1774172816885,2026-03-22 09:46:56.885,68739.0,0.00017,A,11.685630000000002,491113586480437
1774172816885,2026-03-22 09:46:56.885,68739.0,0.00017,A,11.685630000000002,388770679247823
1774172816885,2026-03-22 09:46:56.885,68738.0,0.00017,A,11.68546,166432143222132
1774172816885,2026-03-22 09:46:56.885,68738.0,0.00015,A,10.310699999999999,143164078245623
1774172816885,2026-03-22 09:46:56.885,68737.0,0.00017,A,11.68529,730230778502232
1774172816885,2026-03-22 09:46:56.885,68737.0,0.01163,A,799.41131,310752807128098
1774172816885,2026-03-22 09:46:56.885,68737.0,0.05665,A,3893.95105,326764676135663
1774172816885,2026-03-22 09:46:56.885,68736.0,0.00017,A,11.685120000000001,1036404877628080
1774172816885,2026-03-22 09:46:56.885,68736.0,0.00083,A,57.05088,187110918702053
1774172819070,2026-03-22 09:46:59.070,68736.0,0.00044,A,30.243840000000002,274113455025010
1774172821039,2026-03-22 09:47:01.039,68736.0,0.00237,A,162.90432,569502700532552
1774172823094,2026-03-22 09:47:03.094,68736.0,0.00028,A,19.24608,738569848558676
1774172823094,2026-03-22 09:47:03.094,68736.0,0.00017,A,11.685120000000001,773564572184779
1774172824140,2026-03-22 09:47:04.140,68736.0,0.00017,A,11.685120000000001,234481968386670
1774172825063,2026-03-22 09:47:05.063,68735.0,0.00017,A,11.68495,19283033517608
1774172825063,2026-03-22 09:47:05.063,68734.0,0.00017,A,11.684780000000002,1025521004841250
1774172825063,2026-03-22 09:47:05.063,68733.0,0.00017,A,11.684610000000001,335835044208801
1774172825063,2026-03-22 09:47:05.063,68733.0,0.00091,A,62.54703,236951010407321
1774172827488,2026-03-22 09:47:07.488,68734.0,0.0207,B,1422.7938,314648559864009
1774172828028,2026-03-22 09:47:08.028,68734.0,0.00016,B,10.997440000000001,404315414458832
1774172828112,2026-03-22 09:47:08.112,68733.0,0.00017,A,11.684610000000001,461843567633629
1774172828112,2026-03-22 09:47:08.112,68732.0,0.00017,A,11.68444,279317161680525
1774172828112,2026-03-22 09:47:08.112,68732.0,0.003,A,206.196,180760249556544
1774172828112,2026-03-22 09:47:08.112,68732.0,0.00015,A,10.3098,995946329039869
1774172828228,2026-03-22 09:47:08.228,68731.0,0.00017,A,11.684270000000001,566782904424268
1774172828228,2026-03-22 09:47:08.228,68730.0,0.00022,A,15.120600000000001,1077828794857026
1774172828228,2026-03-22 09:47:08.228,68730.0,0.00017,A,11.6841,749704086687082
1774172828228,2026-03-22 09:47:08.228,68729.0,0.00017,A,11.68393,557251267058942
1774172828321,2026-03-22 09:47:08.321,68728.0,0.00017,A,11.683760000000001,601419603685311
1774172828321,2026-03-22 09:47:08.321,68728.0,0.00017,A,11.683760000000001,223166823964312
1774172828418,2026-03-22 09:47:08.418,68727.0,0.00017,A,11.68359,288604061824437
1774172828418,2026-03-22 09:47:08.418,68726.0,0.00017,A,11.683420000000002,817079809143077
1774172828418,2026-03-22 09:47:08.418,68726.0,0.003,A,206.178,822552960553212
1774172829033,2026-03-22 09:47:09.033,68726.0,0.00162,B,111.33612,1015127191174266
1774172829746,2026-03-22 09:47:09.746,68726.0,0.0003,A,20.6178,997707558323499
1774172830426,2026-03-22 09:47:10.426,68727.0,0.0018,B,123.70859999999999,359143168373677
1774172830426,2026-03-22 09:47:10.426,68727.0,0.00212,B,145.70123999999998,140065679399249
1774172831083,2026-03-22 09:47:11.083,68726.0,0.00018,A,12.37068,896084217311452
1774172831642,2026-03-22 09:47:11.642,68727.0,0.00872,B,599.29944,8690383147544
1774172832224,2026-03-22 09:47:12.224,68727.0,0.0011,B,75.5997,614918506031750
1774172833863,2026-03-22 09:47:13.863,68726.0,0.00128,A,87.96928000000001,749061961181927
1774172834057,2026-03-22 09:47:14.057,68725.0,0.00017,A,11.683250000000001,146351156315606
1774172834057,2026-03-22 09:47:14.057,68724.0,0.00017,A,11.68308,334181924612913
1774172834057,2026-03-22 09:47:14.057,68724.0,0.00017,A,11.68308,743801444326431
1774172834057,2026-03-22 09:47:14.057,68723.0,0.00017,A,11.682910000000001,851367313018215
1774172834057,2026-03-22 09:47:14.057,68723.0,0.003,A,206.169,857320727421096
1774172834057,2026-03-22 09:47:14.057,68722.0,0.00017,A,11.68274,1101174149617910
1774172834057,2026-03-22 09:47:14.057,68721.0,0.00017,A,11.68257,807761065680181
1774172834057,2026-03-22 09:47:14.057,68721.0,0.00014,A,9.62094,490778057449549
1774172838026,2026-03-22 09:47:18.026,68722.0,0.001,B,68.72200000000001,469275922818634
1774172839033,2026-03-22 09:47:19.033,68721.0,0.00062,A,42.60702,33187605024505
1774172841708,2026-03-22 09:47:21.708,68721.0,0.00017,A,11.68257,401011454974569
1774172841708,2026-03-22 09:47:21.708,68720.0,0.00017,A,11.682400000000001,421561390041864
1774172841708,2026-03-22 09:47:21.708,68719.0,0.00017,A,11.68223,852482351164846
1774172841708,2026-03-22 09:47:21.708,68718.0,0.00015,A,10.307699999999999,359676300433443
1774172841708,2026-03-22 09:47:21.708,68718.0,0.00017,A,11.682060000000002,732577029663381
1774172841708,2026-03-22 09:47:21.708,68717.0,0.00017,A,11.681890000000001,462950985319890
1774172841708,2026-03-22 09:47:21.708,68717.0,0.00017,A,11.681890000000001,729523140248665
1774172841708,2026-03-22 09:47:21.708,68717.0,0.00933,A,641.12961,737867035859575
1774172844064,2026-03-22 09:47:24.064,68717.0,0.04999,A,3435.1628299999998,945353226551544
1774172844934,2026-03-22 09:47:24.934,68718.0,0.0256,B,1759.1808,769818612003427
1774172847530,2026-03-22 09:47:27.530,68717.0,1e-05,A,0.6871700000000001,476000850690410
1774172848940,2026-03-22 09:47:28.940,68718.0,0.00016,B,10.99488,596962564547177
1774172849458,2026-03-22 09:47:29.458,68718.0,0.00301,B,206.84118,855606997352904
1774172849458,2026-03-22 09:47:29.458,68718.0,0.02123,B,1458.88314,107230431558709
1774172849458,2026-03-22 09:47:29.458,68718.0,0.00022,B,15.11796,450394860709580
1774172849458,2026-03-22 09:47:29.458,68718.0,0.01871,B,1285.71378,550117785119292
1774172850151,2026-03-22 09:47:30.151,68718.0,0.00573,B,393.75414,662530200610894
1774172850352,2026-03-22 09:47:30.352,68718.0,0.00116,B,79.71288,863942610133087
1774172850352,2026-03-22 09:47:30.352,68719.0,0.00015,B,10.307849999999998,454064332695451
1774172851064,2026-03-22 09:47:31.064,68720.0,0.00238,A,163.55360000000002,986092504402598
1774172851153,2026-03-22 09:47:31.153,68720.0,0.00352,A,241.89440000000002,659412964936368
1774172851153,2026-03-22 09:47:31.153,68720.0,0.01122,A,771.0384,327854589789429
1774172853064,2026-03-22 09:47:33.064,68720.0,0.00029,A,19.9288,753607380425171
1774172853064,2026-03-22 09:47:33.064,68720.0,0.00018,A,12.3696,810941501559868
1774172854065,2026-03-22 09:47:34.065,68720.0,0.00142,A,97.5824,897907897134379
1774172854683,2026-03-22 09:47:34.683,68720.0,0.18848,A,12952.3456,287144573959624
