time,datetime_utc,px,sz,side,notional,tid
1774148906613,2026-03-22 03:08:26.613,69184.0,0.08938,A,6183.66592,163300537559564
1774148906613,2026-03-22 03:08:26.613,69184.0,0.10734,A,7426.21056,576088049212760
1774148906613,2026-03-22 03:08:26.613,69184.0,0.09202,A,6366.311680000001,369077529799330
1774148906613,2026-03-22 03:08:26.613,69184.0,0.57818,A,40000.805120000005,510697197864128
1774148906613,2026-03-22 03:08:26.613,69184.0,0.03987,A,2758.3660800000002,317746536239297
1774148906613,2026-03-22 03:08:26.613,69184.0,0.28864,A,19969.26976,955159654732676
1774148906613,2026-03-22 03:08:26.613,69184.0,0.21,A,14528.64,1020451640116550
1774148906613,2026-03-22 03:08:26.613,69184.0,0.23199,A,16049.99616,78180070940698
1774148906613,2026-03-22 03:08:26.613,69184.0,0.35,A,24214.399999999998,652663900569434
1774148906613,2026-03-22 03:08:26.613,69184.0,0.22067,A,15266.83328,154362431061340
1774148906613,2026-03-22 03:08:26.613,69184.0,0.14245,A,9855.2608,32045706031651
1774148907017,2026-03-22 03:08:27.017,69184.0,0.00017,A,11.761280000000001,177007954765113
1774148907017,2026-03-22 03:08:27.017,69185.0,0.00099,B,68.49315,267019596344396
1774148907623,2026-03-22 03:08:27.623,69185.0,0.00021,B,14.52885,1041418493039725
1774148907824,2026-03-22 03:08:27.824,69184.0,0.0002,A,13.8368,230819881666902
1774148910780,2026-03-22 03:08:30.780,69185.0,0.07771,B,5376.36635,484121702009603
1774148915023,2026-03-22 03:08:35.023,69184.0,0.00142,A,98.24128,108014939637221
1774148916714,2026-03-22 03:08:36.714,69185.0,0.06987,B,4833.9559500000005,49217306689126
1774148918029,2026-03-22 03:08:38.029,69185.0,0.00016,B,11.069600000000001,592021120313507
1774148918119,2026-03-22 03:08:38.119,69184.0,0.029,A,2006.336,969210017991323
1774148920744,2026-03-22 03:08:40.744,69185.0,0.05519,B,3818.32015,672991465030508
1774148921347,2026-03-22 03:08:41.347,69185.0,0.18265,B,12636.64025,725153821366078
1774148923055,2026-03-22 03:08:43.055,69185.0,0.00047,B,32.51695,671486128585278
1774148924059,2026-03-22 03:08:44.059,69185.0,0.00759,B,525.11415,996866963627176
1774148924967,2026-03-22 03:08:44.967,69184.0,0.0047,A,325.1648,392966704307729
1774148926075,2026-03-22 03:08:46.075,69184.0,0.00027,A,18.67968,364594854294847
1774148929596,2026-03-22 03:08:49.596,69184.0,0.0047,A,325.1648,36192713048273
1774148930200,2026-03-22 03:08:50.200,69185.0,0.00034,B,23.5229,367263474197935
1774148931006,2026-03-22 03:08:51.006,69184.0,0.00028,A,19.371519999999997,542733651887433
1774148932416,2026-03-22 03:08:52.416,69185.0,0.00898,B,621.2813,1120031967129626
1774148935036,2026-03-22 03:08:55.036,69184.0,0.00082,A,56.73088,826046641209175
1774148936043,2026-03-22 03:08:56.043,69184.0,0.00169,A,116.92096000000001,136826166347666
1774148937049,2026-03-22 03:08:57.049,69184.0,0.00017,A,11.761280000000001,538815936048838
1774148939437,2026-03-22 03:08:59.437,69185.0,0.006,B,415.11,481215395876253
1774148940123,2026-03-22 03:09:00.123,69184.0,0.00017,A,11.761280000000001,1087253358415138
1774148940123,2026-03-22 03:09:00.123,69184.0,0.02891,A,2000.1094400000002,507912815615421
1774148940123,2026-03-22 03:09:00.123,69183.0,0.00015,A,10.37745,884858854565055
1774148940123,2026-03-22 03:09:00.123,69183.0,0.00017,A,11.76111,752435356337588
1774148940268,2026-03-22 03:09:00.268,69182.0,0.00015,A,10.3773,800673708723482
1774148940268,2026-03-22 03:09:00.268,69182.0,0.00017,A,11.760940000000002,317499796868513
1774148940268,2026-03-22 03:09:00.268,69181.0,0.00017,A,11.76077,27153963532238
1774148940268,2026-03-22 03:09:00.268,69180.0,0.00017,A,11.7606,11847222138593
1774148940268,2026-03-22 03:09:00.268,69179.0,0.00017,A,11.760430000000001,203958494250000
1774148940268,2026-03-22 03:09:00.268,69178.0,0.00016,A,11.068480000000001,537648057779887
1774148940268,2026-03-22 03:09:00.268,69178.0,0.00017,A,11.76026,1882813535093
1774148940268,2026-03-22 03:09:00.268,69177.0,0.003,A,207.531,631067275139833
1774148940268,2026-03-22 03:09:00.268,69177.0,0.00017,A,11.760090000000002,496048918735842
1774148940441,2026-03-22 03:09:00.441,69177.0,0.01022,B,706.98894,296220545922173
1774148940778,2026-03-22 03:09:00.778,69176.0,0.00017,A,11.759920000000001,818223336776757
1774148940778,2026-03-22 03:09:00.778,69175.0,0.00017,A,11.75975,783304603287401
1774148940778,2026-03-22 03:09:00.778,69175.0,0.0349,A,2414.2075,50544589816206
1774148941962,2026-03-22 03:09:01.962,69176.0,0.004,B,276.704,772369335379794
1774148942808,2026-03-22 03:09:02.808,69176.0,0.029,B,2006.104,194778055878377
1774148943739,2026-03-22 03:09:03.739,69176.0,0.14453,B,9998.00728,52382488548292
1774148945025,2026-03-22 03:09:05.025,69175.0,0.00142,A,98.2285,181362813720430
1774148946035,2026-03-22 03:09:06.035,69176.0,0.35,B,24211.6,643695449009039
1774148946035,2026-03-22 03:09:06.035,69176.0,0.21,B,14526.96,4460865059824
1774148946035,2026-03-22 03:09:06.035,69176.0,0.21,B,14526.96,927234513466158
1774148946035,2026-03-22 03:09:06.035,69176.0,0.21,B,14526.96,1062008374270529
1774148946035,2026-03-22 03:09:06.035,69176.0,0.21,B,14526.96,967129228003698
1774148946035,2026-03-22 03:09:06.035,69176.0,0.25558,B,17680.00208,685016355585180
1774148947227,2026-03-22 03:09:07.227,69176.0,0.00022,A,15.218720000000001,20156082311241
1774148948002,2026-03-22 03:09:08.002,69182.0,0.00016,B,11.069120000000002,3824627274273
1774148948061,2026-03-22 03:09:08.061,69182.0,0.00028,B,19.370959999999997,725097865319630
1774148948310,2026-03-22 03:09:08.310,69181.0,0.00036,A,24.905160000000002,15434452028398
1774148949940,2026-03-22 03:09:09.940,69182.0,0.00044,B,30.440080000000002,517436440902413
1774148951014,2026-03-22 03:09:11.014,69182.0,0.05283,B,3654.88506,230706224382859
1774148951014,2026-03-22 03:09:11.014,69182.0,0.03909,B,2704.32438,905570553185009
1774148951819,2026-03-22 03:09:11.819,69181.0,0.02538,A,1755.81378,1076190172885157
1774148952219,2026-03-22 03:09:12.219,69181.0,0.07639,A,5284.7365899999995,312454835988738
1774148952219,2026-03-22 03:09:12.219,69181.0,0.18522,A,12813.704819999999,101642834658878
1774148952623,2026-03-22 03:09:12.623,69182.0,0.00017,B,11.760940000000002,956194556558771
1774148952623,2026-03-22 03:09:12.623,69183.0,0.00017,B,11.76111,396184915136604
1774148952623,2026-03-22 03:09:12.623,69183.0,0.00015,B,10.37745,69265982613672
1774148952623,2026-03-22 03:09:12.623,69184.0,0.00016,B,11.06944,199069205999921
1774148952623,2026-03-22 03:09:12.623,69184.0,0.00017,B,11.761280000000001,361659804077932
1774148952623,2026-03-22 03:09:12.623,69185.0,0.00218,B,150.82330000000002,79453566453513
1774148953029,2026-03-22 03:09:13.029,69185.0,0.00046,B,31.825100000000003,331808862262364
1774148953244,2026-03-22 03:09:13.244,69185.0,0.0002,B,13.837000000000002,951458503822697
1774148953244,2026-03-22 03:09:13.244,69185.0,0.00372,B,257.3682,432262178792214
1774148953649,2026-03-22 03:09:13.649,69185.0,0.004,B,276.74,594401168236826
1774148954045,2026-03-22 03:09:14.045,69185.0,0.00759,B,525.11415,203021713781473
1774148954822,2026-03-22 03:09:14.822,69182.0,0.00015,A,10.3773,213670631102505
1774148954822,2026-03-22 03:09:14.822,69181.0,0.00017,A,11.76077,813839168383038
1774148955413,2026-03-22 03:09:15.413,69180.0,0.00017,A,11.7606,321293362022519
1774148955413,2026-03-22 03:09:15.413,69179.0,0.003,A,207.537,8244009365686
1774148955413,2026-03-22 03:09:15.413,69179.0,0.00017,A,11.760430000000001,890909327830983
1774148955413,2026-03-22 03:09:15.413,69179.0,0.00149,B,103.07671,664757490950272
1774148955413,2026-03-22 03:09:15.413,69179.0,1.01179,B,69994.62041,390063024215386
1774148955413,2026-03-22 03:09:15.413,69181.0,0.14475,B,10013.94975,637771135624120
1774148955413,2026-03-22 03:09:15.413,69181.0,0.53592,B,37075.481519999994,647347094110564
1774148955413,2026-03-22 03:09:15.413,69181.0,0.11947,B,8265.05407,671973390899112
1774148955413,2026-03-22 03:09:15.413,69181.0,0.14418,B,9974.51658,688078179304998
1774148955413,2026-03-22 03:09:15.413,69181.0,0.0424,B,2933.2744,347252648256821
1774148955413,2026-03-22 03:09:15.413,69181.0,0.28909,B,19999.53529,519029168594216
1774148955604,2026-03-22 03:09:15.604,69178.0,0.00016,A,11.068480000000001,572262780568987
1774148955604,2026-03-22 03:09:15.604,69178.0,0.00017,A,11.76026,393627182832081
1774148955604,2026-03-22 03:09:15.604,69177.0,0.00017,A,11.760090000000002,869611417983881
1774148955604,2026-03-22 03:09:15.604,69176.0,0.00017,A,11.759920000000001,604450023087399
1774148955604,2026-03-22 03:09:15.604,69176.0,0.0095,A,657.172,305816158547836
1774148956014,2026-03-22 03:09:16.014,69176.0,0.00028,A,19.36928,693599346014049
1774148956796,2026-03-22 03:09:16.796,69176.0,0.01913,A,1323.33688,1079893520950414
1774148956796,2026-03-22 03:09:16.796,69176.0,0.00017,A,11.759920000000001,923044788482356
1774148956796,2026-03-22 03:09:16.796,69175.0,0.00017,A,11.75975,349911612443570
1774148956796,2026-03-22 03:09:16.796,69175.0,0.00013,A,8.99275,1084561234788653
1774148958848,2026-03-22 03:09:18.848,69175.0,0.00086,B,59.4905,680464836933234
1774148960064,2026-03-22 03:09:20.064,69175.0,0.00034,B,23.5195,616656564390161
1774148961109,2026-03-22 03:09:21.109,69174.0,0.00027,A,18.67698,924679967399974
1774148962119,2026-03-22 03:09:22.119,69178.0,0.00015,B,10.3767,84557370266887
1774148962119,2026-03-22 03:09:22.119,69180.0,0.00085,B,58.803,534064110464957
1774148962919,2026-03-22 03:09:22.919,69180.0,0.00017,B,11.7606,975197127991697
1774148962919,2026-03-22 03:09:22.919,69180.0,0.01072,B,741.6096,640810149870455
1774148964126,2026-03-22 03:09:24.126,69179.0,0.08728,A,6037.94312,261235269605535
1774148964126,2026-03-22 03:09:24.126,69179.0,0.03887,A,2688.9877300000003,928301869196552
1774148964126,2026-03-22 03:09:24.126,69179.0,0.41461,A,28682.30519,533451420673699
1774148964410,2026-03-22 03:09:24.410,69179.0,0.00757,A,523.68503,629592493654548
1774148965004,2026-03-22 03:09:25.004,69179.0,0.00082,A,56.72678,21301935302906
1774148966010,2026-03-22 03:09:26.010,69179.0,0.00197,A,136.28262999999998,684980627027687
1774148967031,2026-03-22 03:09:27.031,69179.0,0.00017,A,11.760430000000001,287927010611275
1774148968336,2026-03-22 03:09:28.336,69180.0,0.00469,B,324.45419999999996,379387250775197
1774148970410,2026-03-22 03:09:30.410,69180.0,0.00018,B,12.4524,1099599697604529
1774148971426,2026-03-22 03:09:31.426,69180.0,0.0072,B,498.096,623204426033825
1774148973652,2026-03-22 03:09:33.652,69181.0,0.0867,B,5997.9927,127390381624078
1774148974077,2026-03-22 03:09:34.077,69180.0,0.00142,A,98.2356,584886850558105
1774148974342,2026-03-22 03:09:34.342,69181.0,0.001,B,69.181,1122576840170242
1774148974815,2026-03-22 03:09:34.815,69181.0,0.0004,B,27.6724,518690438609083
1774148976156,2026-03-22 03:09:36.156,69181.0,0.00022,B,15.21982,942178815787314
1774148978092,2026-03-22 03:09:38.092,69181.0,0.00016,B,11.06896,330111701514855
1774148979071,2026-03-22 03:09:39.071,69180.0,0.00058,A,40.1244,744923069625633
1774148979818,2026-03-22 03:09:39.818,69181.0,0.01307,B,904.19567,284889771674819
1774148983084,2026-03-22 03:09:43.084,69181.0,0.0003,B,20.754299999999997,797546186897358
1774148984111,2026-03-22 03:09:44.111,69181.0,0.0076,B,525.7756,236868142755529
1774148984233,2026-03-22 03:09:44.233,69181.0,0.00277,B,191.63137,334346823545248
1774148986124,2026-03-22 03:09:46.124,69180.0,0.00028,A,19.3704,424154258286061
1774148986124,2026-03-22 03:09:46.124,69181.0,0.0033,B,228.2973,358733012916571
1774148990065,2026-03-22 03:09:50.065,69181.0,0.00034,B,23.52154,396430579607007
1774148991027,2026-03-22 03:09:51.027,69180.0,0.00028,A,19.3704,1057666453177140
1774148991481,2026-03-22 03:09:51.481,69180.0,0.01139,A,787.9602000000001,511225276427432
1774148991481,2026-03-22 03:09:51.481,69180.0,0.00017,A,11.7606,11481672132159
1774148991481,2026-03-22 03:09:51.481,69179.0,0.00017,A,11.760430000000001,83265974453123
1774148991579,2026-03-22 03:09:51.579,69178.0,0.00015,A,10.3767,816746721742941
1774148991579,2026-03-22 03:09:51.579,69178.0,0.00017,A,11.76026,1035144696580781
1774148992303,2026-03-22 03:09:52.303,69177.0,0.00017,A,11.760090000000002,628226389899181
1774148992303,2026-03-22 03:09:52.303,69176.0,0.00017,A,11.759920000000001,3851363799095
1774148992303,2026-03-22 03:09:52.303,69176.0,0.01324,A,915.89024,12686608564214
1774148993043,2026-03-22 03:09:53.043,69176.0,0.01567,A,1083.98792,63459371260989
1774148993043,2026-03-22 03:09:53.043,69176.0,0.00017,A,11.759920000000001,47898214831788
1774148993043,2026-03-22 03:09:53.043,69175.0,2e-05,A,1.3835000000000002,643448259224973
1774148993190,2026-03-22 03:09:53.190,69176.0,0.21,B,14526.96,797838528561376
1774148993190,2026-03-22 03:09:53.190,69176.0,0.21,B,14526.96,202990012106198
1774148993190,2026-03-22 03:09:53.190,69176.0,0.13632,B,9430.07232,677626648479660
1774148993190,2026-03-22 03:09:53.190,69176.0,0.21436,B,14828.56736,76962519674360
1774148993190,2026-03-22 03:09:53.190,69176.0,0.30601,B,21168.54776,895240329068549
1774148993190,2026-03-22 03:09:53.190,69176.0,0.22125,B,15305.19,661624043940236
1774148993190,2026-03-22 03:09:53.190,69176.0,0.10726,B,7419.81776,294289167190496
1774148993190,2026-03-22 03:09:53.190,69176.0,0.22549,B,15598.49624,1108101238083646
1774148993190,2026-03-22 03:09:53.190,69176.0,0.14949,B,10341.12024,784076357462384
1774148993190,2026-03-22 03:09:53.190,69176.0,0.15612,B,10799.75712,51138740813182
1774148993190,2026-03-22 03:09:53.190,69176.0,0.0637,B,4406.511200000001,989243100432040
1774148994085,2026-03-22 03:09:54.085,69174.0,0.00022,A,15.21828,829172028532772
1774148995006,2026-03-22 03:09:55.006,69174.0,0.00082,A,56.72268,1048891343587052
1774148996012,2026-03-22 03:09:56.012,69174.0,0.00189,A,130.73886,178395376146322
1774148996076,2026-03-22 03:09:56.076,69174.0,0.00099,A,68.48226,830686681081653
1774148996289,2026-03-22 03:09:56.289,69174.0,0.05246,A,3628.86804,39003622448498
1774148996289,2026-03-22 03:09:56.289,69174.0,0.00017,A,11.759580000000001,911222771803859
1774148996289,2026-03-22 03:09:56.289,69174.0,0.01964,A,1358.57736,10578776793707
1774148997023,2026-03-22 03:09:57.023,69174.0,0.00017,A,11.759580000000001,722658987790444
1774148998277,2026-03-22 03:09:58.277,69174.0,0.0091,A,629.4834000000001,831974045531586
1774148998277,2026-03-22 03:09:58.277,69174.0,0.0006,A,41.5044,638274867712122
1774148998277,2026-03-22 03:09:58.277,69174.0,0.00017,A,11.759580000000001,866246102360802
1774148998277,2026-03-22 03:09:58.277,69173.0,0.003,A,207.519,424177692788970
1774148998277,2026-03-22 03:09:58.277,69173.0,0.00017,A,11.75941,458816437734002
1774148998277,2026-03-22 03:09:58.277,69173.0,0.00015,A,10.37595,454849536364599
1774148998277,2026-03-22 03:09:58.277,69172.0,0.00017,A,11.75924,911971530236576
1774148998277,2026-03-22 03:09:58.277,69172.0,0.00543,A,375.60396,6523157181816
1774148999520,2026-03-22 03:09:59.520,69172.0,0.00146,A,100.99112,641880854956736
1774149004030,2026-03-22 03:10:04.030,69172.0,0.00142,A,98.22424000000001,55707063220153
1774149006133,2026-03-22 03:10:06.133,69172.0,7e-05,A,4.84204,1022630170520348
1774149006231,2026-03-22 03:10:06.231,69173.0,0.00015,B,10.37595,1041620435685927
1774149010289,2026-03-22 03:10:10.289,69175.0,0.00017,B,11.75975,358784062781701
1774149010289,2026-03-22 03:10:10.289,69177.0,0.05665,B,3918.87705,128058694101498
1774149010289,2026-03-22 03:10:10.289,69178.0,0.00018,B,12.45204,328653117126631
1774149011298,2026-03-22 03:10:11.298,69178.0,0.00017,B,11.76026,595450260941884
1774149011298,2026-03-22 03:10:11.298,69179.0,0.00017,B,11.760430000000001,902420328543879
1774149011298,2026-03-22 03:10:11.298,69179.0,0.00015,B,10.37685,849388172605334
1774149011387,2026-03-22 03:10:11.387,69180.0,0.00016,B,11.068800000000001,557954530699149
1774149011387,2026-03-22 03:10:11.387,69180.0,2e-05,B,1.3836000000000002,548518005955113
1774149011387,2026-03-22 03:10:11.387,69180.0,0.00015,B,10.376999999999999,808326315044729
1774149011387,2026-03-22 03:10:11.387,69181.0,0.00017,B,11.76077,602350582533159
1774149011387,2026-03-22 03:10:11.387,69182.0,0.00017,B,11.760940000000002,1097615162741130
1774149011387,2026-03-22 03:10:11.387,69182.0,0.00071,B,49.11922,74902343957537
1774149011667,2026-03-22 03:10:11.667,69182.0,0.001,B,69.182,149764740677910
1774149012107,2026-03-22 03:10:12.107,69183.0,0.00017,B,11.76111,377321735727856
1774149012179,2026-03-22 03:10:12.179,69184.0,0.00017,B,11.761280000000001,859261526349167
1774149012179,2026-03-22 03:10:12.179,69184.0,0.00016,B,11.06944,756140998973551
1774149012717,2026-03-22 03:10:12.717,69185.0,0.0014,B,96.859,1007747716917066
1774149013013,2026-03-22 03:10:13.013,69185.0,0.00044,B,30.4414,896671554054322
1774149013013,2026-03-22 03:10:13.013,69185.0,0.25,B,17296.25,562344910084341
1774149013013,2026-03-22 03:10:13.013,69185.0,4.38512,B,303384.52719999995,402868821017919
1774149013013,2026-03-22 03:10:13.013,69185.0,0.25,B,17296.25,880227540467928
1774149013013,2026-03-22 03:10:13.013,69185.0,0.25,B,17296.25,1100621653101483
1774149013215,2026-03-22 03:10:13.215,69185.0,0.33333,B,23061.43605,349961003384850
1774149013651,2026-03-22 03:10:13.651,69185.0,0.91826,B,63529.8181,1108989604017884
1774149013651,2026-03-22 03:10:13.651,69185.0,0.00017,B,11.76145,869026223765487
1774149014100,2026-03-22 03:10:14.100,69186.0,0.00017,B,11.76162,340809769035867
1774149014100,2026-03-22 03:10:14.100,69186.0,0.00015,B,10.377899999999999,484102929843496
1774149014100,2026-03-22 03:10:14.100,69187.0,0.00017,B,11.761790000000001,1075247357285883
1774149014100,2026-03-22 03:10:14.100,69187.0,0.003,B,207.561,209345002578297
1774149014100,2026-03-22 03:10:14.100,69188.0,0.00016,B,11.07008,1011469367395270
1774149014100,2026-03-22 03:10:14.100,69188.0,0.00017,B,11.76196,409444614976159
1774149014100,2026-03-22 03:10:14.100,69189.0,0.00017,B,11.76213,699986871877543
1774149014100,2026-03-22 03:10:14.100,69190.0,0.00017,B,11.762300000000002,370577434603986
1774149014100,2026-03-22 03:10:14.100,69191.0,0.00016,B,11.07056,33284825273143
1774149014100,2026-03-22 03:10:14.100,69191.0,0.00017,B,11.76247,667170097774340
1774149014100,2026-03-22 03:10:14.100,69191.0,0.00015,B,10.378649999999999,973598024178363
1774149014100,2026-03-22 03:10:14.100,69192.0,0.00017,B,11.762640000000001,401598510547375
1774149014100,2026-03-22 03:10:14.100,69193.0,0.00278,B,192.35654,998120077551732
1774149014908,2026-03-22 03:10:14.908,69192.0,0.00022,A,15.222240000000001,840327696877548
1774149015110,2026-03-22 03:10:15.110,69193.0,0.01059,B,732.75387,680236527792559
1774149015110,2026-03-22 03:10:15.110,69193.0,0.00017,B,11.76281,976923844405445
1774149015110,2026-03-22 03:10:15.110,69194.0,0.00043,B,29.75342,997957435908857
1774149015110,2026-03-22 03:10:15.110,69194.0,0.00017,B,11.76298,905533386248868
1774149015110,2026-03-22 03:10:15.110,69195.0,0.00016,B,11.071200000000001,703835657931639
1774149015110,2026-03-22 03:10:15.110,69195.0,0.00017,B,11.763150000000001,79609674931512
1774149015110,2026-03-22 03:10:15.110,69195.0,0.003,B,207.585,662616912938448
1774149015312,2026-03-22 03:10:15.312,69196.0,7e-05,B,4.843719999999999,552756278643631
1774149015797,2026-03-22 03:10:15.797,69196.0,0.00293,B,202.74428,237121409064189
1774149015797,2026-03-22 03:10:15.797,69196.0,0.0008,B,55.3568,301288234978846
1774149015889,2026-03-22 03:10:15.889,69196.0,0.00016,B,11.07136,268783528085288
1774149016004,2026-03-22 03:10:16.004,69195.0,2e-05,A,1.3839000000000001,31600716149940
1774149016004,2026-03-22 03:10:16.004,69195.0,0.00026,A,17.990699999999997,170777515983564
1774149016525,2026-03-22 03:10:16.525,69196.0,0.00017,B,11.76332,264503590888730
1774149016525,2026-03-22 03:10:16.525,69197.0,0.00022,B,15.22334,1091437629161560
1774149016525,2026-03-22 03:10:16.525,69197.0,0.00017,B,11.763490000000001,245548533115080
1774149016525,2026-03-22 03:10:16.525,69198.0,0.00017,B,11.763660000000002,607443734455922
1774149016525,2026-03-22 03:10:16.525,69199.0,0.00016,B,11.071840000000002,832330991437674
1774149016525,2026-03-22 03:10:16.525,69199.0,0.05611,B,3882.75589,882896703209376
1774149017606,2026-03-22 03:10:17.606,69199.0,0.00018,B,12.455820000000001,749493930994622
1774149019812,2026-03-22 03:10:19.812,69199.0,0.00019,B,13.147810000000002,640230334523993
1774149020006,2026-03-22 03:10:20.006,69199.0,0.00034,B,23.52766,618888806904911
1774149021011,2026-03-22 03:10:21.011,69198.0,0.00028,A,19.375439999999998,901895658594943
1774149023976,2026-03-22 03:10:23.976,69200.0,0.00016,B,11.072000000000001,966687773885980
1774149023976,2026-03-22 03:10:23.976,69200.0,0.01,B,692.0,811184683655579
1774149023976,2026-03-22 03:10:23.976,69200.0,0.00035,B,24.22,1041484359739188
1774149023976,2026-03-22 03:10:23.976,69200.0,0.00017,B,11.764000000000001,364624102937987
1774149023976,2026-03-22 03:10:23.976,69200.0,0.02216,B,1533.472,59625853840126
1774149025051,2026-03-22 03:10:25.051,69199.0,0.00082,A,56.743179999999995,716067400253453
1774149025853,2026-03-22 03:10:25.853,69200.0,0.001,B,69.2,959835224658933
1774149026051,2026-03-22 03:10:26.051,69199.0,0.00183,A,126.63417,898132266782591
1774149026592,2026-03-22 03:10:26.592,69200.0,0.0005,B,34.6,965630387552376
1774149026747,2026-03-22 03:10:26.747,69199.0,0.00017,A,11.76383,958462546543330
1774149027061,2026-03-22 03:10:27.061,69198.0,0.00015,A,10.3797,152453077884766
1774149027061,2026-03-22 03:10:27.061,69198.0,2e-05,A,1.38396,131739527781710
1774149027513,2026-03-22 03:10:27.513,69199.0,0.00312,B,215.90088,548511346072064
1774149027513,2026-03-22 03:10:27.513,69199.0,2e-05,B,1.3839800000000002,865942367683568
1774149028606,2026-03-22 03:10:28.606,69198.0,0.00015,A,10.3797,1074503018105059
1774149028606,2026-03-22 03:10:28.606,69198.0,0.0289,A,1999.8221999999998,886136624524999
1774149028606,2026-03-22 03:10:28.606,69198.0,0.0289,A,1999.8221999999998,209353703263516
1774149028606,2026-03-22 03:10:28.606,69198.0,0.07233,A,5005.09134,601521755239587
1774149028606,2026-03-22 03:10:28.606,69198.0,0.26972,A,18664.08456,83315867579564
1774149028606,2026-03-22 03:10:28.606,69199.0,0.00021,B,14.53179,652949594324309
1774149029177,2026-03-22 03:10:29.177,69199.0,0.00022,B,15.223780000000001,527910291611412
1774149029773,2026-03-22 03:10:29.773,69199.0,0.00015,B,10.37985,447036082378193
1774149030888,2026-03-22 03:10:30.888,69199.0,0.00086,B,59.51114,859446073106026
1774149032105,2026-03-22 03:10:32.105,69199.0,0.00022,B,15.223780000000001,882812863060849
1774149032357,2026-03-22 03:10:32.357,69199.0,0.1302,B,9009.7098,602214143340305
1774149033397,2026-03-22 03:10:33.397,69199.0,0.00047,B,32.52353,837998358643340
1774149033766,2026-03-22 03:10:33.766,69199.0,0.00017,B,11.76383,764554428530022
1774149033766,2026-03-22 03:10:33.766,69200.0,8e-05,B,5.5360000000000005,934710631581771
1774149033965,2026-03-22 03:10:33.965,69199.0,0.01685,A,1166.00315,400149951542019
1774149034218,2026-03-22 03:10:34.218,69200.0,0.00012,B,8.304,489185496771075
1774149034218,2026-03-22 03:10:34.218,69201.0,0.00016,B,11.07216,294047367031497
1774149034218,2026-03-22 03:10:34.218,69201.0,0.00017,B,11.76417,1058138191978912
1774149034218,2026-03-22 03:10:34.218,69201.0,0.003,B,207.603,198433757219283
1774149034218,2026-03-22 03:10:34.218,69201.0,0.00015,B,10.380149999999999,592242034206551
1774149034218,2026-03-22 03:10:34.218,69202.0,0.00017,B,11.76434,102071693212864
1774149034218,2026-03-22 03:10:34.218,69203.0,0.00017,B,11.764510000000001,1006485346966885
1774149034218,2026-03-22 03:10:34.218,69203.0,0.00035,B,24.221049999999998,21266353633486
1774149034218,2026-03-22 03:10:34.218,69204.0,0.00541,B,374.39364,1061062165586755
1774149034367,2026-03-22 03:10:34.367,69204.0,0.00647,B,447.74988,1003579416915883
1774149034367,2026-03-22 03:10:34.367,69204.0,0.00017,B,11.76468,15248050011429
1774149034367,2026-03-22 03:10:34.367,69205.0,0.01155,B,799.3177499999999,272779507809874
1774149034367,2026-03-22 03:10:34.367,69205.0,0.00017,B,11.764850000000001,206456102326336
1774149034367,2026-03-22 03:10:34.367,69206.0,0.00016,B,11.07296,206667850823878
1774149034367,2026-03-22 03:10:34.367,69206.0,0.00017,B,11.765020000000002,775099471315348
1774149034367,2026-03-22 03:10:34.367,69206.0,0.003,B,207.618,874072342537727
1774149034367,2026-03-22 03:10:34.367,69206.0,0.00043,B,29.75858,405986933933614
1774149034367,2026-03-22 03:10:34.367,69207.0,0.00017,B,11.76519,739854340048846
1774149034367,2026-03-22 03:10:34.367,69207.0,0.00015,B,10.381049999999998,884794390419423
1774149034367,2026-03-22 03:10:34.367,69208.0,0.00017,B,11.765360000000001,736916351712876
1774149034367,2026-03-22 03:10:34.367,69209.0,0.00017,B,11.76553,951514363062133
1774149034367,2026-03-22 03:10:34.367,69209.0,0.03422,B,2368.33198,1016765199675727
1774149035046,2026-03-22 03:10:35.046,69208.0,0.00141,A,97.58328,681358268731250
1774149035452,2026-03-22 03:10:35.452,69209.0,0.0002,B,13.841800000000001,492174179059044
1774149036859,2026-03-22 03:10:36.859,69208.0,0.00018,A,12.45744,238165815741726
1774149036859,2026-03-22 03:10:36.859,69209.0,0.26161,B,18105.76649,1066405316256827
1774149038046,2026-03-22 03:10:38.046,69209.0,0.00016,B,11.073440000000002,353381658586598
1774149039573,2026-03-22 03:10:39.573,69209.0,0.0003,B,20.7627,66251350349067
1774149040482,2026-03-22 03:10:40.482,69209.0,0.0239,B,1654.0951,780196911521155
1774149040482,2026-03-22 03:10:40.482,69208.0,0.0065,A,449.852,427400051242829
1774149041286,2026-03-22 03:10:41.286,69209.0,0.00017,B,11.76553,647655064513153
1774149041286,2026-03-22 03:10:41.286,69210.0,0.00017,B,11.7657,124336369407764
1774149041286,2026-03-22 03:10:41.286,69211.0,0.00017,B,11.765870000000001,116543572639334
1774149041286,2026-03-22 03:10:41.286,69212.0,0.00017,B,11.76604,745179433374303
1774149041286,2026-03-22 03:10:41.286,69212.0,0.00015,B,10.381799999999998,150582482023516
1774149041286,2026-03-22 03:10:41.286,69213.0,0.00016,B,11.07408,771119647232537
1774149041286,2026-03-22 03:10:41.286,69213.0,1e-05,B,0.69213,284448984434353
1774149041610,2026-03-22 03:10:41.610,69213.0,0.00016,B,11.07408,878169515192174
1774149041610,2026-03-22 03:10:41.610,69214.0,0.00017,B,11.766380000000002,20824192902067
1774149041610,2026-03-22 03:10:41.610,69214.0,0.003,B,207.642,493955867907115
1774149041888,2026-03-22 03:10:41.888,69215.0,0.00017,B,11.76655,954403807626718
1774149041888,2026-03-22 03:10:41.888,69216.0,0.00017,B,11.766720000000001,287317144315508
1774149041888,2026-03-22 03:10:41.888,69216.0,0.00022,B,15.22752,113622443841472
1774149041888,2026-03-22 03:10:41.888,69217.0,0.00016,B,11.074720000000001,1060725172769149
1774149041888,2026-03-22 03:10:41.888,69217.0,0.00017,B,11.76689,448583781561098
1774149041888,2026-03-22 03:10:41.888,69218.0,0.00017,B,11.76706,1028815345893673
1774149041888,2026-03-22 03:10:41.888,69219.0,0.00016,B,11.075040000000001,524413142193282
1774149041888,2026-03-22 03:10:41.888,69219.0,0.00017,B,11.767230000000001,696046972486057
1774149041888,2026-03-22 03:10:41.888,69219.0,0.003,B,207.657,896021079273619
1774149041888,2026-03-22 03:10:41.888,69219.0,0.00435,B,301.10265,533408066358618
1774149042292,2026-03-22 03:10:42.292,69219.0,0.017,B,1176.7230000000002,416083248691395
1774149042424,2026-03-22 03:10:42.424,69219.0,0.00032,B,22.150080000000003,281052712137881
1774149043010,2026-03-22 03:10:43.010,69219.0,0.00039,B,26.99541,1100136948032783
1774149043296,2026-03-22 03:10:43.296,69219.0,0.00015,B,10.38285,31979126652003
1774149044005,2026-03-22 03:10:44.005,69219.0,0.00759,B,525.37221,663896683072525
1774149044409,2026-03-22 03:10:44.409,69219.0,0.0094,B,650.6586,440207187707424
1774149045444,2026-03-22 03:10:45.444,69218.0,0.26518,A,18355.22924,1113438603199643
1774149045444,2026-03-22 03:10:45.444,69218.0,0.13482,A,9331.97076,966714435009113
1774149045444,2026-03-22 03:10:45.444,69219.0,0.00015,B,10.38285,112424872962298
1774149046014,2026-03-22 03:10:46.014,69218.0,0.00027,A,18.688860000000002,469415884632688
1774149047051,2026-03-22 03:10:47.051,69218.0,0.00017,A,11.76706,718620665218282
1774149047724,2026-03-22 03:10:47.724,69216.0,0.00015,A,10.382399999999999,832903257515828
1774149047724,2026-03-22 03:10:47.724,69216.0,0.00017,A,11.766720000000001,40939113225602
1774149047724,2026-03-22 03:10:47.724,69216.0,0.00112,A,77.52192,1049186850625375
1774149048029,2026-03-22 03:10:48.029,69216.0,0.00433,A,299.70527999999996,432156396496614
1774149048227,2026-03-22 03:10:48.227,69215.0,0.00017,A,11.76655,77948324608941
1774149048628,2026-03-22 03:10:48.628,69215.0,0.00288,B,199.3392,269099870434119
1774149050009,2026-03-22 03:10:50.009,69215.0,0.00034,B,23.5331,646441367198488
1774149050270,2026-03-22 03:10:50.270,69214.0,0.00017,A,11.766380000000002,19216654354278
1774149050270,2026-03-22 03:10:50.270,69214.0,0.02889,A,1999.5924599999998,168309498706069
1774149050270,2026-03-22 03:10:50.270,69214.0,0.01018,A,704.59852,932004782608172
1774149050270,2026-03-22 03:10:50.270,69214.0,0.07688,A,5321.172320000001,131523234708827
1774149051027,2026-03-22 03:10:51.027,69213.0,0.00017,A,11.766210000000001,29503545771509
1774149051027,2026-03-22 03:10:51.027,69213.0,0.0001,A,6.9213000000000005,153476969395893
1774149055046,2026-03-22 03:10:55.046,69213.0,0.00082,A,56.75466,848236827817078
1774149055116,2026-03-22 03:10:55.116,69214.0,0.01204,B,833.3365600000001,523645014577773
1774149056048,2026-03-22 03:10:56.048,69213.0,0.00179,A,123.89126999999999,610413217521832
1774149057059,2026-03-22 03:10:57.059,69213.0,0.00017,A,11.766210000000001,305986404465605
1774149057328,2026-03-22 03:10:57.328,69214.0,0.11264,B,7796.26496,1047376889213872
1774149060135,2026-03-22 03:11:00.135,69214.0,0.015,B,1038.21,861932108601240
1774149060704,2026-03-22 03:11:00.704,69214.0,0.00017,B,11.766380000000002,548162943703521
1774149060704,2026-03-22 03:11:00.704,69215.0,0.00017,B,11.76655,305619677388674
1774149060704,2026-03-22 03:11:00.704,69216.0,0.00017,B,11.766720000000001,217453136630160
1774149060774,2026-03-22 03:11:00.774,69217.0,0.00017,B,11.76689,1125839754162576
1774149060774,2026-03-22 03:11:00.774,69218.0,0.00015,B,10.3827,993350574576212
1774149060774,2026-03-22 03:11:00.774,69218.0,0.00017,B,11.76706,427616131371584
1774149060774,2026-03-22 03:11:00.774,69219.0,0.00017,B,11.767230000000001,214229195903316
1774149060774,2026-03-22 03:11:00.774,69219.0,0.00234,B,161.97246,956476538651926
1774149060774,2026-03-22 03:11:00.774,69219.0,0.00066,B,45.68454,928030072478911
1774149060774,2026-03-22 03:11:00.774,69220.0,0.00017,B,11.7674,432120081407654
1774149060774,2026-03-22 03:11:00.774,69220.0,0.00017,B,11.7674,787412993330968
1774149060774,2026-03-22 03:11:00.774,69221.0,0.00017,B,11.767570000000001,623338705932121
1774149060774,2026-03-22 03:11:00.774,69221.0,0.00016,B,11.075360000000002,360271193714541
1774149060774,2026-03-22 03:11:00.774,69222.0,0.00017,B,11.767740000000002,332634312781354
1774149060774,2026-03-22 03:11:00.774,69222.0,0.02189,B,1515.26958,110962794082952
1774149060774,2026-03-22 03:11:00.774,69223.0,0.00017,B,11.76791,711375175230735
1774149060774,2026-03-22 03:11:00.774,69224.0,0.00016,B,11.075840000000001,496566532721646
1774149060774,2026-03-22 03:11:00.774,69224.0,0.00016,B,11.075840000000001,137390115666538
1774149060774,2026-03-22 03:11:00.774,69224.0,0.00017,B,11.768080000000001,66934189592035
1774149060774,2026-03-22 03:11:00.774,69224.0,0.003,B,207.672,257724297056709
1774149060774,2026-03-22 03:11:00.774,69225.0,0.00046,B,31.843500000000002,738256143627947
1774149060774,2026-03-22 03:11:00.774,69225.0,0.00017,B,11.76825,497574469571251
1774149060774,2026-03-22 03:11:00.774,69226.0,0.003,B,207.678,319267973097925
1774149060774,2026-03-22 03:11:00.774,69226.0,0.00722,B,499.81172,578978728552229
1774149060774,2026-03-22 03:11:00.774,69226.0,0.00017,B,11.76842,689111418152538
1774149060774,2026-03-22 03:11:00.774,69227.0,0.00017,B,11.768590000000001,19243076467481
1774149060774,2026-03-22 03:11:00.774,69227.0,0.00037,B,25.61399,1095533269934785
1774149060774,2026-03-22 03:11:00.774,69227.0,0.06009,B,4159.8504299999995,1075949993396939
1774149060774,2026-03-22 03:11:00.774,69216.0,0.37175,A,25731.048000000003,715196284071555
1774149060774,2026-03-22 03:11:00.774,69216.0,0.21,A,14535.359999999999,471081094309951
1774149060774,2026-03-22 03:11:00.774,69216.0,0.08664,A,5996.874239999999,398559741285384
1774149060774,2026-03-22 03:11:00.774,69216.0,0.28992,A,20067.10272,379459536610135
1774149060774,2026-03-22 03:11:00.774,69216.0,0.32949,A,22805.97984,551068117833456
1774149060774,2026-03-22 03:11:00.774,69216.0,0.06792,A,4701.15072,981939472403196
1774149060774,2026-03-22 03:11:00.774,69216.0,0.12,A,8305.92,832638809711522
1774149060774,2026-03-22 03:11:00.774,69216.0,0.07536,A,5216.11776,700262485435640
1774149060774,2026-03-22 03:11:00.774,69216.0,0.35,A,24225.6,458703508539589
1774149060774,2026-03-22 03:11:00.774,69216.0,0.09892,A,6846.84672,462019204610208
1774149061604,2026-03-22 03:11:01.604,69227.0,0.00017,B,11.768590000000001,883971200939808
1774149061604,2026-03-22 03:11:01.604,69228.0,0.00017,B,11.76876,1091048863563556
1774149061604,2026-03-22 03:11:01.604,69229.0,0.00017,B,11.768930000000001,954184459676297
1774149061604,2026-03-22 03:11:01.604,69230.0,0.00017,B,11.769100000000002,822265046863029
1774149061604,2026-03-22 03:11:01.604,69230.0,0.00017,B,11.769100000000002,1044555503064625
1774149061604,2026-03-22 03:11:01.604,69231.0,0.00017,B,11.76927,88962312235203
1774149061604,2026-03-22 03:11:01.604,69231.0,0.00017,B,11.76927,958529562029589
1774149061604,2026-03-22 03:11:01.604,69232.0,0.00017,B,11.769440000000001,477625548685071
1774149061604,2026-03-22 03:11:01.604,69232.0,0.00016,B,11.07712,586248435373933
1774149061604,2026-03-22 03:11:01.604,69232.0,0.00017,B,11.769440000000001,141129009614184
1774149061604,2026-03-22 03:11:01.604,69233.0,0.00017,B,11.76961,314422402210146
1774149061604,2026-03-22 03:11:01.604,69233.0,0.00017,B,11.76961,1070652898710619
1774149061604,2026-03-22 03:11:01.604,69234.0,0.00017,B,11.76978,661626063797487
1774149061604,2026-03-22 03:11:01.604,69234.0,0.00017,B,11.76978,1012978792997756
1774149061604,2026-03-22 03:11:01.604,69235.0,0.00017,B,11.769950000000001,808633468543524
1774149061604,2026-03-22 03:11:01.604,69235.0,0.00016,B,11.0776,1063082160613294
1774149061604,2026-03-22 03:11:01.604,69235.0,0.00017,B,11.769950000000001,511003391868295
1774149061604,2026-03-22 03:11:01.604,69235.0,0.00313,B,216.70555,1034607788549379
1774149061604,2026-03-22 03:11:01.604,69235.0,0.02228,B,1542.5558,592778949473810
1774149061604,2026-03-22 03:11:01.604,69236.0,0.00017,B,11.77012,852954871784892
1774149061604,2026-03-22 03:11:01.604,69236.0,0.00017,B,11.77012,978613951587756
1774149061604,2026-03-22 03:11:01.604,69237.0,0.00017,B,11.770290000000001,117087085529268
1774149061604,2026-03-22 03:11:01.604,69237.0,0.00016,B,11.07792,229841823034959
1774149061604,2026-03-22 03:11:01.604,69237.0,0.00017,B,11.770290000000001,80303747772556
1774149061604,2026-03-22 03:11:01.604,69238.0,0.00017,B,11.770460000000002,656718861513884
1774149061604,2026-03-22 03:11:01.604,69238.0,0.00017,B,11.770460000000002,530511408883709
1774149061604,2026-03-22 03:11:01.604,69239.0,0.00017,B,11.77063,783384716595910
1774149061604,2026-03-22 03:11:01.604,69239.0,0.01188,B,822.55932,24215556020928
1774149061604,2026-03-22 03:11:01.604,69239.0,0.00017,B,11.77063,396652111759695
1774149061604,2026-03-22 03:11:01.604,69240.0,0.00017,B,11.770800000000001,10551716520967
1774149061604,2026-03-22 03:11:01.604,69240.0,0.00121,B,83.7804,313820899763083
1774149061604,2026-03-22 03:11:01.604,69240.0,0.00016,B,11.0784,1032627113625035
1774149061604,2026-03-22 03:11:01.604,69240.0,0.01155,B,799.722,997964832655340
1774149061604,2026-03-22 03:11:01.604,69240.0,0.001,B,69.24,556786507984683
1774149061604,2026-03-22 03:11:01.604,69241.0,0.00017,B,11.77097,797534646505938
1774149061604,2026-03-22 03:11:01.604,69241.0,0.00016,B,11.078560000000001,241921741387234
1774149061604,2026-03-22 03:11:01.604,69242.0,0.00017,B,11.77114,823831174327320
1774149061604,2026-03-22 03:11:01.604,69242.0,0.02433,B,1684.65786,596225339948203
1774149062019,2026-03-22 03:11:02.019,69242.0,0.0003,B,20.772599999999997,303513740834870
1774149063132,2026-03-22 03:11:03.132,69242.0,0.00017,B,11.77114,944729063158364
1774149063132,2026-03-22 03:11:03.132,69243.0,0.00017,B,11.771310000000001,248175787458245
1774149063132,2026-03-22 03:11:03.132,69243.0,0.00016,B,11.078880000000002,383433723172882
1774149063132,2026-03-22 03:11:03.132,69243.0,0.00017,B,11.771310000000001,278240236801712
1774149063132,2026-03-22 03:11:03.132,69244.0,0.00017,B,11.77148,932069843722992
1774149063132,2026-03-22 03:11:03.132,69244.0,0.00017,B,11.77148,1010564974859369
1774149063132,2026-03-22 03:11:03.132,69245.0,0.00017,B,11.771650000000001,648006131500208
1774149063132,2026-03-22 03:11:03.132,69245.0,0.00017,B,11.771650000000001,773276690619427
1774149063132,2026-03-22 03:11:03.132,69246.0,0.00017,B,11.771820000000002,317791030225013
1774149063132,2026-03-22 03:11:03.132,69246.0,0.00016,B,11.079360000000001,574341179409488
1774149063132,2026-03-22 03:11:03.132,69246.0,0.00017,B,11.771820000000002,1070019588176056
1774149063132,2026-03-22 03:11:03.132,69247.0,0.00017,B,11.77199,712190498753054
1774149063132,2026-03-22 03:11:03.132,69247.0,0.00016,B,11.07952,604528738480970
1774149063132,2026-03-22 03:11:03.132,69247.0,0.00017,B,11.77199,676848586613745
1774149063132,2026-03-22 03:11:03.132,69247.0,0.003,B,207.741,223036027192760
1774149063132,2026-03-22 03:11:03.132,69248.0,0.00017,B,11.772160000000001,929457437178576
1774149063132,2026-03-22 03:11:03.132,69248.0,0.00017,B,11.772160000000001,528719115945688
1774149063132,2026-03-22 03:11:03.132,69249.0,0.00017,B,11.77233,1047350567638403
1774149063132,2026-03-22 03:11:03.132,69250.0,0.00804,B,556.77,523575835559673
1774149063735,2026-03-22 03:11:03.735,69250.0,0.2779,B,19244.574999999997,108678109517697
1774149063940,2026-03-22 03:11:03.940,69250.0,0.00024,B,16.62,251780164349054
1774149063940,2026-03-22 03:11:03.940,69250.0,0.02167,B,1500.6474999999998,265809407534858
1774149064478,2026-03-22 03:11:04.478,69251.0,0.00017,B,11.772670000000002,774345804651987
1774149064478,2026-03-22 03:11:04.478,69252.0,0.00017,B,11.77284,333184631035735
1774149064478,2026-03-22 03:11:04.478,69252.0,0.003,B,207.756,880612245702553
1774149064478,2026-03-22 03:11:04.478,69253.0,0.00017,B,11.773010000000001,985983248206407
1774149064478,2026-03-22 03:11:04.478,69254.0,0.00016,B,11.08064,702529929269980
1774149064478,2026-03-22 03:11:04.478,69254.0,0.00017,B,11.77318,736955876156639
1774149064478,2026-03-22 03:11:04.478,69255.0,0.00017,B,11.77335,544405042630724
1774149064478,2026-03-22 03:11:04.478,69256.0,0.00016,B,11.080960000000001,24191172876082
1774149064478,2026-03-22 03:11:04.478,69256.0,0.00017,B,11.773520000000001,590112085648236
1774149064478,2026-03-22 03:11:04.478,69257.0,0.00017,B,11.77369,1072386680579493
1774149064478,2026-03-22 03:11:04.478,69257.0,0.001,B,69.257,273395919661269
1774149064478,2026-03-22 03:11:04.478,69258.0,0.00296,B,205.00368,458665227168896
1774149064478,2026-03-22 03:11:04.478,69258.0,0.00017,B,11.77386,210649106015380
1774149064478,2026-03-22 03:11:04.478,69259.0,0.00296,B,205.00664,378127989730110
1774149064478,2026-03-22 03:11:04.478,69259.0,0.00017,B,11.774030000000002,934547196606896
1774149064478,2026-03-22 03:11:04.478,69259.0,0.00015,B,10.38885,974864483952563
1774149064478,2026-03-22 03:11:04.478,69260.0,0.00017,B,11.7742,455308845118831
1774149064478,2026-03-22 03:11:04.478,69261.0,0.00016,B,11.081760000000001,399539291112697
1774149064478,2026-03-22 03:11:04.478,69261.0,0.00017,B,11.774370000000001,1040455483772226
1774149064478,2026-03-22 03:11:04.478,69262.0,0.00017,B,11.77454,138479134157885
1774149064478,2026-03-22 03:11:04.478,69263.0,0.00017,B,11.77471,127306486826951
1774149064478,2026-03-22 03:11:04.478,69265.0,0.00016,B,11.082400000000002,921627629638098
1774149064478,2026-03-22 03:11:04.478,69265.0,0.00017,B,11.77505,1046706367266431
1774149064478,2026-03-22 03:11:04.478,69267.0,0.00017,B,11.775390000000002,1113460729816225
1774149064478,2026-03-22 03:11:04.478,69268.0,0.00016,B,11.082880000000001,113767494083638
1774149064478,2026-03-22 03:11:04.478,69268.0,0.00017,B,11.77556,571712342512763
1774149064478,2026-03-22 03:11:04.478,69269.0,0.00017,B,11.775730000000001,1083170716091867
1774149064478,2026-03-22 03:11:04.478,69270.0,0.04324,B,2995.2348,793885863782999
1774149064478,2026-03-22 03:11:04.478,69270.0,0.0866,B,5998.782,844711640138047
1774149064478,2026-03-22 03:11:04.478,69270.0,0.00033,B,22.8591,1052265415627628
1774149064726,2026-03-22 03:11:04.726,69270.0,0.00183,B,126.7641,342259073796099
1774149064726,2026-03-22 03:11:04.726,69271.0,0.00016,B,11.08336,995607632710585
1774149064726,2026-03-22 03:11:04.726,69271.0,0.41428,B,28697.58988,404564257814033
1774149064726,2026-03-22 03:11:04.726,69272.0,0.0003,B,20.781599999999997,466836275752746
1774149064726,2026-03-22 03:11:04.726,69272.0,0.00047,B,32.55784,976581541186075
1774149064726,2026-03-22 03:11:04.726,69272.0,0.00016,B,11.08352,934613160666571
1774149064726,2026-03-22 03:11:04.726,69273.0,0.021,B,1454.7330000000002,576542941109575
1774149064968,2026-03-22 03:11:04.968,69272.0,0.00022,A,15.239840000000001,414706363652385
1774149064968,2026-03-22 03:11:04.968,69273.0,0.02,B,1385.46,1098918215858542
1774149064968,2026-03-22 03:11:04.968,69273.0,0.02886,B,1999.21878,666317580706620
1774149065003,2026-03-22 03:11:05.003,69272.0,0.00142,A,98.36624,957441272131738
1774149065187,2026-03-22 03:11:05.187,69272.0,0.00018,A,12.468960000000001,771861203950090
1774149065187,2026-03-22 03:11:05.187,69272.0,0.00028,A,19.39616,451798607959745
1774149065187,2026-03-22 03:11:05.187,69272.0,0.00089,A,61.65208,246673583716823
1774149065187,2026-03-22 03:11:05.187,69273.0,0.001,B,69.273,1456747913903
1774149065187,2026-03-22 03:11:05.187,69272.0,0.00141,A,97.67352,365114077437816
1774149065187,2026-03-22 03:11:05.187,69272.0,0.00188,A,130.23136,752842785565759
1774149065745,2026-03-22 03:11:05.745,69273.0,0.00021,B,14.54733,450941007277160
1774149066152,2026-03-22 03:11:06.152,69273.0,0.00288,B,199.50624000000002,351886283796780
1774149066234,2026-03-22 03:11:06.234,69272.0,0.03913,A,2710.61336,340713564808700
1774149066405,2026-03-22 03:11:06.405,69272.0,0.01739,A,1204.64008,859396392589037
1774149066405,2026-03-22 03:11:06.405,69272.0,0.02173,A,1505.28056,447351755301698
1774149066405,2026-03-22 03:11:06.405,69273.0,0.00016,B,11.083680000000001,941721129657495
1774149066579,2026-03-22 03:11:06.579,69272.0,0.0938,A,6497.7136,346443410111279
1774149066579,2026-03-22 03:11:06.579,69272.0,0.08128,A,5630.42816,169827968396920
1774149066579,2026-03-22 03:11:06.579,69272.0,0.22492,A,15580.65824,854904417188385
1774149066760,2026-03-22 03:11:06.760,69273.0,0.00026,B,18.01098,730543043310215
1774149067015,2026-03-22 03:11:07.015,69272.0,0.00072,A,49.875840000000004,908318903576986
1774149067220,2026-03-22 03:11:07.220,69273.0,0.00026,B,18.01098,1087830293238783
1774149067420,2026-03-22 03:11:07.420,69272.0,0.00063,A,43.64136,438621668068993
1774149068028,2026-03-22 03:11:08.028,69273.0,0.00016,B,11.083680000000001,624385176784497
1774149068028,2026-03-22 03:11:08.028,69272.0,0.00017,A,11.776240000000001,699846421560971
1774149068405,2026-03-22 03:11:08.405,69272.0,0.00144,A,99.75168000000001,13193735673204
1774149068405,2026-03-22 03:11:08.405,69272.0,0.01592,A,1102.81024,1094398198246996
1774149068531,2026-03-22 03:11:08.531,69273.0,0.00017,B,11.77641,886042372050096
1774149068839,2026-03-22 03:11:08.839,69273.0,0.0003,B,20.781899999999997,176162709021043
1774149069338,2026-03-22 03:11:09.338,69272.0,0.2433,A,16853.8776,749088270276091
1774149069338,2026-03-22 03:11:09.338,69272.0,0.1567,A,10854.922400000001,9210058358957
1774149070237,2026-03-22 03:11:10.237,69273.0,0.001,B,69.273,440019970157295
1774149071226,2026-03-22 03:11:11.226,69272.0,0.00017,A,11.776240000000001,129383272718967
1774149071353,2026-03-22 03:11:11.353,69273.0,0.029,B,2008.9170000000001,689682046145530
1774149071426,2026-03-22 03:11:11.426,69271.0,0.00017,A,11.77607,177402412168260
1774149071426,2026-03-22 03:11:11.426,69271.0,0.00015,A,10.390649999999999,656362524872666
1774149073035,2026-03-22 03:11:13.035,69271.0,0.00051,B,35.328210000000006,647551400409374
1774149073857,2026-03-22 03:11:13.857,69271.0,0.00061,B,42.25531,123722549378092
1774149074056,2026-03-22 03:11:14.056,69271.0,0.00759,B,525.76689,801953657513761
1774149076026,2026-03-22 03:11:16.026,69270.0,0.00028,A,19.395599999999998,255362118307588
1774149078702,2026-03-22 03:11:18.702,69270.0,0.24972,A,17298.1044,710794681157193
1774149078702,2026-03-22 03:11:18.702,69270.0,0.00017,A,11.7759,756997103453195
1774149078702,2026-03-22 03:11:18.702,69270.0,0.00845,A,585.3314999999999,1029083942380614
1774149078702,2026-03-22 03:11:18.702,69269.0,0.00017,A,11.775730000000001,908173447772811
1774149078702,2026-03-22 03:11:18.702,69269.0,0.02887,A,1999.79603,1000248141149380
1774149078702,2026-03-22 03:11:18.702,69269.0,0.00015,A,10.39035,1015439795648433
1774149078702,2026-03-22 03:11:18.702,69268.0,0.00017,A,11.77556,212435702011681
1774149078702,2026-03-22 03:11:18.702,69267.0,0.001,A,69.267,22128491637537
1774149078702,2026-03-22 03:11:18.702,69267.0,0.00017,A,11.775390000000002,199195592661611
1774149078702,2026-03-22 03:11:18.702,69267.0,0.00015,A,10.390049999999999,1071580133689530
1774149078702,2026-03-22 03:11:18.702,69266.0,0.00017,A,11.775220000000001,679007754244289
1774149078702,2026-03-22 03:11:18.702,69266.0,0.00016,A,11.08256,444964886383299
1774149078702,2026-03-22 03:11:18.702,69265.0,0.05665,A,3923.86225,385069551999436
1774149078702,2026-03-22 03:11:18.702,69265.0,0.00017,A,11.77505,933204232298157
1774149078702,2026-03-22 03:11:18.702,69264.0,0.00017,A,11.774880000000001,90440732947845
1774149078702,2026-03-22 03:11:18.702,69264.0,0.001,A,69.264,1117375455018011
1774149078702,2026-03-22 03:11:18.702,69264.0,0.05266,A,3647.44224,1010532676447594
1774149078702,2026-03-22 03:11:18.702,69271.0,0.16789,B,11629.90819,525494551607518
1774149078702,2026-03-22 03:11:18.702,69271.0,0.07998,B,5540.29458,702624432430901
1774149080016,2026-03-22 03:11:20.016,69265.0,0.00035,B,24.24275,687087493937525
1774149080779,2026-03-22 03:11:20.779,69264.0,0.00017,A,11.774880000000001,1025611077701857
1774149080779,2026-03-22 03:11:20.779,69264.0,0.00127,A,87.96528,15522408365531
1774149081026,2026-03-22 03:11:21.026,69264.0,0.00028,A,19.393919999999998,250500758479819
1774149083329,2026-03-22 03:11:23.329,69264.0,0.00172,A,119.13408,807312050046231
1774149083730,2026-03-22 03:11:23.730,69264.0,0.02887,A,1999.65168,261142676057232
1774149083730,2026-03-22 03:11:23.730,69264.0,0.00017,A,11.774880000000001,272569213096887
1774149083730,2026-03-22 03:11:23.730,69263.0,0.02887,A,1999.62281,438114385106199
1774149083730,2026-03-22 03:11:23.730,69263.0,0.00015,A,10.389449999999998,992567131794987
1774149083730,2026-03-22 03:11:23.730,69263.0,0.00017,A,11.77471,803032016021117
1774149083730,2026-03-22 03:11:23.730,69262.0,0.04503,A,3118.86786,798464322774232
1774149083730,2026-03-22 03:11:23.730,69262.0,0.00017,A,11.77454,728659362544365
1774149083730,2026-03-22 03:11:23.730,69262.0,0.00016,A,11.08192,835373181800761
1774149083730,2026-03-22 03:11:23.730,69262.0,0.00015,A,10.389299999999999,984283746267800
1774149083730,2026-03-22 03:11:23.730,69262.0,0.05665,A,3923.6922999999997,258330641276102
1774149083730,2026-03-22 03:11:23.730,69261.0,0.00017,A,11.774370000000001,731185212950078
1774149083730,2026-03-22 03:11:23.730,69260.0,0.00017,A,11.7742,1092077309228843
1774149083730,2026-03-22 03:11:23.730,69260.0,0.05291,A,3664.5466,387671750078467
1774149083730,2026-03-22 03:11:23.730,69260.0,0.003,A,207.78,1022054561400162
1774149083730,2026-03-22 03:11:23.730,69260.0,0.08778,A,6079.6428,618457085275530
1774149083730,2026-03-22 03:11:23.730,69260.0,0.00072,A,49.867200000000004,122529156824048
1774149083730,2026-03-22 03:11:23.730,69259.0,0.00017,A,11.774030000000002,389262186846163
1774149083730,2026-03-22 03:11:23.730,69259.0,0.001,A,69.259,277174726991641
1774149083730,2026-03-22 03:11:23.730,69258.0,0.00017,A,11.77386,1042058379394595
1774149083730,2026-03-22 03:11:23.730,69258.0,0.00016,A,11.081280000000001,176865232673772
1774149083730,2026-03-22 03:11:23.730,69257.0,0.00017,A,11.77369,463390592856062
1774149083730,2026-03-22 03:11:23.730,69257.0,0.01155,A,799.9183499999999,907763208734272
1774149083730,2026-03-22 03:11:23.730,69257.0,0.1351,A,9356.6207,224017677084854
1774149083730,2026-03-22 03:11:23.730,69257.0,0.56,A,38783.920000000006,243899645740656
1774149083730,2026-03-22 03:11:23.730,69256.0,0.00017,A,11.773520000000001,912137500909919
1774149083730,2026-03-22 03:11:23.730,69256.0,0.00704,A,487.56224000000003,327169677348024
1774149083730,2026-03-22 03:11:23.730,69256.0,0.20207,A,13994.55992,1061946027129026
1774149083730,2026-03-22 03:11:23.730,69256.0,0.2,A,13851.2,675606130721559
1774149083730,2026-03-22 03:11:23.730,69256.0,0.066,A,4570.896000000001,648816375689042
1774149083730,2026-03-22 03:11:23.730,69256.0,0.21662,A,15002.23472,808031880335403
1774149083730,2026-03-22 03:11:23.730,69255.0,0.00017,A,11.77335,839708630670281
1774149083730,2026-03-22 03:11:23.730,69255.0,0.03985,A,2759.81175,251095660782881
1774149083730,2026-03-22 03:11:23.730,69255.0,0.00016,A,11.080800000000002,784507279103474
1774149083730,2026-03-22 03:11:23.730,69255.0,0.38883,A,26928.42165,1113459395740116
1774149083730,2026-03-22 03:11:23.730,69255.0,0.08118,A,5622.1209,718988581636749
1774149083730,2026-03-22 03:11:23.730,69255.0,0.06521,A,4516.11855,1039057849688999
1774149083730,2026-03-22 03:11:23.730,69255.0,0.05147,A,3564.55485,795569749475793
1774149083730,2026-03-22 03:11:23.730,69255.0,0.56,A,38782.8,893638581444568
1774149083730,2026-03-22 03:11:23.730,69255.0,0.00397,A,274.94235,603800557180184
1774149084908,2026-03-22 03:11:24.908,69256.0,0.00048,B,33.24288,454802901649815
1774149085015,2026-03-22 03:11:25.015,69255.0,0.00081,A,56.09654999999999,165777271048649
1774149085910,2026-03-22 03:11:25.910,69256.0,0.00048,B,33.24288,176247542829533
1774149086000,2026-03-22 03:11:26.000,69255.0,0.0017,A,117.73349999999999,320119674962122
1774149086361,2026-03-22 03:11:26.361,69255.0,0.00057,A,39.47535,35239302295672
1774149087026,2026-03-22 03:11:27.026,69255.0,0.00017,A,11.77335,901733679521987
1774149087200,2026-03-22 03:11:27.200,69255.0,0.01118,A,774.2709000000001,375340317368733
1774149087200,2026-03-22 03:11:27.200,69255.0,0.46787,A,32402.33685,342928705737544
1774149088558,2026-03-22 03:11:28.558,69255.0,0.00022,A,15.2361,781436251253060
1774149089681,2026-03-22 03:11:29.681,69256.0,0.0433,B,2998.7848,959452514670614
1774149090898,2026-03-22 03:11:30.898,69256.0,0.0866,B,5997.5696,671430606261749
1774149091993,2026-03-22 03:11:31.993,69256.0,0.00038,B,26.31728,158901409197266
1774149093510,2026-03-22 03:11:33.510,69256.0,0.0002,B,13.8512,687891661223316
1774149094338,2026-03-22 03:11:34.338,69256.0,0.0002,B,13.8512,163196586180783
1774149095010,2026-03-22 03:11:35.010,69255.0,0.00142,A,98.3421,729206487248273
1774149096360,2026-03-22 03:11:36.360,69256.0,0.00144,B,99.72864000000001,931824367491687
1774149098026,2026-03-22 03:11:38.026,69256.0,0.00016,B,11.080960000000001,133862921491047
1774149098586,2026-03-22 03:11:38.586,69256.0,0.0866,B,5997.5696,831085174743901
1774149099568,2026-03-22 03:11:39.568,69256.0,0.00026,B,18.006559999999997,758952989905128
1774149099690,2026-03-22 03:11:39.690,69256.0,0.00774,B,536.0414400000001,400922547241456
1774149099767,2026-03-22 03:11:39.767,69257.0,0.00015,B,10.388549999999999,695733620623325
1774149099907,2026-03-22 03:11:39.907,69261.0,0.0866,B,5998.0026,574658199367363
1774149099907,2026-03-22 03:11:39.907,69261.0,0.003,B,207.78300000000002,907818239908683
1774149100094,2026-03-22 03:11:40.094,69261.0,0.00018,B,12.466980000000001,92903568360565
1774149100900,2026-03-22 03:11:40.900,69261.0,0.012,B,831.1320000000001,62358028898534
1774149101225,2026-03-22 03:11:41.225,69261.0,0.00026,B,18.007859999999997,875845319115086
1774149102728,2026-03-22 03:11:42.728,69261.0,0.0003,B,20.778299999999998,715694708199940
1774149103044,2026-03-22 03:11:43.044,69261.0,0.00028,B,19.393079999999998,1115896697115059
1774149104119,2026-03-22 03:11:44.119,69261.0,0.00759,B,525.69099,187467406734708
1774149104371,2026-03-22 03:11:44.371,69261.0,0.00721,B,499.37181000000004,421783776375574
1774149105029,2026-03-22 03:11:45.029,69261.0,0.02917,B,2020.34337,236975352438121
1774149106040,2026-03-22 03:11:46.040,69260.0,0.00028,A,19.392799999999998,380914018924302
1774149107144,2026-03-22 03:11:47.144,69261.0,0.00567,B,392.70986999999997,367255828540060
1774149109168,2026-03-22 03:11:49.168,69261.0,0.00027,B,18.70047,248622143816941
1774149109958,2026-03-22 03:11:49.958,69261.0,0.29742,B,20599.606620000002,249322754419834
1774149110012,2026-03-22 03:11:50.012,69261.0,0.00034,B,23.548740000000002,13249357321963
1774149110012,2026-03-22 03:11:50.012,69260.0,1e-05,A,0.6926000000000001,873188234850405
1774149110893,2026-03-22 03:11:50.893,69261.0,0.0003,B,20.778299999999998,433385279758242
1774149110986,2026-03-22 03:11:50.986,69261.0,0.00026,B,18.007859999999997,337107937117599
1774149111069,2026-03-22 03:11:51.069,69260.0,0.00028,A,19.392799999999998,847377824484373
1774149113004,2026-03-22 03:11:53.004,69260.0,0.00022,A,15.237200000000001,149255450322858
1774149115099,2026-03-22 03:11:55.099,69260.0,0.00082,A,56.7932,741154209094601
1774149116000,2026-03-22 03:11:56.000,69260.0,0.00185,A,128.131,765781170922672
1774149118715,2026-03-22 03:11:58.715,69261.0,0.00019,B,13.159590000000001,293403855787133
1774149119245,2026-03-22 03:11:59.245,69261.0,0.00034,B,23.548740000000002,527260182480493
1774149120157,2026-03-22 03:12:00.157,69261.0,0.05,B,3463.05,695774968094007
1774149122464,2026-03-22 03:12:02.464,69261.0,0.0428,B,2964.3707999999997,947363258548803
1774149124069,2026-03-22 03:12:04.069,69260.0,0.00142,A,98.3492,1022162430617476
1774149124069,2026-03-22 03:12:04.069,69261.0,0.00017,B,11.774370000000001,568372513330604
1774149124391,2026-03-22 03:12:04.391,69261.0,0.15793,B,10938.389729999999,1084392921340436
1774149124391,2026-03-22 03:12:04.391,69261.0,0.003,B,207.78300000000002,338717194964797
1774149124391,2026-03-22 03:12:04.391,69261.0,0.00017,B,11.774370000000001,903370800903881
1774149124391,2026-03-22 03:12:04.391,69261.0,0.0145,B,1004.2845000000001,684327442414537
1774149124391,2026-03-22 03:12:04.391,69261.0,0.03228,B,2235.74508,877833617707361
1774149124875,2026-03-22 03:12:04.875,69261.0,0.0866,B,5998.0026,236213548250005
1774149126199,2026-03-22 03:12:06.199,69261.0,0.00026,B,18.007859999999997,1083038983874074
1774149127079,2026-03-22 03:12:07.079,69261.0,0.00021,B,14.54481,804339563241576
1774149128010,2026-03-22 03:12:08.010,69261.0,0.00016,B,11.081760000000001,929626438772069
1774149129087,2026-03-22 03:12:09.087,69261.0,0.05261,B,3643.8212099999996,813760734212855
1774149129087,2026-03-22 03:12:09.087,69261.0,0.01263,B,874.76643,303571077985629
1774149129087,2026-03-22 03:12:09.087,69261.0,0.00017,B,11.774370000000001,313694655854824
1774149129087,2026-03-22 03:12:09.087,69262.0,0.00017,B,11.77454,317966990128999
1774149129087,2026-03-22 03:12:09.087,69262.0,0.00012,B,8.311440000000001,806684257244417
1774149129956,2026-03-22 03:12:09.956,69262.0,0.00144,B,99.73728000000001,1041667573638833
1774149130153,2026-03-22 03:12:10.153,69262.0,0.0002,B,13.852400000000001,775360218271218
1774149130565,2026-03-22 03:12:10.565,69262.0,0.0002,B,13.852400000000001,994380994332933
1774149132001,2026-03-22 03:12:12.001,69261.0,7e-05,A,4.848269999999999,233227286983106
1774149132294,2026-03-22 03:12:12.294,69262.0,0.00017,B,11.77454,316536364231468
1774149132294,2026-03-22 03:12:12.294,69262.0,0.06589,B,4563.673180000001,402695099896673
1774149132294,2026-03-22 03:12:12.294,69262.0,0.02054,B,1422.64148,1095652554053411
1774149133013,2026-03-22 03:12:13.013,69262.0,0.00044,B,30.47528,184991808958321
1774149133616,2026-03-22 03:12:13.616,69262.0,0.00026,B,18.008119999999998,451640451381777
1774149134020,2026-03-22 03:12:14.020,69262.0,0.0076,B,526.3912,370029386189846
1774149134020,2026-03-22 03:12:14.020,69262.0,0.04251,B,2944.32762,516807191287450
1774149134507,2026-03-22 03:12:14.507,69262.0,0.00024,B,16.622880000000002,278465830293064
1774149134707,2026-03-22 03:12:14.707,69262.0,0.02342,B,1622.1160399999999,122601915678203
1774149135109,2026-03-22 03:12:15.109,69262.0,0.00044,B,30.47528,508314357355873
1774149135713,2026-03-22 03:12:15.713,69262.0,0.0866,B,5998.089199999999,126352253335927
1774149136023,2026-03-22 03:12:16.023,69261.0,0.00028,A,19.393079999999998,988629200387806
1774149136725,2026-03-22 03:12:16.725,69262.0,0.00026,B,18.008119999999998,1073498738741961
1774149139554,2026-03-22 03:12:19.554,69262.0,0.00017,B,11.77454,400818710273251
1774149139554,2026-03-22 03:12:19.554,69263.0,0.00017,B,11.77471,739602787560418
1774149139747,2026-03-22 03:12:19.747,69264.0,0.00017,B,11.774880000000001,1007379239508712
1774149139747,2026-03-22 03:12:19.747,69265.0,5e-05,B,3.4632500000000004,120884689218737
1774149139747,2026-03-22 03:12:19.747,69265.0,0.00012,B,8.3118,665249790569480
1774149139747,2026-03-22 03:12:19.747,69265.0,0.0001,B,6.926500000000001,638599994840441
1774149139747,2026-03-22 03:12:19.747,69265.0,0.00022,B,15.2383,420135860177122
1774149139747,2026-03-22 03:12:19.747,69265.0,0.00022,B,15.2383,630083415569743
1774149139747,2026-03-22 03:12:19.747,69265.0,0.00022,B,15.2383,982290659128442
1774149140079,2026-03-22 03:12:20.079,69265.0,0.00034,B,23.5501,735329540907302
1774149140685,2026-03-22 03:12:20.685,69265.0,7e-05,B,4.8485499999999995,608429405242445
1774149141090,2026-03-22 03:12:21.090,69264.0,0.00028,A,19.393919999999998,1078068262143293
1774149141899,2026-03-22 03:12:21.899,69264.0,0.02462,A,1705.2796799999999,656649439111081
1774149142574,2026-03-22 03:12:22.574,69265.0,0.05125,B,3549.8312499999997,47929145404390
1774149142574,2026-03-22 03:12:22.574,69265.0,0.03535,B,2448.51775,98600377878417
1774149143509,2026-03-22 03:12:23.509,69265.0,0.02462,B,1705.3043,357401813327152
1774149143911,2026-03-22 03:12:23.911,69265.0,0.00026,B,18.008899999999997,583102650453715
1774149145124,2026-03-22 03:12:25.124,69264.0,0.00082,A,56.796479999999995,834613304171013
1774149145803,2026-03-22 03:12:25.803,69265.0,0.00028,B,19.394199999999998,704513271925978
1774149146002,2026-03-22 03:12:26.002,69264.0,0.00189,A,130.90896,537415715400030
1774149147005,2026-03-22 03:12:27.005,69264.0,0.00017,A,11.774880000000001,208570508972622
1774149151126,2026-03-22 03:12:31.126,69265.0,0.01397,B,967.6320499999999,818770855206516
1774149152345,2026-03-22 03:12:32.345,69264.0,0.00015,A,10.3896,589913091946364
1774149153086,2026-03-22 03:12:33.086,69266.0,0.00017,B,11.775220000000001,308124823392602
1774149153086,2026-03-22 03:12:33.086,69267.0,0.00017,B,11.775390000000002,334121460854856
1774149153086,2026-03-22 03:12:33.086,69267.0,0.00015,B,10.390049999999999,663126194757989
1774149153086,2026-03-22 03:12:33.086,69268.0,0.00017,B,11.77556,826204976065276
1774149153086,2026-03-22 03:12:33.086,69268.0,0.00016,B,11.082880000000001,483443243197853
1774149153086,2026-03-22 03:12:33.086,69268.0,0.00089,B,61.64852,827074270085494
1774149153086,2026-03-22 03:12:33.086,69269.0,0.00017,B,11.775730000000001,263317223061476
1774149153086,2026-03-22 03:12:33.086,69269.0,0.00012,B,8.31228,707874373644916
1774149153718,2026-03-22 03:12:33.718,69270.0,0.003,B,207.81,744437300037877
1774149153718,2026-03-22 03:12:33.718,69271.0,0.00017,B,11.77607,750727293878305
1774149153718,2026-03-22 03:12:33.718,69271.0,0.003,B,207.81300000000002,708260941310780
1774149153903,2026-03-22 03:12:33.903,69272.0,0.00016,B,11.08352,1090990433809479
1774149153903,2026-03-22 03:12:33.903,69272.0,0.00014,B,9.69808,884529418150389
1774149154135,2026-03-22 03:12:34.135,69271.0,0.00142,A,98.36482000000001,242413495455519
1774149154135,2026-03-22 03:12:34.135,69272.0,3e-05,B,2.07816,1046027472431933
1774149154135,2026-03-22 03:12:34.135,69273.0,0.00017,B,11.77641,34008080274193
1774149154135,2026-03-22 03:12:34.135,69274.0,0.0018,B,124.69319999999999,95490709499921
1774149155175,2026-03-22 03:12:35.175,69274.0,0.00017,B,11.776580000000001,896455273649917
1774149155175,2026-03-22 03:12:35.175,69275.0,0.00017,B,11.776750000000002,369286320174307
1774149155175,2026-03-22 03:12:35.175,69275.0,0.0002,B,13.855,389450240672159
1774149155175,2026-03-22 03:12:35.175,69276.0,0.00034,B,23.55384,108404003918225
1774149155175,2026-03-22 03:12:35.175,69276.0,0.00017,B,11.77692,494102640627373
1774149155175,2026-03-22 03:12:35.175,69277.0,0.00017,B,11.777090000000001,109700571771054
1774149156580,2026-03-22 03:12:36.580,69278.0,0.00016,B,11.084480000000001,468140791515479
1774149156580,2026-03-22 03:12:36.580,69277.0,0.00017,A,11.777090000000001,187971444292677
1774149156580,2026-03-22 03:12:36.580,69278.0,6e-05,B,4.15668,349171004349705
1774149156580,2026-03-22 03:12:36.580,69278.0,0.3686,B,25535.8708,202107952330763
1774149156580,2026-03-22 03:12:36.580,69278.0,0.23398,B,16209.666439999999,351033639471797
1774149156580,2026-03-22 03:12:36.580,69278.0,0.24782,B,17168.47396,635774524676405
1774149156580,2026-03-22 03:12:36.580,69278.0,0.07094,B,4914.58132,822991595449951
1774149156580,2026-03-22 03:12:36.580,69278.0,0.05062,B,3506.85236,677254431706463
1774149157276,2026-03-22 03:12:37.276,69278.0,0.002,B,138.556,1099151589695666
1774149158000,2026-03-22 03:12:38.000,69278.0,0.00016,B,11.084480000000001,96208697098919
1774149158144,2026-03-22 03:12:38.144,69278.0,1e-05,B,0.6927800000000001,620674727061826
1774149158144,2026-03-22 03:12:38.144,69278.0,0.00826,B,572.23628,346264955283973
1774149158401,2026-03-22 03:12:38.401,69277.0,0.00098,A,67.89146,1122199728587643
1774149159408,2026-03-22 03:12:39.408,69278.0,0.00164,B,113.61592,111689308000401
1774149159408,2026-03-22 03:12:39.408,69278.0,0.0035,B,242.473,929048646266750
1774149161725,2026-03-22 03:12:41.725,69278.0,0.00808,B,559.76624,622014801824078
1774149161725,2026-03-22 03:12:41.725,69278.0,0.00017,B,11.77726,489428056060641
1774149161725,2026-03-22 03:12:41.725,69279.0,0.00016,B,11.08464,101775932213138
1774149161725,2026-03-22 03:12:41.725,69279.0,0.003,B,207.83700000000002,813272593249264
1774149161725,2026-03-22 03:12:41.725,69279.0,0.00015,B,10.39185,760355198260194
1774149161725,2026-03-22 03:12:41.725,69279.0,0.00017,B,11.77743,793427100600590
1774149161725,2026-03-22 03:12:41.725,69280.0,0.00035,B,24.248,659067358134647
1774149161725,2026-03-22 03:12:41.725,69280.0,0.00016,B,11.084800000000001,1063941382094727
1774149161725,2026-03-22 03:12:41.725,69280.0,0.00017,B,11.777600000000001,752868711587910
1774149161725,2026-03-22 03:12:41.725,69281.0,0.00017,B,11.77777,265131370362810
1774149163028,2026-03-22 03:12:43.028,69282.0,0.00046,B,31.86972,329288925029177
1774149163028,2026-03-22 03:12:43.028,69281.0,2e-05,A,1.38562,14206629379096
1774149163028,2026-03-22 03:12:43.028,69281.0,0.00139,A,96.30059,990830190503042
1774149163829,2026-03-22 03:12:43.829,69282.0,0.02367,B,1639.90494,760751820984550
1774149165152,2026-03-22 03:12:45.152,69282.0,0.00032,B,22.170240000000003,519335126562394
1774149166046,2026-03-22 03:12:46.046,69281.0,0.00027,A,18.70587,938476540111001
1774149166946,2026-03-22 03:12:46.946,69283.0,0.00016,B,11.085280000000001,1040285103124345
1774149166946,2026-03-22 03:12:46.946,69283.0,0.00017,B,11.778110000000002,295018347094265
1774149166946,2026-03-22 03:12:46.946,69283.0,0.0002,B,13.8566,301123777286183
1774149166946,2026-03-22 03:12:46.946,69284.0,0.00017,B,11.77828,391082251525751
1774149166946,2026-03-22 03:12:46.946,69284.0,0.003,B,207.852,375165428616247
1774149166946,2026-03-22 03:12:46.946,69285.0,0.00017,B,11.778450000000001,1088838229206567
1774149166946,2026-03-22 03:12:46.946,69286.0,0.00017,B,11.77862,1081741348086788
1774149166946,2026-03-22 03:12:46.946,69287.0,0.00016,B,11.085920000000002,608243565938718
1774149166946,2026-03-22 03:12:46.946,69287.0,0.00017,B,11.77879,16946658619988
1774149166946,2026-03-22 03:12:46.946,69288.0,0.00017,B,11.778960000000001,673671228168582
1774149166946,2026-03-22 03:12:46.946,69289.0,0.00017,B,11.77913,742411954170812
1774149166946,2026-03-22 03:12:46.946,69289.0,0.00029,B,20.09381,601769842232778
1774149167612,2026-03-22 03:12:47.612,69290.0,0.00144,B,99.7776,891609103436644
1774149167748,2026-03-22 03:12:47.748,69290.0,0.00577,B,399.8033,168220286047801
1774149167748,2026-03-22 03:12:47.748,69290.0,0.00072,B,49.8888,481332848085753
1774149167748,2026-03-22 03:12:47.748,69290.0,0.00017,B,11.779300000000001,1017420873859549
1774149167748,2026-03-22 03:12:47.748,69290.0,0.00162,B,112.2498,410064477704478
1774149169036,2026-03-22 03:12:49.036,69289.0,0.21669,A,15014.233409999999,1090250545608197
1774149169036,2026-03-22 03:12:49.036,69289.0,0.10749,A,7447.87461,519701932708003
1774149169036,2026-03-22 03:12:49.036,69289.0,0.07582,A,5253.49198,935267957345383
1774149169947,2026-03-22 03:12:49.947,69289.0,0.0004,A,27.715600000000002,871978633912839
1774149169947,2026-03-22 03:12:49.947,69289.0,0.00086,A,59.58854,656991932704463
1774149170148,2026-03-22 03:12:50.148,69290.0,0.00034,B,23.558600000000002,492656743269756
1774149170270,2026-03-22 03:12:50.270,69290.0,0.01879,B,1301.9591,934483359247874
1774149171051,2026-03-22 03:12:51.051,69289.0,0.00027,A,18.70803,304957422320733
1774149173890,2026-03-22 03:12:53.890,69290.0,0.09742,B,6750.2318000000005,638402430134430
1774149173890,2026-03-22 03:12:53.890,69290.0,0.07094,B,4915.4326,840465914466741
1774149173890,2026-03-22 03:12:53.890,69290.0,0.06899,B,4780.317099999999,623711823145808
1774149173890,2026-03-22 03:12:53.890,69290.0,0.26868,B,18616.837199999998,259425916053538
1774149173890,2026-03-22 03:12:53.890,69290.0,0.00017,B,11.779300000000001,768143294518152
1774149173890,2026-03-22 03:12:53.890,69291.0,0.00015,B,10.39365,201026773550855
1774149173890,2026-03-22 03:12:53.890,69291.0,0.00017,B,11.779470000000002,647073875597174
1774149173890,2026-03-22 03:12:53.890,69292.0,0.00017,B,11.77964,920424048668405
1774149173890,2026-03-22 03:12:53.890,69292.0,0.003,B,207.876,1003677799677450
1774149173890,2026-03-22 03:12:53.890,69293.0,1.8368,B,127277.3824,130757781493405
1774149174243,2026-03-22 03:12:54.243,69293.0,0.00353,B,244.60429000000002,838252813144865
1774149174641,2026-03-22 03:12:54.641,69293.0,0.003,B,207.879,430593310369483
1774149174641,2026-03-22 03:12:54.641,69293.0,0.08675,B,6011.16775,741422344844831
1774149174827,2026-03-22 03:12:54.827,69293.0,0.01,B,692.9300000000001,896548958134369
1774149175110,2026-03-22 03:12:55.110,69292.0,0.00082,A,56.81944,397368119441298
1774149175806,2026-03-22 03:12:55.806,69293.0,0.00036,B,24.94548,409829932242955
1774149175806,2026-03-22 03:12:55.806,69293.0,0.01,B,692.9300000000001,959803071547239
1774149176013,2026-03-22 03:12:56.013,69292.0,0.00205,A,142.04860000000002,107126158867008
1774149176511,2026-03-22 03:12:56.511,69293.0,0.0002,B,13.858600000000001,751991566200597
1774149176511,2026-03-22 03:12:56.511,69293.0,0.00021,B,14.551530000000001,185695797077668
1774149176915,2026-03-22 03:12:56.915,69293.0,0.01067,B,739.35631,217407055207689
1774149177011,2026-03-22 03:12:57.011,69292.0,0.00017,A,11.77964,217848424232082
1774149177408,2026-03-22 03:12:57.408,69292.0,0.0002,A,13.858400000000001,648711002462031
1774149177408,2026-03-22 03:12:57.408,69293.0,0.00043,B,29.79599,918893841384507
1774149177408,2026-03-22 03:12:57.408,69293.0,1.52842,B,105908.80705999999,382770812209793
1774149178226,2026-03-22 03:12:58.226,69293.0,0.05111,B,3541.56523,414861207772757
1774149180244,2026-03-22 03:13:00.244,69292.0,0.01139,A,789.2358800000001,1113207149043919
1774149180244,2026-03-22 03:13:00.244,69292.0,0.04586,A,3177.73112,218546329530856
1774149180244,2026-03-22 03:13:00.244,69291.0,0.00015,A,10.39365,608979778677784
1774149180244,2026-03-22 03:13:00.244,69291.0,0.02886,A,1999.73826,291060291409007
1774149180244,2026-03-22 03:13:00.244,69291.0,0.09364,A,6488.40924,109291947562972
1774149180244,2026-03-22 03:13:00.244,69290.0,0.00015,A,10.3935,257453203050341
1774149180244,2026-03-22 03:13:00.244,69289.0,0.04649,A,3221.24561,127079413136530
1774149180244,2026-03-22 03:13:00.244,69289.0,0.0958,A,6637.8862,53760036993176
1774149180244,2026-03-22 03:13:00.244,69289.0,0.00017,A,11.77913,547273998367720
1774149180244,2026-03-22 03:13:00.244,69289.0,0.00015,A,10.39335,148742257000533
1774149180244,2026-03-22 03:13:00.244,69289.0,0.04039,A,2798.58271,336393962447420
1774149180244,2026-03-22 03:13:00.244,69288.0,0.00017,A,11.778960000000001,974156602225908
1774149180244,2026-03-22 03:13:00.244,69288.0,0.00017,A,11.778960000000001,1075817025818434
1774149180244,2026-03-22 03:13:00.244,69288.0,0.00016,A,11.08608,999621539377453
1774149180244,2026-03-22 03:13:00.244,69288.0,0.01009,A,699.11592,39407176047287
1774149180244,2026-03-22 03:13:00.244,69287.0,0.02636,A,1826.40532,1095352532429992
1774149181538,2026-03-22 03:13:01.538,69287.0,0.09591,A,6645.31617,752910910779028
1774149181538,2026-03-22 03:13:01.538,69287.0,0.00017,A,11.77879,850049530916227
1774149181538,2026-03-22 03:13:01.538,69287.0,0.15392,A,10664.65504,885951075778448
1774149181946,2026-03-22 03:13:01.946,69288.0,0.17657,B,12234.18216,340854418082912
1774149182141,2026-03-22 03:13:02.141,69288.0,0.07,B,4850.160000000001,320239306919404
1774149182745,2026-03-22 03:13:02.745,69287.0,0.0307,A,2127.1109,749754923675495
1774149182946,2026-03-22 03:13:02.946,69288.0,0.00072,B,49.88736,274024500323599
1774149183671,2026-03-22 03:13:03.671,69287.0,0.00022,A,15.24314,332921991138780
1774149184092,2026-03-22 03:13:04.092,69287.0,0.00141,A,97.69467,240900894639321
1774149184555,2026-03-22 03:13:04.555,69288.0,0.14893,B,10319.06184,639621759697919
1774149184555,2026-03-22 03:13:04.555,69288.0,0.07417,B,5139.0909599999995,865331727383111
1774149184555,2026-03-22 03:13:04.555,69288.0,0.21,B,14550.48,822235345543731
1774149184555,2026-03-22 03:13:04.555,69288.0,0.21,B,14550.48,303337505850637
1774149184555,2026-03-22 03:13:04.555,69288.0,0.44348,B,30727.842239999998,1114440235100266
1774149184555,2026-03-22 03:13:04.555,69288.0,0.38412,B,26614.90656,935166082644890
1774149184555,2026-03-22 03:13:04.555,69288.0,0.21,B,14550.48,881946961899935
1774149184555,2026-03-22 03:13:04.555,69288.0,0.19402,B,13443.25776,519143989292294
1774149184555,2026-03-22 03:13:04.555,69288.0,0.35,B,24250.8,878607731625424
1774149184555,2026-03-22 03:13:04.555,69288.0,0.07772,B,5385.06336,107935738406299
1774149184555,2026-03-22 03:13:04.555,69288.0,0.75758,B,52491.20304,694859450398441
1774149184555,2026-03-22 03:13:04.555,69288.0,0.2759,B,19116.5592,591904727118084
1774149184555,2026-03-22 03:13:04.555,69288.0,0.07063,B,4893.8114399999995,478624174247374
1774149184555,2026-03-22 03:13:04.555,69288.0,0.35,B,24250.8,255952969449418
1774149184555,2026-03-22 03:13:04.555,69288.0,0.27129,B,18797.141519999997,291973933131245
1774149184555,2026-03-22 03:13:04.555,69288.0,0.21,B,14550.48,202455137532267
1774149184555,2026-03-22 03:13:04.555,69288.0,0.5,B,34644.0,618352026671309
1774149184555,2026-03-22 03:13:04.555,69288.0,0.17833,B,12356.12904,360764161729253
1774149184555,2026-03-22 03:13:04.555,69288.0,0.33332,B,23095.07616,1045371469430038
1774149184555,2026-03-22 03:13:04.555,69288.0,0.13965,B,9676.0692,443916524288410
1774149184555,2026-03-22 03:13:04.555,69288.0,0.12343,B,8552.21784,175808902498754
1774149184555,2026-03-22 03:13:04.555,69288.0,0.12024,B,8331.18912,260042109534212
1774149184555,2026-03-22 03:13:04.555,69288.0,0.19375,B,13424.550000000001,557013483627074
1774149184555,2026-03-22 03:13:04.555,69288.0,0.06164,B,4270.91232,99387169190297
1774149185366,2026-03-22 03:13:05.366,69288.0,0.00186,B,128.87568000000002,182571591194587
1774149185567,2026-03-22 03:13:05.567,69287.0,0.00017,A,11.77879,410524632400013
1774149185567,2026-03-22 03:13:05.567,69286.0,5e-05,A,3.4643,441629829725556
1774149185567,2026-03-22 03:13:05.567,69286.0,0.0001,A,6.9286,345237228326775
1774149185567,2026-03-22 03:13:05.567,69286.0,0.00017,A,11.77862,354099227575110
1774149185961,2026-03-22 03:13:05.961,69284.0,0.00029,A,20.09236,806868766728711
1774149186170,2026-03-22 03:13:06.170,69284.0,0.00271,A,187.75964000000002,824652566534584
1774149186170,2026-03-22 03:13:06.170,69284.0,0.00016,A,11.08544,183352651307920
1774149186170,2026-03-22 03:13:06.170,69284.0,0.00017,A,11.77828,603801004270270
1774149188129,2026-03-22 03:13:08.129,69284.0,0.00016,B,11.08544,800335593889244
1774149188537,2026-03-22 03:13:08.537,69284.0,0.00081,B,56.120039999999996,946488684641067
1774149188537,2026-03-22 03:13:08.537,69284.0,0.01795,B,1243.6478,11459103606465
1774149188926,2026-03-22 03:13:08.926,69283.0,0.00017,A,11.778110000000002,250356900462701
1774149188926,2026-03-22 03:13:08.926,69282.0,0.00017,A,11.777940000000001,140029363347636
1774149188926,2026-03-22 03:13:08.926,69281.0,0.00017,A,11.77777,166050657833328
1774149189188,2026-03-22 03:13:09.188,69280.0,0.00016,A,11.084800000000001,225397862813015
1774149189188,2026-03-22 03:13:09.188,69280.0,0.00017,A,11.777600000000001,436071688068046
1774149189188,2026-03-22 03:13:09.188,69280.0,0.00268,A,185.6704,454173769040424
1774149189574,2026-03-22 03:13:09.574,69279.0,0.00022,A,15.241380000000001,364288458673254
1774149189574,2026-03-22 03:13:09.574,69279.0,0.00022,A,15.241380000000001,315343556552860
1774149189781,2026-03-22 03:13:09.781,69279.0,0.00256,A,177.35424,22620729937529
1774149189781,2026-03-22 03:13:09.781,69279.0,0.00017,A,11.77743,310259449752535
1774149189781,2026-03-22 03:13:09.781,69278.0,0.00017,A,11.77726,208894276626264
1774149189781,2026-03-22 03:13:09.781,69277.0,0.00016,A,11.084320000000002,67093065861754
1774149189781,2026-03-22 03:13:09.781,69277.0,0.00017,A,11.777090000000001,263385036655548
1774149189781,2026-03-22 03:13:09.781,69276.0,0.00017,A,11.77692,788316190672419
1774149189781,2026-03-22 03:13:09.781,69275.0,0.00015,A,10.39125,1110261038181081
1774149189781,2026-03-22 03:13:09.781,69275.0,0.00017,A,11.776750000000002,303643353027524
1774149190801,2026-03-22 03:13:10.801,69274.0,0.00017,A,11.776580000000001,321488907397483
1774149190801,2026-03-22 03:13:10.801,69273.0,0.00016,A,11.083680000000001,381721509887015
1774149190801,2026-03-22 03:13:10.801,69273.0,0.00017,A,11.77641,1076130103915247
1774149190801,2026-03-22 03:13:10.801,69273.0,0.00022,A,15.24006,1033440649549573
1774149190801,2026-03-22 03:13:10.801,69273.0,0.00029,A,20.08917,481889826483747
1774149190801,2026-03-22 03:13:10.801,69273.0,0.003,A,207.81900000000002,338146529651814
1774149190801,2026-03-22 03:13:10.801,69273.0,0.00068,A,47.10564,656639269840702
1774149191759,2026-03-22 03:13:11.759,69272.0,0.02887,A,1999.88264,1115785632380150
1774149192573,2026-03-22 03:13:12.573,69271.0,0.00017,A,11.77607,929710332779098
1774149193118,2026-03-22 03:13:13.118,69271.0,0.00044,B,30.47924,212808499895371
1774149195644,2026-03-22 03:13:15.644,69270.0,0.00017,A,11.7759,548045475333784
1774149195644,2026-03-22 03:13:15.644,69270.0,0.0007,A,48.489,396858716713227
1774149196033,2026-03-22 03:13:16.033,69270.0,0.00028,A,19.395599999999998,98625654142470
1774149199984,2026-03-22 03:13:19.984,69271.0,0.00083,B,57.494930000000004,388516827535657
1774149199984,2026-03-22 03:13:19.984,69271.0,0.02025,B,1402.73775,525159021479376
1774149200058,2026-03-22 03:13:20.058,69271.0,0.00034,B,23.55214,998992942002147
1774149201064,2026-03-22 03:13:21.064,69270.0,0.00028,A,19.395599999999998,152080343897671
1774149201873,2026-03-22 03:13:21.873,69270.0,0.00021,A,14.546700000000001,864985850562075
1774149205054,2026-03-22 03:13:25.054,69270.0,0.00082,A,56.8014,500473123807366
1774149206073,2026-03-22 03:13:26.073,69270.0,0.00222,A,153.7794,857600349607109
1774149207047,2026-03-22 03:13:27.047,69270.0,0.00017,A,11.7759,207900889250798
1774149207876,2026-03-22 03:13:27.876,69271.0,0.00042,B,29.09382,73448601957021
1774149211901,2026-03-22 03:13:31.901,69271.0,0.00101,B,69.96371,799764863386130
1774149214053,2026-03-22 03:13:34.053,69270.0,0.00142,A,98.3634,322430645269330
1774149215472,2026-03-22 03:13:35.472,69270.0,0.00463,A,320.72009999999995,558683429520947
1774149215755,2026-03-22 03:13:35.755,69270.0,0.02282,A,1580.7414,848674841163135
1774149215755,2026-03-22 03:13:35.755,69270.0,0.00017,A,11.7759,1101043200609157
1774149215755,2026-03-22 03:13:35.755,69269.0,0.00016,A,11.08304,759624885050485
1774149215755,2026-03-22 03:13:35.755,69269.0,0.00017,A,11.775730000000001,789766626896952
1774149215755,2026-03-22 03:13:35.755,69269.0,0.00072,A,49.87368,267714537299712
1774149215755,2026-03-22 03:13:35.755,69269.0,0.00015,A,10.39035,246607539954357
1774149215755,2026-03-22 03:13:35.755,69269.0,0.00614,A,425.31165999999996,563918869604191
1774149216554,2026-03-22 03:13:36.554,69270.0,0.00041,B,28.4007,719275757115880
1774149216947,2026-03-22 03:13:36.947,69269.0,0.00017,A,11.775730000000001,912242326595523
1774149216947,2026-03-22 03:13:36.947,69269.0,0.00127,A,87.97163,1015228176616633
1774149218013,2026-03-22 03:13:38.013,69270.0,0.00016,B,11.083200000000001,279061899494030
1774149218469,2026-03-22 03:13:38.469,69269.0,0.00022,A,15.239180000000001,928999543432679
1774149221569,2026-03-22 03:13:41.569,69269.0,0.02738,A,1896.5852200000002,555415310791968
1774149221569,2026-03-22 03:13:41.569,69269.0,0.04703,A,3257.72107,712464072308442
1774149221569,2026-03-22 03:13:41.569,69268.0,0.09671,A,6698.908280000001,87144238594995
1774149221569,2026-03-22 03:13:41.569,69268.0,0.01009,A,698.91412,1123700996361445
1774149221569,2026-03-22 03:13:41.569,69268.0,0.00015,A,10.390199999999998,965329680451190
1774149221569,2026-03-22 03:13:41.569,69268.0,0.00017,A,11.77556,619691241895956
1774149221569,2026-03-22 03:13:41.569,69267.0,0.00017,A,11.775390000000002,202537159603567
1774149221569,2026-03-22 03:13:41.569,69267.0,0.00027,A,18.702090000000002,422017161257669
1774149221569,2026-03-22 03:13:41.569,69267.0,0.04655,A,3224.37885,43912964208758
1774149221569,2026-03-22 03:13:41.569,69266.0,0.00016,A,11.08256,63478271077366
1774149221569,2026-03-22 03:13:41.569,69266.0,0.00017,A,11.775220000000001,978131439117895
1774149221569,2026-03-22 03:13:41.569,69266.0,0.01865,A,1291.8109,437962459549001
1774149221569,2026-03-22 03:13:41.569,69266.0,0.0205,A,1419.953,712253442051251
1774149221569,2026-03-22 03:13:41.569,69266.0,0.05665,A,3923.9189,541786137885356
1774149221569,2026-03-22 03:13:41.569,69265.0,0.00017,A,11.77505,775163999941259
1774149221569,2026-03-22 03:13:41.569,69265.0,0.00017,A,11.77505,342412173739153
1774149221569,2026-03-22 03:13:41.569,69265.0,0.04039,A,2797.61335,496616332970825
1774149221569,2026-03-22 03:13:41.569,69264.0,0.00527,A,365.02128000000005,107435979784484
1774149221569,2026-03-22 03:13:41.569,69264.0,0.00017,A,11.774880000000001,556066363222588
1774149221569,2026-03-22 03:13:41.569,69264.0,0.02714,A,1879.8249600000001,934333188963726
1774149221569,2026-03-22 03:13:41.569,69264.0,0.00532,A,368.48448,260794743204331
1774149221569,2026-03-22 03:13:41.569,69264.0,0.02074,A,1436.53536,993329424143193
1774149221569,2026-03-22 03:13:41.569,69264.0,0.0468,A,3241.5552000000002,744341825400794
1774149221569,2026-03-22 03:13:41.569,69264.0,0.02887,A,1999.65168,473999413009863
1774149221569,2026-03-22 03:13:41.569,69263.0,0.00017,A,11.77471,212630034111547
1774149221569,2026-03-22 03:13:41.569,69263.0,0.00141,A,97.66083,542702650941469
1774149221569,2026-03-22 03:13:41.569,69262.0,0.00016,A,11.08192,331749459079735
1774149221569,2026-03-22 03:13:41.569,69262.0,0.01155,A,799.9761,453264097243800
1774149221569,2026-03-22 03:13:41.569,69262.0,0.20194,A,13986.76828,251288795474542
1774149221569,2026-03-22 03:13:41.569,69262.0,0.00017,A,11.77454,83366061279491
1774149221569,2026-03-22 03:13:41.569,69262.0,0.003,A,207.786,614794491024582
1774149221569,2026-03-22 03:13:41.569,69261.0,0.038,A,2631.918,428083286952994
1774149221569,2026-03-22 03:13:41.569,69261.0,0.10612,A,7349.97732,422589017703480
1774149221569,2026-03-22 03:13:41.569,69261.0,0.2,A,13852.2,1080925970021884
1774149221569,2026-03-22 03:13:41.569,69261.0,0.40504,A,28053.475440000002,342582748544853
1774149221569,2026-03-22 03:13:41.569,69261.0,0.00017,A,11.774370000000001,996185318942671
1774149221569,2026-03-22 03:13:41.569,69261.0,0.14507,A,10047.69327,89820539262049
1774149221569,2026-03-22 03:13:41.569,69261.0,0.29111,A,20162.56971,241406506352235
1774149221569,2026-03-22 03:13:41.569,69261.0,0.003,A,207.78300000000002,1091013906212540
1774149221569,2026-03-22 03:13:41.569,69260.0,0.05291,A,3664.5466,1063213628718449
1774149221569,2026-03-22 03:13:41.569,69260.0,0.00017,A,11.7742,12651940710709
1774149221569,2026-03-22 03:13:41.569,69260.0,0.41743,A,28911.201800000003,972666885857439
1774149223051,2026-03-22 03:13:43.051,69261.0,0.0003,B,20.778299999999998,25613426494724
1774149223518,2026-03-22 03:13:43.518,69260.0,0.1,A,6926.0,485391823078152
1774149223518,2026-03-22 03:13:43.518,69261.0,0.00022,B,15.23742,90885084325801
1774149224743,2026-03-22 03:13:44.743,69261.0,0.10405,B,7206.6070500000005,83645937955584
1774149224743,2026-03-22 03:13:44.743,69261.0,0.01287,B,891.38907,702477431630672
1774149225150,2026-03-22 03:13:45.150,69260.0,0.00017,A,11.7742,237365352843761
1774149225150,2026-03-22 03:13:45.150,69259.0,0.003,A,207.77700000000002,634072977602116
1774149225150,2026-03-22 03:13:45.150,69259.0,0.00017,A,11.774030000000002,967052573079122
1774149226007,2026-03-22 03:13:46.007,69258.0,0.00017,A,11.77386,45682752401232
1774149226007,2026-03-22 03:13:46.007,69258.0,0.00011,A,7.61838,198308458239812
1774149227601,2026-03-22 03:13:47.601,69258.0,0.00353,A,244.48074,64108355514140
1774149228743,2026-03-22 03:13:48.743,69258.0,0.00022,A,15.23676,1055880936121087
1774149230001,2026-03-22 03:13:50.001,69259.0,0.00034,B,23.548060000000003,427952837983022
1774149230609,2026-03-22 03:13:50.609,69258.0,0.00641,A,443.94378,297457063004577
1774149231003,2026-03-22 03:13:51.003,69258.0,0.00028,A,19.392239999999997,852996815153868
1774149235077,2026-03-22 03:13:55.077,69258.0,0.00082,A,56.79156,151729485092581
1774149235677,2026-03-22 03:13:55.677,69259.0,0.00934,B,646.87906,887783010252617
1774149235677,2026-03-22 03:13:55.677,69259.0,0.0773,B,5353.7207,321734172382707
1774149235876,2026-03-22 03:13:55.876,69258.0,0.01,A,692.58,931566047615936
1774149236083,2026-03-22 03:13:56.083,69258.0,0.00161,A,111.50538,997958351664595
1774149236895,2026-03-22 03:13:56.895,69259.0,0.01,A,692.59,445188365604675
1774149236895,2026-03-22 03:13:56.895,69260.0,0.00015,B,10.389,282558963896995
1774149236895,2026-03-22 03:13:56.895,69261.0,0.00017,B,11.774370000000001,348381878260619
1774149236895,2026-03-22 03:13:56.895,69261.0,3e-05,B,2.07783,318135666410686
1774149237094,2026-03-22 03:13:57.094,69259.0,0.00017,A,11.774030000000002,952206796296504
1774149237094,2026-03-22 03:13:57.094,69261.0,0.00012,B,8.31132,1099530648513283
1774149237094,2026-03-22 03:13:57.094,69262.0,0.00017,B,11.77454,106877424957764
1774149237094,2026-03-22 03:13:57.094,69263.0,0.00017,B,11.77471,44176288341128
1774149237094,2026-03-22 03:13:57.094,69263.0,0.00015,B,10.389449999999998,523273852581228
1774149237094,2026-03-22 03:13:57.094,69264.0,0.00017,B,11.774880000000001,491548592437609
1774149237094,2026-03-22 03:13:57.094,69265.0,0.00017,B,11.77505,61750164502345
1774149237094,2026-03-22 03:13:57.094,69265.0,0.00016,B,11.082400000000002,722576803854543
1774149237094,2026-03-22 03:13:57.094,69265.0,0.08552,B,5923.5428,978880397271703
1774149237094,2026-03-22 03:13:57.094,69265.0,0.02672,B,1850.7608,185187280088868
1774149238105,2026-03-22 03:13:58.105,69264.0,0.00072,A,49.87008,357361633662848
1774149238506,2026-03-22 03:13:58.506,69265.0,0.00026,B,18.008899999999997,166334658661330
1774149238636,2026-03-22 03:13:58.636,69265.0,0.00019,B,13.160350000000001,455885177235722
1774149241251,2026-03-22 03:14:01.251,69264.0,0.01449,A,1003.63536,413669208552609
1774149241651,2026-03-22 03:14:01.651,69265.0,0.00018,B,12.4677,218844069716026
1774149244097,2026-03-22 03:14:04.097,69264.0,0.00142,A,98.35488000000001,1116463105688478
1774149246716,2026-03-22 03:14:06.716,69265.0,0.00017,B,11.77505,530502024089903
1774149248040,2026-03-22 03:14:08.040,69265.0,0.00016,B,11.082400000000002,19840870187120
1774149248716,2026-03-22 03:14:08.716,69264.0,0.08712,A,6034.279680000001,777618126453417
1774149251434,2026-03-22 03:14:11.434,69264.0,0.00213,A,147.53232,747144031701006
1774149252028,2026-03-22 03:14:12.028,69265.0,0.00091,B,63.03115,252935126251008
1774149253059,2026-03-22 03:14:13.059,69265.0,0.00044,B,30.4766,1014667864244007
1774149253059,2026-03-22 03:14:13.059,69264.0,7e-05,A,4.8484799999999995,510460162687922
1774149253984,2026-03-22 03:14:13.984,69265.0,0.00022,B,15.2383,1023114986566876
1774149256075,2026-03-22 03:14:16.075,69264.0,0.00027,A,18.70128,479041370970911
1774149257884,2026-03-22 03:14:17.884,69265.0,7e-05,B,4.8485499999999995,127958153340367
1774149260039,2026-03-22 03:14:20.039,69265.0,0.00035,B,24.24275,989512232900807
1774149261048,2026-03-22 03:14:21.048,69264.0,0.00028,A,19.393919999999998,1071138843405780
1774149261321,2026-03-22 03:14:21.321,69265.0,0.00288,B,199.4832,315725130265412
1774149261321,2026-03-22 03:14:21.321,69265.0,0.0005,B,34.6325,1097998428200243
1774149265033,2026-03-22 03:14:25.033,69264.0,0.00082,A,56.796479999999995,794458832503020
1774149265393,2026-03-22 03:14:25.393,69265.0,0.08143,B,5640.24895,510055334072671
1774149265393,2026-03-22 03:14:25.393,69265.0,0.00017,B,11.77505,885576251779337
1774149265393,2026-03-22 03:14:25.393,69265.0,0.00288,B,199.4832,616846909927149
1774149265393,2026-03-22 03:14:25.393,69265.0,0.00214,B,148.2271,741167264144374
1774149266133,2026-03-22 03:14:26.133,69265.0,0.00075,B,51.948750000000004,663732622693103
1774149266133,2026-03-22 03:14:26.133,69265.0,0.00017,B,11.77505,29771132291553
1774149266534,2026-03-22 03:14:26.534,69266.0,0.00033,B,22.857779999999998,402996894420886
1774149267040,2026-03-22 03:14:27.040,69265.0,0.00017,A,11.77505,446251999106659
1774149268018,2026-03-22 03:14:28.018,69266.0,0.00028,B,19.394479999999998,803575020030987
1774149269044,2026-03-22 03:14:29.044,69267.0,0.00016,B,11.08272,865774416481852
1774149269044,2026-03-22 03:14:29.044,69267.0,1e-05,B,0.69267,377142513424710
1774149269044,2026-03-22 03:14:29.044,69267.0,0.00179,B,123.98792999999999,418411449961597
1774149270089,2026-03-22 03:14:30.089,69266.0,0.00377,A,261.13282,125429286060144
1774149271102,2026-03-22 03:14:31.102,69267.0,0.0002,B,13.8534,1084368252624087
1774149271102,2026-03-22 03:14:31.102,69267.0,0.00017,B,11.775390000000002,8901621227628
1774149271102,2026-03-22 03:14:31.102,69267.0,0.00708,B,490.41036,338368706937993
1774149273707,2026-03-22 03:14:33.707,69267.0,0.00461,B,319.32087,273231950078545
1774149274029,2026-03-22 03:14:34.029,69266.0,0.00142,A,98.35772,709747169394703
1774149278041,2026-03-22 03:14:38.041,69267.0,0.00016,B,11.08272,328011196572208
1774149283063,2026-03-22 03:14:43.063,69267.0,0.00042,B,29.09214,1048570803105808
1774149285136,2026-03-22 03:14:45.136,69267.0,0.00292,B,202.25964,831840551434455
1774149286086,2026-03-22 03:14:46.086,69266.0,0.00028,A,19.394479999999998,670102592592069
1774149288299,2026-03-22 03:14:48.299,69266.0,0.01538,A,1065.31108,218713371551121
1774149290013,2026-03-22 03:14:50.013,69267.0,0.00034,B,23.550780000000003,563608528237143
1774149290217,2026-03-22 03:14:50.217,69267.0,0.01443,B,999.52281,963131853589605
1774149290217,2026-03-22 03:14:50.217,69266.0,0.00017,A,11.775220000000001,189133953483866
1774149290621,2026-03-22 03:14:50.621,69265.0,0.00017,A,11.77505,659984164961911
1774149291045,2026-03-22 03:14:51.045,69264.0,0.00017,A,11.774880000000001,595202074942856
1774149291045,2026-03-22 03:14:51.045,69264.0,0.0001,A,6.9264,810853190506092
1774149291448,2026-03-22 03:14:51.448,69264.0,0.00915,A,633.7656000000001,404326996103504
1774149291448,2026-03-22 03:14:51.448,69263.0,0.00017,A,11.77471,985056448236684
1774149291448,2026-03-22 03:14:51.448,69262.0,0.00017,A,11.77454,373962987360913
1774149291448,2026-03-22 03:14:51.448,69262.0,0.00016,A,11.08192,292906927661140
1774149295069,2026-03-22 03:14:55.069,69261.0,0.00017,A,11.774370000000001,952028883710047
1774149295069,2026-03-22 03:14:55.069,69261.0,0.00065,A,45.01965,669390697961805
1774149297082,2026-03-22 03:14:57.082,69261.0,0.00017,A,11.774370000000001,381881966625234
1774149299098,2026-03-22 03:14:59.098,69262.0,0.00016,B,11.08192,770342021476660
1774149301306,2026-03-22 03:15:01.306,69262.0,0.00032,B,22.16384,48631892698361
1774149301412,2026-03-22 03:15:01.412,69262.0,0.00144,B,99.73728000000001,242108971009035
1774149302013,2026-03-22 03:15:02.013,69261.0,0.00037,A,25.62657,203668235849919
1774149302459,2026-03-22 03:15:02.459,69261.0,0.00089,A,61.642289999999996,563993681540807
1774149304057,2026-03-22 03:15:04.057,69261.0,0.00142,A,98.35062,921846344950570
1774149304878,2026-03-22 03:15:04.878,69261.0,0.00144,A,99.73584000000001,531203317272578
1774149305128,2026-03-22 03:15:05.128,69262.0,0.02099,B,1453.8093800000001,847747570414911
1774149306092,2026-03-22 03:15:06.092,69261.0,0.0012,A,83.11319999999999,870645290309349
1774149307511,2026-03-22 03:15:07.511,69261.0,0.00759,A,525.69099,769634203023904
1774149307511,2026-03-22 03:15:07.511,69261.0,0.00017,A,11.774370000000001,905419259290290
1774149307511,2026-03-22 03:15:07.511,69261.0,0.00087,A,60.25707,832023268325879
1774149307511,2026-03-22 03:15:07.511,69261.0,2e-05,A,1.3852200000000001,1065661254513555
1774149308029,2026-03-22 03:15:08.029,69262.0,0.00016,B,11.08192,238468771332439
1774149308425,2026-03-22 03:15:08.425,69262.0,0.00046,B,31.86052,58395615033985
1774149309241,2026-03-22 03:15:09.241,69261.0,0.00017,A,11.774370000000001,829732118391815
1774149310419,2026-03-22 03:15:10.419,69261.0,0.00127,B,87.96147,363919873883310
1774149310419,2026-03-22 03:15:10.419,69261.0,0.01028,B,712.00308,732707216715275
1774149310640,2026-03-22 03:15:10.640,69260.0,0.00065,A,45.019,159110728800862
1774149312853,2026-03-22 03:15:12.853,69261.0,0.001,B,69.261,88637274067924
1774149313061,2026-03-22 03:15:13.061,69261.0,0.00039,B,27.011789999999998,256361293243863
1774149316086,2026-03-22 03:15:16.086,69260.0,0.00028,A,19.392799999999998,1117983755840935
1774149318846,2026-03-22 03:15:18.846,69260.0,0.09873,A,6838.0398,804115934251497
1774149318846,2026-03-22 03:15:18.846,69260.0,0.00017,A,11.7742,615693849567001
1774149318846,2026-03-22 03:15:18.846,69260.0,0.02887,A,1999.5362,525950185794396
1774149318846,2026-03-22 03:15:18.846,69260.0,0.01864,A,1291.0064,89238535723817
1774149318846,2026-03-22 03:15:18.846,69259.0,0.00017,A,11.774030000000002,526961500808686
1774149318846,2026-03-22 03:15:18.846,69259.0,0.04818,A,3336.89862,167747699655897
1774149318846,2026-03-22 03:15:18.846,69258.0,0.00017,A,11.77386,42577087934280
1774149318846,2026-03-22 03:15:18.846,69258.0,0.00016,A,11.081280000000001,282996415963000
1774149318846,2026-03-22 03:15:18.846,69258.0,0.08553,A,5923.63674,301132260090120
1774149320014,2026-03-22 03:15:20.014,69259.0,0.00034,B,23.548060000000003,799980134813994
1774149321015,2026-03-22 03:15:21.015,69258.0,0.00028,A,19.392239999999997,632412550890889
1774149322493,2026-03-22 03:15:22.493,69258.0,0.00021,A,14.54418,763576537811066
1774149325011,2026-03-22 03:15:25.011,69258.0,0.00082,A,56.79156,596114381097783
1774149326949,2026-03-22 03:15:26.949,69261.0,0.00017,B,11.774370000000001,182022697843369
1774149326949,2026-03-22 03:15:26.949,69262.0,0.00018,B,12.467160000000002,777983408326759
1774149326949,2026-03-22 03:15:26.949,69262.0,0.00015,B,10.389299999999999,411335469145619
1774149326949,2026-03-22 03:15:26.949,69262.0,0.00017,B,11.77454,917687216060593
1774149326949,2026-03-22 03:15:26.949,69262.0,0.0076,B,526.3912,985542801499595
1774149326949,2026-03-22 03:15:26.949,69263.0,0.05665,B,3923.74895,119940677966377
1774149326949,2026-03-22 03:15:26.949,69263.0,0.00017,B,11.77471,318451840209127
1774149326949,2026-03-22 03:15:26.949,69264.0,0.003,B,207.792,321101561424427
1774149326949,2026-03-22 03:15:26.949,69264.0,0.00017,B,11.774880000000001,1006872610603877
1774149326949,2026-03-22 03:15:26.949,69265.0,0.00016,B,11.082400000000002,801776978061799
1774149326949,2026-03-22 03:15:26.949,69265.0,0.00017,B,11.77505,523290863572123
1774149326949,2026-03-22 03:15:26.949,69265.0,0.01804,B,1249.5406,173976689696768
1774149327064,2026-03-22 03:15:27.064,69260.0,0.00017,A,11.7742,567768256257606
1774149327064,2026-03-22 03:15:27.064,69260.0,0.01661,A,1150.4086,24678568796851
1774149328169,2026-03-22 03:15:28.169,69265.0,0.00026,B,18.008899999999997,233715637203397
1774149328663,2026-03-22 03:15:28.663,69265.0,0.00027,B,18.70155,41017290972364
1774149328970,2026-03-22 03:15:28.970,69265.0,0.07527,B,5213.576550000001,733392172095102
1774149329066,2026-03-22 03:15:29.066,69265.0,0.00016,B,11.082400000000002,823063289884729
1774149329477,2026-03-22 03:15:29.477,69264.0,0.00016,A,11.08224,168743273139362
1774149329766,2026-03-22 03:15:29.766,69265.0,0.03575,B,2476.2237499999997,275839655927695
1774149334082,2026-03-22 03:15:34.082,69264.0,0.00141,A,97.66224,1056447311060652
1774149334489,2026-03-22 03:15:34.489,69265.0,0.08454,B,5855.663100000001,291204885599463
1774149338004,2026-03-22 03:15:38.004,69265.0,0.00016,B,11.082400000000002,753071628936859
1774149343139,2026-03-22 03:15:43.139,69265.0,0.0004,B,27.706000000000003,76212597036828
1774149346074,2026-03-22 03:15:46.074,69264.0,0.00028,A,19.393919999999998,462172597220748
1774149346986,2026-03-22 03:15:46.986,69265.0,0.00017,B,11.77505,330450457962397
1774149346986,2026-03-22 03:15:46.986,69265.0,0.01791,B,1240.53615,300844232632547
1774149346986,2026-03-22 03:15:46.986,69266.0,0.00017,B,11.775220000000001,984445231970528
1774149346986,2026-03-22 03:15:46.986,69267.0,0.00017,B,11.775390000000002,508654144797728
1774149346986,2026-03-22 03:15:46.986,69268.0,0.00017,B,11.77556,507051564727262
1774149346986,2026-03-22 03:15:46.986,69268.0,0.0002,B,13.8536,687973501829628
1774149346986,2026-03-22 03:15:46.986,69268.0,0.00016,B,11.082880000000001,594342463326999
1774149346986,2026-03-22 03:15:46.986,69269.0,0.00017,B,11.775730000000001,155020536499010
1774149346986,2026-03-22 03:15:46.986,69269.0,0.003,B,207.80700000000002,950612437543065
1774149346986,2026-03-22 03:15:46.986,69269.0,0.00429,B,297.16401,298665116017308
1774149346986,2026-03-22 03:15:46.986,69269.0,0.00015,B,10.39035,998686253958810
1774149346986,2026-03-22 03:15:46.986,69270.0,0.00017,B,11.7759,401369667449059
1774149346986,2026-03-22 03:15:46.986,69270.0,0.00142,B,98.3634,617846936879824
1774149346986,2026-03-22 03:15:46.986,69271.0,0.00017,B,11.77607,175525633968378
1774149346986,2026-03-22 03:15:46.986,69271.0,0.0259,B,1794.1189,1056032212986878
1774149347090,2026-03-22 03:15:47.090,69271.0,0.0667,B,4620.3757,898383944909148
1774149348191,2026-03-22 03:15:48.191,69271.0,0.01991,B,1379.18561,894429167322042
1774149348385,2026-03-22 03:15:48.385,69271.0,0.0003,B,20.781299999999998,405885257002104
1774149348707,2026-03-22 03:15:48.707,69271.0,0.00017,B,11.77607,216080223464827
1774149350127,2026-03-22 03:15:50.127,69271.0,0.00034,B,23.55214,515633488356367
1774149351006,2026-03-22 03:15:51.006,69270.0,0.00028,A,19.395599999999998,46514823889615
1774149351724,2026-03-22 03:15:51.724,69271.0,0.25,B,17317.75,152432090327092
1774149351724,2026-03-22 03:15:51.724,69271.0,0.26666,B,18471.80486,101752324199291
1774149351937,2026-03-22 03:15:51.937,69271.0,0.25,B,17317.75,482253249138569
1774149352008,2026-03-22 03:15:52.008,69271.0,0.2455,B,17006.0305,512469122431469
1774149355035,2026-03-22 03:15:55.035,69270.0,0.00082,A,56.8014,222818685069482
1774149357069,2026-03-22 03:15:57.069,69270.0,0.00017,A,11.7759,148319999613862
1774149357069,2026-03-22 03:15:57.069,69270.0,0.01661,A,1150.5747,86163370477935
1774149359053,2026-03-22 03:15:59.053,69271.0,0.00016,B,11.08336,305314542800886
1774149359253,2026-03-22 03:15:59.253,69271.0,0.01075,B,744.66325,36714341947396
1774149360107,2026-03-22 03:16:00.107,69271.0,1.25859,B,87183.78789,327544483792280
1774149360171,2026-03-22 03:16:00.171,69271.0,0.33333,B,23090.102430000003,1102846094308797
1774149360171,2026-03-22 03:16:00.171,69271.0,0.48,B,33250.08,1109735659446860
1774149360171,2026-03-22 03:16:00.171,69271.0,1.33471,B,92456.69641,893243223205852
1774149360171,2026-03-22 03:16:00.171,69271.0,0.62609,B,43369.880390000006,921714822206319
1774149360171,2026-03-22 03:16:00.171,69271.0,1.37753,B,95422.88063,211216633715147
1774149360171,2026-03-22 03:16:00.171,69271.0,1.47743,B,102343.05353,839094711548350
1774149360171,2026-03-22 03:16:00.171,69271.0,0.58971,B,40849.80141,364324427298911
1774149360171,2026-03-22 03:16:00.171,69271.0,0.33713,B,23353.33223,8727022681625
1774149360171,2026-03-22 03:16:00.171,69271.0,0.33086,B,22919.00306,889112094903560
1774149360171,2026-03-22 03:16:00.171,69271.0,1.27989,B,88659.26019,663127164957513
1774149360171,2026-03-22 03:16:00.171,69271.0,0.68615,B,47530.296650000004,146144058007725
1774149360171,2026-03-22 03:16:00.171,69271.0,1.08643,B,75258.09253,301691412689730
1774149360171,2026-03-22 03:16:00.171,69271.0,0.56299,B,38998.88029,412267032027768
1774149360171,2026-03-22 03:16:00.171,69271.0,1.20631,B,83562.30001,669722355203509
1774149360171,2026-03-22 03:16:00.171,69271.0,0.50231,B,34795.51601,724296206305077
1774149360171,2026-03-22 03:16:00.171,69271.0,1.06756,B,73950.94876,538483594612323
1774149360171,2026-03-22 03:16:00.171,69271.0,0.67201,B,46550.80471,313152605427293
1774149360171,2026-03-22 03:16:00.171,69271.0,0.00142,B,98.36482000000001,395245018429116
1774149360171,2026-03-22 03:16:00.171,69271.0,0.00017,B,11.77607,301913324046790
1774149360171,2026-03-22 03:16:00.171,69272.0,0.00016,B,11.08352,500409633027024
1774149360171,2026-03-22 03:16:00.171,69272.0,0.00017,B,11.776240000000001,568020444343187
1774149360171,2026-03-22 03:16:00.171,69273.0,0.00017,B,11.77641,307981117919050
1774149360171,2026-03-22 03:16:00.171,69274.0,0.00017,B,11.776580000000001,562903898081368
1774149360171,2026-03-22 03:16:00.171,69275.0,0.00017,B,11.776750000000002,94696029605867
1774149360171,2026-03-22 03:16:00.171,69275.0,0.003,B,207.82500000000002,99596631139372
1774149360171,2026-03-22 03:16:00.171,69276.0,0.00016,B,11.08416,883035406325217
1774149360171,2026-03-22 03:16:00.171,69276.0,0.00017,B,11.77692,1106145298139557
1774149360171,2026-03-22 03:16:00.171,69277.0,0.00017,B,11.777090000000001,388025111076932
1774149360171,2026-03-22 03:16:00.171,69277.0,0.00326,B,225.84302,606993282044849
1774149360171,2026-03-22 03:16:00.171,69278.0,0.00017,B,11.77726,36847440652020
1774149360171,2026-03-22 03:16:00.171,69279.0,0.00016,B,11.08464,411974476641404
1774149360171,2026-03-22 03:16:00.171,69279.0,0.00015,B,10.39185,845863296014265
1774149360171,2026-03-22 03:16:00.171,69279.0,0.00017,B,11.77743,1055122262629567
1774149360315,2026-03-22 03:16:00.315,69280.0,0.00017,B,11.777600000000001,976258943269210
1774149360315,2026-03-22 03:16:00.315,69281.0,0.00017,B,11.77777,630358641400730
1774149360315,2026-03-22 03:16:00.315,69281.0,0.003,B,207.84300000000002,104953873486773
1774149360315,2026-03-22 03:16:00.315,69282.0,0.00017,B,11.777940000000001,744795815776876
1774149360315,2026-03-22 03:16:00.315,69283.0,0.00016,B,11.085280000000001,718459745932817
1774149360315,2026-03-22 03:16:00.315,69283.0,0.00017,B,11.778110000000002,212881600964981
1774149360315,2026-03-22 03:16:00.315,69284.0,0.00015,B,10.3926,734295991835804
1774149360315,2026-03-22 03:16:00.315,69284.0,0.00017,B,11.77828,277973067252708
1774149360315,2026-03-22 03:16:00.315,69285.0,0.00017,B,11.778450000000001,280472913537111
1774149360315,2026-03-22 03:16:00.315,69286.0,0.00017,B,11.77862,1039384834200165
1774149360315,2026-03-22 03:16:00.315,69287.0,0.00016,B,11.085920000000002,727618154364395
1774149360315,2026-03-22 03:16:00.315,69287.0,0.00017,B,11.77879,887018608850155
1774149360315,2026-03-22 03:16:00.315,69287.0,0.00022,B,15.24314,227305025575435
1774149360315,2026-03-22 03:16:00.315,69288.0,0.00017,B,11.778960000000001,392827168245070
1774149360315,2026-03-22 03:16:00.315,69289.0,0.00016,B,11.08624,537127497637551
1774149360315,2026-03-22 03:16:00.315,69289.0,0.00017,B,11.77913,15928034919672
1774149360315,2026-03-22 03:16:00.315,69290.0,0.00016,B,11.086400000000001,603850125785917
1774149360315,2026-03-22 03:16:00.315,69290.0,0.00015,B,10.3935,899881972051638
1774149360315,2026-03-22 03:16:00.315,69290.0,0.00017,B,11.779300000000001,308708380530407
1774149360315,2026-03-22 03:16:00.315,69290.0,0.08075,B,5595.1675000000005,544841914711163
1774149360315,2026-03-22 03:16:00.315,69290.0,0.07212,B,4997.1948,96872621002037
1774149360315,2026-03-22 03:16:00.315,69290.0,0.06365,B,4410.3085,935053299177405
1774149360315,2026-03-22 03:16:00.315,69290.0,0.05665,B,3925.2785,920448962252352
1774149360315,2026-03-22 03:16:00.315,69293.0,0.07589,B,5258.64577,192095431208364
1774149360354,2026-03-22 03:16:00.354,69293.0,0.048,B,3326.064,556970820343453
1774149361138,2026-03-22 03:16:01.138,69293.0,0.009,B,623.637,132220819781463
1774149361466,2026-03-22 03:16:01.466,69293.0,0.5,B,34646.5,270889903242876
1774149361540,2026-03-22 03:16:01.540,69293.0,0.00034,B,23.559620000000002,656865007812479
1774149361650,2026-03-22 03:16:01.650,69293.0,0.2,B,13858.6,1028584967802107
1774149361650,2026-03-22 03:16:01.650,69293.0,0.10478,B,7260.5205399999995,44020002479804
1774149361762,2026-03-22 03:16:01.762,69293.0,0.00015,B,10.393949999999998,979575727277251
1774149361762,2026-03-22 03:16:01.762,69293.0,0.24229,B,16789.00097,227040697215951
1774149361762,2026-03-22 03:16:01.762,69293.0,0.08658,B,5999.3879400000005,289270766094912
1774149361871,2026-03-22 03:16:01.871,69293.0,0.33333,B,23097.435690000002,71557119517843
1774149361871,2026-03-22 03:16:01.871,69293.0,1.44312,B,99998.11416,671356696300995
1774149361871,2026-03-22 03:16:01.871,69293.0,4.83488,B,335023.33984000003,6832090153217
1774149361871,2026-03-22 03:16:01.871,69293.0,0.02028,B,1405.26204,175312533728054
1774149361958,2026-03-22 03:16:01.958,69293.0,1.44312,B,99998.11416,423083028387269
1774149361958,2026-03-22 03:16:01.958,69293.0,0.10478,B,7260.5205399999995,614268672922620
1774149361958,2026-03-22 03:16:01.958,69293.0,0.33333,B,23097.435690000002,976759405891494
1774149361958,2026-03-22 03:16:01.958,69293.0,0.16229,B,11245.560969999999,203318793650553
1774149361958,2026-03-22 03:16:01.958,69293.0,0.80435,B,55735.82455,161200088466323
1774149361958,2026-03-22 03:16:01.958,69293.0,0.00017,B,11.779810000000001,613229105330112
1774149361958,2026-03-22 03:16:01.958,69294.0,0.00016,B,11.087040000000002,903091418491243
1774149361958,2026-03-22 03:16:01.958,69294.0,0.00015,B,10.3941,600631048274254
1774149361958,2026-03-22 03:16:01.958,69294.0,0.00017,B,11.77998,272383324459274
1774149361958,2026-03-22 03:16:01.958,69295.0,0.00034,B,23.5603,13423282546179
1774149361958,2026-03-22 03:16:01.958,69295.0,0.00017,B,11.78015,542965986650106
1774149361958,2026-03-22 03:16:01.958,69296.0,0.00017,B,11.780320000000001,889719299957806
1774149361958,2026-03-22 03:16:01.958,69297.0,0.00072,B,49.893840000000004,731854137475845
1774149361958,2026-03-22 03:16:01.958,69297.0,0.00017,B,11.78049,881349159748917
1774149361958,2026-03-22 03:16:01.958,69298.0,0.01337,B,926.51426,148086903735767
1774149361958,2026-03-22 03:16:01.958,69298.0,0.00016,B,11.08768,1043862877786119
1774149361958,2026-03-22 03:16:01.958,69298.0,0.00017,B,11.780660000000001,93217729592892
1774149361958,2026-03-22 03:16:01.958,69298.0,0.003,B,207.894,218077190996682
1774149361958,2026-03-22 03:16:01.958,69299.0,0.00015,B,10.39485,976725412136255
1774149361958,2026-03-22 03:16:01.958,69299.0,0.00017,B,11.780830000000002,482674830917083
1774149361958,2026-03-22 03:16:01.958,69300.0,0.0002,B,13.860000000000001,1114012051839325
1774149361958,2026-03-22 03:16:01.958,69300.0,0.00015,B,10.395,130159966625798
1774149361958,2026-03-22 03:16:01.958,69300.0,0.01,B,693.0,483060271033006
1774149361958,2026-03-22 03:16:01.958,69300.0,0.01529,B,1059.597,1089769511329859
1774149361958,2026-03-22 03:16:01.958,69300.0,0.13776,B,9546.768,213211793625353
1774149361958,2026-03-22 03:16:01.958,69300.0,0.162,B,11226.6,34166968612347
1774149362374,2026-03-22 03:16:02.374,69300.0,0.00017,B,11.781,550311372234963
1774149362946,2026-03-22 03:16:02.946,69300.0,0.00026,B,18.017999999999997,898886627566007
1774149362946,2026-03-22 03:16:02.946,69300.0,0.00039,B,27.027,951740141450662
1774149363169,2026-03-22 03:16:03.169,69300.0,0.00027,B,18.711,1025261578947052
1774149364093,2026-03-22 03:16:04.093,69299.0,0.00142,A,98.40458,456480160682957
1774149364557,2026-03-22 03:16:04.557,69300.0,0.00021,B,14.553,747848536590471
1774149364767,2026-03-22 03:16:04.767,69300.0,0.01509,B,1045.7369999999999,370468324817960
1774149364964,2026-03-22 03:16:04.964,69300.0,0.02187,B,1515.5910000000001,352002753717175
1774149364964,2026-03-22 03:16:04.964,69300.0,0.00022,B,15.246,514073429617513
1774149365179,2026-03-22 03:16:05.179,69300.0,0.00043,B,29.799,926352493642984
1774149365536,2026-03-22 03:16:05.536,69299.0,0.00017,A,11.780830000000002,364934931420357
1774149365536,2026-03-22 03:16:05.536,69298.0,0.00015,A,10.394699999999998,999896526257745
1774149365536,2026-03-22 03:16:05.536,69298.0,0.00017,A,11.780660000000001,204799712467182
1774149365536,2026-03-22 03:16:05.536,69297.0,0.00015,A,10.394549999999999,402675548824148
1774149365536,2026-03-22 03:16:05.536,69297.0,0.00017,A,11.78049,772320455415224
1774149365536,2026-03-22 03:16:05.536,69296.0,0.00015,A,10.3944,950607196721160
1774149365536,2026-03-22 03:16:05.536,69296.0,0.00017,A,11.780320000000001,774786429333874
1774149365536,2026-03-22 03:16:05.536,69295.0,0.00017,A,11.78015,356921817853779
1774149365536,2026-03-22 03:16:05.536,69294.0,0.003,A,207.882,767570965367306
1774149365536,2026-03-22 03:16:05.536,69294.0,0.00017,A,11.77998,572960979399097
1774149365536,2026-03-22 03:16:05.536,69294.0,0.01879,A,1302.0342600000001,106651190341002
1774149365536,2026-03-22 03:16:05.536,69294.0,0.17072,A,11829.87168,337043158435542
1774149365536,2026-03-22 03:16:05.536,69293.0,0.00017,A,11.779810000000001,592934191589243
1774149365536,2026-03-22 03:16:05.536,69292.0,0.00017,A,11.77964,92024710530817
1774149365536,2026-03-22 03:16:05.536,69291.0,0.00017,A,11.779470000000002,149121236019708
1774149365536,2026-03-22 03:16:05.536,69291.0,0.00015,A,10.39365,736225332033051
1774149365536,2026-03-22 03:16:05.536,69291.0,0.01943,A,1346.32413,472194733430733
1774149365536,2026-03-22 03:16:05.536,69291.0,0.00016,A,11.08656,609086150238453
1774149365536,2026-03-22 03:16:05.536,69290.0,0.00017,A,11.779300000000001,843831067216000
1774149365757,2026-03-22 03:16:05.757,69289.0,0.00017,A,11.77913,887497878967690
1774149365757,2026-03-22 03:16:05.757,69288.0,0.00017,A,11.778960000000001,619062075242055
1774149365757,2026-03-22 03:16:05.757,69288.0,0.00016,A,11.08608,111242349871476
1774149366367,2026-03-22 03:16:06.367,69288.0,0.00017,B,11.778960000000001,57237914175071
1774149366559,2026-03-22 03:16:06.559,69287.0,0.00017,A,11.77879,302660446031987
1774149366559,2026-03-22 03:16:06.559,69287.0,0.00467,A,323.57029,76110311477758
1774149367770,2026-03-22 03:16:07.770,69288.0,0.04226,B,2928.1108799999997,352471085021844
1774149367983,2026-03-22 03:16:07.983,69287.0,0.00141,A,97.69467,896992515396986
1774149368315,2026-03-22 03:16:08.315,69287.0,0.008,A,554.296,237962503555622
1774149373073,2026-03-22 03:16:13.073,69288.0,0.00046,B,31.87248,529721897234652
1774149373294,2026-03-22 03:16:13.294,69288.0,0.03019,B,2091.80472,368950111523087
1774149373965,2026-03-22 03:16:13.965,69287.0,0.01478,A,1024.06186,722814492291645
1774149373965,2026-03-22 03:16:13.965,69287.0,0.00017,A,11.77879,76838117812295
1774149373965,2026-03-22 03:16:13.965,69287.0,0.01466,A,1015.7474199999999,679822328718549
1774149373965,2026-03-22 03:16:13.965,69287.0,0.05051,A,3499.68637,661326670994507
1774149373965,2026-03-22 03:16:13.965,69287.0,0.01052,A,728.89924,45142738133355
1774149375734,2026-03-22 03:16:15.734,69288.0,0.05328,B,3691.66464,172731647134696
1774149376097,2026-03-22 03:16:16.097,69287.0,0.00027,A,18.70749,565825567184202
1774149376674,2026-03-22 03:16:16.674,69288.0,0.00085,B,58.8948,523177141277759
1774149377120,2026-03-22 03:16:17.120,69287.0,7e-05,A,4.85009,638359540072337
1774149380090,2026-03-22 03:16:20.090,69288.0,0.00034,B,23.557920000000003,1102240964263370
1774149381091,2026-03-22 03:16:21.091,69287.0,0.00027,A,18.70749,967091699204791
1774149381286,2026-03-22 03:16:21.286,69288.0,0.025,B,1732.2,1058314888044305
1774149381286,2026-03-22 03:16:21.286,69288.0,0.02831,B,1961.5432799999999,908068079151671
1774149381286,2026-03-22 03:16:21.286,69288.0,0.13773,B,9543.03624,309530684001864
1774149381286,2026-03-22 03:16:21.286,69288.0,0.15402,B,10671.73776,621515999359273
1774149381286,2026-03-22 03:16:21.286,69288.0,0.1441,B,9984.400800000001,226643035325325
1774149383888,2026-03-22 03:16:23.888,69288.0,7e-05,B,4.85016,362168890550549
1774149384276,2026-03-22 03:16:24.276,69288.0,0.02113,B,1464.0554399999999,355723954395863
1774149385007,2026-03-22 03:16:25.007,69287.0,0.00082,A,56.81534,521543731313494
1774149385477,2026-03-22 03:16:25.477,69287.0,0.04771,A,3305.6827700000003,260514106064229
1774149385477,2026-03-22 03:16:25.477,69287.0,0.10183,A,7055.49521,579700811627749
1774149385477,2026-03-22 03:16:25.477,69287.0,0.00759,A,525.88833,199903467656056
1774149385477,2026-03-22 03:16:25.477,69287.0,0.00017,A,11.77879,389672293688574
1774149385477,2026-03-22 03:16:25.477,69287.0,0.17603,A,12196.59061,788552039668633
1774149385618,2026-03-22 03:16:25.618,69287.0,0.33333,A,23095.43571,1073783895708593
1774149386741,2026-03-22 03:16:26.741,69288.0,0.00047,B,32.56536,648514699794128
1774149387061,2026-03-22 03:16:27.061,69287.0,0.00017,A,11.77879,1027921723869894
1774149387061,2026-03-22 03:16:27.061,69287.0,0.01661,A,1150.85707,741144444310241
1774149388750,2026-03-22 03:16:28.750,69287.0,0.2,A,13857.400000000001,190462854021395
1774149388943,2026-03-22 03:16:28.943,69287.0,2.59801,A,180008.31887,430557846543323
1774149388943,2026-03-22 03:16:28.943,69287.0,0.00017,A,11.77879,387612942092062
1774149388943,2026-03-22 03:16:28.943,69286.0,0.00017,A,11.77862,71429678069790
1774149388943,2026-03-22 03:16:28.943,69285.0,0.00017,A,11.778450000000001,255330344489009
1774149388943,2026-03-22 03:16:28.943,69285.0,0.00015,A,10.39275,256343841142105
1774149389041,2026-03-22 03:16:29.041,69288.0,0.00016,B,11.08608,838521467470063
1774149389346,2026-03-22 03:16:29.346,69284.0,0.00017,A,11.77828,63200248902944
1774149389346,2026-03-22 03:16:29.346,69284.0,0.04372,A,3029.09648,327132125953743
1774149389346,2026-03-22 03:16:29.346,69284.0,0.11477,A,7951.724679999999,826434750900597
1774149389346,2026-03-22 03:16:29.346,69284.0,0.05102,A,3534.8696800000002,77653182628638
1774149389346,2026-03-22 03:16:29.346,69284.0,0.07169,A,4966.96996,437090254728508
1774149389346,2026-03-22 03:16:29.346,69283.0,0.00017,A,11.778110000000002,2952483235813
1774149389941,2026-03-22 03:16:29.941,69282.0,0.00017,A,11.777940000000001,668391060234108
1774149389941,2026-03-22 03:16:29.941,69282.0,0.003,A,207.846,741805414573304
1774149389941,2026-03-22 03:16:29.941,69281.0,0.00017,A,11.77777,243661129183757
1774149389941,2026-03-22 03:16:29.941,69281.0,0.00759,A,525.84279,96458183589901
1774149391616,2026-03-22 03:16:31.616,69280.0,0.5,B,34640.0,683592405631235
1774149391616,2026-03-22 03:16:31.616,69280.0,0.12317,B,8533.2176,757353242773665
1774149391616,2026-03-22 03:16:31.616,69280.0,0.12,B,8313.6,294312262682949
1774149391616,2026-03-22 03:16:31.616,69280.0,0.66728,B,46229.1584,743453890590563
1774149391743,2026-03-22 03:16:31.743,69280.0,0.00033,B,22.8624,275797699110695
1774149392572,2026-03-22 03:16:32.572,69279.0,0.00017,A,11.77743,96377850513665
1774149392572,2026-03-22 03:16:32.572,69279.0,0.00018,A,12.470220000000001,711638713810756
1774149392572,2026-03-22 03:16:32.572,69279.0,0.10068,A,6975.00972,152103481613911
1774149392572,2026-03-22 03:16:32.572,69278.0,0.00017,A,11.77726,155050840814343
1774149392572,2026-03-22 03:16:32.572,69278.0,0.04981,A,3450.73718,635856535014945
1774149392572,2026-03-22 03:16:32.572,69278.0,0.00015,A,10.391699999999998,376672648239234
1774149393377,2026-03-22 03:16:33.377,69277.0,0.00017,A,11.777090000000001,811665394525105
1774149393711,2026-03-22 03:16:33.711,69276.0,0.00017,A,11.77692,963869505715126
1774149393711,2026-03-22 03:16:33.711,69275.0,0.00017,A,11.776750000000002,508034581057430
1774149394050,2026-03-22 03:16:34.050,69274.0,0.00017,A,11.776580000000001,351155841818781
1774149394050,2026-03-22 03:16:34.050,69273.0,0.00017,A,11.77641,884675558219935
1774149394050,2026-03-22 03:16:34.050,69273.0,0.00016,A,11.083680000000001,296793968256679
1774149394050,2026-03-22 03:16:34.050,69273.0,0.00072,A,49.876560000000005,558628249771431
1774149394050,2026-03-22 03:16:34.050,69272.0,0.00017,A,11.776240000000001,854560145933136
1774149394050,2026-03-22 03:16:34.050,69272.0,3e-05,A,2.07816,508177338153050
1774149395469,2026-03-22 03:16:35.469,69272.0,0.00759,A,525.77448,472348324531925
1774149395469,2026-03-22 03:16:35.469,69272.0,0.00017,A,11.776240000000001,1009608679183834
1774149395469,2026-03-22 03:16:35.469,69271.0,0.00017,A,11.77607,871460405481280
1774149395469,2026-03-22 03:16:35.469,69271.0,0.00022,A,15.23962,640712509285784
1774149395469,2026-03-22 03:16:35.469,69271.0,0.00015,A,10.390649999999999,1022144133768925
1774149395469,2026-03-22 03:16:35.469,69270.0,0.00017,A,11.7759,302417483179641
1774149395469,2026-03-22 03:16:35.469,69269.0,0.00016,A,11.08304,185545617514951
1774149395469,2026-03-22 03:16:35.469,69269.0,0.00017,A,11.775730000000001,659624764578837
1774149395469,2026-03-22 03:16:35.469,69269.0,0.003,A,207.80700000000002,369552997937813
1774149396200,2026-03-22 03:16:36.200,69269.0,0.00017,B,11.775730000000001,448201553406736
1774149396200,2026-03-22 03:16:36.200,69269.0,0.51992,B,36014.338480000006,213486505098355
1774149397186,2026-03-22 03:16:37.186,69268.0,0.00017,A,11.77556,1013998734825308
1774149397186,2026-03-22 03:16:37.186,69268.0,0.00299,A,207.11132,872226972286655
1774149398002,2026-03-22 03:16:38.002,69269.0,0.00016,B,11.08304,637135008315628
1774149398906,2026-03-22 03:16:38.906,69269.0,0.00375,B,259.75874999999996,865024812388136
1774149399159,2026-03-22 03:16:39.159,69269.0,0.07751,B,5369.04019,297764852154522
1774149403037,2026-03-22 03:16:43.037,69269.0,0.00042,B,29.09298,934490914069966
1774149403224,2026-03-22 03:16:43.224,69268.0,0.00787,A,545.1391600000001,200551326331128
1774149403224,2026-03-22 03:16:43.224,69268.0,0.00017,A,11.77556,601992932429607
1774149403224,2026-03-22 03:16:43.224,69267.0,0.00017,A,11.775390000000002,743755229670362
1774149403327,2026-03-22 03:16:43.327,69266.0,0.00016,A,11.08256,249969140059335
1774149403327,2026-03-22 03:16:43.327,69266.0,0.00017,A,11.775220000000001,809032158664564
1774149403400,2026-03-22 03:16:43.400,69265.0,0.00017,A,11.77505,495722272709406
1774149403464,2026-03-22 03:16:43.464,69264.0,0.00017,A,11.774880000000001,911650264429970
1774149403464,2026-03-22 03:16:43.464,69264.0,0.003,A,207.792,571087581675341
1774149403464,2026-03-22 03:16:43.464,69263.0,0.00017,A,11.77471,1004237622162069
1774149403877,2026-03-22 03:16:43.877,69262.0,0.003,A,207.786,237258762066757
1774149404239,2026-03-22 03:16:44.239,69261.0,0.00016,A,11.081760000000001,467286988509753
1774149404239,2026-03-22 03:16:44.239,69261.0,0.00017,A,11.774370000000001,669292803591902
1774149406040,2026-03-22 03:16:46.040,69260.0,0.00017,A,11.7742,1011400300466482
1774149406040,2026-03-22 03:16:46.040,69260.0,0.00011,A,7.618600000000001,829456101012277
1774149406633,2026-03-22 03:16:46.633,69260.0,0.02876,A,1991.9176,403810316542347
1774149406633,2026-03-22 03:16:46.633,69260.0,0.00017,A,11.7742,718750798386190
1774149406633,2026-03-22 03:16:46.633,69259.0,0.00017,A,11.774030000000002,1119240945853752
1774149406633,2026-03-22 03:16:46.633,69259.0,0.0495,A,3428.3205000000003,135566226859787
1774149406633,2026-03-22 03:16:46.633,69258.0,0.00016,A,11.081280000000001,133206355341272
1774149406633,2026-03-22 03:16:46.633,69258.0,0.00017,A,11.77386,373434349131013
1774149406633,2026-03-22 03:16:46.633,69257.0,0.00017,A,11.77369,676375482300104
1774149406633,2026-03-22 03:16:46.633,69257.0,0.04914,A,3403.2889800000003,547299412682185
1774149406633,2026-03-22 03:16:46.633,69257.0,0.09753,A,6754.63521,517979664890678
1774149406633,2026-03-22 03:16:46.633,69257.0,0.003,A,207.77100000000002,147949178999920
1774149406633,2026-03-22 03:16:46.633,69257.0,0.35,A,24239.949999999997,241268103938868
1774149406633,2026-03-22 03:16:46.633,69256.0,0.00017,A,11.773520000000001,671085283705300
1774149406633,2026-03-22 03:16:46.633,69256.0,0.05665,A,3923.3523999999998,321191839790988
1774149406633,2026-03-22 03:16:46.633,69255.0,0.00016,A,11.080800000000002,776613840000740
1774149406633,2026-03-22 03:16:46.633,69255.0,0.00017,A,11.77335,903676417099677
1774149406633,2026-03-22 03:16:46.633,69255.0,0.09832,A,6809.1516,297144716518448
1774149406633,2026-03-22 03:16:46.633,69255.0,0.04982,A,3450.2841000000003,360131441996859
1774149406633,2026-03-22 03:16:46.633,69254.0,0.00017,A,11.77318,86412715630654
1774149406633,2026-03-22 03:16:46.633,69254.0,0.47224,A,32704.50896,794471299102553
1774149406633,2026-03-22 03:16:46.633,69254.0,1.08315,A,75012.4701,538792678190280
1774149406633,2026-03-22 03:16:46.633,69254.0,0.03774,A,2613.6459600000003,348117275245885
1774149406633,2026-03-22 03:16:46.633,69254.0,0.0236,A,1634.3944,435331786210217
1774149406633,2026-03-22 03:16:46.633,69254.0,0.03866,A,2677.35964,67095691697016
1774149406633,2026-03-22 03:16:46.633,69253.0,0.00021,A,14.543130000000001,908123398992475
1774149406633,2026-03-22 03:16:46.633,69253.0,0.00017,A,11.773010000000001,778234314608081
1774149406633,2026-03-22 03:16:46.633,69253.0,0.14304,A,9905.94912,745278419683848
1774149406633,2026-03-22 03:16:46.633,69253.0,0.02887,A,1999.33411,439513721214550
1774149406633,2026-03-22 03:16:46.633,69253.0,0.56,A,38781.68,797356149384873
1774149406633,2026-03-22 03:16:46.633,69252.0,0.00016,A,11.08032,634273628238728
1774149406633,2026-03-22 03:16:46.633,69252.0,0.01155,A,799.8606,416405286721617
1774149406633,2026-03-22 03:16:46.633,69252.0,0.00017,A,11.77284,122093167494397
1774149406633,2026-03-22 03:16:46.633,69252.0,0.21663,A,15002.060759999998,549172148658975
1774149406633,2026-03-22 03:16:46.633,69252.0,0.003,A,207.756,603499243754640
1774149406633,2026-03-22 03:16:46.633,69251.0,0.00016,A,11.080160000000001,262818432378166
1774149406633,2026-03-22 03:16:46.633,69251.0,0.00017,A,11.772670000000002,861118070760439
1774149406633,2026-03-22 03:16:46.633,69251.0,0.00273,A,189.05523,1056922631786696
1774149406633,2026-03-22 03:16:46.633,69251.0,0.0192,A,1329.6191999999999,1069665835309322
1774149406633,2026-03-22 03:16:46.633,69251.0,0.01829,A,1266.60079,851038094963238
1774149406633,2026-03-22 03:16:46.633,69251.0,1.44401,A,99999.13651,397216945444873
1774149406633,2026-03-22 03:16:46.633,69250.0,1.08321,A,75012.2925,707400990604793
1774149406633,2026-03-22 03:16:46.633,69250.0,0.00021,A,14.5425,454574482711757
1774149406633,2026-03-22 03:16:46.633,69250.0,0.00017,A,11.7725,159323832476966
1774149406633,2026-03-22 03:16:46.633,69250.0,0.39258,A,27186.164999999997,812234338019771
1774149406633,2026-03-22 03:16:46.633,69250.0,0.07919,A,5483.907499999999,396648868277519
1774149406633,2026-03-22 03:16:46.633,69250.0,0.01009,A,698.7325,236987654794826
1774149406633,2026-03-22 03:16:46.633,69250.0,1.33,A,92102.5,875884485603336
1774149406633,2026-03-22 03:16:46.633,69249.0,0.11251,A,7791.20499,995732228236335
1774149406633,2026-03-22 03:16:46.633,69249.0,0.19245,A,13326.97005,85074031253950
1774149406633,2026-03-22 03:16:46.633,69249.0,0.00017,A,11.77233,108244230698763
1774149406633,2026-03-22 03:16:46.633,69249.0,0.2,A,13849.800000000001,767380375395372
1774149406633,2026-03-22 03:16:46.633,69249.0,0.14304,A,9905.37696,583458876822864
1774149406633,2026-03-22 03:16:46.633,69249.0,0.5055,A,35005.36949999999,596687325613607
1774149406633,2026-03-22 03:16:46.633,69249.0,0.5055,A,35005.36949999999,560908472367971
1774149406633,2026-03-22 03:16:46.633,69248.0,0.5574,A,38598.8352,1015088289598702
1774149407682,2026-03-22 03:16:47.682,69257.0,0.00032,B,22.16224,33893478333596
1774149408226,2026-03-22 03:16:48.226,69257.0,0.00977,B,676.6408899999999,615566305817617
1774149408226,2026-03-22 03:16:48.226,69257.0,0.00034,B,23.54738,614641990850822
1774149408626,2026-03-22 03:16:48.626,69257.0,0.00048,B,33.24336,116487213153380
1774149409638,2026-03-22 03:16:49.638,69257.0,0.00114,B,78.95298,992861175652697
1774149410045,2026-03-22 03:16:50.045,69257.0,0.00034,B,23.54738,156106606693281
1774149411057,2026-03-22 03:16:51.057,69256.0,0.00028,A,19.391679999999997,852066118934161
1774149415081,2026-03-22 03:16:55.081,69256.0,0.00082,A,56.78992,829158915785682
1774149415584,2026-03-22 03:16:55.584,69256.0,0.00829,A,574.13224,103971887517711
1774149417014,2026-03-22 03:16:57.014,69256.0,0.01661,A,1150.34216,761925802970724
1774149418423,2026-03-22 03:16:58.423,69257.0,0.41182,B,28521.41774,989628063860016
1774149418423,2026-03-22 03:16:58.423,69257.0,0.0562,B,3892.2434,102779437643752
1774149418423,2026-03-22 03:16:58.423,69257.0,0.13818,B,9569.93226,706729951564923
1774149418423,2026-03-22 03:16:58.423,69257.0,0.2424,B,16787.8968,269809883847515
1774149418423,2026-03-22 03:16:58.423,69257.0,0.15362,B,10639.26034,536012641540268
1774149418423,2026-03-22 03:16:58.423,69257.0,0.08046,B,5572.4182200000005,45199931387875
1774149419028,2026-03-22 03:16:59.028,69257.0,0.00016,B,11.08112,319672170530263
1774149421445,2026-03-22 03:17:01.445,69257.0,0.006,B,415.54200000000003,1054577643638553
1774149424060,2026-03-22 03:17:04.060,69256.0,0.00142,A,98.34352,70276617911574
1774149426274,2026-03-22 03:17:06.274,69256.0,0.0002,B,13.8512,1050739385940158
1774149426399,2026-03-22 03:17:06.399,69255.0,0.00015,A,10.38825,788309452771227
1774149427219,2026-03-22 03:17:07.219,69252.0,0.00577,B,399.58404,986272407623650
1774149427815,2026-03-22 03:17:07.815,69251.0,0.00017,A,11.772670000000002,884710465491916
1774149428013,2026-03-22 03:17:08.013,69251.0,0.00016,B,11.080160000000001,826424278221399
1774149428253,2026-03-22 03:17:08.253,69251.0,0.00035,B,24.237849999999998,463151168210973
1774149429290,2026-03-22 03:17:09.290,69250.0,0.00017,A,11.7725,1010603854905219
1774149430062,2026-03-22 03:17:10.062,69249.0,0.00017,A,11.77233,65272660746166
1774149430466,2026-03-22 03:17:10.466,69248.0,0.00017,A,11.772160000000001,673433525969198
1774149432071,2026-03-22 03:17:12.071,69247.0,0.00017,A,11.77199,40430351575023
1774149432071,2026-03-22 03:17:12.071,69247.0,0.00759,A,525.58473,371510453465306
1774149432071,2026-03-22 03:17:12.071,69246.0,0.00017,A,11.771820000000002,46589577711837
1774149432071,2026-03-22 03:17:12.071,69246.0,0.01083,A,749.93418,203693493209755
1774149433001,2026-03-22 03:17:13.001,69247.0,0.00025,B,17.31175,992268055865560
1774149433692,2026-03-22 03:17:13.692,69246.0,0.01805,A,1249.8903,619277948399551
1774149433692,2026-03-22 03:17:13.692,69246.0,0.00017,A,11.771820000000002,354221897885671
1774149433692,2026-03-22 03:17:13.692,69245.0,0.00017,A,11.771650000000001,611672959075614
1774149433692,2026-03-22 03:17:13.692,69245.0,0.05076,A,3514.8762,627330412251426
1774149433692,2026-03-22 03:17:13.692,69244.0,0.00016,A,11.07904,827576315974549
1774149433692,2026-03-22 03:17:13.692,69244.0,0.00017,A,11.77148,473261977200586
1774149433692,2026-03-22 03:17:13.692,69244.0,0.10149,A,7027.57356,677330354658583
1774149433692,2026-03-22 03:17:13.692,69243.0,0.00017,A,11.771310000000001,902212467706110
1774149433692,2026-03-22 03:17:13.692,69243.0,0.003,A,207.729,156549863148377
1774149433692,2026-03-22 03:17:13.692,69243.0,0.05665,A,3922.61595,46375883594153
1774149433692,2026-03-22 03:17:13.692,69242.0,0.00017,A,11.77114,989823804599305
1774149433692,2026-03-22 03:17:13.692,69242.0,0.01155,A,799.7451,21058522539398
1774149433692,2026-03-22 03:17:13.692,69242.0,0.10059,A,6965.05278,294140962356724
1774149433692,2026-03-22 03:17:13.692,69242.0,0.06206,A,4297.15852,354291004216193
1774149433692,2026-03-22 03:17:13.692,69241.0,0.00017,A,11.77097,80936132901566
1774149433692,2026-03-22 03:17:13.692,69241.0,0.003,A,207.723,502164640767372
1774149433692,2026-03-22 03:17:13.692,69241.0,0.04431,A,3068.06871,425351017326658
1774149436005,2026-03-22 03:17:16.005,69241.0,0.00028,A,19.38748,320512377229250
1774149438029,2026-03-22 03:17:18.029,69241.0,0.00017,A,11.77097,919143697493059
1774149438029,2026-03-22 03:17:18.029,69241.0,0.02082,A,1441.59762,412436665685962
1774149440038,2026-03-22 03:17:20.038,69242.0,0.00035,B,24.2347,305667890344823
1774149441033,2026-03-22 03:17:21.033,69241.0,0.00028,A,19.38748,105646682586248
1774149441234,2026-03-22 03:17:21.234,69242.0,0.00015,B,10.386299999999999,62388910439205
1774149441636,2026-03-22 03:17:21.636,69241.0,0.00016,A,11.078560000000001,107211254054883
1774149441702,2026-03-22 03:17:21.702,69241.0,0.1,A,6924.1,640295015132730
1774149442654,2026-03-22 03:17:22.654,69242.0,0.01196,B,828.13432,81490726441913
1774149444131,2026-03-22 03:17:24.131,69242.0,0.00032,B,22.15744,330196261407786
1774149445043,2026-03-22 03:17:25.043,69241.0,0.00082,A,56.77762,438162961234610
1774149446760,2026-03-22 03:17:26.760,69242.0,0.00018,B,12.463560000000001,909349402877903
1774149447064,2026-03-22 03:17:27.064,69241.0,0.00017,A,11.77097,252725602641610
1774149447064,2026-03-22 03:17:27.064,69241.0,0.01661,A,1150.09301,648838559808482
1774149449094,2026-03-22 03:17:29.094,69242.0,0.00016,B,11.07872,1074495882937745
1774149451819,2026-03-22 03:17:31.819,69241.0,0.01603,A,1109.9332299999999,885748433714277
1774149452027,2026-03-22 03:17:32.027,69242.0,0.0729,B,5047.741800000001,265246862124492
1774149454040,2026-03-22 03:17:34.040,69241.0,0.00142,A,98.32222,270366493740955
1774149458078,2026-03-22 03:17:38.078,69242.0,0.00016,B,11.07872,636742804792675
1774149459765,2026-03-22 03:17:39.765,69242.0,0.00141,B,97.63122,272166995992613
1774149460948,2026-03-22 03:17:40.948,69241.0,0.00017,A,11.77097,593826277509001
1774149463056,2026-03-22 03:17:43.056,69240.0,0.00047,B,32.5428,491733908412050
1774149463109,2026-03-22 03:17:43.109,69239.0,0.00017,A,11.77063,1041474260820275
1774149463109,2026-03-22 03:17:43.109,69238.0,0.00013,A,9.00094,1018842906885874
1774149463428,2026-03-22 03:17:43.428,69238.0,4e-05,A,2.7695200000000004,1084523747145178
1774149463428,2026-03-22 03:17:43.428,69237.0,0.00017,A,11.770290000000001,642744007525697
1774149463428,2026-03-22 03:17:43.428,69236.0,0.00016,A,11.077760000000001,310384729297989
1774149463428,2026-03-22 03:17:43.428,69236.0,0.00017,A,11.77012,342343535329867
1774149463428,2026-03-22 03:17:43.428,69236.0,0.02888,A,1999.53568,426238672169753
1774149464556,2026-03-22 03:17:44.556,69235.0,0.00017,A,11.769950000000001,847467520990659
1774149464556,2026-03-22 03:17:44.556,69234.0,0.00017,A,11.76978,293041110671914
1774149464556,2026-03-22 03:17:44.556,69234.0,0.02888,A,1999.47792,935045377387412
1774149464556,2026-03-22 03:17:44.556,69233.0,0.00016,A,11.077280000000002,246978010874373
1774149464556,2026-03-22 03:17:44.556,69233.0,0.00017,A,11.76961,1090015606895216
1774149464556,2026-03-22 03:17:44.556,69233.0,0.10083,A,6980.76339,462107998478565
1774149464556,2026-03-22 03:17:44.556,69232.0,0.00017,A,11.769440000000001,205077936731959
1774149464556,2026-03-22 03:17:44.556,69231.0,0.00022,A,15.230820000000001,943923600804806
1774149464556,2026-03-22 03:17:44.556,69231.0,0.00017,A,11.76927,691510906506347
1774149464556,2026-03-22 03:17:44.556,69231.0,0.003,A,207.693,846964426629970
1774149464556,2026-03-22 03:17:44.556,69231.0,0.09972,A,6903.71532,11016854889587
1774149464556,2026-03-22 03:17:44.556,69231.0,0.05011,A,3469.16541,233822335580548
1774149464556,2026-03-22 03:17:44.556,69230.0,0.00017,A,11.769100000000002,465417709638186
1774149464556,2026-03-22 03:17:44.556,69230.0,0.003,A,207.69,577470067581960
1774149464556,2026-03-22 03:17:44.556,69230.0,1.08352,A,75012.0896,466511744195655
1774149464556,2026-03-22 03:17:44.556,69229.0,0.00016,A,11.076640000000001,925502894005629
1774149464556,2026-03-22 03:17:44.556,69229.0,0.00017,A,11.768930000000001,812466646045910
1774149464556,2026-03-22 03:17:44.556,69229.0,0.02888,A,1999.33352,902716230282637
1774149464556,2026-03-22 03:17:44.556,69229.0,0.1,A,6922.900000000001,142658358505866
1774149464556,2026-03-22 03:17:44.556,69229.0,0.05074,A,3512.67946,1029973146804768
1774149464556,2026-03-22 03:17:44.556,69228.0,0.00017,A,11.76876,987575043916734
1774149464556,2026-03-22 03:17:44.556,69228.0,0.14398,A,9967.44744,826326227833817
1774149464556,2026-03-22 03:17:44.556,69227.0,1.4,A,96917.79999999999,888146412598218
1774149464556,2026-03-22 03:17:44.556,69227.0,0.01155,A,799.5718499999999,13637085289081
1774149464556,2026-03-22 03:17:44.556,69227.0,0.00017,A,11.768590000000001,687259977169746
1774149464556,2026-03-22 03:17:44.556,69227.0,0.07259,A,5025.18793,927650148862301
1774149464556,2026-03-22 03:17:44.556,69227.0,0.05665,A,3921.70955,721647720031930
1774149464556,2026-03-22 03:17:44.556,69227.0,0.0101,A,699.1927,380266899845118
1774149464556,2026-03-22 03:17:44.556,69226.0,0.00027,A,18.69102,125679672536575
1774149464556,2026-03-22 03:17:44.556,69226.0,0.00017,A,11.76842,476294063701733
1774149464556,2026-03-22 03:17:44.556,69225.0,0.00016,A,11.076,975094768272179
1774149464556,2026-03-22 03:17:44.556,69225.0,0.00017,A,11.76825,439936226773758
1774149464556,2026-03-22 03:17:44.556,69225.0,0.00022,A,15.2295,518351340951716
1774149464556,2026-03-22 03:17:44.556,69225.0,0.39109,A,27073.20525,405903316597322
1774149464556,2026-03-22 03:17:44.556,69225.0,0.04041,A,2797.38225,375945691067070
1774149464556,2026-03-22 03:17:44.556,69225.0,0.29245,A,20244.85125,385716630351371
1774149466087,2026-03-22 03:17:46.087,69225.0,0.00028,A,19.383,1097908240068728
1774149467201,2026-03-22 03:17:47.201,69225.0,0.0006,A,41.535,359462295279962
1774149468116,2026-03-22 03:17:48.116,69225.0,0.00017,A,11.76825,115025237898525
1774149468116,2026-03-22 03:17:48.116,69225.0,0.00039,A,26.99775,646422423781267
1774149470034,2026-03-22 03:17:50.034,69226.0,0.00034,B,23.53684,855417838394088
1774149470547,2026-03-22 03:17:50.547,69225.0,0.00017,A,11.76825,1001349306505287
1774149470547,2026-03-22 03:17:50.547,69224.0,0.00017,A,11.768080000000001,562061010906213
1774149470547,2026-03-22 03:17:50.547,69223.0,0.00017,A,11.76791,688360506767797
1774149470742,2026-03-22 03:17:50.742,69222.0,0.00016,A,11.075520000000001,809333795570501
1774149470742,2026-03-22 03:17:50.742,69222.0,0.00015,A,10.383299999999998,225635134047318
1774149470742,2026-03-22 03:17:50.742,69222.0,0.00054,A,37.37988,780876478463952
1774149470742,2026-03-22 03:17:50.742,69222.0,0.00017,A,11.767740000000002,728897655722246
1774149470742,2026-03-22 03:17:50.742,69221.0,0.00015,A,10.383149999999999,869792549175148
1774149470742,2026-03-22 03:17:50.742,69221.0,0.00017,A,11.767570000000001,170901471990311
1774149470742,2026-03-22 03:17:50.742,69220.0,0.00017,A,11.7674,486201812005194
1774149470742,2026-03-22 03:17:50.742,69220.0,0.003,A,207.66,247343229242072
1774149470742,2026-03-22 03:17:50.742,69219.0,0.00017,A,11.767230000000001,830206558599957
1774149470742,2026-03-22 03:17:50.742,69218.0,0.00016,A,11.07488,1018303262828687
1774149470742,2026-03-22 03:17:50.742,69218.0,0.00017,A,11.76706,258340202263342
1774149470742,2026-03-22 03:17:50.742,69217.0,0.00017,A,11.76689,255119528865593
1774149470742,2026-03-22 03:17:50.742,69216.0,0.00017,A,11.766720000000001,206854300600331
1774149470742,2026-03-22 03:17:50.742,69215.0,0.003,A,207.645,848165653943735
1774149470742,2026-03-22 03:17:50.742,69215.0,0.00017,A,11.76655,381687421181458
1774149470897,2026-03-22 03:17:50.897,69214.0,0.00016,A,11.074240000000001,202999235364120
1774149470897,2026-03-22 03:17:50.897,69214.0,0.00017,A,11.766380000000002,175115022813336
1774149471054,2026-03-22 03:17:51.054,69213.0,0.00028,A,19.37964,242763949246025
1774149471855,2026-03-22 03:17:51.855,69213.0,0.0004,A,27.685200000000002,374574147467012
1774149472265,2026-03-22 03:17:52.265,69213.0,0.00654,A,452.65301999999997,1113324331558928
1774149472265,2026-03-22 03:17:52.265,69213.0,0.00017,A,11.766210000000001,870662237799029
1774149474069,2026-03-22 03:17:54.069,69214.0,0.00015,B,10.3821,457027341228603
1774149474069,2026-03-22 03:17:54.069,69214.0,0.08655,B,5990.4717,651130752742136
1774149474584,2026-03-22 03:17:54.584,69214.0,0.00017,B,11.766380000000002,298213570467811
1774149474584,2026-03-22 03:17:54.584,69214.0,0.00127,B,87.90178,89031159685542
1774149474757,2026-03-22 03:17:54.757,69214.0,0.00015,B,10.3821,510173288354670
1774149474897,2026-03-22 03:17:54.897,69214.0,0.01629,B,1127.49606,328936943040502
1774149474897,2026-03-22 03:17:54.897,69215.0,0.00017,B,11.76655,802780979313245
1774149474897,2026-03-22 03:17:54.897,69215.0,0.00015,B,10.382249999999999,272619535132206
1774149474897,2026-03-22 03:17:54.897,69216.0,0.00017,B,11.766720000000001,705866515061618
1774149474897,2026-03-22 03:17:54.897,69217.0,0.00016,B,11.074720000000001,111871302449095
1774149474897,2026-03-22 03:17:54.897,69217.0,0.00017,B,11.76689,814117974091771
1774149475039,2026-03-22 03:17:55.039,69217.0,0.00082,A,56.75794,890249716753244
1774149475386,2026-03-22 03:17:55.386,69218.0,0.00017,B,11.76706,75206209557394
1774149475386,2026-03-22 03:17:55.386,69219.0,0.00012,B,8.306280000000001,469517239949517
1774149475495,2026-03-22 03:17:55.495,69219.0,5e-05,B,3.46095,767366881842560
1774149475495,2026-03-22 03:17:55.495,69220.0,0.003,B,207.66,641038614550743
1774149475495,2026-03-22 03:17:55.495,69220.0,0.00017,B,11.7674,647465782333640
1774149475495,2026-03-22 03:17:55.495,69221.0,0.00016,B,11.075360000000002,613734728412550
1774149475495,2026-03-22 03:17:55.495,69221.0,0.00017,B,11.767570000000001,112298344199221
1774149475495,2026-03-22 03:17:55.495,69222.0,0.00015,B,10.383299999999998,417725501326323
1774149475495,2026-03-22 03:17:55.495,69222.0,0.00017,B,11.767740000000002,885360402583822
1774149475495,2026-03-22 03:17:55.495,69223.0,0.00017,B,11.76791,1046220993337324
1774149475495,2026-03-22 03:17:55.495,69223.0,0.0198,B,1370.6154000000001,983691301800036
1774149476797,2026-03-22 03:17:56.797,69225.0,0.00016,B,11.076,188052317874575
1774149476891,2026-03-22 03:17:56.891,69225.0,0.00284,B,196.59900000000002,72673463034062
1774149476891,2026-03-22 03:17:56.891,69225.0,0.00017,B,11.76825,388343263909284
1774149476891,2026-03-22 03:17:56.891,69225.0,0.0002,B,13.845,341519587117454
1774149476891,2026-03-22 03:17:56.891,69226.0,0.00017,B,11.76842,968760449189834
1774149476891,2026-03-22 03:17:56.891,69226.0,0.00015,B,10.383899999999999,761563600590341
1774149477001,2026-03-22 03:17:57.001,69226.0,0.00017,A,11.76842,884865110995995
1774149477001,2026-03-22 03:17:57.001,69226.0,0.00016,A,11.076160000000002,474313818967988
1774149477001,2026-03-22 03:17:57.001,69226.0,0.01645,A,1138.7676999999999,986028558107435
1774149478535,2026-03-22 03:17:58.535,69227.0,0.00015,B,10.384049999999998,176011820165364
1774149478535,2026-03-22 03:17:58.535,69227.0,0.00017,B,11.768590000000001,636561019040933
1774149478535,2026-03-22 03:17:58.535,69228.0,0.00016,B,11.07648,327054756513212
1774149478535,2026-03-22 03:17:58.535,69228.0,0.00017,B,11.76876,1059001170648725
1774149478535,2026-03-22 03:17:58.535,69228.0,0.00015,B,10.3842,866622277020347
1774149478535,2026-03-22 03:17:58.535,69229.0,0.00017,B,11.768930000000001,1095786700257150
1774149478535,2026-03-22 03:17:58.535,69230.0,0.00017,B,11.769100000000002,389032584964713
1774149479013,2026-03-22 03:17:59.013,69231.0,0.00016,B,11.076960000000001,227822070755302
1774149479139,2026-03-22 03:17:59.139,69231.0,1e-05,B,0.6923100000000001,674962702279958
1774149479139,2026-03-22 03:17:59.139,69231.0,0.05665,B,3921.93615,798335257608883
1774149479139,2026-03-22 03:17:59.139,69232.0,0.00016,B,11.07712,792361613658207
1774149479139,2026-03-22 03:17:59.139,69232.0,0.00017,B,11.769440000000001,480415998342797
1774149479139,2026-03-22 03:17:59.139,69232.0,0.00048,B,33.23136,663926669395928
1774149479139,2026-03-22 03:17:59.139,69233.0,0.00015,B,10.38495,579042680598055
1774149479139,2026-03-22 03:17:59.139,69233.0,0.00017,B,11.76961,351833588780892
1774149479139,2026-03-22 03:17:59.139,69233.0,0.003,B,207.699,423997927260642
1774149479139,2026-03-22 03:17:59.139,69234.0,0.00017,B,11.76978,41963524541077
1774149479139,2026-03-22 03:17:59.139,69234.0,0.19184,B,13281.85056,623116314768914
1774149484045,2026-03-22 03:18:04.045,69233.0,0.00141,A,97.61853,588765186847562
1774149485608,2026-03-22 03:18:05.608,69233.0,2e-05,A,1.3846600000000002,611348263964435
1774149485836,2026-03-22 03:18:05.836,69234.0,0.01095,B,758.1123,1120682198052858
1774149487873,2026-03-22 03:18:07.873,69234.0,0.26942,B,18653.024279999998,673711691803687
1774149488007,2026-03-22 03:18:08.007,69234.0,0.00016,B,11.077440000000001,727207534212052
1774149489276,2026-03-22 03:18:09.276,69233.0,0.15067,A,10431.33611,935650655046583
1774149493022,2026-03-22 03:18:13.022,69234.0,0.00043,B,29.77062,1115741371098974
1774149496040,2026-03-22 03:18:16.040,69233.0,0.00027,A,18.69291,233529805470087
1774149496240,2026-03-22 03:18:16.240,69234.0,0.0003,B,20.7702,21337929443590
1774149496923,2026-03-22 03:18:16.923,69234.0,0.00213,B,147.46842,753813870145671
1774149497125,2026-03-22 03:18:17.125,69234.0,0.00072,B,49.84848,73934314316238
1774149497246,2026-03-22 03:18:17.246,69234.0,0.00022,B,15.231480000000001,657267525691831
1774149500045,2026-03-22 03:18:20.045,69234.0,0.00034,B,23.53956,505904626399741
1774149501061,2026-03-22 03:18:21.061,69233.0,0.00027,A,18.69291,806399895717830
1774149502759,2026-03-22 03:18:22.759,69233.0,7e-05,A,4.84631,267010955676719
1774149505056,2026-03-22 03:18:25.056,69233.0,0.00082,A,56.77106,6201480630730
1774149506154,2026-03-22 03:18:26.154,69233.0,0.00017,A,11.76961,559935105573075
1774149507085,2026-03-22 03:18:27.085,69233.0,0.01661,A,1149.96013,710985395860272
1774149509108,2026-03-22 03:18:29.108,69234.0,0.00016,B,11.077440000000001,452121201423616
1774149512317,2026-03-22 03:18:32.317,69233.0,0.00552,A,382.16616,646261973972831
1774149514025,2026-03-22 03:18:34.025,69233.0,0.00142,A,98.31086,268114300395714
1774149515478,2026-03-22 03:18:35.478,69233.0,0.0006,A,41.5398,283281920531304
1774149515559,2026-03-22 03:18:35.559,69234.0,0.008,B,553.872,98653791823563
1774149518049,2026-03-22 03:18:38.049,69234.0,0.00016,B,11.077440000000001,1116362835329887
1774149518975,2026-03-22 03:18:38.975,69233.0,0.02918,A,2020.21894,697957939778989
1774149520152,2026-03-22 03:18:40.152,69233.0,1e-05,A,0.6923300000000001,303957893471378
1774149521342,2026-03-22 03:18:41.342,69233.0,0.01443,A,999.03219,253762055227450
1774149522078,2026-03-22 03:18:42.078,69233.0,0.07,A,4846.31,476692915918967
1774149523005,2026-03-22 03:18:43.005,69234.0,0.00033,B,22.84722,575092820949170
1774149523189,2026-03-22 03:18:43.189,69234.0,0.00015,B,10.3851,401909991502280
1774149524554,2026-03-22 03:18:44.554,69233.0,0.08884,A,6150.659720000001,1114860519088048
1774149524554,2026-03-22 03:18:44.554,69233.0,0.26151,A,18105.12183,376011042571528
1774149524554,2026-03-22 03:18:44.554,69233.0,0.06852,A,4743.84516,603650924343619
1774149525721,2026-03-22 03:18:45.721,69233.0,0.05,A,3461.65,1041561758542663
1774149526004,2026-03-22 03:18:46.004,69233.0,0.00028,A,19.38524,944405633469073
1774149526316,2026-03-22 03:18:46.316,69234.0,0.25,B,17308.5,226319656574007
1774149530081,2026-03-22 03:18:50.081,69234.0,0.00034,B,23.53956,974349733018404
1774149531092,2026-03-22 03:18:51.092,69233.0,0.00028,A,19.38524,397990964962125
1774149531559,2026-03-22 03:18:51.559,69234.0,7e-05,B,4.84638,936008584434970
1774149532362,2026-03-22 03:18:52.362,69233.0,0.00277,A,191.77541,1038287029361679
1774149535020,2026-03-22 03:18:55.020,69233.0,0.00082,A,56.77106,264443727321375
1774149535741,2026-03-22 03:18:55.741,69234.0,0.02111,B,1461.52974,867129013139478
1774149535741,2026-03-22 03:18:55.741,69233.0,0.00332,A,229.85356000000002,320231658332330
1774149535977,2026-03-22 03:18:55.977,69233.0,0.00022,A,15.23126,429010775650296
1774149537026,2026-03-22 03:18:57.026,69233.0,0.00017,A,11.76961,426174618878680
1774149537026,2026-03-22 03:18:57.026,69233.0,0.01662,A,1150.65246,909337421616440
1774149537299,2026-03-22 03:18:57.299,69233.0,0.03227,A,2234.14891,493008423067475
1774149537299,2026-03-22 03:18:57.299,69233.0,0.04039,A,2796.32087,866252514448289
1774149537299,2026-03-22 03:18:57.299,69233.0,0.00017,A,11.76961,459433213445065
1774149537299,2026-03-22 03:18:57.299,69233.0,0.02888,A,1999.44904,1122560595679941
1774149537299,2026-03-22 03:18:57.299,69232.0,0.00017,A,11.769440000000001,14665391356629
1774149537299,2026-03-22 03:18:57.299,69232.0,0.00015,A,10.384799999999998,116795562317649
1774149537299,2026-03-22 03:18:57.299,69231.0,0.00017,A,11.76927,1052427592290884
1774149537299,2026-03-22 03:18:57.299,69230.0,0.00017,A,11.769100000000002,198059415583422
1774149537299,2026-03-22 03:18:57.299,69230.0,0.00015,A,10.3845,531151907701704
1774149537299,2026-03-22 03:18:57.299,69230.0,0.05167,A,3577.1141000000002,971129407198752
1774149537299,2026-03-22 03:18:57.299,69230.0,0.10234,A,7084.9982,417318137132253
1774149537299,2026-03-22 03:18:57.299,69229.0,0.00017,A,11.768930000000001,356912277654807
1774149537299,2026-03-22 03:18:57.299,69229.0,0.00016,A,11.076640000000001,500296210081242
1774149537299,2026-03-22 03:18:57.299,69229.0,0.1,A,6922.900000000001,491442534967293
1774149537299,2026-03-22 03:18:57.299,69228.0,0.00017,A,11.76876,522272369514069
1774149537299,2026-03-22 03:18:57.299,69228.0,0.1001,A,6929.7228,1001691093483968
1774149537299,2026-03-22 03:18:57.299,69228.0,0.05003,A,3463.47684,945393856856290
1774149537299,2026-03-22 03:18:57.299,69228.0,0.05665,A,3921.7662,491238789169598
1774149539067,2026-03-22 03:18:59.067,69228.0,0.00016,B,11.07648,599068754238217
1774149541151,2026-03-22 03:19:01.151,69227.0,0.00448,A,310.13696,132563037961037
1774149541449,2026-03-22 03:19:01.449,69228.0,0.10573,B,7319.47644,367720375210399
1774149542075,2026-03-22 03:19:02.075,69229.0,0.00017,B,11.768930000000001,1043831621326812
1774149542075,2026-03-22 03:19:02.075,69230.0,0.00017,B,11.769100000000002,320118010741653
1774149542075,2026-03-22 03:19:02.075,69231.0,0.00017,B,11.76927,726697016988436
1774149542075,2026-03-22 03:19:02.075,69232.0,0.00017,B,11.769440000000001,165568180795239
1774149542075,2026-03-22 03:19:02.075,69233.0,0.00017,B,11.76961,189341070627425
1774149542075,2026-03-22 03:19:02.075,69234.0,0.00017,B,11.76978,916189796190027
1774149542075,2026-03-22 03:19:02.075,69235.0,0.00016,B,11.0776,771251267568464
1774149542075,2026-03-22 03:19:02.075,69235.0,0.003,B,207.705,356442075907637
1774149542075,2026-03-22 03:19:02.075,69235.0,0.00017,B,11.769950000000001,588459561009728
1774149542075,2026-03-22 03:19:02.075,69236.0,0.00017,B,11.77012,538854297414631
1774149542075,2026-03-22 03:19:02.075,69236.0,0.00017,B,11.77012,938934360645992
1774149542075,2026-03-22 03:19:02.075,69237.0,0.00017,B,11.770290000000001,259126266457023
1774149542075,2026-03-22 03:19:02.075,69238.0,0.00015,B,10.3857,215670175669809
1774149542075,2026-03-22 03:19:02.075,69238.0,0.00017,B,11.770460000000002,634005093639863
1774149542075,2026-03-22 03:19:02.075,69238.0,0.003,B,207.714,286895440340702
1774149542075,2026-03-22 03:19:02.075,69239.0,0.00016,B,11.078240000000001,583821362983831
1774149542075,2026-03-22 03:19:02.075,69239.0,0.00017,B,11.77063,551546578809143
1774149542075,2026-03-22 03:19:02.075,69240.0,0.00017,B,11.770800000000001,69166326801097
1774149542075,2026-03-22 03:19:02.075,69240.0,0.001,B,69.24,984120795235367
1774149542075,2026-03-22 03:19:02.075,69241.0,0.00017,B,11.77097,172434518293062
1774149542075,2026-03-22 03:19:02.075,69242.0,0.00017,B,11.77114,581546406677666
1774149542075,2026-03-22 03:19:02.075,69242.0,0.001,B,69.242,479208887758325
1774149542075,2026-03-22 03:19:02.075,69243.0,0.00016,B,11.078880000000002,587747135956294
1774149542075,2026-03-22 03:19:02.075,69243.0,0.00015,B,10.38645,365341413484549
1774149542075,2026-03-22 03:19:02.075,69243.0,0.00017,B,11.771310000000001,824517392503516
1774149542075,2026-03-22 03:19:02.075,69244.0,0.00017,B,11.77148,149470443777481
1774149542075,2026-03-22 03:19:02.075,69245.0,0.01155,B,799.7797499999999,853348721498053
1774149542075,2026-03-22 03:19:02.075,69245.0,0.00017,B,11.771650000000001,787209119843530
1774149542075,2026-03-22 03:19:02.075,69245.0,0.02465,B,1706.88925,394455234899462
1774149542075,2026-03-22 03:19:02.075,69246.0,0.00035,B,24.2361,565476907344941
1774149542887,2026-03-22 03:19:02.887,69246.0,2e-05,B,1.3849200000000002,557149828433048
1774149543029,2026-03-22 03:19:03.029,69246.0,0.03826,B,2649.35196,528615784671312
1774149543577,2026-03-22 03:19:03.577,69246.0,0.00018,B,12.46428,733884258373849
1774149544014,2026-03-22 03:19:04.014,69246.0,0.057,B,3947.022,908422862630418
1774149544813,2026-03-22 03:19:04.813,69246.0,0.00016,B,11.079360000000001,818474237315238
1774149545033,2026-03-22 03:19:05.033,69245.0,0.00142,A,98.3279,410767551882411
1774149545321,2026-03-22 03:19:05.321,69246.0,0.00028,B,19.388879999999997,129874695174810
1774149546065,2026-03-22 03:19:06.065,69246.0,0.11612,B,8040.84552,722092958565819
1774149546065,2026-03-22 03:19:06.065,69246.0,0.00017,B,11.771820000000002,163097153055209
1774149546065,2026-03-22 03:19:06.065,69246.0,0.15037,B,10412.52102,283737849761068
1774149546120,2026-03-22 03:19:06.120,69246.0,0.00022,B,15.23412,885962781408590
1774149546120,2026-03-22 03:19:06.120,69246.0,0.00022,B,15.23412,304793297440889
1774149548030,2026-03-22 03:19:08.030,69246.0,0.00016,B,11.079360000000001,882463809600629
1774149550214,2026-03-22 03:19:10.214,69246.0,0.00017,B,11.771820000000002,670342951194688
1774149550214,2026-03-22 03:19:10.214,69247.0,0.00072,B,49.85784,460453499996486
1774149550214,2026-03-22 03:19:10.214,69247.0,0.00017,B,11.77199,272794334255514
1774149550214,2026-03-22 03:19:10.214,69248.0,0.00017,B,11.772160000000001,171220210602176
1774149550361,2026-03-22 03:19:10.361,69249.0,0.00017,B,11.77233,625849739866311
1774149550361,2026-03-22 03:19:10.361,69249.0,0.00015,B,10.38735,704127828897161
1774149550361,2026-03-22 03:19:10.361,69250.0,0.00017,B,11.7725,959992662799829
1774149550361,2026-03-22 03:19:10.361,69250.0,0.00022,B,15.235000000000001,17125896726933
1774149550361,2026-03-22 03:19:10.361,69251.0,0.003,B,207.75300000000001,279665057425426
1774149550361,2026-03-22 03:19:10.361,69251.0,0.00017,B,11.772670000000002,137341398815917
1774149550361,2026-03-22 03:19:10.361,69252.0,0.00017,B,11.77284,1082639340939198
1774149550361,2026-03-22 03:19:10.361,69253.0,0.00017,B,11.773010000000001,71890388111841
1774149550361,2026-03-22 03:19:10.361,69254.0,0.00016,B,11.08064,1041815216661206
1774149550361,2026-03-22 03:19:10.361,69254.0,0.00017,B,11.77318,463386863604756
1774149550361,2026-03-22 03:19:10.361,69255.0,0.00017,B,11.77335,195089463832918
1774149550361,2026-03-22 03:19:10.361,69256.0,0.00016,B,11.080960000000001,318703530521664
1774149550361,2026-03-22 03:19:10.361,69256.0,0.003,B,207.768,788836854550593
1774149550361,2026-03-22 03:19:10.361,69256.0,0.00017,B,11.773520000000001,1073453360498359
1774149550361,2026-03-22 03:19:10.361,69256.0,0.00841,B,582.4429600000001,1057206680259740
1774149550445,2026-03-22 03:19:10.445,69256.0,0.005,B,346.28000000000003,900933196676834
1774149551231,2026-03-22 03:19:11.231,69256.0,0.07017,B,4859.69352,643252371695996
1774149551231,2026-03-22 03:19:11.231,69256.0,0.00022,B,15.236320000000001,48873089221661
1774149552365,2026-03-22 03:19:12.365,69256.0,0.003,B,207.768,596377699635465
1774149552365,2026-03-22 03:19:12.365,69256.0,2e-05,B,1.3851200000000001,688500957429750
1774149552558,2026-03-22 03:19:12.558,69256.0,0.00015,B,10.388399999999999,525313978071381
1774149552558,2026-03-22 03:19:12.558,69257.0,0.00285,B,197.38245,952927294640531
1774149552707,2026-03-22 03:19:12.707,69257.0,0.00027,B,18.69939,258312434654562
1774149552920,2026-03-22 03:19:12.920,69257.0,0.00023,B,15.92911,437069976053083
1774149553104,2026-03-22 03:19:13.104,69257.0,0.00048,B,33.24336,487951156992407
1774149554436,2026-03-22 03:19:14.436,69257.0,0.00178,B,123.27745999999999,36419523483505
1774149555245,2026-03-22 03:19:15.245,69256.0,0.13277,A,9195.11912,111772283364165
1774149556057,2026-03-22 03:19:16.057,69256.0,0.00028,A,19.391679999999997,676919030460388
1774149558064,2026-03-22 03:19:18.064,69257.0,0.10863,B,7523.38791,1000803528324956
1774149560005,2026-03-22 03:19:20.005,69257.0,0.00034,B,23.54738,326943871685210
1774149560379,2026-03-22 03:19:20.379,69257.0,0.00238,B,164.83166,735678958560776
1774149560379,2026-03-22 03:19:20.379,69257.0,0.00499,B,345.59243,934945061353254
1774149560379,2026-03-22 03:19:20.379,69257.0,0.02077,B,1438.4678900000001,851061651158729
1774149560379,2026-03-22 03:19:20.379,69257.0,0.01249,B,865.0199299999999,540277378947015
1774149560379,2026-03-22 03:19:20.379,69257.0,0.00605,B,419.00485,310745003197530
1774149560501,2026-03-22 03:19:20.501,69257.0,0.00353,B,244.47721,687085519374579
1774149560501,2026-03-22 03:19:20.501,69257.0,0.00926,B,641.3198199999999,347591062545490
1774149560501,2026-03-22 03:19:20.501,69257.0,0.00637,B,441.16709,342867407193824
1774149560501,2026-03-22 03:19:20.501,69257.0,0.00202,B,139.89914000000002,952988844470472
1774149560501,2026-03-22 03:19:20.501,69257.0,0.01058,B,732.7390600000001,372992170379629
1774149561094,2026-03-22 03:19:21.094,69256.0,0.00028,A,19.391679999999997,996197635100409
1774149561621,2026-03-22 03:19:21.621,69257.0,0.0452,B,3130.4163999999996,484634881289329
1774149561723,2026-03-22 03:19:21.723,69257.0,0.0452,B,3130.4163999999996,606830777990208
1774149561723,2026-03-22 03:19:21.723,69257.0,0.1,B,6925.700000000001,882258692017022
1774149561820,2026-03-22 03:19:21.820,69257.0,0.26666,B,18468.07162,221421864112319
1774149561820,2026-03-22 03:19:21.820,69257.0,0.2,B,13851.400000000001,747040422577282
1774149561877,2026-03-22 03:19:21.877,69257.0,0.0452,B,3130.4163999999996,822455131794976
1774149561877,2026-03-22 03:19:21.877,69257.0,0.33333,B,23085.435810000003,674340339313757
1774149561929,2026-03-22 03:19:21.929,69257.0,0.18348,B,12707.27436,1069094414381524
1774149562012,2026-03-22 03:19:22.012,69257.0,0.00264,B,182.83848,953972971146339
1774149562012,2026-03-22 03:19:22.012,69257.0,0.24268,B,16807.28876,653816043766685
1774149562012,2026-03-22 03:19:22.012,69257.0,0.006,B,415.54200000000003,266055417479687
1774149562012,2026-03-22 03:19:22.012,69257.0,0.26326,B,18232.59782,892818992849039
1774149562012,2026-03-22 03:19:22.012,69257.0,0.057,B,3947.6490000000003,309827018297069
1774149562080,2026-03-22 03:19:22.080,69257.0,0.00164,B,113.58148,232342345745778
1774149562080,2026-03-22 03:19:22.080,69257.0,0.00655,B,453.63335,167986837875803
1774149562080,2026-03-22 03:19:22.080,69257.0,0.0125,B,865.7125000000001,511027313987155
1774149562080,2026-03-22 03:19:22.080,69257.0,0.00933,B,646.16781,419006239839589
1774149562080,2026-03-22 03:19:22.080,69257.0,0.01119,B,774.98583,629034412972790
1774149562701,2026-03-22 03:19:22.701,69256.0,0.08727,A,6043.97112,1101700810630504
1774149562701,2026-03-22 03:19:22.701,69257.0,4e-05,B,2.77028,273108683037422
1774149563216,2026-03-22 03:19:23.216,69257.0,0.00018,B,12.46626,928393917551783
1774149565010,2026-03-22 03:19:25.010,69256.0,0.00082,A,56.78992,767854549616519
1774149566917,2026-03-22 03:19:26.917,69257.0,0.01,B,692.57,593153570244253
1774149567022,2026-03-22 03:19:27.022,69256.0,0.00017,A,11.773520000000001,222404635146443
1774149567022,2026-03-22 03:19:27.022,69256.0,0.01661,A,1150.34216,15562368594754
1774149569031,2026-03-22 03:19:29.031,69257.0,0.00016,B,11.08112,198419307012607
1774149569545,2026-03-22 03:19:29.545,69257.0,1.15486,B,79982.13902,556546435300660
1774149571245,2026-03-22 03:19:31.245,69257.0,0.00257,B,177.99049,285262107425910
1774149574031,2026-03-22 03:19:34.031,69256.0,0.00142,A,98.34352,915386241227476
1774149574967,2026-03-22 03:19:34.967,69256.0,0.08473,A,5868.06088,538395628686702
1774149578031,2026-03-22 03:19:38.031,69257.0,0.00016,B,11.08112,386644166764230
1774149578512,2026-03-22 03:19:38.512,69256.0,0.35561,A,24628.12616,46066252979085
1774149578759,2026-03-22 03:19:38.759,69256.0,0.1441,A,9979.7896,302056728128143
1774149578759,2026-03-22 03:19:38.759,69256.0,0.02887,A,1999.42072,679347808441971
1774149578759,2026-03-22 03:19:38.759,69256.0,0.00017,A,11.773520000000001,581704615398550
1774149578759,2026-03-22 03:19:38.759,69256.0,0.05775,A,3999.534,241912672851252
1774149579514,2026-03-22 03:19:39.514,69256.0,0.01393,B,964.73608,169160720811043
1774149579912,2026-03-22 03:19:39.912,69256.0,0.00017,B,11.773520000000001,521467117358697
1774149580616,2026-03-22 03:19:40.616,69256.0,0.00019,B,13.15864,447935205877355
1774149581019,2026-03-22 03:19:41.019,69256.0,0.00058,B,40.16848,523683322462263
1774149582219,2026-03-22 03:19:42.219,69256.0,0.02795,B,1935.7051999999999,84098165393489
1774149583084,2026-03-22 03:19:43.084,69256.0,0.00033,B,22.85448,379626533340649
1774149583539,2026-03-22 03:19:43.539,69256.0,0.01,B,692.5600000000001,871866544451384
1774149584550,2026-03-22 03:19:44.550,69255.0,0.05196,A,3598.4898,994628362093978
1774149584550,2026-03-22 03:19:44.550,69255.0,0.10162,A,7037.6931,969356771060140
1774149584550,2026-03-22 03:19:44.550,69255.0,0.02887,A,1999.39185,212166828363349
1774149585233,2026-03-22 03:19:45.233,69255.0,0.01393,B,964.7221499999999,321249237367271
1774149585342,2026-03-22 03:19:45.342,69254.0,0.00017,A,11.77318,232328857532048
1774149585342,2026-03-22 03:19:45.342,69254.0,0.00127,A,87.95258000000001,837291634294796
1774149586050,2026-03-22 03:19:46.050,69254.0,0.00027,A,18.69858,571740318528895
1774149586548,2026-03-22 03:19:46.548,69254.0,0.00022,A,15.23588,868026414381257
1774149590061,2026-03-22 03:19:50.061,69255.0,0.00034,B,23.5467,719109866023884
1774149591055,2026-03-22 03:19:51.055,69254.0,0.00028,A,19.391119999999997,445383636282570
1774149591879,2026-03-22 03:19:51.879,69254.0,0.02683,A,1858.08482,520875725627842
1774149591879,2026-03-22 03:19:51.879,69254.0,0.00017,A,11.77318,765181124770408
1774149591879,2026-03-22 03:19:51.879,69254.0,0.01054,A,729.9371600000001,1034837436968181
1774149592261,2026-03-22 03:19:52.261,69255.0,0.00018,B,12.465900000000001,1015405308152543
1774149592980,2026-03-22 03:19:52.980,69255.0,0.01393,B,964.7221499999999,87566927068523
1774149594273,2026-03-22 03:19:54.273,69255.0,0.0002,B,13.851,1110731661899917
1774149595081,2026-03-22 03:19:55.081,69254.0,0.00082,A,56.78828,436104774955342
1774149596077,2026-03-22 03:19:56.077,69254.0,0.00054,A,37.39716,968915439213415
1774149597021,2026-03-22 03:19:57.021,69254.0,0.00017,A,11.77318,170711000660413
1774149597021,2026-03-22 03:19:57.021,69254.0,0.00311,A,215.37994,38181740126268
1774149597021,2026-03-22 03:19:57.021,69254.0,0.0135,A,934.929,151924431172780
1774149597021,2026-03-22 03:19:57.021,69255.0,0.00017,B,11.77335,320917924844928
1774149597021,2026-03-22 03:19:57.021,69256.0,0.00017,B,11.773520000000001,352527512178035
1774149597021,2026-03-22 03:19:57.021,69257.0,0.0203,B,1405.9171,1094408350090882
1774149597098,2026-03-22 03:19:57.098,69257.0,0.057,B,3947.6490000000003,31934789261956
1774149597098,2026-03-22 03:19:57.098,69257.0,0.80962,B,56071.85234,647397273405772
1774149597098,2026-03-22 03:19:57.098,69257.0,0.00017,B,11.77369,75329742382727
1774149597098,2026-03-22 03:19:57.098,69258.0,0.00017,B,11.77386,972597210031282
1774149597098,2026-03-22 03:19:57.098,69259.0,0.00017,B,11.774030000000002,1017837248727822
1774149597098,2026-03-22 03:19:57.098,69260.0,0.00017,B,11.7742,102188420053267
1774149597098,2026-03-22 03:19:57.098,69261.0,0.00016,B,11.081760000000001,659718802488121
1774149597098,2026-03-22 03:19:57.098,69261.0,0.00017,B,11.774370000000001,684646725671046
1774149597098,2026-03-22 03:19:57.098,69261.0,0.003,B,207.78300000000002,135874131264835
1774149597098,2026-03-22 03:19:57.098,69262.0,0.00017,B,11.77454,735989709920522
1774149597098,2026-03-22 03:19:57.098,69263.0,0.00017,B,11.77471,429489129357633
1774149597098,2026-03-22 03:19:57.098,69264.0,0.00015,B,10.3896,1011053944072946
1774149597098,2026-03-22 03:19:57.098,69264.0,0.00017,B,11.774880000000001,265444182762412
1774149597098,2026-03-22 03:19:57.098,69264.0,0.00015,B,10.3896,82770557208695
1774149597098,2026-03-22 03:19:57.098,69265.0,0.00016,B,11.082400000000002,1076947833969024
1774149597098,2026-03-22 03:19:57.098,69265.0,0.00017,B,11.77505,727404888086362
1774149597098,2026-03-22 03:19:57.098,69266.0,0.00017,B,11.775220000000001,356878743597239
1774149597098,2026-03-22 03:19:57.098,69266.0,0.05665,B,3923.9189,883708608839418
1774149597098,2026-03-22 03:19:57.098,69267.0,0.00017,B,11.775390000000002,248647243593870
1774149597098,2026-03-22 03:19:57.098,69267.0,0.003,B,207.80100000000002,231390987632926
1774149597098,2026-03-22 03:19:57.098,69268.0,0.00016,B,11.082880000000001,769752005767745
1774149597098,2026-03-22 03:19:57.098,69268.0,0.00019,B,13.16092,523237771165895
1774149597098,2026-03-22 03:19:57.098,69268.0,0.00017,B,11.77556,292638627191743
1774149597098,2026-03-22 03:19:57.098,69269.0,0.00017,B,11.775730000000001,672050783911343
1774149597098,2026-03-22 03:19:57.098,69270.0,0.21055,B,14584.798499999999,420835289902213
1774149597955,2026-03-22 03:19:57.955,69270.0,0.06597,B,4569.7419,545160237188664
1774149598157,2026-03-22 03:19:58.157,69270.0,0.22348,B,15480.4596,153414409930828
1774149598157,2026-03-22 03:19:58.157,69270.0,0.00017,B,11.7759,130957549487333
1774149598157,2026-03-22 03:19:58.157,69270.0,0.13335,B,9237.1545,576643277998661
1774149598247,2026-03-22 03:19:58.247,69270.0,0.0002,B,13.854000000000001,824477431869534
1774149599047,2026-03-22 03:19:59.047,69270.0,0.00016,B,11.083200000000001,681063798401392
1774149599047,2026-03-22 03:19:59.047,69270.0,0.00026,B,18.010199999999998,375044688249029
1774149599326,2026-03-22 03:19:59.326,69270.0,0.00025,B,17.3175,44557628624923
1774149603150,2026-03-22 03:20:03.150,69270.0,0.00017,B,11.7759,322710894589894
1774149603150,2026-03-22 03:20:03.150,69271.0,0.00017,B,11.77607,299138662404166
1774149603150,2026-03-22 03:20:03.150,69272.0,0.00016,B,11.08352,952676749583357
1774149603150,2026-03-22 03:20:03.150,69272.0,0.00017,B,11.776240000000001,1112279312023506
1774149603150,2026-03-22 03:20:03.150,69273.0,0.00017,B,11.77641,111213384940220
1774149603150,2026-03-22 03:20:03.150,69274.0,0.00017,B,11.776580000000001,116115460541405
1774149603150,2026-03-22 03:20:03.150,69275.0,0.00017,B,11.776750000000002,920794485335197
1774149603150,2026-03-22 03:20:03.150,69275.0,0.003,B,207.82500000000002,415084045444408
1774149603150,2026-03-22 03:20:03.150,69276.0,0.00016,B,11.08416,693906219569796
1774149603150,2026-03-22 03:20:03.150,69276.0,0.00017,B,11.77692,729716193196702
1774149603150,2026-03-22 03:20:03.150,69277.0,0.00017,B,11.777090000000001,1089558003426579
1774149603150,2026-03-22 03:20:03.150,69277.0,0.08194,B,5676.55738,332960504864806
1774149603150,2026-03-22 03:20:03.150,69277.0,0.032,B,2216.864,886867960654136
1774149604121,2026-03-22 03:20:04.121,69276.0,0.00141,A,97.67916,252046096446031
1774149604121,2026-03-22 03:20:04.121,69277.0,0.00898,B,622.1074600000001,323193369448287
1774149604121,2026-03-22 03:20:04.121,69278.0,0.00017,B,11.77726,999351923243150
1774149604121,2026-03-22 03:20:04.121,69279.0,0.00016,B,11.08464,167243138528282
1774149604121,2026-03-22 03:20:04.121,69279.0,0.00017,B,11.77743,986818088257457
1774149604121,2026-03-22 03:20:04.121,69280.0,0.00017,B,11.777600000000001,270634287125105
1774149604121,2026-03-22 03:20:04.121,69280.0,0.003,B,207.84,600453211515660
1774149604121,2026-03-22 03:20:04.121,69281.0,0.00017,B,11.77777,102429207752844
1774149604121,2026-03-22 03:20:04.121,69282.0,0.00017,B,11.777940000000001,971424638526166
1774149604121,2026-03-22 03:20:04.121,69283.0,0.00016,B,11.085280000000001,705781721574976
1774149604121,2026-03-22 03:20:04.121,69283.0,0.00017,B,11.778110000000002,830500682095591
1774149604121,2026-03-22 03:20:04.121,69284.0,0.00017,B,11.77828,822550629602272
1774149604121,2026-03-22 03:20:04.121,69285.0,0.00017,B,11.778450000000001,255461481003510
1774149604121,2026-03-22 03:20:04.121,69286.0,0.00017,B,11.77862,924449115209666
1774149604121,2026-03-22 03:20:04.121,69286.0,0.00022,B,15.24292,839814546903022
1774149604121,2026-03-22 03:20:04.121,69287.0,0.00016,B,11.085920000000002,797619072627678
1774149604121,2026-03-22 03:20:04.121,69287.0,0.00017,B,11.77879,6723527085712
1774149604121,2026-03-22 03:20:04.121,69287.0,0.003,B,207.86100000000002,914803664118797
1774149604121,2026-03-22 03:20:04.121,69288.0,0.00017,B,11.778960000000001,742524814281204
1774149604121,2026-03-22 03:20:04.121,69288.0,0.21245,B,14720.2356,846621431462556
1774149604319,2026-03-22 03:20:04.319,69288.0,0.01457,B,1009.52616,294548672039775
1774149604525,2026-03-22 03:20:04.525,69288.0,0.00026,B,18.014879999999998,823378540881641
1774149605300,2026-03-22 03:20:05.300,69288.0,0.05665,B,3925.1652,551844557386939
1774149605300,2026-03-22 03:20:05.300,69288.0,0.01537,B,1064.95656,28304257582756
1774149605599,2026-03-22 03:20:05.599,69288.0,0.00081,B,56.123279999999994,763984707124453
1774149606202,2026-03-22 03:20:06.202,69287.0,0.00017,A,11.77879,504190240100199
1774149606202,2026-03-22 03:20:06.202,69287.0,0.01138,A,788.48606,386435676620541
1774149606347,2026-03-22 03:20:06.347,69287.0,0.00058,B,40.18646,838216691501348
1774149606533,2026-03-22 03:20:06.533,69287.0,0.00021,B,14.550270000000001,97903444526563
1774149606604,2026-03-22 03:20:06.604,69287.0,0.00033,B,22.86471,759071051421422
1774149606719,2026-03-22 03:20:06.719,69286.0,0.00015,A,10.3929,1081510552980506
1774149606719,2026-03-22 03:20:06.719,69286.0,0.00168,A,116.40048,125405358109064
1774149606806,2026-03-22 03:20:06.806,69286.0,0.002,A,138.572,959726479374617
1774149608018,2026-03-22 03:20:08.018,69287.0,0.00016,B,11.085920000000002,461280543741224
1774149609223,2026-03-22 03:20:09.223,69285.0,0.00017,A,11.778450000000001,49902902757651
1774149609423,2026-03-22 03:20:09.423,69284.0,0.00017,A,11.77828,709073163933475
1774149609423,2026-03-22 03:20:09.423,69283.0,0.00017,A,11.778110000000002,779100565933072
1774149609423,2026-03-22 03:20:09.423,69282.0,0.00017,A,11.777940000000001,458309663451064
1774149609423,2026-03-22 03:20:09.423,69282.0,0.003,A,207.846,458492307713686
1774149609423,2026-03-22 03:20:09.423,69282.0,0.00015,A,10.392299999999999,415601332662356
1774149610429,2026-03-22 03:20:10.429,69281.0,0.00017,A,11.77777,134285470325549
1774149610429,2026-03-22 03:20:10.429,69280.0,0.00017,A,11.777600000000001,785438386295676
1774149610429,2026-03-22 03:20:10.429,69280.0,0.00016,A,11.084800000000001,410990894321626
1774149613032,2026-03-22 03:20:13.032,69280.0,0.00051,B,35.332800000000006,720812219990028
1774149614753,2026-03-22 03:20:14.753,69280.0,0.07725,B,5351.88,612516610697508
1774149614753,2026-03-22 03:20:14.753,69280.0,0.13052,B,9042.4256,283626023685484
1774149614753,2026-03-22 03:20:14.753,69280.0,0.1393,B,9650.704,361727693928710
1774149614753,2026-03-22 03:20:14.753,69280.0,0.21,B,14548.8,282584624045324
1774149614753,2026-03-22 03:20:14.753,69280.0,0.21,B,14548.8,494214162604498
1774149614753,2026-03-22 03:20:14.753,69280.0,0.10466,B,7250.8448,405781108553116
1774149614753,2026-03-22 03:20:14.753,69280.0,0.03718,B,2575.8304,158483346215445
1774149614753,2026-03-22 03:20:14.753,69280.0,0.00024,B,16.627200000000002,760877882068126
1774149614985,2026-03-22 03:20:14.985,69279.0,0.00017,A,11.77743,242678402765220
1774149615523,2026-03-22 03:20:15.523,69278.0,0.00017,A,11.77726,807743487251091
1774149615523,2026-03-22 03:20:15.523,69278.0,0.00127,A,87.98306000000001,225254656710263
1774149615523,2026-03-22 03:20:15.523,69278.0,0.00144,A,99.76032000000001,933638471582462
1774149615765,2026-03-22 03:20:15.765,69277.0,0.00016,A,11.084320000000002,591416343540372
1774149615765,2026-03-22 03:20:15.765,69277.0,0.00017,A,11.777090000000001,448426760924032
1774149615765,2026-03-22 03:20:15.765,69277.0,0.00015,A,10.391549999999999,642589605948983
1774149615765,2026-03-22 03:20:15.765,69276.0,0.00017,A,11.77692,918672187527240
1774149615765,2026-03-22 03:20:15.765,69276.0,0.0263,A,1821.9588,219104615327521
1774149615765,2026-03-22 03:20:15.765,69276.0,0.05117,A,3544.85292,389277688599336
1774149615765,2026-03-22 03:20:15.765,69275.0,0.00017,A,11.776750000000002,1065908368251415
1774149615765,2026-03-22 03:20:15.765,69275.0,0.00759,A,525.7972500000001,940547322869623
1774149615765,2026-03-22 03:20:15.765,69275.0,0.02887,A,1999.9692499999999,576370724132260
1774149615765,2026-03-22 03:20:15.765,69274.0,0.00017,A,11.776580000000001,757457418006743
1774149615765,2026-03-22 03:20:15.765,69274.0,0.00153,A,105.98921999999999,671093644736514
1774149615765,2026-03-22 03:20:15.765,69274.0,0.001,A,69.274,609327582900348
1774149615765,2026-03-22 03:20:15.765,69274.0,0.04747,A,3288.43678,923652641189733
1774149615868,2026-03-22 03:20:15.868,69274.0,0.00019,A,13.16206,431365476154953
1774149616071,2026-03-22 03:20:16.071,69274.0,0.00028,A,19.39672,830229146224762
1774149620003,2026-03-22 03:20:20.003,69275.0,0.00034,B,23.553500000000003,464205825090406
1774149621007,2026-03-22 03:20:21.007,69274.0,0.00027,A,18.70398,711347260676950
1774149621814,2026-03-22 03:20:21.814,69275.0,0.01,B,692.75,879183090421741
1774149623720,2026-03-22 03:20:23.720,69275.0,0.00162,B,112.2255,880688416416208
1774149624036,2026-03-22 03:20:24.036,69274.0,7e-05,A,4.84918,32264014120605
1774149624036,2026-03-22 03:20:24.036,69274.0,0.00024,A,16.62576,61515054926333
1774149624322,2026-03-22 03:20:24.322,69275.0,0.08316,B,5760.909,1007213303066424
1774149624322,2026-03-22 03:20:24.322,69275.0,0.57737,B,39997.30675,70205328323024
1774149624322,2026-03-22 03:20:24.322,69275.0,0.02116,B,1465.8590000000002,318843027335810
1774149625026,2026-03-22 03:20:25.026,69274.0,0.00082,A,56.80468,478881154335198
1774149626647,2026-03-22 03:20:26.647,69274.0,0.28406,A,19677.972439999998,277813009945490
1774149627057,2026-03-22 03:20:27.057,69274.0,0.00017,A,11.776580000000001,727514553437840
1774149627057,2026-03-22 03:20:27.057,69274.0,0.01661,A,1150.64114,502112584925630
1774149627942,2026-03-22 03:20:27.942,69274.0,0.01,A,692.74,19518279380603
1774149628681,2026-03-22 03:20:28.681,69275.0,7e-05,B,4.84925,877709863371520
1774149629038,2026-03-22 03:20:29.038,69275.0,0.00016,B,11.084000000000001,377853387026357
1774149630361,2026-03-22 03:20:30.361,69275.0,0.00043,B,29.788249999999998,818401780325592
1774149633168,2026-03-22 03:20:33.168,69275.0,0.04926,B,3412.4865,414752515291256
1774149633168,2026-03-22 03:20:33.168,69275.0,0.15984,B,11072.916000000001,1095862890591933
1774149633168,2026-03-22 03:20:33.168,69275.0,0.18824,B,13040.326,22831936180186
1774149633168,2026-03-22 03:20:33.168,69275.0,0.11392,B,7891.808,731038618959319
1774149634069,2026-03-22 03:20:34.069,69274.0,0.00142,A,98.36908,919321599721979
1774149635591,2026-03-22 03:20:35.591,69275.0,0.01631,B,1129.87525,193261846877774
1774149635591,2026-03-22 03:20:35.591,69275.0,0.00017,B,11.776750000000002,675023839705169
1774149635591,2026-03-22 03:20:35.591,69275.0,0.00019,B,13.16225,135928011175894
1774149635777,2026-03-22 03:20:35.777,69275.0,0.00015,B,10.39125,124865431671830
1774149637187,2026-03-22 03:20:37.187,69274.0,0.00162,A,112.22388,622440802777766
1774149637187,2026-03-22 03:20:37.187,69274.0,0.00015,A,10.3911,350769205232004
1774149637593,2026-03-22 03:20:37.593,69274.0,0.00178,A,123.30771999999999,791525684745259
1774149637844,2026-03-22 03:20:37.844,69275.0,0.00017,B,11.776750000000002,551648540972795
1774149637844,2026-03-22 03:20:37.844,69276.0,0.00017,B,11.77692,83490856222349
1774149637844,2026-03-22 03:20:37.844,69277.0,0.00017,B,11.777090000000001,168042281973230
1774149637844,2026-03-22 03:20:37.844,69278.0,0.00015,B,10.391699999999998,100615406539697
1774149637844,2026-03-22 03:20:37.844,69278.0,0.00017,B,11.77726,799709232979902
1774149637844,2026-03-22 03:20:37.844,69279.0,0.00017,B,11.77743,590469565043029
1774149637844,2026-03-22 03:20:37.844,69280.0,0.00017,B,11.777600000000001,1041899959940503
1774149637844,2026-03-22 03:20:37.844,69280.0,0.003,B,207.84,1023253610577338
1774149637844,2026-03-22 03:20:37.844,69281.0,0.00017,B,11.77777,654113289232488
1774149637844,2026-03-22 03:20:37.844,69282.0,0.00017,B,11.777940000000001,341232767135383
1774149637844,2026-03-22 03:20:37.844,69282.0,0.05665,B,3924.8253,782633734537406
1774149637844,2026-03-22 03:20:37.844,69283.0,0.00017,B,11.778110000000002,250609923226253
1774149637844,2026-03-22 03:20:37.844,69283.0,0.00016,B,11.085280000000001,1030196791041860
1774149637844,2026-03-22 03:20:37.844,69284.0,0.00017,B,11.77828,977828179762383
1774149637844,2026-03-22 03:20:37.844,69284.0,0.00015,B,10.3926,736673056266204
1774149637844,2026-03-22 03:20:37.844,69285.0,0.01154,B,799.5489,642444087734686
1774149637844,2026-03-22 03:20:37.844,69285.0,0.00017,B,11.778450000000001,666954818012588
1774149637844,2026-03-22 03:20:37.844,69286.0,0.066,B,4572.876,456104068291237
1774149637844,2026-03-22 03:20:37.844,69286.0,0.00017,B,11.77862,540387681174267
1774149637844,2026-03-22 03:20:37.844,69287.0,0.00016,B,11.085920000000002,262391254286311
1774149637844,2026-03-22 03:20:37.844,69287.0,0.003,B,207.86100000000002,971763884252855
1774149637844,2026-03-22 03:20:37.844,69287.0,0.07291,B,5051.71517,788871311066734
1774149637844,2026-03-22 03:20:37.844,69287.0,0.00017,B,11.77879,510469702337750
1774149637844,2026-03-22 03:20:37.844,69287.0,0.04039,B,2798.5019300000004,264041229446818
1774149637844,2026-03-22 03:20:37.844,69288.0,0.00017,B,11.778960000000001,382892907903152
1774149637844,2026-03-22 03:20:37.844,69288.0,0.00144,B,99.77472,302875721723189
1774149637844,2026-03-22 03:20:37.844,69289.0,0.00017,B,11.77913,749690306717537
1774149637844,2026-03-22 03:20:37.844,69289.0,0.07216,B,4999.8942400000005,387601045784158
1774149637844,2026-03-22 03:20:37.844,69290.0,0.00016,B,11.086400000000001,140030775579061
1774149637844,2026-03-22 03:20:37.844,69290.0,0.01154,B,799.6066,955609174757127
1774149637844,2026-03-22 03:20:37.844,69290.0,0.00017,B,11.779300000000001,19601657301360
1774149637844,2026-03-22 03:20:37.844,69290.0,0.04132,B,2863.0628,393385614897860
1774149637844,2026-03-22 03:20:37.844,69290.0,0.01039,B,719.9231,515108208889176
1774149638002,2026-03-22 03:20:38.002,69290.0,0.00016,B,11.086400000000001,297257864549295
1774149638002,2026-03-22 03:20:38.002,69290.0,0.001,B,69.29,1102630209271107
1774149638304,2026-03-22 03:20:38.304,69290.0,0.00682,B,472.5578,288569436426703
1774149638799,2026-03-22 03:20:38.799,69290.0,0.07621,B,5280.5909,500119490589163
1774149639011,2026-03-22 03:20:39.011,69290.0,0.007,B,485.03000000000003,1019877370514104
1774149639011,2026-03-22 03:20:39.011,69289.0,0.01526,A,1057.35014,543257066873125
1774149639086,2026-03-22 03:20:39.086,69289.0,0.01526,A,1057.35014,766073369954294
1774149639975,2026-03-22 03:20:39.975,69290.0,0.00026,B,18.0154,590897831684932
1774149641531,2026-03-22 03:20:41.531,69290.0,0.00026,B,18.0154,965052064865225
1774149643034,2026-03-22 03:20:43.034,69290.0,0.00041,B,28.4089,245095515357231
1774149644327,2026-03-22 03:20:44.327,69289.0,0.00071,A,49.195190000000004,389988188844105
1774149644844,2026-03-22 03:20:44.844,69290.0,0.00093,B,64.4397,477097351787895
1774149644914,2026-03-22 03:20:44.914,69290.0,0.0667,B,4621.643,323548587734066
1774149644914,2026-03-22 03:20:44.914,69290.0,0.22089,B,15305.4681,561790521232440
1774149645745,2026-03-22 03:20:45.745,69287.0,0.00015,A,10.393049999999999,188687088130385
1774149645745,2026-03-22 03:20:45.745,69286.0,0.00015,A,10.3929,464250446874321
1774149646004,2026-03-22 03:20:46.004,69284.0,0.00028,A,19.39952,989056407309078
1774149646177,2026-03-22 03:20:46.177,69284.0,0.00272,A,188.45248,83402605655806
1774149646308,2026-03-22 03:20:46.308,69283.0,0.00017,A,11.778110000000002,657209372126942
1774149646308,2026-03-22 03:20:46.308,69282.0,0.00017,A,11.777940000000001,795233193425364
1774149646308,2026-03-22 03:20:46.308,69281.0,0.00017,A,11.77777,835041956913496
1774149646607,2026-03-22 03:20:46.607,69280.0,0.00016,A,11.084800000000001,920462321782976
1774149646607,2026-03-22 03:20:46.607,69280.0,0.00017,A,11.777600000000001,656247464251863
1774149647012,2026-03-22 03:20:47.012,69279.0,0.003,A,207.83700000000002,777357992385093
1774149647012,2026-03-22 03:20:47.012,69279.0,0.00017,A,11.77743,558526937600666
1774149648798,2026-03-22 03:20:48.798,69278.0,0.00017,A,11.77726,529341373198339
1774149648798,2026-03-22 03:20:48.798,69277.0,0.00016,A,11.084320000000002,527012296106225
1774149648798,2026-03-22 03:20:48.798,69277.0,0.00017,A,11.777090000000001,856881845658048
1774149648798,2026-03-22 03:20:48.798,69277.0,0.00015,A,10.391549999999999,1047472439383711
1774149648798,2026-03-22 03:20:48.798,69276.0,0.00017,A,11.77692,582231341409521
1774149648798,2026-03-22 03:20:48.798,69276.0,0.00015,A,10.391399999999999,820455908428857
1774149649040,2026-03-22 03:20:49.040,69275.0,0.00017,A,11.776750000000002,547534667258888
1774149649040,2026-03-22 03:20:49.040,69274.0,0.00017,A,11.776580000000001,635357729328668
1774149649604,2026-03-22 03:20:49.604,69273.0,0.00017,A,11.77641,111272897410405
1774149649604,2026-03-22 03:20:49.604,69272.0,0.00017,A,11.776240000000001,383961045479379
1774149649604,2026-03-22 03:20:49.604,69271.0,0.00017,A,11.77607,530816504663820
1774149649885,2026-03-22 03:20:49.885,69271.0,0.00093,B,64.42203,75137695417049
1774149649885,2026-03-22 03:20:49.885,69271.0,0.28666,B,19857.224860000002,994362323469072
1774149650049,2026-03-22 03:20:50.049,69271.0,0.00035,B,24.24485,811506422840375
1774149650850,2026-03-22 03:20:50.850,69270.0,0.00017,A,11.7759,668989446668328
1774149650850,2026-03-22 03:20:50.850,69270.0,0.003,A,207.81,461865149217732
1774149650850,2026-03-22 03:20:50.850,69269.0,0.00017,A,11.775730000000001,295626387229487
1774149650850,2026-03-22 03:20:50.850,69269.0,0.00015,A,10.39035,344939896469067
1774149650850,2026-03-22 03:20:50.850,69269.0,3e-05,A,2.07807,616493176478539
1774149651026,2026-03-22 03:20:51.026,69269.0,0.00028,A,19.395319999999998,59293875359813
1774149654001,2026-03-22 03:20:54.001,69269.0,0.01658,A,1148.48002,973646731468137
1774149654109,2026-03-22 03:20:54.109,69269.0,0.01198,A,829.8426199999999,959828923557195
1774149654109,2026-03-22 03:20:54.109,69269.0,0.00017,A,11.775730000000001,358827333775962
1774149655108,2026-03-22 03:20:55.108,69268.0,0.00017,A,11.77556,27056423636274
1774149655108,2026-03-22 03:20:55.108,69268.0,0.00065,A,45.0242,588926233387227
1774149656112,2026-03-22 03:20:56.112,69269.0,0.14379,B,9960.18951,198901601085960
1774149657015,2026-03-22 03:20:57.015,69268.0,0.00017,A,11.77556,623489304243049
1774149657015,2026-03-22 03:20:57.015,69268.0,0.01661,A,1150.54148,350940285986778
1774149658235,2026-03-22 03:20:58.235,69269.0,0.20709,B,14344.91721,295904682948473
1774149658235,2026-03-22 03:20:58.235,69269.0,0.04291,B,2972.33279,295922938001563
1774149659022,2026-03-22 03:20:59.022,69269.0,0.00016,B,11.08304,151817975062108
1774149659132,2026-03-22 03:20:59.132,69269.0,0.07111,B,4925.71859,1041661746659809
1774149659132,2026-03-22 03:20:59.132,69269.0,0.02162,B,1497.59578,1080701147026310
1774149660539,2026-03-22 03:21:00.539,69269.0,0.00289,B,200.18741000000003,45279460337873
1774149660742,2026-03-22 03:21:00.742,69268.0,0.00019,A,13.16092,984280429374463
1774149661664,2026-03-22 03:21:01.664,69269.0,0.006,B,415.61400000000003,1081565583664584
1774149662939,2026-03-22 03:21:02.939,69269.0,0.08559,B,5928.7337099999995,720253605793346
1774149662939,2026-03-22 03:21:02.939,69269.0,0.26042,B,18039.03298,163126175129094
1774149662939,2026-03-22 03:21:02.939,69269.0,0.08538,B,5914.18722,1034370702950024
1774149663941,2026-03-22 03:21:03.941,69268.0,0.01197,A,829.13796,327365102266922
1774149665081,2026-03-22 03:21:05.081,69268.0,0.00142,A,98.36056,654849536043034
1774149665537,2026-03-22 03:21:05.537,69268.0,0.00187,A,129.53116,342219810753101
1774149666298,2026-03-22 03:21:06.298,69268.0,0.00017,A,11.77556,229246534050051
1774149666706,2026-03-22 03:21:06.706,69267.0,0.00017,A,11.775390000000002,1056433538538835
1774149667193,2026-03-22 03:21:07.193,69266.0,0.02811,A,1947.06726,104265848277139
1774149667193,2026-03-22 03:21:07.193,69266.0,0.00017,A,11.775220000000001,277155527627638
1774149667193,2026-03-22 03:21:07.193,69265.0,0.00029,A,20.086850000000002,1121020129065381
1774149667193,2026-03-22 03:21:07.193,69265.0,0.00017,A,11.77505,709070914530676
1774149667193,2026-03-22 03:21:07.193,69265.0,0.02957,A,2048.16605,1077141928934145
1774149668070,2026-03-22 03:21:08.070,69265.0,0.00016,B,11.082400000000002,244147205141878
1774149670402,2026-03-22 03:21:10.402,69264.0,0.00017,A,11.774880000000001,600660645045145
1774149670402,2026-03-22 03:21:10.402,69263.0,0.00017,A,11.77471,326770647617418
1774149670402,2026-03-22 03:21:10.402,69262.0,0.00017,A,11.77454,585720602178558
1774149670402,2026-03-22 03:21:10.402,69262.0,0.03571,A,2473.34602,419322178405500
1774149670503,2026-03-22 03:21:10.503,69262.0,0.03621,A,2507.97702,693949673502135
1774149670603,2026-03-22 03:21:10.603,69262.0,0.00022,A,15.23764,341205015745866
1774149671581,2026-03-22 03:21:11.581,69262.0,0.00017,A,11.77454,616364512571014
1774149671786,2026-03-22 03:21:11.786,69261.0,0.02436,A,1687.19796,123778786789270
1774149673009,2026-03-22 03:21:13.009,69262.0,0.00031,B,21.47122,824262909235229
1774149674538,2026-03-22 03:21:14.538,69261.0,0.02797,A,1937.2301699999998,198377769441543
1774149674538,2026-03-22 03:21:14.538,69261.0,0.01251,A,866.45511,632428304730202
1774149674654,2026-03-22 03:21:14.654,69261.0,0.04053,A,2807.14833,549164120815130
1774149675751,2026-03-22 03:21:15.751,69261.0,0.16,A,11081.76,575175368983668
1774149676059,2026-03-22 03:21:16.059,69261.0,0.00028,A,19.393079999999998,566824729810682
1774149678582,2026-03-22 03:21:18.582,69261.0,0.00537,A,371.93156999999997,655192011715996
1774149678582,2026-03-22 03:21:18.582,69261.0,0.00017,A,11.774370000000001,942290706159887
1774149678582,2026-03-22 03:21:18.582,69261.0,0.00217,A,150.29637,456140016274342
1774149679595,2026-03-22 03:21:19.595,69260.0,0.003,A,207.78,897829752388127
1774149680054,2026-03-22 03:21:20.054,69260.0,0.00019,B,13.159400000000002,388921680470317
1774149680054,2026-03-22 03:21:20.054,69260.0,0.00015,B,10.389,806389108851970
1774149681079,2026-03-22 03:21:21.079,69259.0,0.00017,A,11.774030000000002,523050201571818
1774149681079,2026-03-22 03:21:21.079,69258.0,0.00011,A,7.61838,122471843748178
1774149682581,2026-03-22 03:21:22.581,69258.0,0.00017,A,11.77386,572496020959640
1774149682581,2026-03-22 03:21:22.581,69257.0,0.00017,A,11.77369,880436348463346
1774149682581,2026-03-22 03:21:22.581,69257.0,0.00966,A,669.02262,816453370150400
1774149683863,2026-03-22 03:21:23.863,69258.0,0.12549,B,8691.18642,1098025708909994
1774149683863,2026-03-22 03:21:23.863,69258.0,0.09677,B,6702.096659999999,131441634056504
1774149683863,2026-03-22 03:21:23.863,69258.0,0.12,B,8310.96,803158419624338
1774149683863,2026-03-22 03:21:23.863,69258.0,0.03632,B,2515.4505599999998,251588157783473
1774149683915,2026-03-22 03:21:23.915,69257.0,0.00759,A,525.6606300000001,59170777958228
1774149683915,2026-03-22 03:21:23.915,69257.0,0.00017,A,11.77369,584057307679259
1774149683915,2026-03-22 03:21:23.915,69257.0,6e-05,A,4.15542,697123460517528
1774149685031,2026-03-22 03:21:25.031,69256.0,0.00017,A,11.773520000000001,133866714993910
1774149685031,2026-03-22 03:21:25.031,69256.0,0.00065,A,45.0164,153144202701026
1774149686810,2026-03-22 03:21:26.810,69256.0,0.00108,A,74.79648,359913573440104
1774149687011,2026-03-22 03:21:27.011,69256.0,0.01661,A,1150.34216,1085641252864958
1774149689103,2026-03-22 03:21:29.103,69257.0,0.00016,B,11.08112,229219092071244
1774149689168,2026-03-22 03:21:29.168,69256.0,0.01053,A,729.26568,475846024520629
1774149689168,2026-03-22 03:21:29.168,69256.0,0.0121,A,837.9975999999999,855272295750508
1774149694060,2026-03-22 03:21:34.060,69256.0,0.00142,A,98.34352,909277514654600
1774149696708,2026-03-22 03:21:36.708,69257.0,0.00636,B,440.47452000000004,1061721929709400
1774149697555,2026-03-22 03:21:37.555,69257.0,0.00087,B,60.25359,263733751139620
1774149698019,2026-03-22 03:21:38.019,69257.0,0.00016,B,11.08112,871553180853125
1774149698622,2026-03-22 03:21:38.622,69256.0,0.00017,A,11.773520000000001,621704495330195
1774149698622,2026-03-22 03:21:38.622,69256.0,0.05553,A,3845.7856800000004,40138050264426
1774149698698,2026-03-22 03:21:38.698,69256.0,0.54447,A,37707.81432,107981015392497
1774149698824,2026-03-22 03:21:38.824,69255.0,0.00016,A,11.080800000000002,743335866346607
1774149698824,2026-03-22 03:21:38.824,69255.0,0.00015,A,10.38825,263010382557209
1774149698824,2026-03-22 03:21:38.824,69255.0,0.00017,A,11.77335,202566062307021
1774149698824,2026-03-22 03:21:38.824,69254.0,0.00017,A,11.77318,794991959200740
1774149699356,2026-03-22 03:21:39.356,69253.0,0.00017,A,11.773010000000001,473366633400127
1774149699356,2026-03-22 03:21:39.356,69253.0,0.03342,A,2314.4352599999997,36749057158455
1774149699501,2026-03-22 03:21:39.501,69253.0,0.00721,B,499.31413000000003,379530439496610
1774149699792,2026-03-22 03:21:39.792,69252.0,0.00017,A,11.77284,340601162798295
1774149699792,2026-03-22 03:21:39.792,69251.0,0.00016,A,11.080160000000001,118813190181838
1774149699792,2026-03-22 03:21:39.792,69251.0,0.00017,A,11.772670000000002,451461369887142
1774149699792,2026-03-22 03:21:39.792,69250.0,0.00017,A,11.7725,979507824490674
1774149699792,2026-03-22 03:21:39.792,69250.0,0.003,A,207.75,672703792271756
1774149699792,2026-03-22 03:21:39.792,69249.0,0.00017,A,11.77233,248265199331003
1774149699882,2026-03-22 03:21:39.882,69248.0,0.00017,A,11.772160000000001,290537421008773
1774149699882,2026-03-22 03:21:39.882,69248.0,0.00022,A,15.23456,471757104470550
1774149699882,2026-03-22 03:21:39.882,69247.0,0.00016,A,11.07952,690967646265150
1774149699882,2026-03-22 03:21:39.882,69247.0,0.00017,A,11.77199,276168420975941
1774149699989,2026-03-22 03:21:39.989,69246.0,0.00017,A,11.771820000000002,253434054705920
1774149699989,2026-03-22 03:21:39.989,69246.0,0.003,A,207.738,1061008369916525
1774149699989,2026-03-22 03:21:39.989,69245.0,0.00017,A,11.771650000000001,592722977513119
1774149700129,2026-03-22 03:21:40.129,69244.0,0.00016,A,11.07904,878313948433996
1774149700129,2026-03-22 03:21:40.129,69244.0,0.00017,A,11.77148,368114605591417
1774149700386,2026-03-22 03:21:40.386,69243.0,0.00017,A,11.771310000000001,960960029759411
1774149700386,2026-03-22 03:21:40.386,69242.0,0.00017,A,11.77114,777325944281284
1774149700580,2026-03-22 03:21:40.580,69241.0,0.00017,A,11.77097,590142660220822
1774149700698,2026-03-22 03:21:40.698,69240.0,0.00016,A,11.0784,649290084975852
1774149700698,2026-03-22 03:21:40.698,69240.0,0.00017,A,11.770800000000001,321115572021246
1774149701320,2026-03-22 03:21:41.320,69240.0,0.001,B,69.24,502286541038139
1774149702216,2026-03-22 03:21:42.216,69239.0,0.00017,A,11.77063,556612797906783
1774149702216,2026-03-22 03:21:42.216,69239.0,0.00759,A,525.52401,444260672469953
1774149702615,2026-03-22 03:21:42.615,69238.0,0.00017,A,11.770460000000002,967006907382831
1774149702615,2026-03-22 03:21:42.615,69238.0,0.003,A,207.714,339039722539859
1774149702615,2026-03-22 03:21:42.615,69238.0,0.00015,A,10.3857,336036357315535
1774149702831,2026-03-22 03:21:42.831,69238.0,0.00038,B,26.31044,423378644120859
1774149703029,2026-03-22 03:21:43.029,69238.0,0.00048,B,33.23424,660292914745805
1774149703338,2026-03-22 03:21:43.338,69238.0,0.00016,B,11.078080000000002,453206657630332
1774149704026,2026-03-22 03:21:44.026,69238.0,0.00016,B,11.078080000000002,151710423455204
1774149706028,2026-03-22 03:21:46.028,69237.0,0.00017,A,11.770290000000001,629344234241177
1774149706028,2026-03-22 03:21:46.028,69237.0,0.0001,A,6.9237,304478568619819
1774149706374,2026-03-22 03:21:46.374,69237.0,0.00207,A,143.32058999999998,903751756513633
1774149706374,2026-03-22 03:21:46.374,69237.0,0.01188,A,822.53556,272908754693357
1774149707673,2026-03-22 03:21:47.673,69237.0,1e-05,B,0.69237,347880322118301
1774149709251,2026-03-22 03:21:49.251,69236.0,0.00017,A,11.77012,698940337232359
1774149709749,2026-03-22 03:21:49.749,69235.0,0.00017,A,11.769950000000001,592832808573525
1774149710061,2026-03-22 03:21:50.061,69235.0,0.00034,B,23.539900000000003,1076777744872075
1774149710674,2026-03-22 03:21:50.674,69235.0,0.00022,B,15.2317,874963772421247
1774149711074,2026-03-22 03:21:51.074,69234.0,0.00017,A,11.76978,735155967795272
1774149711074,2026-03-22 03:21:51.074,69233.0,0.0001,A,6.9233,157814623494288
1774149711476,2026-03-22 03:21:51.476,69233.0,0.00017,A,11.76961,234091119472275
1774149712496,2026-03-22 03:21:52.496,69232.0,0.00017,A,11.769440000000001,312184190212649
1774149712556,2026-03-22 03:21:52.556,69231.0,0.00017,A,11.76927,344365890494816
1774149712832,2026-03-22 03:21:52.832,69230.0,0.00017,A,11.769100000000002,662274479215423
1774149713044,2026-03-22 03:21:53.044,69229.0,0.00016,A,11.076640000000001,1019429718980048
1774149713044,2026-03-22 03:21:53.044,69229.0,0.00017,A,11.768930000000001,104703556381132
1774149713044,2026-03-22 03:21:53.044,69228.0,0.00017,A,11.76876,288464367213241
1774149713044,2026-03-22 03:21:53.044,69228.0,0.003,A,207.684,655328180325261
1774149713044,2026-03-22 03:21:53.044,69227.0,0.00017,A,11.768590000000001,478880987205206
1774149713044,2026-03-22 03:21:53.044,69227.0,0.003,A,207.681,525891101362265
1774149713044,2026-03-22 03:21:53.044,69226.0,0.00017,A,11.76842,709894711109752
1774149713044,2026-03-22 03:21:53.044,69226.0,0.02889,A,1999.93914,995867565277854
1774149713044,2026-03-22 03:21:53.044,69225.0,0.00016,A,11.076,554845166437548
1774149713044,2026-03-22 03:21:53.044,69225.0,0.00017,A,11.76825,468405377646798
1774149713044,2026-03-22 03:21:53.044,69224.0,0.00017,A,11.768080000000001,732564796954814
1774149715120,2026-03-22 03:21:55.120,69223.0,0.00017,A,11.76791,448392308324242
1774149715120,2026-03-22 03:21:55.120,69223.0,0.00065,A,44.994949999999996,41168224654045
1774149715188,2026-03-22 03:21:55.188,69224.0,0.00022,B,15.229280000000001,289390465458420
1774149716448,2026-03-22 03:21:56.448,69223.0,0.00636,A,440.25828,759819349127324
1774149717013,2026-03-22 03:21:57.013,69223.0,0.00017,A,11.76791,208985210204218
1774149717013,2026-03-22 03:21:57.013,69223.0,0.01661,A,1149.79403,495744135256687
1774149717609,2026-03-22 03:21:57.609,69224.0,0.00108,B,74.76192,773947108851557
1774149719019,2026-03-22 03:21:59.019,69224.0,0.00016,B,11.075840000000001,1085151900631207
1774149721356,2026-03-22 03:22:01.356,69224.0,0.00017,B,11.768080000000001,335473529424051
1774149721356,2026-03-22 03:22:01.356,69225.0,0.00015,B,10.38375,230428847368997
1774149721356,2026-03-22 03:22:01.356,69225.0,0.00017,B,11.76825,47228836262247
1774149721356,2026-03-22 03:22:01.356,69226.0,3e-05,B,2.07678,728126726970880
1774149722032,2026-03-22 03:22:02.032,69227.0,0.00017,B,11.768590000000001,862832443646242
1774149722032,2026-03-22 03:22:02.032,69228.0,0.00017,B,11.76876,382505094216313
1774149722032,2026-03-22 03:22:02.032,69229.0,0.00017,B,11.768930000000001,199270600381917
1774149722032,2026-03-22 03:22:02.032,69229.0,0.003,B,207.687,25983013996258
1774149723864,2026-03-22 03:22:03.864,69230.0,0.00017,B,11.769100000000002,234052570160830
1774149724059,2026-03-22 03:22:04.059,69230.0,0.00142,A,98.3066,1120170372791210
1774149724111,2026-03-22 03:22:04.111,69231.0,0.00017,B,11.76927,259260280881480
1774149724111,2026-03-22 03:22:04.111,69231.0,0.00015,B,10.384649999999999,459124335852450
1774149724111,2026-03-22 03:22:04.111,69232.0,0.00016,B,11.07712,133639492828072
1774149724111,2026-03-22 03:22:04.111,69232.0,0.00017,B,11.769440000000001,889932460393631
1774149724111,2026-03-22 03:22:04.111,69232.0,0.00015,B,10.384799999999998,144106687391141
1774149724111,2026-03-22 03:22:04.111,69233.0,0.00017,B,11.76961,239421599849411
1774149724111,2026-03-22 03:22:04.111,69234.0,0.003,B,207.702,363557114024217
1774149724111,2026-03-22 03:22:04.111,69234.0,0.00017,B,11.76978,892420006805340
1774149724111,2026-03-22 03:22:04.111,69235.0,0.00016,B,11.0776,2819239185233
1774149724111,2026-03-22 03:22:04.111,69235.0,0.00017,B,11.769950000000001,742642086327771
1774149724111,2026-03-22 03:22:04.111,69236.0,0.00017,B,11.77012,1098153983655482
1774149724111,2026-03-22 03:22:04.111,69236.0,0.03379,B,2339.48444,1082200515934798
1774149724573,2026-03-22 03:22:04.573,69236.0,0.00318,B,220.17048,172615968260294
1774149725177,2026-03-22 03:22:05.177,69236.0,0.04823,B,3339.25228,455948376941794
1774149725177,2026-03-22 03:22:05.177,69235.0,0.00091,A,63.00385,1016470639840815
1774149726515,2026-03-22 03:22:06.515,69236.0,0.00028,B,19.38608,570030096691109
1774149726919,2026-03-22 03:22:06.919,69236.0,0.00866,B,599.58376,482708378614291
1774149729773,2026-03-22 03:22:09.773,69235.0,0.0023,A,159.2405,567219468211885
1774149729773,2026-03-22 03:22:09.773,69236.0,0.003,B,207.708,415554838927827
1774149729773,2026-03-22 03:22:09.773,69236.0,0.00017,B,11.77012,1012261051923212
1774149729773,2026-03-22 03:22:09.773,69237.0,0.00017,B,11.770290000000001,412920776798266
1774149729773,2026-03-22 03:22:09.773,69237.0,0.00015,B,10.385549999999999,823883211194357
1774149729961,2026-03-22 03:22:09.961,69238.0,0.00017,B,11.770460000000002,705546507474442
1774149729961,2026-03-22 03:22:09.961,69239.0,0.00016,B,11.078240000000001,186198656173157
1774149729961,2026-03-22 03:22:09.961,69239.0,0.00017,B,11.77063,864863255134226
1774149729961,2026-03-22 03:22:09.961,69240.0,0.00017,B,11.770800000000001,981751139210969
1774149729961,2026-03-22 03:22:09.961,69241.0,0.00017,B,11.77097,953597720353959
1774149729961,2026-03-22 03:22:09.961,69242.0,0.00017,B,11.77114,192645204597206
1774149729961,2026-03-22 03:22:09.961,69242.0,0.08565,B,5930.5773,1079792100611623
1774149731181,2026-03-22 03:22:11.181,69242.0,0.00026,B,18.00292,94947340893840
1774149732397,2026-03-22 03:22:12.397,69242.0,0.00028,B,19.387759999999997,292130753023924
1774149733105,2026-03-22 03:22:13.105,69242.0,0.00039,B,27.00438,801805881268129
1774149734216,2026-03-22 03:22:14.216,69242.0,0.01115,B,772.0483,425995010732702
1774149736022,2026-03-22 03:22:16.022,69241.0,0.00028,A,19.38748,229947199048905
1774149736315,2026-03-22 03:22:16.315,69241.0,0.00866,A,599.6270599999999,969959740288022
1774149738062,2026-03-22 03:22:18.062,69242.0,0.05941,B,4113.66722,828019176578586
1774149740043,2026-03-22 03:22:20.043,69242.0,0.00034,B,23.54228,277721446083243
1774149740273,2026-03-22 03:22:20.273,69242.0,0.00231,B,159.94902,290802707585729
1774149740970,2026-03-22 03:22:20.970,69241.0,0.05021,A,3476.5906099999997,566131171457744
1774149741036,2026-03-22 03:22:21.036,69241.0,0.00028,A,19.38748,375053054367207
1774149744647,2026-03-22 03:22:24.647,69242.0,0.00017,B,11.77114,480301023380952
1774149744647,2026-03-22 03:22:24.647,69242.0,0.02582,B,1787.82844,602907000757234
1774149745077,2026-03-22 03:22:25.077,69241.0,0.00017,A,11.77097,813342634678228
1774149745077,2026-03-22 03:22:25.077,69241.0,0.00065,A,45.00665,867221900573860
1774149745690,2026-03-22 03:22:25.690,69242.0,0.01405,B,972.8501,1035279576802154
1774149747003,2026-03-22 03:22:27.003,69241.0,0.00017,A,11.77097,298141391924482
1774149747003,2026-03-22 03:22:27.003,69241.0,0.00677,A,468.76157,603743471854169
1774149747003,2026-03-22 03:22:27.003,69241.0,0.00017,A,11.77097,708795093858350
1774149747003,2026-03-22 03:22:27.003,69240.0,0.00015,A,10.386,267420905766325
1774149747003,2026-03-22 03:22:27.003,69240.0,0.00017,A,11.770800000000001,70010071505269
1774149747003,2026-03-22 03:22:27.003,69239.0,0.00017,A,11.77063,453354347504215
1774149747003,2026-03-22 03:22:27.003,69238.0,0.00017,A,11.770460000000002,822741178689507
1774149747003,2026-03-22 03:22:27.003,69237.0,0.00017,A,11.770290000000001,986140237525807
1774149747003,2026-03-22 03:22:27.003,69236.0,0.00016,A,11.077760000000001,499128808532201
1774149747003,2026-03-22 03:22:27.003,69236.0,0.003,A,207.708,445773721895614
1774149747003,2026-03-22 03:22:27.003,69236.0,0.00017,A,11.77012,819541785286384
1774149747003,2026-03-22 03:22:27.003,69235.0,0.00017,A,11.769950000000001,351806492464708
1774149747003,2026-03-22 03:22:27.003,69235.0,0.00534,A,369.7149,647126498372061
1774149747406,2026-03-22 03:22:27.406,69235.0,7e-05,A,4.84645,1086447065764124
1774149749631,2026-03-22 03:22:29.631,69235.0,0.00111,A,76.85085000000001,417674411670908
1774149749631,2026-03-22 03:22:29.631,69235.0,0.00264,A,182.7804,168973367920064
1774149750225,2026-03-22 03:22:30.225,69236.0,0.00017,B,11.77012,880859282175122
1774149750225,2026-03-22 03:22:30.225,69237.0,0.00015,B,10.385549999999999,171345001786262
1774149750225,2026-03-22 03:22:30.225,69237.0,0.00017,B,11.770290000000001,954644613547517
1774149750225,2026-03-22 03:22:30.225,69238.0,0.00017,B,11.770460000000002,307539138380903
1774149750225,2026-03-22 03:22:30.225,69239.0,0.00017,B,11.77063,638831479518901
1774149750225,2026-03-22 03:22:30.225,69240.0,0.00017,B,11.770800000000001,800745224770140
1774149750225,2026-03-22 03:22:30.225,69240.0,0.01155,B,799.722,211590223558559
1774149750225,2026-03-22 03:22:30.225,69241.0,0.003,B,207.723,438409382847830
1774149750225,2026-03-22 03:22:30.225,69241.0,0.07112,B,4924.41992,277988424613948
1774149751013,2026-03-22 03:22:31.013,69240.0,0.02037,A,1410.4188,906524031897929
1774149751543,2026-03-22 03:22:31.543,69241.0,0.00026,B,18.00266,367855474448068
1774149754048,2026-03-22 03:22:34.048,69240.0,0.00141,A,97.6284,369298157541360
1774149758091,2026-03-22 03:22:38.091,69241.0,0.00016,B,11.078560000000001,577384654832108
1774149758775,2026-03-22 03:22:38.775,69241.0,1e-05,B,0.6924100000000001,421091965867728
1774149758775,2026-03-22 03:22:38.775,69241.0,0.00079,B,54.70039,776598271256133
1774149759181,2026-03-22 03:22:39.181,69241.0,0.01453,B,1006.07173,860599152891854
1774149762385,2026-03-22 03:22:42.385,69241.0,7e-05,B,4.84687,31346823367249
1774149763411,2026-03-22 03:22:43.411,69241.0,0.05289,B,3662.15649,617826512260378
1774149763542,2026-03-22 03:22:43.542,69240.0,0.04052,A,2805.6048,973533376023146
1774149763542,2026-03-22 03:22:43.542,69240.0,0.12213,A,8456.2812,625214088060064
1774149766011,2026-03-22 03:22:46.011,69240.0,0.00028,A,19.3872,1078202548156403
1774149766561,2026-03-22 03:22:46.561,69241.0,0.00528,B,365.59248,330865789608765
1774149766610,2026-03-22 03:22:46.610,69241.0,0.03002,B,2078.6148200000002,877595130644800
1774149766610,2026-03-22 03:22:46.610,69241.0,0.03636,B,2517.60276,786797320234922
1774149766811,2026-03-22 03:22:46.811,69241.0,0.00032,B,22.157120000000003,571070137052416
1774149771039,2026-03-22 03:22:51.039,69240.0,0.00028,A,19.3872,1088775395725776
1774149771569,2026-03-22 03:22:51.569,69241.0,0.03466,B,2399.8930600000003,359407476919004
1774149774379,2026-03-22 03:22:54.379,69241.0,0.00019,B,13.155790000000001,497968090868473
1774149775062,2026-03-22 03:22:55.062,69240.0,0.00082,A,56.7768,764862969902949
1774149777076,2026-03-22 03:22:57.076,69240.0,0.00017,A,11.770800000000001,365409168436358
1774149777076,2026-03-22 03:22:57.076,69240.0,0.01662,A,1150.7688,436611365640546
1774149779013,2026-03-22 03:22:59.013,69241.0,0.00016,B,11.078560000000001,864061426127469
1774149782899,2026-03-22 03:23:02.899,69240.0,1e-05,A,0.6924,74553778394383
1774149784074,2026-03-22 03:23:04.074,69240.0,0.00142,A,98.3208,114394924686238
1774149784828,2026-03-22 03:23:04.828,69240.0,0.06827,A,4727.0148,593167494189558
1774149784828,2026-03-22 03:23:04.828,69240.0,0.00394,A,272.80559999999997,719237784514114
1774149788046,2026-03-22 03:23:08.046,69241.0,0.00016,B,11.078560000000001,1058780838357481
1774149788557,2026-03-22 03:23:08.557,69240.0,0.00055,A,38.082,664227299437153
1774149792905,2026-03-22 03:23:12.905,69241.0,0.02564,B,1775.33924,560242352326515
1774149794487,2026-03-22 03:23:14.487,69241.0,0.19277,B,13347.58757,788840473786949
1774149796092,2026-03-22 03:23:16.092,69240.0,0.00028,A,19.3872,529924173457700
1774149801007,2026-03-22 03:23:21.007,69240.0,0.00028,A,19.3872,915811848173596
1774149801915,2026-03-22 03:23:21.915,69241.0,0.02144,B,1484.52704,887075654698468
1774149803224,2026-03-22 03:23:23.224,69241.0,0.04196,B,2905.35236,607776985311543
1774149804740,2026-03-22 03:23:24.740,69240.0,0.01114,A,771.3336,399778697571091
1774149805050,2026-03-22 03:23:25.050,69240.0,0.00082,A,56.7768,1030084429683000
1774149806152,2026-03-22 03:23:26.152,69240.0,0.00017,A,11.770800000000001,2403744647186
1774149806262,2026-03-22 03:23:26.262,69241.0,0.00072,B,49.85352,446615662109433
1774149807175,2026-03-22 03:23:27.175,69240.0,0.00017,A,11.770800000000001,539071964295118
1774149807175,2026-03-22 03:23:27.175,69240.0,0.01644,A,1138.3056,429494927777555
1774149808388,2026-03-22 03:23:28.388,69240.0,0.0023,A,159.252,965758318126281
1774149808388,2026-03-22 03:23:28.388,69240.0,0.00017,A,11.770800000000001,323130526173887
1774149808388,2026-03-22 03:23:28.388,69239.0,0.00015,A,10.38585,859885172672551
1774149808388,2026-03-22 03:23:28.388,69239.0,0.05041,A,3490.3379900000004,830043213725768
1774149808388,2026-03-22 03:23:28.388,69238.0,0.00017,A,11.770460000000002,513250514009925
1774149808388,2026-03-22 03:23:28.388,69237.0,0.00017,A,11.770290000000001,514094592507673
1774149808796,2026-03-22 03:23:28.796,69236.0,0.00016,A,11.077760000000001,12074595582046
1774149808796,2026-03-22 03:23:28.796,69236.0,0.00017,A,11.77012,204918552163056
1774149808796,2026-03-22 03:23:28.796,69235.0,0.00017,A,11.769950000000001,1039766160916284
1774149808796,2026-03-22 03:23:28.796,69235.0,0.003,A,207.705,276878092956715
1774149808796,2026-03-22 03:23:28.796,69234.0,0.00017,A,11.76978,914477231782111
1774149808796,2026-03-22 03:23:28.796,69233.0,0.00016,A,11.077280000000002,800216606888204
1774149808796,2026-03-22 03:23:28.796,69233.0,0.00017,A,11.76961,914350946988042
1774149808796,2026-03-22 03:23:28.796,69232.0,0.00017,A,11.769440000000001,257432371520802
1774149808796,2026-03-22 03:23:28.796,69231.0,0.00017,A,11.76927,17250464669443
1774149808796,2026-03-22 03:23:28.796,69230.0,0.003,A,207.69,548450158771878
1774149808796,2026-03-22 03:23:28.796,69230.0,0.00017,A,11.769100000000002,678286188468170
1774149809092,2026-03-22 03:23:29.092,69230.0,0.00016,B,11.0768,216377219376877
1774149809363,2026-03-22 03:23:29.363,69229.0,0.00016,A,11.076640000000001,143336715097823
1774149809363,2026-03-22 03:23:29.363,69229.0,0.00017,A,11.768930000000001,208249154522830
1774149809363,2026-03-22 03:23:29.363,69228.0,0.00017,A,11.76876,971720892021652
1774149809363,2026-03-22 03:23:29.363,69227.0,0.00017,A,11.768590000000001,91151961637430
1774149809455,2026-03-22 03:23:29.455,69226.0,0.00017,A,11.76842,268801847161709
1774149809455,2026-03-22 03:23:29.455,69225.0,0.00016,A,11.076,39321536448435
1774149809455,2026-03-22 03:23:29.455,69225.0,0.00017,A,11.76825,907426395289786
1774149809455,2026-03-22 03:23:29.455,69224.0,0.00017,A,11.768080000000001,961550487189085
1774149809455,2026-03-22 03:23:29.455,69224.0,0.00022,A,15.229280000000001,579946695567847
1774149809455,2026-03-22 03:23:29.455,69223.0,0.00017,A,11.76791,799109867423979
1774149809455,2026-03-22 03:23:29.455,69223.0,0.00015,A,10.38345,164277224073944
1774149809455,2026-03-22 03:23:29.455,69222.0,0.00016,A,11.075520000000001,773712922164482
1774149809455,2026-03-22 03:23:29.455,69222.0,0.00017,A,11.767740000000002,770906965851090
1774149809455,2026-03-22 03:23:29.455,69222.0,0.10591,A,7331.30202,88165839755255
1774149809455,2026-03-22 03:23:29.455,69222.0,0.05141,A,3558.70302,550954582729433
1774149809455,2026-03-22 03:23:29.455,69222.0,0.05665,A,3921.4263,345991114331378
1774149809455,2026-03-22 03:23:29.455,69221.0,0.00017,A,11.767570000000001,764475388367624
1774149809455,2026-03-22 03:23:29.455,69221.0,0.00016,A,11.075360000000002,300289026440222
1774149809455,2026-03-22 03:23:29.455,69221.0,0.00029,A,20.07409,774645677337954
1774149809455,2026-03-22 03:23:29.455,69221.0,0.01949,A,1349.1172900000001,325904494581623
1774149809455,2026-03-22 03:23:29.455,69221.0,0.01438,A,995.3979800000001,1007289849115323
1774149809455,2026-03-22 03:23:29.455,69221.0,0.00022,A,15.228620000000001,718977439041316
1774149809549,2026-03-22 03:23:29.549,69221.0,0.00022,A,15.228620000000001,801257851380656
1774149809549,2026-03-22 03:23:29.549,69221.0,0.00022,A,15.228620000000001,792384812167187
1774149809549,2026-03-22 03:23:29.549,69221.0,0.00022,A,15.228620000000001,140139403189508
1774149809549,2026-03-22 03:23:29.549,69221.0,0.00687,A,475.54827,221389111419645
1774149809549,2026-03-22 03:23:29.549,69220.0,0.00017,A,11.7674,1000116223166884
1774149809549,2026-03-22 03:23:29.549,69220.0,0.10443,A,7228.6446,1108206824187600
1774149809549,2026-03-22 03:23:29.549,69220.0,0.05321,A,3683.1962,924808712575316
1774149809549,2026-03-22 03:23:29.549,69219.0,0.00072,A,49.837680000000006,572219691699087
1774149809549,2026-03-22 03:23:29.549,69219.0,0.00017,A,11.767230000000001,323381424048711
1774149809549,2026-03-22 03:23:29.549,69219.0,0.08443,A,5844.16017,46877883653811
1774149809549,2026-03-22 03:23:29.549,69219.0,0.25,A,17304.75,840362126388206
1774149809549,2026-03-22 03:23:29.549,69219.0,0.00022,A,15.22818,653938987923358
1774149809658,2026-03-22 03:23:29.658,69219.0,0.25,A,17304.75,651317436556987
1774149809658,2026-03-22 03:23:29.658,69219.0,0.25,A,17304.75,282873666916064
1774149809658,2026-03-22 03:23:29.658,69219.0,0.24905,A,17238.99195,86421926834105
1774149809658,2026-03-22 03:23:29.658,69219.0,0.00095,A,65.75805,310609153652006
1774149809658,2026-03-22 03:23:29.658,69219.0,0.00205,A,141.89895,170151829630648
1774149809658,2026-03-22 03:23:29.658,69218.0,0.00016,A,11.07488,57019731365288
1774149809658,2026-03-22 03:23:29.658,69218.0,0.00015,A,10.3827,873162139118383
1774149809658,2026-03-22 03:23:29.658,69218.0,0.00017,A,11.76706,1029372963242528
1774149809658,2026-03-22 03:23:29.658,69218.0,0.02318,A,1604.47324,804031226260247
1774149809658,2026-03-22 03:23:29.658,69218.0,0.02022,A,1399.5879599999998,947340066924730
1774149809658,2026-03-22 03:23:29.658,69217.0,0.01155,A,799.4563499999999,438165598407362
1774149809658,2026-03-22 03:23:29.658,69217.0,0.00017,A,11.76689,225263591050142
1774149809658,2026-03-22 03:23:29.658,69215.0,0.05291,A,3662.16565,424013114483658
1774149809658,2026-03-22 03:23:29.658,69215.0,0.10842,A,7504.290300000001,814613622505122
1774149812829,2026-03-22 03:23:32.829,69216.0,0.09264,B,6412.17024,659413633079493
1774149812829,2026-03-22 03:23:32.829,69216.0,0.0944,B,6533.9904,818849014276420
1774149812829,2026-03-22 03:23:32.829,69216.0,0.07926,B,5486.06016,339605427899620
1774149812829,2026-03-22 03:23:32.829,69216.0,0.28605,B,19799.236800000002,1085463854456613
1774149812829,2026-03-22 03:23:32.829,69216.0,0.57798,B,40005.46368,807778849778970
1774149812829,2026-03-22 03:23:32.829,69216.0,0.12672,B,8771.051519999999,223899842310899
1774149812829,2026-03-22 03:23:32.829,69216.0,0.35,B,24225.6,496968541033690
1774149812829,2026-03-22 03:23:32.829,69216.0,0.08046,B,5569.119360000001,661940813440659
1774149812829,2026-03-22 03:23:32.829,69216.0,0.00109,B,75.44544,482153959053608
1774149812829,2026-03-22 03:23:32.829,69216.0,0.05714,B,3955.0022400000003,1081266593814841
1774149812829,2026-03-22 03:23:32.829,69216.0,0.24891,B,17228.55456,995227227466442
1774149812829,2026-03-22 03:23:32.829,69216.0,0.21227,B,14692.480319999999,833894045559845
1774149812829,2026-03-22 03:23:32.829,69216.0,0.35,B,24225.6,655711690309010
1774149812829,2026-03-22 03:23:32.829,69216.0,0.08737,B,6047.40192,832283008584261
1774149812829,2026-03-22 03:23:32.829,69216.0,0.21,B,14535.359999999999,571460727178329
1774149812829,2026-03-22 03:23:32.829,69216.0,1.14571,B,79301.46336,700585514522514
1774149814013,2026-03-22 03:23:34.013,69215.0,0.00018,A,12.4587,785050884241922
1774149815086,2026-03-22 03:23:35.086,69215.0,0.00142,A,98.2853,601375083371459
1774149818029,2026-03-22 03:23:38.029,69216.0,0.00016,B,11.074560000000002,732429527569932
1774149821285,2026-03-22 03:23:41.285,69216.0,0.00017,B,11.766720000000001,276192429691718
1774149821687,2026-03-22 03:23:41.687,69216.0,0.00087,B,60.21792,1019179466296874
1774149821821,2026-03-22 03:23:41.821,69215.0,0.03899,A,2698.69285,482546356641363
1774149822481,2026-03-22 03:23:42.481,69216.0,0.00289,B,200.03424,326922835154187
1774149822481,2026-03-22 03:23:42.481,69216.0,0.0007,B,48.4512,258439258325844
1774149822481,2026-03-22 03:23:42.481,69216.0,0.00017,B,11.766720000000001,413391645651692
1774149822481,2026-03-22 03:23:42.481,69217.0,0.00017,B,11.76689,385335214879497
1774149822679,2026-03-22 03:23:42.679,69218.0,0.00017,B,11.76706,148817561847270
1774149822679,2026-03-22 03:23:42.679,69219.0,0.00015,B,10.38285,435818815438847
1774149822679,2026-03-22 03:23:42.679,69219.0,0.00017,B,11.767230000000001,995947626324868
1774149822679,2026-03-22 03:23:42.679,69220.0,0.00017,B,11.7674,489305974680917
1774149822679,2026-03-22 03:23:42.679,69221.0,0.003,B,207.663,814342540757718
1774149822679,2026-03-22 03:23:42.679,69221.0,0.00016,B,11.075360000000002,432358839518638
1774149822679,2026-03-22 03:23:42.679,69221.0,0.00037,B,25.61177,709444832835843
1774149822679,2026-03-22 03:23:42.679,69221.0,0.00017,B,11.767570000000001,446820821422437
1774149822679,2026-03-22 03:23:42.679,69222.0,0.00017,B,11.767740000000002,128259349723781
1774149822679,2026-03-22 03:23:42.679,69223.0,0.00017,B,11.76791,934622772261096
1774149822679,2026-03-22 03:23:42.679,69224.0,0.00016,B,11.075840000000001,775378835993299
1774149822679,2026-03-22 03:23:42.679,69224.0,0.00017,B,11.768080000000001,344997300786247
1774149822679,2026-03-22 03:23:42.679,69225.0,0.00017,B,11.76825,330992353261093
1774149822679,2026-03-22 03:23:42.679,69226.0,0.003,B,207.678,683316563342127
1774149822679,2026-03-22 03:23:42.679,69226.0,0.00017,B,11.76842,977642638969321
1774149822679,2026-03-22 03:23:42.679,69227.0,0.00017,B,11.768590000000001,849398734031500
1774149822679,2026-03-22 03:23:42.679,69228.0,0.00015,B,10.3842,346615990184916
1774149822679,2026-03-22 03:23:42.679,69228.0,0.00016,B,11.07648,862483053273828
1774149822679,2026-03-22 03:23:42.679,69228.0,0.00017,B,11.76876,431967823085853
1774149822679,2026-03-22 03:23:42.679,69229.0,0.00072,B,49.84488,218309515031973
1774149822679,2026-03-22 03:23:42.679,69229.0,0.00017,B,11.768930000000001,542214783574334
1774149822679,2026-03-22 03:23:42.679,69230.0,0.07677,B,5314.7871000000005,836954305083749
1774149822679,2026-03-22 03:23:42.679,69230.0,0.00437,B,302.5351,238055598290500
1774149822679,2026-03-22 03:23:42.679,69217.0,0.0023,A,159.1991,362151415259061
1774149822679,2026-03-22 03:23:42.679,69230.0,0.013,B,899.99,679240894364449
1774149823577,2026-03-22 03:23:43.577,69230.0,0.011,B,761.53,883569045260241
1774149823685,2026-03-22 03:23:43.685,69230.0,0.00256,B,177.2288,44277178184412
1774149823685,2026-03-22 03:23:43.685,69230.0,0.02916,B,2018.7468,85549099040129
1774149824032,2026-03-22 03:23:44.032,69230.0,0.00036,B,24.922800000000002,474682558268871
1774149824979,2026-03-22 03:23:44.979,69230.0,0.03453,B,2390.5119,724854475817983
1774149824979,2026-03-22 03:23:44.979,69230.0,0.07467,B,5169.4041,505502729020703
1774149825102,2026-03-22 03:23:45.102,69230.0,0.00018,B,12.461400000000001,403820308945662
1774149825391,2026-03-22 03:23:45.391,69230.0,0.00024,B,16.6152,590978514157020
1774149826068,2026-03-22 03:23:46.068,69229.0,0.00027,A,18.69183,829496581844733
1774149827560,2026-03-22 03:23:47.560,69229.0,0.0109,A,754.5961,335286637845493
1774149828003,2026-03-22 03:23:48.003,69229.0,0.00027,A,18.69183,201339216924569
1774149831016,2026-03-22 03:23:51.016,69229.0,0.00027,A,18.69183,387308856058912
1774149833043,2026-03-22 03:23:53.043,69229.0,0.0004,A,27.6916,931137690683574
1774149834736,2026-03-22 03:23:54.736,69230.0,0.01586,B,1097.9877999999999,826122440451971
1774149834844,2026-03-22 03:23:54.844,69230.0,0.00986,B,682.6078,834493208354125
1774149834844,2026-03-22 03:23:54.844,69230.0,0.003,B,207.69,587337513698826
1774149834844,2026-03-22 03:23:54.844,69230.0,0.005,B,346.15000000000003,230688718551799
1774149835045,2026-03-22 03:23:55.045,69229.0,0.00082,A,56.76778,409721860468268
1774149835045,2026-03-22 03:23:55.045,69230.0,0.00269,B,186.2287,323915459732019
1774149835045,2026-03-22 03:23:55.045,69230.0,0.00509,B,352.3807,619871484162495
1774149835850,2026-03-22 03:23:55.850,69230.0,0.0041,B,283.843,53146319355426
1774149835850,2026-03-22 03:23:55.850,69230.0,0.0479,B,3316.1169999999997,864335015052581
1774149835947,2026-03-22 03:23:55.947,69230.0,0.00638,B,441.6874,64222155926434
1774149835947,2026-03-22 03:23:55.947,69230.0,0.00303,B,209.76690000000002,439589325033077
1774149836254,2026-03-22 03:23:56.254,69230.0,0.03748,B,2594.7404,1092980432834833
1774149836254,2026-03-22 03:23:56.254,69230.0,0.01277,B,884.0671,1022073503380844
1774149836348,2026-03-22 03:23:56.348,69230.0,0.00377,B,260.9971,356093442865931
1774149836348,2026-03-22 03:23:56.348,69230.0,0.00624,B,431.9952,1012134065307096
1774149836348,2026-03-22 03:23:56.348,69230.0,0.00312,B,215.9976,611063333218156
1774149836348,2026-03-22 03:23:56.348,69230.0,0.00449,B,310.8427,447979600821227
1774149836455,2026-03-22 03:23:56.455,69230.0,0.01045,B,723.4535,96279777759879
1774149836455,2026-03-22 03:23:56.455,69230.0,0.01786,B,1236.4478000000001,792983279775934
1774149836455,2026-03-22 03:23:56.455,69230.0,0.0099,B,685.3770000000001,562601045664402
1774149837060,2026-03-22 03:23:57.060,69229.0,0.00017,A,11.768930000000001,291370117003174
1774149837060,2026-03-22 03:23:57.060,69229.0,0.01661,A,1149.8936899999999,771423109229080
1774149837060,2026-03-22 03:23:57.060,69230.0,0.00017,B,11.769100000000002,976679284682937
1774149838581,2026-03-22 03:23:58.581,69230.0,0.0427,B,2956.121,802242951637887
1774149838581,2026-03-22 03:23:58.581,69230.0,0.08557,B,5924.0111,11930793419317
1774149838581,2026-03-22 03:23:58.581,69230.0,0.00017,B,11.769100000000002,974669626937315
1774149838581,2026-03-22 03:23:58.581,69231.0,0.08552,B,5920.63512,437799861512016
1774149838581,2026-03-22 03:23:58.581,69231.0,0.06405,B,4434.24555,772387769165091
1774149838581,2026-03-22 03:23:58.581,69231.0,0.06409,B,4437.014789999999,483190376437747
1774149838581,2026-03-22 03:23:58.581,69231.0,0.12069,B,8355.48939,201187623744887
1774149838581,2026-03-22 03:23:58.581,69231.0,0.12069,B,8355.48939,528711238945469
1774149838581,2026-03-22 03:23:58.581,69231.0,0.12069,B,8355.48939,987525144864484
1774149838581,2026-03-22 03:23:58.581,69231.0,0.1077,B,7456.1787,767225599879946
1774149838581,2026-03-22 03:23:58.581,69231.0,0.00017,B,11.76927,448156351551412
1774149838581,2026-03-22 03:23:58.581,69231.0,0.00015,B,10.384649999999999,208355890655109
1774149838581,2026-03-22 03:23:58.581,69232.0,0.1077,B,7456.2864,356147218902016
1774149838581,2026-03-22 03:23:58.581,69232.0,0.06405,B,4434.3096,1032181976340457
1774149838581,2026-03-22 03:23:58.581,69232.0,0.08557,B,5924.182239999999,778462623988048
1774149838581,2026-03-22 03:23:58.581,69232.0,0.12069,B,8355.61008,1065121626266836
1774149838581,2026-03-22 03:23:58.581,69232.0,0.08557,B,5924.182239999999,996063686822602
1774149838581,2026-03-22 03:23:58.581,69232.0,0.10775,B,7459.748,424316292131933
1774149838581,2026-03-22 03:23:58.581,69232.0,0.06409,B,4437.07888,723954380445844
1774149838581,2026-03-22 03:23:58.581,69232.0,0.00016,B,11.07712,163699833172330
1774149838581,2026-03-22 03:23:58.581,69232.0,0.00022,B,15.23104,596002739201499
1774149838581,2026-03-22 03:23:58.581,69232.0,0.0002,B,13.846400000000001,732207088638471
1774149838581,2026-03-22 03:23:58.581,69232.0,0.00017,B,11.769440000000001,118573517947030
1774149838581,2026-03-22 03:23:58.581,69232.0,0.00015,B,10.384799999999998,797751457674572
1774149838581,2026-03-22 03:23:58.581,69233.0,0.06405,B,4434.3736499999995,842647632258419
1774149838581,2026-03-22 03:23:58.581,69233.0,0.12065,B,8352.961449999999,879041712530245
1774149838581,2026-03-22 03:23:58.581,69233.0,0.08552,B,5920.80616,1118921471880548
1774149838581,2026-03-22 03:23:58.581,69233.0,0.08557,B,5924.267809999999,222418734300519
1774149838581,2026-03-22 03:23:58.581,69233.0,0.08552,B,5920.80616,538458661942939
1774149838581,2026-03-22 03:23:58.581,69233.0,0.00017,B,11.76961,794778719384996
1774149838581,2026-03-22 03:23:58.581,69234.0,0.12065,B,8353.0821,1110914498412601
1774149838581,2026-03-22 03:23:58.581,69234.0,0.08557,B,5924.35338,1070978961948385
1774149838581,2026-03-22 03:23:58.581,69234.0,0.12069,B,8355.85146,373498377121874
1774149838581,2026-03-22 03:23:58.581,69234.0,0.10775,B,7459.9635,671667456887323
1774149838581,2026-03-22 03:23:58.581,69234.0,0.06409,B,4437.20706,290690470426439
1774149838581,2026-03-22 03:23:58.581,69234.0,0.08557,B,5924.35338,749615396696739
1774149838581,2026-03-22 03:23:58.581,69234.0,0.00017,B,11.76978,1095426044402433
1774149838581,2026-03-22 03:23:58.581,69235.0,0.08552,B,5920.9772,155893136397284
1774149838581,2026-03-22 03:23:58.581,69235.0,0.08552,B,5920.9772,31799549865297
1774149838581,2026-03-22 03:23:58.581,69235.0,0.12065,B,8353.20275,160777579659576
1774149838581,2026-03-22 03:23:58.581,69235.0,0.12065,B,8353.20275,525082398421714
1774149838581,2026-03-22 03:23:58.581,69235.0,0.08557,B,5924.43895,136645137206333
1774149838581,2026-03-22 03:23:58.581,69235.0,0.06405,B,4434.501749999999,227519718659975
1774149838581,2026-03-22 03:23:58.581,69235.0,0.06405,B,4434.501749999999,289876004268167
1774149838581,2026-03-22 03:23:58.581,69235.0,0.1077,B,7456.6095000000005,648823638468958
1774149838581,2026-03-22 03:23:58.581,69235.0,0.12069,B,8355.97215,52875691354352
1774149838581,2026-03-22 03:23:58.581,69235.0,0.00016,B,11.0776,825639634970810
1774149838581,2026-03-22 03:23:58.581,69235.0,0.00017,B,11.769950000000001,1050112368672322
1774149838581,2026-03-22 03:23:58.581,69235.0,0.003,B,207.705,81789621871560
1774149838581,2026-03-22 03:23:58.581,69236.0,0.08552,B,5921.06272,1061244051769570
1774149838581,2026-03-22 03:23:58.581,69236.0,0.10775,B,7460.179,761723695950348
1774149838581,2026-03-22 03:23:58.581,69236.0,0.00017,B,11.77012,607089849454888
1774149839078,2026-03-22 03:23:59.078,69237.0,0.00016,B,11.07792,575807913501465
1774149840480,2026-03-22 03:24:00.480,69236.0,0.006,A,415.416,138562789748792
1774149841395,2026-03-22 03:24:01.395,69237.0,0.00302,B,209.09574,939324680286117
1774149845013,2026-03-22 03:24:05.013,69236.0,0.00142,A,98.31512000000001,266864272947597
1774149845224,2026-03-22 03:24:05.224,69237.0,0.00016,B,11.07792,136999619718454
1774149845911,2026-03-22 03:24:05.911,69237.0,0.00288,B,199.40256000000002,274313480020136
1774149848026,2026-03-22 03:24:08.026,69237.0,0.00016,B,11.07792,567645063111639
1774149849926,2026-03-22 03:24:09.926,69237.0,0.0102,B,706.2174,571863076983142
1774149852054,2026-03-22 03:24:12.054,69236.0,0.18849,A,13050.29364,368975266732392
1774149852054,2026-03-22 03:24:12.054,69236.0,0.09796,A,6782.358560000001,77193465190129
1774149852054,2026-03-22 03:24:12.054,69236.0,0.26433,A,18301.15188,924489157153415
1774149852054,2026-03-22 03:24:12.054,69236.0,0.17371,A,12026.985560000001,817835543077188
1774149852054,2026-03-22 03:24:12.054,69236.0,0.09728,A,6735.27808,59990381597631
1774149852054,2026-03-22 03:24:12.054,69236.0,0.00144,A,99.69984000000001,436883642789344
1774149852054,2026-03-22 03:24:12.054,69236.0,0.62112,A,43003.86432,107742505829239
1774149852536,2026-03-22 03:24:12.536,69236.0,0.00382,A,264.48152,121974834622344
1774149853767,2026-03-22 03:24:13.767,69237.0,0.013,B,900.0809999999999,1035350440827479
1774149856092,2026-03-22 03:24:16.092,69236.0,0.00028,A,19.38608,121117945946353
1774149856178,2026-03-22 03:24:16.178,69237.0,0.00057,B,39.46509,845596668234872
1774149857963,2026-03-22 03:24:17.963,69237.0,0.00722,B,499.89114,926070016263660
1774149858090,2026-03-22 03:24:18.090,69236.0,0.00028,A,19.38608,146596835296865
1774149859398,2026-03-22 03:24:19.398,69236.0,0.03,A,2077.08,924595413398040
1774149861096,2026-03-22 03:24:21.096,69236.0,0.00028,A,19.38608,932154634684825
1774149863017,2026-03-22 03:24:23.017,69236.0,0.00056,A,38.77216,164621653883752
1774149865033,2026-03-22 03:24:25.033,69236.0,0.00082,A,56.77352,338300963308150
1774149867004,2026-03-22 03:24:27.004,69236.0,0.00017,A,11.77012,938580897739271
1774149867004,2026-03-22 03:24:27.004,69236.0,0.01661,A,1150.00996,724143854751929
1774149869055,2026-03-22 03:24:29.055,69237.0,0.00016,B,11.07792,638525365548980
1774149870645,2026-03-22 03:24:30.645,69236.0,7e-05,A,4.84652,559006957892824
1774149873804,2026-03-22 03:24:33.804,69236.0,0.00022,A,15.23192,262509971980148
1774149874621,2026-03-22 03:24:34.621,69237.0,0.00056,B,38.77272,19787096327682
1774149875100,2026-03-22 03:24:35.100,69236.0,0.00142,A,98.31512000000001,655196606799126
1774149877214,2026-03-22 03:24:37.214,69237.0,7e-05,B,4.84659,1002909778047540
1774149878035,2026-03-22 03:24:38.035,69237.0,0.00016,B,11.07792,237124344027940
1774149880000,2026-03-22 03:24:40.000,69237.0,0.00617,B,427.19229,1096964900563008
1774149886014,2026-03-22 03:24:46.014,69236.0,0.00017,A,11.77012,861655136574733
1774149886014,2026-03-22 03:24:46.014,69236.0,0.00011,A,7.61596,811475239789541
1774149888086,2026-03-22 03:24:48.086,69236.0,0.00025,A,17.309,205891660936914
1774149888086,2026-03-22 03:24:48.086,69236.0,3e-05,A,2.07708,1105741483061792
1774149889918,2026-03-22 03:24:49.918,69237.0,0.04103,B,2840.79411,385138988890328
1774149889918,2026-03-22 03:24:49.918,69237.0,0.01597,B,1105.7148900000002,400433731077855
1774149891123,2026-03-22 03:24:51.123,69236.0,0.00028,A,19.38608,836276600015460
1774149891123,2026-03-22 03:24:51.123,69237.0,0.00017,B,11.770290000000001,1113279016283418
1774149891123,2026-03-22 03:24:51.123,69237.0,1e-05,B,0.69237,1013548575317326
1774149891935,2026-03-22 03:24:51.935,69237.0,0.00018,B,12.462660000000001,846447569407598
1774149893095,2026-03-22 03:24:53.095,69236.0,0.00047,A,32.54092,1094842946569218
1774149895044,2026-03-22 03:24:55.044,69236.0,0.00082,A,56.77352,991285521178081
1774149897001,2026-03-22 03:24:57.001,69236.0,0.01661,A,1150.00996,18012053136625
1774149897001,2026-03-22 03:24:57.001,69237.0,9e-05,B,6.231330000000001,1112717511232033
1774149897001,2026-03-22 03:24:57.001,69237.0,0.00017,B,11.770290000000001,623595046530167
1774149897001,2026-03-22 03:24:57.001,69238.0,0.00017,B,11.770460000000002,170579260668767
1774149897001,2026-03-22 03:24:57.001,69239.0,0.00016,B,11.078240000000001,172333047872562
1774149897001,2026-03-22 03:24:57.001,69239.0,0.00017,B,11.77063,539787085819454
1774149897001,2026-03-22 03:24:57.001,69240.0,0.00017,B,11.770800000000001,776041457987080
1774149897001,2026-03-22 03:24:57.001,69240.0,0.003,B,207.72,871221355269268
1774149897001,2026-03-22 03:24:57.001,69241.0,0.24633,B,17056.13553,1043383444318790
1774149897088,2026-03-22 03:24:57.088,69241.0,0.25,B,17310.25,593595020128883
1774149897088,2026-03-22 03:24:57.088,69241.0,0.19443,B,13462.527629999999,998043714638886
1774149897210,2026-03-22 03:24:57.210,69241.0,0.02569,B,1778.80129,467861688397278
1774149897210,2026-03-22 03:24:57.210,69241.0,0.10773,B,7459.3329300000005,347543855514590
1774149897210,2026-03-22 03:24:57.210,69241.0,2.32786,B,161183.35426,325146675124657
1774149897210,2026-03-22 03:24:57.210,69241.0,0.00017,B,11.77097,1057008924624847
1774149897210,2026-03-22 03:24:57.210,69242.0,0.00017,B,11.77114,202139457291233
1774149897210,2026-03-22 03:24:57.210,69243.0,0.00016,B,11.078880000000002,991648206572393
1774149897210,2026-03-22 03:24:57.210,69243.0,0.00017,B,11.771310000000001,808801424909778
1774149897210,2026-03-22 03:24:57.210,69243.0,0.00015,B,10.38645,356065754132701
1774149897210,2026-03-22 03:24:57.210,69244.0,0.00017,B,11.77148,351378828677613
1774149897210,2026-03-22 03:24:57.210,69245.0,0.00017,B,11.771650000000001,323753395760019
1774149897210,2026-03-22 03:24:57.210,69246.0,0.00016,B,11.079360000000001,212554623047234
1774149897210,2026-03-22 03:24:57.210,69246.0,0.00017,B,11.771820000000002,902722157233259
1774149897210,2026-03-22 03:24:57.210,69247.0,0.00017,B,11.77199,264112822916462
1774149897210,2026-03-22 03:24:57.210,69247.0,0.003,B,207.741,198267360259788
1774149897210,2026-03-22 03:24:57.210,69248.0,0.00017,B,11.772160000000001,525359017196241
1774149897210,2026-03-22 03:24:57.210,69248.0,0.00015,B,10.387199999999998,674871954880282
1774149897210,2026-03-22 03:24:57.210,69249.0,0.00017,B,11.77233,662381303607544
1774149897210,2026-03-22 03:24:57.210,69249.0,0.001,B,69.249,199690645497323
1774149897210,2026-03-22 03:24:57.210,69250.0,0.00016,B,11.08,250791816906699
1774149897210,2026-03-22 03:24:57.210,69250.0,0.00017,B,11.7725,1048607173309760
1774149897210,2026-03-22 03:24:57.210,69251.0,0.00017,B,11.772670000000002,1121734398989967
1774149897210,2026-03-22 03:24:57.210,69252.0,0.00017,B,11.77284,117097149685717
1774149897210,2026-03-22 03:24:57.210,69253.0,0.00015,B,10.387949999999998,195935223890283
1774149897210,2026-03-22 03:24:57.210,69253.0,0.00017,B,11.773010000000001,499461470563659
1774149897210,2026-03-22 03:24:57.210,69253.0,0.00022,B,15.235660000000001,23598432755684
1774149897210,2026-03-22 03:24:57.210,69254.0,0.00016,B,11.08064,512007578477804
1774149897210,2026-03-22 03:24:57.210,69254.0,0.00016,B,11.08064,1060221155509538
1774149897210,2026-03-22 03:24:57.210,69254.0,0.00017,B,11.77318,1097715053857444
1774149897210,2026-03-22 03:24:57.210,69255.0,0.00017,B,11.77335,407585007981809
1774149897210,2026-03-22 03:24:57.210,69256.0,0.00017,B,11.773520000000001,1125512287500036
1774149897210,2026-03-22 03:24:57.210,69257.0,0.00016,B,11.08112,565313884348412
1774149897210,2026-03-22 03:24:57.210,69261.0,0.02263,B,1567.37643,325581385348273
1774149897210,2026-03-22 03:24:57.210,69261.0,0.00016,B,11.081760000000001,991180472234840
1774149897210,2026-03-22 03:24:57.210,69261.0,0.00016,B,11.081760000000001,925300468569341
1774149897210,2026-03-22 03:24:57.210,69262.0,0.03389,B,2347.28918,242640465179857
1774149897210,2026-03-22 03:24:57.210,69262.0,0.022,B,1523.764,159754978656335
1774149897210,2026-03-22 03:24:57.210,69262.0,0.022,B,1523.764,873416347248761
1774149897210,2026-03-22 03:24:57.210,69262.0,0.022,B,1523.764,915975473590882
1774149897271,2026-03-22 03:24:57.271,69262.0,0.022,B,1523.764,691226097789760
1774149897329,2026-03-22 03:24:57.329,69262.0,0.022,B,1523.764,476085907845876
1774149897329,2026-03-22 03:24:57.329,69262.0,0.022,B,1523.764,38141017993698
1774149897403,2026-03-22 03:24:57.403,69262.0,0.022,B,1523.764,823200424574156
1774149897403,2026-03-22 03:24:57.403,69262.0,0.029,B,2008.5980000000002,667136108711317
1774149897403,2026-03-22 03:24:57.403,69262.0,0.022,B,1523.764,580747214871478
1774149897403,2026-03-22 03:24:57.403,69262.0,0.022,B,1523.764,147557580065146
1774149897403,2026-03-22 03:24:57.403,69262.0,0.008,B,554.096,475159535690608
1774149897403,2026-03-22 03:24:57.403,69262.0,0.029,B,2008.5980000000002,78669414298217
1774149897541,2026-03-22 03:24:57.541,69262.0,0.029,B,2008.5980000000002,216123484432104
1774149897541,2026-03-22 03:24:57.541,69262.0,0.0069,B,477.9078,665752352914517
1774149897541,2026-03-22 03:24:57.541,69262.0,0.022,B,1523.764,760416115455177
1774149897541,2026-03-22 03:24:57.541,69262.0,0.022,B,1523.764,896684662459901
1774149898605,2026-03-22 03:24:58.605,69262.0,0.00017,B,11.77454,535820963498993
1774149899041,2026-03-22 03:24:59.041,69262.0,0.00016,B,11.08192,393207610909640
1774149901409,2026-03-22 03:25:01.409,69262.0,0.00023,B,15.93026,206410141539830
1774149903673,2026-03-22 03:25:03.673,69262.0,0.26666,B,18469.40492,983837234100359
1774149903673,2026-03-22 03:25:03.673,69262.0,0.1279,B,8858.6098,170191959243586
1774149903673,2026-03-22 03:25:03.673,69262.0,0.1,B,6926.200000000001,528717450954074
1774149903673,2026-03-22 03:25:03.673,69262.0,0.04368,B,3025.3641599999996,867956826638925
1774149903673,2026-03-22 03:25:03.673,69262.0,0.1,B,6926.200000000001,396589628490468
1774149903673,2026-03-22 03:25:03.673,69262.0,0.01694,B,1173.29828,323733860894604
1774149903673,2026-03-22 03:25:03.673,69262.0,0.96647,B,66939.64514000001,1054128993276234
1774149903673,2026-03-22 03:25:03.673,69262.0,0.00017,B,11.77454,1028181763836128
1774149903673,2026-03-22 03:25:03.673,69263.0,0.00017,B,11.77471,449363062869604
1774149903673,2026-03-22 03:25:03.673,69264.0,0.00017,B,11.774880000000001,777003893837834
1774149903673,2026-03-22 03:25:03.673,69265.0,0.00016,B,11.082400000000002,791653848232272
1774149903673,2026-03-22 03:25:03.673,69265.0,0.00017,B,11.77505,949680624431054
1774149903673,2026-03-22 03:25:03.673,69266.0,0.00595,B,412.13270000000006,1099660049747308
1774149903673,2026-03-22 03:25:03.673,69266.0,0.00017,B,11.775220000000001,72729058300186
1774149903673,2026-03-22 03:25:03.673,69267.0,0.00017,B,11.775390000000002,581502779145672
1774149903673,2026-03-22 03:25:03.673,69267.0,0.003,B,207.80100000000002,786069903967125
1774149903673,2026-03-22 03:25:03.673,69268.0,0.00016,B,11.082880000000001,539245340003661
1774149903673,2026-03-22 03:25:03.673,69268.0,0.00017,B,11.77556,471359504217
1774149903673,2026-03-22 03:25:03.673,69269.0,0.00017,B,11.775730000000001,890551686113134
1774149903673,2026-03-22 03:25:03.673,69269.0,0.001,B,69.269,630032435869335
1774149903673,2026-03-22 03:25:03.673,69270.0,0.00017,B,11.7759,446381037157822
1774149903673,2026-03-22 03:25:03.673,69271.0,0.00017,B,11.77607,71967702640331
1774149903673,2026-03-22 03:25:03.673,69272.0,0.00016,B,11.08352,292381716287917
1774149903673,2026-03-22 03:25:03.673,69272.0,0.00017,B,11.776240000000001,41279473989994
1774149903673,2026-03-22 03:25:03.673,69272.0,0.003,B,207.816,694765972430442
1774149903673,2026-03-22 03:25:03.673,69273.0,0.00017,B,11.77641,54747814287098
1774149903673,2026-03-22 03:25:03.673,69274.0,0.01188,B,822.97512,729288498661605
1774149903673,2026-03-22 03:25:03.673,69274.0,0.00033,B,22.86042,1054001162114454
1774149903673,2026-03-22 03:25:03.673,69274.0,0.00017,B,11.776580000000001,674652061505213
1774149903673,2026-03-22 03:25:03.673,69275.0,0.00017,B,11.776750000000002,352099804475124
1774149903673,2026-03-22 03:25:03.673,69276.0,0.00016,B,11.08416,855946407667924
1774149903673,2026-03-22 03:25:03.673,69276.0,0.00016,B,11.08416,122507681005651
1774149903673,2026-03-22 03:25:03.673,69276.0,0.00017,B,11.77692,628510842461448
1774149903673,2026-03-22 03:25:03.673,69277.0,0.00017,B,11.777090000000001,603282220483124
1774149903673,2026-03-22 03:25:03.673,69278.0,0.00017,B,11.77726,932570352294491
1774149903673,2026-03-22 03:25:03.673,69279.0,0.00016,B,11.08464,496434712187637
1774149903673,2026-03-22 03:25:03.673,69279.0,0.00017,B,11.77743,593826451633668
1774149903673,2026-03-22 03:25:03.673,69280.0,0.00017,B,11.777600000000001,763845901403989
1774149903673,2026-03-22 03:25:03.673,69281.0,0.00017,B,11.77777,632670819737728
1774149903673,2026-03-22 03:25:03.673,69283.0,0.00016,B,11.085280000000001,834536962884165
1774149903673,2026-03-22 03:25:03.673,69285.0,0.001,B,69.285,621308806839119
1774149903673,2026-03-22 03:25:03.673,69285.0,0.00016,B,11.085600000000001,650417285619353
1774149903673,2026-03-22 03:25:03.673,69287.0,0.00016,B,11.085920000000002,480125933791494
1774149903673,2026-03-22 03:25:03.673,69288.0,0.00015,B,10.393199999999998,111538371257350
1774149903673,2026-03-22 03:25:03.673,69290.0,0.00016,B,11.086400000000001,164601417564210
1774149903673,2026-03-22 03:25:03.673,69290.0,0.00016,B,11.086400000000001,1111650245666943
1774149903673,2026-03-22 03:25:03.673,69290.0,0.01154,B,799.6066,411606117730192
1774149903673,2026-03-22 03:25:03.673,69292.0,0.03682,B,2551.33144,90958454217867
1774149903673,2026-03-22 03:25:03.673,69294.0,0.00016,B,11.087040000000002,1001172562083721
1774149903673,2026-03-22 03:25:03.673,69294.0,0.00486,B,336.76883999999995,828526447668793
1774149903673,2026-03-22 03:25:03.673,69294.0,0.0673,B,4663.4862,770906382017252
1774149903673,2026-03-22 03:25:03.673,69294.0,0.02424,B,1679.68656,275875027481725
1774149903673,2026-03-22 03:25:03.673,69294.0,0.02084,B,1444.08696,410943752682008
1774149903673,2026-03-22 03:25:03.673,69294.0,0.2165,B,15002.151,1056304154457527
1774149903673,2026-03-22 03:25:03.673,69294.0,0.20501,B,14205.96294,314176619500178
1774149903747,2026-03-22 03:25:03.747,69294.0,0.08661,B,6001.55334,1013892035601762
1774149903747,2026-03-22 03:25:03.747,69294.0,0.022,B,1524.4679999999998,740410586842273
1774149903811,2026-03-22 03:25:03.811,69294.0,0.022,B,1524.4679999999998,450527609755324
1774149904298,2026-03-22 03:25:04.298,69293.0,0.1,A,6929.3,773849834663919
1774149904922,2026-03-22 03:25:04.922,69293.0,0.04273,A,2960.88989,92249694767865
1774149905026,2026-03-22 03:25:05.026,69293.0,0.00141,A,97.70313,109927455184963
1774149905214,2026-03-22 03:25:05.214,69293.0,0.03339,A,2313.69327,409535177590730
1774149905214,2026-03-22 03:25:05.214,69293.0,0.00942,A,652.74006,813297535080342
1774149905420,2026-03-22 03:25:05.420,69294.0,0.00026,B,18.01644,226982988593369
1774149905670,2026-03-22 03:25:05.670,69294.0,0.00017,B,11.77998,656522182383891
1774149905670,2026-03-22 03:25:05.670,69294.0,0.00046,B,31.87524,623354010636948
1774149906030,2026-03-22 03:25:06.030,69294.0,0.00032,B,22.174080000000004,1076577418651150
1774149906615,2026-03-22 03:25:06.615,69294.0,0.00288,B,199.56672,16586826856907
1774149908047,2026-03-22 03:25:08.047,69294.0,0.00016,B,11.087040000000002,62671581522167
1774149908314,2026-03-22 03:25:08.314,69293.0,0.00017,A,11.779810000000001,344744108183412
1774149908314,2026-03-22 03:25:08.314,69293.0,0.00094,A,65.13542,38443144536160
1774149908314,2026-03-22 03:25:08.314,69293.0,0.01138,A,788.5543399999999,455250238288490
1774149908921,2026-03-22 03:25:08.921,69291.0,0.00017,A,11.779470000000002,935407718023456
1774149908921,2026-03-22 03:25:08.921,69291.0,0.00759,A,525.9186900000001,687167454080120
1774149908921,2026-03-22 03:25:08.921,69290.0,0.00017,A,11.779300000000001,935025451967987
1774149909125,2026-03-22 03:25:09.125,69289.0,0.00017,A,11.77913,406871658348053
1774149909125,2026-03-22 03:25:09.125,69288.0,0.003,A,207.864,334340054795309
1774149909125,2026-03-22 03:25:09.125,69288.0,0.00017,A,11.778960000000001,377779911307724
1774149909125,2026-03-22 03:25:09.125,69288.0,0.00117,A,81.06696000000001,85185434013717
1774149910881,2026-03-22 03:25:10.881,69288.0,0.00015,B,10.393199999999998,27832458563613
1774149914124,2026-03-22 03:25:14.124,69287.0,0.00017,A,11.77879,397166541651662
1774149914124,2026-03-22 03:25:14.124,69287.0,5e-05,A,3.46435,1104019595459246
1774149916017,2026-03-22 03:25:16.017,69287.0,0.00027,A,18.70749,778956748618177
1774149916017,2026-03-22 03:25:16.017,69288.0,0.00039,B,27.02232,9500644309123
1774149918031,2026-03-22 03:25:18.031,69287.0,0.00027,A,18.70749,617961447373735
1774149921096,2026-03-22 03:25:21.096,69287.0,0.00028,A,19.40036,293825492126480
1774149922186,2026-03-22 03:25:22.186,69287.0,0.00017,A,11.77879,179536866165021
1774149922186,2026-03-22 03:25:22.186,69287.0,0.00759,A,525.88833,797824321022989
1774149922186,2026-03-22 03:25:22.186,69287.0,0.00034,A,23.55758,949853135427848
1774149923123,2026-03-22 03:25:23.123,69287.0,0.00043,A,29.793409999999998,738963282918241
1774149923545,2026-03-22 03:25:23.545,69288.0,0.00016,B,11.08608,1095860137912539
1774149924616,2026-03-22 03:25:24.616,69287.0,0.00022,A,15.24314,1061400287486295
1774149925017,2026-03-22 03:25:25.017,69287.0,0.00082,A,56.81534,578657118486155
1774149926369,2026-03-22 03:25:26.369,69287.0,0.00017,A,11.77879,689212058992416
1774149926369,2026-03-22 03:25:26.369,69287.0,0.05028,A,3483.75036,669749990847509
1774149926369,2026-03-22 03:25:26.369,69287.0,0.37945,A,26290.95215,779116670983037
1774149926437,2026-03-22 03:25:26.437,69287.0,1.05596,A,73164.30052,227772985234017
1774149926437,2026-03-22 03:25:26.437,69286.0,0.00015,A,10.3929,818786063998530
1774149926437,2026-03-22 03:25:26.437,69286.0,0.00017,A,11.77862,100723327980142
1774149926437,2026-03-22 03:25:26.437,69285.0,0.00017,A,11.778450000000001,919339665100268
1774149926437,2026-03-22 03:25:26.437,69285.0,0.00015,A,10.39275,1014085797762538
1774149926437,2026-03-22 03:25:26.437,69284.0,0.00017,A,11.77828,376983100938916
1774149926437,2026-03-22 03:25:26.437,69283.0,0.00017,A,11.778110000000002,717787619734579
1774149926713,2026-03-22 03:25:26.713,69282.0,0.00017,A,11.777940000000001,230070480205252
1774149926713,2026-03-22 03:25:26.713,69281.0,0.00016,A,11.08496,14246534431033
1774149926713,2026-03-22 03:25:26.713,69281.0,0.00017,A,11.77777,734938328677036
1774149926713,2026-03-22 03:25:26.713,69281.0,0.00181,A,125.39861,151387980059372
1774149927038,2026-03-22 03:25:27.038,69281.0,0.0002,A,13.856200000000001,240678798575512
1774149927038,2026-03-22 03:25:27.038,69281.0,0.00272,A,188.44432,994850065478473
1774149927038,2026-03-22 03:25:27.038,69281.0,0.00759,A,525.84279,854794190201603
1774149927038,2026-03-22 03:25:27.038,69280.0,0.00015,A,10.392,1092494812298989
1774149927038,2026-03-22 03:25:27.038,69280.0,0.00016,A,11.084800000000001,829447454901813
1774149927038,2026-03-22 03:25:27.038,69280.0,0.00017,A,11.777600000000001,298858894272488
1774149927038,2026-03-22 03:25:27.038,69279.0,0.00017,A,11.77743,232633219065438
1774149927038,2026-03-22 03:25:27.038,69279.0,0.003,A,207.83700000000002,1119936084195998
1774149927038,2026-03-22 03:25:27.038,69278.0,0.00017,A,11.77726,700340043961360
1774149927038,2026-03-22 03:25:27.038,69277.0,0.00016,A,11.084320000000002,1100728160536063
1774149927038,2026-03-22 03:25:27.038,69277.0,0.00017,A,11.777090000000001,526256435521971
1774149927038,2026-03-22 03:25:27.038,69277.0,0.00215,A,148.94555,172325782307914
1774149927377,2026-03-22 03:25:27.377,69277.0,0.00022,A,15.24094,972181393651051
1774149927377,2026-03-22 03:25:27.377,69277.0,0.00063,A,43.644510000000004,786433043716290
1774149927377,2026-03-22 03:25:27.377,69277.0,0.01177,A,815.3902899999999,769089268677026
1774149928181,2026-03-22 03:25:28.181,69278.0,0.00033,B,22.86174,366575566180137
1774149929048,2026-03-22 03:25:29.048,69278.0,0.00016,B,11.084480000000001,1052730404541115
1774149930002,2026-03-22 03:25:30.002,69278.0,0.06499,B,4502.37722,466027581495316
1774149930002,2026-03-22 03:25:30.002,69278.0,0.01278,B,885.37284,271377864527851
1774149931506,2026-03-22 03:25:31.506,69277.0,0.00017,A,11.777090000000001,453922629392433
1774149931506,2026-03-22 03:25:31.506,69276.0,0.00015,A,10.391399999999999,830347104707247
1774149931506,2026-03-22 03:25:31.506,69276.0,0.00017,A,11.77692,235465050960230
1774149933545,2026-03-22 03:25:33.545,69275.0,0.00017,A,11.776750000000002,340743609336407
1774149933545,2026-03-22 03:25:33.545,69275.0,1.44433,A,100055.96075,349762314523095
1774149933545,2026-03-22 03:25:33.545,69275.0,0.01138,A,788.3494999999999,854450088220040
1774149933545,2026-03-22 03:25:33.545,69274.0,0.00017,A,11.776580000000001,775364987969197
1774149933545,2026-03-22 03:25:33.545,69274.0,0.00015,A,10.3911,403169015299140
1774149933949,2026-03-22 03:25:33.949,69273.0,0.00016,A,11.083680000000001,590083139832519
1774149933949,2026-03-22 03:25:33.949,69273.0,6e-05,A,4.15638,939495672451729
1774149934041,2026-03-22 03:25:34.041,69273.0,0.00011,A,7.62003,221829860225271
1774149934041,2026-03-22 03:25:34.041,69272.0,0.00017,A,11.776240000000001,137451187477192
1774149934041,2026-03-22 03:25:34.041,69272.0,0.00114,A,78.97008,733408304445457
1774149938106,2026-03-22 03:25:38.106,69273.0,0.00016,B,11.083680000000001,75068036794589
1774149939395,2026-03-22 03:25:39.395,69272.0,0.00022,A,15.239840000000001,796104294748851
1774149941523,2026-03-22 03:25:41.523,69273.0,0.02121,B,1469.28033,1067999278089216
1774149943333,2026-03-22 03:25:43.333,69272.0,0.00952,A,659.4694400000001,1030313793183966
1774149943678,2026-03-22 03:25:43.678,69273.0,0.00591,B,409.40343,74757615188083
1774149946060,2026-03-22 03:25:46.060,69272.0,0.00028,A,19.39616,745123262653118
1774149946916,2026-03-22 03:25:46.916,69273.0,0.00087,B,60.26751,758059237815444
1774149948028,2026-03-22 03:25:48.028,69272.0,0.00028,A,19.39616,1074420320815057
1774149948318,2026-03-22 03:25:48.318,69272.0,0.02895,A,2005.4244,865828370857829
1774149948318,2026-03-22 03:25:48.318,69272.0,0.05174,A,3584.13328,493555125356229
1774149948318,2026-03-22 03:25:48.318,69272.0,0.00017,A,11.776240000000001,845796533281173
1774149948318,2026-03-22 03:25:48.318,69272.0,0.72259,A,50055.254479999996,709840440011166
1774149948318,2026-03-22 03:25:48.318,69272.0,0.01009,A,698.95448,153631537665527
1774149948318,2026-03-22 03:25:48.318,69272.0,0.15188,A,10521.031359999999,120596842045735
1774149948318,2026-03-22 03:25:48.318,69272.0,0.16346,A,11323.20112,186637888471569
1774149948318,2026-03-22 03:25:48.318,69272.0,0.15654,A,10843.838880000001,82483765368357
1774149948318,2026-03-22 03:25:48.318,69272.0,0.12809,A,8873.05048,307281372337798
1774149948318,2026-03-22 03:25:48.318,69272.0,0.1172,A,8118.6784,888225407426596
1774149948318,2026-03-22 03:25:48.318,69272.0,0.13092,A,9069.090240000001,73288357149393
1774149948318,2026-03-22 03:25:48.318,69272.0,0.00334,A,231.36848,669255147330817
1774149948318,2026-03-22 03:25:48.318,69272.0,0.10664,A,7387.16608,142440308612741
1774149948318,2026-03-22 03:25:48.318,69272.0,0.07486,A,5185.7019199999995,406224345001615
1774149948318,2026-03-22 03:25:48.318,69272.0,0.08295,A,5746.1124,60599980837308
1774149948318,2026-03-22 03:25:48.318,69272.0,0.07907,A,5477.33704,642964991200231
1774149948318,2026-03-22 03:25:48.318,69272.0,0.00764,A,529.23808,376811794242859
1774149948318,2026-03-22 03:25:48.318,69271.0,0.00017,A,11.77607,237725695459474
1774149948318,2026-03-22 03:25:48.318,69271.0,0.00022,A,15.23962,684126930215831
1774149948318,2026-03-22 03:25:48.318,69271.0,0.00141,A,97.67211,716138486114232
1774149948318,2026-03-22 03:25:48.318,69271.0,0.10645,A,7373.8979500000005,854376122011461
1774149948318,2026-03-22 03:25:48.318,69271.0,0.00015,A,10.390649999999999,1037276750031181
1774149948318,2026-03-22 03:25:48.318,69270.0,0.00017,A,11.7759,1056484944984961
1774149948318,2026-03-22 03:25:48.318,69269.0,0.00016,A,11.08304,695790241169030
1774149948318,2026-03-22 03:25:48.318,69269.0,0.00017,A,11.775730000000001,588373531318305
1774149948318,2026-03-22 03:25:48.318,69269.0,0.20195,A,13988.874549999999,856708894382609
1774149948318,2026-03-22 03:25:48.318,69269.0,0.10665,A,7387.53885,292019087095406
1774149948318,2026-03-22 03:25:48.318,69269.0,0.05102,A,3534.10438,1009068613013759
1774149948318,2026-03-22 03:25:48.318,69269.0,0.02887,A,1999.79603,483517157640166
1774149948318,2026-03-22 03:25:48.318,69269.0,1.08291,A,75012.09279000001,671844065399020
1774149948318,2026-03-22 03:25:48.318,69268.0,0.00017,A,11.77556,615590684881983
1774149948318,2026-03-22 03:25:48.318,69268.0,0.1,A,6926.8,299551880743544
1774149948318,2026-03-22 03:25:48.318,69268.0,0.00766,A,530.59288,676413056668920
1774149948318,2026-03-22 03:25:48.318,69268.0,0.13689,A,9482.096520000001,77178584871920
1774149948318,2026-03-22 03:25:48.318,69267.0,0.00017,A,11.775390000000002,908543978535653
1774149948318,2026-03-22 03:25:48.318,69267.0,0.003,A,207.80100000000002,766176937940474
1774149948318,2026-03-22 03:25:48.318,69267.0,0.10256,A,7104.02352,728117306341016
1774149948318,2026-03-22 03:25:48.318,69267.0,0.05283,A,3659.37561,527457592031841
1774149948318,2026-03-22 03:25:48.318,69267.0,0.05291,A,3664.9169699999998,809659486533516
1774149948318,2026-03-22 03:25:48.318,69266.0,0.00016,A,11.08256,418936825748931
1774149948318,2026-03-22 03:25:48.318,69266.0,0.00017,A,11.775220000000001,322398267661943
1774149948318,2026-03-22 03:25:48.318,69266.0,0.08164,A,5654.8762400000005,359889928263649
1774149948318,2026-03-22 03:25:48.318,69266.0,0.02133,A,1477.4437799999998,864951417146735
1774149948318,2026-03-22 03:25:48.318,69266.0,0.001,A,69.266,209022496352294
1774149948318,2026-03-22 03:25:48.318,69266.0,0.0061,A,422.5226,930883555285332
1774149948318,2026-03-22 03:25:48.318,69265.0,0.00017,A,11.77505,350841420857006
1774149948318,2026-03-22 03:25:48.318,69265.0,0.00015,A,10.38975,621026338118155
1774149948318,2026-03-22 03:25:48.318,69265.0,0.001,A,69.265,951626258575201
1774149948318,2026-03-22 03:25:48.318,69265.0,0.003,A,207.79500000000002,352783556504385
1774149948318,2026-03-22 03:25:48.318,69265.0,0.25246,A,17486.641900000002,538132678678128
1774149948318,2026-03-22 03:25:48.318,69265.0,0.02167,A,1500.97255,1102545429960276
1774149948318,2026-03-22 03:25:48.318,69264.0,0.01155,A,799.9992,435407082451583
1774149948318,2026-03-22 03:25:48.318,69264.0,0.00017,A,11.774880000000001,54464881023899
1774149948318,2026-03-22 03:25:48.318,69264.0,0.13406,A,9285.531840000001,26858815213162
1774149948318,2026-03-22 03:25:48.318,69264.0,0.05665,A,3923.8056,447789865119083
1774149948318,2026-03-22 03:25:48.318,69264.0,0.07217,A,4998.78288,506526257321905
1774149948318,2026-03-22 03:25:48.318,69264.0,0.6,A,41558.4,747948468069537
1774149948318,2026-03-22 03:25:48.318,69264.0,0.21659,A,15001.88976,800483585559941
1774149948318,2026-03-22 03:25:48.318,69264.0,1.44373,A,99998.51471999999,200723087612299
1774149948318,2026-03-22 03:25:48.318,69263.0,0.00016,A,11.082080000000001,589533541293811
1774149948318,2026-03-22 03:25:48.318,69263.0,0.00017,A,11.77471,1117677546387149
1774149948318,2026-03-22 03:25:48.318,69263.0,1.08301,A,75012.52163,627659523031765
1774149948318,2026-03-22 03:25:48.318,69263.0,0.72197,A,50005.80811,602541952674930
1774149948318,2026-03-22 03:25:48.318,69262.0,0.00016,A,11.08192,613571214833842
1774149948318,2026-03-22 03:25:48.318,69262.0,0.30293,A,20981.537659999998,312021839558155
1774149948318,2026-03-22 03:25:48.318,69262.0,0.00017,A,11.77454,825280978747933
1774149948318,2026-03-22 03:25:48.318,69262.0,4.32473,A,299539.44925999996,737780450383688
1774149948318,2026-03-22 03:25:48.318,69262.0,0.00941,A,651.75542,685715177709779
1774149948318,2026-03-22 03:25:48.318,69262.0,0.02887,A,1999.59394,237090355607987
1774149948318,2026-03-22 03:25:48.318,69262.0,0.05099,A,3531.66938,821510876884110
1774149948318,2026-03-22 03:25:48.318,69262.0,0.6,A,41557.2,412279390620986
1774149948318,2026-03-22 03:25:48.318,69262.0,0.35,A,24241.699999999997,751759295293906
1774149948318,2026-03-22 03:25:48.318,69262.0,1.29957,A,90010.81734,100061631102172
1774149948318,2026-03-22 03:25:48.318,69261.0,0.066,A,4571.226000000001,506262767854099
1774149948318,2026-03-22 03:25:48.318,69261.0,0.003,A,207.78300000000002,114134895631117
1774149948318,2026-03-22 03:25:48.318,69261.0,0.07294,A,5051.89734,71151282232195
1774149948318,2026-03-22 03:25:48.318,69261.0,0.02362,A,1635.94482,98815635935177
1774149948318,2026-03-22 03:25:48.318,69261.0,0.00017,A,11.774370000000001,860573048607284
1774149948318,2026-03-22 03:25:48.318,69261.0,0.005,A,346.305,916706997810905
1774149948318,2026-03-22 03:25:48.318,69261.0,0.40419,A,27994.60359,731626125717495
1774149948318,2026-03-22 03:25:48.318,69261.0,0.1,A,6926.1,675263703742772
1774149948318,2026-03-22 03:25:48.318,69261.0,0.1,A,6926.1,475364469197552
1774149948318,2026-03-22 03:25:48.318,69261.0,0.1,A,6926.1,656130730923292
1774149948318,2026-03-22 03:25:48.318,69261.0,0.1,A,6926.1,622701157615488
1774149948318,2026-03-22 03:25:48.318,69261.0,0.1,A,6926.1,192261073857088
1774149948318,2026-03-22 03:25:48.318,69261.0,0.07217,A,4998.56637,139344119872233
1774149948318,2026-03-22 03:25:48.318,69261.0,0.5054,A,35004.509399999995,507238283279669
1774149948318,2026-03-22 03:25:48.318,69260.0,0.05291,A,3664.5466,69802389915841
1774149948318,2026-03-22 03:25:48.318,69260.0,0.00017,A,11.7742,13681440093545
1774149948318,2026-03-22 03:25:48.318,69260.0,0.00015,A,10.389,872630846319619
1774149948318,2026-03-22 03:25:48.318,69260.0,0.43299,A,29988.8874,986833942646366
1774149948318,2026-03-22 03:25:48.318,69260.0,0.13303,A,9213.6578,1102101537941559
1774149948318,2026-03-22 03:25:48.318,69260.0,2.8556,A,197778.856,496041951387130
1774149948318,2026-03-22 03:25:48.318,69260.0,0.01737,A,1203.0462,693265672226586
1774149948318,2026-03-22 03:25:48.318,69259.0,0.19463,A,13479.87917,689167909091078
1774149948318,2026-03-22 03:25:48.318,69259.0,0.01155,A,799.9414499999999,303990833777997
1774149948318,2026-03-22 03:25:48.318,69259.0,0.11004,A,7621.26036,281432384636653
1774149948318,2026-03-22 03:25:48.318,69259.0,0.04154,A,2877.01886,50573194641133
1774149948318,2026-03-22 03:25:48.318,69259.0,0.00017,A,11.774030000000002,239945569762948
1774149948318,2026-03-22 03:25:48.318,69259.0,0.53998,A,37398.47482,842772901116136
1774149948318,2026-03-22 03:25:48.318,69259.0,0.20885,A,14464.74215,1121338425623942
1774149949484,2026-03-22 03:25:49.484,69265.0,0.00032,B,22.164800000000003,1112629209408226
1774149949945,2026-03-22 03:25:49.945,69264.0,0.14762,A,10224.75168,435265741586335
1774149949945,2026-03-22 03:25:49.945,69264.0,0.22143,A,15337.12752,589894012546369
1774149949945,2026-03-22 03:25:49.945,69264.0,0.11541,A,7993.75824,998100243407364
1774149949945,2026-03-22 03:25:49.945,69264.0,0.04157,A,2879.3044800000002,758779004668617
1774149949945,2026-03-22 03:25:49.945,69264.0,0.00822,A,569.35008,697479982749309
1774149950056,2026-03-22 03:25:50.056,69264.0,0.12,A,8311.68,207305135999975
1774149950056,2026-03-22 03:25:50.056,69263.0,0.12,A,8311.56,987284630101419
1774149950056,2026-03-22 03:25:50.056,69262.0,0.28312,A,19609.45744,1099288344333443
1774149950056,2026-03-22 03:25:50.056,69262.0,0.12,A,8311.44,894437766700715
1774149950056,2026-03-22 03:25:50.056,69261.0,0.47187,A,32682.18807,542313394279263
1774149950056,2026-03-22 03:25:50.056,69261.0,0.02362,A,1635.94482,371347928370172
1774149950056,2026-03-22 03:25:50.056,69261.0,0.12,A,8311.32,449094986450443
1774149950056,2026-03-22 03:25:50.056,69260.0,0.03508,A,2429.6408,346875072076401
1774149950056,2026-03-22 03:25:50.056,69260.0,0.47187,A,32681.716200000003,800221638525139
1774149950056,2026-03-22 03:25:50.056,69259.0,0.00017,A,11.774030000000002,288462767498512
1774149950056,2026-03-22 03:25:50.056,69259.0,0.001,A,69.259,30055809967509
1774149950056,2026-03-22 03:25:50.056,69259.0,0.56,A,38785.04,114559011344412
1774149950056,2026-03-22 03:25:50.056,69258.0,0.00016,A,11.081280000000001,1024697429497527
1774149950056,2026-03-22 03:25:50.056,69258.0,0.00017,A,11.77386,689439121341956
1774149950056,2026-03-22 03:25:50.056,69257.0,0.00017,A,11.77369,946140802738405
1774149950056,2026-03-22 03:25:50.056,69256.0,0.00017,A,11.773520000000001,603941991846937
1774149950056,2026-03-22 03:25:50.056,69256.0,0.02407,A,1666.9919200000002,1097974290465971
1774149950056,2026-03-22 03:25:50.056,69255.0,0.00016,A,11.080800000000002,550153893875807
1774149950056,2026-03-22 03:25:50.056,69255.0,0.00017,A,11.77335,362518398843036
1774149950056,2026-03-22 03:25:50.056,69255.0,0.003,A,207.76500000000001,371675376327372
1774149950056,2026-03-22 03:25:50.056,69255.0,1.33,A,92109.15000000001,738390232986442
1774149950642,2026-03-22 03:25:50.642,69255.0,0.00071,B,49.17105,210113640065073
1774149950966,2026-03-22 03:25:50.966,69254.0,0.00017,A,11.77318,355049515717426
1774149950966,2026-03-22 03:25:50.966,69253.0,0.00017,A,11.773010000000001,879309365432976
1774149950966,2026-03-22 03:25:50.966,69252.0,0.00017,A,11.77284,654720878840726
1774149950966,2026-03-22 03:25:50.966,69251.0,0.00016,A,11.080160000000001,260042445713206
1774149950966,2026-03-22 03:25:50.966,69251.0,0.00017,A,11.772670000000002,24939859496182
1774149951062,2026-03-22 03:25:51.062,69250.0,0.00027,A,18.6975,990417633717455
1774149951062,2026-03-22 03:25:51.062,69251.0,0.0006,B,41.550599999999996,1032123639122956
1774149951062,2026-03-22 03:25:51.062,69251.0,0.00153,B,105.95402999999999,1038031890601905
1774149951264,2026-03-22 03:25:51.264,69251.0,0.00048,B,33.24048,729735110413253
1774149951406,2026-03-22 03:25:51.406,69250.0,0.00273,A,189.05249999999998,195139643396539
1774149951406,2026-03-22 03:25:51.406,69250.0,0.00017,A,11.7725,181800577684078
1774149951406,2026-03-22 03:25:51.406,69250.0,0.03388,A,2346.19,880088649221502
1774149952281,2026-03-22 03:25:52.281,69251.0,0.00114,B,78.94614,44207274905630
1774149953074,2026-03-22 03:25:53.074,69250.0,0.00064,A,44.32,223750003417645
1774149953679,2026-03-22 03:25:53.679,69251.0,0.002,B,138.502,244927617463384
1774149955034,2026-03-22 03:25:55.034,69250.0,0.00082,A,56.785,6669285084738
1774149955034,2026-03-22 03:25:55.034,69251.0,0.00023,B,15.92773,122199261507978
1774149956927,2026-03-22 03:25:56.927,69252.0,0.00015,B,10.387799999999999,234143895700696
1774149956927,2026-03-22 03:25:56.927,69255.0,0.00017,B,11.77335,121045610958060
1774149957013,2026-03-22 03:25:57.013,69250.0,0.00017,A,11.7725,508559579296504
1774149957013,2026-03-22 03:25:57.013,69250.0,0.01661,A,1150.2425,141011615303608
1774149957340,2026-03-22 03:25:57.340,69256.0,0.03076,B,2130.31456,413458614038346
1774149957340,2026-03-22 03:25:57.340,69256.0,0.004,B,277.024,1065301445584130
1774149957822,2026-03-22 03:25:57.822,69257.0,0.00017,B,11.77369,873464564372755
1774149957822,2026-03-22 03:25:57.822,69257.0,0.00015,B,10.388549999999999,290953627836954
1774149958278,2026-03-22 03:25:58.278,69257.0,0.00017,B,11.77369,847499006558203
1774149958278,2026-03-22 03:25:58.278,69259.0,0.00017,B,11.774030000000002,882421455146248
1774149958278,2026-03-22 03:25:58.278,69260.0,0.003,B,207.78,604341843071769
1774149958278,2026-03-22 03:25:58.278,69260.0,0.00017,B,11.7742,47980976836662
1774149958278,2026-03-22 03:25:58.278,69261.0,0.00149,B,103.19889,1088606432292101
1774149958278,2026-03-22 03:25:58.278,69261.0,0.00151,B,104.58411000000001,419612980548227
1774149958278,2026-03-22 03:25:58.278,69261.0,0.00016,B,11.081760000000001,1106265002172672
1774149958278,2026-03-22 03:25:58.278,69261.0,0.00017,B,11.774370000000001,235459666929126
1774149958278,2026-03-22 03:25:58.278,69261.0,0.00316,B,218.86476,1045661964953164
1774149958278,2026-03-22 03:25:58.278,69262.0,0.00017,B,11.77454,24594994254762
1774149958278,2026-03-22 03:25:58.278,69262.0,0.0507,B,3511.5834,188806789938955
1774149959032,2026-03-22 03:25:59.032,69262.0,0.00016,B,11.08192,489276574428101
1774149959562,2026-03-22 03:25:59.562,69262.0,0.00028,B,19.393359999999998,100126096982622
1774149960378,2026-03-22 03:26:00.378,69262.0,0.00016,B,11.08192,47617995703826
1774149962712,2026-03-22 03:26:02.712,69261.0,0.0384,A,2659.6223999999997,419373713503173
1774149964057,2026-03-22 03:26:04.057,69261.0,0.00142,A,98.35062,986202463702143
1774149964520,2026-03-22 03:26:04.520,69262.0,0.00022,B,15.23764,846982765111907
1774149966150,2026-03-22 03:26:06.150,69262.0,0.00144,B,99.73728000000001,425372176202313
1774149968007,2026-03-22 03:26:08.007,69262.0,0.00016,B,11.08192,326121449793321
1774149968205,2026-03-22 03:26:08.205,69262.0,0.0002,B,13.852400000000001,667747685797552
1774149970572,2026-03-22 03:26:10.572,69261.0,0.01443,A,999.43623,809877783799779
1774149971663,2026-03-22 03:26:11.663,69261.0,0.00155,A,107.35455,867997245114964
1774149976051,2026-03-22 03:26:16.051,69261.0,0.00028,A,19.393079999999998,852426077227129
1774149978030,2026-03-22 03:26:18.030,69261.0,0.00028,A,19.393079999999998,211581333217872
1774149978497,2026-03-22 03:26:18.497,69262.0,0.00017,B,11.77454,571608114949999
1774149978497,2026-03-22 03:26:18.497,69262.0,0.003,B,207.786,597741509520807
1774149978703,2026-03-22 03:26:18.703,69263.0,0.00017,B,11.77471,734219947883849
1774149978703,2026-03-22 03:26:18.703,69263.0,0.00015,B,10.389449999999998,918900693510334
1774149978703,2026-03-22 03:26:18.703,69264.0,0.00017,B,11.774880000000001,1122478335089529
1774149978703,2026-03-22 03:26:18.703,69264.0,0.00015,B,10.3896,260514732612106
1774149978703,2026-03-22 03:26:18.703,69265.0,0.00016,B,11.082400000000002,1062812063789439
1774149978703,2026-03-22 03:26:18.703,69265.0,0.00017,B,11.77505,1011728115471612
1774149978703,2026-03-22 03:26:18.703,69265.0,0.00303,B,209.87295,191208214908369
1774149979819,2026-03-22 03:26:19.819,69265.0,0.00284,B,196.7126,996887566127498
1774149981009,2026-03-22 03:26:21.009,69264.0,0.00028,A,19.393919999999998,945398397158660
1774149981945,2026-03-22 03:26:21.945,69266.0,0.00017,B,11.775220000000001,984779840959202
1774149981945,2026-03-22 03:26:21.945,69266.0,0.00288,B,199.48608000000002,811736023313058
1774149981945,2026-03-22 03:26:21.945,69266.0,0.00015,B,10.389899999999999,679111134001184
1774149981945,2026-03-22 03:26:21.945,69266.0,0.00019,B,13.160540000000001,535693357573101
1774149982672,2026-03-22 03:26:22.672,69266.0,1e-05,B,0.69266,126104853958836
1774149983053,2026-03-22 03:26:23.053,69266.0,0.00039,A,27.01374,338703599336282
1774149983849,2026-03-22 03:26:23.849,69267.0,0.00022,B,15.23874,175150874414639
1774149983849,2026-03-22 03:26:23.849,69267.0,0.00018,B,12.468060000000001,807794474941
1774149985039,2026-03-22 03:26:25.039,69266.0,0.00082,A,56.79812,31807918215317
1774149986886,2026-03-22 03:26:26.886,69266.0,0.00016,B,11.08256,861984536969304
1774149987082,2026-03-22 03:26:27.082,69265.0,0.00017,A,11.77505,659392270302447
1774149987082,2026-03-22 03:26:27.082,69264.0,0.00017,A,11.774880000000001,891267417405056
1774149987082,2026-03-22 03:26:27.082,69264.0,0.01644,A,1138.70016,594846189263769
1774149989075,2026-03-22 03:26:29.075,69265.0,0.00016,B,11.082400000000002,250200276555217
1774149989674,2026-03-22 03:26:29.674,69264.0,0.00424,A,293.67936,448189467779962
1774149989927,2026-03-22 03:26:29.927,69264.0,0.12284,A,8508.38976,18820941937067
1774149990690,2026-03-22 03:26:30.690,69265.0,0.34984,B,24231.6676,398330545072351
1774149990690,2026-03-22 03:26:30.690,69265.0,0.22629,B,15673.97685,609112304148460
1774149990690,2026-03-22 03:26:30.690,69265.0,0.21,B,14545.65,119817851441178
1774149990690,2026-03-22 03:26:30.690,69265.0,0.24377,B,16884.729049999998,461795636054400
1774149990690,2026-03-22 03:26:30.690,69265.0,0.0765,B,5298.7725,474974276770381
1774149990690,2026-03-22 03:26:30.690,69265.0,0.15421,B,10681.355650000001,31304903141330
1774149990690,2026-03-22 03:26:30.690,69265.0,0.08,B,5541.2,420999392593159
1774149990690,2026-03-22 03:26:30.690,69265.0,0.03127,B,2165.91655,460262865388798
1774149990690,2026-03-22 03:26:30.690,69265.0,0.05275,B,3653.7287499999998,419630441500424
1774149990690,2026-03-22 03:26:30.690,69265.0,0.5,B,34632.5,1032267669028629
1774149990690,2026-03-22 03:26:30.690,69265.0,0.21,B,14545.65,626786309383008
1774149990690,2026-03-22 03:26:30.690,69265.0,0.01826,B,1264.7788999999998,548493696977354
1774149990690,2026-03-22 03:26:30.690,69265.0,0.07207,B,4991.92855,357693270873915
1774149990690,2026-03-22 03:26:30.690,69265.0,0.12016,B,8322.8824,829307249917448
1774149990690,2026-03-22 03:26:30.690,69265.0,0.35,B,24242.75,405001833218744
1774149990690,2026-03-22 03:26:30.690,69265.0,0.36033,B,24958.257449999997,645276953674713
1774149990690,2026-03-22 03:26:30.690,69265.0,0.19894,B,13779.5791,879624081184041
1774149990690,2026-03-22 03:26:30.690,69265.0,0.07209,B,4993.3138500000005,290961358218774
1774149990690,2026-03-22 03:26:30.690,69265.0,0.34368,B,23804.995199999998,472431930150112
1774149990690,2026-03-22 03:26:30.690,69265.0,0.0544,B,3768.0159999999996,641239382391120
1774149990690,2026-03-22 03:26:30.690,69265.0,0.21,B,14545.65,683170194674955
1774149990690,2026-03-22 03:26:30.690,69265.0,0.02423,B,1678.29095,575998467750447
1774149990690,2026-03-22 03:26:30.690,69265.0,0.10827,B,7499.321550000001,340036566109756
1774149990690,2026-03-22 03:26:30.690,69265.0,0.18442,B,12773.8513,565526092580834
1774149990690,2026-03-22 03:26:30.690,69265.0,0.12165,B,8426.08725,1027296398974398
1774149990690,2026-03-22 03:26:30.690,69265.0,0.16655,B,11536.08575,980056505776501
1774149990690,2026-03-22 03:26:30.690,69265.0,0.32528,B,22530.519200000002,119958592257765
1774149990690,2026-03-22 03:26:30.690,69265.0,0.24668,B,17086.2902,37030546239523
1774149990690,2026-03-22 03:26:30.690,69265.0,0.10827,B,7499.321550000001,264464560635059
1774149990690,2026-03-22 03:26:30.690,69265.0,0.57748,B,39999.1522,452951641627461
1774149990690,2026-03-22 03:26:30.690,69265.0,0.06292,B,4358.1538,434154137307364
1774149990690,2026-03-22 03:26:30.690,69265.0,0.321,B,22234.065000000002,710750161635947
1774149990690,2026-03-22 03:26:30.690,69265.0,0.00144,B,99.7416,37249729937542
1774149990690,2026-03-22 03:26:30.690,69265.0,0.321,B,22234.065000000002,486747966135546
1774149990690,2026-03-22 03:26:30.690,69265.0,0.19932,B,13805.8998,975289251413535
1774149990690,2026-03-22 03:26:30.690,69265.0,0.12,B,8311.8,1094786118609658
1774149990690,2026-03-22 03:26:30.690,69265.0,0.321,B,22234.065000000002,155348294205212
1774149990690,2026-03-22 03:26:30.690,69265.0,0.14817,B,10262.99505,880430818141830
1774149990690,2026-03-22 03:26:30.690,69265.0,0.76388,B,52910.1482,961872311706209
1774149990690,2026-03-22 03:26:30.690,69265.0,0.00144,B,99.7416,785237654375481
1774149990690,2026-03-22 03:26:30.690,69265.0,1.01059,B,69998.51635,863924574552282
1774149990690,2026-03-22 03:26:30.690,69265.0,0.12,B,8311.8,1080804189023340
1774149990690,2026-03-22 03:26:30.690,69265.0,0.10109,B,7001.99885,1096551724987845
1774149990690,2026-03-22 03:26:30.690,69265.0,1.96684,B,136233.1726,617616055605383
1774149990690,2026-03-22 03:26:30.690,69265.0,2.11809,B,146709.50385,66427682670149
1774149990690,2026-03-22 03:26:30.690,69265.0,1.29963,B,90018.87195,522543195095661
1774149990690,2026-03-22 03:26:30.690,69265.0,0.2166,B,15002.798999999999,95898295906610
1774149990690,2026-03-22 03:26:30.690,69265.0,0.50539,B,35005.83835,946728689047718
1774149990690,2026-03-22 03:26:30.690,69265.0,0.90252,B,62513.0478,971491230874633
1774149990690,2026-03-22 03:26:30.690,69265.0,0.72208,B,50014.8712,880443756790356
1774149990690,2026-03-22 03:26:30.690,69265.0,0.43114,B,29862.9121,40039338434480
1774149990690,2026-03-22 03:26:30.690,69265.0,0.06466,B,4478.6749,973738640308517
1774149990690,2026-03-22 03:26:30.690,69265.0,1.44414,B,100028.3571,899177423107488
1774149990690,2026-03-22 03:26:30.690,69265.0,0.06499,B,4501.53235,314466522055848
1774149990690,2026-03-22 03:26:30.690,69265.0,0.00288,B,199.4832,858628326504598
1774149990690,2026-03-22 03:26:30.690,69265.0,0.05053,B,3499.96045,455055460359697
1774149990690,2026-03-22 03:26:30.690,69265.0,0.066,B,4571.49,1066795655245262
1774149990690,2026-03-22 03:26:30.690,69265.0,0.14437,B,9999.78805,291614699310311
1774149990690,2026-03-22 03:26:30.690,69265.0,0.00355,B,245.89075000000003,500195091360219
1774149990690,2026-03-22 03:26:30.690,69265.0,0.001,B,69.265,693070630901104
1774149990690,2026-03-22 03:26:30.690,69265.0,1.44447,B,100051.21454999999,971303919696139
1774149990690,2026-03-22 03:26:30.690,69265.0,0.07344,B,5086.8216,596184942191253
1774149990690,2026-03-22 03:26:30.690,69265.0,0.15,B,10389.75,971803137482951
1774149990690,2026-03-22 03:26:30.690,69265.0,0.02887,B,1999.68055,640746026491074
1774149990690,2026-03-22 03:26:30.690,69265.0,0.38524,B,26683.6486,837270330475646
1774149990690,2026-03-22 03:26:30.690,69265.0,0.10896,B,7547.1144,818285602985058
1774149990690,2026-03-22 03:26:30.690,69265.0,0.0101,B,699.5765,594287707401505
1774149990690,2026-03-22 03:26:30.690,69265.0,0.01,B,692.65,754812569366534
1774149990690,2026-03-22 03:26:30.690,69265.0,0.01154,B,799.3181,179082196657737
1774149990690,2026-03-22 03:26:30.690,69265.0,0.04142,B,2868.9563,574612385159699
1774149990690,2026-03-22 03:26:30.690,69265.0,0.041,B,2839.8650000000002,523100466286293
1774149990690,2026-03-22 03:26:30.690,69265.0,0.00145,B,100.43424999999999,775324151082853
1774149990690,2026-03-22 03:26:30.690,69266.0,4.32473,B,299556.74818,1024398719169117
1774149990690,2026-03-22 03:26:30.690,69266.0,0.066,B,4571.5560000000005,1036211363980740
1774149990690,2026-03-22 03:26:30.690,69266.0,2.8556,B,197795.9896,644703698784131
1774149990690,2026-03-22 03:26:30.690,69266.0,0.01309,B,906.6919399999999,699736194151614
1774149990690,2026-03-22 03:26:30.690,69266.0,0.27467,B,19025.292220000003,99823316918384
1774149990690,2026-03-22 03:26:30.690,69266.0,0.0404,B,2798.3464,326941461548528
1774149990690,2026-03-22 03:26:30.690,69266.0,1.68242,B,116534.50372000001,90854334723477
1774149990690,2026-03-22 03:26:30.690,69266.0,0.00015,B,10.389899999999999,87532276149517
1774149990690,2026-03-22 03:26:30.690,69267.0,0.003,B,207.80100000000002,1025916385232658
1774149990690,2026-03-22 03:26:30.690,69267.0,0.00017,B,11.775390000000002,1066798776888538
1774149990690,2026-03-22 03:26:30.690,69267.0,0.066,B,4571.622,701910287863502
1774149990690,2026-03-22 03:26:30.690,69267.0,1.08296,B,75013.39031999999,203525436868099
1774149990690,2026-03-22 03:26:30.690,69267.0,0.05291,B,3664.9169699999998,13235569227680
1774149990690,2026-03-22 03:26:30.690,69267.0,0.58691,B,40653.49497,1029686938664319
1774149990690,2026-03-22 03:26:30.690,69267.0,0.202,B,13991.934000000001,333368486253959
1774149990690,2026-03-22 03:26:30.690,69267.0,0.56,B,38789.520000000004,777903776089655
1774149990690,2026-03-22 03:26:30.690,69268.0,0.00017,B,11.77556,625720288225191
1774149990690,2026-03-22 03:26:30.690,69268.0,0.00016,B,11.082880000000001,704328643242715
1774149990690,2026-03-22 03:26:30.690,69268.0,0.07144,B,4948.5059200000005,1055627679676257
1774149990690,2026-03-22 03:26:30.690,69268.0,0.02302,B,1594.54936,466401896405966
1774149990690,2026-03-22 03:26:30.690,69268.0,0.01646,B,1140.1512799999998,363125089566541
1774149990690,2026-03-22 03:26:30.690,69268.0,0.0245,B,1697.066,348366276693100
1774149990690,2026-03-22 03:26:30.690,69268.0,2.59907,B,180032.38076000003,414760058078623
1774149990690,2026-03-22 03:26:30.690,69268.0,0.07258,B,5027.47144,5722813460494
1774149990690,2026-03-22 03:26:30.690,69269.0,0.00017,B,11.775730000000001,1118755010565031
1774149990690,2026-03-22 03:26:30.690,69269.0,0.02887,B,1999.79603,749374106964607
1774149990690,2026-03-22 03:26:30.690,69269.0,1.44393,B,100019.58717,1087899274725092
1774149990690,2026-03-22 03:26:30.690,69269.0,0.00072,B,49.87368,1054258199068394
1774149990690,2026-03-22 03:26:30.690,69270.0,0.00017,B,11.7759,312518941510316
1774149990690,2026-03-22 03:26:30.690,69270.0,0.00056,B,38.791199999999996,736144964676857
1774149990690,2026-03-22 03:26:30.690,69270.0,0.05665,B,3924.1455,317984914579299
1774149990690,2026-03-22 03:26:30.690,69270.0,0.48237,B,33413.7699,573137733874260
1774149990690,2026-03-22 03:26:30.690,69270.0,2.26515,B,156906.94050000003,105572714612723
1774149990893,2026-03-22 03:26:30.893,69264.0,0.00017,A,11.774880000000001,738180857262706
1774149990893,2026-03-22 03:26:30.893,69264.0,0.23098,A,15998.59872,157959381201817
1774149990893,2026-03-22 03:26:30.893,69263.0,0.00017,A,11.77471,518703492539427
1774149990893,2026-03-22 03:26:30.893,69263.0,0.00015,A,10.389449999999998,899530974132023
1774149990893,2026-03-22 03:26:30.893,69262.0,0.00016,A,11.08192,495237383117152
1774149990893,2026-03-22 03:26:30.893,69262.0,0.00017,A,11.77454,180762905746762
1774149990893,2026-03-22 03:26:30.893,69262.0,0.00015,A,10.389299999999999,585385926489647
1774149990893,2026-03-22 03:26:30.893,69261.0,0.0023,A,159.3003,782753135648789
1774149990893,2026-03-22 03:26:30.893,69261.0,0.02537,A,1757.15157,232351120160111
1774149990893,2026-03-22 03:26:30.893,69261.0,0.00017,A,11.774370000000001,780506379287225
1774149991696,2026-03-22 03:26:31.696,69260.0,0.00016,A,11.081600000000002,84134639825881
1774149991820,2026-03-22 03:26:31.820,69261.0,0.01919,B,1329.1185899999998,245896806164281
1774149991901,2026-03-22 03:26:31.901,69263.0,0.00053,A,36.70939,961941834430357
1774149992715,2026-03-22 03:26:32.715,69265.0,0.00017,B,11.77505,748338563793471
1774149992715,2026-03-22 03:26:32.715,69266.0,0.00015,B,10.389899999999999,31658515647482
1774149992715,2026-03-22 03:26:32.715,69266.0,0.003,B,207.798,358843162678501
1774149992715,2026-03-22 03:26:32.715,69266.0,0.00017,B,11.775220000000001,1120996726071529
1774149992715,2026-03-22 03:26:32.715,69266.0,0.0002,B,13.853200000000001,137031271901196
1774149992715,2026-03-22 03:26:32.715,69266.0,0.00015,B,10.389899999999999,385923814269334
1774149992715,2026-03-22 03:26:32.715,69267.0,0.00017,B,11.775390000000002,731026137317243
1774149993113,2026-03-22 03:26:33.113,69268.0,0.01718,B,1190.02424,933699500469532
1774149993113,2026-03-22 03:26:33.113,69268.0,0.02098,B,1453.24264,780470015731111
1774149993198,2026-03-22 03:26:33.198,69268.0,0.25298,B,17523.41864,651420466562632
1774149994034,2026-03-22 03:26:34.034,69267.0,0.00142,A,98.35914,184025935836276
1774149994154,2026-03-22 03:26:34.154,69267.0,7e-05,A,4.8486899999999995,831884580686392
1774149994516,2026-03-22 03:26:34.516,69268.0,0.00209,B,144.77012,233611190383641
1774149994516,2026-03-22 03:26:34.516,69268.0,0.00589,B,407.98852,911643656743412
1774149994516,2026-03-22 03:26:34.516,69268.0,0.00738,B,511.19784000000004,716360280516482
1774149994516,2026-03-22 03:26:34.516,69268.0,0.00757,B,524.3587600000001,628617235548960
1774149994516,2026-03-22 03:26:34.516,69268.0,0.00795,B,550.6806,87879029348408
1774149994516,2026-03-22 03:26:34.516,69268.0,0.00608,B,421.14944,56435449941467
1774149994516,2026-03-22 03:26:34.516,69268.0,0.01397,B,967.67396,79311444804702
1774149994516,2026-03-22 03:26:34.516,69268.0,0.01271,B,880.39628,186738247431222
1774149994516,2026-03-22 03:26:34.516,69268.0,0.0042,B,290.9256,217963784098303
1774149994516,2026-03-22 03:26:34.516,69268.0,0.08512,B,5896.09216,854001919127607
1774149994516,2026-03-22 03:26:34.516,69268.0,0.00227,B,157.23836,249063054420507
1774149994516,2026-03-22 03:26:34.516,69268.0,0.00241,B,166.93588,472875178888870
1774149994516,2026-03-22 03:26:34.516,69268.0,0.01683,B,1165.78044,697834213577284
1774149994516,2026-03-22 03:26:34.516,69268.0,0.01224,B,847.8403199999999,783116783211769
1774149994516,2026-03-22 03:26:34.516,69268.0,0.06387,B,4424.1471599999995,1058137626982815
1774149994516,2026-03-22 03:26:34.516,69268.0,0.08677,B,6010.38436,561982058391379
1774149994638,2026-03-22 03:26:34.638,69268.0,0.0133,B,921.2643999999999,772639508445400
1774149994725,2026-03-22 03:26:34.725,69268.0,0.02295,B,1589.7006000000001,103245900183028
1774149994725,2026-03-22 03:26:34.725,69267.0,0.00415,A,287.45805,377610537225272
1774149995538,2026-03-22 03:26:35.538,69268.0,0.00155,B,107.3654,545049081362056
1774149995538,2026-03-22 03:26:35.538,69268.0,0.00728,B,504.27104,302594056954802
1774149995538,2026-03-22 03:26:35.538,69268.0,0.00779,B,539.59772,314313805442066
1774149995538,2026-03-22 03:26:35.538,69268.0,0.00382,B,264.60376,879653284848477
1774149995538,2026-03-22 03:26:35.538,69268.0,0.03004,B,2080.81072,451755869373821
1774149995642,2026-03-22 03:26:35.642,69268.0,0.00248,B,171.78464,613487677134917
1774149995642,2026-03-22 03:26:35.642,69268.0,0.0234,B,1620.8712,1101840007242862
1774149996044,2026-03-22 03:26:36.044,69268.0,0.00027,B,18.70236,761249519944633
1774149996160,2026-03-22 03:26:36.160,69267.0,0.00415,A,287.45805,578969122519926
1774149998056,2026-03-22 03:26:38.056,69269.0,0.00016,B,11.08304,1123453193107869
1774149998142,2026-03-22 03:26:38.142,69269.0,1e-05,B,0.69269,604993800819963
1774149998142,2026-03-22 03:26:38.142,69270.0,0.00151,B,104.5977,744032558136984
1774149998142,2026-03-22 03:26:38.142,69270.0,0.00017,B,11.7759,789177869658668
1774149998142,2026-03-22 03:26:38.142,69270.0,0.00015,B,10.3905,173034960519406
1774149998142,2026-03-22 03:26:38.142,69271.0,0.00017,B,11.77607,1035074092899253
1774149998142,2026-03-22 03:26:38.142,69272.0,0.00017,B,11.776240000000001,358892052017073
1774149998142,2026-03-22 03:26:38.142,69272.0,0.00183,B,126.76776,342358961108400
1774149998661,2026-03-22 03:26:38.661,69272.0,0.00117,B,81.04824,46443359588751
1774149998661,2026-03-22 03:26:38.661,69272.0,0.00017,B,11.776240000000001,690390612554703
1774149998947,2026-03-22 03:26:38.947,69274.0,0.00017,B,11.776580000000001,915903677431892
1774149998947,2026-03-22 03:26:38.947,69275.0,0.00017,B,11.776750000000002,1046635083112824
1774149998947,2026-03-22 03:26:38.947,69276.0,0.00016,B,11.08416,570998261823710
1774149998947,2026-03-22 03:26:38.947,69276.0,0.00017,B,11.77692,278810184223480
1774149998947,2026-03-22 03:26:38.947,69276.0,0.05267,B,3648.76692,1019408213812566
1774149999373,2026-03-22 03:26:39.373,69276.0,0.00036,B,24.93936,691916896384915
1774149999917,2026-03-22 03:26:39.917,69276.0,0.00015,B,10.391399999999999,648319310038006
1774150000133,2026-03-22 03:26:40.133,69276.0,0.00017,B,11.77692,269777098392310
1774150002563,2026-03-22 03:26:42.563,69276.0,0.00017,B,11.77692,141388271576547
1774150002563,2026-03-22 03:26:42.563,69277.0,0.00017,B,11.777090000000001,610481851327809
1774150002563,2026-03-22 03:26:42.563,69277.0,0.00015,B,10.391549999999999,833009235308786
1774150002563,2026-03-22 03:26:42.563,69278.0,0.00017,B,11.77726,491951876152530
1774150002563,2026-03-22 03:26:42.563,69278.0,0.003,B,207.834,638036351145714
1774150002563,2026-03-22 03:26:42.563,69279.0,0.00016,B,11.08464,742411387732184
1774150002563,2026-03-22 03:26:42.563,69279.0,0.00017,B,11.77743,191945141483288
1774150002563,2026-03-22 03:26:42.563,69280.0,0.00017,B,11.777600000000001,726266047051217
1774150002563,2026-03-22 03:26:42.563,69281.0,0.00017,B,11.77777,713079035149551
1774150002563,2026-03-22 03:26:42.563,69281.0,0.00022,B,15.24182,431673287675114
1774150002563,2026-03-22 03:26:42.563,69282.0,0.00017,B,11.777940000000001,393264219832250
1774150002619,2026-03-22 03:26:42.619,69283.0,0.00016,B,11.085280000000001,337783753784017
1774150002619,2026-03-22 03:26:42.619,69283.0,0.00017,B,11.778110000000002,810220097080065
1774150002619,2026-03-22 03:26:42.619,69284.0,0.00015,B,10.3926,1119470544133969
1774150002619,2026-03-22 03:26:42.619,69284.0,0.00017,B,11.77828,598304435871352
1774150002619,2026-03-22 03:26:42.619,69285.0,0.00017,B,11.778450000000001,541051741882180
1774150002619,2026-03-22 03:26:42.619,69286.0,0.00017,B,11.77862,525454921039147
1774150002619,2026-03-22 03:26:42.619,69286.0,0.003,B,207.858,1031516425807303
1774150002619,2026-03-22 03:26:42.619,69287.0,0.00016,B,11.085920000000002,597536711730172
1774150002619,2026-03-22 03:26:42.619,69287.0,0.00017,B,11.77879,1046172795066159
1774150002619,2026-03-22 03:26:42.619,69287.0,0.001,B,69.287,133238793796624
1774150002619,2026-03-22 03:26:42.619,69288.0,0.00017,B,11.778960000000001,744151022207354
1774150002619,2026-03-22 03:26:42.619,69289.0,0.00017,B,11.77913,546962898580385
1774150002619,2026-03-22 03:26:42.619,69290.0,0.00016,B,11.086400000000001,838952830447742
1774150002619,2026-03-22 03:26:42.619,69290.0,0.01154,B,799.6066,71843844308217
1774150002619,2026-03-22 03:26:42.619,69290.0,0.00015,B,10.3935,515247600739686
1774150002619,2026-03-22 03:26:42.619,69290.0,0.00017,B,11.779300000000001,385588041747309
1774150002619,2026-03-22 03:26:42.619,69291.0,0.00017,B,11.779470000000002,553435311757220
1774150002619,2026-03-22 03:26:42.619,69292.0,0.0003,B,20.787599999999998,879119890261550
1774150002619,2026-03-22 03:26:42.619,69292.0,0.00017,B,11.77964,5913975309728
1774150002619,2026-03-22 03:26:42.619,69293.0,0.00017,B,11.779810000000001,220372183637794
1774150002619,2026-03-22 03:26:42.619,69294.0,0.06811,B,4719.61434,636706588909461
1774150002688,2026-03-22 03:26:42.688,69294.0,0.00404,B,279.94776,123371310785399
1774150002688,2026-03-22 03:26:42.688,69294.0,0.00016,B,11.087040000000002,359183630074293
1774150002688,2026-03-22 03:26:42.688,69294.0,0.00017,B,11.77998,617762662152027
1774150002688,2026-03-22 03:26:42.688,69295.0,0.01154,B,799.6643,618328569583682
1774150002688,2026-03-22 03:26:42.688,69295.0,0.00017,B,11.78015,1122313954468637
1774150002688,2026-03-22 03:26:42.688,69295.0,0.03692,B,2558.3714,16827167484938
1774150003635,2026-03-22 03:26:43.635,69295.0,0.004,B,277.18,256747887409543
1774150004010,2026-03-22 03:26:44.010,69295.0,0.00026,B,18.0167,836851296223689
1774150004015,2026-03-22 03:26:44.015,69295.0,0.00016,B,11.087200000000001,198025803066962
1774150004182,2026-03-22 03:26:44.182,69295.0,0.00031,B,21.48145,601341678288493
1774150005036,2026-03-22 03:26:45.036,69295.0,7e-05,B,4.85065,271262710956837
1774150006068,2026-03-22 03:26:46.068,69294.0,0.00028,A,19.40232,218256162371763
1774150006068,2026-03-22 03:26:46.068,69295.0,0.00029,B,20.09555,49311217354557
1774150008053,2026-03-22 03:26:48.053,69294.0,0.00027,A,18.70938,1013754628747673
1774150008324,2026-03-22 03:26:48.324,69295.0,0.06264,B,4340.6388,459673283460641
1774150008669,2026-03-22 03:26:48.669,69294.0,0.23061,A,15979.889340000002,526727049765874
1774150008669,2026-03-22 03:26:48.669,69294.0,0.00017,A,11.77998,577308972001126
1774150008669,2026-03-22 03:26:48.669,69294.0,0.10823,A,7499.68962,1034260789330483
1774150008669,2026-03-22 03:26:48.669,69294.0,0.12562,A,8704.712280000002,635195750200066
1774150008669,2026-03-22 03:26:48.669,69294.0,0.05901,A,4089.03894,843512801993939
1774150008669,2026-03-22 03:26:48.669,69294.0,0.41829,A,28984.987259999998,874227839069730
1774150008669,2026-03-22 03:26:48.669,69294.0,0.14208,A,9845.29152,284571019894104
1774150008669,2026-03-22 03:26:48.669,69294.0,0.11815,A,8187.0861,599032474307871
1774150008669,2026-03-22 03:26:48.669,69294.0,0.10818,A,7496.22492,781252569043165
1774150008669,2026-03-22 03:26:48.669,69294.0,0.12627,A,8749.75338,470481472797128
1774150008669,2026-03-22 03:26:48.669,69294.0,0.13179,A,9132.25626,302062723592412
1774150008669,2026-03-22 03:26:48.669,69294.0,0.01,A,692.94,212666273419190
1774150008669,2026-03-22 03:26:48.669,69293.0,0.02886,A,1999.79598,495483316149536
1774150008669,2026-03-22 03:26:48.669,69293.0,0.00015,A,10.393949999999998,783458648024221
1774150008669,2026-03-22 03:26:48.669,69293.0,0.00017,A,11.779810000000001,27869816253616
1774150008669,2026-03-22 03:26:48.669,69292.0,0.00017,A,11.77964,77878732478307
1774150008669,2026-03-22 03:26:48.669,69291.0,0.00017,A,11.779470000000002,521833845869943
1774150008669,2026-03-22 03:26:48.669,69291.0,0.01009,A,699.14619,545357244396931
1774150008669,2026-03-22 03:26:48.669,69290.0,0.00015,A,10.3935,1023220449582902
1774150008669,2026-03-22 03:26:48.669,69290.0,0.001,A,69.29,47733790827425
1774150008669,2026-03-22 03:26:48.669,69290.0,0.19557,A,13551.0453,487873538167706
1774150008669,2026-03-22 03:26:48.669,69290.0,0.00017,A,11.779300000000001,245961783535063
1774150008669,2026-03-22 03:26:48.669,69289.0,0.08612,A,5967.16868,240770829316784
1774150008669,2026-03-22 03:26:48.669,69289.0,0.02092,A,1449.5258800000001,209965668897627
1774150008669,2026-03-22 03:26:48.669,69289.0,0.003,A,207.867,962947736019653
1774150008669,2026-03-22 03:26:48.669,69289.0,0.00017,A,11.77913,1088782582809568
1774150008669,2026-03-22 03:26:48.669,69289.0,0.04039,A,2798.58271,102168977943053
1774150008669,2026-03-22 03:26:48.669,69289.0,0.09899,A,6858.91811,954580759183340
1774150008669,2026-03-22 03:26:48.669,69289.0,0.0519,A,3596.0991,491220146761767
1774150008669,2026-03-22 03:26:48.669,69288.0,0.02382,A,1650.44016,459045677652238
1774150008669,2026-03-22 03:26:48.669,69288.0,1.08262,A,75012.57456,423604864304837
1774150008669,2026-03-22 03:26:48.669,69288.0,0.00145,A,100.46759999999999,42293445180846
1774150008669,2026-03-22 03:26:48.669,69288.0,0.00017,A,11.778960000000001,350323860682080
1774150008669,2026-03-22 03:26:48.669,69288.0,0.00016,A,11.08608,338889242035737
1774150008669,2026-03-22 03:26:48.669,69288.0,0.1,A,6928.8,413378818449709
1774150008669,2026-03-22 03:26:48.669,69287.0,0.05273,A,3653.50351,566690900799859
1774150008669,2026-03-22 03:26:48.669,69287.0,0.09752,A,6756.86824,902953129076778
1774150008669,2026-03-22 03:26:48.669,69287.0,0.00017,A,11.77879,695087336852327
1774150008669,2026-03-22 03:26:48.669,69287.0,0.72176,A,50008.585119999996,857635248715966
1774150008669,2026-03-22 03:26:48.669,69286.0,0.02886,A,1999.59396,1053047805725064
1774150008669,2026-03-22 03:26:48.669,69286.0,0.00017,A,11.77862,260973454653062
1774150008669,2026-03-22 03:26:48.669,69286.0,0.20199,A,13995.07914,141461351747116
1774150008669,2026-03-22 03:26:48.669,69285.0,0.00017,A,11.778450000000001,1029500912681417
1774150008669,2026-03-22 03:26:48.669,69285.0,1.29918,A,90013.6863,880023403248495
1774150008669,2026-03-22 03:26:48.669,69285.0,0.50523,A,35004.86055,926192530512146
1774150008669,2026-03-22 03:26:48.669,69284.0,0.05665,A,3924.9386,847106692976303
1774150008669,2026-03-22 03:26:48.669,69284.0,0.01154,A,799.53736,1081740839356453
1774150008669,2026-03-22 03:26:48.669,69284.0,0.003,A,207.852,366816645846794
1774150008669,2026-03-22 03:26:48.669,69284.0,0.00017,A,11.77828,537918209063508
1774150008669,2026-03-22 03:26:48.669,69284.0,0.00016,A,11.08544,274807455535842
1774150008669,2026-03-22 03:26:48.669,69284.0,0.21653,A,15002.06452,122663987887424
1774150008669,2026-03-22 03:26:48.669,69284.0,1.44328,A,99996.21152,623315311282621
1774150008669,2026-03-22 03:26:48.669,69283.0,1.0827,A,75012.7041,630582677741575
1774150008669,2026-03-22 03:26:48.669,69283.0,0.00017,A,11.778110000000002,549239835716119
1774150008669,2026-03-22 03:26:48.669,69283.0,0.25249,A,17493.26467,206687837992395
1774150008669,2026-03-22 03:26:48.669,69283.0,0.03274,A,2268.3254199999997,1015457491014205
1774150008669,2026-03-22 03:26:48.669,69283.0,0.50525,A,35005.23575,623278434861863
1774150008669,2026-03-22 03:26:48.669,69282.0,0.001,A,69.282,175016579486794
1774150008669,2026-03-22 03:26:48.669,69282.0,0.09645,A,6682.2489,153220038373049
1774150008669,2026-03-22 03:26:48.669,69282.0,0.066,A,4572.612,645031608300022
1774150008669,2026-03-22 03:26:48.669,69282.0,0.07215,A,4998.6963000000005,563079739984181
1774150008669,2026-03-22 03:26:48.669,69282.0,0.07306,A,5061.74292,425447611964452
1774150008669,2026-03-22 03:26:48.669,69282.0,0.27467,A,19029.686940000003,904113256850595
1774150008669,2026-03-22 03:26:48.669,69281.0,0.2,A,13856.2,898083981664070
1774150008669,2026-03-22 03:26:48.669,69281.0,0.436,A,30206.516,666989867087980
1774150008669,2026-03-22 03:26:48.669,69281.0,0.42153,A,29204.019930000002,986705959519567
1774150008669,2026-03-22 03:26:48.669,69281.0,0.14603,A,10117.10443,1066598791255248
1774150008669,2026-03-22 03:26:48.669,69281.0,0.05093,A,3528.48133,959672380782462
1774150008669,2026-03-22 03:26:48.669,69281.0,1.44365,A,100017.51565,52943004071564
1774150008669,2026-03-22 03:26:48.669,69281.0,2.8556,A,197838.8236,936115439950465
1774150008669,2026-03-22 03:26:48.669,69281.0,0.1,A,6928.1,644512565625881
1774150008669,2026-03-22 03:26:48.669,69281.0,0.1,A,6928.1,442724300566341
1774150008669,2026-03-22 03:26:48.669,69281.0,0.2,A,13856.2,355068096192519
1774150008669,2026-03-22 03:26:48.669,69281.0,0.1,A,6928.1,1124950449419187
1774150008669,2026-03-22 03:26:48.669,69280.0,0.00037,A,25.6336,288938778814368
1774150008669,2026-03-22 03:26:48.669,69280.0,0.43503,A,30138.878399999998,730574057603243
1774150008669,2026-03-22 03:26:48.669,69280.0,0.00016,A,11.084800000000001,490319598889123
1774150008669,2026-03-22 03:26:48.669,69280.0,0.00015,A,10.392,489281535010850
1774150008669,2026-03-22 03:26:48.669,69280.0,2.59861,A,180031.7008,948602706295170
1774150008669,2026-03-22 03:26:48.669,69280.0,0.01622,A,1123.7215999999999,271796241229456
1774150008669,2026-03-22 03:26:48.669,69279.0,0.00016,A,11.08464,476603618547035
1774150008669,2026-03-22 03:26:48.669,69279.0,0.01154,A,799.47966,50839608175736
1774150008669,2026-03-22 03:26:48.669,69279.0,0.58681,A,40653.609990000004,585313038477510
1774150008669,2026-03-22 03:26:48.669,69279.0,0.9023,A,62510.441699999996,942352771662161
1774150008669,2026-03-22 03:26:48.669,69278.0,0.07217,A,4999.7932599999995,366508971865258
1774150008669,2026-03-22 03:26:48.669,69278.0,0.35,A,24247.3,622214850600935
1774150008669,2026-03-22 03:26:48.669,69278.0,0.55234,A,38265.01052,335946277292909
1774150008669,2026-03-22 03:26:48.669,69295.0,0.011,B,762.245,1046196655455856
1774150009897,2026-03-22 03:26:49.897,69290.0,0.00031,B,21.4799,188315880626751
1774150010595,2026-03-22 03:26:50.595,69290.0,0.00025,B,17.3225,806651815628514
1774150010659,2026-03-22 03:26:50.659,69290.0,0.02639,B,1828.5631,303340442698441
1774150011050,2026-03-22 03:26:51.050,69289.0,0.00028,A,19.40092,941139669470197
1774150012348,2026-03-22 03:26:52.348,69289.0,0.00662,A,458.69318,597374933446340
1774150012678,2026-03-22 03:26:52.678,69290.0,0.00047,B,32.5663,649109061975553
1774150012968,2026-03-22 03:26:52.968,69289.0,0.00663,A,459.38606999999996,138890741180664
1774150013036,2026-03-22 03:26:53.036,69289.0,0.0006,A,41.5734,176598792023179
1774150015567,2026-03-22 03:26:55.567,69289.0,0.04278,A,2964.18342,1001057600305297
1774150016373,2026-03-22 03:26:56.373,69289.0,0.01143,A,791.97327,60932562786244
1774150017056,2026-03-22 03:26:57.056,69289.0,0.00017,A,11.77913,551095312524361
1774150017056,2026-03-22 03:26:57.056,69289.0,0.01662,A,1151.5831799999999,1101841076600555
1774150017056,2026-03-22 03:26:57.056,69289.0,0.00923,A,639.53747,918128416704558
1774150018473,2026-03-22 03:26:58.473,69290.0,0.01101,B,762.8829000000001,161280571718078
1774150018734,2026-03-22 03:26:58.734,69290.0,0.01822,B,1262.4638,944340405045762
1774150018734,2026-03-22 03:26:58.734,69290.0,0.02352,B,1629.7007999999998,241455441705795
1774150019069,2026-03-22 03:26:59.069,69290.0,0.00016,B,11.086400000000001,200800724305307
1774150020600,2026-03-22 03:27:00.600,69289.0,0.00289,A,200.24521000000001,413872396046209
1774150020600,2026-03-22 03:27:00.600,69289.0,0.00031,A,21.47959,572434044242013
1774150020600,2026-03-22 03:27:00.600,69289.0,0.02888,A,2001.06632,376356675588131
1774150021686,2026-03-22 03:27:01.686,69289.0,0.05735,A,3973.72415,989073026311662
1774150022009,2026-03-22 03:27:02.009,69290.0,0.00144,B,99.7776,470922768012032
1774150024021,2026-03-22 03:27:04.021,69289.0,0.00026,A,18.01514,1015038723238562
1774150025091,2026-03-22 03:27:05.091,69289.0,0.00142,A,98.39038000000001,665212492608730
1774150026838,2026-03-22 03:27:06.838,69289.0,0.00259,A,179.45851,853868022362854
1774150027181,2026-03-22 03:27:07.181,69290.0,0.05436,B,3766.6043999999997,502757593361056
1774150027181,2026-03-22 03:27:07.181,69290.0,0.05681,B,3936.3649,535561825226499
1774150027181,2026-03-22 03:27:07.181,69290.0,0.00577,B,399.8033,904398453757301
1774150027781,2026-03-22 03:27:07.781,69289.0,0.11871,A,8225.29719,146234202462613
1774150028047,2026-03-22 03:27:08.047,69290.0,0.00016,B,11.086400000000001,375100614036388
1774150030816,2026-03-22 03:27:10.816,69285.0,0.1396,B,9672.186,121659674807407
1774150030816,2026-03-22 03:27:10.816,69285.0,0.01045,B,724.02825,93331656959042
1774150031191,2026-03-22 03:27:11.191,69285.0,0.12758,B,8839.3803,750407496717092
1774150031191,2026-03-22 03:27:11.191,69285.0,0.20306,B,14069.0121,761385369973132
1774150031191,2026-03-22 03:27:11.191,69285.0,0.12027,B,8332.90695,320133178957817
1774150031191,2026-03-22 03:27:11.191,69285.0,0.04909,B,3401.20065,228621132520262
1774150031737,2026-03-22 03:27:11.737,69284.0,0.00017,A,11.77828,862937010568529
1774150031737,2026-03-22 03:27:11.737,69284.0,3e-05,A,2.07852,889894192960681
1774150033328,2026-03-22 03:27:13.328,69285.0,0.03049,B,2112.49965,254586241505387
1774150036023,2026-03-22 03:27:16.023,69284.0,0.00027,A,18.70668,1985295655279
1774150037773,2026-03-22 03:27:17.773,69285.0,0.02732,B,1892.8662,1085838621571527
1774150038053,2026-03-22 03:27:18.053,69284.0,0.00028,A,19.39952,989023915060344
1774150041075,2026-03-22 03:27:21.075,69284.0,0.00027,A,18.70668,841695816393602
1774150041606,2026-03-22 03:27:21.606,69284.0,0.00311,A,215.47324,964433663246419
1774150041723,2026-03-22 03:27:21.723,69284.0,0.00183,A,126.78972,573573428106935
1774150042195,2026-03-22 03:27:22.195,69284.0,0.00144,A,99.76896,483014034183637
1774150043072,2026-03-22 03:27:23.072,69284.0,0.00047,A,32.56348,1076272393771766
1774150043072,2026-03-22 03:27:23.072,69285.0,0.00076,B,52.656600000000005,49027658562675
1774150047027,2026-03-22 03:27:27.027,69284.0,0.00017,A,11.77828,320811669679109
1774150047027,2026-03-22 03:27:27.027,69284.0,0.01661,A,1150.80724,218156326875211
1774150049046,2026-03-22 03:27:29.046,69285.0,0.00016,B,11.085600000000001,258945635958361
1774150049716,2026-03-22 03:27:29.716,69284.0,0.00017,A,11.77828,549765268507922
1774150049716,2026-03-22 03:27:29.716,69283.0,0.00017,A,11.778110000000002,945271603387839
1774150049716,2026-03-22 03:27:29.716,69283.0,0.00015,A,10.392449999999998,630631761830841
1774150050323,2026-03-22 03:27:30.323,69281.0,0.00017,A,11.77777,279180799689162
1774150054080,2026-03-22 03:27:34.080,69280.0,0.00017,A,11.777600000000001,587718800535599
1774150054080,2026-03-22 03:27:34.080,69280.0,0.00124,A,85.9072,219024694066260
1774150055281,2026-03-22 03:27:35.281,69281.0,0.00022,B,15.24182,326186258287605
1774150057564,2026-03-22 03:27:37.564,69281.0,0.00288,B,199.52928,219205353195115
1774150057564,2026-03-22 03:27:37.564,69282.0,0.00015,B,10.392299999999999,990464771601671
1774150057811,2026-03-22 03:27:37.811,69283.0,0.00017,B,11.778110000000002,666823534089124
1774150057811,2026-03-22 03:27:37.811,69284.0,0.00015,B,10.3926,1048062775472413
1774150057811,2026-03-22 03:27:37.811,69284.0,0.00017,B,11.77828,559614733141748
1774150057811,2026-03-22 03:27:37.811,69285.0,0.00017,B,11.778450000000001,683045332801919
1774150057811,2026-03-22 03:27:37.811,69286.0,0.00017,B,11.77862,1031843552489036
1774150057811,2026-03-22 03:27:37.811,69287.0,0.00016,B,11.085920000000002,440364897474315
1774150057811,2026-03-22 03:27:37.811,69287.0,0.00017,B,11.77879,18374146304578
1774150057811,2026-03-22 03:27:37.811,69288.0,0.00017,B,11.778960000000001,1030799976482022
1774150057811,2026-03-22 03:27:37.811,69289.0,0.00017,B,11.77913,495830214643093
1774150057811,2026-03-22 03:27:37.811,69290.0,0.00017,B,11.779300000000001,1015195866034721
1774150057811,2026-03-22 03:27:37.811,69290.0,0.00016,B,11.086400000000001,530849483360463
1774150057811,2026-03-22 03:27:37.811,69290.0,0.003,B,207.87,385081390658070
1774150057811,2026-03-22 03:27:37.811,69291.0,0.00017,B,11.779470000000002,154457106667364
1774150057811,2026-03-22 03:27:37.811,69292.0,0.00017,B,11.77964,94779954020446
1774150057811,2026-03-22 03:27:37.811,69293.0,0.00017,B,11.779810000000001,248118866729846
1774150057811,2026-03-22 03:27:37.811,69294.0,0.00017,B,11.77998,197879240816941
1774150057811,2026-03-22 03:27:37.811,69294.0,0.00016,B,11.087040000000002,779909950494411
1774150057811,2026-03-22 03:27:37.811,69295.0,0.00017,B,11.78015,870659681898273
1774150057811,2026-03-22 03:27:37.811,69295.0,0.003,B,207.885,1050833557760408
1774150057811,2026-03-22 03:27:37.811,69295.0,0.00015,B,10.39425,265368807433733
1774150057811,2026-03-22 03:27:37.811,69296.0,0.00017,B,11.780320000000001,971414469590120
1774150057811,2026-03-22 03:27:37.811,69297.0,0.00017,B,11.78049,1058976315169551
1774150057811,2026-03-22 03:27:37.811,69298.0,0.00016,B,11.08768,803689274961413
1774150057811,2026-03-22 03:27:37.811,69298.0,0.00017,B,11.780660000000001,716318814146116
1774150057811,2026-03-22 03:27:37.811,69298.0,0.05665,B,3925.7317,118709539229838
1774150057811,2026-03-22 03:27:37.811,69299.0,0.00017,B,11.780830000000002,431546740592427
1774150057811,2026-03-22 03:27:37.811,69300.0,0.0258,B,1787.94,356605180306826
1774150058019,2026-03-22 03:27:38.019,69300.0,0.00016,B,11.088000000000001,622151410984476
1774150059229,2026-03-22 03:27:39.229,69300.0,0.00027,B,18.711,368385139206779
1774150059994,2026-03-22 03:27:39.994,69300.0,0.0246,B,1704.78,275688076182201
1774150059994,2026-03-22 03:27:39.994,69300.0,0.25745,B,17841.285,414814014977935
1774150060072,2026-03-22 03:27:40.072,69300.0,0.00023,B,15.939,1018740815366899
1774150062650,2026-03-22 03:27:42.650,69299.0,0.00144,A,99.79056,501892397793291
1774150064864,2026-03-22 03:27:44.864,69300.0,0.00465,B,322.24499999999995,271229860842315
1774150064864,2026-03-22 03:27:44.864,69300.0,0.02948,B,2042.964,911469929488722
1774150064864,2026-03-22 03:27:44.864,69300.0,0.01442,B,999.306,1105539094831056
1774150064864,2026-03-22 03:27:44.864,69300.0,0.01379,B,955.647,498300885041763
1774150064864,2026-03-22 03:27:44.864,69300.0,0.00607,B,420.651,913030712877410
1774150064864,2026-03-22 03:27:44.864,69300.0,0.16155,B,11195.414999999999,847877600516952
1774150064864,2026-03-22 03:27:44.864,69300.0,0.01334,B,924.462,256780726753759
1774150064864,2026-03-22 03:27:44.864,69300.0,0.02085,B,1444.905,1102659304555824
1774150064864,2026-03-22 03:27:44.864,69300.0,0.0131,B,907.83,206098495749185
1774150064864,2026-03-22 03:27:44.864,69300.0,0.01486,B,1029.798,785464843024484
1774150064864,2026-03-22 03:27:44.864,69300.0,0.0133,B,921.6899999999999,1020375185729094
1774150064864,2026-03-22 03:27:44.864,69300.0,0.01448,B,1003.4639999999999,534883864324690
1774150064864,2026-03-22 03:27:44.864,69300.0,0.00902,B,625.086,801490524692198
1774150064864,2026-03-22 03:27:44.864,69300.0,0.03836,B,2658.348,137478655159541
1774150064864,2026-03-22 03:27:44.864,69300.0,0.01223,B,847.539,157243241933543
1774150064864,2026-03-22 03:27:44.864,69300.0,0.04789,B,3318.777,39228360280567
1774150064864,2026-03-22 03:27:44.864,69300.0,0.02155,B,1493.415,78574943812888
1774150064864,2026-03-22 03:27:44.864,69300.0,0.08656,B,5998.608,20839863490870
1774150064864,2026-03-22 03:27:44.864,69300.0,0.01081,B,749.133,204127537952931
1774150064864,2026-03-22 03:27:44.864,69300.0,0.16155,B,11195.414999999999,995130507787803
1774150064864,2026-03-22 03:27:44.864,69300.0,0.01462,B,1013.1659999999999,866703847339900
1774150064864,2026-03-22 03:27:44.864,69300.0,0.01007,B,697.8510000000001,774639638215553
1774150064864,2026-03-22 03:27:44.864,69300.0,0.26945,B,18672.885000000002,508942260507354
1774150066004,2026-03-22 03:27:46.004,69299.0,0.00028,A,19.40372,638575287123458
1774150066473,2026-03-22 03:27:46.473,69300.0,0.00026,B,18.017999999999997,1122007203110280
1774150066876,2026-03-22 03:27:46.876,69300.0,0.00028,B,19.404,296005038516401
1774150067652,2026-03-22 03:27:47.652,69300.0,0.56511,B,39162.123,509409980268419
1774150067652,2026-03-22 03:27:47.652,69300.0,0.00017,B,11.781,705195719814591
1774150067652,2026-03-22 03:27:47.652,69301.0,0.00017,B,11.781170000000001,478870544384645
1774150067652,2026-03-22 03:27:47.652,69302.0,0.00017,B,11.78134,232665483677524
1774150067652,2026-03-22 03:27:47.652,69303.0,0.00017,B,11.78151,124063233497445
1774150067652,2026-03-22 03:27:47.652,69304.0,0.00021,B,14.553840000000001,525556906220721
1774150067652,2026-03-22 03:27:47.652,69304.0,0.00017,B,11.781680000000001,929628671619084
1774150067652,2026-03-22 03:27:47.652,69305.0,0.003,B,207.915,214148459990549
1774150067652,2026-03-22 03:27:47.652,69305.0,0.003,B,207.915,931228366027430
1774150067652,2026-03-22 03:27:47.652,69305.0,0.00017,B,11.78185,651178756174729
1774150067652,2026-03-22 03:27:47.652,69305.0,0.00016,B,11.0888,693453305578595
1774150067652,2026-03-22 03:27:47.652,69306.0,0.00204,B,141.38424,402292671932407
1774150067652,2026-03-22 03:27:47.652,69306.0,0.00019,B,13.168140000000001,318152933500273
1774150067652,2026-03-22 03:27:47.652,69306.0,0.00029,B,20.09874,569912606577729
1774150067652,2026-03-22 03:27:47.652,69306.0,0.00017,B,11.782020000000001,833635400356666
1774150067827,2026-03-22 03:27:47.827,69307.0,0.00017,B,11.782190000000002,339547542312941
1774150067827,2026-03-22 03:27:47.827,69308.0,0.01188,B,823.37904,1042135826454079
1774150067827,2026-03-22 03:27:47.827,69308.0,0.003,B,207.924,943748875979871
1774150067827,2026-03-22 03:27:47.827,69308.0,0.00021,B,14.554680000000001,292642393807976
1774150067827,2026-03-22 03:27:47.827,69308.0,0.00017,B,11.78236,718306024431614
1774150067827,2026-03-22 03:27:47.827,69309.0,0.00016,B,11.089440000000002,1005947153119189
1774150067827,2026-03-22 03:27:47.827,69309.0,0.00029,B,20.09961,700623539177368
1774150067827,2026-03-22 03:27:47.827,69309.0,0.00017,B,11.782530000000001,747046599071056
1774150067827,2026-03-22 03:27:47.827,69310.0,0.003,B,207.93,1577949279043
1774150067827,2026-03-22 03:27:47.827,69310.0,0.00017,B,11.7827,180880699187011
1774150067827,2026-03-22 03:27:47.827,69311.0,0.00016,B,11.08976,914261082387869
1774150067827,2026-03-22 03:27:47.827,69311.0,0.00017,B,11.78287,571569317258121
1774150067827,2026-03-22 03:27:47.827,69312.0,0.00017,B,11.783040000000002,713856330971489
1774150067827,2026-03-22 03:27:47.827,69313.0,0.00017,B,11.78321,452218660098432
1774150067827,2026-03-22 03:27:47.827,69314.0,0.00017,B,11.783380000000001,540289670805441
1774150067827,2026-03-22 03:27:47.827,69315.0,0.00017,B,11.78355,895763381072456
1774150067827,2026-03-22 03:27:47.827,69315.0,0.0002,B,13.863000000000001,417270905140093
1774150067827,2026-03-22 03:27:47.827,69315.0,0.00293,B,203.09295,233948585178176
1774150067827,2026-03-22 03:27:47.827,69315.0,0.00017,B,11.78355,401429217210940
1774150067827,2026-03-22 03:27:47.827,69316.0,0.00016,B,11.090560000000002,36934155332888
1774150067827,2026-03-22 03:27:47.827,69316.0,0.00017,B,11.78372,599696279993720
1774150067827,2026-03-22 03:27:47.827,69316.0,0.00022,B,15.24952,195747358668739
1774150067827,2026-03-22 03:27:47.827,69316.0,0.001,B,69.316,810424633037881
1774150067827,2026-03-22 03:27:47.827,69317.0,0.00017,B,11.783890000000001,875783730949329
1774150067827,2026-03-22 03:27:47.827,69317.0,0.00017,B,11.783890000000001,431077481022992
1774150067827,2026-03-22 03:27:47.827,69317.0,0.00017,B,11.783890000000001,293656332295577
1774150067827,2026-03-22 03:27:47.827,69318.0,0.00017,B,11.78406,798486310510300
1774150067827,2026-03-22 03:27:47.827,69318.0,0.00288,B,199.63584,636791125817830
1774150067827,2026-03-22 03:27:47.827,69318.0,0.00016,B,11.09088,203262519071980
1774150067827,2026-03-22 03:27:47.827,69318.0,0.00017,B,11.78406,573818912439653
1774150067827,2026-03-22 03:27:47.827,69318.0,0.0002,B,13.8636,783814474181632
1774150067827,2026-03-22 03:27:47.827,69319.0,0.00017,B,11.78423,173600066100791
1774150067827,2026-03-22 03:27:47.827,69319.0,0.00017,B,11.78423,888531236247621
1774150067827,2026-03-22 03:27:47.827,69320.0,0.00017,B,11.784400000000002,572194808152623
1774150067827,2026-03-22 03:27:47.827,69320.0,0.00016,B,11.0912,945137503960322
1774150067827,2026-03-22 03:27:47.827,69320.0,0.00016,B,11.0912,386665386486294
1774150067827,2026-03-22 03:27:47.827,69320.0,0.00721,B,499.79720000000003,779642101652371
1774150067827,2026-03-22 03:27:47.827,69321.0,0.00017,B,11.78457,457306737891341
1774150067827,2026-03-22 03:27:47.827,69322.0,0.00017,B,11.784740000000001,276565663185141
1774150067827,2026-03-22 03:27:47.827,69322.0,0.00291,B,201.72701999999998,267732493843567
1774150067827,2026-03-22 03:27:47.827,69322.0,0.001,B,69.322,104296023333592
1774150068043,2026-03-22 03:27:48.043,69322.0,0.00028,A,19.410159999999998,851450996688945
1774150068043,2026-03-22 03:27:48.043,69323.0,0.00016,B,11.09168,389758810597
1774150068043,2026-03-22 03:27:48.043,69323.0,0.00017,B,11.78491,197208251082475
1774150068043,2026-03-22 03:27:48.043,69324.0,0.00017,B,11.78508,615774985362672
1774150068043,2026-03-22 03:27:48.043,69324.0,0.00293,B,203.11932,234663896164562
1774150068043,2026-03-22 03:27:48.043,69325.0,0.00017,B,11.785250000000001,1104008527755634
1774150068043,2026-03-22 03:27:48.043,69325.0,0.00016,B,11.092,457165832408568
1774150068043,2026-03-22 03:27:48.043,69326.0,0.00017,B,11.78542,128927817839751
1774150068043,2026-03-22 03:27:48.043,69327.0,0.00017,B,11.785590000000001,663524529248989
1774150068043,2026-03-22 03:27:48.043,69327.0,0.00016,B,11.09232,1074251880868479
1774150068043,2026-03-22 03:27:48.043,69327.0,0.0004,B,27.730800000000002,304763010576541
1774150068043,2026-03-22 03:27:48.043,69328.0,0.00017,B,11.785760000000002,276352202583519
1774150068043,2026-03-22 03:27:48.043,69328.0,0.00294,B,203.82432,962382866132442
1774150068043,2026-03-22 03:27:48.043,69329.0,0.00017,B,11.78593,923841565482018
1774150068043,2026-03-22 03:27:48.043,69329.0,0.00016,B,11.092640000000001,839659800939971
1774150068043,2026-03-22 03:27:48.043,69330.0,0.00017,B,11.786100000000001,864035838360823
1774150068043,2026-03-22 03:27:48.043,69331.0,0.00017,B,11.78627,637263596119063
1774150068043,2026-03-22 03:27:48.043,69332.0,0.00016,B,11.09312,54343972990156
1774150068043,2026-03-22 03:27:48.043,69332.0,0.00017,B,11.78644,590767354559780
1774150068043,2026-03-22 03:27:48.043,69332.0,0.01326,B,919.34232,972280273818423
1774150068084,2026-03-22 03:27:48.084,69332.0,0.00374,B,259.30168,759237724063600
1774150068084,2026-03-22 03:27:48.084,69333.0,0.04153,B,2879.39949,971577112502283
1774150068084,2026-03-22 03:27:48.084,69333.0,0.00017,B,11.786610000000001,656815344075741
1774150068084,2026-03-22 03:27:48.084,69334.0,0.00017,B,11.78678,153956989812055
1774150068084,2026-03-22 03:27:48.084,69334.0,0.00016,B,11.093440000000001,490504949465132
1774150068084,2026-03-22 03:27:48.084,69334.0,0.04078,B,2827.4405199999997,628919715804744
1774150068084,2026-03-22 03:27:48.084,69334.0,0.016,B,1109.344,333581355826629
1774150068084,2026-03-22 03:27:48.084,69334.0,0.01543,B,1069.82362,448299033545902
1774150068084,2026-03-22 03:27:48.084,69335.0,0.00017,B,11.786950000000001,771477327002216
1774150068084,2026-03-22 03:27:48.084,69336.0,0.0064,B,443.7504,1050352535465131
1774150068316,2026-03-22 03:27:48.316,69337.0,0.022,B,1525.414,584068310360680
1774150068316,2026-03-22 03:27:48.316,69337.0,0.00684,B,474.26507999999995,794346138703597
1774150068316,2026-03-22 03:27:48.316,69338.0,0.00016,B,11.094080000000002,854652556115525
1774150068316,2026-03-22 03:27:48.316,69339.0,0.00016,B,11.094240000000001,259239538758735
1774150068316,2026-03-22 03:27:48.316,69343.0,0.01188,B,823.79484,529702249092178
1774150068316,2026-03-22 03:27:48.316,69344.0,0.00296,B,205.25824,345362877987176
1774150068316,2026-03-22 03:27:48.316,69344.0,0.00024,B,16.64256,806542040161416
1774150068316,2026-03-22 03:27:48.316,69345.0,0.00051,B,35.365950000000005,913641770882462
1774150068316,2026-03-22 03:27:48.316,69345.0,0.00242,B,167.8149,740667004896297
1774150068316,2026-03-22 03:27:48.316,69345.0,0.00016,B,11.0952,1080705815591387
1774150068316,2026-03-22 03:27:48.316,69345.0,0.01742,B,1207.9899,1117143250745632
1774150068499,2026-03-22 03:27:48.499,69345.0,0.00477,B,330.77565,516526301190067
1774150068499,2026-03-22 03:27:48.499,69346.0,0.00037,B,25.65802,1123544468075868
1774150068499,2026-03-22 03:27:48.499,69346.0,0.00046,B,31.899160000000002,594533216695032
1774150068499,2026-03-22 03:27:48.499,69348.0,0.00016,B,11.095680000000002,451258321097905
1774150068499,2026-03-22 03:27:48.499,69350.0,0.00059,B,40.9165,639876873310660
1774150068499,2026-03-22 03:27:48.499,69351.0,0.00165,B,114.42914999999999,385643031250460
1774150068684,2026-03-22 03:27:48.684,69352.0,0.00901,B,624.86152,901876092567783
1774150068684,2026-03-22 03:27:48.684,69353.0,0.00016,B,11.096480000000001,655437615554589
1774150068684,2026-03-22 03:27:48.684,69353.0,0.01283,B,889.79899,444225219336726
1774150068684,2026-03-22 03:27:48.684,69353.0,0.022,B,1525.7659999999998,417228391251561
1774150068684,2026-03-22 03:27:48.684,69353.0,0.022,B,1525.7659999999998,924469951073375
1774150068684,2026-03-22 03:27:48.684,69353.0,0.022,B,1525.7659999999998,1124614312606750
1774150068684,2026-03-22 03:27:48.684,69353.0,0.022,B,1525.7659999999998,332137821223304
1774150068684,2026-03-22 03:27:48.684,69353.0,0.008,B,554.824,933053348182573
1774150068684,2026-03-22 03:27:48.684,69353.0,0.06791,B,4709.76223,621603314758380
1774150068684,2026-03-22 03:27:48.684,69356.0,0.00016,B,11.096960000000001,55610761172601
1774150068684,2026-03-22 03:27:48.684,69356.0,0.02333,B,1618.07548,866413822655693
1774150068684,2026-03-22 03:27:48.684,69359.0,0.07258,B,5034.076220000001,1988867118148
1774150068684,2026-03-22 03:27:48.684,69360.0,0.00035,B,24.276,459320254900196
1774150068684,2026-03-22 03:27:48.684,69360.0,0.00121,B,83.92559999999999,252722407500880
1774150068684,2026-03-22 03:27:48.684,69360.0,0.00016,B,11.097600000000002,840773753646957
1774150068684,2026-03-22 03:27:48.684,69360.0,0.00016,B,11.097600000000002,161101446122563
1774150068684,2026-03-22 03:27:48.684,69362.0,0.00016,B,11.09792,979760701616226
1774150068684,2026-03-22 03:27:48.684,69362.0,0.02884,B,2000.4000800000001,38104239160553
1774150068684,2026-03-22 03:27:48.684,69362.0,0.022,B,1525.964,92615738351212
1774150068763,2026-03-22 03:27:48.763,69362.0,0.02174,B,1507.92988,742595819508735
1774150068763,2026-03-22 03:27:48.763,69364.0,0.00016,B,11.09824,100041449233511
1774150068763,2026-03-22 03:27:48.763,69365.0,0.0001,B,6.9365000000000006,827671077698537
1774150068763,2026-03-22 03:27:48.763,69365.0,7e-05,B,4.855549999999999,245615502309792
1774150068763,2026-03-22 03:27:48.763,69365.0,0.02193,B,1521.1744500000002,527207560941323
1774150068763,2026-03-22 03:27:48.763,69365.0,0.022,B,1526.03,635510341274102
1774150068763,2026-03-22 03:27:48.763,69365.0,0.022,B,1526.03,159288286825049
1774150068763,2026-03-22 03:27:48.763,69365.0,0.00665,B,461.27725,817259159632042
1774150068763,2026-03-22 03:27:48.763,69365.0,0.01535,B,1064.75275,578941609291689
1774150068763,2026-03-22 03:27:48.763,69365.0,0.029,B,2011.585,25279838995975
1774150068763,2026-03-22 03:27:48.763,69365.0,0.029,B,2011.585,82044341237852
1774150068763,2026-03-22 03:27:48.763,69365.0,0.022,B,1526.03,378017434573122
1774150068893,2026-03-22 03:27:48.893,69365.0,0.00017,B,11.792050000000001,643938709214658
1774150068893,2026-03-22 03:27:48.893,69366.0,0.00016,B,11.09856,847876891806027
1774150068893,2026-03-22 03:27:48.893,69368.0,0.00017,B,11.792560000000002,580654585667849
1774150068893,2026-03-22 03:27:48.893,69369.0,0.0215,B,1491.4334999999999,376490771126321
1774150068969,2026-03-22 03:27:48.969,69369.0,0.022,B,1526.118,686230240359570
1774150068969,2026-03-22 03:27:48.969,69369.0,0.00449,B,311.46681,127629627045355
1774150068969,2026-03-22 03:27:48.969,69370.0,0.02451,B,1700.2587,98325302849097
1774150069096,2026-03-22 03:27:49.096,69370.0,0.018,B,1248.6599999999999,415607350498540
1774150069572,2026-03-22 03:27:49.572,69370.0,0.00026,B,18.036199999999997,409273723925284
1774150069572,2026-03-22 03:27:49.572,69370.0,0.00022,B,15.2614,874953009633966
1774150069572,2026-03-22 03:27:49.572,69370.0,0.00022,B,15.2614,1086664192454533
1774150069572,2026-03-22 03:27:49.572,69370.0,0.00022,B,15.2614,727769809558906
1774150069635,2026-03-22 03:27:49.635,69370.0,0.00022,B,15.2614,499160129793223
1774150069635,2026-03-22 03:27:49.635,69370.0,0.00022,B,15.2614,542391715008135
1774150069762,2026-03-22 03:27:49.762,69370.0,0.46333,B,32141.202100000002,106097563893145
1774150069837,2026-03-22 03:27:49.837,69369.0,0.00022,A,15.261180000000001,295014452655994
1774150069893,2026-03-22 03:27:49.893,69370.0,0.00016,B,11.099200000000002,950378377582315
1774150069893,2026-03-22 03:27:49.893,69370.0,0.00016,B,11.099200000000002,1074691641613516
1774150069893,2026-03-22 03:27:49.893,69370.0,0.00016,B,11.099200000000002,323534786473192
1774150069893,2026-03-22 03:27:49.893,69369.0,0.00018,A,12.48642,124181786499323
1774150069893,2026-03-22 03:27:49.893,69369.0,0.00022,A,15.261180000000001,288135599729668
1774150069893,2026-03-22 03:27:49.893,69369.0,0.00023,A,15.95487,517634237821715
1774150069893,2026-03-22 03:27:49.893,69369.0,0.00041,A,28.44129,557760550953791
1774150069893,2026-03-22 03:27:49.893,69369.0,0.00082,A,56.88258,963150461688355
1774150069893,2026-03-22 03:27:49.893,69370.0,0.001,B,69.37,23267282813125
1774150069893,2026-03-22 03:27:49.893,69369.0,0.00105,A,72.83744999999999,986257859043022
1774150069893,2026-03-22 03:27:49.893,69369.0,0.00143,A,99.19767,453615627507959
1774150069893,2026-03-22 03:27:49.893,69369.0,0.00153,A,106.13457,360718639770421
1774150069893,2026-03-22 03:27:49.893,69369.0,0.00355,A,246.25995,885486378813007
1774150069893,2026-03-22 03:27:49.893,69369.0,0.00385,A,267.07065,298761310940778
1774150069893,2026-03-22 03:27:49.893,69369.0,0.0065,A,450.89849999999996,694350876093912
1774150069893,2026-03-22 03:27:49.893,69370.0,0.00694,B,481.4278,959926904380315
1774150069893,2026-03-22 03:27:49.893,69369.0,0.00766,A,531.36654,612058525583391
1774150069893,2026-03-22 03:27:49.893,69370.0,0.0087,B,603.519,234630705305323
1774150069893,2026-03-22 03:27:49.893,69370.0,0.013,B,901.81,842544583871947
1774150069893,2026-03-22 03:27:49.893,69370.0,0.014,B,971.1800000000001,977949605486048
1774150069893,2026-03-22 03:27:49.893,69370.0,0.02753,B,1909.7560999999998,563165985254367
1774150069893,2026-03-22 03:27:49.893,69370.0,0.0289,B,2004.793,705154330295646
1774150069893,2026-03-22 03:27:49.893,69369.0,0.03675,A,2549.3107499999996,220981355981441
1774150069893,2026-03-22 03:27:49.893,69370.0,0.04,B,2774.8,467852164973381
1774150069893,2026-03-22 03:27:49.893,69370.0,0.07534,B,5226.335800000001,1067857129275054
1774150069893,2026-03-22 03:27:49.893,69370.0,0.076,B,5272.12,425230070248575
1774150069893,2026-03-22 03:27:49.893,69370.0,0.13111,B,9095.1007,195807983625273
1774150069893,2026-03-22 03:27:49.893,69370.0,0.1734,B,12028.758,429647172489971
1774150069977,2026-03-22 03:27:49.977,69369.0,0.00022,A,15.261180000000001,178079676126043
1774150069977,2026-03-22 03:27:49.977,69369.0,0.12675,A,8792.52075,826372130842680
1774150069977,2026-03-22 03:27:49.977,69369.0,0.15206,A,10548.25014,232909364188081
1774150069977,2026-03-22 03:27:49.977,69369.0,0.03378,A,2343.28482,553163668048410
1774150069977,2026-03-22 03:27:49.977,69369.0,0.0775,A,5376.0975,209318231877826
1774150069977,2026-03-22 03:27:49.977,69369.0,0.03789,A,2628.39141,530682502863993
1774150069977,2026-03-22 03:27:49.977,69369.0,0.07339,A,5090.9909099999995,976695356132671
1774150070501,2026-03-22 03:27:50.501,69369.0,0.00818,A,567.43842,84907225004378
1774150070642,2026-03-22 03:27:50.642,69369.0,0.12407,A,8606.61183,943313676164697
1774150070642,2026-03-22 03:27:50.642,69369.0,0.31504,A,21854.00976,305295465990391
1774150070642,2026-03-22 03:27:50.642,69369.0,0.01138,A,789.41922,990628274039238
1774150070642,2026-03-22 03:27:50.642,69368.0,0.00015,A,10.405199999999999,607505820570954
1774150070642,2026-03-22 03:27:50.642,69368.0,0.21602,A,14984.87536,298420936399842
1774150071054,2026-03-22 03:27:51.054,69368.0,0.00028,A,19.423039999999997,344352850557800
1774150071302,2026-03-22 03:27:51.302,69369.0,2e-05,B,1.38738,698531670142122
1774150071576,2026-03-22 03:27:51.576,69369.0,0.0719,B,4987.6311000000005,632635764163653
1774150072106,2026-03-22 03:27:52.106,69369.0,0.00184,B,127.63896,664914423778397
1774150072187,2026-03-22 03:27:52.187,69368.0,0.23063,A,15998.341840000001,180934669307745
1774150072187,2026-03-22 03:27:52.187,69368.0,0.07794,A,5406.54192,577664513819508
1774150072187,2026-03-22 03:27:52.187,69368.0,0.09143,A,6342.31624,957667233852647
1774150072308,2026-03-22 03:27:52.308,69369.0,0.07713,B,5350.43097,520184108744128
1774150072308,2026-03-22 03:27:52.308,69370.0,0.66666,B,46246.2042,883632072889391
1774150072308,2026-03-22 03:27:52.308,69370.0,0.04355,B,3021.0634999999997,565146792519703
1774150072308,2026-03-22 03:27:52.308,69370.0,0.0281,B,1949.297,45255312593564
1774150072308,2026-03-22 03:27:52.308,69370.0,0.00017,B,11.792900000000001,626484583745313
1774150072308,2026-03-22 03:27:52.308,69370.0,0.07463,B,5177.0831,685491210855615
1774150072371,2026-03-22 03:27:52.371,69371.0,0.00017,B,11.79307,374314354674500
1774150072371,2026-03-22 03:27:52.371,69372.0,0.00017,B,11.79324,363756376318516
1774150072371,2026-03-22 03:27:52.371,69373.0,0.00017,B,11.793410000000002,1045346373084650
1774150072371,2026-03-22 03:27:52.371,69373.0,0.00015,B,10.405949999999999,359443708759988
1774150072371,2026-03-22 03:27:52.371,69374.0,0.00017,B,11.79358,904795502920074
1774150072371,2026-03-22 03:27:52.371,69375.0,0.00017,B,11.793750000000001,881342064416093
1774150072371,2026-03-22 03:27:52.371,69375.0,0.003,B,208.125,687436993190553
1774150072371,2026-03-22 03:27:52.371,69376.0,0.00072,B,49.950720000000004,308286440035930
1774150072371,2026-03-22 03:27:52.371,69376.0,0.00016,B,11.10016,542765924986917
1774150072371,2026-03-22 03:27:52.371,69376.0,0.00017,B,11.79392,399768484368578
1774150072371,2026-03-22 03:27:52.371,69377.0,0.05178,B,3592.34106,634195482291583
1774150072371,2026-03-22 03:27:52.371,69377.0,0.00017,B,11.79409,542780407868961
1774150072371,2026-03-22 03:27:52.371,69378.0,0.01188,B,824.21064,864977138886804
1774150072371,2026-03-22 03:27:52.371,69378.0,0.00017,B,11.794260000000001,432300295451894
1774150072371,2026-03-22 03:27:52.371,69378.0,0.01756,B,1218.27768,532242262839673
1774150072653,2026-03-22 03:27:52.653,69377.0,2e-05,A,1.3875400000000002,504594718778744
1774150073050,2026-03-22 03:27:53.050,69378.0,0.00038,A,26.36364,741454642625025
1774150073113,2026-03-22 03:27:53.113,69378.0,0.00028,A,19.425839999999997,70376855492966
1774150073113,2026-03-22 03:27:53.113,69378.0,0.00028,A,19.425839999999997,997716517849352
1774150073113,2026-03-22 03:27:53.113,69378.0,0.0003,A,20.813399999999998,866793806982266
1774150073113,2026-03-22 03:27:53.113,69378.0,0.00061,A,42.32058,634625329680418
1774150073113,2026-03-22 03:27:53.113,69378.0,0.00144,A,99.90432000000001,598877512869670
1774150073113,2026-03-22 03:27:53.113,69379.0,0.00017,B,11.79443,748370982350425
1774150073113,2026-03-22 03:27:53.113,69380.0,0.00017,B,11.7946,355612626425409
1774150073113,2026-03-22 03:27:53.113,69380.0,0.003,B,208.14000000000001,243399556203975
1774150073113,2026-03-22 03:27:53.113,69381.0,0.00015,B,10.40715,215580623481478
1774150073113,2026-03-22 03:27:53.113,69381.0,0.00151,B,104.76531,1119798378702402
1774150073113,2026-03-22 03:27:53.113,69381.0,0.011,B,763.1909999999999,773357000650884
1774150073113,2026-03-22 03:27:53.113,69381.0,0.02918,B,2024.5375800000002,1074897682440822
1774150073113,2026-03-22 03:27:53.113,69378.0,0.04454,A,3090.09612,154639607126271
1774150073113,2026-03-22 03:27:53.113,69381.0,0.02518,B,1747.01358,734521564092561
1774150073113,2026-03-22 03:27:53.113,69381.0,0.00017,B,11.794770000000002,786933702391902
1774150073113,2026-03-22 03:27:53.113,69382.0,0.00016,B,11.101120000000002,599446263401448
1774150073113,2026-03-22 03:27:53.113,69382.0,0.00017,B,11.79494,1110983816396982
1774150073113,2026-03-22 03:27:53.113,69383.0,0.003,B,208.149,42689049984845
1774150073113,2026-03-22 03:27:53.113,69383.0,0.00015,B,10.407449999999999,550937804658163
1774150073113,2026-03-22 03:27:53.113,69383.0,0.00017,B,11.795110000000001,993035239589347
1774150073113,2026-03-22 03:27:53.113,69383.0,0.00015,B,10.407449999999999,845353732364382
1774150073113,2026-03-22 03:27:53.113,69384.0,0.00017,B,11.79528,313603916842858
1774150073113,2026-03-22 03:27:53.113,69385.0,0.00016,B,11.101600000000001,917102823126020
1774150073113,2026-03-22 03:27:53.113,69385.0,0.01152,B,799.3152,562541466758093
1774150073113,2026-03-22 03:27:53.113,69385.0,0.00017,B,11.79545,156201952330970
1774150073113,2026-03-22 03:27:53.113,69385.0,0.05665,B,3930.66025,802449328677232
1774150073113,2026-03-22 03:27:53.113,69386.0,0.00017,B,11.795620000000001,851902009347739
1774150073113,2026-03-22 03:27:53.113,69386.0,0.21621,B,15001.94706,650406795303759
1774150073113,2026-03-22 03:27:53.113,69386.0,0.16896,B,11723.45856,814088217805146
1774150073113,2026-03-22 03:27:53.113,69386.0,0.02346,B,1627.79556,1107955250793755
1774150073471,2026-03-22 03:27:53.471,69385.0,0.00017,A,11.79545,755559925083717
1774150073471,2026-03-22 03:27:53.471,69385.0,0.38353,A,26611.229049999998,723418756090632
1774150073471,2026-03-22 03:27:53.471,69385.0,0.01647,A,1142.7709499999999,481729245553725
1774150073781,2026-03-22 03:27:53.781,69386.0,0.00026,B,18.04036,592351219631690
1774150073849,2026-03-22 03:27:53.849,69385.0,0.00017,A,11.79545,49414524937903
1774150074287,2026-03-22 03:27:54.287,69385.0,0.00173,A,120.03605,896493546183654
1774150074494,2026-03-22 03:27:54.494,69386.0,0.00028,B,19.428079999999998,486933548703242
1774150074769,2026-03-22 03:27:54.769,69385.0,0.28682,A,19901.0057,413872352912890
1774150074769,2026-03-22 03:27:54.769,69385.0,0.11318,A,7852.9943,1114599370792546
1774150075217,2026-03-22 03:27:55.217,69386.0,0.95043,B,65946.53598,667955536258935
1774150075217,2026-03-22 03:27:55.217,69386.0,1.38309,B,95967.08274,382384950228599
1774150075522,2026-03-22 03:27:55.522,69385.0,0.00219,A,151.95315,494847639374807
1774150075522,2026-03-22 03:27:55.522,69385.0,0.00017,A,11.79545,992396468700221
1774150075522,2026-03-22 03:27:55.522,69384.0,0.00015,A,10.407599999999999,242617430046358
1774150075522,2026-03-22 03:27:55.522,69384.0,0.00017,A,11.79528,694361034703065
1774150075714,2026-03-22 03:27:55.714,69384.0,2e-05,B,1.38768,609212505973279
1774150075714,2026-03-22 03:27:55.714,69384.0,0.01282,B,889.50288,854673772206598
1774150075714,2026-03-22 03:27:55.714,69383.0,0.00017,A,11.795110000000001,113194706340427
1774150075714,2026-03-22 03:27:55.714,69383.0,0.00015,A,10.407449999999999,773464460058334
1774150075925,2026-03-22 03:27:55.925,69383.0,0.00259,B,179.70197,943598366136423
1774150076131,2026-03-22 03:27:56.131,69382.0,0.00017,A,11.79494,521237589984906
1774150076131,2026-03-22 03:27:56.131,69382.0,0.00045,A,31.221899999999998,814776014448472
1774150076131,2026-03-22 03:27:56.131,69383.0,0.004,B,277.532,1028243702568213
1774150076131,2026-03-22 03:27:56.131,69383.0,0.1793,B,12440.371899999998,75749914219290
1774150076840,2026-03-22 03:27:56.840,69383.0,0.00593,B,411.44119,208371728681816
1774150076840,2026-03-22 03:27:56.840,69383.0,0.04036,B,2800.29788,313504379755917
1774150076840,2026-03-22 03:27:56.840,69383.0,0.10146,B,7039.599179999999,610768442103507
1774150076994,2026-03-22 03:27:56.994,69382.0,0.05044,A,3499.62808,1023455400231600
1774150076994,2026-03-22 03:27:56.994,69382.0,0.1,A,6938.200000000001,170983034778306
1774150076994,2026-03-22 03:27:56.994,69382.0,0.18263,A,12671.234659999998,438131983480191
1774150076994,2026-03-22 03:27:56.994,69382.0,0.06693,A,4643.73726,784011035500873
1774150076994,2026-03-22 03:27:56.994,69386.0,0.00017,B,11.795620000000001,590007518356160
1774150077138,2026-03-22 03:27:57.138,69382.0,0.00017,A,11.79494,30460466908649
1774150077138,2026-03-22 03:27:57.138,69382.0,0.01661,A,1152.43502,167066672664349
1774150077444,2026-03-22 03:27:57.444,69388.0,0.00017,B,11.795960000000001,825131555263171
1774150077444,2026-03-22 03:27:57.444,69388.0,0.00142,B,98.53096000000001,794503057231405
1774150077444,2026-03-22 03:27:57.444,69388.0,0.00158,B,109.63304000000001,928638410819421
1774150077444,2026-03-22 03:27:57.444,69389.0,0.005,B,346.945,145835037120881
1774150077444,2026-03-22 03:27:57.444,69389.0,0.00029,B,20.12281,554413236767409
1774150077444,2026-03-22 03:27:57.444,69389.0,0.00017,B,11.796130000000002,603272591388587
1774150077444,2026-03-22 03:27:57.444,69390.0,0.00016,B,11.102400000000001,45550031306339
1774150077444,2026-03-22 03:27:57.444,69390.0,0.00017,B,11.7963,714921213057861
1774150077444,2026-03-22 03:27:57.444,69391.0,0.00017,B,11.796470000000001,43966965485304
1774150077444,2026-03-22 03:27:57.444,69392.0,0.00017,B,11.79664,564553951690742
1774150077444,2026-03-22 03:27:57.444,69393.0,0.001,B,69.393,65937362457789
1774150077444,2026-03-22 03:27:57.444,69393.0,0.00016,B,11.10288,961418403761656
1774150077444,2026-03-22 03:27:57.444,69393.0,0.00017,B,11.79681,420074198222517
1774150077444,2026-03-22 03:27:57.444,69393.0,0.00015,B,10.408949999999999,469428799478649
1774150077444,2026-03-22 03:27:57.444,69394.0,0.00298,B,206.79412,1064492496020039
1774150077444,2026-03-22 03:27:57.444,69394.0,0.00319,B,221.36686,212989635881295
1774150077444,2026-03-22 03:27:57.444,69394.0,0.00017,B,11.796980000000001,704164669582360
1774150077444,2026-03-22 03:27:57.444,69395.0,0.00017,B,11.79715,171063604956035
1774150077444,2026-03-22 03:27:57.444,69396.0,0.00017,B,11.797320000000001,55718986403541
1774150077444,2026-03-22 03:27:57.444,69396.0,0.003,B,208.18800000000002,604050824485072
1774150077444,2026-03-22 03:27:57.444,69397.0,0.00016,B,11.103520000000001,160681185233124
1774150077444,2026-03-22 03:27:57.444,69397.0,0.00017,B,11.797490000000002,1089251760884503
1774150077444,2026-03-22 03:27:57.444,69398.0,0.00017,B,11.79766,219879465037476
1774150077444,2026-03-22 03:27:57.444,69398.0,0.00017,B,11.79766,391822238691924
1774150077444,2026-03-22 03:27:57.444,69399.0,0.00984,B,682.88616,546046377042559
1774150077444,2026-03-22 03:27:57.444,69399.0,0.00017,B,11.797830000000001,892360953376362
1774150077444,2026-03-22 03:27:57.444,69400.0,0.01,B,694.0,925285779757329
1774150077444,2026-03-22 03:27:57.444,69400.0,0.05396,B,3744.824,868036147044641
1774150077548,2026-03-22 03:27:57.548,69400.0,0.00804,B,557.976,912851860365629
1774150077548,2026-03-22 03:27:57.548,69400.0,0.00035,B,24.29,410322994054998
1774150077548,2026-03-22 03:27:57.548,69400.0,0.17793,B,12348.342,833983205657078
1774150077548,2026-03-22 03:27:57.548,69400.0,0.00025,B,17.35,517478584130951
1774150077548,2026-03-22 03:27:57.548,69400.0,0.04207,B,2919.6580000000004,504264926923056
1774150077548,2026-03-22 03:27:57.548,69400.0,0.00016,B,11.104000000000001,335390361942261
1774150077548,2026-03-22 03:27:57.548,69400.0,0.00296,B,205.424,255787991298140
1774150077548,2026-03-22 03:27:57.548,69400.0,0.00017,B,11.798,296589347357565
1774150077548,2026-03-22 03:27:57.548,69401.0,0.0006,B,41.6406,218058933180182
1774150077548,2026-03-22 03:27:57.548,69401.0,0.00016,B,11.10416,48486161086829
1774150077548,2026-03-22 03:27:57.548,69401.0,0.00017,B,11.79817,498603549364883
1774150077548,2026-03-22 03:27:57.548,69402.0,0.00017,B,11.798340000000001,278695248082195
1774150077682,2026-03-22 03:27:57.682,69403.0,0.01606,B,1114.61218,453567186451485
1774150077682,2026-03-22 03:27:57.682,69403.0,0.00594,B,412.25382,745487450350231
1774150077682,2026-03-22 03:27:57.682,69403.0,0.00743,B,515.66429,873814100880807
1774150077682,2026-03-22 03:27:57.682,69403.0,0.00017,B,11.79851,61221483761469
1774150077682,2026-03-22 03:27:57.682,69404.0,0.00016,B,11.104640000000002,99687926694317
1774150077682,2026-03-22 03:27:57.682,69404.0,0.00017,B,11.798680000000001,24233386450340
1774150077682,2026-03-22 03:27:57.682,69405.0,0.00017,B,11.798850000000002,702866411539194
1774150077682,2026-03-22 03:27:57.682,69406.0,0.06666,B,4626.6039599999995,1006348944444784
1774150077682,2026-03-22 03:27:57.682,69406.0,0.00016,B,11.10496,1108823076926974
1774150077682,2026-03-22 03:27:57.682,69406.0,0.00017,B,11.79902,786797194445475
1774150077682,2026-03-22 03:27:57.682,69407.0,0.00432,B,299.83824,871690027893117
1774150077682,2026-03-22 03:27:57.682,69407.0,0.00017,B,11.799190000000001,745143362694395
1774150077682,2026-03-22 03:27:57.682,69408.0,0.00016,B,11.10528,227432307477381
1774150077682,2026-03-22 03:27:57.682,69408.0,0.00017,B,11.79936,249819799232360
1774150077682,2026-03-22 03:27:57.682,69410.0,0.01718,B,1192.4638,806987118455627
1774150077682,2026-03-22 03:27:57.682,69410.0,0.022,B,1527.02,551150230092345
1774150077682,2026-03-22 03:27:57.682,69410.0,0.022,B,1527.02,226536576025297
1774150077682,2026-03-22 03:27:57.682,69410.0,0.022,B,1527.02,767721145796795
1774150077682,2026-03-22 03:27:57.682,69410.0,0.022,B,1527.02,330651263993049
1774150077765,2026-03-22 03:27:57.765,69410.0,0.022,B,1527.02,355839462432333
1774150077765,2026-03-22 03:27:57.765,69410.0,0.022,B,1527.02,666182843714369
1774150077765,2026-03-22 03:27:57.765,69410.0,0.022,B,1527.02,187529740205037
1774150077765,2026-03-22 03:27:57.765,69410.0,1.44071,B,99999.6811,1019503510070336
1774150077850,2026-03-22 03:27:57.850,69410.0,0.022,B,1527.02,1102608450317581
1774150077850,2026-03-22 03:27:57.850,69410.0,0.022,B,1527.02,506556208125295
1774150077850,2026-03-22 03:27:57.850,69410.0,0.0206,B,1429.846,19548048495395
1774150077850,2026-03-22 03:27:57.850,69410.0,1.44069,B,99998.2929,688846100039486
1774150077850,2026-03-22 03:27:57.850,69410.0,0.022,B,1527.02,793589456502617
1774150077850,2026-03-22 03:27:57.850,69410.0,0.022,B,1527.02,872956443905873
1774150078024,2026-03-22 03:27:58.024,69410.0,0.004,B,277.64,1056868344647945
1774150078074,2026-03-22 03:27:58.074,69410.0,0.028,B,1943.48,371763495016608
1774150078149,2026-03-22 03:27:58.149,69410.0,0.029,B,2012.89,1056078450716086
1774150078149,2026-03-22 03:27:58.149,69410.0,0.012,B,832.9200000000001,1101361549327314
1774150078763,2026-03-22 03:27:58.763,69410.0,0.57337,B,39797.6117,576984773078986
1774150078841,2026-03-22 03:27:58.841,69410.0,0.00722,B,501.1402,346907955261482
1774150078961,2026-03-22 03:27:58.961,69410.0,0.00026,B,18.046599999999998,383531092621727
1774150079060,2026-03-22 03:27:59.060,69410.0,0.00016,B,11.1056,449033717766847
1774150079429,2026-03-22 03:27:59.429,69410.0,0.01,B,694.1,537569965406841
1774150079870,2026-03-22 03:27:59.870,69409.0,0.00017,A,11.79953,734396087132639
1774150079870,2026-03-22 03:27:59.870,69409.0,0.00017,A,11.79953,28203872773012
1774150079870,2026-03-22 03:27:59.870,69409.0,0.00018,A,12.49362,604890616783464
1774150079870,2026-03-22 03:27:59.870,69409.0,0.00026,A,18.046339999999997,182933470971929
1774150079870,2026-03-22 03:27:59.870,69409.0,0.00028,A,19.43452,789790218529047
1774150079870,2026-03-22 03:27:59.870,69409.0,0.00028,A,19.43452,1051733761353033
1774150079870,2026-03-22 03:27:59.870,69409.0,0.00046,A,31.928140000000003,576198413574995
1774150079870,2026-03-22 03:27:59.870,69409.0,0.0005,A,34.7045,623222276011041
1774150079870,2026-03-22 03:27:59.870,69409.0,0.0005,A,34.7045,949793987563002
1774150079870,2026-03-22 03:27:59.870,69410.0,0.00062,B,43.0342,948018466379635
1774150079870,2026-03-22 03:27:59.870,69409.0,0.00072,A,49.97448,656622467132984
1774150079870,2026-03-22 03:27:59.870,69409.0,0.00076,A,52.750840000000004,745278797203171
1774150079870,2026-03-22 03:27:59.870,69410.0,0.00084,B,58.3044,867674173826391
1774150079870,2026-03-22 03:27:59.870,69409.0,0.00089,A,61.77401,1107979349864589
1774150079870,2026-03-22 03:27:59.870,69409.0,0.00141,A,97.86669,110828001078140
1774150079870,2026-03-22 03:27:59.870,69409.0,0.00144,A,99.94896,168160466426411
1774150079870,2026-03-22 03:27:59.870,69409.0,0.00152,A,105.50168000000001,803425737155717
1774150079870,2026-03-22 03:27:59.870,69409.0,0.00167,A,115.91303,1088605191933748
1774150079870,2026-03-22 03:27:59.870,69410.0,0.002,B,138.82,177153466349067
1774150079870,2026-03-22 03:27:59.870,69410.0,0.0039,B,270.699,577573723715417
1774150079870,2026-03-22 03:27:59.870,69410.0,0.0052,B,360.93199999999996,978810204997625
1774150079870,2026-03-22 03:27:59.870,69410.0,0.00554,B,384.53139999999996,902387305876488
1774150079870,2026-03-22 03:27:59.870,69409.0,0.00722,A,501.13298,203409023619835
1774150079870,2026-03-22 03:27:59.870,69410.0,0.00723,B,501.83430000000004,567574333542203
1774150079870,2026-03-22 03:27:59.870,69410.0,0.00774,B,537.2334000000001,785485544815955
1774150079870,2026-03-22 03:27:59.870,69409.0,0.0085,A,589.9765,1119307393017179
1774150079870,2026-03-22 03:27:59.870,69410.0,0.01223,B,848.8842999999999,521346292400726
1774150079870,2026-03-22 03:27:59.870,69410.0,0.0129,B,895.389,980456447011939
1774150079870,2026-03-22 03:27:59.870,69410.0,0.01443,B,1001.5863,117528275979667
1774150079870,2026-03-22 03:27:59.870,69410.0,0.01593,B,1105.7013,753122800564948
1774150079870,2026-03-22 03:27:59.870,69410.0,0.01603,B,1112.6423,381769664820782
1774150079870,2026-03-22 03:27:59.870,69410.0,0.02607,B,1809.5186999999999,1057717863206984
1774150079870,2026-03-22 03:27:59.870,69409.0,0.02976,A,2065.61184,219394859780055
1774150079870,2026-03-22 03:27:59.870,69410.0,0.03034,B,2105.8994,183826968752108
1774150079870,2026-03-22 03:27:59.870,69410.0,0.03177,B,2205.1557,578475909444453
1774150079870,2026-03-22 03:27:59.870,69410.0,0.0394,B,2734.754,861455382237489
1774150079870,2026-03-22 03:27:59.870,69410.0,0.0397,B,2755.5769999999998,669309047703098
1774150079870,2026-03-22 03:27:59.870,69410.0,0.05143,B,3569.7562999999996,957865856089437
1774150079870,2026-03-22 03:27:59.870,69410.0,0.07215,B,5007.931500000001,863393963806483
1774150079870,2026-03-22 03:27:59.870,69409.0,0.03212,A,2229.41708,110075493977583
1774150079870,2026-03-22 03:27:59.870,69409.0,0.04202,A,2916.5661800000003,542986294990532
1774150079870,2026-03-22 03:27:59.870,69410.0,0.15209,B,10556.5669,1050232455603207
1774150079870,2026-03-22 03:27:59.870,69410.0,0.16492,B,11447.0972,683179767744432
1774150079870,2026-03-22 03:27:59.870,69410.0,0.18867,B,13095.5847,60350678047918
1774150079870,2026-03-22 03:27:59.870,69410.0,0.20478,B,14213.779799999998,969922873271861
1774150079870,2026-03-22 03:27:59.870,69410.0,0.0689,B,4782.349,830584722564557
1774150079870,2026-03-22 03:27:59.870,69410.0,0.003,B,208.23000000000002,1094316583106540
1774150079870,2026-03-22 03:27:59.870,69410.0,0.00017,B,11.799700000000001,206106622622394
1774150079870,2026-03-22 03:27:59.870,69410.0,0.21697,B,15059.8877,176536830672667
1774150079870,2026-03-22 03:27:59.870,69409.0,0.16798,A,11659.32382,623384493394365
1774150079870,2026-03-22 03:27:59.870,69409.0,0.28202,A,19574.726179999998,735203333272580
1774150079870,2026-03-22 03:27:59.870,69410.0,0.47949,B,33281.4009,456470808629577
1774150079870,2026-03-22 03:27:59.870,69410.0,0.08281,B,5747.8421,333843838125765
1774150079870,2026-03-22 03:27:59.870,69410.0,0.00362,B,251.2642,126588348850686
1774150079870,2026-03-22 03:27:59.870,69410.0,0.13786,B,9568.8626,245254512674008
1774150079870,2026-03-22 03:27:59.870,69410.0,0.15455,B,10727.315499999999,1105095812828638
1774150079870,2026-03-22 03:27:59.870,69410.0,0.11108,B,7710.0628,51423601644049
1774150079870,2026-03-22 03:27:59.870,69410.0,0.13043,B,9053.146299999999,565079798878983
1774150079870,2026-03-22 03:27:59.870,69410.0,0.1596,B,11077.836,183050433408348
1774150079870,2026-03-22 03:27:59.870,69410.0,0.10805,B,7499.750499999999,294765451384612
1774150079870,2026-03-22 03:27:59.870,69410.0,0.18862,B,13092.1142,859222619304551
1774150080045,2026-03-22 03:28:00.045,69410.0,0.20732,B,14390.0812,646050327690076
1774150080045,2026-03-22 03:28:00.045,69410.0,0.07661,B,5317.5001,152569300491945
1774150080045,2026-03-22 03:28:00.045,69410.0,0.20299,B,14089.5359,573657203556106
1774150080045,2026-03-22 03:28:00.045,69410.0,0.13563,B,9414.0783,56382767945949
1774150080045,2026-03-22 03:28:00.045,69410.0,0.15223,B,10566.284300000001,347351142845139
1774150080045,2026-03-22 03:28:00.045,69410.0,0.22522,B,15632.5202,649793148988619
1774150080253,2026-03-22 03:28:00.253,69409.0,0.17296,A,12004.98064,1007537270942117
1774150081284,2026-03-22 03:28:01.284,69410.0,0.00017,B,11.799700000000001,70080824974410
1774150081284,2026-03-22 03:28:01.284,69410.0,0.00015,B,10.411499999999998,678667518690464
1774150081517,2026-03-22 03:28:01.517,69410.0,0.00115,B,79.8215,301975888671623
1774150081517,2026-03-22 03:28:01.517,69411.0,0.0011,B,76.35210000000001,359836527147283
1774150081517,2026-03-22 03:28:01.517,69411.0,1e-05,B,0.69411,719181711159664
1774150081517,2026-03-22 03:28:01.517,69411.0,0.00173,B,120.08103,661990130307686
1774150081517,2026-03-22 03:28:01.517,69411.0,0.00017,B,11.79987,690465073389426
1774150081517,2026-03-22 03:28:01.517,69412.0,0.00016,B,11.105920000000001,1008476321061503
1774150081517,2026-03-22 03:28:01.517,69412.0,0.00017,B,11.800040000000001,215371031965811
1774150081517,2026-03-22 03:28:01.517,69413.0,0.01265,B,878.07445,296846824846426
1774150081669,2026-03-22 03:28:01.669,69413.0,0.01996,B,1385.4834799999999,1086595864461090
1774150081669,2026-03-22 03:28:01.669,69413.0,0.00016,B,11.10608,290577151128900
1774150081669,2026-03-22 03:28:01.669,69413.0,0.00017,B,11.800210000000002,187705561492654
1774150081669,2026-03-22 03:28:01.669,69414.0,0.00017,B,11.80038,1014052247751924
1774150081669,2026-03-22 03:28:01.669,69415.0,0.00017,B,11.800550000000001,950318105532250
1774150081669,2026-03-22 03:28:01.669,69415.0,0.003,B,208.245,844524005370271
1774150081669,2026-03-22 03:28:01.669,69416.0,0.00017,B,11.80072,1094766107344925
1774150081669,2026-03-22 03:28:01.669,69417.0,0.00017,B,11.80089,1038822006282898
1774150081669,2026-03-22 03:28:01.669,69418.0,0.004,B,277.672,642031983386617
1774150081669,2026-03-22 03:28:01.669,69418.0,0.00017,B,11.801060000000001,434946555043532
1774150081669,2026-03-22 03:28:01.669,69419.0,0.00016,B,11.107040000000001,126592747763293
1774150081669,2026-03-22 03:28:01.669,69419.0,0.0581,B,4033.2439,20659144361695
1774150081669,2026-03-22 03:28:01.669,69412.0,0.00288,A,199.90656,514232905385112
1774150081719,2026-03-22 03:28:01.719,69418.0,0.01622,A,1125.95996,203204250719803
1774150081991,2026-03-22 03:28:01.991,69418.0,0.00028,A,19.43704,377677737276604
1774150082302,2026-03-22 03:28:02.302,69418.0,0.0635,A,4408.043,2293157365897
1774150082302,2026-03-22 03:28:02.302,69418.0,0.17467,A,12125.242059999999,423952045622711
1774150082302,2026-03-22 03:28:02.302,69418.0,0.16183,A,11233.91494,984848818675374
1774150082302,2026-03-22 03:28:02.302,69419.0,0.1,B,6941.900000000001,1086709763611746
1774150082479,2026-03-22 03:28:02.479,69419.0,0.0419,B,2908.6561,1002778590603647
1774150082479,2026-03-22 03:28:02.479,69419.0,0.00017,B,11.80123,1034586021605903
1774150082479,2026-03-22 03:28:02.479,69420.0,0.008,B,555.36,1028171311948298
1774150082479,2026-03-22 03:28:02.479,69420.0,0.00017,B,11.801400000000001,964559351992197
1774150082479,2026-03-22 03:28:02.479,69420.0,0.003,B,208.26,155314229587326
1774150082479,2026-03-22 03:28:02.479,69421.0,0.00017,B,11.801570000000002,703622027630385
1774150082479,2026-03-22 03:28:02.479,69422.0,0.004,B,277.688,440577341874635
1774150082479,2026-03-22 03:28:02.479,69422.0,0.00017,B,11.80174,361352409415942
1774150082479,2026-03-22 03:28:02.479,69423.0,0.00016,B,11.10768,453529460306963
1774150082479,2026-03-22 03:28:02.479,69423.0,0.00017,B,11.801910000000001,920132245177155
1774150082479,2026-03-22 03:28:02.479,69424.0,0.00017,B,11.80208,857395218342278
1774150082479,2026-03-22 03:28:02.479,69425.0,0.15811,B,10976.78675,1015652305012364
1774150082841,2026-03-22 03:28:02.841,69425.0,0.00472,B,327.68600000000004,1022333792217268
1774150082956,2026-03-22 03:28:02.956,69425.0,0.00146,B,101.3605,511219172124359
1774150082956,2026-03-22 03:28:02.956,69424.0,0.00017,A,11.80208,675979287751290
1774150082956,2026-03-22 03:28:02.956,69424.0,0.0002,A,13.8848,1071750948723433
1774150082956,2026-03-22 03:28:02.956,69425.0,0.00036,B,24.993000000000002,395153961292356
1774150082956,2026-03-22 03:28:02.956,69424.0,0.0004,A,27.7696,955239232383807
1774150082956,2026-03-22 03:28:02.956,69425.0,0.00046,B,31.9355,745598129643144
1774150082956,2026-03-22 03:28:02.956,69424.0,0.00144,A,99.97056,303899133806492
1774150082956,2026-03-22 03:28:02.956,69425.0,0.00145,B,100.66624999999999,952767588358010
1774150082956,2026-03-22 03:28:02.956,69424.0,0.00188,A,130.51712,1004039776053700
1774150082956,2026-03-22 03:28:02.956,69424.0,0.01548,A,1074.68352,846749712176637
1774150082956,2026-03-22 03:28:02.956,69425.0,0.04143,B,2876.27775,401473463302259
1774150082956,2026-03-22 03:28:02.956,69425.0,0.1233,B,8560.1025,440406226959402
1774150082956,2026-03-22 03:28:02.956,69425.0,0.00719,B,499.16575,330483023226124
1774150082956,2026-03-22 03:28:02.956,69425.0,0.00017,B,11.80225,506049129866400
1774150082956,2026-03-22 03:28:02.956,69426.0,0.00017,B,11.802420000000001,844834621677140
1774150082956,2026-03-22 03:28:02.956,69427.0,0.00312,B,216.61223999999999,1072358955799922
1774150082956,2026-03-22 03:28:02.956,69427.0,0.00017,B,11.80259,968365123703111
1774150082956,2026-03-22 03:28:02.956,69428.0,0.00025,B,17.357,935191411010844
1774150082956,2026-03-22 03:28:02.956,69428.0,0.00248,B,172.18144,1070162804398379
1774150082956,2026-03-22 03:28:02.956,69428.0,0.00017,B,11.802760000000001,93230038583178
1774150082956,2026-03-22 03:28:02.956,69429.0,0.00291,B,202.03839,882593697031177
1774150082956,2026-03-22 03:28:02.956,69429.0,0.00017,B,11.802930000000002,522769513128681
1774150082956,2026-03-22 03:28:02.956,69430.0,0.00017,B,11.8031,531311898348445
1774150082956,2026-03-22 03:28:02.956,69430.0,0.05784,B,4015.8312,129497393581739
1774150082956,2026-03-22 03:28:02.956,69430.0,0.00649,B,450.6007,944715277673946
1774150083125,2026-03-22 03:28:03.125,69430.0,0.00067,B,46.518100000000004,196319358595925
1774150083125,2026-03-22 03:28:03.125,69430.0,0.00032,B,22.2176,539912697048565
1774150083125,2026-03-22 03:28:03.125,69430.0,0.002,B,138.86,1011522494308638
1774150083125,2026-03-22 03:28:03.125,69430.0,0.00017,B,11.8031,1115476596900884
1774150083125,2026-03-22 03:28:03.125,69431.0,0.00016,B,11.108960000000002,873801179422002
1774150083125,2026-03-22 03:28:03.125,69431.0,0.00017,B,11.803270000000001,999315845976086
1774150083125,2026-03-22 03:28:03.125,69432.0,0.00017,B,11.80344,232526934464963
1774150083125,2026-03-22 03:28:03.125,69433.0,0.01086,B,754.04238,1089448340119323
1774150083185,2026-03-22 03:28:03.185,69433.0,0.00072,B,49.991760000000006,663852852318534
1774150083259,2026-03-22 03:28:03.259,69433.0,0.00026,B,18.05258,669197052748976
1774150083259,2026-03-22 03:28:03.259,69432.0,0.00017,A,11.80344,1076967767563417
1774150083979,2026-03-22 03:28:03.979,69432.0,0.015,A,1041.48,130834846073398
1774150083979,2026-03-22 03:28:03.979,69433.0,0.00027,B,18.74691,902936401742673
1774150084153,2026-03-22 03:28:04.153,69432.0,0.06266,A,4350.609119999999,533475149348620
1774150084153,2026-03-22 03:28:04.153,69432.0,0.33734,A,23422.19088,960975535295670
1774150084153,2026-03-22 03:28:04.153,69432.0,0.00835,A,579.7572,122385026062132
1774150084306,2026-03-22 03:28:04.306,69433.0,0.00562,B,390.21346,669208948915881
1774150084461,2026-03-22 03:28:04.461,69433.0,0.005,B,347.165,1081435509933168
1774150084720,2026-03-22 03:28:04.720,69433.0,0.00017,B,11.80361,279090335624876
1774150084720,2026-03-22 03:28:04.720,69433.0,0.01917,B,1331.03061,1071681324365401
1774150084720,2026-03-22 03:28:04.720,69433.0,0.00017,B,11.80361,307445743688047
1774150084720,2026-03-22 03:28:04.720,69434.0,0.00017,B,11.803780000000001,824057234853691
1774150084720,2026-03-22 03:28:04.720,69435.0,0.00017,B,11.80395,973271683831455
1774150084720,2026-03-22 03:28:04.720,69436.0,0.0002,B,13.8872,592586090924802
1774150084720,2026-03-22 03:28:04.720,69436.0,0.00291,B,202.05875999999998,903041881916716
1774150084720,2026-03-22 03:28:04.720,69436.0,0.00017,B,11.804120000000001,572258218964197
1774150084720,2026-03-22 03:28:04.720,69437.0,0.00017,B,11.804290000000002,799478231895361
1774150084720,2026-03-22 03:28:04.720,69437.0,0.00017,B,11.804290000000002,970505852929820
1774150084720,2026-03-22 03:28:04.720,69437.0,0.00072,B,49.994640000000004,131460535759009
1774150084720,2026-03-22 03:28:04.720,69438.0,0.00017,B,11.80446,528735291710991
1774150084720,2026-03-22 03:28:04.720,69438.0,0.003,B,208.314,712999201338839
1774150084720,2026-03-22 03:28:04.720,69439.0,0.00017,B,11.804630000000001,81591564267023
1774150084720,2026-03-22 03:28:04.720,69440.0,0.01461,B,1014.5183999999999,1023585157031189
1774150084720,2026-03-22 03:28:04.720,69440.0,0.00035,B,24.304,470012900696969
1774150084720,2026-03-22 03:28:04.720,69440.0,0.00016,B,11.1104,390238357857828
1774150084720,2026-03-22 03:28:04.720,69440.0,0.00017,B,11.8048,128461296648242
1774150084720,2026-03-22 03:28:04.720,69441.0,0.00017,B,11.80497,747351619251858
1774150084720,2026-03-22 03:28:04.720,69442.0,0.1,B,6944.200000000001,913845333184205
1774150084720,2026-03-22 03:28:04.720,69442.0,0.00017,B,11.805140000000002,995387920474926
1774150084720,2026-03-22 03:28:04.720,69443.0,0.1,B,6944.3,67668397638302
1774150084720,2026-03-22 03:28:04.720,69443.0,0.00017,B,11.80531,1106870049418388
1774150084720,2026-03-22 03:28:04.720,69443.0,0.003,B,208.329,1010939333722491
1774150084720,2026-03-22 03:28:04.720,69444.0,0.00017,B,11.805480000000001,273379257860093
1774150084720,2026-03-22 03:28:04.720,69444.0,0.05,B,3472.2000000000003,344169889088530
1774150084720,2026-03-22 03:28:04.720,69444.0,0.00319,B,221.52636,721798388631049
1774150084720,2026-03-22 03:28:04.720,69444.0,0.00017,B,11.805480000000001,445485209316933
1774150084720,2026-03-22 03:28:04.720,69445.0,0.00016,B,11.1112,477917369157074
1774150084720,2026-03-22 03:28:04.720,69445.0,0.00017,B,11.80565,364800210204749
1774150084720,2026-03-22 03:28:04.720,69446.0,0.0003,B,20.833799999999997,298998474800931
1774150084720,2026-03-22 03:28:04.720,69446.0,0.00017,B,11.80582,972359326516342
1774150084720,2026-03-22 03:28:04.720,69447.0,0.00017,B,11.805990000000001,733212488014984
1774150084720,2026-03-22 03:28:04.720,69448.0,0.003,B,208.344,788725541630393
1774150084720,2026-03-22 03:28:04.720,69448.0,0.00016,B,11.111680000000002,544178639864692
1774150084720,2026-03-22 03:28:04.720,69448.0,0.00021,B,14.58408,2491490462001
1774150084720,2026-03-22 03:28:04.720,69448.0,0.00017,B,11.80616,903507059914227
1774150084720,2026-03-22 03:28:04.720,69449.0,0.00017,B,11.80633,574413325697055
1774150085021,2026-03-22 03:28:05.021,69449.0,0.00142,A,98.61758,394778901787904
1774150085130,2026-03-22 03:28:05.130,69450.0,0.00143,B,99.3135,259596266444510
1774150085270,2026-03-22 03:28:05.270,69450.0,2e-05,B,1.389,987593190167227
1774150085270,2026-03-22 03:28:05.270,69450.0,0.00261,B,181.2645,824581035805369
1774150085438,2026-03-22 03:28:05.438,69450.0,0.00891,B,618.7995,23473531090476
1774150085438,2026-03-22 03:28:05.438,69450.0,0.07916,B,5497.661999999999,915039720608736
1774150085822,2026-03-22 03:28:05.822,69449.0,0.00017,A,11.80633,525386767331910
1774150086024,2026-03-22 03:28:06.024,69450.0,0.00245,B,170.1525,1091312130758779
1774150086716,2026-03-22 03:28:06.716,69450.0,0.06479,B,4499.6655,464465823181401
1774150086716,2026-03-22 03:28:06.716,69450.0,0.00017,B,11.806500000000002,1048867852007720
1774150086716,2026-03-22 03:28:06.716,69451.0,0.00017,B,11.80667,194229722767440
1774150086716,2026-03-22 03:28:06.716,69452.0,0.00017,B,11.806840000000001,355062876789248
1774150086716,2026-03-22 03:28:06.716,69449.0,0.06777,A,4706.55873,466397995507746
1774150086716,2026-03-22 03:28:06.716,69449.0,0.13969,A,9701.330810000001,213953944087517
1774150086716,2026-03-22 03:28:06.716,69449.0,0.00582,A,404.19318,876293794890618
1774150086716,2026-03-22 03:28:06.716,69449.0,0.01192,A,827.83208,5035911959748
1774150086716,2026-03-22 03:28:06.716,69449.0,0.0504,A,3500.2296,648453768395259
1774150086716,2026-03-22 03:28:06.716,69449.0,0.1244,A,8639.4556,797214684005261
1774150086716,2026-03-22 03:28:06.716,69453.0,0.00017,B,11.80701,1049324793515856
1774150086716,2026-03-22 03:28:06.716,69454.0,0.00071,B,49.31234,1043401979040598
1774150086716,2026-03-22 03:28:06.716,69454.0,0.00017,B,11.80718,335716384427016
1774150086716,2026-03-22 03:28:06.716,69455.0,0.004,B,277.82,379040097815950
1774150086716,2026-03-22 03:28:06.716,69455.0,0.05,B,3472.75,299656205096828
1774150086716,2026-03-22 03:28:06.716,69455.0,0.003,B,208.365,1079612097559888
1774150086716,2026-03-22 03:28:06.716,69455.0,0.00017,B,11.807350000000001,672656477965262
1774150086716,2026-03-22 03:28:06.716,69455.0,0.00015,B,10.418249999999999,217352585974040
1774150086716,2026-03-22 03:28:06.716,69456.0,0.0006,B,41.67359999999999,764189609583332
1774150086716,2026-03-22 03:28:06.716,69456.0,0.00016,B,11.112960000000001,1033835257720630
1774150086716,2026-03-22 03:28:06.716,69456.0,0.00017,B,11.80752,423207281978559
1774150086716,2026-03-22 03:28:06.716,69457.0,0.00287,B,199.34159000000002,192186852089143
1774150086716,2026-03-22 03:28:06.716,69457.0,0.00017,B,11.807690000000001,395362474608204
1774150086716,2026-03-22 03:28:06.716,69458.0,0.004,B,277.832,738525557374012
1774150086716,2026-03-22 03:28:06.716,69458.0,0.00017,B,11.807860000000002,498561823294234
1774150086716,2026-03-22 03:28:06.716,69459.0,0.00017,B,11.80803,842738817812452
1774150086716,2026-03-22 03:28:06.716,69460.0,0.003,B,208.38,580678862275683
1774150086716,2026-03-22 03:28:06.716,69460.0,0.00017,B,11.808200000000001,343262075710943
1774150086716,2026-03-22 03:28:06.716,69461.0,0.00017,B,11.80837,370175039044451
1774150086716,2026-03-22 03:28:06.716,69462.0,0.003,B,208.386,1115360960871970
1774150086716,2026-03-22 03:28:06.716,69462.0,0.00017,B,11.80854,237510785508058
1774150086716,2026-03-22 03:28:06.716,69463.0,0.01321,B,917.60623,258682411430774
1774150086903,2026-03-22 03:28:06.903,69463.0,0.05345,B,3712.79735,545628937624134
1774150086903,2026-03-22 03:28:06.903,69463.0,0.00016,B,11.114080000000001,280546314971223
1774150086903,2026-03-22 03:28:06.903,69463.0,0.00293,B,203.52659,199084194662151
1774150086903,2026-03-22 03:28:06.903,69463.0,0.00017,B,11.808710000000001,284350602527970
1774150086903,2026-03-22 03:28:06.903,69464.0,0.00017,B,11.80888,538017857879241
1774150086971,2026-03-22 03:28:06.971,69465.0,0.00017,B,11.809050000000001,431706070133504
1774150086971,2026-03-22 03:28:06.971,69466.0,0.00039,B,27.091739999999998,516132121563688
1774150086971,2026-03-22 03:28:06.971,69464.0,0.00018,A,12.50352,787355702878867
1774150086971,2026-03-22 03:28:06.971,69464.0,0.00023,A,15.97672,248565644433016
1774150086971,2026-03-22 03:28:06.971,69464.0,0.00025,A,17.366,685711775705815
1774150086971,2026-03-22 03:28:06.971,69464.0,0.00028,A,19.44992,308909391191927
1774150086971,2026-03-22 03:28:06.971,69464.0,0.00041,A,28.48024,1014079750976100
1774150086971,2026-03-22 03:28:06.971,69466.0,7e-05,B,4.86262,695914786966012
1774150086971,2026-03-22 03:28:06.971,69466.0,0.00015,B,10.419899999999998,908533086598061
1774150086971,2026-03-22 03:28:06.971,69466.0,0.00017,B,11.809220000000002,928823747359581
1774150086971,2026-03-22 03:28:06.971,69467.0,3e-05,B,2.08401,43608301370381
1774150086971,2026-03-22 03:28:06.971,69464.0,0.00085,A,59.044399999999996,607948640896332
1774150086971,2026-03-22 03:28:06.971,69464.0,0.00086,A,59.739039999999996,417121977358003
1774150086971,2026-03-22 03:28:06.971,69464.0,0.00114,A,79.18896,1089298161774954
1774150086971,2026-03-22 03:28:06.971,69464.0,0.00144,A,100.02816,1047669272379025
1774150086971,2026-03-22 03:28:06.971,69464.0,0.00155,A,107.66919999999999,278656139077206
1774150086971,2026-03-22 03:28:06.971,69464.0,0.00026,A,18.06064,412495981520771
1774150086971,2026-03-22 03:28:06.971,69467.0,0.00216,B,150.04872,139467799247713
1774150086971,2026-03-22 03:28:06.971,69467.0,0.00218,B,151.43806,638239618120894
1774150086971,2026-03-22 03:28:06.971,69467.0,0.0034,B,236.18779999999998,627395854711564
1774150086971,2026-03-22 03:28:06.971,69467.0,0.00381,B,264.66927,474891047810100
1774150086971,2026-03-22 03:28:06.971,69464.0,0.00397,A,275.77207999999996,622105197481913
1774150086971,2026-03-22 03:28:06.971,69467.0,0.005,B,347.335,1113771224109286
1774150086971,2026-03-22 03:28:06.971,69467.0,0.02549,B,1770.71383,91983172348073
1774150086971,2026-03-22 03:28:06.971,69467.0,0.00016,B,11.11472,84703307442489
1774150086971,2026-03-22 03:28:06.971,69467.0,0.00017,B,11.80939,267319919195791
1774150086971,2026-03-22 03:28:06.971,69468.0,0.00064,B,44.459520000000005,672383686816605
1774150086971,2026-03-22 03:28:06.971,69468.0,0.00017,B,11.809560000000001,606404231819163
1774150086971,2026-03-22 03:28:06.971,69469.0,0.003,B,208.407,290484871018718
1774150086971,2026-03-22 03:28:06.971,69469.0,0.00017,B,11.80973,684104813873470
1774150086971,2026-03-22 03:28:06.971,69470.0,0.00031,B,21.5357,100946061714549
1774150086971,2026-03-22 03:28:06.971,69471.0,0.00016,B,11.11536,959530983896443
1774150086971,2026-03-22 03:28:06.971,69476.0,6e-05,B,4.16856,818689675793685
1774150086971,2026-03-22 03:28:06.971,69464.0,0.03563,A,2475.00232,1125684171619088
1774150086971,2026-03-22 03:28:06.971,69476.0,0.0001,B,6.9476,363118809488221
1774150086971,2026-03-22 03:28:06.971,69477.0,0.00072,B,50.02344,1024781339309278
1774150086971,2026-03-22 03:28:06.971,69477.0,0.00016,B,11.116320000000002,523282764761801
1774150086971,2026-03-22 03:28:06.971,69479.0,0.01292,B,897.66868,452294222664647
1774150086971,2026-03-22 03:28:06.971,69480.0,0.00121,B,84.07079999999999,1057776021967482
1774150086971,2026-03-22 03:28:06.971,69480.0,0.00043,B,29.8764,787715031942949
1774150086971,2026-03-22 03:28:06.971,69480.0,0.00016,B,11.116800000000001,1055042761869205
1774150086971,2026-03-22 03:28:06.971,69481.0,0.05291,B,3676.23971,459617883974419
1774150086971,2026-03-22 03:28:06.971,69485.0,0.00016,B,11.117600000000001,576087896980804
1774150086971,2026-03-22 03:28:06.971,69485.0,0.001,B,69.485,682824265910213
1774150086971,2026-03-22 03:28:06.971,69486.0,0.00016,B,11.11776,588312093971155
1774150086971,2026-03-22 03:28:06.971,69489.0,0.00036,B,25.01604,156479360056588
1774150086971,2026-03-22 03:28:06.971,69489.0,0.001,B,69.489,888358118556786
1774150086971,2026-03-22 03:28:06.971,69489.0,0.00991,B,688.63599,545016449421346
1774150086971,2026-03-22 03:28:06.971,69489.0,0.20599,B,14314.03911,547535007061295
1774150086971,2026-03-22 03:28:06.971,69490.0,0.00016,B,11.118400000000001,1062302782748730
1774150086971,2026-03-22 03:28:06.971,69491.0,7.77256,B,540122.96696,637338767171094
1774150086971,2026-03-22 03:28:06.971,69491.0,0.86682,B,60236.18862,506268790178453
1774150086971,2026-03-22 03:28:06.971,69492.0,0.004,B,277.968,295369747374535
1774150086971,2026-03-22 03:28:06.971,69492.0,0.07258,B,5043.72936,1101974065177822
1774150086971,2026-03-22 03:28:06.971,69493.0,0.00036,B,25.017480000000003,1056863914429857
1774150086971,2026-03-22 03:28:06.971,69493.0,0.00016,B,11.11888,627795815728622
1774150086971,2026-03-22 03:28:06.971,69495.0,0.004,B,277.98,255036230352811
1774150086971,2026-03-22 03:28:06.971,69495.0,0.01151,B,799.88745,672862101280145
1774150086971,2026-03-22 03:28:06.971,69496.0,0.00704,B,489.25184,1046593043724743
1774150086971,2026-03-22 03:28:06.971,69496.0,0.00016,B,11.11936,526533992113255
1774150086971,2026-03-22 03:28:06.971,69496.0,0.07258,B,5044.01968,260279706918963
1774150086971,2026-03-22 03:28:06.971,69498.0,0.4128,B,28688.7744,1123496566896020
1774150086971,2026-03-22 03:28:06.971,69498.0,0.00867,B,602.5476600000001,13396477090336
1774150087116,2026-03-22 03:28:07.116,69486.0,0.00043,A,29.87898,943118585284581
1774150087231,2026-03-22 03:28:07.231,69492.0,0.021,B,1459.332,9452017726344
1774150087231,2026-03-22 03:28:07.231,69492.0,0.024,B,1667.808,458508114215755
1774150087231,2026-03-22 03:28:07.231,69486.0,0.00361,A,250.84446,328807255869290
1774150087526,2026-03-22 03:28:07.526,69487.0,0.021,B,1459.227,384528601246577
1774150087526,2026-03-22 03:28:07.526,69487.0,0.03191,B,2217.33017,80074218004405
1774150087526,2026-03-22 03:28:07.526,69488.0,0.01687,B,1172.26256,824046452125822
1774150087526,2026-03-22 03:28:07.526,69488.0,0.17135,B,11906.7688,744918671269424
1774150087526,2026-03-22 03:28:07.526,69488.0,0.008,B,555.904,418133165161681
1774150087526,2026-03-22 03:28:07.526,69488.0,1.25265,B,87044.1432,917487622034631
1774150087526,2026-03-22 03:28:07.526,69488.0,0.0089,B,618.4432,787932250516675
1774150087600,2026-03-22 03:28:07.600,69488.0,0.016,B,1111.808,599938013890527
1774150087600,2026-03-22 03:28:07.600,69487.0,0.00058,A,40.30246,599178216473776
1774150087600,2026-03-22 03:28:07.600,69488.0,0.008,B,555.904,951229118184873
1774150087600,2026-03-22 03:28:07.600,69488.0,0.029,B,2015.152,959487588762220
1774150087778,2026-03-22 03:28:07.778,69488.0,0.00028,B,19.456639999999997,337031063479107
1774150087833,2026-03-22 03:28:07.833,69488.0,1e-05,B,0.69488,557559638131238
1774150087833,2026-03-22 03:28:07.833,69489.0,0.0007,B,48.6423,243165791567855
1774150087978,2026-03-22 03:28:07.978,69488.0,0.00017,A,11.81296,919221453046058
1774150087978,2026-03-22 03:28:07.978,69489.0,0.00017,B,11.813130000000001,278151394634925
1774150088037,2026-03-22 03:28:08.037,69489.0,0.00016,B,11.11824,173364395250082
1774150088642,2026-03-22 03:28:08.642,69489.0,0.25819,B,17941.364909999997,46029667824711
1774150088642,2026-03-22 03:28:08.642,69489.0,0.00031,B,21.54159,137518251712326
1774150089245,2026-03-22 03:28:09.245,69489.0,0.00143,B,99.36927,447517053514171
1774150089245,2026-03-22 03:28:09.245,69489.0,0.00017,B,11.813130000000001,304397624087573
1774150089245,2026-03-22 03:28:09.245,69488.0,0.08362,A,5810.58656,662842273284386
1774150089245,2026-03-22 03:28:09.245,69487.0,0.00017,A,11.812790000000001,48667348157378
1774150089245,2026-03-22 03:28:09.245,69487.0,0.00015,A,10.42305,552449369546656
1774150089245,2026-03-22 03:28:09.245,69486.0,0.00017,A,11.81262,16697496193589
1774150089245,2026-03-22 03:28:09.245,69486.0,0.00015,A,10.422899999999998,280594126834758
1774150089245,2026-03-22 03:28:09.245,69485.0,0.00017,A,11.81245,579198187590685
1774150089245,2026-03-22 03:28:09.245,69485.0,0.001,A,69.485,77198644177190
1774150089245,2026-03-22 03:28:09.245,69481.0,0.003,A,208.443,744919741628325
1774150089245,2026-03-22 03:28:09.245,69477.0,0.00015,A,10.42155,1098080527143684
1774150089245,2026-03-22 03:28:09.245,69476.0,0.003,A,208.428,855615020938213
1774150089245,2026-03-22 03:28:09.245,69474.0,0.002,A,138.948,116803162191993
1774150089245,2026-03-22 03:28:09.245,69473.0,0.00016,A,11.115680000000001,796170447696437
1774150089245,2026-03-22 03:28:09.245,69471.0,0.00015,A,10.420649999999998,860025685683407
1774150089245,2026-03-22 03:28:09.245,69469.0,0.00017,A,11.80973,24342417537839
1774150089245,2026-03-22 03:28:09.245,69469.0,0.02878,A,1999.31782,242808870725616
1774150089245,2026-03-22 03:28:09.245,69468.0,0.05137,A,3568.57116,82807956443973
1774150089245,2026-03-22 03:28:09.245,69467.0,0.22579,A,15684.95393,774418063185771
1774150089505,2026-03-22 03:28:09.505,69467.0,0.00287,B,199.37029,933259828566627
1774150090013,2026-03-22 03:28:10.013,69461.0,0.00028,A,19.44908,1071754750372771
1774150090013,2026-03-22 03:28:10.013,69462.0,0.00057,B,39.59334,836511234384250
1774150090013,2026-03-22 03:28:10.013,69461.0,0.00059,A,40.98199,740041814052471
1774150090013,2026-03-22 03:28:10.013,69461.0,0.00013,A,9.029929999999998,763467572270319
1774150090013,2026-03-22 03:28:10.013,69461.0,2e-05,A,1.3892200000000001,881598230654377
1774150090013,2026-03-22 03:28:10.013,69460.0,0.001,A,69.46000000000001,57625209747073
1774150090013,2026-03-22 03:28:10.013,69459.0,0.00016,A,11.11344,538077240253464
1774150090013,2026-03-22 03:28:10.013,69459.0,0.00017,A,11.80803,626555384751153
1774150090013,2026-03-22 03:28:10.013,69459.0,0.00144,A,100.02096,577364398574930
1774150090013,2026-03-22 03:28:10.013,69462.0,0.00213,B,147.95406,1112145083629347
1774150090013,2026-03-22 03:28:10.013,69462.0,0.00604,B,419.55048,256949696167782
1774150090013,2026-03-22 03:28:10.013,69462.0,0.00641,B,445.25142,627240492337319
1774150090013,2026-03-22 03:28:10.013,69459.0,0.0099,A,687.6441000000001,1012635470725453
1774150090013,2026-03-22 03:28:10.013,69459.0,0.00143,A,99.32637000000001,585295417197210
1774150090013,2026-03-22 03:28:10.013,69462.0,0.1324,B,9196.7688,301584925231204
1774150090013,2026-03-22 03:28:10.013,69462.0,0.19446,B,13507.58052,401792816105259
1774150090013,2026-03-22 03:28:10.013,69462.0,0.01728,B,1200.30336,1125724514003259
1774150090013,2026-03-22 03:28:10.013,69462.0,0.01058,B,734.9079600000001,58477482171237
1774150090013,2026-03-22 03:28:10.013,69462.0,0.00144,B,100.02528000000001,170576476686890
1774150090013,2026-03-22 03:28:10.013,69462.0,0.82619,B,57388.809779999996,659607272222674
1774150090013,2026-03-22 03:28:10.013,69462.0,0.35,B,24311.699999999997,1042836126103265
1774150090013,2026-03-22 03:28:10.013,69462.0,0.21,B,14587.019999999999,523329805871281
1774150090013,2026-03-22 03:28:10.013,69462.0,0.10574,B,7344.91188,424801124332518
1774150090013,2026-03-22 03:28:10.013,69462.0,0.7566,B,52554.9492,991665331877869
1774150090013,2026-03-22 03:28:10.013,69462.0,1.1975,B,83180.745,986168584660751
1774150090013,2026-03-22 03:28:10.013,69462.0,0.05682,B,3946.83084,160905299580796
1774150090013,2026-03-22 03:28:10.013,69462.0,0.15434,B,10720.765080000001,1001362463176134
1774150090013,2026-03-22 03:28:10.013,69462.0,0.08,B,5556.96,582437562907753
1774150090013,2026-03-22 03:28:10.013,69462.0,0.26651,B,18512.31762,727525999102405
1774150090013,2026-03-22 03:28:10.013,69462.0,0.05682,B,3946.83084,574529605338377
1774150090013,2026-03-22 03:28:10.013,69462.0,0.24365,B,16924.4163,136255556078965
1774150090013,2026-03-22 03:28:10.013,69462.0,0.26837,B,18641.51694,811239150005862
1774150090013,2026-03-22 03:28:10.013,69462.0,0.21,B,14587.019999999999,393261357228434
1774150090013,2026-03-22 03:28:10.013,69462.0,1.02553,B,71235.36486,441626221793356
1774150090013,2026-03-22 03:28:10.013,69462.0,0.17511,B,12163.490819999999,763036668400463
1774150090013,2026-03-22 03:28:10.013,69459.0,0.0009,A,62.5131,606643329754436
1774150090013,2026-03-22 03:28:10.013,69462.0,0.23903,B,16603.50186,306597318525363
1774150090013,2026-03-22 03:28:10.013,69462.0,0.31529,B,21900.67398,367653792548160
1774150090256,2026-03-22 03:28:10.256,69459.0,0.00043,A,29.867369999999998,871263390947634
1774150091029,2026-03-22 03:28:11.029,69459.0,0.00017,A,11.80803,1033369613513240
1774150091029,2026-03-22 03:28:11.029,69459.0,0.07611,A,5286.52449,614351086717630
1774150091029,2026-03-22 03:28:11.029,69458.0,0.00017,A,11.807860000000002,161826550767819
1774150091029,2026-03-22 03:28:11.029,69458.0,0.00015,A,10.4187,1092097913240651
1774150091029,2026-03-22 03:28:11.029,69457.0,0.00017,A,11.807690000000001,178985333254038
1774150091029,2026-03-22 03:28:11.029,69457.0,0.05665,A,3934.73905,520392152127219
1774150091029,2026-03-22 03:28:11.029,69456.0,0.06138,A,4263.20928,938162629316605
1774150091029,2026-03-22 03:28:11.029,69456.0,0.00017,A,11.80752,910320715421718
1774150091029,2026-03-22 03:28:11.029,69455.0,0.003,A,208.365,762157419170990
1774150091029,2026-03-22 03:28:11.029,69455.0,0.00017,A,11.807350000000001,349115578562076
1774150091029,2026-03-22 03:28:11.029,69454.0,0.01151,A,799.41554,422358997330993
1774150091029,2026-03-22 03:28:11.029,69454.0,0.00017,A,11.80718,519701916980799
1774150091029,2026-03-22 03:28:11.029,69453.0,0.00017,A,11.80701,738506202383235
1774150091029,2026-03-22 03:28:11.029,69452.0,0.00017,A,11.806840000000001,183422703482777
1774150091029,2026-03-22 03:28:11.029,69452.0,0.001,A,69.452,916314094961437
1774150091029,2026-03-22 03:28:11.029,69451.0,0.00017,A,11.80667,630348995005929
1774150091029,2026-03-22 03:28:11.029,69451.0,0.00759,A,527.13309,844830240806568
1774150091029,2026-03-22 03:28:11.029,69451.0,0.00015,A,10.417649999999998,293999188106317
1774150091029,2026-03-22 03:28:11.029,69450.0,0.00017,A,11.806500000000002,549980260265829
1774150091029,2026-03-22 03:28:11.029,69450.0,0.18076,A,12553.782000000001,839842481204411
1774150091616,2026-03-22 03:28:11.616,69450.0,0.00022,A,15.279,52414226754917
1774150091698,2026-03-22 03:28:11.698,69450.0,0.21382,A,14849.799,714313988176646
1774150091820,2026-03-22 03:28:11.820,69451.0,0.05735,B,3983.01485,164480613298155
1774150091820,2026-03-22 03:28:11.820,69450.0,0.14461,A,10043.164499999999,308581205075235
1774150091820,2026-03-22 03:28:11.820,69450.0,0.06921,A,4806.634499999999,639910161717980
1774150091896,2026-03-22 03:28:11.896,69450.0,0.21382,A,14849.799,980479654741817
1774150092065,2026-03-22 03:28:12.065,69450.0,0.00017,A,11.806500000000002,646083266940519
1774150092065,2026-03-22 03:28:12.065,69450.0,0.14794,A,10274.432999999999,15477074425088
1774150092065,2026-03-22 03:28:12.065,69450.0,0.06587,A,4574.6714999999995,710397489134080
1774150092236,2026-03-22 03:28:12.236,69450.0,0.21381,A,14849.1045,1086249589817771
1774150092236,2026-03-22 03:28:12.236,69450.0,0.03371,A,2341.1594999999998,336134113942282
1774150092236,2026-03-22 03:28:12.236,69450.0,0.1801,A,12507.945000000002,335862860051078
1774150092446,2026-03-22 03:28:12.446,69450.0,0.4,A,27780.0,678198231721024
1774150092500,2026-03-22 03:28:12.500,69450.0,0.00488,A,338.916,123516238391523
1774150092500,2026-03-22 03:28:12.500,69450.0,0.20893,A,14510.1885,659891880243588
1774150093441,2026-03-22 03:28:13.441,69450.0,0.0004,A,27.78,793732493911054
1774150093640,2026-03-22 03:28:13.640,69451.0,0.00017,B,11.80667,730521393826977
1774150093640,2026-03-22 03:28:13.640,69451.0,0.01461,B,1014.67911,655328453707121
1774150093640,2026-03-22 03:28:13.640,69452.0,0.00015,B,10.4178,617441403208806
1774150093640,2026-03-22 03:28:13.640,69452.0,0.00017,B,11.806840000000001,440759913500382
1774150093640,2026-03-22 03:28:13.640,69453.0,0.00017,B,11.80701,181488544171074
1774150093640,2026-03-22 03:28:13.640,69454.0,0.00017,B,11.80718,413468064666650
1774150093640,2026-03-22 03:28:13.640,69455.0,0.54008,B,37511.2564,183960850596590
1774150093640,2026-03-22 03:28:13.640,69455.0,0.02976,B,2066.9808000000003,533582576338645
1774150094843,2026-03-22 03:28:14.843,69456.0,0.003,B,208.368,487028581603994
1774150094843,2026-03-22 03:28:14.843,69456.0,0.00017,B,11.80752,1017525877789701
1774150094843,2026-03-22 03:28:14.843,69457.0,0.00017,B,11.807690000000001,71174591398944
1774150094843,2026-03-22 03:28:14.843,69458.0,0.00017,B,11.807860000000002,168044244970084
1774150094843,2026-03-22 03:28:14.843,69459.0,0.00017,B,11.80803,957470575766921
1774150094843,2026-03-22 03:28:14.843,69460.0,0.00017,B,11.808200000000001,246604556562812
1774150094843,2026-03-22 03:28:14.843,69460.0,0.01673,B,1162.0657999999999,90609607061186
1774150094843,2026-03-22 03:28:14.843,69460.0,0.00346,B,240.3316,536741179881754
1774150095264,2026-03-22 03:28:15.264,69459.0,0.0023,A,159.7557,214275927441423
1774150095451,2026-03-22 03:28:15.451,69459.0,0.00017,A,11.80803,457241574818799
1774150095554,2026-03-22 03:28:15.554,69460.0,0.02011,B,1396.8406,803058010459859
1774150095554,2026-03-22 03:28:15.554,69460.0,0.08937,B,6207.640200000001,533487235171742
1774150095554,2026-03-22 03:28:15.554,69460.0,0.00017,B,11.808200000000001,907045638869987
1774150095554,2026-03-22 03:28:15.554,69461.0,0.00017,B,11.80837,296017692380719
1774150095554,2026-03-22 03:28:15.554,69462.0,0.00017,B,11.80854,368699858605130
1774150095554,2026-03-22 03:28:15.554,69463.0,0.00017,B,11.808710000000001,845554779630124
1774150095554,2026-03-22 03:28:15.554,69463.0,0.00015,B,10.41945,875169879617749
1774150095554,2026-03-22 03:28:15.554,69464.0,0.00017,B,11.80888,785337261815536
1774150095554,2026-03-22 03:28:15.554,69464.0,0.001,B,69.464,703975578455641
1774150095554,2026-03-22 03:28:15.554,69464.0,0.05665,B,3935.1356,263251129382189
1774150095554,2026-03-22 03:28:15.554,69465.0,0.004,B,277.86,685580558408479
1774150095554,2026-03-22 03:28:15.554,69465.0,0.003,B,208.395,186728226740596
1774150095554,2026-03-22 03:28:15.554,69465.0,0.00015,B,10.419749999999999,577401585198721
1774150095554,2026-03-22 03:28:15.554,69465.0,0.00017,B,11.809050000000001,965816992240178
1774150095554,2026-03-22 03:28:15.554,69466.0,0.00017,B,11.809220000000002,513418676205540
1774150095554,2026-03-22 03:28:15.554,69466.0,0.37661,B,26161.59026,814894239153699
1774150095554,2026-03-22 03:28:15.554,69466.0,0.14009,B,9731.49194,858679288850477
1774150095655,2026-03-22 03:28:15.655,69465.0,0.00015,A,10.419749999999999,972867588800943
1774150096020,2026-03-22 03:28:16.020,69465.0,0.00028,A,19.4502,450377042374924
1774150096354,2026-03-22 03:28:16.354,69466.0,0.00015,B,10.419899999999998,436537457413555
1774150097391,2026-03-22 03:28:17.391,69466.0,0.00144,B,100.03104,509531530241762
1774150097735,2026-03-22 03:28:17.735,69466.0,0.21454,B,14903.23564,506419733777333
1774150097735,2026-03-22 03:28:17.735,69466.0,0.066,B,4584.756,931891639560849
1774150097735,2026-03-22 03:28:17.735,69466.0,0.72751,B,50537.20966,248723359301150
1774150097735,2026-03-22 03:28:17.735,69466.0,1.45506,B,101077.19796,622339811065090
1774150097735,2026-03-22 03:28:17.735,69466.0,0.00017,B,11.809220000000002,1030129849589138
1774150097735,2026-03-22 03:28:17.735,69466.0,0.10796,B,7499.54936,984973957276146
1774150097735,2026-03-22 03:28:17.735,69466.0,0.71989,B,50007.87874,1122422197455855
1774150097735,2026-03-22 03:28:17.735,69466.0,0.07212,B,5009.88792,54768743918493
1774150097735,2026-03-22 03:28:17.735,69466.0,0.29464,B,20467.46224,634798575163178
1774150097735,2026-03-22 03:28:17.735,69466.0,0.34211,B,23765.013260000003,271423622291650
1774150097974,2026-03-22 03:28:17.974,69465.0,0.23031,A,15998.484149999998,821261386273913
1774150097974,2026-03-22 03:28:17.974,69464.0,0.00015,A,10.419599999999999,701099623981098
1774150097974,2026-03-22 03:28:17.974,69460.0,0.003,A,208.38,298272038114308
1774150097974,2026-03-22 03:28:17.974,69459.0,0.05665,A,3934.85235,247703042241079
1774150097974,2026-03-22 03:28:17.974,69458.0,0.004,A,277.832,463987487333706
1774150097974,2026-03-22 03:28:17.974,69456.0,0.00015,A,10.418399999999998,231959849899636
1774150097974,2026-03-22 03:28:17.974,69455.0,0.003,A,208.365,724940278744550
1774150097974,2026-03-22 03:28:17.974,69455.0,0.05148,A,3575.5434,981598720644108
1774150097974,2026-03-22 03:28:17.974,69455.0,0.00017,A,11.807350000000001,611531179516383
1774150097974,2026-03-22 03:28:17.974,69454.0,0.00016,A,11.11264,443535051714501
1774150097974,2026-03-22 03:28:17.974,69454.0,0.00017,A,11.80718,761852826154110
1774150097974,2026-03-22 03:28:17.974,69453.0,0.05208,A,3617.11224,7900406933859
1774150097974,2026-03-22 03:28:17.974,69453.0,0.00017,A,11.80701,35688433433174
1774150097974,2026-03-22 03:28:17.974,69452.0,0.00759,A,527.14068,709762035616471
1774150097974,2026-03-22 03:28:17.974,69452.0,0.10185,A,7073.6862,669732750066700
1774150097974,2026-03-22 03:28:17.974,69452.0,0.00017,A,11.806840000000001,281370803517730
1774150097974,2026-03-22 03:28:17.974,69451.0,0.11921,A,8279.253709999999,377246358131702
1774150098039,2026-03-22 03:28:18.039,69451.0,0.00027,A,18.75177,1035088119885864
1774150098176,2026-03-22 03:28:18.176,69452.0,0.02161,B,1500.85772,570748923288445
1774150098313,2026-03-22 03:28:18.313,69451.0,0.00017,A,11.80667,642475921999080
1774150098313,2026-03-22 03:28:18.313,69450.0,0.00017,A,11.806500000000002,647103247056036
1774150098313,2026-03-22 03:28:18.313,69450.0,0.001,A,69.45,433329232419711
1774150098313,2026-03-22 03:28:18.313,69450.0,0.1,A,6945.0,242125100375895
1774150098313,2026-03-22 03:28:18.313,69449.0,0.00017,A,11.80633,934958402606299
1774150098313,2026-03-22 03:28:18.313,69448.0,0.00017,A,11.80616,40943922154579
1774150098313,2026-03-22 03:28:18.313,69447.0,0.00017,A,11.805990000000001,999981123015873
1774150098313,2026-03-22 03:28:18.313,69447.0,0.41317,A,28693.416989999998,256704066004039
1774150098313,2026-03-22 03:28:18.313,69446.0,0.00016,A,11.111360000000001,983519552901512
1774150098313,2026-03-22 03:28:18.313,69446.0,0.00017,A,11.80582,1063540973957771
1774150098313,2026-03-22 03:28:18.313,69446.0,0.00071,A,49.30666,542588530321719
1774150098313,2026-03-22 03:28:18.313,69446.0,0.00015,A,10.416899999999998,1074654372431306
1774150098313,2026-03-22 03:28:18.313,69445.0,0.00017,A,11.80565,649864517267544
1774150098313,2026-03-22 03:28:18.313,69445.0,0.00211,A,146.52894999999998,468738506811041
1774150098313,2026-03-22 03:28:18.313,69445.0,0.42128,A,29255.7896,1067673409089200
1774150098313,2026-03-22 03:28:18.313,69444.0,0.01152,A,799.9948800000001,1062106452269430
1774150098313,2026-03-22 03:28:18.313,69444.0,0.00017,A,11.805480000000001,783769067938689
1774150098313,2026-03-22 03:28:18.313,69444.0,0.00033,A,22.91652,1082509922067301
1774150098313,2026-03-22 03:28:18.313,69443.0,0.00017,A,11.80531,743912357867964
1774150098313,2026-03-22 03:28:18.313,69442.0,0.001,A,69.44200000000001,44750337696859
1774150098313,2026-03-22 03:28:18.313,69442.0,0.43398,A,30136.439159999998,369974421597117
1774150098313,2026-03-22 03:28:18.313,69439.0,0.00016,A,11.110240000000001,350899778248435
1774150098313,2026-03-22 03:28:18.313,69439.0,0.01152,A,799.9372800000001,701359614127742
1774150098313,2026-03-22 03:28:18.313,69439.0,0.10612,A,7368.86668,801834359203257
1774150098313,2026-03-22 03:28:18.313,69434.0,0.07199,A,4998.55366,403956918468011
1774150098313,2026-03-22 03:28:18.313,69434.0,0.01152,A,799.87968,836998400655443
1774150098313,2026-03-22 03:28:18.313,69434.0,0.00022,A,15.27548,440841958544554
1774150098313,2026-03-22 03:28:18.313,69432.0,0.17956,A,12467.20992,673653767018900
1774150098552,2026-03-22 03:28:18.552,69436.0,0.0014,B,97.21039999999999,802368030694602
1774150098552,2026-03-22 03:28:18.552,69436.0,0.00086,B,59.71496,790333874320024
1774150098712,2026-03-22 03:28:18.712,69436.0,0.02572,B,1785.89392,617838986813090
1774150098797,2026-03-22 03:28:18.797,69435.0,0.00206,A,143.0361,800163111408575
1774150098940,2026-03-22 03:28:18.940,69435.0,0.00017,A,11.80395,939771636047201
1774150099003,2026-03-22 03:28:19.003,69436.0,0.00143,B,99.29348,978666463705497
1774150099550,2026-03-22 03:28:19.550,69435.0,0.0063,A,437.4405,448883369304667
1774150099937,2026-03-22 03:28:19.937,69435.0,0.13933,A,9674.378550000001,574392080816269
1774150099937,2026-03-22 03:28:19.937,69435.0,0.26067,A,18099.621450000002,685098169548542
1774150099937,2026-03-22 03:28:19.937,69436.0,0.00017,B,11.804120000000001,679293973855732
1774150099937,2026-03-22 03:28:19.937,69436.0,0.00023,B,15.97028,716572767137361
1774150100767,2026-03-22 03:28:20.767,69435.0,0.00288,A,199.9728,262156988234887
1774150100767,2026-03-22 03:28:20.767,69436.0,0.00053,B,36.80108,271616668315554
1774150100767,2026-03-22 03:28:20.767,69435.0,0.22753,A,15798.54555,31909377067878
1774150100767,2026-03-22 03:28:20.767,69432.0,0.18599,A,12913.657679999998,607529241341599
1774150100767,2026-03-22 03:28:20.767,69432.0,0.00015,A,10.4148,651259765214786
1774150100767,2026-03-22 03:28:20.767,69432.0,0.00017,A,11.80344,343255494161024
1774150100767,2026-03-22 03:28:20.767,69431.0,0.00017,A,11.803270000000001,241685562552716
1774150100767,2026-03-22 03:28:20.767,69430.0,0.00017,A,11.8031,19415247820144
1774150100767,2026-03-22 03:28:20.767,69429.0,0.00017,A,11.802930000000002,450379589565223
1774150100767,2026-03-22 03:28:20.767,69428.0,0.00017,A,11.802760000000001,478885357974004
1774150100767,2026-03-22 03:28:20.767,69428.0,0.05665,A,3933.0962,1125220760055984
1774150100767,2026-03-22 03:28:20.767,69427.0,0.003,A,208.281,368708837096529
1774150100767,2026-03-22 03:28:20.767,69427.0,0.00017,A,11.80259,301077657286228
1774150100767,2026-03-22 03:28:20.767,69426.0,0.00017,A,11.802420000000001,827879371202304
1774150100767,2026-03-22 03:28:20.767,69425.0,0.00017,A,11.80225,737786119945172
1774150100767,2026-03-22 03:28:20.767,69424.0,0.00016,A,11.107840000000001,170668898562372
1774150100767,2026-03-22 03:28:20.767,69424.0,0.01152,A,799.76448,616606356650691
1774150100767,2026-03-22 03:28:20.767,69424.0,0.00017,A,11.80208,653267974708746
1774150100767,2026-03-22 03:28:20.767,69424.0,0.05135,A,3564.9224,941325019620052
1774150100767,2026-03-22 03:28:20.767,69423.0,0.00017,A,11.801910000000001,842527777162632
1774150100767,2026-03-22 03:28:20.767,69422.0,0.003,A,208.266,527397861401472
1774150100767,2026-03-22 03:28:20.767,69422.0,0.00017,A,11.80174,20868166074894
1774150100767,2026-03-22 03:28:20.767,69422.0,0.2,A,13884.400000000001,120510669621077
1774150100767,2026-03-22 03:28:20.767,69422.0,0.1009,A,7004.6798,890752305842285
1774150100767,2026-03-22 03:28:20.767,69421.0,0.004,A,277.684,549262588355720
1774150100767,2026-03-22 03:28:20.767,69421.0,0.00017,A,11.801570000000002,159722732557094
1774150100767,2026-03-22 03:28:20.767,69420.0,0.00016,A,11.1072,1011296344322917
1774150100767,2026-03-22 03:28:20.767,69420.0,0.00017,A,11.801400000000001,93756197734522
1774150100767,2026-03-22 03:28:20.767,69420.0,0.06801,A,4721.2542,820394389309692
1774150100988,2026-03-22 03:28:20.988,69419.0,0.00016,A,11.107040000000001,172498588272263
1774150100988,2026-03-22 03:28:20.988,69419.0,0.01152,A,799.7068800000001,440628484980016
1774150100988,2026-03-22 03:28:20.988,69419.0,0.00017,A,11.80123,431243921093175
1774150100988,2026-03-22 03:28:20.988,69419.0,0.00105,A,72.88995,966835157560308
1774150101090,2026-03-22 03:28:21.090,69419.0,0.00028,A,19.43732,680224460211796
1774150101412,2026-03-22 03:28:21.412,69418.0,0.00017,A,11.801060000000001,1062917112722996
1774150101412,2026-03-22 03:28:21.412,69418.0,0.00173,A,120.09314,127557649048874
1774150101567,2026-03-22 03:28:21.567,69418.0,0.00029,A,20.13122,643219410128020
1774150101828,2026-03-22 03:28:21.828,69419.0,0.004,B,277.676,782984382405385
1774150101910,2026-03-22 03:28:21.910,69419.0,0.0129,B,895.5051,1041742552354014
1774150101971,2026-03-22 03:28:21.971,69418.0,0.0003,A,20.8254,175712126698996
1774150102434,2026-03-22 03:28:22.434,69426.0,0.00017,B,11.802420000000001,327646143402487
1774150102793,2026-03-22 03:28:22.793,69426.0,0.00027,B,18.74502,591921725027388
1774150103040,2026-03-22 03:28:23.040,69425.0,0.00044,A,30.547,126262859139541
1774150103210,2026-03-22 03:28:23.210,69425.0,0.00015,A,10.413749999999999,282718932873574
1774150103378,2026-03-22 03:28:23.378,69425.0,0.0393,A,2728.4025,213698362155999
1774150103598,2026-03-22 03:28:23.598,69425.0,0.0004,A,27.77,873306466885253
1774150104004,2026-03-22 03:28:24.004,69426.0,0.007,B,485.982,491546394548973
1774150104004,2026-03-22 03:28:24.004,69425.0,0.00029,A,20.13325,1044009427620066
1774150104205,2026-03-22 03:28:24.205,69425.0,0.0087,A,603.9975,1104755784802017
1774150104205,2026-03-22 03:28:24.205,69425.0,0.00138,A,95.8065,887901815136842
1774150104477,2026-03-22 03:28:24.477,69425.0,0.15481,A,10747.68425,20469027287200
1774150104477,2026-03-22 03:28:24.477,69425.0,0.21002,A,14580.638500000001,111984470136522
1774150104477,2026-03-22 03:28:24.477,69425.0,0.07417,A,5149.25225,148497336727083
1774150104477,2026-03-22 03:28:24.477,69425.0,0.12977,A,9009.28225,717413592083716
1774150104477,2026-03-22 03:28:24.477,69425.0,0.23346,A,16207.9605,28582981755196
1774150104477,2026-03-22 03:28:24.477,69425.0,0.18903,A,13123.40775,99792781324300
1774150104477,2026-03-22 03:28:24.477,69425.0,0.08843,A,6139.25275,211000652944758
1774150104477,2026-03-22 03:28:24.477,69425.0,0.91267,A,63362.11475,1083227972449914
1774150104477,2026-03-22 03:28:24.477,69425.0,0.43453,A,30167.245250000004,704924597563831
1774150104477,2026-03-22 03:28:24.477,69425.0,0.30214,A,20976.0695,793375705175279
1774150104477,2026-03-22 03:28:24.477,69425.0,0.09005,A,6251.7212500000005,1018009387179971
1774150104477,2026-03-22 03:28:24.477,69425.0,0.37532,A,26056.591,909994702870571
1774150104477,2026-03-22 03:28:24.477,69425.0,0.5,A,34712.5,503645478227647
1774150104477,2026-03-22 03:28:24.477,69425.0,0.00371,A,257.56675,740822600293332
1774150104477,2026-03-22 03:28:24.477,69425.0,0.0288,A,1999.44,617719907073180
1774150104477,2026-03-22 03:28:24.477,69425.0,0.09006,A,6252.4155,623230537983241
1774150104477,2026-03-22 03:28:24.477,69425.0,0.1428,A,9913.890000000001,222995709235252
1774150104477,2026-03-22 03:28:24.477,69425.0,0.12706,A,8821.140500000001,39080087779513
1774150104477,2026-03-22 03:28:24.477,69425.0,0.12215,A,8480.26375,20857760996280
1774150104477,2026-03-22 03:28:24.477,69425.0,0.42708,A,29650.029000000002,458640604838166
1774150104477,2026-03-22 03:28:24.477,69425.0,0.12098,A,8399.0365,311035695679615
1774150104477,2026-03-22 03:28:24.477,69425.0,0.14897,A,10342.24225,170102242490342
1774150104477,2026-03-22 03:28:24.477,69425.0,0.23045,A,15998.99125,233560237196335
1774150104477,2026-03-22 03:28:24.477,69425.0,0.07269,A,5046.503250000001,116629400917111
1774150104477,2026-03-22 03:28:24.477,69425.0,0.27297,A,18950.94225,923378897328676
1774150104477,2026-03-22 03:28:24.477,69425.0,0.11694,A,8118.5595,436755477977330
1774150104477,2026-03-22 03:28:24.477,69424.0,0.05665,A,3932.8696,545802845584087
1774150104477,2026-03-22 03:28:24.477,69424.0,0.10803,A,7499.87472,1092713796978608
1774150104477,2026-03-22 03:28:24.477,69423.0,1.08051,A,75012.24573000001,447155474578160
1774150104477,2026-03-22 03:28:24.477,69422.0,0.00033,A,22.90926,381879870671510
1774150104477,2026-03-22 03:28:24.477,69421.0,0.00072,A,49.98312000000001,195293976970921
1774150104477,2026-03-22 03:28:24.477,69421.0,0.05084,A,3529.36364,771252172210809
1774150104477,2026-03-22 03:28:24.477,69421.0,0.10176,A,7064.28096,395597552095509
1774150104477,2026-03-22 03:28:24.477,69420.0,0.003,A,208.26,376243945218262
1774150104477,2026-03-22 03:28:24.477,69419.0,0.05137,A,3566.05403,1018258507490278
1774150104477,2026-03-22 03:28:24.477,69419.0,0.01152,A,799.7068800000001,543939305208998
1774150104477,2026-03-22 03:28:24.477,69419.0,0.03056,A,2121.44464,1039327176754973
1774150104477,2026-03-22 03:28:24.477,69419.0,0.72035,A,50005.976650000004,576413197041099
1774150104477,2026-03-22 03:28:24.477,69418.0,0.066,A,4581.588000000001,175971246215469
1774150104477,2026-03-22 03:28:24.477,69418.0,1.0806,A,75013.0908,1108786640607835
1774150104477,2026-03-22 03:28:24.477,69418.0,0.41335,A,28693.9303,500469023406195
1774150104477,2026-03-22 03:28:24.477,69418.0,0.00017,A,11.801060000000001,486599842532523
1774150104477,2026-03-22 03:28:24.477,69418.0,0.54321,A,37708.55178,474118511618080
1774150104477,2026-03-22 03:28:24.477,69418.0,0.16307,A,11319.99326,245122107946248
1774150104477,2026-03-22 03:28:24.477,69418.0,0.2,A,13883.6,818245459510550
1774150104477,2026-03-22 03:28:24.477,69418.0,0.01451,A,1007.25518,464571011127086
1774150104477,2026-03-22 03:28:24.477,69418.0,0.10077,A,6995.25186,921183963822903
1774150104477,2026-03-22 03:28:24.477,69418.0,0.04154,A,2883.62372,775493208353159
1774150104477,2026-03-22 03:28:24.477,69418.0,0.004,A,277.672,92045916713376
1774150104477,2026-03-22 03:28:24.477,69418.0,0.02881,A,1999.93258,72537388736427
1774150104477,2026-03-22 03:28:24.477,69417.0,0.00017,A,11.80089,1113171763594751
1774150104477,2026-03-22 03:28:24.477,69417.0,0.50427,A,35004.91059,529062287371078
1774150104477,2026-03-22 03:28:24.477,69416.0,0.00017,A,11.80072,332045039222908
1774150104477,2026-03-22 03:28:24.477,69416.0,0.10264,A,7124.85824,916665730397593
1774150104477,2026-03-22 03:28:24.477,69416.0,0.42145,A,29255.373199999998,1068841290295224
1774150104477,2026-03-22 03:28:24.477,69416.0,0.07201,A,4998.64616,768577013180595
1774150104477,2026-03-22 03:28:24.477,69416.0,0.21612,A,15002.18592,1082621126776386
1774150104477,2026-03-22 03:28:24.477,69416.0,0.50428,A,35005.100479999994,734370636047046
1774150104477,2026-03-22 03:28:24.477,69415.0,0.00043,A,29.84845,991146280046934
1774150104477,2026-03-22 03:28:24.477,69415.0,0.00017,A,11.800550000000001,753806314350289
1774150104477,2026-03-22 03:28:24.477,69415.0,0.05291,A,3672.74765,759579667203510
1774150104477,2026-03-22 03:28:24.477,69415.0,0.01634,A,1134.2411,690591559590929
1774150104477,2026-03-22 03:28:24.477,69415.0,1.44057,A,99997.16655,1048502065499224
1774150104477,2026-03-22 03:28:24.477,69415.0,8.19774,A,569046.1220999999,809181723157573
1774150104814,2026-03-22 03:28:24.814,69416.0,0.00015,B,10.4124,998524065780636
1774150105208,2026-03-22 03:28:25.208,69416.0,0.00305,B,211.71880000000002,914919513518143
1774150105419,2026-03-22 03:28:25.419,69415.0,1.4406,A,99999.24900000001,84660154188703
1774150105419,2026-03-22 03:28:25.419,69415.0,0.05042,A,3499.9043,344419921708949
1774150105419,2026-03-22 03:28:25.419,69415.0,0.1286,A,8926.769,404947427819087
1774150105419,2026-03-22 03:28:25.419,69415.0,0.2379,A,16513.8285,1123412395082105
1774150105419,2026-03-22 03:28:25.419,69415.0,0.15957,A,11076.55155,86221613096987
1774150105419,2026-03-22 03:28:25.419,69415.0,0.06689,A,4643.16935,544119727512528
1774150105419,2026-03-22 03:28:25.419,69415.0,0.34578,A,24002.3187,477481915982423
1774150105419,2026-03-22 03:28:25.419,69415.0,1.4322,A,99416.163,478386879629336
1774150105807,2026-03-22 03:28:25.807,69416.0,0.00017,B,11.80072,461192484584515
1774150106428,2026-03-22 03:28:26.428,69415.0,0.00017,A,11.800550000000001,915390535920504
1774150106428,2026-03-22 03:28:26.428,69415.0,0.23048,A,15998.769199999999,151180292332464
1774150106428,2026-03-22 03:28:26.428,69415.0,0.04151,A,2881.4166499999997,955296588901505
1774150106626,2026-03-22 03:28:26.626,69415.0,0.04855,A,3370.09825,879740072529529
1774150106626,2026-03-22 03:28:26.626,69415.0,0.22361,A,15521.88815,311547320602476
1774150106695,2026-03-22 03:28:26.695,69415.0,0.00029,A,20.13035,724290081082140
1774150106695,2026-03-22 03:28:26.695,69416.0,0.00017,B,11.80072,21831116243605
1774150106695,2026-03-22 03:28:26.695,69417.0,0.00017,B,11.80089,889507983335608
1774150106695,2026-03-22 03:28:26.695,69418.0,0.00015,B,10.4127,78896987213566
1774150106695,2026-03-22 03:28:26.695,69418.0,4e-05,B,2.77672,46557431493479
1774150106820,2026-03-22 03:28:26.820,69417.0,0.12079,A,8384.879429999999,170687817901229
1774150106820,2026-03-22 03:28:26.820,69417.0,0.08,A,5553.36,1064336101802218
1774150106820,2026-03-22 03:28:26.820,69417.0,0.18488,A,12833.81496,41466695053072
1774150106820,2026-03-22 03:28:26.820,69417.0,0.00345,A,239.48865,69805162574567
1774150106887,2026-03-22 03:28:26.887,69417.0,0.51655,A,35857.35135,97867779990086
1774150106887,2026-03-22 03:28:26.887,69417.0,0.25586,A,17761.03362,27223825699515
1774150106887,2026-03-22 03:28:26.887,69417.0,0.25586,A,17761.03362,975275020886616
1774150106887,2026-03-22 03:28:26.887,69417.0,0.06832,A,4742.56944,842446768065251
1774150106887,2026-03-22 03:28:26.887,69417.0,0.18107,A,12569.33619,152727282529121
1774150106887,2026-03-22 03:28:26.887,69417.0,0.74805,A,51927.38685,823053232644109
1774150106887,2026-03-22 03:28:26.887,69417.0,0.07232,A,5020.23744,772757244747765
1774150106887,2026-03-22 03:28:26.887,69417.0,0.35,A,24295.949999999997,1020755320030629
1774150106887,2026-03-22 03:28:26.887,69417.0,1.44058,A,100000.74186,488710541447791
1774150106887,2026-03-22 03:28:26.887,69417.0,0.07898,A,5482.55466,753414844519345
1774150106887,2026-03-22 03:28:26.887,69417.0,1.44058,A,100000.74186,26968734696249
1774150106887,2026-03-22 03:28:26.887,69417.0,1.44058,A,100000.74186,878781305886928
1774150106887,2026-03-22 03:28:26.887,69417.0,1.44058,A,100000.74186,187112382688624
1774150106887,2026-03-22 03:28:26.887,69417.0,0.80315,A,55752.26355,643986974053957
1774150106887,2026-03-22 03:28:26.887,69417.0,0.26,A,18048.420000000002,464631034360004
1774150106887,2026-03-22 03:28:26.887,69417.0,0.02236,A,1552.1641200000001,949778021083020
1774150106887,2026-03-22 03:28:26.887,69417.0,0.12,A,8330.039999999999,1080104817819456
1774150106887,2026-03-22 03:28:26.887,69417.0,0.05364,A,3723.52788,765536988306653
1774150106887,2026-03-22 03:28:26.887,69417.0,1.44058,A,100000.74186,397321987752157
1774150106887,2026-03-22 03:28:26.887,69417.0,0.12079,A,8384.879429999999,1036169896692494
1774150106887,2026-03-22 03:28:26.887,69417.0,0.80315,A,55752.26355,469823629451471
1774150106887,2026-03-22 03:28:26.887,69417.0,0.28812,A,20000.42604,613176338798973
1774150106887,2026-03-22 03:28:26.887,69417.0,0.96218,A,66791.64906,660229710885658
1774150106887,2026-03-22 03:28:26.887,69417.0,1.44058,A,100000.74186,41596241040263
1774150106887,2026-03-22 03:28:26.887,69417.0,0.80315,A,55752.26355,378677519214455
1774150106887,2026-03-22 03:28:26.887,69417.0,0.12977,A,9008.24409,758018690754623
1774150106887,2026-03-22 03:28:26.887,69417.0,1.44058,A,100000.74186,741397681805918
1774150106887,2026-03-22 03:28:26.887,69417.0,0.35,A,24295.949999999997,882228249481518
1774150106887,2026-03-22 03:28:26.887,69417.0,0.18488,A,12833.81496,666669618743391
1774150106887,2026-03-22 03:28:26.887,69417.0,0.5,A,34708.5,993950771998815
1774150106887,2026-03-22 03:28:26.887,69417.0,0.07232,A,5020.23744,213668621550522
1774150106887,2026-03-22 03:28:26.887,69417.0,0.26,A,18048.420000000002,32468626060467
1774150106887,2026-03-22 03:28:26.887,69417.0,0.36917,A,25626.67389,1009733433504591
1774150106887,2026-03-22 03:28:26.887,69417.0,0.57624,A,40000.85208,237493692062218
1774150106887,2026-03-22 03:28:26.887,69417.0,0.74286,A,51567.11262,1028570536554206
1774150106887,2026-03-22 03:28:26.887,69417.0,0.16588,A,11514.89196,145458219607947
1774150106887,2026-03-22 03:28:26.887,69417.0,0.18488,A,12833.81496,992865769435746
1774150106887,2026-03-22 03:28:26.887,69417.0,0.80315,A,55752.26355,221399946136107
1774150106887,2026-03-22 03:28:26.887,69417.0,0.07232,A,5020.23744,667062022587836
1774150106887,2026-03-22 03:28:26.887,69417.0,0.25586,A,17761.03362,76385811747343
1774150106887,2026-03-22 03:28:26.887,69417.0,0.26931,A,18694.69227,1021166251139622
1774150106887,2026-03-22 03:28:26.887,69417.0,0.21575,A,14976.71775,862523122609344
1774150107023,2026-03-22 03:28:27.023,69417.0,0.00017,A,11.80089,1016141837255230
1774150107023,2026-03-22 03:28:27.023,69417.0,0.01661,A,1153.01637,369496784345023
1774150108273,2026-03-22 03:28:28.273,69418.0,0.05255,A,3647.9159,966517333260289
1774150108429,2026-03-22 03:28:28.429,69419.0,0.00017,B,11.80123,128257980083584
1774150108429,2026-03-22 03:28:28.429,69419.0,0.00011,B,7.63609,355715431745676
1774150108729,2026-03-22 03:28:28.729,69418.0,0.01042,A,723.33556,457250758427725
1774150109031,2026-03-22 03:28:29.031,69419.0,9e-05,B,6.2477100000000005,645000550476800
1774150109031,2026-03-22 03:28:29.031,69419.0,7e-05,B,4.85933,769451632592314
1774150109228,2026-03-22 03:28:29.228,69419.0,0.01441,B,1000.3277899999999,717302203541963
1774150109228,2026-03-22 03:28:29.228,69418.0,0.00015,A,10.4127,961399320398432
1774150110018,2026-03-22 03:28:30.018,69418.0,2e-05,A,1.38836,742133147010886
1774150110018,2026-03-22 03:28:30.018,69417.0,0.23047,A,15998.53599,829448969192517
1774150110018,2026-03-22 03:28:30.018,69417.0,0.00017,A,11.80089,828294263170672
1774150111097,2026-03-22 03:28:31.097,69416.0,0.08843,A,6138.45688,1058089355890629
1774150111097,2026-03-22 03:28:31.097,69416.0,0.17107,A,11874.99512,868030538564202
1774150111097,2026-03-22 03:28:31.097,69416.0,0.07176,A,4981.29216,495391425860647
1774150111097,2026-03-22 03:28:31.097,69416.0,0.07484,A,5195.093440000001,639145163799013
1774150111097,2026-03-22 03:28:31.097,69416.0,0.5,A,34708.0,1009478074690926
1774150111097,2026-03-22 03:28:31.097,69416.0,0.07497,A,5204.11752,24114321748482
1774150111097,2026-03-22 03:28:31.097,69416.0,0.12215,A,8479.1644,193883575340169
1774150111097,2026-03-22 03:28:31.097,69416.0,0.10779,A,7482.35064,824545200873933
1774150111097,2026-03-22 03:28:31.097,69416.0,0.06807,A,4725.1471200000005,146813986462014
1774150111097,2026-03-22 03:28:31.097,69416.0,0.12418,A,8620.07888,288938593125387
1774150111097,2026-03-22 03:28:31.097,69416.0,0.1,A,6941.6,984788387860580
1774150111097,2026-03-22 03:28:31.097,69416.0,0.02881,A,1999.8749599999999,701356461928497
1774150111097,2026-03-22 03:28:31.097,69416.0,0.10428,A,7238.7004799999995,722156944610501
1774150111097,2026-03-22 03:28:31.097,69415.0,0.00017,A,11.800550000000001,607620034968280
1774150111097,2026-03-22 03:28:31.097,69415.0,0.14406,A,9999.9249,1029166836645701
1774150111097,2026-03-22 03:28:31.097,69414.0,0.00017,A,11.80038,575884524889321
1774150111097,2026-03-22 03:28:31.097,69414.0,0.1,A,6941.400000000001,775407234820370
1774150111097,2026-03-22 03:28:31.097,69413.0,0.00016,A,11.10608,947738231242893
1774150111097,2026-03-22 03:28:31.097,69413.0,0.00017,A,11.800210000000002,1077079368097045
1774150111097,2026-03-22 03:28:31.097,69413.0,0.003,A,208.239,463368681156763
1774150111097,2026-03-22 03:28:31.097,69412.0,0.00017,A,11.800040000000001,762174698343452
1774150111097,2026-03-22 03:28:31.097,69412.0,0.00215,A,149.2358,279988338860798
1774150111097,2026-03-22 03:28:31.097,69412.0,0.05762,A,3999.51944,766190766722391
1774150111097,2026-03-22 03:28:31.097,69411.0,0.00017,A,11.79987,616774910054442
1774150111097,2026-03-22 03:28:31.097,69410.0,0.00017,A,11.799700000000001,492464631784772
1774150111097,2026-03-22 03:28:31.097,69409.0,0.00016,A,11.105440000000002,476380123591845
1774150111097,2026-03-22 03:28:31.097,69409.0,0.00017,A,11.79953,934276276757819
1774150111097,2026-03-22 03:28:31.097,69409.0,0.00015,A,10.411349999999999,83852567101661
1774150111097,2026-03-22 03:28:31.097,69408.0,0.00017,A,11.79936,723671860835213
1774150111097,2026-03-22 03:28:31.097,69408.0,0.05291,A,3672.3772799999997,263214602681098
1774150111097,2026-03-22 03:28:31.097,69408.0,0.50434,A,35005.23072,240404851041341
1774150111097,2026-03-22 03:28:31.097,69408.0,1.29684,A,90011.07072,140693659366212
1774150111097,2026-03-22 03:28:31.097,69408.0,0.2,A,13881.6,484180609454514
1774150111097,2026-03-22 03:28:31.097,69408.0,0.066,A,4580.928,1101084326560453
1774150111097,2026-03-22 03:28:31.097,69407.0,0.00017,A,11.799190000000001,508110348171587
1774150111097,2026-03-22 03:28:31.097,69407.0,0.05665,A,3931.90655,463977378652877
1774150111097,2026-03-22 03:28:31.097,69407.0,0.5433,A,37708.8231,1022475020679968
1774150111097,2026-03-22 03:28:31.097,69406.0,0.00017,A,11.79902,632846401226771
1774150111097,2026-03-22 03:28:31.097,69406.0,0.01007,A,698.9184200000001,813914270625034
1774150111097,2026-03-22 03:28:31.097,69406.0,0.37877,A,26288.91062,453746455343624
1774150111097,2026-03-22 03:28:31.097,69405.0,0.00016,A,11.104800000000001,817004989388440
1774150111097,2026-03-22 03:28:31.097,69405.0,0.00016,A,11.104800000000001,328582518575933
1774150111097,2026-03-22 03:28:31.097,69405.0,0.00017,A,11.798850000000002,718048472546389
1774150111097,2026-03-22 03:28:31.097,69405.0,0.003,A,208.215,189710118615464
1774150111097,2026-03-22 03:28:31.097,69405.0,0.72041,A,50000.05605,856492503654228
1774150111097,2026-03-22 03:28:31.097,69405.0,0.05285,A,3668.05425,788594798426055
1774150111097,2026-03-22 03:28:31.097,69405.0,0.0403,A,2797.0215000000003,751852194948782
1774150111097,2026-03-22 03:28:31.097,69405.0,0.21614,A,15001.1967,696972234502507
1774150111097,2026-03-22 03:28:31.097,69404.0,0.00017,A,11.798680000000001,1027874546709970
1774150111097,2026-03-22 03:28:31.097,69404.0,0.07324,A,5083.1489599999995,664714242590304
1774150111097,2026-03-22 03:28:31.097,69404.0,0.01152,A,799.53408,973131043419467
1774150111097,2026-03-22 03:28:31.097,69404.0,0.35015,A,24301.8106,369745895613955
1774150111097,2026-03-22 03:28:31.097,69403.0,0.00017,A,11.79851,246787153040229
1774150111097,2026-03-22 03:28:31.097,69403.0,0.0179,A,1242.3137,729184968036161
1774150111097,2026-03-22 03:28:31.097,69403.0,0.01893,A,1313.7987899999998,443353986423365
1774150111097,2026-03-22 03:28:31.097,69403.0,0.05273,A,3659.62019,267061232403707
1774150111097,2026-03-22 03:28:31.097,69403.0,0.2,A,13880.6,68386115175176
1774150111097,2026-03-22 03:28:31.097,69402.0,0.00016,A,11.104320000000001,673043504564910
1774150111097,2026-03-22 03:28:31.097,69402.0,0.00017,A,11.798340000000001,879137767294378
1774150111097,2026-03-22 03:28:31.097,69402.0,2.594,A,180028.788,865988753120236
1774150111097,2026-03-22 03:28:31.097,69402.0,0.50438,A,35004.980760000006,86020487997504
1774150111097,2026-03-22 03:28:31.097,69402.0,0.15655,A,10864.8831,541250753778686
1774150111097,2026-03-22 03:28:31.097,69401.0,0.00017,A,11.79817,937581252208044
1774150111097,2026-03-22 03:28:31.097,69401.0,2.8556,A,198181.4956,511428701371830
1774150111097,2026-03-22 03:28:31.097,69401.0,2.59403,A,180028.27603,165821618983303
1774150111097,2026-03-22 03:28:31.097,69400.0,0.00016,A,11.104000000000001,834509123314259
1774150111097,2026-03-22 03:28:31.097,69400.0,0.00017,A,11.798,965665918517417
1774150111097,2026-03-22 03:28:31.097,69400.0,0.27467,A,19062.098,748656178855235
1774150111097,2026-03-22 03:28:31.097,69400.0,0.01634,A,1133.996,215685921465590
1774150111097,2026-03-22 03:28:31.097,69400.0,0.35017,A,24301.798,781854364866113
1774150111097,2026-03-22 03:28:31.097,69400.0,0.21617,A,15002.198,164916079467525
1774150111097,2026-03-22 03:28:31.097,69400.0,0.02852,A,1979.288,573471779490793
1774150111097,2026-03-22 03:28:31.097,69399.0,0.01152,A,799.47648,802611598769001
1774150111097,2026-03-22 03:28:31.097,69399.0,0.00017,A,11.797830000000001,186402538904146
1774150111097,2026-03-22 03:28:31.097,69399.0,0.56035,A,38887.72965,21022497294605
1774150111097,2026-03-22 03:28:31.097,69399.0,4.31907,A,299739.13893,549781169405479
1774150111097,2026-03-22 03:28:31.097,69398.0,0.05291,A,3671.84818,1069279841736002
1774150111097,2026-03-22 03:28:31.097,69398.0,0.00017,A,11.79766,712165135379627
1774150111097,2026-03-22 03:28:31.097,69398.0,0.65232,A,45269.70336,140087472681581
1774150111313,2026-03-22 03:28:31.313,69401.0,0.11614,B,8060.232139999999,204543007160379
1774150111313,2026-03-22 03:28:31.313,69401.0,0.0097,B,673.1897,705218385953311
1774150112371,2026-03-22 03:28:32.371,69411.0,0.00017,B,11.79987,953560554176059
1774150112503,2026-03-22 03:28:32.503,69410.0,0.00089,A,61.774899999999995,999962251033309
1774150113069,2026-03-22 03:28:33.069,69411.0,0.00283,B,196.43313,376741346840682
1774150113069,2026-03-22 03:28:33.069,69411.0,0.00019,B,13.18809,955802242002150
1774150113160,2026-03-22 03:28:33.160,69410.0,0.06239,A,4330.4899000000005,589079014326284
1774150113160,2026-03-22 03:28:33.160,69410.0,0.0628,A,4358.947999999999,1120704916451656
1774150113523,2026-03-22 03:28:33.523,69412.0,0.00017,B,11.800040000000001,855764668806694
1774150114079,2026-03-22 03:28:34.079,69411.0,0.00142,A,98.56362,607531756245747
1774150114997,2026-03-22 03:28:34.997,69411.0,0.00258,B,179.08038,96876963268276
1774150115608,2026-03-22 03:28:35.608,69410.0,0.00017,A,11.799700000000001,295939643780843
1774150115608,2026-03-22 03:28:35.608,69409.0,0.00017,A,11.79953,823877245278619
1774150115608,2026-03-22 03:28:35.608,69408.0,2e-05,A,1.38816,909303908928624
1774150116013,2026-03-22 03:28:36.013,69408.0,0.00015,A,10.4112,357879868124395
1774150116013,2026-03-22 03:28:36.013,69407.0,0.00017,A,11.799190000000001,848738713877176
1774150116013,2026-03-22 03:28:36.013,69407.0,0.2305,A,15998.3135,845212466955164
1774150116013,2026-03-22 03:28:36.013,69406.0,0.00017,A,11.79902,132036576379304
1774150116013,2026-03-22 03:28:36.013,69405.0,0.003,A,208.215,40572206820348
1774150116013,2026-03-22 03:28:36.013,69405.0,0.00017,A,11.798850000000002,307387755390263
1774150116013,2026-03-22 03:28:36.013,69404.0,0.00017,A,11.798680000000001,464177224589355
1774150116013,2026-03-22 03:28:36.013,69403.0,0.00017,A,11.79851,6241278763112
1774150116013,2026-03-22 03:28:36.013,69403.0,0.02059,A,1429.00777,1056149793151649
1774150116013,2026-03-22 03:28:36.013,69402.0,0.00017,A,11.798340000000001,905539144770327
1774150116013,2026-03-22 03:28:36.013,69402.0,0.01754,A,1217.31108,275448831477225
1774150116013,2026-03-22 03:28:36.013,69401.0,0.00017,A,11.79817,492042380926003
1774150116013,2026-03-22 03:28:36.013,69400.0,0.00017,A,11.798,565203234225407
1774150116013,2026-03-22 03:28:36.013,69400.0,0.003,A,208.20000000000002,775918122694738
1774150116013,2026-03-22 03:28:36.013,69400.0,0.21617,A,15002.198,77254398111589
1774150116013,2026-03-22 03:28:36.013,69399.0,0.00017,A,11.797830000000001,1001549931703615
1774150116013,2026-03-22 03:28:36.013,69398.0,0.00017,A,11.79766,237733166641792
1774150116013,2026-03-22 03:28:36.013,69397.0,0.00017,A,11.797490000000002,961466065132464
1774150116013,2026-03-22 03:28:36.013,69397.0,1.29708,A,90013.46076,597694344042164
1774150116013,2026-03-22 03:28:36.013,69396.0,0.00017,A,11.797320000000001,1005038288753223
1774150116013,2026-03-22 03:28:36.013,69396.0,0.50442,A,35004.730319999995,835660447938518
1774150116013,2026-03-22 03:28:36.013,69396.0,0.13447,A,9331.68012,27075735003639
1774150116525,2026-03-22 03:28:36.525,69399.0,0.00057,A,39.55743,202717064098932
1774150118311,2026-03-22 03:28:38.311,69404.0,0.00042,A,29.14968,894304441452893
1774150118434,2026-03-22 03:28:38.434,69404.0,0.0054,A,374.7816,607777648218766
1774150118911,2026-03-22 03:28:38.911,69405.0,0.00143,B,99.24915,1048544985008325
1774150118911,2026-03-22 03:28:38.911,69405.0,0.00071,B,49.27755,670499074854075
1774150118961,2026-03-22 03:28:38.961,69405.0,0.00716,B,496.9398,67761027113726
1774150118961,2026-03-22 03:28:38.961,69405.0,0.00028,B,19.4334,143892866018372
1774150118961,2026-03-22 03:28:38.961,69405.0,0.00143,B,99.24915,819258420109753
1774150119233,2026-03-22 03:28:39.233,69405.0,0.00017,B,11.798850000000002,765743928059245
1774150119434,2026-03-22 03:28:39.434,69405.0,0.06445,B,4473.152249999999,738068709823271
1774150119519,2026-03-22 03:28:39.519,69405.0,0.04458,B,3094.0749,545634381526690
1774150120768,2026-03-22 03:28:40.768,69405.0,0.0008,B,55.524,116078336538190
1774150124165,2026-03-22 03:28:44.165,69404.0,0.23051,A,15998.31604,483644746773763
1774150124165,2026-03-22 03:28:44.165,69404.0,0.00017,A,11.798680000000001,225523415668025
1774150124165,2026-03-22 03:28:44.165,69404.0,0.0023,A,159.6292,366276096265371
1774150124165,2026-03-22 03:28:44.165,69403.0,0.00017,A,11.79851,269434113192746
1774150124410,2026-03-22 03:28:44.410,69402.0,0.00017,A,11.798340000000001,208305793977104
1774150124410,2026-03-22 03:28:44.410,69401.0,0.00017,A,11.79817,943009687010190
1774150124410,2026-03-22 03:28:44.410,69400.0,0.00017,A,11.798,393190833939607
1774150124410,2026-03-22 03:28:44.410,69399.0,0.00017,A,11.797830000000001,200096461472309
1774150124410,2026-03-22 03:28:44.410,69399.0,0.00282,A,195.70518,273118170550905
1774150125201,2026-03-22 03:28:45.201,69399.0,0.00018,A,12.49182,679309213466216
1774150125201,2026-03-22 03:28:45.201,69399.0,0.00017,A,11.797830000000001,715854921176566
1774150125268,2026-03-22 03:28:45.268,69398.0,0.00016,A,11.10368,134810451073295
1774150125627,2026-03-22 03:28:45.627,69397.0,0.00017,A,11.797490000000002,1077896818301366
1774150125627,2026-03-22 03:28:45.627,69396.0,0.00011,A,7.63356,596686365289473
1774150126029,2026-03-22 03:28:46.029,69396.0,6e-05,A,4.16376,525674323413994
1774150126029,2026-03-22 03:28:46.029,69395.0,0.00017,A,11.79715,737587933882614
1774150126029,2026-03-22 03:28:46.029,69394.0,5e-05,A,3.4697,535310940762533
1774150126029,2026-03-22 03:28:46.029,69394.0,0.00012,A,8.32728,16043480342796
1774150126029,2026-03-22 03:28:46.029,69394.0,0.00204,A,141.56376,939535850466265
1774150126380,2026-03-22 03:28:46.380,69394.0,0.00096,A,66.61824,1035564782799752
1774150126380,2026-03-22 03:28:46.380,69394.0,0.00016,A,11.10304,719164256126017
1774150126380,2026-03-22 03:28:46.380,69393.0,0.00017,A,11.79681,516849610768270
1774150126380,2026-03-22 03:28:46.380,69392.0,0.00017,A,11.79664,155907381925228
1774150127042,2026-03-22 03:28:47.042,69392.0,0.00042,B,29.144640000000003,254281200773718
1774150127205,2026-03-22 03:28:47.205,69391.0,0.00017,A,11.796470000000001,1004631930965833
1774150127205,2026-03-22 03:28:47.205,69391.0,0.02172,A,1507.17252,231807895483585
1774150128063,2026-03-22 03:28:48.063,69391.0,0.00028,A,19.429479999999998,889710066977534
1774150128063,2026-03-22 03:28:48.063,69391.0,0.00015,A,10.40865,228653700202773
1774150129026,2026-03-22 03:28:49.026,69391.0,0.00017,A,11.796470000000001,980310185102229
1774150129026,2026-03-22 03:28:49.026,69390.0,0.00027,A,18.7353,938441994653034
1774150129026,2026-03-22 03:28:49.026,69390.0,0.00017,A,11.7963,41858310860130
1774150129267,2026-03-22 03:28:49.267,69389.0,0.00017,A,11.796130000000002,707278341057725
1774150129267,2026-03-22 03:28:49.267,69388.0,0.00017,A,11.795960000000001,562871604812846
1774150129267,2026-03-22 03:28:49.267,69387.0,0.00016,A,11.101920000000002,988592483188330
1774150129267,2026-03-22 03:28:49.267,69387.0,0.00017,A,11.79579,1122592351428419
1774150129267,2026-03-22 03:28:49.267,69387.0,0.003,A,208.161,165438478039822
1774150129267,2026-03-22 03:28:49.267,69386.0,0.00017,A,11.795620000000001,494076697530838
1774150129267,2026-03-22 03:28:49.267,69385.0,0.004,A,277.54,976826479643410
1774150129267,2026-03-22 03:28:49.267,69385.0,0.00017,A,11.79545,819331385678218
1774150129267,2026-03-22 03:28:49.267,69384.0,0.00017,A,11.79528,1089496901584509
1774150129632,2026-03-22 03:28:49.632,69383.0,0.003,A,208.149,999146162637120
1774150129632,2026-03-22 03:28:49.632,69383.0,0.00017,A,11.795110000000001,158824464823765
1774150130045,2026-03-22 03:28:50.045,69383.0,0.00016,B,11.101280000000001,743468340481758
1774150130298,2026-03-22 03:28:50.298,69382.0,0.00017,A,11.79494,760838718183546
1774150130298,2026-03-22 03:28:50.298,69382.0,0.01129,A,783.32278,450335984564493
1774150130851,2026-03-22 03:28:50.851,69382.0,0.001,A,69.382,943687612665101
1774150131049,2026-03-22 03:28:51.049,69382.0,0.00028,A,19.426959999999998,264597664507341
1774150131699,2026-03-22 03:28:51.699,69383.0,0.07984,B,5539.53872,408453393686171
1774150131699,2026-03-22 03:28:51.699,69383.0,0.06537,B,4535.56671,811317617979230
1774150133026,2026-03-22 03:28:53.026,69385.0,0.00061,A,42.32485,859927190831618
1774150133430,2026-03-22 03:28:53.430,69387.0,0.00017,B,11.79579,530557422091012
1774150133430,2026-03-22 03:28:53.430,69387.0,0.00015,B,10.40805,504194440786405
1774150133430,2026-03-22 03:28:53.430,69387.0,0.0002,B,13.877400000000002,1030470292661631
1774150133430,2026-03-22 03:28:53.430,69388.0,0.00777,B,539.14476,1062737016088045
1774150134235,2026-03-22 03:28:54.235,69387.0,0.12,A,8326.44,591322087017185
1774150134235,2026-03-22 03:28:54.235,69387.0,0.21469,A,14896.695029999999,860218322016216
1774150134235,2026-03-22 03:28:54.235,69387.0,0.11185,A,7760.93595,778105415052588
1774150134235,2026-03-22 03:28:54.235,69387.0,0.12,A,8326.44,718047166634044
1774150134235,2026-03-22 03:28:54.235,69387.0,0.57649,A,40000.911629999995,328039506807438
1774150134235,2026-03-22 03:28:54.235,69387.0,0.16806,A,11661.17922,1053108013001809
1774150134235,2026-03-22 03:28:54.235,69387.0,0.10537,A,7311.308190000001,530255872584244
1774150134235,2026-03-22 03:28:54.235,69387.0,0.08,A,5550.96,172463590821184
1774150134235,2026-03-22 03:28:54.235,69387.0,0.12,A,8326.44,42497043177601
1774150134235,2026-03-22 03:28:54.235,69387.0,0.30887,A,21431.56269,708961066195644
1774150134235,2026-03-22 03:28:54.235,69387.0,0.07467,A,5181.12729,172021431864448
1774150134749,2026-03-22 03:28:54.749,69388.0,0.00017,B,11.795960000000001,219064544109682
1774150134749,2026-03-22 03:28:54.749,69389.0,0.003,B,208.167,866110696948043
1774150134749,2026-03-22 03:28:54.749,69389.0,0.00017,B,11.796130000000002,108353481109507
1774150134749,2026-03-22 03:28:54.749,69389.0,0.00015,B,10.408349999999999,581335946272206
1774150134749,2026-03-22 03:28:54.749,69390.0,0.00016,B,11.102400000000001,68972625312075
1774150134749,2026-03-22 03:28:54.749,69390.0,0.00017,B,11.7963,855309345079513
1774150134749,2026-03-22 03:28:54.749,69390.0,0.00015,B,10.408499999999998,614295084546870
1774150134749,2026-03-22 03:28:54.749,69391.0,0.00017,B,11.796470000000001,217931415908113
1774150134749,2026-03-22 03:28:54.749,69392.0,0.00017,B,11.79664,505919583807283
1774150134749,2026-03-22 03:28:54.749,69393.0,0.00017,B,11.79681,266962691073685
1774150134749,2026-03-22 03:28:54.749,69393.0,0.00016,B,11.10288,60824852282994
1774150134749,2026-03-22 03:28:54.749,69394.0,0.00017,B,11.796980000000001,672575422141368
1774150134749,2026-03-22 03:28:54.749,69395.0,0.00017,B,11.79715,216740605860499
1774150134749,2026-03-22 03:28:54.749,69395.0,0.00262,B,181.8149,697361722213774
1774150134749,2026-03-22 03:28:54.749,69387.0,0.01436,A,996.3973199999999,617475912401944
1774150134749,2026-03-22 03:28:54.749,69387.0,0.22831,A,15841.745970000002,1017218718518663
1774150134749,2026-03-22 03:28:54.749,69387.0,0.35,A,24285.449999999997,70736333138785
1774150134749,2026-03-22 03:28:54.749,69387.0,0.13495,A,9363.77565,415685429670504
1774150134749,2026-03-22 03:28:54.749,69387.0,0.07897,A,5479.49139,455831536919868
1774150134749,2026-03-22 03:28:54.749,69387.0,0.0613,A,4253.4231,134862108719693
1774150134749,2026-03-22 03:28:54.749,69387.0,0.27709,A,19226.44383,413291901806687
1774150134749,2026-03-22 03:28:54.749,69387.0,0.26,A,18040.62,287726833865589
1774150134749,2026-03-22 03:28:54.749,69387.0,0.1465,A,10165.1955,724110072434096
1774150134749,2026-03-22 03:28:54.749,69387.0,0.30789,A,21363.56343,378018583239567
1774150134749,2026-03-22 03:28:54.749,69387.0,0.11532,A,8001.70884,834037283629808
1774150134749,2026-03-22 03:28:54.749,69387.0,0.02531,A,1756.18497,989179017681767
1774150135192,2026-03-22 03:28:55.192,69395.0,0.00024,B,16.6548,782230817895600
1774150135458,2026-03-22 03:28:55.458,69395.0,0.00034,B,23.5943,308367680422951
1774150135654,2026-03-22 03:28:55.654,69394.0,0.26,A,18042.440000000002,733612403661221
1774150135654,2026-03-22 03:28:55.654,69394.0,0.36928,A,25625.816319999998,901258605807153
1774150135654,2026-03-22 03:28:55.654,69394.0,0.10807,A,7499.40958,938059690117867
1774150135654,2026-03-22 03:28:55.654,69394.0,0.22831,A,15843.344140000001,466743691814988
1774150135654,2026-03-22 03:28:55.654,69394.0,0.14315,A,9933.7511,322974273270874
1774150135654,2026-03-22 03:28:55.654,69394.0,0.35,A,24287.899999999998,987410034096905
1774150135654,2026-03-22 03:28:55.654,69394.0,0.05544,A,3847.2033600000004,46762799996874
1774150135654,2026-03-22 03:28:55.654,69394.0,0.48575,A,33708.135500000004,233902455465827
1774150135864,2026-03-22 03:28:55.864,69395.0,0.00778,B,539.8931,255427825644769
1774150135864,2026-03-22 03:28:55.864,69394.0,0.03142,A,2180.3594799999996,389070311826160
1774150136066,2026-03-22 03:28:56.066,69395.0,0.00028,B,19.4306,579028362659989
1774150136066,2026-03-22 03:28:56.066,69394.0,0.00283,A,196.38502,1030430350455437
1774150136066,2026-03-22 03:28:56.066,69394.0,0.026,A,1804.244,234037090531514
1774150136148,2026-03-22 03:28:56.148,69395.0,0.35807,B,24848.26765,113184471123736
1774150136148,2026-03-22 03:28:56.148,69395.0,0.00017,B,11.79715,47156884614197
1774150136148,2026-03-22 03:28:56.148,69395.0,0.45609,B,31650.36555,964660579825029
1774150136676,2026-03-22 03:28:56.676,69394.0,0.01148,A,796.6431200000001,1045821707755754
1774150137079,2026-03-22 03:28:57.079,69394.0,0.00017,A,11.796980000000001,232069078187014
1774150137079,2026-03-22 03:28:57.079,69394.0,0.01661,A,1152.63434,888160202207415
1774150137417,2026-03-22 03:28:57.417,69397.0,0.003,B,208.191,187028487905261
1774150137417,2026-03-22 03:28:57.417,69397.0,0.00016,B,11.103520000000001,272662331511089
1774150137417,2026-03-22 03:28:57.417,69397.0,0.00017,B,11.797490000000002,834792341905429
1774150137417,2026-03-22 03:28:57.417,69398.0,0.00017,B,11.79766,112974953639075
1774150137417,2026-03-22 03:28:57.417,69399.0,0.00017,B,11.797830000000001,574913848920001
1774150137417,2026-03-22 03:28:57.417,69399.0,0.00022,B,15.26778,603422721927062
1774150137417,2026-03-22 03:28:57.417,69400.0,0.00017,B,11.798,980894166539086
1774150137417,2026-03-22 03:28:57.417,69401.0,0.00016,B,11.10416,127384777878262
1774150137417,2026-03-22 03:28:57.417,69401.0,0.00017,B,11.79817,705602685624864
1774150137417,2026-03-22 03:28:57.417,69402.0,0.00017,B,11.798340000000001,214109890185047
1774150137417,2026-03-22 03:28:57.417,69403.0,0.00015,B,10.410449999999999,959358348378632
1774150137417,2026-03-22 03:28:57.417,69403.0,0.00017,B,11.79851,249181847695162
1774150137417,2026-03-22 03:28:57.417,69404.0,0.00016,B,11.104640000000002,323175951103327
1774150137417,2026-03-22 03:28:57.417,69404.0,0.00017,B,11.798680000000001,945819652886718
1774150137417,2026-03-22 03:28:57.417,69404.0,0.05179,B,3594.43316,1039337676179345
1774150137417,2026-03-22 03:28:57.417,69404.0,0.00486,B,337.30343999999997,512733685560252
1774150137417,2026-03-22 03:28:57.417,69405.0,0.00017,B,11.798850000000002,522821759257924
1774150137417,2026-03-22 03:28:57.417,69405.0,0.0002,B,13.881,23375453942692
1774150137417,2026-03-22 03:28:57.417,69405.0,0.00031,B,21.51555,697686344785141
1774150137417,2026-03-22 03:28:57.417,69405.0,0.00269,B,186.69945,358130476546996
1774150137417,2026-03-22 03:28:57.417,69405.0,0.04054,B,2813.6787,630340952578419
1774150137835,2026-03-22 03:28:57.835,69405.0,0.32874,B,22816.199699999997,961808002431166
1774150137835,2026-03-22 03:28:57.835,69405.0,0.43114,B,29923.2717,484249558103440
1774150137835,2026-03-22 03:28:57.835,69405.0,0.1261,B,8751.9705,719801599049718
1774150137835,2026-03-22 03:28:57.835,69405.0,0.02865,B,1988.4532499999998,501110153505712
1774150138414,2026-03-22 03:28:58.414,69405.0,0.11299,B,7842.070949999999,776396828292114
1774150138627,2026-03-22 03:28:58.627,69405.0,0.00022,B,15.2691,576498747038302
1774150139050,2026-03-22 03:28:59.050,69405.0,0.00016,B,11.104800000000001,430675491322524
1774150139050,2026-03-22 03:28:59.050,69404.0,0.0485,A,3366.094,92713585387369
1774150139050,2026-03-22 03:28:59.050,69404.0,0.00525,A,364.37100000000004,484439214188040
1774150139050,2026-03-22 03:28:59.050,69404.0,0.0389,A,2699.8156,604683499631728
1774150139471,2026-03-22 03:28:59.471,69404.0,0.00143,A,99.24772,438490278792025
1774150139752,2026-03-22 03:28:59.752,69406.0,0.00017,B,11.79902,273098745126811
1774150139752,2026-03-22 03:28:59.752,69406.0,0.00015,B,10.4109,873251555566804
1774150139752,2026-03-22 03:28:59.752,69406.0,0.0002,B,13.881200000000002,262133892880955
1774150139752,2026-03-22 03:28:59.752,69407.0,0.00017,B,11.799190000000001,541171085576566
1774150139752,2026-03-22 03:28:59.752,69407.0,0.003,B,208.221,720644738828241
1774150139752,2026-03-22 03:28:59.752,69407.0,0.01008,B,699.62256,136673189133539
1774150139752,2026-03-22 03:28:59.752,69408.0,0.01254,B,870.3763200000001,925788288116728
1774150139752,2026-03-22 03:28:59.752,69408.0,0.0048,B,333.1584,543723357448539
1774150139752,2026-03-22 03:28:59.752,69408.0,0.00016,B,11.10528,494740485484361
1774150139752,2026-03-22 03:28:59.752,69408.0,0.00017,B,11.79936,1075003391110710
1774150139752,2026-03-22 03:28:59.752,69408.0,0.00015,B,10.4112,318051333730983
1774150139752,2026-03-22 03:28:59.752,69408.0,0.00731,B,507.37248,614524068253999
1774150140284,2026-03-22 03:29:00.284,69408.0,0.0002,B,13.8816,480937935204547
1774150140511,2026-03-22 03:29:00.511,69409.0,0.00017,B,11.79953,359879897721299
1774150140511,2026-03-22 03:29:00.511,69410.0,0.00017,B,11.799700000000001,1117490399040357
1774150140511,2026-03-22 03:29:00.511,69410.0,0.32165,B,22325.7265,275473539733528
1774150140511,2026-03-22 03:29:00.511,69410.0,1e-05,B,0.6941,696292362715435
1774150140511,2026-03-22 03:29:00.511,69410.0,0.02152,B,1493.7032000000002,248842417014655
1774150140929,2026-03-22 03:29:00.929,69410.0,0.0129,A,895.389,330390100820345
1774150141021,2026-03-22 03:29:01.021,69411.0,0.44,B,30540.84,517113487992676
1774150141021,2026-03-22 03:29:01.021,69411.0,0.00017,B,11.79987,499589774563115
1774150141021,2026-03-22 03:29:01.021,69412.0,0.00016,B,11.105920000000001,364464253033657
1774150141021,2026-03-22 03:29:01.021,69412.0,0.00017,B,11.800040000000001,1017272154262745
1774150141021,2026-03-22 03:29:01.021,69413.0,0.00017,B,11.800210000000002,924884086621498
1774150141021,2026-03-22 03:29:01.021,69414.0,0.00017,B,11.80038,428344830773962
1774150141021,2026-03-22 03:29:01.021,69414.0,0.00015,B,10.412099999999999,114725706680604
1774150141021,2026-03-22 03:29:01.021,69415.0,0.00016,B,11.1064,498600029691647
1774150141021,2026-03-22 03:29:01.021,69415.0,0.00017,B,11.800550000000001,208510500429909
1774150141021,2026-03-22 03:29:01.021,69415.0,0.003,B,208.245,333675049163205
1774150141021,2026-03-22 03:29:01.021,69415.0,0.001,B,69.415,1040328957136006
1774150141021,2026-03-22 03:29:01.021,69416.0,0.00017,B,11.80072,1042852512524620
1774150141021,2026-03-22 03:29:01.021,69417.0,0.00017,B,11.80089,623894544894553
1774150141021,2026-03-22 03:29:01.021,69418.0,0.00017,B,11.801060000000001,993573619156160
1774150141021,2026-03-22 03:29:01.021,69418.0,0.003,B,208.254,274452690204586
1774150141223,2026-03-22 03:29:01.223,69419.0,0.00016,B,11.107040000000001,920560359046513
1774150141223,2026-03-22 03:29:01.223,69419.0,0.00015,B,10.412849999999999,803800329275113
1774150141223,2026-03-22 03:29:01.223,69419.0,0.00017,B,11.80123,500697833224112
1774150141223,2026-03-22 03:29:01.223,69420.0,0.00017,B,11.801400000000001,280318353818181
1774150141334,2026-03-22 03:29:01.334,69421.0,0.005,B,347.105,971892962829255
1774150141334,2026-03-22 03:29:01.334,69421.0,0.00086,B,59.702059999999996,315995406992109
1774150141334,2026-03-22 03:29:01.334,69421.0,0.00022,B,15.27262,836030144955810
1774150141334,2026-03-22 03:29:01.334,69421.0,0.09392,B,6520.0203200000005,649649294805901
1774150141334,2026-03-22 03:29:01.334,69421.0,0.00017,B,11.801570000000002,652084394988219
1774150141395,2026-03-22 03:29:01.395,69422.0,0.00017,B,11.80174,393618545734234
1774150141480,2026-03-22 03:29:01.480,69423.0,0.00016,B,11.10768,555060128766322
1774150141480,2026-03-22 03:29:01.480,69423.0,0.00017,B,11.801910000000001,401733438710976
1774150141480,2026-03-22 03:29:01.480,69424.0,0.00017,B,11.80208,1032175540845689
1774150141480,2026-03-22 03:29:01.480,69424.0,0.00086,B,59.70464,855668522936151
1774150141480,2026-03-22 03:29:01.480,69425.0,0.00017,B,11.80225,1066636699302101
1774150141480,2026-03-22 03:29:01.480,69426.0,0.00016,B,11.108160000000002,724371364498279
1774150141480,2026-03-22 03:29:01.480,69426.0,0.00017,B,11.802420000000001,1003779342149744
1774150141480,2026-03-22 03:29:01.480,69427.0,0.00017,B,11.80259,69150002066673
1774150141480,2026-03-22 03:29:01.480,69428.0,0.00017,B,11.802760000000001,632937814385582
1774150141480,2026-03-22 03:29:01.480,69429.0,0.00016,B,11.108640000000001,336391236453659
1774150141480,2026-03-22 03:29:01.480,69429.0,0.00017,B,11.802930000000002,535426854706462
1774150141480,2026-03-22 03:29:01.480,69430.0,0.00016,B,11.1088,178429461080383
1774150141480,2026-03-22 03:29:01.480,69430.0,0.00017,B,11.8031,812568958485936
1774150141480,2026-03-22 03:29:01.480,69430.0,0.00046,B,31.9378,217105011216302
1774150141543,2026-03-22 03:29:01.543,69430.0,0.0002,B,13.886000000000001,270057566204244
1774150141810,2026-03-22 03:29:01.810,69430.0,0.10264,B,7126.2952,401578957865567
1774150142134,2026-03-22 03:29:02.134,69430.0,0.06907,B,4795.530100000001,1100269530716169
1774150142257,2026-03-22 03:29:02.257,69430.0,0.024,B,1666.32,875391421459984
1774150142257,2026-03-22 03:29:02.257,69430.0,0.00087,B,60.4041,233650862651830
1774150142257,2026-03-22 03:29:02.257,69430.0,0.002,B,138.86,740667266390854
1774150142562,2026-03-22 03:29:02.562,69430.0,0.00016,B,11.1088,481737089636820
1774150142767,2026-03-22 03:29:02.767,69430.0,0.0129,B,895.647,182974542314562
1774150142957,2026-03-22 03:29:02.957,69429.0,0.02077,A,1442.04033,756601627631300
1774150143744,2026-03-22 03:29:03.744,69429.0,0.004,A,277.716,763995922249883
1774150143744,2026-03-22 03:29:03.744,69430.0,0.00046,B,31.9378,339735262912271
1774150143744,2026-03-22 03:29:03.744,69431.0,0.00017,B,11.803270000000001,914157945384766
1774150143744,2026-03-22 03:29:03.744,69432.0,0.00017,B,11.80344,204164471661972
1774150143744,2026-03-22 03:29:03.744,69433.0,0.00017,B,11.80361,735430157250910
1774150143744,2026-03-22 03:29:03.744,69434.0,0.00016,B,11.109440000000001,802981427038900
1774150143744,2026-03-22 03:29:03.744,69434.0,0.00017,B,11.803780000000001,185950654710521
1774150143744,2026-03-22 03:29:03.744,69435.0,0.00017,B,11.80395,277587470006141
1774150143744,2026-03-22 03:29:03.744,69435.0,0.003,B,208.305,787391152783466
1774150143744,2026-03-22 03:29:03.744,69436.0,0.00017,B,11.804120000000001,671617748838781
1774150143784,2026-03-22 03:29:03.784,69437.0,0.00016,B,11.10992,925673850604335
1774150143784,2026-03-22 03:29:03.784,69437.0,0.00017,B,11.804290000000002,581292115767827
1774150143784,2026-03-22 03:29:03.784,69438.0,0.00017,B,11.80446,628279074973137
1774150143784,2026-03-22 03:29:03.784,69439.0,0.00017,B,11.804630000000001,402185729588400
1774150143988,2026-03-22 03:29:03.988,69440.0,0.00017,B,11.8048,218585254390533
1774150143988,2026-03-22 03:29:03.988,69440.0,0.003,B,208.32,42601135659522
1774150143988,2026-03-22 03:29:03.988,69441.0,0.00016,B,11.110560000000001,443570215220924
1774150143988,2026-03-22 03:29:03.988,69441.0,0.00017,B,11.80497,605713368712479
1774150143988,2026-03-22 03:29:03.988,69441.0,0.0216,B,1499.9256,170265908416041
1774150143988,2026-03-22 03:29:03.988,69442.0,0.00109,B,75.69178000000001,961584161289377
1774150143988,2026-03-22 03:29:03.988,69442.0,0.00017,B,11.805140000000002,443485657805812
1774150143988,2026-03-22 03:29:03.988,69443.0,0.00017,B,11.80531,673315360329293
1774150143988,2026-03-22 03:29:03.988,69443.0,0.01668,B,1158.30924,855223525975208
1774150143988,2026-03-22 03:29:03.988,69443.0,0.011,B,763.8729999999999,390133857782736
1774150143988,2026-03-22 03:29:03.988,69443.0,0.03598,B,2498.55914,318040049228366
1774150144053,2026-03-22 03:29:04.053,69439.0,0.00142,A,98.60338,417861038992718
1774150144944,2026-03-22 03:29:04.944,69443.0,0.00338,B,234.71734,1069366935078541
1774150144944,2026-03-22 03:29:04.944,69443.0,0.04262,B,2959.66066,708840372949233
1774150145400,2026-03-22 03:29:05.400,69443.0,0.00017,B,11.80531,791099861991559
1774150145400,2026-03-22 03:29:05.400,69444.0,4e-05,B,2.7777600000000002,865065793377111
1774150145760,2026-03-22 03:29:05.760,69444.0,0.00013,B,9.027719999999999,604027197420193
1774150145760,2026-03-22 03:29:05.760,69444.0,0.0002,B,13.8888,991933951148941
1774150145760,2026-03-22 03:29:05.760,69445.0,0.00016,B,11.1112,526429774872838
1774150145760,2026-03-22 03:29:05.760,69445.0,0.00017,B,11.80565,226193682830138
1774150145894,2026-03-22 03:29:05.894,69446.0,0.00028,B,19.444879999999998,601293591244416
1774150146100,2026-03-22 03:29:06.100,69446.0,0.00034,B,23.61164,769443881388710
1774150146407,2026-03-22 03:29:06.407,69446.0,0.00017,B,11.80582,545292708054584
1774150146579,2026-03-22 03:29:06.579,69446.0,0.00027,B,18.750420000000002,848045141345104
1774150146579,2026-03-22 03:29:06.579,69446.0,0.01334,B,926.40964,756117129226408
1774150146579,2026-03-22 03:29:06.579,69446.0,0.00017,B,11.80582,867367612153266
1774150146579,2026-03-22 03:29:06.579,69446.0,0.00086,B,59.72356,1010635181063220
1774150146579,2026-03-22 03:29:06.579,69446.0,0.00108,B,75.00168000000001,175115349103862
1774150147773,2026-03-22 03:29:07.773,69447.0,0.01188,B,825.03036,1068254321573937
1774150148034,2026-03-22 03:29:08.034,69448.0,0.00016,B,11.111680000000002,754357787516302
1774150148236,2026-03-22 03:29:08.236,69447.0,0.00019,A,13.194930000000001,578631505558310
1774150148236,2026-03-22 03:29:08.236,69447.0,0.00491,A,340.98477,346344734017786
1774150148905,2026-03-22 03:29:08.905,69448.0,1e-05,B,0.6944800000000001,1008525399254763
1774150148905,2026-03-22 03:29:08.905,69448.0,0.003,B,208.344,306578908509077
1774150148905,2026-03-22 03:29:08.905,69449.0,0.00017,B,11.80633,697671819559752
1774150148905,2026-03-22 03:29:08.905,69450.0,0.00017,B,11.806500000000002,860743732096550
1774150148905,2026-03-22 03:29:08.905,69450.0,0.00175,B,121.53750000000001,955084889607475
1774150148905,2026-03-22 03:29:08.905,69450.0,0.0393,B,2729.385,664757884273607
1774150149339,2026-03-22 03:29:09.339,69452.0,0.00017,B,11.806840000000001,488664511993267
1774150149339,2026-03-22 03:29:09.339,69453.0,0.00283,B,196.55199,533858103690284
1774150149389,2026-03-22 03:29:09.389,69453.0,0.00017,B,11.80701,142416078117414
1774150149389,2026-03-22 03:29:09.389,69453.0,0.00017,B,11.80701,758971513241721
1774150149389,2026-03-22 03:29:09.389,69454.0,0.00017,B,11.80718,97790012517020
1774150149389,2026-03-22 03:29:09.389,69455.0,0.00237,B,164.60835,460536861521310
1774150149843,2026-03-22 03:29:09.843,69455.0,0.00163,B,113.21164999999999,280274856970936
1774150149843,2026-03-22 03:29:09.843,69455.0,0.00017,B,11.807350000000001,604001897114278
1774150149843,2026-03-22 03:29:09.843,69455.0,0.00121,B,84.04055,848857554931649
1774150149843,2026-03-22 03:29:09.843,69455.0,0.07667,B,5325.11485,235710471230051
1774150152072,2026-03-22 03:29:12.072,69450.0,0.02813,A,1953.6284999999998,458477056984347
1774150152181,2026-03-22 03:29:12.181,69450.0,0.20223,A,14044.8735,199732115634066
1774150152181,2026-03-22 03:29:12.181,69450.0,0.00017,A,11.806500000000002,1120355424918874
1774150152181,2026-03-22 03:29:12.181,69450.0,0.09641,A,6695.6745,426962141750420
1774150152181,2026-03-22 03:29:12.181,69449.0,0.003,A,208.347,502584816223098
1774150152181,2026-03-22 03:29:12.181,69449.0,0.00016,A,11.11184,222678132404494
1774150152181,2026-03-22 03:29:12.181,69449.0,0.00017,A,11.80633,103834222918826
1774150152181,2026-03-22 03:29:12.181,69449.0,0.00015,A,10.417349999999999,1075408065548864
1774150152181,2026-03-22 03:29:12.181,69448.0,0.02879,A,1999.4079199999999,620307694807193
1774150152181,2026-03-22 03:29:12.181,69448.0,0.00017,A,11.80616,353605111176012
1774150152181,2026-03-22 03:29:12.181,69448.0,0.00015,A,10.4172,426511181440917
1774150152181,2026-03-22 03:29:12.181,69447.0,0.1,A,6944.700000000001,208568059926149
1774150152181,2026-03-22 03:29:12.181,69447.0,0.02059,A,1429.91373,1115594885235987
1774150152181,2026-03-22 03:29:12.181,69447.0,0.00017,A,11.805990000000001,672802965472573
1774150152181,2026-03-22 03:29:12.181,69447.0,0.02264,A,1572.28008,38102756341442
1774150152181,2026-03-22 03:29:12.181,69446.0,0.00016,A,11.111360000000001,657910745159646
1774150152181,2026-03-22 03:29:12.181,69446.0,0.00017,A,11.80582,306189274094770
1774150152181,2026-03-22 03:29:12.181,69445.0,0.00017,A,11.80565,1006188832091739
1774150152181,2026-03-22 03:29:12.181,69444.0,0.05665,A,3934.0026,298546171163631
1774150152181,2026-03-22 03:29:12.181,69444.0,0.00017,A,11.805480000000001,1033249737884371
1774150152181,2026-03-22 03:29:12.181,69443.0,0.00017,A,11.80531,448457291315951
1774150152181,2026-03-22 03:29:12.181,69442.0,0.00017,A,11.805140000000002,593463751469567
1774150152181,2026-03-22 03:29:12.181,69442.0,0.01461,A,1014.5476199999999,767366695380848
1774150152181,2026-03-22 03:29:12.181,69442.0,0.00016,A,11.11072,1004730335684203
1774150152181,2026-03-22 03:29:12.181,69442.0,0.003,A,208.326,806004428152764
1774150152181,2026-03-22 03:29:12.181,69441.0,0.00017,A,11.80497,6442993352754
1774150152181,2026-03-22 03:29:12.181,69441.0,0.0288,A,1999.9008,975097831687981
1774150152181,2026-03-22 03:29:12.181,69441.0,0.04327,A,3004.71207,306487848885384
1774150152181,2026-03-22 03:29:12.181,69440.0,0.00017,A,11.8048,413602801349136
1774150152181,2026-03-22 03:29:12.181,69440.0,1.08025,A,75012.56,155343260990169
1774150152181,2026-03-22 03:29:12.181,69440.0,0.08498,A,5901.0112,156198053955311
1774150152181,2026-03-22 03:29:12.181,69440.0,0.21213,A,14730.307200000001,1053353366877400
1774150152181,2026-03-22 03:29:12.181,69451.0,0.06668,B,4630.99268,479815894846694
1774150152181,2026-03-22 03:29:12.181,69451.0,0.01123,B,779.9347300000001,261088577008032
1774150152642,2026-03-22 03:29:12.642,69440.0,0.01439,A,999.2416,238435760333009
1774150152642,2026-03-22 03:29:12.642,69440.0,0.059,A,4096.96,72983713665193
1774150152642,2026-03-22 03:29:12.642,69440.0,0.00019,A,13.1936,218543209074184
1774150152642,2026-03-22 03:29:12.642,69441.0,0.0417,B,2895.6897,421032073019264
1774150152834,2026-03-22 03:29:12.834,69440.0,0.00091,A,63.1904,312551582113261
1774150153022,2026-03-22 03:29:13.022,69441.0,0.00065,B,45.136649999999996,501376097282019
1774150155530,2026-03-22 03:29:15.530,69440.0,0.00017,A,11.8048,413410722711633
1774150155530,2026-03-22 03:29:15.530,69440.0,0.06764,A,4696.921600000001,18720464482516
1774150155860,2026-03-22 03:29:15.860,69441.0,0.01,B,694.41,231243317302589
1774150156096,2026-03-22 03:29:16.096,69440.0,0.00027,A,18.7488,624829663340986
1774150157917,2026-03-22 03:29:17.917,69443.0,0.00303,B,210.41229,464326042664657
1774150158129,2026-03-22 03:29:18.129,69442.0,0.00028,A,19.443759999999997,664029697665512
1774150158363,2026-03-22 03:29:18.363,69442.0,0.00096,A,66.66432,823145552909110
1774150158516,2026-03-22 03:29:18.516,69443.0,0.00017,B,11.80531,603370914265581
1774150158516,2026-03-22 03:29:18.516,69444.0,5e-05,B,3.4722,205197816000686
1774150158516,2026-03-22 03:29:18.516,69444.0,0.00022,B,15.27768,328474374800691
1774150158516,2026-03-22 03:29:18.516,69444.0,0.00022,B,15.27768,1031288540337646
1774150158722,2026-03-22 03:29:18.722,69444.0,0.00431,B,299.30364,188298794118350
1774150158722,2026-03-22 03:29:18.722,69444.0,0.00017,B,11.805480000000001,455940495803479
1774150158722,2026-03-22 03:29:18.722,69445.0,0.00017,B,11.80565,380389742067189
1774150158722,2026-03-22 03:29:18.722,69446.0,0.00017,B,11.80582,714770407292553
1774150158722,2026-03-22 03:29:18.722,69447.0,0.01171,B,813.22437,350141633166728
1774150158722,2026-03-22 03:29:18.722,69447.0,0.00017,B,11.805990000000001,38138398799847
1774150158722,2026-03-22 03:29:18.722,69448.0,0.01151,B,799.3464799999999,397349692575914
1774150158722,2026-03-22 03:29:18.722,69448.0,0.00017,B,11.80616,1032725500829270
1774150158722,2026-03-22 03:29:18.722,69448.0,0.00016,B,11.111680000000002,1047613913474012
1774150158722,2026-03-22 03:29:18.722,69449.0,0.00017,B,11.80633,1043076424534210
1774150158722,2026-03-22 03:29:18.722,69449.0,0.00046,B,31.946540000000002,738599157631035
1774150158722,2026-03-22 03:29:18.722,69449.0,0.02783,B,1932.76567,253004591060663
1774150158722,2026-03-22 03:29:18.722,69449.0,0.00086,B,59.72614,36249193317396
1774150158800,2026-03-22 03:29:18.800,69448.0,0.0385,A,2673.748,128449022184795
1774150159853,2026-03-22 03:29:19.853,69450.0,0.00017,B,11.806500000000002,112288930685504
1774150159853,2026-03-22 03:29:19.853,69451.0,0.00017,B,11.80667,289326960534277
1774150159853,2026-03-22 03:29:19.853,69451.0,0.003,B,208.353,705708949669413
1774150159853,2026-03-22 03:29:19.853,69452.0,0.00017,B,11.806840000000001,391564831432330
1774150159853,2026-03-22 03:29:19.853,69452.0,0.00016,B,11.11232,237393006212116
1774150159853,2026-03-22 03:29:19.853,69453.0,0.00017,B,11.80701,950479579652099
1774150159853,2026-03-22 03:29:19.853,69453.0,0.003,B,208.359,1099785506737321
1774150159853,2026-03-22 03:29:19.853,69454.0,0.00017,B,11.80718,330055673066178
1774150159853,2026-03-22 03:29:19.853,69455.0,0.00017,B,11.807350000000001,1004386134107302
1774150159853,2026-03-22 03:29:19.853,69455.0,0.00015,B,10.418249999999999,1093535795877684
1774150159853,2026-03-22 03:29:19.853,69456.0,0.00017,B,11.80752,805343641932145
1774150159853,2026-03-22 03:29:19.853,69456.0,0.00016,B,11.112960000000001,957413598376500
1774150159853,2026-03-22 03:29:19.853,69457.0,0.00043,B,29.866509999999998,1040802218343540
1774150159853,2026-03-22 03:29:19.853,69457.0,0.00017,B,11.807690000000001,363917336520312
1774150159853,2026-03-22 03:29:19.853,69457.0,0.00614,B,426.46598,405136775494343
1774150159853,2026-03-22 03:29:19.853,69457.0,0.00087,B,60.42759,457604038011805
1774150159933,2026-03-22 03:29:19.933,69458.0,0.0003,B,20.8374,155285956088712
1774150159933,2026-03-22 03:29:19.933,69458.0,0.003,B,208.374,167422574193502
1774150160158,2026-03-22 03:29:20.158,69458.0,0.0007,B,48.620599999999996,881242941852416
1774150160158,2026-03-22 03:29:20.158,69458.0,0.00017,B,11.807860000000002,978917011574478
1774150160158,2026-03-22 03:29:20.158,69459.0,0.00017,B,11.80803,747207882125135
1774150160158,2026-03-22 03:29:20.158,69459.0,0.00016,B,11.11344,1065803656473399
1774150160158,2026-03-22 03:29:20.158,69459.0,0.00086,B,59.734739999999995,698007997671011
1774150160158,2026-03-22 03:29:20.158,69460.0,0.00017,B,11.808200000000001,75731104865689
1774150160158,2026-03-22 03:29:20.158,69460.0,0.03375,B,2344.275,50313853346798
1774150160470,2026-03-22 03:29:20.470,69460.0,0.0229,B,1590.634,92547342568896
1774150160470,2026-03-22 03:29:20.470,69460.0,0.003,B,208.38,484450154174066
1774150160470,2026-03-22 03:29:20.470,69461.0,0.00017,B,11.80837,108014093805351
1774150160470,2026-03-22 03:29:20.470,69461.0,0.01162,B,807.1368200000001,596396707877434
1774150160997,2026-03-22 03:29:20.997,69461.0,0.003,B,208.383,829358879872978
1774150161098,2026-03-22 03:29:21.098,69460.0,0.00027,A,18.7542,482118077048095
1774150161200,2026-03-22 03:29:21.200,69461.0,0.02122,B,1473.9624199999998,93278005509554
1774150161605,2026-03-22 03:29:21.605,69460.0,0.001,A,69.46000000000001,720700511677716
1774150162378,2026-03-22 03:29:22.378,69461.0,0.0385,B,2674.2485,212189644428399
1774150162759,2026-03-22 03:29:22.759,69461.0,0.00017,B,11.80837,140196010677004
1774150163064,2026-03-22 03:29:23.064,69460.0,0.00048,A,33.3408,358706673743542
1774150164389,2026-03-22 03:29:24.389,69460.0,0.00017,A,11.808200000000001,565612781273305
1774150164389,2026-03-22 03:29:24.389,69459.0,0.01273,A,884.21307,760581641134694
1774150164781,2026-03-22 03:29:24.781,69459.0,0.00017,A,11.80803,1050980413904608
1774150164781,2026-03-22 03:29:24.781,69458.0,0.00015,A,10.4187,442912881983868
1774150164781,2026-03-22 03:29:24.781,69458.0,0.00017,A,11.807860000000002,1004474755734375
1774150164781,2026-03-22 03:29:24.781,69457.0,0.00015,A,10.41855,849674582405173
1774150164781,2026-03-22 03:29:24.781,69457.0,0.00016,A,11.11312,991145659799177
1774150164781,2026-03-22 03:29:24.781,69457.0,0.00017,A,11.807690000000001,1085832790174334
1774150164781,2026-03-22 03:29:24.781,69456.0,0.00017,A,11.80752,460713626518976
1774150164781,2026-03-22 03:29:24.781,69456.0,0.23034,A,15998.49504,180293516591386
1774150164918,2026-03-22 03:29:24.918,69455.0,0.00017,A,11.807350000000001,337629016385381
1774150164918,2026-03-22 03:29:24.918,69455.0,0.02143,A,1488.42065,542967344527461
1774150165989,2026-03-22 03:29:25.989,69455.0,0.00017,A,11.807350000000001,1011603267331622
1774150165989,2026-03-22 03:29:25.989,69454.0,0.00017,A,11.80718,206829207904960
1774150165989,2026-03-22 03:29:25.989,69454.0,0.003,A,208.362,840825586096705
1774150165989,2026-03-22 03:29:25.989,69454.0,0.00015,A,10.418099999999999,383134006662676
1774150165989,2026-03-22 03:29:25.989,69453.0,0.00017,A,11.80701,162363203058616
1774150165989,2026-03-22 03:29:25.989,69453.0,0.00016,A,11.112480000000001,640999979579361
1774150165989,2026-03-22 03:29:25.989,69453.0,0.00015,A,10.41795,15008371557566
1774150165989,2026-03-22 03:29:25.989,69452.0,0.00017,A,11.806840000000001,665850685235468
1774150165989,2026-03-22 03:29:25.989,69451.0,0.00017,A,11.80667,676851509985301
1774150166191,2026-03-22 03:29:26.191,69450.0,0.00017,A,11.806500000000002,172181733709550
1774150166191,2026-03-22 03:29:26.191,69449.0,0.003,A,208.347,1124653678880020
1774150166191,2026-03-22 03:29:26.191,69449.0,0.00016,A,11.11184,497984942128269
1774150166191,2026-03-22 03:29:26.191,69449.0,0.1702,A,11820.219799999999,777918520311252
1774150166191,2026-03-22 03:29:26.191,69449.0,0.00017,A,11.80633,504533786154526
1774150166191,2026-03-22 03:29:26.191,69448.0,0.00017,A,11.80616,552136370474500
1774150166191,2026-03-22 03:29:26.191,69448.0,0.02083,A,1446.60184,805640298508314
1774150166191,2026-03-22 03:29:26.191,69447.0,0.00017,A,11.805990000000001,972008926192900
1774150166191,2026-03-22 03:29:26.191,69446.0,0.00016,A,11.111360000000001,699760782991227
1774150166191,2026-03-22 03:29:26.191,69446.0,0.00015,A,10.416899999999998,276737702426546
1774150166191,2026-03-22 03:29:26.191,69446.0,0.00017,A,11.80582,1005531777975006
1774150166191,2026-03-22 03:29:26.191,69446.0,0.001,A,69.446,993111440424635
1774150166191,2026-03-22 03:29:26.191,69445.0,0.00017,A,11.80565,53260837346628
1774150166736,2026-03-22 03:29:26.736,69445.0,0.0129,B,895.8405,449669286683373
1774150166803,2026-03-22 03:29:26.803,69444.0,0.00017,A,11.805480000000001,936700604305485
1774150166803,2026-03-22 03:29:26.803,69443.0,0.00017,A,11.80531,1017857552990232
1774150166803,2026-03-22 03:29:26.803,69443.0,0.23039,A,15998.97277,898018970920943
1774150166803,2026-03-22 03:29:26.803,69442.0,0.00017,A,11.805140000000002,1070307124520000
1774150166803,2026-03-22 03:29:26.803,69442.0,0.00016,A,11.11072,417635175887325
1774150167067,2026-03-22 03:29:27.067,69441.0,0.00017,A,11.80497,1058985926352533
1774150167067,2026-03-22 03:29:27.067,69440.0,0.00017,A,11.8048,168331697083530
1774150167067,2026-03-22 03:29:27.067,69440.0,0.01376,A,955.4943999999999,130162178251444
1774150167067,2026-03-22 03:29:27.067,69440.0,0.00015,A,10.415999999999999,462699681705771
1774150167067,2026-03-22 03:29:27.067,69439.0,0.00017,A,11.804630000000001,301678972630576
1774150167067,2026-03-22 03:29:27.067,69439.0,0.00236,A,163.87604000000002,75685802375739
1774150167471,2026-03-22 03:29:27.471,69438.0,0.00017,A,11.80446,164482498286395
1774150167471,2026-03-22 03:29:27.471,69438.0,0.00016,A,11.110080000000002,237140872737343
1774150167471,2026-03-22 03:29:27.471,69437.0,0.00017,A,11.804290000000002,1056516681282886
1774150167471,2026-03-22 03:29:27.471,69436.0,0.00017,A,11.804120000000001,921739622206222
1774150167471,2026-03-22 03:29:27.471,69435.0,0.00016,A,11.1096,912720894304682
1774150167471,2026-03-22 03:29:27.471,69435.0,0.00017,A,11.80395,1020149149492030
1774150167471,2026-03-22 03:29:27.471,69435.0,0.00015,A,10.415249999999999,95007689228639
1774150167471,2026-03-22 03:29:27.471,69434.0,0.00033,A,22.91322,791836168301797
1774150167471,2026-03-22 03:29:27.471,69434.0,0.00017,A,11.803780000000001,656541832452947
1774150167471,2026-03-22 03:29:27.471,69433.0,0.00017,A,11.80361,463758188541998
1774150167471,2026-03-22 03:29:27.471,69432.0,0.00017,A,11.80344,1052359177601105
1774150167471,2026-03-22 03:29:27.471,69431.0,0.00016,A,11.108960000000002,578406194815596
1774150167471,2026-03-22 03:29:27.471,69431.0,0.00017,A,11.803270000000001,655000256602120
1774150167471,2026-03-22 03:29:27.471,69431.0,0.05665,A,3933.26615,796430638024367
1774150167471,2026-03-22 03:29:27.471,69430.0,0.34103,A,23677.7129,839029220412544
1774150167812,2026-03-22 03:29:27.812,69431.0,0.00224,B,155.52543999999997,1014597495756985
1774150168248,2026-03-22 03:29:28.248,69431.0,0.00699,B,485.32268999999997,483442416378890
1774150169021,2026-03-22 03:29:29.021,69431.0,0.00016,B,11.108960000000002,30372000871427
1774150169021,2026-03-22 03:29:29.021,69430.0,0.00017,A,11.8031,959871427809492
1774150169021,2026-03-22 03:29:29.021,69430.0,0.05206,A,3614.5258000000003,312084362500008
1774150169021,2026-03-22 03:29:29.021,69430.0,0.00152,A,105.5336,339038276707334
1774150169037,2026-03-22 03:29:29.037,69430.0,0.0051,A,354.093,1074877696335133
1774150169292,2026-03-22 03:29:29.292,69430.0,0.0636,A,4415.7480000000005,296291315941844
1774150169292,2026-03-22 03:29:29.292,69430.0,0.08332,A,5784.9076000000005,947462218423857
1774150169702,2026-03-22 03:29:29.702,69431.0,0.0051,B,354.09810000000004,478434498386175
1774150170468,2026-03-22 03:29:30.468,69431.0,0.00303,B,210.37593,247397989676592
1774150170873,2026-03-22 03:29:30.873,69430.0,0.00017,A,11.8031,533554813715961
1774150170873,2026-03-22 03:29:30.873,69429.0,0.00017,A,11.802930000000002,62955465856259
1774150170963,2026-03-22 03:29:30.963,69428.0,0.00017,A,11.802760000000001,628462103733840
1774150170963,2026-03-22 03:29:30.963,69428.0,0.00022,A,15.27416,837352690718693
1774150171084,2026-03-22 03:29:31.084,69427.0,0.00016,A,11.10832,581174104934083
1774150171084,2026-03-22 03:29:31.084,69427.0,0.00017,A,11.80259,273973405632922
1774150171084,2026-03-22 03:29:31.084,69426.0,0.00017,A,11.802420000000001,485820333788123
1774150171084,2026-03-22 03:29:31.084,69426.0,0.23044,A,15998.52744,174335269111045
1774150171084,2026-03-22 03:29:31.084,69425.0,0.00017,A,11.80225,342948017079027
1774150171084,2026-03-22 03:29:31.084,69425.0,0.003,A,208.275,814398173625909
1774150171084,2026-03-22 03:29:31.084,69424.0,0.00016,A,11.107840000000001,777678031943864
1774150171084,2026-03-22 03:29:31.084,69424.0,0.00017,A,11.80208,291936650551349
1774150171084,2026-03-22 03:29:31.084,69423.0,0.00017,A,11.801910000000001,1088142658628225
1774150171165,2026-03-22 03:29:31.165,69423.0,0.00755,B,524.14365,134896477396834
1774150172513,2026-03-22 03:29:32.513,69422.0,0.00017,A,11.80174,254432790547164
1774150172513,2026-03-22 03:29:32.513,69421.0,0.004,A,277.684,605709214255658
1774150172513,2026-03-22 03:29:32.513,69421.0,0.00017,A,11.801570000000002,488634467536341
1774150172513,2026-03-22 03:29:32.513,69421.0,0.07455,A,5175.335550000001,440603429051374
1774150172513,2026-03-22 03:29:32.513,69420.0,0.00016,A,11.1072,261999939883826
1774150172513,2026-03-22 03:29:32.513,69420.0,0.00017,A,11.801400000000001,497919930950383
1774150172513,2026-03-22 03:29:32.513,69420.0,0.003,A,208.26,673397407815676
1774150172513,2026-03-22 03:29:32.513,69419.0,0.00017,A,11.80123,622743727824588
1774150172513,2026-03-22 03:29:32.513,69419.0,0.02881,A,1999.96139,1002032319808155
1774150172513,2026-03-22 03:29:32.513,69418.0,0.004,A,277.672,1099118571721986
1774150172513,2026-03-22 03:29:32.513,69418.0,0.00017,A,11.801060000000001,619432330853457
1774150172513,2026-03-22 03:29:32.513,69417.0,0.00017,A,11.80089,943152605985179
1774150172513,2026-03-22 03:29:32.513,69416.0,0.00016,A,11.106560000000002,247522947689678
1774150172513,2026-03-22 03:29:32.513,69416.0,0.00017,A,11.80072,709556297596585
1774150172513,2026-03-22 03:29:32.513,69415.0,0.00016,A,11.1064,1121917182613626
1774150172513,2026-03-22 03:29:32.513,69415.0,0.00017,A,11.800550000000001,169014781747284
1774150172513,2026-03-22 03:29:32.513,69414.0,0.00017,A,11.80038,956179601681714
1774150172513,2026-03-22 03:29:32.513,69414.0,0.04428,A,3073.65192,224755962204849
1774150172513,2026-03-22 03:29:32.513,69413.0,0.00016,A,11.10608,662185373790065
1774150172513,2026-03-22 03:29:32.513,69413.0,0.00017,A,11.800210000000002,872231509029933
1774150172513,2026-03-22 03:29:32.513,69413.0,0.03902,A,2708.49526,1077525720699421
1774150174602,2026-03-22 03:29:34.602,69413.0,0.0392,A,2720.9896,245540486402818
1774150175002,2026-03-22 03:29:35.002,69413.0,0.00109,A,75.66017000000001,485273186011696
1774150175002,2026-03-22 03:29:35.002,69413.0,0.00033,A,22.90629,485431796517565
1774150175122,2026-03-22 03:29:35.122,69414.0,0.00141,B,97.87374,1048933766191617
1774150178020,2026-03-22 03:29:38.020,69414.0,0.00016,B,11.106240000000001,118972929456185
1774150178360,2026-03-22 03:29:38.360,69413.0,0.00017,A,11.800210000000002,347145671740388
1774150178360,2026-03-22 03:29:38.360,69413.0,0.00478,A,331.79414,837904225624341
1774150178422,2026-03-22 03:29:38.422,69413.0,0.00495,A,343.59435,851332953215713
1774150179564,2026-03-22 03:29:39.564,69414.0,0.02123,B,1473.65922,251534442002263
1774150181034,2026-03-22 03:29:41.034,69413.0,0.00301,A,208.93313,523166636613411
1774150181391,2026-03-22 03:29:41.391,69413.0,0.17843,A,12385.36159,535504808349288
1774150182043,2026-03-22 03:29:42.043,69413.0,0.00017,A,11.800210000000002,538282002886201
1774150182043,2026-03-22 03:29:42.043,69412.0,0.003,A,208.23600000000002,506661421888108
1774150182043,2026-03-22 03:29:42.043,69412.0,0.00017,A,11.800040000000001,402842483534905
1774150182043,2026-03-22 03:29:42.043,69411.0,0.01188,A,824.60268,960907338219834
1774150182043,2026-03-22 03:29:42.043,69411.0,0.00017,A,11.79987,643599999984100
1774150182043,2026-03-22 03:29:42.043,69410.0,0.00017,A,11.799700000000001,308071240918088
1774150182043,2026-03-22 03:29:42.043,69409.0,0.00016,A,11.105440000000002,678419529405198
1774150182043,2026-03-22 03:29:42.043,69409.0,0.00017,A,11.79953,732430600698578
1774150182043,2026-03-22 03:29:42.043,69409.0,0.01224,A,849.56616,887518704388701
1774150182445,2026-03-22 03:29:42.445,69409.0,0.00071,B,49.280390000000004,411318777389020
1774150182651,2026-03-22 03:29:42.651,69408.0,0.00017,A,11.79936,981503695385907
1774150182651,2026-03-22 03:29:42.651,69407.0,0.00017,A,11.799190000000001,782596263658766
1774150182651,2026-03-22 03:29:42.651,69406.0,0.00017,A,11.79902,512380127767159
1774150182651,2026-03-22 03:29:42.651,69405.0,0.00014,A,9.7167,316519130960421
1774150183414,2026-03-22 03:29:43.414,69404.0,0.00017,A,11.798680000000001,877172334830987
1774150183414,2026-03-22 03:29:43.414,69403.0,0.00017,A,11.79851,898604716307128
1774150183414,2026-03-22 03:29:43.414,69403.0,0.003,A,208.209,7942266078965
1774150183414,2026-03-22 03:29:43.414,69402.0,0.00016,A,11.104320000000001,712333998051016
1774150183414,2026-03-22 03:29:43.414,69402.0,0.00017,A,11.798340000000001,1099570719875424
1774150183414,2026-03-22 03:29:43.414,69401.0,0.00017,A,11.79817,114397471180003
1774150183414,2026-03-22 03:29:43.414,69400.0,0.01441,A,1000.054,901670774973600
1774150183414,2026-03-22 03:29:43.414,69400.0,0.00017,A,11.798,928647845220131
1774150183414,2026-03-22 03:29:43.414,69399.0,0.00017,A,11.797830000000001,941285662733363
1774150183414,2026-03-22 03:29:43.414,69399.0,0.02881,A,1999.38519,264922143810602
1774150185383,2026-03-22 03:29:45.383,69398.0,0.00017,A,11.79766,976007468641207
1774150185383,2026-03-22 03:29:45.383,69398.0,0.00652,A,452.47496,709994852654658
1774150185901,2026-03-22 03:29:45.901,69398.0,0.15864,A,11009.29872,745237515725858
1774150186049,2026-03-22 03:29:46.049,69398.0,0.00028,A,19.43144,589767231877343
1774150186638,2026-03-22 03:29:46.638,69398.0,0.00017,A,11.79766,422650085784185
1774150186638,2026-03-22 03:29:46.638,69398.0,0.00694,A,481.62212,812142975668638
1774150187251,2026-03-22 03:29:47.251,69398.0,0.00197,A,136.71406,818188550084423
1774150187275,2026-03-22 03:29:47.275,69398.0,0.00197,A,136.71406,480613716047216
1774150187675,2026-03-22 03:29:47.675,69398.0,0.0006,A,41.638799999999996,102304550036902
1774150189083,2026-03-22 03:29:49.083,69399.0,5e-05,B,3.4699500000000003,280632451978074
1774150190492,2026-03-22 03:29:50.492,69398.0,0.00648,A,449.69903999999997,28566160074075
1774150191046,2026-03-22 03:29:51.046,69398.0,0.00028,A,19.43144,50940611633023
1774150192103,2026-03-22 03:29:52.103,69399.0,0.02881,B,1999.38519,329443835838396
1774150194393,2026-03-22 03:29:54.393,69399.0,0.10359,B,7189.04241,370188666721388
1774150194393,2026-03-22 03:29:54.393,69399.0,0.19634,B,13625.799659999999,800011021996978
1774150194393,2026-03-22 03:29:54.393,69399.0,0.60685,B,42114.78315,984555861169453
1774150194518,2026-03-22 03:29:54.518,69399.0,0.00139,B,96.46461,826953418066718
1774150194723,2026-03-22 03:29:54.723,69399.0,0.02881,B,1999.38519,461464559098134
1774150194920,2026-03-22 03:29:54.920,69398.0,0.0129,A,895.2342,102585526999823
1774150195121,2026-03-22 03:29:55.121,69398.0,0.0382,A,2651.0036,1015792970991425
1774150195463,2026-03-22 03:29:55.463,69399.0,0.0023,B,159.61769999999999,361975944288715
1774150197074,2026-03-22 03:29:57.074,69398.0,0.00017,A,11.79766,525771549708501
1774150197074,2026-03-22 03:29:57.074,69398.0,0.01644,A,1140.90312,323757488639420
1774150197074,2026-03-22 03:29:57.074,69399.0,0.00137,B,95.07663,218154674933050
1774150199043,2026-03-22 03:29:59.043,69399.0,0.00016,B,11.103840000000002,412007665193640
1774150199043,2026-03-22 03:29:59.043,69398.0,0.05375,A,3730.1425,561102698914440
1774150199931,2026-03-22 03:29:59.931,69399.0,0.0123,B,853.6077,97785801877331
1774150199931,2026-03-22 03:29:59.931,69399.0,0.01651,B,1145.77749,521872529119507
1774150201404,2026-03-22 03:30:01.404,69398.0,0.014,A,971.572,231646416128325
1774150201404,2026-03-22 03:30:01.404,69399.0,0.05665,B,3931.45335,508455412611096
1774150201404,2026-03-22 03:30:01.404,69399.0,0.00017,B,11.797830000000001,226709365993699
1774150201404,2026-03-22 03:30:01.404,69400.0,0.00015,B,10.409999999999998,488298691776163
1774150201404,2026-03-22 03:30:01.404,69401.0,3e-05,B,2.08203,577960160825061
1774150201404,2026-03-22 03:30:01.404,69401.0,0.00012,B,8.32812,316830480446579
1774150201404,2026-03-22 03:30:01.404,69401.0,0.001,B,69.401,804178246731644
1774150201404,2026-03-22 03:30:01.404,69401.0,0.002,B,138.802,999388098593784
1774150201404,2026-03-22 03:30:01.404,69401.0,0.34534,B,23966.941339999998,334973520517229
1774150202384,2026-03-22 03:30:02.384,69401.0,0.00481,A,333.81881,417935797983475
1774150203030,2026-03-22 03:30:03.030,69400.0,0.00104,A,72.17599999999999,567555030964981
1774150203030,2026-03-22 03:30:03.030,69401.0,0.0003,B,20.8203,1106846817822492
1774150203030,2026-03-22 03:30:03.030,69398.0,0.00017,A,11.79766,1007217590669155
1774150203030,2026-03-22 03:30:03.030,69398.0,0.00016,A,11.10368,283065174634081
1774150203433,2026-03-22 03:30:03.433,69398.0,0.25618,B,17778.379640000003,127937643151556
1774150203433,2026-03-22 03:30:03.433,69398.0,0.23205,B,16103.805900000001,1089837886409068
1774150203433,2026-03-22 03:30:03.433,69398.0,0.15298,B,10616.50604,607381420941259
1774150203433,2026-03-22 03:30:03.433,69398.0,0.19181,B,13311.23038,181663985523166
1774150203433,2026-03-22 03:30:03.433,69398.0,0.11532,B,8002.977360000001,817151865258698
1774150203433,2026-03-22 03:30:03.433,69398.0,0.5,B,34699.0,650805880068243
1774150203433,2026-03-22 03:30:03.433,69398.0,0.19322,B,13409.08156,35058007317643
1774150203433,2026-03-22 03:30:03.433,69398.0,0.15245,B,10579.7251,204033597523532
1774150203433,2026-03-22 03:30:03.433,69398.0,0.24945,B,17311.3311,878371770386369
1774150203433,2026-03-22 03:30:03.433,69398.0,0.54794,B,38025.94012,61109439576078
1774150203695,2026-03-22 03:30:03.695,69396.0,0.00017,A,11.797320000000001,804750924882365
1774150203695,2026-03-22 03:30:03.695,69395.0,0.00017,A,11.79715,473316895994691
1774150203695,2026-03-22 03:30:03.695,69394.0,0.00016,A,11.10304,460935301092181
1774150203695,2026-03-22 03:30:03.695,69394.0,0.00017,A,11.796980000000001,230694955677798
1774150203695,2026-03-22 03:30:03.695,69393.0,0.00017,A,11.79681,899576082807179
1774150203695,2026-03-22 03:30:03.695,69393.0,0.00248,A,172.09464,756252548846004
1774150203695,2026-03-22 03:30:03.695,69393.0,0.00052,A,36.08436,1119461432599593
1774150204099,2026-03-22 03:30:04.099,69392.0,0.00017,A,11.79664,841679970910401
1774150204099,2026-03-22 03:30:04.099,69391.0,0.00016,A,11.10256,1097093715394037
1774150204099,2026-03-22 03:30:04.099,69391.0,0.00017,A,11.796470000000001,695272034160451
1774150204099,2026-03-22 03:30:04.099,69391.0,0.00091,A,63.14581,547364851247515
1774150204290,2026-03-22 03:30:04.290,69392.0,0.00022,B,15.26624,63732910479697
1774150204290,2026-03-22 03:30:04.290,69391.0,0.00261,A,181.11051,1081759051468867
1774150204716,2026-03-22 03:30:04.716,69391.0,0.0132,A,915.9612,1109905340353319
1774150205673,2026-03-22 03:30:05.673,69392.0,0.08545,B,5929.5464,38471205484150
1774150205853,2026-03-22 03:30:05.853,69391.0,0.0289,A,2005.3999,1096839156612712
1774150206533,2026-03-22 03:30:06.533,69392.0,0.01573,A,1091.53616,714651271895720
1774150206533,2026-03-22 03:30:06.533,69392.0,0.1494,A,10367.1648,13242582951806
1774150207503,2026-03-22 03:30:07.503,69397.0,0.00016,B,11.103520000000001,1019111434104026
1774150207503,2026-03-22 03:30:07.503,69397.0,0.00128,B,88.82816000000001,1084117024838007
1774150207745,2026-03-22 03:30:07.745,69397.0,0.00138,B,95.76786,772378948332554
1774150207745,2026-03-22 03:30:07.745,69397.0,0.00034,B,23.594980000000003,928342281090439
1774150207919,2026-03-22 03:30:07.919,69398.0,0.00015,B,10.409699999999999,296833939517884
1774150207919,2026-03-22 03:30:07.919,69399.0,0.00015,B,10.409849999999999,249436813738673
1774150207919,2026-03-22 03:30:07.919,69401.0,0.00016,B,11.10416,865969351809050
1774150207919,2026-03-22 03:30:07.919,69402.0,0.00017,B,11.798340000000001,589059311565662
1774150207919,2026-03-22 03:30:07.919,69403.0,0.00017,B,11.79851,626185103518321
1774150207919,2026-03-22 03:30:07.919,69403.0,0.0002,B,13.880600000000001,510903621559242
1774150207919,2026-03-22 03:30:07.919,69403.0,0.00015,B,10.410449999999999,848754803647421
1774150207919,2026-03-22 03:30:07.919,69404.0,0.003,B,208.21200000000002,167961773458425
1774150207919,2026-03-22 03:30:07.919,69404.0,0.00016,B,11.104640000000002,1043000582999907
1774150207919,2026-03-22 03:30:07.919,69404.0,0.00017,B,11.798680000000001,1064023969763576
1774150207919,2026-03-22 03:30:07.919,69405.0,0.00017,B,11.798850000000002,844209358289002
1774150207919,2026-03-22 03:30:07.919,69406.0,0.00017,B,11.79902,604451898522778
1774150207919,2026-03-22 03:30:07.919,69407.0,0.00017,B,11.799190000000001,1079532123346255
1774150207919,2026-03-22 03:30:07.919,69407.0,0.05201,B,3609.85807,636832150390808
1774150208152,2026-03-22 03:30:08.152,69407.0,0.00016,B,11.105120000000001,665353183394607
1774150209215,2026-03-22 03:30:09.215,69407.0,0.00017,B,11.799190000000001,1058052002041866
1774150209415,2026-03-22 03:30:09.415,69407.0,0.00283,B,196.42181,745737843168045
1774150209415,2026-03-22 03:30:09.415,69407.0,0.03537,B,2454.92559,238959616102544
1774150209535,2026-03-22 03:30:09.535,69407.0,0.00019,B,13.187330000000001,341107896471905
1774150209619,2026-03-22 03:30:09.619,69407.0,0.0072,B,499.7304,151246724707811
1774150209951,2026-03-22 03:30:09.951,69406.0,0.011,A,763.466,926682292487371
1774150210222,2026-03-22 03:30:10.222,69406.0,0.00043,A,29.84458,1065539948550511
1774150210753,2026-03-22 03:30:10.753,69406.0,0.013,A,902.2779999999999,623972390078775
1774150210753,2026-03-22 03:30:10.753,69407.0,0.00017,B,11.799190000000001,1010586825456014
1774150210753,2026-03-22 03:30:10.753,69408.0,0.00017,B,11.79936,8010223262174
1774150210753,2026-03-22 03:30:10.753,69408.0,0.00015,B,10.4112,250666999166999
1774150210753,2026-03-22 03:30:10.753,69408.0,0.00017,B,11.79936,538432068399550
1774150210753,2026-03-22 03:30:10.753,69408.0,0.0002,B,13.8816,34659453909575
1774150210753,2026-03-22 03:30:10.753,69409.0,0.00017,B,11.79953,749356768121642
1774150210753,2026-03-22 03:30:10.753,69409.0,0.00017,B,11.79953,478717676569277
1774150210753,2026-03-22 03:30:10.753,69410.0,0.00017,B,11.799700000000001,500097811087587
1774150210753,2026-03-22 03:30:10.753,69410.0,7e-05,B,4.8587,754810282420682
1774150211233,2026-03-22 03:30:11.233,69409.0,0.00022,A,15.26998,308580096963698
1774150211558,2026-03-22 03:30:11.558,69410.0,0.00144,B,99.9504,922117502315996
1774150212035,2026-03-22 03:30:12.035,69409.0,0.02813,A,1952.47517,299509369967939
1774150212983,2026-03-22 03:30:12.983,69410.0,0.00017,B,11.799700000000001,589856525883595
1774150212983,2026-03-22 03:30:12.983,69411.0,0.00017,B,11.79987,701241026547512
1774150212983,2026-03-22 03:30:12.983,69411.0,0.00017,B,11.79987,777467800775671
1774150212983,2026-03-22 03:30:12.983,69412.0,0.00017,B,11.800040000000001,484449512698472
1774150212983,2026-03-22 03:30:12.983,69412.0,0.00016,B,11.105920000000001,528592026267693
1774150212983,2026-03-22 03:30:12.983,69412.0,0.00017,B,11.800040000000001,109275369404454
1774150212983,2026-03-22 03:30:12.983,69412.0,0.003,B,208.23600000000002,1088514352129536
1774150212983,2026-03-22 03:30:12.983,69413.0,0.00017,B,11.800210000000002,662818775281209
1774150212983,2026-03-22 03:30:12.983,69413.0,0.00017,B,11.800210000000002,325256967036085
1774150212983,2026-03-22 03:30:12.983,69413.0,0.00015,B,10.41195,351170878160061
1774150212983,2026-03-22 03:30:12.983,69414.0,0.00017,B,11.80038,555610948118685
1774150212983,2026-03-22 03:30:12.983,69414.0,0.20033,B,13905.70662,610181626194833
1774150213180,2026-03-22 03:30:13.180,69414.0,0.01441,B,1000.25574,715406023559812
1774150214186,2026-03-22 03:30:14.186,69415.0,0.00017,B,11.800550000000001,575578318356694
1774150214186,2026-03-22 03:30:14.186,69415.0,0.00017,B,11.800550000000001,304000882166677
1774150214186,2026-03-22 03:30:14.186,69416.0,0.00017,B,11.80072,793472300776329
1774150214186,2026-03-22 03:30:14.186,69416.0,9e-05,B,6.24744,891373787722886
1774150214331,2026-03-22 03:30:14.331,69415.0,0.076,A,5275.54,175480135013627
1774150214608,2026-03-22 03:30:14.608,69415.0,0.00151,A,104.81665000000001,282339499610011
1774150214805,2026-03-22 03:30:14.805,69416.0,0.00013,B,9.02408,300949246961650
1774150214805,2026-03-22 03:30:14.805,69416.0,0.00018,B,12.49488,488444749823820
1774150215451,2026-03-22 03:30:15.451,69416.0,0.0129,B,895.4664,457370359775025
1774150215876,2026-03-22 03:30:15.876,69416.0,0.00033,B,22.90728,846269616054040
1774150216057,2026-03-22 03:30:16.057,69415.0,0.00028,A,19.4362,859579691068521
1774150216233,2026-03-22 03:30:16.233,69415.0,0.00333,A,231.15195,711294630521428
1774150216989,2026-03-22 03:30:16.989,69415.0,0.01,A,694.15,553611000251002
1774150217069,2026-03-22 03:30:17.069,69415.0,0.00019,A,13.18885,69663404477767
1774150218488,2026-03-22 03:30:18.488,69416.0,0.00017,B,11.80072,682366857356214
1774150218488,2026-03-22 03:30:18.488,69417.0,0.00017,B,11.80089,1093582508573689
1774150218488,2026-03-22 03:30:18.488,69417.0,0.00017,B,11.80089,803563344617866
1774150218488,2026-03-22 03:30:18.488,69418.0,0.00017,B,11.801060000000001,530465759273255
1774150218488,2026-03-22 03:30:18.488,69418.0,0.00017,B,11.801060000000001,309514240277124
1774150218488,2026-03-22 03:30:18.488,69419.0,0.00017,B,11.80123,883184929179885
1774150218488,2026-03-22 03:30:18.488,69419.0,0.00015,B,10.412849999999999,761232429680390
1774150218488,2026-03-22 03:30:18.488,69420.0,0.00017,B,11.801400000000001,786495635102571
1774150218488,2026-03-22 03:30:18.488,69420.0,0.003,B,208.26,343792107144418
1774150218488,2026-03-22 03:30:18.488,69420.0,0.01681,B,1166.9502,699867751161230
1774150218488,2026-03-22 03:30:18.488,69420.0,0.005,B,347.1,998653654747309
1774150218605,2026-03-22 03:30:18.605,69419.0,0.00235,A,163.13465,7643452834276
1774150218893,2026-03-22 03:30:18.893,69420.0,0.57629,B,40006.0518,957600158373075
1774150219061,2026-03-22 03:30:19.061,69419.0,0.25722,A,17855.95518,424196451294269
1774150219061,2026-03-22 03:30:19.061,69419.0,0.08,A,5553.52,730389472360632
1774150219061,2026-03-22 03:30:19.061,69419.0,0.34934,A,24250.833459999998,64956226919750
1774150219061,2026-03-22 03:30:19.061,69419.0,0.35,A,24296.649999999998,165740876124164
1774150219061,2026-03-22 03:30:19.061,69419.0,0.63255,A,43910.98845,40445777718483
1774150219061,2026-03-22 03:30:19.061,69419.0,0.01336,A,927.43784,516847404159470
1774150219061,2026-03-22 03:30:19.061,69419.0,0.29745,A,20648.68155,816043658888412
1774150219061,2026-03-22 03:30:19.061,69420.0,0.0229,B,1589.718,850910796963518
1774150219496,2026-03-22 03:30:19.496,69420.0,0.005,B,347.1,993438908788211
1774150220486,2026-03-22 03:30:20.486,69420.0,0.00017,B,11.801400000000001,882398351959678
1774150220486,2026-03-22 03:30:20.486,69421.0,0.00017,B,11.801570000000002,536009674621589
1774150220486,2026-03-22 03:30:20.486,69422.0,0.00017,B,11.80174,707330653457619
1774150220486,2026-03-22 03:30:20.486,69423.0,0.00016,B,11.10768,389764338049445
1774150220486,2026-03-22 03:30:20.486,69423.0,0.00017,B,11.801910000000001,981506983402066
1774150220486,2026-03-22 03:30:20.486,69424.0,0.00017,B,11.80208,288390301590830
1774150220486,2026-03-22 03:30:20.486,69424.0,0.003,B,208.272,1006758050775942
1774150220486,2026-03-22 03:30:20.486,69425.0,0.00017,B,11.80225,683736810492376
1774150220486,2026-03-22 03:30:20.486,69426.0,0.00016,B,11.108160000000002,438493904517998
1774150220486,2026-03-22 03:30:20.486,69426.0,0.00017,B,11.802420000000001,1009830534058018
1774150220486,2026-03-22 03:30:20.486,69426.0,0.01984,B,1377.41184,234680256413083
1774150220486,2026-03-22 03:30:20.486,69426.0,0.04,B,2777.04,151954575865494
1774150220673,2026-03-22 03:30:20.673,69425.0,0.0288,A,1999.44,977095729999567
1774150221019,2026-03-22 03:30:21.019,69426.0,0.00028,A,19.439279999999997,185877333980656
1774150221668,2026-03-22 03:30:21.668,69427.0,0.00253,A,175.65031000000002,365622653858032
1774150221668,2026-03-22 03:30:21.668,69428.0,0.00017,B,11.802760000000001,1019286830162117
1774150222036,2026-03-22 03:30:22.036,69427.0,0.00017,A,11.80259,351873535252188
1774150223651,2026-03-22 03:30:23.651,69428.0,0.00015,B,10.4142,648530786522325
1774150224050,2026-03-22 03:30:24.050,69428.0,0.13959,B,9691.45452,266216978062054
1774150225735,2026-03-22 03:30:25.735,69427.0,0.02314,A,1606.54078,518271629100670
1774150226121,2026-03-22 03:30:26.121,69427.0,0.32416,A,22505.45632,418515906311747
1774150226121,2026-03-22 03:30:26.121,69427.0,0.02013,A,1397.56551,875169589331406
1774150227099,2026-03-22 03:30:27.099,69427.0,0.00017,A,11.80259,838176984715826
1774150227099,2026-03-22 03:30:27.099,69427.0,0.01662,A,1153.87674,822102669356850
1774150227599,2026-03-22 03:30:27.599,69427.0,0.00017,A,11.80259,394181064538182
1774150227599,2026-03-22 03:30:27.599,69427.0,0.00289,A,200.64403000000001,748148464064053
1774150228318,2026-03-22 03:30:28.318,69425.0,0.00017,A,11.80225,866308362980107
1774150228318,2026-03-22 03:30:28.318,69424.0,0.00016,A,11.107840000000001,200703212266950
1774150228318,2026-03-22 03:30:28.318,69424.0,0.00017,A,11.80208,27954636988715
1774150228318,2026-03-22 03:30:28.318,69423.0,0.00017,A,11.801910000000001,736428878957232
1774150228823,2026-03-22 03:30:28.823,69422.0,0.00017,A,11.80174,896896207515873
1774150228823,2026-03-22 03:30:28.823,69421.0,0.003,A,208.263,932152607594668
1774150228823,2026-03-22 03:30:28.823,69421.0,0.00017,A,11.801570000000002,36143729474912
1774150228823,2026-03-22 03:30:28.823,69420.0,0.00016,A,11.1072,451289408309917
1774150228823,2026-03-22 03:30:28.823,69420.0,0.00017,A,11.801400000000001,1111079453235636
1774150228823,2026-03-22 03:30:28.823,69419.0,0.00017,A,11.80123,723719895847188
1774150228823,2026-03-22 03:30:28.823,69418.0,0.00017,A,11.801060000000001,938381390282125
1774150228823,2026-03-22 03:30:28.823,69418.0,0.03599,A,2498.3538200000003,1056380417738923
1774150229014,2026-03-22 03:30:29.014,69423.0,0.00016,B,11.10768,373652712526244
1774150229014,2026-03-22 03:30:29.014,69418.0,0.05375,A,3731.2174999999997,189883859521276
1774150229177,2026-03-22 03:30:29.177,69418.0,0.00436,A,302.66248,642844300326717
1774150231161,2026-03-22 03:30:31.161,69419.0,0.01148,B,796.93012,485688849272760
1774150231268,2026-03-22 03:30:31.268,69419.0,0.099,B,6872.481000000001,88800420537665
1774150231462,2026-03-22 03:30:31.462,69419.0,0.01148,B,796.93012,368860317854988
1774150231839,2026-03-22 03:30:31.839,69418.0,0.00017,A,11.801060000000001,7686529160644
1774150231839,2026-03-22 03:30:31.839,69418.0,0.00011,A,7.63598,559687329523157
1774150232080,2026-03-22 03:30:32.080,69419.0,0.01148,B,796.93012,769248126813595
1774150232447,2026-03-22 03:30:32.447,69419.0,0.07142,B,4957.90498,1091688080572261
1774150232447,2026-03-22 03:30:32.447,69419.0,0.05958,B,4135.98402,889830219853497
1774150232632,2026-03-22 03:30:32.632,69418.0,0.23036,A,15991.13048,821077447888345
1774150232632,2026-03-22 03:30:32.632,69418.0,0.00017,A,11.801060000000001,523635371850511
1774150232632,2026-03-22 03:30:32.632,69417.0,0.00017,A,11.80089,721011742234111
1774150232632,2026-03-22 03:30:32.632,69417.0,0.00015,A,10.41255,153427846938260
1774150232632,2026-03-22 03:30:32.632,69416.0,0.00016,A,11.106560000000002,1059402233318385
1774150232632,2026-03-22 03:30:32.632,69416.0,0.00017,A,11.80072,648651908790897
1774150232632,2026-03-22 03:30:32.632,69416.0,0.00015,A,10.4124,358638547176843
1774150232632,2026-03-22 03:30:32.632,69415.0,0.00017,A,11.800550000000001,263291703326181
1774150232632,2026-03-22 03:30:32.632,69414.0,0.00017,A,11.80038,722772842684088
1774150232632,2026-03-22 03:30:32.632,69414.0,0.02186,A,1517.39004,28525601719119
1774150232632,2026-03-22 03:30:32.632,69414.0,0.02305,A,1599.9927,993283189933747
1774150232632,2026-03-22 03:30:32.632,69413.0,0.00017,A,11.800210000000002,903485957742897
1774150232632,2026-03-22 03:30:32.632,69413.0,0.00016,A,11.10608,652058999218511
1774150232632,2026-03-22 03:30:32.632,69412.0,0.00017,A,11.800040000000001,1028131690430502
1774150232632,2026-03-22 03:30:32.632,69412.0,0.003,A,208.23600000000002,1085681264591278
1774150232632,2026-03-22 03:30:32.632,69411.0,0.00017,A,11.79987,553150064378610
1774150232632,2026-03-22 03:30:32.632,69410.0,0.00017,A,11.799700000000001,594383321357436
1774150232632,2026-03-22 03:30:32.632,69410.0,0.001,A,69.41,220665682956750
1774150232632,2026-03-22 03:30:32.632,69410.0,0.1,A,6941.0,532425442785430
1774150232632,2026-03-22 03:30:32.632,69409.0,0.00016,A,11.105440000000002,214354220782128
1774150232632,2026-03-22 03:30:32.632,69409.0,0.00017,A,11.79953,239922770277240
1774150232632,2026-03-22 03:30:32.632,69409.0,0.00015,A,10.411349999999999,994690691589410
1774150232632,2026-03-22 03:30:32.632,69409.0,0.01152,A,799.59168,1047395004203758
1774150232632,2026-03-22 03:30:32.632,69409.0,0.001,A,69.409,1342146121045
1774150232632,2026-03-22 03:30:32.632,69408.0,0.00017,A,11.79936,669550635131420
1774150232632,2026-03-22 03:30:32.632,69408.0,0.003,A,208.22400000000002,779214810650660
1774150232632,2026-03-22 03:30:32.632,69407.0,0.00017,A,11.799190000000001,676871015385663
1774150232632,2026-03-22 03:30:32.632,69406.0,0.00017,A,11.79902,408103396406663
1774150232632,2026-03-22 03:30:32.632,69406.0,0.07251,A,5032.62906,908372710343438
1774150232632,2026-03-22 03:30:32.632,69406.0,0.0037,A,256.8022,616393813608041
1774150232632,2026-03-22 03:30:32.632,69405.0,0.00016,A,11.104800000000001,1020496035769477
1774150232632,2026-03-22 03:30:32.632,69405.0,0.00017,A,11.798850000000002,391055767251839
1774150232632,2026-03-22 03:30:32.632,69404.0,0.01152,A,799.53408,397987679225495
1774150232632,2026-03-22 03:30:32.632,69404.0,0.00015,A,10.410599999999999,552687202838354
1774150232632,2026-03-22 03:30:32.632,69404.0,0.00017,A,11.798680000000001,653319795151316
1774150232632,2026-03-22 03:30:32.632,69404.0,0.21616,A,15002.368639999999,1092420613552030
1774150232632,2026-03-22 03:30:32.632,69404.0,1.44083,A,99999.36532,179946532888416
1774150232632,2026-03-22 03:30:32.632,69403.0,0.066,A,4580.598,533118341592100
1774150232632,2026-03-22 03:30:32.632,69403.0,0.00017,A,11.79851,361668994815986
1774150232632,2026-03-22 03:30:32.632,69403.0,0.04005,A,2779.59015,607835535923362
1774150232632,2026-03-22 03:30:32.632,69403.0,0.72054,A,50007.637619999994,100511764228478
1774150232632,2026-03-22 03:30:32.632,69403.0,0.50438,A,35005.485140000004,53768560611963
1774150232632,2026-03-22 03:30:32.632,69403.0,0.2,A,13880.6,168238246762346
1774150232632,2026-03-22 03:30:32.632,69403.0,0.34046,A,23628.945379999997,209823413638991
1774150233038,2026-03-22 03:30:33.038,69404.0,0.00041,B,28.45564,316162633708628
1774150233638,2026-03-22 03:30:33.638,69414.0,0.003,B,208.242,1117618709194606
1774150233638,2026-03-22 03:30:33.638,69417.0,0.001,B,69.417,894847123522798
1774150233638,2026-03-22 03:30:33.638,69418.0,0.05665,B,3932.5297,994181411017860
1774150233638,2026-03-22 03:30:33.638,69419.0,0.00017,B,11.80123,610262483215567
1774150233638,2026-03-22 03:30:33.638,69419.0,0.00021,B,14.57799,587105849877818
1774150234078,2026-03-22 03:30:34.078,69418.0,0.00142,A,98.57356,329062389843702
1774150234078,2026-03-22 03:30:34.078,69421.0,0.00017,B,11.801570000000002,317846659484065
1774150234259,2026-03-22 03:30:34.259,69422.0,0.00017,B,11.80174,664721571538672
1774150234259,2026-03-22 03:30:34.259,69422.0,0.0002,B,13.884400000000001,925538872535879
1774150234259,2026-03-22 03:30:34.259,69422.0,0.00086,B,59.70292,905949148366517
1774150234259,2026-03-22 03:30:34.259,69422.0,0.00252,B,174.94344,1104246606160036
1774150234259,2026-03-22 03:30:34.259,69422.0,0.001,B,69.422,109500199826505
1774150236122,2026-03-22 03:30:36.122,69422.0,0.00017,B,11.80174,535889410174204
1774150236122,2026-03-22 03:30:36.122,69422.0,0.07651,B,5311.47722,797115032729962
1774150236122,2026-03-22 03:30:36.122,69423.0,0.00017,B,11.801910000000001,855573301097253
1774150236122,2026-03-22 03:30:36.122,69423.0,0.00015,B,10.41345,378919569668488
1774150236122,2026-03-22 03:30:36.122,69424.0,0.00017,B,11.80208,936325879404067
1774150236122,2026-03-22 03:30:36.122,69424.0,0.00015,B,10.413599999999999,492862688414409
1774150236122,2026-03-22 03:30:36.122,69425.0,0.00017,B,11.80225,996098094331286
1774150236122,2026-03-22 03:30:36.122,69426.0,0.00017,B,11.802420000000001,410338423125787
1774150236122,2026-03-22 03:30:36.122,69426.0,0.15,B,10413.9,961803371205889
1774150236122,2026-03-22 03:30:36.122,69427.0,0.00017,B,11.80259,257744033967027
1774150236122,2026-03-22 03:30:36.122,69428.0,0.00017,B,11.802760000000001,611172292637485
1774150236122,2026-03-22 03:30:36.122,69429.0,0.00017,B,11.802930000000002,500106343806285
1774150236122,2026-03-22 03:30:36.122,69429.0,0.003,B,208.287,118283034519881
1774150236122,2026-03-22 03:30:36.122,69429.0,0.00015,B,10.414349999999999,187441231863658
1774150236122,2026-03-22 03:30:36.122,69430.0,0.00016,B,11.1088,955798384977503
1774150236122,2026-03-22 03:30:36.122,69430.0,0.00017,B,11.8031,898305179450201
1774150236122,2026-03-22 03:30:36.122,69431.0,0.0144,B,999.8063999999999,125776843669022
1774150236122,2026-03-22 03:30:36.122,69431.0,0.00017,B,11.803270000000001,1038358180892845
1774150236122,2026-03-22 03:30:36.122,69431.0,0.001,B,69.431,266468176184307
1774150236122,2026-03-22 03:30:36.122,69432.0,0.00017,B,11.80344,348896254256548
1774150236122,2026-03-22 03:30:36.122,69432.0,0.003,B,208.296,600051379530524
1774150236122,2026-03-22 03:30:36.122,69433.0,0.00017,B,11.80361,410477965975084
1774150236122,2026-03-22 03:30:36.122,69434.0,0.00016,B,11.109440000000001,246438936701566
1774150236122,2026-03-22 03:30:36.122,69434.0,0.00017,B,11.803780000000001,212441759414066
1774150236122,2026-03-22 03:30:36.122,69435.0,0.00017,B,11.80395,469924119656936
1774150236122,2026-03-22 03:30:36.122,69435.0,0.03351,B,2326.76685,953591229875179
1774150236122,2026-03-22 03:30:36.122,69436.0,0.00017,B,11.804120000000001,351473764691252
1774150236122,2026-03-22 03:30:36.122,69437.0,0.00016,B,11.10992,1102418027175396
1774150236122,2026-03-22 03:30:36.122,69437.0,0.00017,B,11.804290000000002,101905473060439
1774150236122,2026-03-22 03:30:36.122,69438.0,0.00017,B,11.80446,923526992955393
1774150236122,2026-03-22 03:30:36.122,69439.0,0.00017,B,11.804630000000001,571380690277308
1774150236122,2026-03-22 03:30:36.122,69440.0,0.00017,B,11.8048,508468211595979
1774150236122,2026-03-22 03:30:36.122,69441.0,0.00016,B,11.110560000000001,259860233914727
1774150236122,2026-03-22 03:30:36.122,69441.0,0.00017,B,11.80497,273931385255217
1774150236122,2026-03-22 03:30:36.122,69442.0,0.001,B,69.44200000000001,707567047104901
1774150236122,2026-03-22 03:30:36.122,69445.0,0.00016,B,11.1112,120694194560248
1774150236122,2026-03-22 03:30:36.122,69448.0,0.00016,B,11.111680000000002,1112622974985360
1774150236122,2026-03-22 03:30:36.122,69450.0,0.00029,B,20.1405,536214555532224
1774150236122,2026-03-22 03:30:36.122,69452.0,0.00016,B,11.11232,711117190733697
1774150236122,2026-03-22 03:30:36.122,69453.0,0.00016,B,11.112480000000001,362862200513660
1774150236122,2026-03-22 03:30:36.122,69455.0,0.004,B,277.82,887994907494720
1774150236122,2026-03-22 03:30:36.122,69456.0,0.00016,B,11.112960000000001,1078885295336821
1774150236122,2026-03-22 03:30:36.122,69458.0,0.004,B,277.832,67699515760679
1774150236122,2026-03-22 03:30:36.122,69458.0,0.01191,B,827.24478,133263711353591
1774150236312,2026-03-22 03:30:36.312,69459.0,0.00016,B,11.11344,313590457283435
1774150236312,2026-03-22 03:30:36.312,69459.0,0.04306,B,2990.90454,1071522876682648
1774150236312,2026-03-22 03:30:36.312,69459.0,0.23,B,15975.570000000002,475085460104020
1774150236406,2026-03-22 03:30:36.406,69459.0,0.02,B,1389.18,251669361398667
1774150237169,2026-03-22 03:30:37.169,69455.0,0.0006,A,41.672999999999995,763867196887564
1774150237623,2026-03-22 03:30:37.623,69456.0,0.00017,B,11.80752,1110209126379936
1774150237920,2026-03-22 03:30:37.920,69457.0,0.00017,B,11.807690000000001,968644255052729
1774150237920,2026-03-22 03:30:37.920,69458.0,0.0001,B,6.9458,705174178622302
1774150238025,2026-03-22 03:30:38.025,69458.0,7e-05,B,4.86206,853369499163972
1774150238025,2026-03-22 03:30:38.025,69459.0,9e-05,B,6.25131,449924402193673
1774150238227,2026-03-22 03:30:38.227,69459.0,8e-05,B,5.55672,422266905154989
1774150238227,2026-03-22 03:30:38.227,69459.0,0.00072,B,50.01048,645198788664205
1774150238719,2026-03-22 03:30:38.719,69459.0,0.00044,B,30.561960000000003,213104008616577
1774150239305,2026-03-22 03:30:39.305,69458.0,0.01138,A,790.4320399999999,556302672490702
1774150239305,2026-03-22 03:30:39.305,69458.0,0.00017,A,11.807860000000002,731038011590846
1774150239305,2026-03-22 03:30:39.305,69458.0,0.00135,A,93.76830000000001,727888789946717
1774150239507,2026-03-22 03:30:39.507,69459.0,0.00017,B,11.80803,762169421394342
1774150239507,2026-03-22 03:30:39.507,69459.0,0.0034,B,236.1606,789041864935935
1774150239507,2026-03-22 03:30:39.507,69460.0,0.00017,B,11.808200000000001,31782738161894
1774150239507,2026-03-22 03:30:39.507,69461.0,0.00017,B,11.80837,1069308199935135
1774150239507,2026-03-22 03:30:39.507,69462.0,0.003,B,208.386,807537786850503
1774150239507,2026-03-22 03:30:39.507,69462.0,0.00017,B,11.80854,287382374998642
1774150239507,2026-03-22 03:30:39.507,69463.0,0.00016,B,11.114080000000001,756407104663726
1774150239507,2026-03-22 03:30:39.507,69463.0,0.00017,B,11.808710000000001,1034351694237811
1774150239507,2026-03-22 03:30:39.507,69463.0,0.00549,B,381.35187,609098432424893
1774150239507,2026-03-22 03:30:39.507,69463.0,0.0392,B,2722.9496,249735389264492
1774150239507,2026-03-22 03:30:39.507,69463.0,0.02789,B,1937.3230700000001,601090183705114
1774150239507,2026-03-22 03:30:39.507,69464.0,0.00017,B,11.80888,322203166845936
1774150239507,2026-03-22 03:30:39.507,69464.0,0.001,B,69.464,68563940723234
1774150239507,2026-03-22 03:30:39.507,69465.0,0.00017,B,11.809050000000001,1001063183144813
1774150239507,2026-03-22 03:30:39.507,69466.0,0.00017,B,11.809220000000002,955471327457299
1774150239507,2026-03-22 03:30:39.507,69466.0,0.003,B,208.398,667634972790961
1774150239507,2026-03-22 03:30:39.507,69467.0,0.00016,B,11.11472,770916087618602
1774150239507,2026-03-22 03:30:39.507,69467.0,0.00017,B,11.80939,51740654341878
1774150239507,2026-03-22 03:30:39.507,69467.0,0.003,B,208.401,153779061588613
1774150239507,2026-03-22 03:30:39.507,69468.0,0.00017,B,11.809560000000001,1042778991920941
1774150239507,2026-03-22 03:30:39.507,69468.0,0.0041,B,284.8188,865042422611314
1774150239507,2026-03-22 03:30:39.507,69458.0,0.00865,A,600.8117,1068130860540119
1774150239507,2026-03-22 03:30:39.507,69458.0,0.13984,A,9713.00672,835973899930435
1774150239614,2026-03-22 03:30:39.614,69467.0,0.00432,A,300.09744,448339207286296
1774150239662,2026-03-22 03:30:39.662,69467.0,0.00433,A,300.79211,287522466146365
1774150239777,2026-03-22 03:30:39.777,69469.0,0.00017,B,11.80973,1081347867497910
1774150239777,2026-03-22 03:30:39.777,69470.0,0.00017,B,11.8099,670806143386603
1774150239777,2026-03-22 03:30:39.777,69471.0,0.00016,B,11.11536,749474281439599
1774150239777,2026-03-22 03:30:39.777,69471.0,0.00017,B,11.810070000000001,781419646224383
1774150239837,2026-03-22 03:30:39.837,69472.0,0.00017,B,11.81024,749036567517258
1774150239837,2026-03-22 03:30:39.837,69473.0,0.00017,B,11.810410000000001,1067414796598396
1774150239837,2026-03-22 03:30:39.837,69474.0,0.00016,B,11.11584,473496242908412
1774150239837,2026-03-22 03:30:39.837,69474.0,0.00017,B,11.810580000000002,569976300030042
1774150239837,2026-03-22 03:30:39.837,69475.0,0.00017,B,11.81075,826595445371419
1774150239837,2026-03-22 03:30:39.837,69476.0,0.00017,B,11.810920000000001,150615647185601
1774150239837,2026-03-22 03:30:39.837,69477.0,0.00017,B,11.81109,808516765258121
1774150239837,2026-03-22 03:30:39.837,69478.0,0.00016,B,11.116480000000001,724949533942732
1774150239837,2026-03-22 03:30:39.837,69478.0,0.00017,B,11.81126,306865226548113
1774150239837,2026-03-22 03:30:39.837,69478.0,0.05549,B,3855.3342199999997,544063694022308
1774150240074,2026-03-22 03:30:40.074,69478.0,0.00116,B,80.59448,33837215110051
1774150240074,2026-03-22 03:30:40.074,69478.0,0.00014,B,9.72692,1034309004444709
1774150240755,2026-03-22 03:30:40.755,69478.0,0.00144,B,100.04832,135518872937752
1774150241245,2026-03-22 03:30:41.245,69477.0,0.0378,A,2626.2306,8575028691276
1774150241245,2026-03-22 03:30:41.245,69477.0,0.00022,A,15.28494,922545989824634
1774150241312,2026-03-22 03:30:41.312,69478.0,0.00017,B,11.81126,745750323680887
1774150241381,2026-03-22 03:30:41.381,69477.0,0.13687,A,9509.31699,953553056914397
1774150241381,2026-03-22 03:30:41.381,69477.0,0.17315,A,12029.94255,17386998588581
1774150241381,2026-03-22 03:30:41.381,69477.0,0.08998,A,6251.54046,112686081359247
1774150242019,2026-03-22 03:30:42.019,69477.0,0.02813,A,1954.38801,274610446536661
1774150242177,2026-03-22 03:30:42.177,69477.0,7e-05,A,4.86339,409414398210737
1774150242786,2026-03-22 03:30:42.786,69477.0,0.00028,A,19.45356,798542714480287
1774150242786,2026-03-22 03:30:42.786,69477.0,0.00046,A,31.95942,672687271350195
1774150242786,2026-03-22 03:30:42.786,69477.0,0.00132,A,91.70964,355337325648659
1774150242786,2026-03-22 03:30:42.786,69477.0,0.00144,A,100.04688,1102520216555079
1774150242786,2026-03-22 03:30:42.786,69477.0,0.00254,A,176.47158000000002,817863970500384
1774150242786,2026-03-22 03:30:42.786,69478.0,0.011,B,764.2579999999999,314560257708939
1774150242786,2026-03-22 03:30:42.786,69478.0,0.013,B,903.2139999999999,864014621938501
1774150242786,2026-03-22 03:30:42.786,69478.0,0.014,B,972.692,750781014649242
1774150242786,2026-03-22 03:30:42.786,69478.0,0.02963,B,2058.63314,126799798214098
1774150242786,2026-03-22 03:30:42.786,69478.0,0.0378,B,2626.2684,434662497081587
1774150242786,2026-03-22 03:30:42.786,69477.0,0.12253,A,8513.01681,943522078851398
1774150242786,2026-03-22 03:30:42.786,69477.0,0.04525,A,3143.83425,1113034640708662
1774150242786,2026-03-22 03:30:42.786,69478.0,0.2848,B,19787.3344,480123373304411
1774150242786,2026-03-22 03:30:42.786,69478.0,0.12651,B,8789.66178,967553470805969
1774150242786,2026-03-22 03:30:42.786,69478.0,0.06774,B,4706.439719999999,453542827363458
1774150244554,2026-03-22 03:30:44.554,69477.0,0.01138,A,790.6482599999999,776057345147203
1774150244554,2026-03-22 03:30:44.554,69477.0,0.00123,A,85.45671,443424217225519
1774150244909,2026-03-22 03:30:44.909,69477.0,0.00385,A,267.48645,391224792487932
1774150244991,2026-03-22 03:30:44.991,69477.0,0.00385,A,267.48645,28535718681848
1774150244991,2026-03-22 03:30:44.991,69477.0,0.22134,A,15378.03918,811612796102466
1774150244991,2026-03-22 03:30:44.991,69477.0,0.00017,A,11.81109,420625556905678
1774150244991,2026-03-22 03:30:44.991,69477.0,0.06771,A,4704.287670000001,404609942982157
1774150244991,2026-03-22 03:30:44.991,69476.0,0.00017,A,11.810920000000001,172283303553520
1774150244991,2026-03-22 03:30:44.991,69475.0,0.00017,A,11.81075,626311601934119
1774150244991,2026-03-22 03:30:44.991,69475.0,0.00015,A,10.421249999999999,664683057472509
1774150244991,2026-03-22 03:30:44.991,69474.0,0.00017,A,11.810580000000002,1006707978376352
1774150244991,2026-03-22 03:30:44.991,69473.0,0.00017,A,11.810410000000001,34493423121207
1774150244991,2026-03-22 03:30:44.991,69473.0,0.001,A,69.473,151855994605977
1774150244991,2026-03-22 03:30:44.991,69472.0,0.003,A,208.416,803994147692766
1774150244991,2026-03-22 03:30:44.991,69472.0,0.00017,A,11.81024,293888372799878
1774150244991,2026-03-22 03:30:44.991,69471.0,0.07623,A,5295.77433,191173467399822
1774150244991,2026-03-22 03:30:44.991,69471.0,0.02955,A,2052.86805,409999055931254
1774150245713,2026-03-22 03:30:45.713,69470.0,0.00017,A,11.8099,653224178113982
1774150245713,2026-03-22 03:30:45.713,69470.0,0.00015,A,10.420499999999999,884765777350745
1774150245713,2026-03-22 03:30:45.713,69469.0,2e-05,A,1.38938,807703600597241
1774150245713,2026-03-22 03:30:45.713,69471.0,0.0002,B,13.894200000000001,128190065344394
1774150246042,2026-03-22 03:30:46.042,69469.0,0.00015,A,10.42035,762681954066754
1774150246042,2026-03-22 03:30:46.042,69468.0,0.00012,A,8.33616,959931619411985
1774150246042,2026-03-22 03:30:46.042,69469.0,0.01015,B,705.1103499999999,1106681685156971
1774150246042,2026-03-22 03:30:46.042,69468.0,5e-05,A,3.4734000000000003,406116293077274
1774150246042,2026-03-22 03:30:46.042,69467.0,0.003,A,208.401,535982535329580
1774150246042,2026-03-22 03:30:46.042,69467.0,0.00017,A,11.80939,707702310255603
1774150246042,2026-03-22 03:30:46.042,69467.0,0.001,A,69.467,764728428679661
1774150246042,2026-03-22 03:30:46.042,69466.0,0.00017,A,11.809220000000002,174180638917319
1774150246042,2026-03-22 03:30:46.042,69465.0,0.00017,A,11.809050000000001,753165787346280
1774150246042,2026-03-22 03:30:46.042,69464.0,0.00017,A,11.80888,67911154459642
1774150246042,2026-03-22 03:30:46.042,69463.0,0.00016,A,11.114080000000001,1014486461695873
1774150246042,2026-03-22 03:30:46.042,69463.0,0.00017,A,11.808710000000001,862883999568194
1774150246042,2026-03-22 03:30:46.042,69462.0,0.00017,A,11.80854,9852150067611
1774150246042,2026-03-22 03:30:46.042,69461.0,0.00015,A,10.419149999999998,708952665640438
1774150246042,2026-03-22 03:30:46.042,69461.0,0.00017,A,11.80837,564877512109801
1774150246042,2026-03-22 03:30:46.042,69461.0,0.02031,A,1410.7529100000002,870609604406659
1774150246042,2026-03-22 03:30:46.042,69460.0,0.00017,A,11.808200000000001,636264532833550
1774150246042,2026-03-22 03:30:46.042,69460.0,0.00016,A,11.113600000000002,942691736946582
1774150246042,2026-03-22 03:30:46.042,69460.0,0.05735,A,3983.531,831171062569372
1774150246142,2026-03-22 03:30:46.142,69459.0,0.00017,A,11.80803,601208543146826
1774150246142,2026-03-22 03:30:46.142,69459.0,0.00661,A,459.12399000000005,616011760256527
1774150246142,2026-03-22 03:30:46.142,69459.0,0.23033,A,15998.49147,704767307130438
1774150246142,2026-03-22 03:30:46.142,69458.0,0.00017,A,11.807860000000002,273947437100725
1774150246142,2026-03-22 03:30:46.142,69457.0,0.00017,A,11.807690000000001,909494593539042
1774150246142,2026-03-22 03:30:46.142,69457.0,0.00016,A,11.11312,651363658581782
1774150246142,2026-03-22 03:30:46.142,69456.0,0.00017,A,11.80752,189795893392164
1774150246142,2026-03-22 03:30:46.142,69456.0,0.00015,A,10.418399999999998,144012149205598
1774150247120,2026-03-22 03:30:47.120,69455.0,0.00017,A,11.807350000000001,370131072941951
1774150247343,2026-03-22 03:30:47.343,69455.0,0.01357,A,942.50435,1055664592074880
1774150247996,2026-03-22 03:30:47.996,69455.0,0.00026,A,18.0583,208698723955219
1774150248398,2026-03-22 03:30:48.398,69455.0,0.20382,A,14156.3181,167186670797819
1774150248398,2026-03-22 03:30:48.398,69455.0,0.00017,A,11.807350000000001,184967103955065
1774150248398,2026-03-22 03:30:48.398,69455.0,0.15123,A,10503.67965,282696286878951
1774150248398,2026-03-22 03:30:48.398,69455.0,0.04478,A,3110.1949,251157574231594
1774150248608,2026-03-22 03:30:48.608,69455.0,0.00145,A,100.70975,530710906422615
1774150249220,2026-03-22 03:30:49.220,69455.0,0.01227,A,852.21285,911329849654385
1774150249220,2026-03-22 03:30:49.220,69455.0,0.00806,A,559.8072999999999,855473138523597
1774150249220,2026-03-22 03:30:49.220,69456.0,0.00224,B,155.58144,492010489883087
1774150251035,2026-03-22 03:30:51.035,69455.0,0.00028,A,19.4474,319124660293610
1774150252028,2026-03-22 03:30:52.028,69455.0,0.00017,A,11.807350000000001,67324491037333
1774150253127,2026-03-22 03:30:53.127,69455.0,0.00556,A,386.1698,1033332087265068
1774150253243,2026-03-22 03:30:53.243,69455.0,0.01233,A,856.3801500000001,610921082344175
1774150253850,2026-03-22 03:30:53.850,69455.0,0.00017,A,11.807350000000001,1109195798428810
1774150253850,2026-03-22 03:30:53.850,69454.0,0.00017,A,11.80718,57796428042456
1774150253850,2026-03-22 03:30:53.850,69453.0,0.00016,A,11.112480000000001,35494397002157
1774150253850,2026-03-22 03:30:53.850,69453.0,0.00017,A,11.80701,131469484989675
1774150253850,2026-03-22 03:30:53.850,69453.0,0.00015,A,10.41795,31812362051586
1774150253850,2026-03-22 03:30:53.850,69452.0,0.00017,A,11.806840000000001,751117303261730
1774150253850,2026-03-22 03:30:53.850,69452.0,0.01191,A,827.17332,108692536209732
1774150254410,2026-03-22 03:30:54.410,69451.0,0.00169,A,117.37219,146800457905591
1774150254410,2026-03-22 03:30:54.410,69451.0,0.00017,A,11.80667,811896907940895
1774150254454,2026-03-22 03:30:54.454,69450.0,0.00017,A,11.806500000000002,110542241254389
1774150254454,2026-03-22 03:30:54.454,69450.0,0.003,A,208.35,341490178951572
1774150254598,2026-03-22 03:30:54.598,69449.0,0.00016,A,11.11184,285987978256330
1774150254598,2026-03-22 03:30:54.598,69449.0,0.00017,A,11.80633,57840684133069
1774150254598,2026-03-22 03:30:54.598,69448.0,0.00017,A,11.80616,900043496489139
1774150254598,2026-03-22 03:30:54.598,69447.0,0.00017,A,11.805990000000001,244570949890066
1774150254735,2026-03-22 03:30:54.735,69447.0,0.0129,B,895.8663,845849486991568
1774150255054,2026-03-22 03:30:55.054,69446.0,0.00017,A,11.80582,619934094074341
1774150255054,2026-03-22 03:30:55.054,69446.0,0.02289,A,1589.61894,68340966463262
1774150255054,2026-03-22 03:30:55.054,69446.0,0.09599,A,6666.12154,287523879869658
1774150255814,2026-03-22 03:30:55.814,69446.0,0.00284,B,197.22664,432570819295330
1774150256067,2026-03-22 03:30:56.067,69445.0,0.003,A,208.335,314680237031998
1774150256067,2026-03-22 03:30:56.067,69444.0,0.00017,A,11.805480000000001,170753812240921
1774150256067,2026-03-22 03:30:56.067,69443.0,0.00017,A,11.80531,227952330405717
1774150256406,2026-03-22 03:30:56.406,69442.0,0.00022,A,15.27724,624854204082582
1774150256406,2026-03-22 03:30:56.406,69442.0,0.00017,A,11.805140000000002,998923572569896
1774150256406,2026-03-22 03:30:56.406,69441.0,0.00017,A,11.80497,288722684305671
1774150256406,2026-03-22 03:30:56.406,69440.0,0.00017,A,11.8048,16934808222092
1774150256406,2026-03-22 03:30:56.406,69440.0,0.00015,A,10.415999999999999,417825965275255
1774150256814,2026-03-22 03:30:56.814,69439.0,0.00017,A,11.804630000000001,963107743413326
1774150257015,2026-03-22 03:30:57.015,69438.0,0.00016,A,11.110080000000002,802231742574169
1774150257015,2026-03-22 03:30:57.015,69438.0,1e-05,A,0.6943800000000001,504977204433586
1774150257015,2026-03-22 03:30:57.015,69438.0,0.00016,A,11.110080000000002,836220524903896
1774150257015,2026-03-22 03:30:57.015,69438.0,0.01645,A,1142.2550999999999,967034670563068
1774150257210,2026-03-22 03:30:57.210,69437.0,0.00017,A,11.804290000000002,159641286821271
1774150257210,2026-03-22 03:30:57.210,69436.0,0.00017,A,11.804120000000001,1015187871540562
1774150257210,2026-03-22 03:30:57.210,69436.0,0.003,A,208.308,41009363067541
1774150257210,2026-03-22 03:30:57.210,69435.0,0.00016,A,11.1096,1059834509146210
1774150257210,2026-03-22 03:30:57.210,69435.0,0.00017,A,11.80395,353151501703393
1774150257210,2026-03-22 03:30:57.210,69435.0,0.00015,A,10.415249999999999,860158309574656
1774150257210,2026-03-22 03:30:57.210,69435.0,0.003,A,208.305,411204770704302
1774150257210,2026-03-22 03:30:57.210,69434.0,0.00017,A,11.803780000000001,697948711104326
1774150258076,2026-03-22 03:30:58.076,69433.0,0.00017,A,11.80361,402357946737144
1774150258076,2026-03-22 03:30:58.076,69432.0,0.00017,A,11.80344,110234824943649
1774150258076,2026-03-22 03:30:58.076,69431.0,0.00016,A,11.108960000000002,1098709535063487
1774150258076,2026-03-22 03:30:58.076,69431.0,0.00017,A,11.803270000000001,130655953537156
1774150258076,2026-03-22 03:30:58.076,69430.0,0.00017,A,11.8031,576314734597054
1774150258076,2026-03-22 03:30:58.076,69430.0,0.00127,A,88.1761,960697853938077
1774150258931,2026-03-22 03:30:58.931,69431.0,7e-05,B,4.860169999999999,64789691970717
1774150259040,2026-03-22 03:30:59.040,69430.0,0.05375,A,3731.8624999999997,989881794446551
1774150259313,2026-03-22 03:30:59.313,69430.0,0.00204,A,141.6372,529936910090609
1774150261269,2026-03-22 03:31:01.269,69430.0,0.00089,A,61.792699999999996,247309941995774
1774150261402,2026-03-22 03:31:01.402,69430.0,0.0009,A,62.486999999999995,461469895637867
1774150261998,2026-03-22 03:31:01.998,69430.0,0.00017,A,11.8031,88103673361289
1774150262177,2026-03-22 03:31:02.177,69429.0,0.00017,A,11.802930000000002,39777936917484
1774150262177,2026-03-22 03:31:02.177,69429.0,0.003,A,208.287,1047979256956313
1774150262177,2026-03-22 03:31:02.177,69428.0,0.00017,A,11.802760000000001,956639208424546
1774150262177,2026-03-22 03:31:02.177,69427.0,0.00016,A,11.10832,571971095147797
1774150262177,2026-03-22 03:31:02.177,69427.0,0.00017,A,11.80259,190275433193214
1774150262177,2026-03-22 03:31:02.177,69426.0,0.00017,A,11.802420000000001,684872862671726
1774150262177,2026-03-22 03:31:02.177,69425.0,0.00017,A,11.80225,653867501308176
1774150262177,2026-03-22 03:31:02.177,69424.0,0.00016,A,11.107840000000001,124621636584476
1774150262177,2026-03-22 03:31:02.177,69424.0,0.00017,A,11.80208,307598562696308
1774150262177,2026-03-22 03:31:02.177,69423.0,0.00017,A,11.801910000000001,309061848494979
1774150262177,2026-03-22 03:31:02.177,69423.0,0.003,A,208.269,54843981290990
1774150262428,2026-03-22 03:31:02.428,69422.0,0.00017,A,11.80174,646170091034198
1774150262684,2026-03-22 03:31:02.684,69421.0,0.00043,A,29.851029999999998,124333985834318
1774150263049,2026-03-22 03:31:03.049,69421.0,0.00357,A,247.83297,621806159440667
1774150263049,2026-03-22 03:31:03.049,69420.0,0.00016,A,11.1072,291083254775644
1774150263049,2026-03-22 03:31:03.049,69420.0,0.00017,A,11.801400000000001,636085896489112
1774150263049,2026-03-22 03:31:03.049,69419.0,0.00017,A,11.80123,354477375318553
1774150263863,2026-03-22 03:31:03.863,69418.0,0.04665,A,3238.3496999999998,1102454169431974
1774150263863,2026-03-22 03:31:03.863,69418.0,0.004,A,277.672,856511733117364
1774150263863,2026-03-22 03:31:03.863,69418.0,0.00017,A,11.801060000000001,462151502051038
1774150263863,2026-03-22 03:31:03.863,69417.0,0.00017,A,11.80089,771093313918342
1774150263863,2026-03-22 03:31:03.863,69416.0,0.00016,A,11.106560000000002,625229689292229
1774150263863,2026-03-22 03:31:03.863,69416.0,0.00017,A,11.80072,842307003552245
1774150263863,2026-03-22 03:31:03.863,69416.0,0.003,A,208.248,1117693153312739
1774150263863,2026-03-22 03:31:03.863,69415.0,0.00017,A,11.800550000000001,847295727196707
1774150263863,2026-03-22 03:31:03.863,69414.0,0.00017,A,11.80038,393579125485351
1774150263863,2026-03-22 03:31:03.863,69413.0,0.00016,A,11.10608,411815746527452
1774150263863,2026-03-22 03:31:03.863,69413.0,0.00017,A,11.800210000000002,545787605173409
1774150263961,2026-03-22 03:31:03.961,69412.0,0.00017,A,11.800040000000001,831171881902168
1774150263961,2026-03-22 03:31:03.961,69411.0,0.00017,A,11.79987,681305648178882
1774150263961,2026-03-22 03:31:03.961,69411.0,0.003,A,208.233,148049744101951
1774150263961,2026-03-22 03:31:03.961,69410.0,0.00017,A,11.799700000000001,572330044005019
1774150264079,2026-03-22 03:31:04.079,69409.0,0.00016,A,11.105440000000002,244579861418238
1774150264079,2026-03-22 03:31:04.079,69409.0,0.00017,A,11.79953,203620402819792
1774150264079,2026-03-22 03:31:04.079,69408.0,0.001,A,69.408,349489300546470
1774150264079,2026-03-22 03:31:04.079,69408.0,0.00017,A,11.79936,362802135010700
1774150264079,2026-03-22 03:31:04.079,69407.0,0.00017,A,11.799190000000001,125395122184407
1774150264079,2026-03-22 03:31:04.079,69407.0,0.00193,A,133.95551,1089039903772390
1774150264193,2026-03-22 03:31:04.193,69408.0,0.00032,B,22.21056,28983792547123
1774150265097,2026-03-22 03:31:05.097,69407.0,0.00142,A,98.55794,418281207586714
1774150266080,2026-03-22 03:31:06.080,69408.0,0.0036,B,249.8688,689413967670141
1774150266080,2026-03-22 03:31:06.080,69408.0,0.00022,B,15.26976,323099994882625
1774150266707,2026-03-22 03:31:06.707,69407.0,0.05777,A,4009.64239,409247178684490
1774150267680,2026-03-22 03:31:07.680,69408.0,0.00287,B,199.20096,104976087155699
1774150267680,2026-03-22 03:31:07.680,69408.0,0.0142,B,985.5936,698039344170694
1774150268019,2026-03-22 03:31:08.019,69408.0,0.00016,B,11.10528,55176714018053
1774150268094,2026-03-22 03:31:08.094,69408.0,0.00173,B,120.07584,750978030316232
1774150269629,2026-03-22 03:31:09.629,69407.0,0.00943,A,654.5080099999999,330208544102454
1774150269831,2026-03-22 03:31:09.831,69407.0,0.00943,A,654.5080099999999,511868138483906
1774150269902,2026-03-22 03:31:09.902,69407.0,0.00288,A,199.89216000000002,1024053805221207
1774150270498,2026-03-22 03:31:10.498,69408.0,0.00017,B,11.79936,473101720909747
1774150270498,2026-03-22 03:31:10.498,69408.0,0.05185,B,3598.8048,588501418585291
1774150270498,2026-03-22 03:31:10.498,69408.0,0.03164,B,2196.06912,1073569670652220
1774150271368,2026-03-22 03:31:11.368,69408.0,0.057,B,3956.2560000000003,971464814919269
1774150271626,2026-03-22 03:31:11.626,69407.0,0.0393,A,2727.6951,525946221939875
1774150272123,2026-03-22 03:31:12.123,69407.0,0.02813,A,1952.4189099999999,29531362058961
1774150272338,2026-03-22 03:31:12.338,69408.0,0.0006,B,41.6448,390798062143296
1774150272650,2026-03-22 03:31:12.650,69408.0,0.00017,B,11.79936,818703005190141
1774150272851,2026-03-22 03:31:12.851,69408.0,0.00015,B,10.4112,798433323052444
1774150273852,2026-03-22 03:31:13.852,69408.0,0.00018,B,12.493440000000001,485888347942560
1774150273942,2026-03-22 03:31:13.942,69408.0,0.00301,B,208.91808,936747539451604
1774150274341,2026-03-22 03:31:14.341,69407.0,0.00018,A,12.493260000000001,809085997833436
1774150275876,2026-03-22 03:31:15.876,69408.0,0.00017,B,11.79936,237498482309284
1774150275876,2026-03-22 03:31:15.876,69409.0,0.00015,B,10.411349999999999,809526158332311
1774150275876,2026-03-22 03:31:15.876,69409.0,0.00017,B,11.79953,1030561983901551
1774150275876,2026-03-22 03:31:15.876,69410.0,0.00017,B,11.799700000000001,856929024359579
1774150275876,2026-03-22 03:31:15.876,69410.0,0.00015,B,10.411499999999998,426954009860066
1774150275876,2026-03-22 03:31:15.876,69411.0,0.00017,B,11.79987,766823053746479
1774150275876,2026-03-22 03:31:15.876,69411.0,0.0048,B,333.1728,750820166202727
1774150275876,2026-03-22 03:31:15.876,69412.0,0.00017,B,11.800040000000001,541657523094343
1774150275876,2026-03-22 03:31:15.876,69413.0,0.003,B,208.239,586037027924617
1774150275876,2026-03-22 03:31:15.876,69413.0,0.00017,B,11.800210000000002,25959105697519
1774150275876,2026-03-22 03:31:15.876,69414.0,0.00017,B,11.80038,332702549859515
1774150275876,2026-03-22 03:31:15.876,69415.0,0.00016,B,11.1064,972989445121902
1774150275876,2026-03-22 03:31:15.876,69415.0,0.00017,B,11.800550000000001,305492166909244
1774150275876,2026-03-22 03:31:15.876,69416.0,0.00017,B,11.80072,660996690720886
1774150275876,2026-03-22 03:31:15.876,69417.0,0.00017,B,11.80089,212081632989142
1774150275876,2026-03-22 03:31:15.876,69417.0,0.00235,B,163.12995,112600389622643
1774150275876,2026-03-22 03:31:15.876,69417.0,0.00235,B,163.12995,22761408028291
1774150275876,2026-03-22 03:31:15.876,69418.0,0.003,B,208.254,760627138556172
1774150275876,2026-03-22 03:31:15.876,69418.0,0.00017,B,11.801060000000001,189697376478243
1774150275876,2026-03-22 03:31:15.876,69419.0,0.00016,B,11.107040000000001,1013228690689985
1774150275876,2026-03-22 03:31:15.876,69419.0,0.00015,B,10.412849999999999,452656431469968
1774150275876,2026-03-22 03:31:15.876,69419.0,0.00017,B,11.80123,179395785130562
1774150275876,2026-03-22 03:31:15.876,69420.0,0.00017,B,11.801400000000001,88947522621139
1774150275876,2026-03-22 03:31:15.876,69421.0,0.00017,B,11.801570000000002,996117007399302
1774150275876,2026-03-22 03:31:15.876,69422.0,0.00017,B,11.80174,683634697506175
1774150275876,2026-03-22 03:31:15.876,69423.0,0.01152,B,799.75296,855764051287367
1774150275876,2026-03-22 03:31:15.876,69423.0,0.02715,B,1884.83445,497837038076156
1774150276078,2026-03-22 03:31:16.078,69407.0,0.00028,A,19.43396,783806925223731
1774150277047,2026-03-22 03:31:17.047,69417.0,0.00017,A,11.80089,414205857541877
1774150277215,2026-03-22 03:31:17.215,69418.0,0.00017,B,11.801060000000001,362473413317514
1774150279734,2026-03-22 03:31:19.734,69416.0,0.00016,A,11.106560000000002,70175414075621
1774150279848,2026-03-22 03:31:19.848,69414.0,0.00015,A,10.412099999999999,749845538990229
1774150280350,2026-03-22 03:31:20.350,69413.0,0.00022,B,15.27086,1004275476926312
1774150280350,2026-03-22 03:31:20.350,69413.0,0.08268,B,5739.06684,860594675729818
1774150280350,2026-03-22 03:31:20.350,69413.0,1.00839,B,69995.37507,7700421570133
1774150280350,2026-03-22 03:31:20.350,69414.0,0.7607,B,52803.2298,564585735405783
1774150280350,2026-03-22 03:31:20.350,69414.0,0.14823,B,10289.23722,484053410342741
1774150281000,2026-03-22 03:31:21.000,69412.0,0.00027,A,18.74124,439797850069786
1774150281757,2026-03-22 03:31:21.757,69413.0,0.0375,B,2602.9874999999997,851913133020999
1774150282011,2026-03-22 03:31:22.011,69412.0,0.00017,A,11.800040000000001,918076547522940
1774150282912,2026-03-22 03:31:22.912,69412.0,0.00017,A,11.800040000000001,511780610376832
1774150282912,2026-03-22 03:31:22.912,69411.0,0.00017,A,11.79987,235640411732669
1774150282912,2026-03-22 03:31:22.912,69410.0,0.00017,A,11.799700000000001,584598423324058
1774150282912,2026-03-22 03:31:22.912,69409.0,0.00017,A,11.79953,160430928668140
1774150282912,2026-03-22 03:31:22.912,69409.0,0.00016,A,11.105440000000002,208627789395897
1774150282912,2026-03-22 03:31:22.912,69408.0,0.00017,A,11.79936,691802889500810
1774150282912,2026-03-22 03:31:22.912,69407.0,0.02779,A,1928.82053,726138661589111
1774150283135,2026-03-22 03:31:23.135,69408.0,0.00464,B,322.05312,324924481982140
1774150284237,2026-03-22 03:31:24.237,69408.0,0.0144,B,999.4752,549730214845553
1774150284346,2026-03-22 03:31:24.346,69408.0,0.00087,B,60.38496,832924502057913
1774150285327,2026-03-22 03:31:25.327,69407.0,0.33652,A,23356.84364,745525202955270
1774150285327,2026-03-22 03:31:25.327,69407.0,0.15701,A,10897.59307,851035807432741
1774150285327,2026-03-22 03:31:25.327,69407.0,0.16079,A,11159.951529999998,878497957596221
1774150285327,2026-03-22 03:31:25.327,69407.0,0.00017,A,11.799190000000001,377543946284846
1774150285327,2026-03-22 03:31:25.327,69406.0,0.00017,A,11.79902,1014600197325007
1774150285327,2026-03-22 03:31:25.327,69406.0,0.00015,A,10.4109,174679600715526
1774150285327,2026-03-22 03:31:25.327,69405.0,0.00016,A,11.104800000000001,682624921574248
1774150285327,2026-03-22 03:31:25.327,69405.0,0.00017,A,11.798850000000002,111575347562152
1774150285327,2026-03-22 03:31:25.327,69404.0,0.00017,A,11.798680000000001,840778700309918
1774150285327,2026-03-22 03:31:25.327,69403.0,0.00017,A,11.79851,81098301034654
1774150285327,2026-03-22 03:31:25.327,69402.0,0.00016,A,11.104320000000001,150608850367741
1774150285327,2026-03-22 03:31:25.327,69402.0,0.00017,A,11.798340000000001,815335883947709
1774150285327,2026-03-22 03:31:25.327,69402.0,0.003,A,208.20600000000002,119961923053577
1774150285327,2026-03-22 03:31:25.327,69401.0,0.00017,A,11.79817,441333407247574
1774150285327,2026-03-22 03:31:25.327,69400.0,0.00017,A,11.798,302702287843496
1774150285327,2026-03-22 03:31:25.327,69399.0,0.00015,A,10.409849999999999,108855274718174
1774150285327,2026-03-22 03:31:25.327,69399.0,0.00017,A,11.797830000000001,919558973669093
1774150285327,2026-03-22 03:31:25.327,69398.0,0.00016,A,11.10368,509460488708874
1774150285327,2026-03-22 03:31:25.327,69398.0,0.00017,A,11.79766,1078224035076685
1774150286581,2026-03-22 03:31:26.581,69397.0,0.00017,A,11.797490000000002,573956380153440
1774150286581,2026-03-22 03:31:26.581,69396.0,0.00017,A,11.797320000000001,612774457679269
1774150286581,2026-03-22 03:31:26.581,69395.0,0.00017,A,11.79715,419363990381350
1774150286581,2026-03-22 03:31:26.581,69394.0,0.00016,A,11.10304,1114673966837940
1774150286581,2026-03-22 03:31:26.581,69394.0,0.00017,A,11.796980000000001,683264790186942
1774150286581,2026-03-22 03:31:26.581,69393.0,0.00032,A,22.20576,621227168751236
1774150286581,2026-03-22 03:31:26.581,69393.0,0.00017,A,11.79681,877348401861057
1774150286581,2026-03-22 03:31:26.581,69392.0,0.00017,A,11.79664,637025570572398
1774150286581,2026-03-22 03:31:26.581,69392.0,0.00782,A,542.64544,983696983654829
1774150286719,2026-03-22 03:31:26.719,69392.0,0.00029,A,20.12368,775304235756679
1774150287014,2026-03-22 03:31:27.014,69392.0,0.00017,A,11.79664,623223768806988
1774150287014,2026-03-22 03:31:27.014,69392.0,0.01661,A,1152.60112,336849140692970
1774150289006,2026-03-22 03:31:29.006,69393.0,0.00016,B,11.10288,751913171659742
1774150289006,2026-03-22 03:31:29.006,69392.0,0.05375,A,3729.82,656049588616753
1774150289409,2026-03-22 03:31:29.409,69393.0,0.0144,B,999.2592,269390455653814
1774150292694,2026-03-22 03:31:32.694,69393.0,0.053,B,3677.8289999999997,1105561246698559
1774150293469,2026-03-22 03:31:33.469,69393.0,0.01441,B,999.95313,300306032760339
1774150293579,2026-03-22 03:31:33.579,69392.0,0.00017,A,11.79664,489120149989521
1774150293579,2026-03-22 03:31:33.579,69392.0,0.01273,A,883.36016,532972858609238
1774150293777,2026-03-22 03:31:33.777,69393.0,0.00016,B,11.10288,1006005458403402
1774150293872,2026-03-22 03:31:33.872,69392.0,0.21782,A,15114.965440000002,708025967901995
1774150293872,2026-03-22 03:31:33.872,69392.0,0.16178,A,11226.23776,70090831161378
1774150293872,2026-03-22 03:31:33.872,69392.0,0.00138,A,95.76096,407827818201639
1774150293872,2026-03-22 03:31:33.872,69391.0,0.00016,A,11.10256,515156544415237
1774150293872,2026-03-22 03:31:33.872,69391.0,0.00022,A,15.266020000000001,112872408215502
1774150293872,2026-03-22 03:31:33.872,69391.0,0.00017,A,11.796470000000001,426639746819557
1774150293872,2026-03-22 03:31:33.872,69390.0,0.00017,A,11.7963,1102709727708448
1774150293872,2026-03-22 03:31:33.872,69389.0,0.00017,A,11.796130000000002,301074715561224
1774150293872,2026-03-22 03:31:33.872,69389.0,0.00017,A,11.796130000000002,1010614254474298
1774150294048,2026-03-22 03:31:34.048,69388.0,0.00017,A,11.795960000000001,17343366126878
1774150294048,2026-03-22 03:31:34.048,69388.0,0.00017,A,11.795960000000001,659572743591207
1774150294048,2026-03-22 03:31:34.048,69387.0,0.00016,A,11.101920000000002,266579867454441
1774150294048,2026-03-22 03:31:34.048,69387.0,0.00017,A,11.79579,472183827209692
1774150294048,2026-03-22 03:31:34.048,69387.0,0.00017,A,11.79579,500003165537951
1774150294048,2026-03-22 03:31:34.048,69387.0,0.00058,A,40.244460000000004,255819145244383
1774150295015,2026-03-22 03:31:35.015,69388.0,0.00018,B,12.489840000000001,856710021163659
1774150296454,2026-03-22 03:31:36.454,69387.0,0.00017,A,11.79579,370433459374658
1774150296454,2026-03-22 03:31:36.454,69386.0,0.00017,A,11.795620000000001,968046267916188
1774150296454,2026-03-22 03:31:36.454,69386.0,0.00017,A,11.795620000000001,99911816638248
1774150296454,2026-03-22 03:31:36.454,69385.0,0.004,A,277.54,712677008711022
1774150296454,2026-03-22 03:31:36.454,69385.0,0.00017,A,11.79545,785317445129235
1774150296454,2026-03-22 03:31:36.454,69385.0,0.00017,A,11.79545,1047027273124614
1774150296454,2026-03-22 03:31:36.454,69385.0,0.03275,A,2272.35875,1035952747335498
1774150296681,2026-03-22 03:31:36.681,69385.0,0.005,A,346.925,511270829148110
1774150296784,2026-03-22 03:31:36.784,69385.0,0.005,A,346.925,856155711098347
1774150297599,2026-03-22 03:31:37.599,69385.0,0.00218,A,151.2593,458625078659859
1774150298054,2026-03-22 03:31:38.054,69386.0,0.00016,B,11.10176,804151701694190
1774150298182,2026-03-22 03:31:38.182,69386.0,0.00039,B,27.06054,289908780239485
1774150301345,2026-03-22 03:31:41.345,69385.0,0.18565,A,12881.32525,865605077432484
1774150301345,2026-03-22 03:31:41.345,69385.0,0.00017,A,11.79545,443341863227051
1774150301345,2026-03-22 03:31:41.345,69384.0,0.00017,A,11.79528,367171885516009
1774150301345,2026-03-22 03:31:41.345,69384.0,0.00017,A,11.79528,477867687611336
1774150301345,2026-03-22 03:31:41.345,69383.0,0.00016,A,11.101280000000001,28303884637657
1774150301345,2026-03-22 03:31:41.345,69383.0,0.00017,A,11.795110000000001,1052410658449098
1774150301345,2026-03-22 03:31:41.345,69383.0,0.003,A,208.149,1026095201454838
1774150301345,2026-03-22 03:31:41.345,69383.0,0.00017,A,11.795110000000001,112613904169672
1774150301345,2026-03-22 03:31:41.345,69382.0,0.003,A,208.14600000000002,306918664756420
1774150301345,2026-03-22 03:31:41.345,69382.0,0.00017,A,11.79494,845287287884611
1774150301345,2026-03-22 03:31:41.345,69382.0,0.00661,A,458.61502,295633535367833
1774150301345,2026-03-22 03:31:41.345,69382.0,0.00017,A,11.79494,69955281463127
1774150301345,2026-03-22 03:31:41.345,69381.0,0.00027,A,18.732870000000002,11072094730294
1774150301345,2026-03-22 03:31:41.345,69381.0,0.004,A,277.524,1110295668775527
1774150301345,2026-03-22 03:31:41.345,69381.0,0.00017,A,11.794770000000002,1000535630056207
1774150301345,2026-03-22 03:31:41.345,69381.0,0.00017,A,11.794770000000002,658637792832222
1774150301345,2026-03-22 03:31:41.345,69381.0,0.0418,A,2900.1258,813208399517895
1774150301345,2026-03-22 03:31:41.345,69380.0,0.00016,A,11.100800000000001,32210400739718
1774150301345,2026-03-22 03:31:41.345,69380.0,0.00017,A,11.7946,266598087798723
1774150301345,2026-03-22 03:31:41.345,69380.0,0.25365,A,17598.236999999997,665904973574383
1774150302006,2026-03-22 03:31:42.006,69380.0,0.02813,A,1951.6594,28262099534513
1774150302540,2026-03-22 03:31:42.540,69381.0,0.00059,B,40.93479,870445375048336
1774150302806,2026-03-22 03:31:42.806,69380.0,0.0006,A,41.62799999999999,66371722306898
1774150303608,2026-03-22 03:31:43.608,69380.0,0.00027,A,18.7326,882112149490754
1774150304220,2026-03-22 03:31:44.220,69380.0,2.81735,A,195467.743,287395220212130
1774150304220,2026-03-22 03:31:44.220,69380.0,0.00017,A,11.7946,959276911424480
1774150304220,2026-03-22 03:31:44.220,69379.0,0.00017,A,11.79443,260010646159502
1774150304220,2026-03-22 03:31:44.220,69379.0,0.00017,A,11.79443,386647045299610
1774150304417,2026-03-22 03:31:44.417,69378.0,0.00017,A,11.794260000000001,293004081328549
1774150304417,2026-03-22 03:31:44.417,69377.0,3e-05,A,2.08131,603013387541200
1774150305038,2026-03-22 03:31:45.038,69377.0,0.03286,A,2279.72822,383376070190269
1774150305038,2026-03-22 03:31:45.038,69377.0,0.00017,A,11.79409,12884485838590
1774150305038,2026-03-22 03:31:45.038,69377.0,0.003,A,208.131,754337477605273
1774150305038,2026-03-22 03:31:45.038,69377.0,0.2306,A,15998.3362,407674911155668
1774150305038,2026-03-22 03:31:45.038,69376.0,0.00016,A,11.10016,1066295006646350
1774150305038,2026-03-22 03:31:45.038,69376.0,0.01188,A,824.18688,68179460206263
1774150305038,2026-03-22 03:31:45.038,69376.0,0.00017,A,11.79392,390020204398392
1774150305038,2026-03-22 03:31:45.038,69375.0,0.00017,A,11.793750000000001,897236428499995
1774150305038,2026-03-22 03:31:45.038,69375.0,0.003,A,208.125,160941069361418
1774150305038,2026-03-22 03:31:45.038,69374.0,0.00017,A,11.79358,90505807731033
1774150305038,2026-03-22 03:31:45.038,69373.0,0.00043,A,29.830389999999998,481684642181625
1774150305038,2026-03-22 03:31:45.038,69373.0,0.00017,A,11.793410000000002,1030118135995225
1774150305038,2026-03-22 03:31:45.038,69373.0,0.00015,A,10.405949999999999,313121666319258
1774150305038,2026-03-22 03:31:45.038,69372.0,0.00016,A,11.09952,739157465452801
1774150305038,2026-03-22 03:31:45.038,69372.0,0.00017,A,11.79324,452579003674074
1774150305038,2026-03-22 03:31:45.038,69372.0,0.02376,A,1648.27872,272327527292794
1774150305038,2026-03-22 03:31:45.038,69372.0,0.02103,A,1458.89316,915816326192503
1774150305038,2026-03-22 03:31:45.038,69371.0,0.00017,A,11.79307,466704120058429
1774150305038,2026-03-22 03:31:45.038,69371.0,0.05665,A,3929.86715,588289806254763
1774150305038,2026-03-22 03:31:45.038,69370.0,0.00017,A,11.792900000000001,655968145314124
1774150305038,2026-03-22 03:31:45.038,69369.0,0.00017,A,11.79273,479019912927537
1774150305038,2026-03-22 03:31:45.038,69368.0,0.00016,A,11.098880000000001,762302920887600
1774150305038,2026-03-22 03:31:45.038,69368.0,0.07308,A,5069.41344,1028032687345966
1774150305038,2026-03-22 03:31:45.038,69368.0,0.00017,A,11.792560000000002,592281408831477
1774150305038,2026-03-22 03:31:45.038,69368.0,0.04137,A,2869.75416,219100353797653
1774150305038,2026-03-22 03:31:45.038,69368.0,0.001,A,69.368,9518530509239
1774150305038,2026-03-22 03:31:45.038,69368.0,0.02041,A,1415.80088,985251055930256
1774150305038,2026-03-22 03:31:45.038,69367.0,0.4,A,27746.800000000003,827907058420781
1774150305038,2026-03-22 03:31:45.038,69367.0,0.00017,A,11.792390000000001,149968198336326
1774150305038,2026-03-22 03:31:45.038,69367.0,0.08315,A,5767.8660500000005,599428643690849
1774150305038,2026-03-22 03:31:45.038,69366.0,0.00017,A,11.79222,981967216193042
1774150305038,2026-03-22 03:31:45.038,69365.0,0.00016,A,11.098400000000002,825347724665916
1774150305038,2026-03-22 03:31:45.038,69365.0,0.003,A,208.095,176861005506356
1774150305038,2026-03-22 03:31:45.038,69365.0,0.01153,A,799.77845,629316167687145
1774150305038,2026-03-22 03:31:45.038,69365.0,0.00017,A,11.792050000000001,866721590113688
1774150305038,2026-03-22 03:31:45.038,69365.0,0.21628,A,15002.2622,711922366886883
1774150305038,2026-03-22 03:31:45.038,69364.0,0.00017,A,11.79188,212114409095844
1774150305038,2026-03-22 03:31:45.038,69363.0,0.00017,A,11.79171,556084759045509
1774150305038,2026-03-22 03:31:45.038,69363.0,0.53715,A,37258.33545,881151001758149
1774150305038,2026-03-22 03:31:45.038,69363.0,0.00183,A,126.93429,770037136391227
1774150305038,2026-03-22 03:31:45.038,69363.0,0.001,A,69.363,708632878743190
1774150305038,2026-03-22 03:31:45.038,69362.0,0.00017,A,11.791540000000001,73026699506345
1774150305038,2026-03-22 03:31:45.038,69362.0,0.41991,A,29125.79742,1124840623143736
1774150305038,2026-03-22 03:31:45.038,69361.0,0.00016,A,11.097760000000001,1084751165878734
1774150305038,2026-03-22 03:31:45.038,69361.0,0.04215,A,2923.56615,235764691468965
1774150305038,2026-03-22 03:31:45.038,69361.0,0.00017,A,11.79137,1092865838504269
1774150305038,2026-03-22 03:31:45.038,69360.0,0.00016,A,11.097600000000002,605663593156538
1774150305038,2026-03-22 03:31:45.038,69360.0,0.07293,A,5058.4248,708436696192322
1774150305038,2026-03-22 03:31:45.038,69360.0,0.0159,A,1102.824,964590164256761
1774150305038,2026-03-22 03:31:45.038,69360.0,0.01153,A,799.7208,222842692597236
1774150305038,2026-03-22 03:31:45.038,69360.0,0.37246,A,25833.8256,1033942569654800
1774150305038,2026-03-22 03:31:45.038,69360.0,0.56066,A,38887.3776,786150473555231
1774150305038,2026-03-22 03:31:45.038,69360.0,0.02662,A,1846.3632,532245512434280
1774150305038,2026-03-22 03:31:45.038,69360.0,0.00017,A,11.791200000000002,715970332203624
1774150305038,2026-03-22 03:31:45.038,69359.0,0.00661,A,458.46299000000005,820141389435092
1774150305038,2026-03-22 03:31:45.038,69359.0,0.04439,A,3078.8460099999998,34281053938359
1774150305038,2026-03-22 03:31:45.038,69359.0,0.72098,A,50006.451819999995,448475566871167
1774150305038,2026-03-22 03:31:45.038,69359.0,0.00017,A,11.791030000000001,304099092410174
1774150305038,2026-03-22 03:31:45.038,69358.0,0.132,A,9155.256000000001,160877015384081
1774150305038,2026-03-22 03:31:45.038,69358.0,0.17651,A,12242.380580000001,89391854827155
1774150305038,2026-03-22 03:31:45.038,69358.0,1.08153,A,75012.75774,247293464331127
1774150305038,2026-03-22 03:31:45.038,69358.0,0.36155,A,25076.384899999997,142186833446748
1774150305038,2026-03-22 03:31:45.038,69357.0,0.05291,A,3669.6788699999997,45846773167473
1774150305038,2026-03-22 03:31:45.038,69357.0,0.00016,A,11.09712,330316519790897
1774150305038,2026-03-22 03:31:45.038,69357.0,1.0,A,69357.0,267659529482361
1774150305038,2026-03-22 03:31:45.038,69357.0,0.59092,A,40984.43844,126570189226667
1774150305038,2026-03-22 03:31:45.038,69357.0,0.02369,A,1643.0673299999999,183346523234408
1774150305038,2026-03-22 03:31:45.038,69357.0,0.27467,A,19050.287190000003,889442946670557
1774150305038,2026-03-22 03:31:45.038,69357.0,0.10176,A,7057.76832,138158320938363
1774150305038,2026-03-22 03:31:45.038,69357.0,0.56,A,38839.920000000006,368877941422676
1774150305038,2026-03-22 03:31:45.038,69357.0,0.5047,A,35004.477900000005,725727607570249
1774150305038,2026-03-22 03:31:45.038,69357.0,0.2,A,13871.400000000001,353487059108893
1774150305038,2026-03-22 03:31:45.038,69356.0,0.0159,A,1102.7604000000001,177035502551731
1774150305038,2026-03-22 03:31:45.038,69356.0,0.04127,A,2862.3221200000003,460147378659340
1774150305038,2026-03-22 03:31:45.038,69356.0,0.81094,A,56243.55464,939334511601389
1774150306034,2026-03-22 03:31:46.034,69368.0,0.00028,A,19.423039999999997,635499024987618
1774150307026,2026-03-22 03:31:47.026,69368.0,0.00021,A,14.56728,882961001532419
1774150307661,2026-03-22 03:31:47.661,69368.0,0.00864,A,599.33952,998941286441807
1774150308264,2026-03-22 03:31:48.264,69368.0,0.11532,A,7999.517760000001,1050599494029083
1774150308264,2026-03-22 03:31:48.264,69368.0,0.5,A,34684.0,95477474237520
1774150308264,2026-03-22 03:31:48.264,69368.0,0.10354,A,7182.362719999999,1066545223225815
1774150308264,2026-03-22 03:31:48.264,69368.0,0.11141,A,7728.28888,375168140857176
1774150308264,2026-03-22 03:31:48.264,69368.0,0.10613,A,7362.02584,875451075611394
1774150308264,2026-03-22 03:31:48.264,69368.0,0.08246,A,5720.08528,548131784420212
1774150308264,2026-03-22 03:31:48.264,69368.0,0.25926,A,17984.34768,704996453963702
1774150308264,2026-03-22 03:31:48.264,69368.0,0.15532,A,10774.237760000002,817397172614440
1774150308264,2026-03-22 03:31:48.264,69368.0,0.00017,A,11.792560000000002,539681236027380
1774150308264,2026-03-22 03:31:48.264,69368.0,0.17991,A,12479.996879999999,730314689501707
1774150308264,2026-03-22 03:31:48.264,69368.0,0.09967,A,6913.90856,84728943011865
1774150308264,2026-03-22 03:31:48.264,69368.0,0.46021,A,31923.84728,266518102959936
1774150308264,2026-03-22 03:31:48.264,69368.0,0.46891,A,32527.348879999998,1032365674667088
1774150308264,2026-03-22 03:31:48.264,69368.0,0.23063,A,15998.341840000001,460977202212111
1774150308264,2026-03-22 03:31:48.264,69368.0,0.15174,A,10525.90032,445071692590625
1774150308264,2026-03-22 03:31:48.264,69368.0,0.09965,A,6912.5212,584276240515557
1774150308264,2026-03-22 03:31:48.264,69368.0,0.15223,A,10559.89064,113286736749884
1774150308264,2026-03-22 03:31:48.264,69368.0,0.08985,A,6232.7148,956124987513123
1774150308264,2026-03-22 03:31:48.264,69368.0,0.14857,A,10306.003760000001,898032984244110
1774150308264,2026-03-22 03:31:48.264,69368.0,0.04983,A,3456.6074399999998,310905370327267
1774150308264,2026-03-22 03:31:48.264,69368.0,0.11944,A,8285.31392,1000618470038517
1774150308264,2026-03-22 03:31:48.264,69367.0,0.00017,A,11.792390000000001,120711450401610
1774150308264,2026-03-22 03:31:48.264,69367.0,0.003,A,208.101,891320124422157
1774150308264,2026-03-22 03:31:48.264,69367.0,0.02883,A,1999.8506100000002,885484770069250
1774150308264,2026-03-22 03:31:48.264,69366.0,0.00017,A,11.79222,1021361157568665
1774150308264,2026-03-22 03:31:48.264,69366.0,0.0214,A,1484.4324,293946492036133
1774150308264,2026-03-22 03:31:48.264,69366.0,0.04157,A,2883.54462,348737643290227
1774150308264,2026-03-22 03:31:48.264,69365.0,0.00017,A,11.792050000000001,327762460785235
1774150308264,2026-03-22 03:31:48.264,69365.0,0.08185,A,5677.525250000001,531573994018056
1774150308264,2026-03-22 03:31:48.264,69364.0,0.00017,A,11.79188,1109346653512804
1774150308264,2026-03-22 03:31:48.264,69364.0,0.04086,A,2834.21304,840388581499431
1774150308264,2026-03-22 03:31:48.264,69364.0,0.1,A,6936.400000000001,75099903452946
1774150308264,2026-03-22 03:31:48.264,69363.0,0.00017,A,11.79171,593201238997281
1774150308264,2026-03-22 03:31:48.264,69363.0,0.08033,A,5571.92979,213691154891931
1774150308264,2026-03-22 03:31:48.264,69363.0,0.05665,A,3929.41395,879693214625719
1774150308264,2026-03-22 03:31:48.264,69362.0,0.00017,A,11.791540000000001,262260139398653
1774150308264,2026-03-22 03:31:48.264,69362.0,0.21628,A,15001.61336,700018609384746
1774150308264,2026-03-22 03:31:48.264,69361.0,0.00017,A,11.79137,598214860501418
1774150308264,2026-03-22 03:31:48.264,69361.0,0.02883,A,1999.6776300000001,979436295533682
1774150308264,2026-03-22 03:31:48.264,69361.0,0.15551,A,10786.32911,865543169649511
1774150308264,2026-03-22 03:31:48.264,69361.0,0.00016,A,11.097760000000001,957118982951330
1774150308264,2026-03-22 03:31:48.264,69360.0,0.01153,A,799.7208,433819427756052
1774150308264,2026-03-22 03:31:48.264,69358.0,0.00017,A,11.79086,114430774273668
1774150308264,2026-03-22 03:31:48.264,69358.0,0.066,A,4577.628000000001,732916620104650
1774150308264,2026-03-22 03:31:48.264,69358.0,0.02484,A,1722.85272,977364897161581
1774150308264,2026-03-22 03:31:48.264,69358.0,1.08153,A,75012.75774,459539362595471
1774150308264,2026-03-22 03:31:48.264,69358.0,0.003,A,208.074,491926039817194
1774150308264,2026-03-22 03:31:48.264,69358.0,0.10952,A,7596.08816,906722212275910
1774150308264,2026-03-22 03:31:48.264,69357.0,0.01451,A,1006.37007,1018576976693693
1774150308264,2026-03-22 03:31:48.264,69357.0,0.2,A,13871.400000000001,309709360611401
1774150308264,2026-03-22 03:31:48.264,69357.0,0.00017,A,11.790690000000001,169245215323814
1774150308264,2026-03-22 03:31:48.264,69357.0,0.721,A,50006.397,416204614935546
1774150308264,2026-03-22 03:31:48.264,69357.0,0.00016,A,11.09712,959480664894733
1774150308264,2026-03-22 03:31:48.264,69357.0,0.1,A,6935.700000000001,531532230692715
1774150308264,2026-03-22 03:31:48.264,69357.0,0.1,A,6935.700000000001,274791479083710
1774150308264,2026-03-22 03:31:48.264,69357.0,0.3,A,20807.1,440423688351090
1774150308264,2026-03-22 03:31:48.264,69356.0,0.43628,A,30258.63568,418522089567322
1774150308264,2026-03-22 03:31:48.264,69356.0,0.43114,A,29902.14584,147410897154319
1774150308264,2026-03-22 03:31:48.264,69356.0,0.18863,A,13082.62228,949651089419736
1774150308264,2026-03-22 03:31:48.264,69356.0,0.07891,A,5472.88196,930781204056312
1774150308264,2026-03-22 03:31:48.264,69356.0,0.01619,A,1122.87364,937236801090239
1774150308264,2026-03-22 03:31:48.264,69356.0,0.00017,A,11.79052,148217176429163
1774150308264,2026-03-22 03:31:48.264,69356.0,0.15881,A,11014.426360000001,590765229353864
1774150308264,2026-03-22 03:31:48.264,69356.0,1.29784,A,90012.99104000001,848394058592689
1774150308264,2026-03-22 03:31:48.264,69356.0,0.11889,A,8245.73484,735994697860814
1774150308390,2026-03-22 03:31:48.390,69356.0,0.38582,A,26758.93192,833221357238863
1774150308390,2026-03-22 03:31:48.390,69356.0,0.11418,A,7919.06808,268842267971033
1774150308646,2026-03-22 03:31:48.646,69356.0,0.00017,A,11.79052,987475969496535
1774150309016,2026-03-22 03:31:49.016,69356.0,0.0024,A,166.4544,631775476664056
1774150309070,2026-03-22 03:31:49.070,69357.0,0.00144,B,99.87408,287284061128923
1774150309198,2026-03-22 03:31:49.198,69357.0,0.01028,B,712.98996,698605554131396
1774150309198,2026-03-22 03:31:49.198,69357.0,0.00174,B,120.68118,356981598543261
1774150309271,2026-03-22 03:31:49.271,69357.0,0.01347,B,934.23879,359187537251865
1774150309271,2026-03-22 03:31:49.271,69357.0,0.00245,B,169.92464999999999,920177165119956
1774150309858,2026-03-22 03:31:49.858,69357.0,0.00791,B,548.61387,566549906532026
1774150309858,2026-03-22 03:31:49.858,69357.0,0.00849,B,588.84093,615223387984006
1774150310016,2026-03-22 03:31:50.016,69357.0,0.01067,B,740.0391900000001,231629576296217
1774150310016,2026-03-22 03:31:50.016,69356.0,0.00138,A,95.71128,238947297265257
1774150310608,2026-03-22 03:31:50.608,69357.0,0.27316,B,18945.55812,271529083922811
1774150310608,2026-03-22 03:31:50.608,69357.0,0.07852,B,5445.91164,1097120889911296
1774150310678,2026-03-22 03:31:50.678,69357.0,0.09714,B,6737.33898,948287315183390
1774150310678,2026-03-22 03:31:50.678,69357.0,0.00541,B,375.22137,815141709265466
1774150310807,2026-03-22 03:31:50.807,69357.0,0.00461,B,319.73577,637831710871198
1774150311010,2026-03-22 03:31:51.010,69356.0,0.00028,A,19.41968,85309618970033
1774150311945,2026-03-22 03:31:51.945,69357.0,0.0072,A,499.37039999999996,92394856068251
1774150312016,2026-03-22 03:31:52.016,69357.0,0.00017,A,11.790690000000001,870406754516570
1774150313338,2026-03-22 03:31:53.338,69357.0,0.15273,A,10592.894610000001,420158714336735
1774150313338,2026-03-22 03:31:53.338,69357.0,0.13528,A,9382.61496,780848696304240
1774150313338,2026-03-22 03:31:53.338,69357.0,0.12233,A,8484.44181,981342757098795
1774150313338,2026-03-22 03:31:53.338,69357.0,0.13324,A,9241.12668,9969385748501
1774150313338,2026-03-22 03:31:53.338,69357.0,0.28299,A,19627.33743,640803847716972
1774150313338,2026-03-22 03:31:53.338,69357.0,0.08937,A,6198.43509,711976575494152
1774150313338,2026-03-22 03:31:53.338,69357.0,0.16515,A,11454.30855,988355630431936
1774150313338,2026-03-22 03:31:53.338,69357.0,0.07651,A,5306.50407,841148759254039
1774150313338,2026-03-22 03:31:53.338,69357.0,0.09777,A,6781.03389,172923270754561
1774150313338,2026-03-22 03:31:53.338,69357.0,0.14847,A,10297.43379,491168507496863
1774150313338,2026-03-22 03:31:53.338,69357.0,0.29643,A,20559.49551,375616883502202
1774150313338,2026-03-22 03:31:53.338,69357.0,0.0513,A,3558.0141,116632176415726
1774150313338,2026-03-22 03:31:53.338,69357.0,0.44285,A,30714.747450000003,1021469420165139
1774150313338,2026-03-22 03:31:53.338,69357.0,0.13456,A,9332.67792,615151053875561
1774150313338,2026-03-22 03:31:53.338,69357.0,0.10896,A,7557.13872,26240279111703
1774150313338,2026-03-22 03:31:53.338,69357.0,1.89426,A,131380.19082000002,884812811909891
1774150313338,2026-03-22 03:31:53.338,69357.0,0.10613,A,7360.85841,877939307926291
1774150313338,2026-03-22 03:31:53.338,69357.0,0.00288,A,199.74816,113600570935751
1774150313338,2026-03-22 03:31:53.338,69357.0,0.06633,A,4600.44981,1007583068535247
1774150313338,2026-03-22 03:31:53.338,69357.0,0.10158,A,7045.28406,1019804443392697
1774150313338,2026-03-22 03:31:53.338,69357.0,0.11141,A,7727.06337,485811580412038
1774150313338,2026-03-22 03:31:53.338,69357.0,0.79168,A,54908.54976,676816645458463
1774150313338,2026-03-22 03:31:53.338,69357.0,0.15515,A,10760.73855,391543697449916
1774150313338,2026-03-22 03:31:53.338,69357.0,0.08435,A,5850.262949999999,335026223398281
1774150313338,2026-03-22 03:31:53.338,69357.0,0.5,A,34678.5,919228528784665
1774150313338,2026-03-22 03:31:53.338,69357.0,0.0971,A,6734.564700000001,875179269988597
1774150313338,2026-03-22 03:31:53.338,69357.0,0.02883,A,1999.56231,668561475755788
1774150313338,2026-03-22 03:31:53.338,69357.0,1.4411,A,99950.3727,889158414565002
1774150313338,2026-03-22 03:31:53.338,69357.0,0.1455,A,10091.4435,179099393152026
1774150313338,2026-03-22 03:31:53.338,69357.0,0.23067,A,15998.579189999999,243811832714544
1774150313338,2026-03-22 03:31:53.338,69357.0,0.00017,A,11.790690000000001,1023409937619344
1774150313338,2026-03-22 03:31:53.338,69356.0,0.00017,A,11.79052,406459526105988
1774150313338,2026-03-22 03:31:53.338,69356.0,0.0015,A,104.034,869498042784188
1774150313338,2026-03-22 03:31:53.338,69356.0,0.08212,A,5695.51472,183614807367069
1774150313338,2026-03-22 03:31:53.338,69356.0,0.04195,A,2909.4842,904062287128203
1774150313338,2026-03-22 03:31:53.338,69356.0,0.77856,A,53997.80736,538342517179885
1774150313338,2026-03-22 03:31:53.338,69356.0,0.15709,A,10895.13404,897970298765839
1774150313338,2026-03-22 03:31:53.338,69355.0,0.01153,A,799.66315,790903038696257
1774150313338,2026-03-22 03:31:53.338,69354.0,0.00016,A,11.09664,686733306119236
1774150313338,2026-03-22 03:31:53.338,69354.0,0.00017,A,11.790180000000001,936813511645934
1774150313338,2026-03-22 03:31:53.338,69354.0,0.08163,A,5661.36702,321258520226032
1774150313338,2026-03-22 03:31:53.338,69354.0,0.04049,A,2808.14346,839319542949643
1774150313338,2026-03-22 03:31:53.338,69353.0,0.00661,A,458.42333,363418311107856
1774150313338,2026-03-22 03:31:53.338,69353.0,0.00017,A,11.79001,288375505134463
1774150313338,2026-03-22 03:31:53.338,69353.0,0.00072,A,49.934160000000006,381666794645117
1774150313338,2026-03-22 03:31:53.338,69352.0,0.00017,A,11.789840000000002,226247500181956
1774150313338,2026-03-22 03:31:53.338,69352.0,0.15964,A,11071.353280000001,184082183211676
1774150313338,2026-03-22 03:31:53.338,69352.0,0.066,A,4577.232,194924956080843
1774150313338,2026-03-22 03:31:53.338,69351.0,0.00036,A,24.96636,666393276726715
1774150313338,2026-03-22 03:31:53.338,69351.0,0.01351,A,936.93201,141641671873592
1774150313338,2026-03-22 03:31:53.338,69351.0,0.00017,A,11.789670000000001,242307630467368
1774150313338,2026-03-22 03:31:53.338,69351.0,0.003,A,208.053,565811324713120
1774150313338,2026-03-22 03:31:53.338,69351.0,0.3592,A,24910.879200000003,1095637947180153
1774150314071,2026-03-22 03:31:54.071,69351.0,0.0144,B,998.6544,17014174991451
1774150314386,2026-03-22 03:31:54.386,69351.0,0.00035,B,24.27285,745466821072053
1774150314386,2026-03-22 03:31:54.386,69351.0,0.00121,B,83.91471,461931284261840
1774150314589,2026-03-22 03:31:54.589,69350.0,0.00017,A,11.7895,914723194118877
1774150314589,2026-03-22 03:31:54.589,69350.0,0.00338,A,234.40300000000002,682854080890989
1774150317095,2026-03-22 03:31:57.095,69352.0,0.00017,A,11.789840000000002,920311759697236
1774150317095,2026-03-22 03:31:57.095,69352.0,0.01661,A,1151.93672,261213316693976
1774150317191,2026-03-22 03:31:57.191,69353.0,0.00017,B,11.79001,20859685534688
1774150317191,2026-03-22 03:31:57.191,69354.0,0.00017,B,11.790180000000001,465708925738894
1774150317191,2026-03-22 03:31:57.191,69355.0,0.00017,B,11.79035,486483416575727
1774150317191,2026-03-22 03:31:57.191,69355.0,0.00312,B,216.3876,141481266824232
1774150317191,2026-03-22 03:31:57.191,69355.0,0.00346,B,239.9683,1066275719000473
1774150317560,2026-03-22 03:31:57.560,69354.0,0.08562,A,5938.089480000001,321811251421440
1774150317560,2026-03-22 03:31:57.560,69355.0,0.00516,B,357.87179999999995,170572932909898
1774150317770,2026-03-22 03:31:57.770,69355.0,0.00241,B,167.14555,1053318722996518
1774150318332,2026-03-22 03:31:58.332,69354.0,0.01441,A,999.39114,586371360976047
1774150319095,2026-03-22 03:31:59.095,69355.0,0.00016,B,11.096800000000002,759322610971462
1774150319095,2026-03-22 03:31:59.095,69354.0,0.02214,A,1535.49756,483536240374501
1774150319095,2026-03-22 03:31:59.095,69354.0,0.03161,A,2192.27994,239584323782246
1774150320755,2026-03-22 03:32:00.755,69357.0,0.00017,B,11.790690000000001,489210672670755
1774150320755,2026-03-22 03:32:00.755,69357.0,0.0002,B,13.871400000000001,435543116876783
1774150321207,2026-03-22 03:32:01.207,69357.0,0.006,A,416.142,640813699425568
1774150323760,2026-03-22 03:32:03.760,69356.0,0.00017,A,11.79052,69927979991508
1774150323760,2026-03-22 03:32:03.760,69356.0,0.00183,A,126.92148,112643609654618
1774150324068,2026-03-22 03:32:04.068,69356.0,0.00142,A,98.48552000000001,6502551379713
1774150324957,2026-03-22 03:32:04.957,69356.0,0.02881,A,1998.14636,848977095575050
1774150326578,2026-03-22 03:32:06.578,69357.0,0.00039,B,27.049229999999998,396419627402468
1774150328043,2026-03-22 03:32:08.043,69357.0,0.00016,B,11.09712,724259911888220
1774150330553,2026-03-22 03:32:10.553,69357.0,0.00279,B,193.50603,860471531607152
1774150330644,2026-03-22 03:32:10.644,69357.0,0.00309,B,214.31313,162513366489165
1774150331956,2026-03-22 03:32:11.956,69356.0,0.00017,A,11.79052,814077328257728
1774150331956,2026-03-22 03:32:11.956,69356.0,0.00042,A,29.129520000000003,9123468458407
1774150332007,2026-03-22 03:32:12.007,69356.0,0.02814,A,1951.6778399999998,374981285389860
1774150332551,2026-03-22 03:32:12.551,69356.0,0.05208,A,3612.06048,31247056511347
1774150333670,2026-03-22 03:32:13.670,69356.0,0.00017,A,11.79052,611202437947473
1774150334259,2026-03-22 03:32:14.259,69355.0,0.00073,A,50.629149999999996,1002790211615826
1774150334933,2026-03-22 03:32:14.933,69354.0,0.00017,A,11.790180000000001,941816497098095
1774150334933,2026-03-22 03:32:14.933,69353.0,0.00017,A,11.79001,922010981630828
1774150334933,2026-03-22 03:32:14.933,69352.0,0.00017,A,11.789840000000002,960768453391381
1774150334933,2026-03-22 03:32:14.933,69351.0,0.00017,A,11.789670000000001,506425771926659
1774150334933,2026-03-22 03:32:14.933,69350.0,0.00017,A,11.7895,990201112093098
1774150334933,2026-03-22 03:32:14.933,69350.0,0.00016,A,11.096,941220759475563
1774150334933,2026-03-22 03:32:14.933,69350.0,0.23069,A,15998.3515,64525336370319
1774150334933,2026-03-22 03:32:14.933,69349.0,0.00017,A,11.789330000000001,487626702319004
1774150334933,2026-03-22 03:32:14.933,69348.0,0.00036,A,24.96528,47939951007616
1774150334933,2026-03-22 03:32:14.933,69348.0,0.85,A,58945.799999999996,471884462260385
1774150334933,2026-03-22 03:32:14.933,69348.0,0.00017,A,11.78916,376915856568005
1774150334933,2026-03-22 03:32:14.933,69347.0,0.00017,A,11.78899,191033451170118
1774150334933,2026-03-22 03:32:14.933,69346.0,0.00016,A,11.095360000000001,707129773861188
1774150334933,2026-03-22 03:32:14.933,69346.0,0.00037,A,25.65802,1027615946668872
1774150334933,2026-03-22 03:32:14.933,69346.0,0.003,A,208.038,572153862691899
1774150334933,2026-03-22 03:32:14.933,69346.0,0.00017,A,11.788820000000001,951426231530315
1774150334933,2026-03-22 03:32:14.933,69345.0,0.00017,A,11.78865,238998829916706
1774150334933,2026-03-22 03:32:14.933,69345.0,0.05665,A,3928.39425,901828388083302
1774150334933,2026-03-22 03:32:14.933,69345.0,0.003,A,208.035,827975833335681
1774150334933,2026-03-22 03:32:14.933,69344.0,0.00043,A,29.81792,304391391293767
1774150334933,2026-03-22 03:32:14.933,69344.0,0.00017,A,11.788480000000002,20658307334596
1774150334933,2026-03-22 03:32:14.933,69343.0,0.00016,A,11.094880000000002,413310203934277
1774150334933,2026-03-22 03:32:14.933,69343.0,0.00017,A,11.788310000000001,35828752973128
1774150334933,2026-03-22 03:32:14.933,69342.0,0.01188,A,823.78296,61731995662257
1774150334933,2026-03-22 03:32:14.933,69342.0,0.00017,A,11.78814,284868734774314
1774150334933,2026-03-22 03:32:14.933,69341.0,0.00017,A,11.787970000000001,479435918639783
1774150334933,2026-03-22 03:32:14.933,69340.0,0.00016,A,11.0944,918005769032790
1774150334933,2026-03-22 03:32:14.933,69340.0,0.8,A,55472.0,462988595221492
1774150334933,2026-03-22 03:32:14.933,69340.0,0.01153,A,799.4902000000001,672405078278814
1774150334933,2026-03-22 03:32:14.933,69340.0,0.00022,A,15.254800000000001,91282452545388
1774150334933,2026-03-22 03:32:14.933,69340.0,0.00017,A,11.7878,85774208621187
1774150334933,2026-03-22 03:32:14.933,69340.0,0.21635,A,15001.708999999999,421976383283012
1774150334933,2026-03-22 03:32:14.933,69339.0,0.00249,A,172.65411,249220363054125
1774150334933,2026-03-22 03:32:14.933,69339.0,0.00017,A,11.78763,67082580160410
1774150334933,2026-03-22 03:32:14.933,69339.0,1.08182,A,75012.31698,151586996044276
1774150334933,2026-03-22 03:32:14.933,69339.0,0.1,A,6933.900000000001,1040916526065742
1774150334933,2026-03-22 03:32:14.933,69339.0,0.04391,A,3044.6754899999996,201023356135311
1774150334933,2026-03-22 03:32:14.933,69338.0,0.00017,A,11.787460000000001,781040283839312
1774150334933,2026-03-22 03:32:14.933,69338.0,0.08723,A,6048.3537400000005,1062079066440928
1774150334933,2026-03-22 03:32:14.933,69337.0,0.00016,A,11.09392,217857793777011
1774150334933,2026-03-22 03:32:14.933,69337.0,0.00017,A,11.78729,190675002241926
1774150334933,2026-03-22 03:32:14.933,69337.0,4.31907,A,299471.35659,41728145971754
1774150334933,2026-03-22 03:32:14.933,69337.0,0.04408,A,3056.37496,1066108089049599
1774150334933,2026-03-22 03:32:14.933,69336.0,0.21164,A,14674.27104,166559004596550
1774150334933,2026-03-22 03:32:14.933,69336.0,0.00017,A,11.787120000000002,406963052422321
1774150334933,2026-03-22 03:32:14.933,69336.0,0.00661,A,458.31096,888626400530253
1774150334933,2026-03-22 03:32:14.933,69336.0,0.08411,A,5831.850960000001,701227084344399
1774150334933,2026-03-22 03:32:14.933,69335.0,0.00016,A,11.0936,947493723914140
1774150334933,2026-03-22 03:32:14.933,69335.0,0.01153,A,799.43255,175610685771050
1774150334933,2026-03-22 03:32:14.933,69335.0,0.00017,A,11.786950000000001,724795972099177
1774150334933,2026-03-22 03:32:14.933,69335.0,0.56087,A,38887.92145,661758805791058
1774150334933,2026-03-22 03:32:14.933,69335.0,0.72122,A,50005.7887,247848892432598
1774150334933,2026-03-22 03:32:14.933,69334.0,0.00228,A,158.08151999999998,695122387090912
1774150334933,2026-03-22 03:32:14.933,69334.0,0.5343,A,37045.1562,330464193867990
1774150336038,2026-03-22 03:32:16.038,69341.0,0.00028,A,19.41548,404074406223700
1774150336545,2026-03-22 03:32:16.545,69341.0,0.00144,A,99.85104000000001,598446687063818
1774150337048,2026-03-22 03:32:17.048,69341.0,0.00017,A,11.787970000000001,805760428828623
1774150337747,2026-03-22 03:32:17.747,69341.0,0.14916,A,10342.903559999999,1078642664929269
1774150337747,2026-03-22 03:32:17.747,69341.0,0.10198,A,7071.39518,846747199618476
1774150337747,2026-03-22 03:32:17.747,69341.0,0.11249,A,7800.16909,179974998609965
1774150337747,2026-03-22 03:32:17.747,69341.0,0.01048,A,726.69368,811353827196027
1774150337850,2026-03-22 03:32:17.850,69342.0,0.00031,B,21.49602,879974902539759
1774150339171,2026-03-22 03:32:19.171,69342.0,0.00024,B,16.64208,791253214857748
1774150339374,2026-03-22 03:32:19.374,69342.0,0.0004,B,27.736800000000002,560418869375582
1774150340263,2026-03-22 03:32:20.263,69342.0,0.00584,B,404.95727999999997,609038729897933
1774150340361,2026-03-22 03:32:20.361,69342.0,0.00046,B,31.89732,966832951284997
1774150340798,2026-03-22 03:32:20.798,69341.0,0.00144,A,99.85104000000001,266230849757813
1774150340798,2026-03-22 03:32:20.798,69341.0,0.08011,A,5554.90751,500024635306640
1774150340798,2026-03-22 03:32:20.798,69341.0,0.0685,A,4749.8585,864129290302708
1774150341017,2026-03-22 03:32:21.017,69341.0,0.00028,A,19.41548,306685228855246
1774150341809,2026-03-22 03:32:21.809,69341.0,0.00259,A,179.59319,1040510843846077
1774150341809,2026-03-22 03:32:21.809,69341.0,0.11037,A,7653.1661699999995,55264711379193
1774150341809,2026-03-22 03:32:21.809,69341.0,0.25388,A,17604.29308,123409748077689
1774150341809,2026-03-22 03:32:21.809,69341.0,0.11745,A,8144.10045,403037762121199
1774150341809,2026-03-22 03:32:21.809,69341.0,0.07123,A,4939.15943,871414847720038
1774150342073,2026-03-22 03:32:22.073,69341.0,0.00017,A,11.787970000000001,351577648100061
1774150342596,2026-03-22 03:32:22.596,69341.0,0.00044,A,30.51004,333180825629631
1774150342927,2026-03-22 03:32:22.927,69342.0,0.00022,B,15.25524,1114059510135096
1774150344820,2026-03-22 03:32:24.820,69341.0,0.0036,A,249.6276,201357242524044
1774150346965,2026-03-22 03:32:26.965,69342.0,0.00381,B,264.19302,788184909536472
1774150347050,2026-03-22 03:32:27.050,69341.0,0.00017,A,11.787970000000001,512171522577988
1774150347050,2026-03-22 03:32:27.050,69341.0,0.01661,A,1151.7540099999999,437336729490463
1774150347579,2026-03-22 03:32:27.579,69342.0,0.00318,B,220.50756,656265897163303
1774150347579,2026-03-22 03:32:27.579,69342.0,0.00042,B,29.12364,164487451483703
1774150348877,2026-03-22 03:32:28.877,69342.0,0.00114,B,79.04988,425633590393573
1774150348877,2026-03-22 03:32:28.877,69342.0,0.00017,B,11.78814,536338762090249
1774150348877,2026-03-22 03:32:28.877,69342.0,0.00033,B,22.88286,638555540069147
1774150348877,2026-03-22 03:32:28.877,69342.0,0.0018,B,124.8156,686174409190913
1774150348929,2026-03-22 03:32:28.929,69342.0,0.00147,B,101.93274,585247826406689
1774150348929,2026-03-22 03:32:28.929,69342.0,0.01,B,693.42,994789122883445
1774150349079,2026-03-22 03:32:29.079,69343.0,0.00015,B,10.401449999999999,297960997792362
1774150349079,2026-03-22 03:32:29.079,69343.0,1e-05,B,0.6934300000000001,448858684999942
1774150349079,2026-03-22 03:32:29.079,69341.0,0.05375,A,3727.07875,609689341906572
1774150349351,2026-03-22 03:32:29.351,69341.0,0.00721,A,499.94861000000003,704368666277633
1774150349572,2026-03-22 03:32:29.572,69342.0,0.00017,B,11.78814,372713985362408
1774150349572,2026-03-22 03:32:29.572,69344.0,0.00017,B,11.788480000000002,459557675050902
1774150351016,2026-03-22 03:32:31.016,69345.0,0.00089,B,61.71704999999999,194544682044156
1774150352121,2026-03-22 03:32:32.121,69345.0,0.00017,B,11.78865,1070948492429991
1774150352646,2026-03-22 03:32:32.646,69346.0,0.00017,B,11.788820000000001,419875479446050
1774150352646,2026-03-22 03:32:32.646,69346.0,0.00968,B,671.26928,331278687266498
1774150352730,2026-03-22 03:32:32.730,69346.0,0.00415,B,287.7859,976073579192339
1774150353117,2026-03-22 03:32:33.117,69346.0,0.0002,B,13.869200000000001,838292914157666
1774150353926,2026-03-22 03:32:33.926,69347.0,0.003,B,208.041,772109797235388
1774150353926,2026-03-22 03:32:33.926,69347.0,0.00017,B,11.78899,1082600379637713
1774150353926,2026-03-22 03:32:33.926,69347.0,0.00054,B,37.44738,56247382432399
1774150354055,2026-03-22 03:32:34.055,69346.0,0.00141,A,97.77786,419298475978333
1774150354253,2026-03-22 03:32:34.253,69347.0,0.00349,B,242.02103,668804048805034
1774150354472,2026-03-22 03:32:34.472,69347.0,0.00304,B,210.81488000000002,789456816345998
1774150354472,2026-03-22 03:32:34.472,69347.0,0.00486,B,337.02642,597094774927065
1774150354472,2026-03-22 03:32:34.472,69347.0,0.01371,B,950.74737,556665131831400
1774150354472,2026-03-22 03:32:34.472,69347.0,0.00467,B,323.85049,83962402700433
1774150354472,2026-03-22 03:32:34.472,69346.0,0.0124,A,859.8904,507214658478351
1774150354544,2026-03-22 03:32:34.544,69347.0,0.00844,B,585.28868,436399339736337
1774150354544,2026-03-22 03:32:34.544,69347.0,0.00587,B,407.06689,339509026289749
1774150354661,2026-03-22 03:32:34.661,69347.0,0.11229,B,7786.97463,649444401463186
1774150354661,2026-03-22 03:32:34.661,69347.0,0.00618,B,428.56446,594970997434571
1774150354749,2026-03-22 03:32:34.749,69347.0,0.00695,B,481.96164999999996,897820890263980
1774150354861,2026-03-22 03:32:34.861,69347.0,0.02064,B,1431.32208,751890363713439
1774150355351,2026-03-22 03:32:35.351,69347.0,0.00017,B,11.78899,107449310050144
1774150357286,2026-03-22 03:32:37.286,69349.0,0.00017,B,11.789330000000001,986937493486790
1774150357286,2026-03-22 03:32:37.286,69349.0,0.01079,B,748.27571,358973960376758
1774150357489,2026-03-22 03:32:37.489,69348.0,0.08289,A,5748.25572,1018014264359189
1774150357489,2026-03-22 03:32:37.489,69348.0,0.08496,A,5891.806079999999,1071604796204126
1774150357489,2026-03-22 03:32:37.489,69348.0,0.13467,A,9339.09516,843642393206944
1774150357489,2026-03-22 03:32:37.489,69348.0,0.05365,A,3720.5202000000004,340113727040686
1774150357489,2026-03-22 03:32:37.489,69348.0,0.13477,A,9346.02996,84066756353034
1774150357489,2026-03-22 03:32:37.489,69348.0,0.06074,A,4212.19752,982271155216215
1774150357489,2026-03-22 03:32:37.489,69348.0,0.12,A,8321.76,835816241215113
1774150357489,2026-03-22 03:32:37.489,69348.0,1.82,A,126213.36,1125778383747594
1774150357489,2026-03-22 03:32:37.489,69348.0,0.07151,A,4959.07548,225571469384666
1774150357489,2026-03-22 03:32:37.489,69348.0,0.27261,A,18904.958280000003,442086138794699
1774150357489,2026-03-22 03:32:37.489,69348.0,0.1018,A,7059.6264,640183084583042
1774150357489,2026-03-22 03:32:37.489,69348.0,0.15736,A,10912.60128,1057108520020007
1774150357489,2026-03-22 03:32:37.489,69348.0,0.12,A,8321.76,612582355374719
1774150357489,2026-03-22 03:32:37.489,69348.0,0.01441,A,999.30468,990283719334649
1774150357489,2026-03-22 03:32:37.489,69348.0,1.85971,A,128967.16907999999,480713819329112
1774150357489,2026-03-22 03:32:37.489,69348.0,0.82341,A,57101.83668,767805317398184
1774150357489,2026-03-22 03:32:37.489,69348.0,0.15853,A,10993.738440000001,1118297711230055
1774150357489,2026-03-22 03:32:37.489,69348.0,0.10716,A,7431.33168,1082538881686284
1774150357489,2026-03-22 03:32:37.489,69348.0,0.00144,A,99.86112,1104613934795969
1774150357489,2026-03-22 03:32:37.489,69348.0,1.00942,A,70001.25816,270168635564273
1774150357489,2026-03-22 03:32:37.489,69348.0,0.41238,A,28597.72824,1055838285377702
1774150357489,2026-03-22 03:32:37.489,69348.0,0.12,A,8321.76,267564115334764
1774150357489,2026-03-22 03:32:37.489,69348.0,0.10981,A,7615.103880000001,633428880428675
1774150357489,2026-03-22 03:32:37.489,69348.0,0.23874,A,16556.14152,896893016834411
1774150357489,2026-03-22 03:32:37.489,69348.0,0.12,A,8321.76,209840387923202
1774150357489,2026-03-22 03:32:37.489,69348.0,0.08748,A,6066.56304,385772676877717
1774150357489,2026-03-22 03:32:37.489,69348.0,0.07782,A,5396.66136,478533666653766
1774150357489,2026-03-22 03:32:37.489,69348.0,0.05047,A,3499.99356,1090687171941041
1774150357489,2026-03-22 03:32:37.489,69348.0,0.07474,A,5183.06952,287153744858487
1774150357489,2026-03-22 03:32:37.489,69348.0,0.00454,A,314.83992,930111858098055
1774150357489,2026-03-22 03:32:37.489,69348.0,0.1442,A,9999.9816,624182568699473
1774150357489,2026-03-22 03:32:37.489,69348.0,0.22143,A,15355.72764,579375186655830
1774150357489,2026-03-22 03:32:37.489,69348.0,0.22143,A,15355.72764,35291776804587
1774150357489,2026-03-22 03:32:37.489,69348.0,0.0776,A,5381.4048,579701313442274
1774150357489,2026-03-22 03:32:37.489,69348.0,0.0776,A,5381.4048,1118580701613082
1774150357489,2026-03-22 03:32:37.489,69348.0,0.00288,A,199.72224,238929828677587
1774150357489,2026-03-22 03:32:37.489,69348.0,0.00454,A,314.83992,689222742113970
1774150357489,2026-03-22 03:32:37.489,69348.0,0.09526,A,6606.09048,511754419781707
1774150357489,2026-03-22 03:32:37.489,69348.0,0.02884,A,1999.99632,1037376863049570
1774150357489,2026-03-22 03:32:37.489,69348.0,1.44199,A,99999.12252,460614015877116
1774150357489,2026-03-22 03:32:37.489,69348.0,0.06836,A,4740.62928,60907683401206
1774150357489,2026-03-22 03:32:37.489,69348.0,0.01,A,693.48,981331382294069
1774150357489,2026-03-22 03:32:37.489,69348.0,0.06196,A,4296.80208,634994411331384
1774150357489,2026-03-22 03:32:37.489,69348.0,0.0887,A,6151.1676,404656540260753
1774150357489,2026-03-22 03:32:37.489,69348.0,0.01442,A,999.99816,804119694429996
1774150357489,2026-03-22 03:32:37.489,69348.0,0.01,A,693.48,309865878163908
1774150357489,2026-03-22 03:32:37.489,69348.0,0.1,A,6934.8,109584264491629
1774150357489,2026-03-22 03:32:37.489,69347.0,0.57681,A,40000.04307,142147777870222
1774150357489,2026-03-22 03:32:37.489,69347.0,0.00144,A,99.85968000000001,391791819954307
1774150357489,2026-03-22 03:32:37.489,69347.0,0.79491,A,55124.62377,369246695152289
1774150357489,2026-03-22 03:32:37.489,69347.0,0.05768,A,3999.93496,819967308000346
1774150357489,2026-03-22 03:32:37.489,69347.0,1.08171,A,75013.34337,614999332139010
1774150357489,2026-03-22 03:32:37.489,69347.0,0.2307,A,15998.3529,726712619919515
1774150357489,2026-03-22 03:32:37.489,69347.0,0.00015,A,10.40205,260062872440540
1774150357489,2026-03-22 03:32:37.489,69346.0,0.02319,A,1608.13374,535204111404125
1774150357489,2026-03-22 03:32:37.489,69346.0,0.07241,A,5021.34386,1005992047720856
1774150357489,2026-03-22 03:32:37.489,69346.0,0.02884,A,1999.93864,656118544135389
1774150357489,2026-03-22 03:32:37.489,69346.0,0.04346,A,3013.77716,748373493004742
1774150357489,2026-03-22 03:32:37.489,69346.0,0.08425,A,5842.400500000001,143044400070769
1774150357489,2026-03-22 03:32:37.489,69345.0,0.01153,A,799.54785,771074991372162
1774150357489,2026-03-22 03:32:37.489,69344.0,0.066,A,4576.704000000001,753320192990402
1774150357489,2026-03-22 03:32:37.489,69344.0,0.04415,A,3061.5376,915205575446300
1774150357489,2026-03-22 03:32:37.489,69344.0,0.08527,A,5912.96288,396987359425037
1774150357489,2026-03-22 03:32:37.489,69344.0,0.16274,A,11285.04256,657204845859358
1774150357489,2026-03-22 03:32:37.489,69344.0,0.00072,A,49.92768,152213217438421
1774150357489,2026-03-22 03:32:37.489,69343.0,0.21634,A,15001.66462,777349686276738
1774150357489,2026-03-22 03:32:37.489,69343.0,0.00016,A,11.094880000000002,352923884413601
1774150357489,2026-03-22 03:32:37.489,69343.0,0.72114,A,50006.01102,1048902377533415
1774150357489,2026-03-22 03:32:37.489,69342.0,0.05665,A,3928.2243,1013828014571009
1774150357489,2026-03-22 03:32:37.489,69342.0,4.31907,A,299492.95194,165285938459652
1774150357489,2026-03-22 03:32:37.489,69342.0,1.29808,A,90011.46336,657258397150886
1774150357489,2026-03-22 03:32:37.489,69342.0,0.50481,A,35004.535019999996,296769449293233
1774150357489,2026-03-22 03:32:37.489,69341.0,0.04405,A,3054.47105,890872575074461
1774150357489,2026-03-22 03:32:37.489,69341.0,1.0818,A,75013.0938,39076602119263
1774150357489,2026-03-22 03:32:37.489,69341.0,0.08602,A,5964.71282,80518956499339
1774150357489,2026-03-22 03:32:37.489,69341.0,0.001,A,69.34100000000001,952639104032084
1774150357489,2026-03-22 03:32:37.489,69341.0,0.59004,A,40913.96364,1091601461604027
1774150357489,2026-03-22 03:32:37.489,69341.0,0.34357,A,23823.48737,791664346888725
1774150357489,2026-03-22 03:32:37.489,69341.0,0.44158,A,30619.598779999997,368602565409253
1774150357489,2026-03-22 03:32:37.489,69341.0,0.003,A,208.023,775735212446105
1774150357489,2026-03-22 03:32:37.489,69341.0,0.08097,A,5614.54077,702877004087101
1774150357489,2026-03-22 03:32:37.489,69341.0,0.1,A,6934.1,160876023439342
1774150357489,2026-03-22 03:32:37.489,69341.0,0.1,A,6934.1,726870059852695
1774150357489,2026-03-22 03:32:37.489,69341.0,0.1,A,6934.1,926844380728999
1774150357489,2026-03-22 03:32:37.489,69341.0,0.1,A,6934.1,15520958613721
1774150357489,2026-03-22 03:32:37.489,69341.0,0.1,A,6934.1,621458412701819
1774150357489,2026-03-22 03:32:37.489,69340.0,0.01153,A,799.4902000000001,775122546157145
1774150357489,2026-03-22 03:32:37.489,69340.0,0.066,A,4576.4400000000005,935194263023198
1774150357489,2026-03-22 03:32:37.489,69340.0,0.01584,A,1098.3456,564327403049444
1774150357489,2026-03-22 03:32:37.489,69340.0,0.38066,A,26394.9644,1123504408240732
1774150357489,2026-03-22 03:32:37.489,69340.0,0.05022,A,3482.2548,186526557628389
1774150357489,2026-03-22 03:32:37.489,69340.0,0.15755,A,10924.517,514618795655011
1774150357489,2026-03-22 03:32:37.489,69340.0,0.35,A,24269.0,726952585723340
1774150357489,2026-03-22 03:32:37.489,69339.0,0.00016,A,11.094240000000001,678229514740958
1774150357489,2026-03-22 03:32:37.489,69339.0,4.31907,A,299479.99473,213559424870934
1774150357489,2026-03-22 03:32:37.489,69339.0,0.05291,A,3668.72649,908336728696903
1774150357489,2026-03-22 03:32:37.489,69339.0,0.07241,A,5020.83699,1124922051506714
1774150357489,2026-03-22 03:32:37.489,69339.0,0.50483,A,35004.40737,918044284509236
1774150357489,2026-03-22 03:32:37.489,69339.0,0.01441,A,999.17499,755764682953579
1774150357489,2026-03-22 03:32:37.489,69338.0,2.59627,A,180020.16926,791604920152402
1774150357489,2026-03-22 03:32:37.489,69338.0,0.90148,A,62506.820239999994,223505395055487
1774150357489,2026-03-22 03:32:37.489,69338.0,0.2,A,13867.6,419159772201266
1774150357489,2026-03-22 03:32:37.489,69337.0,0.34858,A,24169.49146,859364829153741
1774150357489,2026-03-22 03:32:37.489,69337.0,0.01865,A,1293.13505,768380939208379
1774150357489,2026-03-22 03:32:37.489,69337.0,0.01798,A,1246.6792599999999,616105675108926
1774150357489,2026-03-22 03:32:37.489,69337.0,0.4381,A,30376.539699999998,58959523389876
1774150357489,2026-03-22 03:32:37.489,69337.0,0.56,A,38828.72,802912229443686
1774150357489,2026-03-22 03:32:37.489,69336.0,0.00017,A,11.787120000000002,428739738976379
1774150357489,2026-03-22 03:32:37.489,69336.0,0.003,A,208.008,632421023205016
1774150357489,2026-03-22 03:32:37.489,69336.0,4.31907,A,299467.03752,292062505617447
1774150357489,2026-03-22 03:32:37.489,69336.0,0.16081,A,11149.92216,879455909796544
1774150357489,2026-03-22 03:32:37.489,69336.0,0.01584,A,1098.28224,191154244045147
1774150357489,2026-03-22 03:32:37.489,69336.0,0.11313,A,7843.98168,144063828131733
1774150357898,2026-03-22 03:32:37.898,69343.0,0.35,B,24270.05,49639393470185
1774150357898,2026-03-22 03:32:37.898,69344.0,0.321,B,22259.424,483715522407267
1774150357898,2026-03-22 03:32:37.898,69344.0,0.154,B,10678.976,1007329973411275
1774150358102,2026-03-22 03:32:38.102,69338.0,0.00016,B,11.094080000000002,274130316462443
1774150358306,2026-03-22 03:32:38.306,69338.0,0.015,B,1040.07,184759842477060
1774150359058,2026-03-22 03:32:39.058,69338.0,0.00017,B,11.787460000000001,400137479842336
1774150359058,2026-03-22 03:32:39.058,69337.0,0.00017,A,11.78729,412589166679113
1774150359058,2026-03-22 03:32:39.058,69337.0,0.00012,A,8.32044,807368350978761
1774150359179,2026-03-22 03:32:39.179,69338.0,0.001,B,69.33800000000001,338546818400870
1774150359375,2026-03-22 03:32:39.375,69337.0,0.07509,A,5206.51533,786779549539524
1774150360493,2026-03-22 03:32:40.493,69338.0,0.01442,B,999.85396,663633891709441
1774150360997,2026-03-22 03:32:40.997,69337.0,0.00376,A,260.70712,52953516332739
1774150361716,2026-03-22 03:32:41.716,69338.0,0.00043,B,29.81534,1006138882285465
1774150362006,2026-03-22 03:32:42.006,69337.0,0.02813,A,1950.4498099999998,951795355445762
1774150362364,2026-03-22 03:32:42.364,69338.0,0.00036,B,24.96168,590008955164484
1774150364488,2026-03-22 03:32:44.488,69339.0,0.01442,B,999.86838,575973516694953
1774150364897,2026-03-22 03:32:44.897,69341.0,0.00022,B,15.25502,810367656500764
1774150366002,2026-03-22 03:32:46.002,69340.0,0.00027,A,18.7218,303582951682516
1774150366002,2026-03-22 03:32:46.002,69340.0,1.44191,A,99982.03940000001,395607300739194
1774150366002,2026-03-22 03:32:46.002,69340.0,0.09868,A,6842.4712,295745601726046
1774150366002,2026-03-22 03:32:46.002,69340.0,0.11956,A,8290.2904,911542110177027
1774150366002,2026-03-22 03:32:46.002,69340.0,0.24709,A,17133.2206,968081520446856
1774150366002,2026-03-22 03:32:46.002,69340.0,0.14256,A,9885.1104,940611176020777
1774150366002,2026-03-22 03:32:46.002,69340.0,0.05481,A,3800.5254,812309765455516
1774150366002,2026-03-22 03:32:46.002,69340.0,0.22721,A,15754.741399999999,310067612461988
1774150366002,2026-03-22 03:32:46.002,69340.0,0.07082,A,4910.658799999999,255651740213586
1774150366002,2026-03-22 03:32:46.002,69340.0,0.09482,A,6574.8188,461006171925917
1774150366002,2026-03-22 03:32:46.002,69340.0,0.20452,A,14181.4168,774627130550553
1774150366002,2026-03-22 03:32:46.002,69340.0,0.25697,A,17818.299799999997,402293739463119
1774150366002,2026-03-22 03:32:46.002,69340.0,0.0597,A,4139.598,761446999263734
1774150366002,2026-03-22 03:32:46.002,69340.0,0.11122,A,7711.9948,632530359580929
1774150366002,2026-03-22 03:32:46.002,69340.0,0.11946,A,8283.3564,457636058535252
1774150366002,2026-03-22 03:32:46.002,69340.0,0.05408,A,3749.9072,392292879281419
1774150366002,2026-03-22 03:32:46.002,69340.0,0.06208,A,4304.6272,626628931295302
1774150366002,2026-03-22 03:32:46.002,69340.0,0.1115,A,7731.41,328657966621753
1774150366002,2026-03-22 03:32:46.002,69340.0,0.48295,A,33487.753,1015537092894963
1774150366002,2026-03-22 03:32:46.002,69340.0,0.27465,A,19044.231,512228552171821
1774150366002,2026-03-22 03:32:46.002,69340.0,0.04717,A,3270.7677999999996,95103783953915
1774150366002,2026-03-22 03:32:46.002,69340.0,0.68334,A,47382.7956,976632215288854
1774150366002,2026-03-22 03:32:46.002,69340.0,0.37496,A,25999.7264,3195062745511
1774150366002,2026-03-22 03:32:46.002,69340.0,0.08934,A,6194.8356,962601459273613
1774150366002,2026-03-22 03:32:46.002,69340.0,0.04744,A,3289.4896000000003,848736626861623
1774150366002,2026-03-22 03:32:46.002,69340.0,0.09487,A,6578.2858,32570031988205
1774150366002,2026-03-22 03:32:46.002,69340.0,0.09487,A,6578.2858,126434045325512
1774150366002,2026-03-22 03:32:46.002,69340.0,0.09487,A,6578.2858,857823194183855
1774150366002,2026-03-22 03:32:46.002,69340.0,0.01441,A,999.1894,921005689624672
1774150366002,2026-03-22 03:32:46.002,69340.0,1.06577,A,73900.4918,1026063161071421
1774150367009,2026-03-22 03:32:47.009,69341.0,0.00017,A,11.787970000000001,252526419081773
1774150368218,2026-03-22 03:32:48.218,69342.0,0.00144,B,99.85248,166961418335335
1774150368218,2026-03-22 03:32:48.218,69342.0,0.14864,B,10306.99488,359416464908750
1774150368334,2026-03-22 03:32:48.334,69342.0,0.0036,B,249.6312,262902731666057
1774150369411,2026-03-22 03:32:49.411,69342.0,0.01442,B,999.91164,714106601588112
1774150369751,2026-03-22 03:32:49.751,69342.0,0.00563,B,390.39545999999996,702644448986492
1774150371031,2026-03-22 03:32:51.031,69341.0,0.00027,A,18.72207,898528832867984
1774150371253,2026-03-22 03:32:51.253,69342.0,0.00022,B,15.25524,208672698449304
1774150371253,2026-03-22 03:32:51.253,69342.0,0.00022,B,15.25524,818797921746892
1774150371253,2026-03-22 03:32:51.253,69342.0,0.00022,B,15.25524,1037223450846489
1774150371253,2026-03-22 03:32:51.253,69342.0,0.00022,B,15.25524,255099413410903
1774150371857,2026-03-22 03:32:51.857,69342.0,0.00023,B,15.94866,446709352850328
1774150372055,2026-03-22 03:32:52.055,69341.0,0.00017,A,11.787970000000001,610766302651389
1774150373538,2026-03-22 03:32:53.538,69341.0,1e-05,A,0.6934100000000001,678910574222555
1774150376559,2026-03-22 03:32:56.559,69341.0,0.00173,A,119.95993,509775165480787
1774150377094,2026-03-22 03:32:57.094,69341.0,0.00017,A,11.787970000000001,6269814847995
1774150377094,2026-03-22 03:32:57.094,69341.0,0.01661,A,1151.7540099999999,268862784751471
1774150379071,2026-03-22 03:32:59.071,69342.0,0.00016,B,11.09472,371201818124218
1774150379071,2026-03-22 03:32:59.071,69341.0,0.05375,A,3727.07875,899628125884853
1774150379251,2026-03-22 03:32:59.251,69341.0,0.00812,A,563.0489200000001,705424848379705
1774150379251,2026-03-22 03:32:59.251,69341.0,0.04917,A,3409.4969699999997,411428359645196
1774150379251,2026-03-22 03:32:59.251,69341.0,0.07778,A,5393.34298,761814864743145
1774150379251,2026-03-22 03:32:59.251,69341.0,0.35,A,24269.35,134390946393547
1774150379251,2026-03-22 03:32:59.251,69341.0,0.06074,A,4211.77234,1042304628501743
1774150379251,2026-03-22 03:32:59.251,69341.0,0.07441,A,5159.66381,150237492212889
1774150379251,2026-03-22 03:32:59.251,69341.0,0.10088,A,6995.12008,998463300037900
1774150380281,2026-03-22 03:33:00.281,69342.0,0.0582,B,4035.7044,960224451995411
1774150381703,2026-03-22 03:33:01.703,69342.0,0.00216,B,149.77872,93401313018912
1774150381703,2026-03-22 03:33:01.703,69342.0,0.00036,B,24.96312,655252629769329
1774150383122,2026-03-22 03:33:03.122,69342.0,0.00145,B,100.54589999999999,598563844025591
1774150383325,2026-03-22 03:33:03.325,69341.0,0.00022,A,15.25502,361776701249732
1774150383922,2026-03-22 03:33:03.922,69342.0,0.03578,B,2481.05676,874312142279764
1774150384134,2026-03-22 03:33:04.134,69342.0,0.01442,B,999.91164,601152290538584
1774150385022,2026-03-22 03:33:05.022,69341.0,0.00142,A,98.46422,977453351853386
1774150386356,2026-03-22 03:33:06.356,69342.0,0.00025,B,17.3355,1053370183685947
1774150386436,2026-03-22 03:33:06.436,69341.0,0.00017,A,11.787970000000001,1070408503857247
1774150386962,2026-03-22 03:33:06.962,69341.0,0.01442,B,999.8972200000001,82646602336236
1774150387272,2026-03-22 03:33:07.272,69340.0,0.23073,A,15998.8182,515554669644545
1774150387272,2026-03-22 03:33:07.272,69339.0,0.00017,A,11.78763,836850860658334
1774150387272,2026-03-22 03:33:07.272,69338.0,0.00017,A,11.787460000000001,497551559680110
1774150387272,2026-03-22 03:33:07.272,69337.0,0.00017,A,11.78729,545449800555740
1774150388039,2026-03-22 03:33:08.039,69337.0,0.00016,B,11.09392,313447501128320
1774150388173,2026-03-22 03:33:08.173,69336.0,0.00017,A,11.787120000000002,86789106719489
1774150388173,2026-03-22 03:33:08.173,69336.0,0.00127,A,88.05672,770612260354254
1774150388240,2026-03-22 03:33:08.240,69337.0,0.00033,B,22.88121,650688223837112
1774150388303,2026-03-22 03:33:08.303,69336.0,0.05761,A,3994.44696,57542046695708
1774150389120,2026-03-22 03:33:09.120,69336.0,0.17186,A,11916.08496,298878188892279
1774150389120,2026-03-22 03:33:09.120,69336.0,0.00017,A,11.787120000000002,344067160568659
1774150389375,2026-03-22 03:33:09.375,69336.0,0.0582,B,4035.3552,901274132368616
1774150389723,2026-03-22 03:33:09.723,69335.0,0.04541,A,3148.5023499999998,899394408342691
1774150389979,2026-03-22 03:33:09.979,69336.0,0.01442,B,999.8251200000001,146174857266988
1774150391545,2026-03-22 03:33:11.545,69335.0,0.41402,A,28706.0767,444317586453063
1774150391545,2026-03-22 03:33:11.545,69335.0,0.36557,A,25346.79595,501294881893397
1774150391545,2026-03-22 03:33:11.545,69335.0,0.00017,A,11.786950000000001,755538155501837
1774150391545,2026-03-22 03:33:11.545,69334.0,0.00017,A,11.78678,914591648646362
1774150391787,2026-03-22 03:33:11.787,69334.0,0.00038,B,26.34692,521674217382303
1774150392092,2026-03-22 03:33:12.092,69333.0,0.00046,A,31.89318,776414542758745
1774150392092,2026-03-22 03:33:12.092,69333.0,0.00017,A,11.786610000000001,993059945221977
1774150392092,2026-03-22 03:33:12.092,69332.0,0.00016,A,11.09312,161742996722434
1774150392092,2026-03-22 03:33:12.092,69332.0,0.00017,A,11.78644,67614417237373
1774150392092,2026-03-22 03:33:12.092,69331.0,0.00017,A,11.78627,892043647833536
1774150392092,2026-03-22 03:33:12.092,69330.0,0.00017,A,11.786100000000001,504186020512857
1774150392092,2026-03-22 03:33:12.092,69330.0,0.02683,A,1860.1239,539452197114227
1774150392571,2026-03-22 03:33:12.571,69330.0,0.01796,A,1245.1668,488435563300193
1774150396088,2026-03-22 03:33:16.088,69330.0,0.00028,A,19.412399999999998,371505456151099
1774150397015,2026-03-22 03:33:17.015,69330.0,0.00019,A,13.1727,378546625260404
1774150397301,2026-03-22 03:33:17.301,69331.0,0.00144,B,99.83664,637284771723938
1774150399720,2026-03-22 03:33:19.720,69330.0,0.11036,A,7651.2588,458554153377282
1774150401004,2026-03-22 03:33:21.004,69330.0,0.00017,A,11.786100000000001,661025605802121
1774150401004,2026-03-22 03:33:21.004,69330.0,0.00011,A,7.6263000000000005,379157295691430
1774150402006,2026-03-22 03:33:22.006,69330.0,0.00017,A,11.786100000000001,741743612956554
1774150404934,2026-03-22 03:33:24.934,69330.0,0.00033,A,22.8789,1001324995088089
1774150405280,2026-03-22 03:33:25.280,69331.0,0.01442,B,999.75302,53523785814265
1774150405280,2026-03-22 03:33:25.280,69331.0,0.00042,B,29.119020000000003,963150588098818
1774150407057,2026-03-22 03:33:27.057,69330.0,0.01661,A,1151.5713,342078471972226
1774150407464,2026-03-22 03:33:27.464,69330.0,0.00672,A,465.8976,977893363704140
1774150407949,2026-03-22 03:33:27.949,69331.0,0.01442,B,999.75302,517595636491857
1774150408284,2026-03-22 03:33:28.284,69330.0,0.02095,A,1452.4635,35862383267194
1774150408284,2026-03-22 03:33:28.284,69330.0,0.06422,A,4452.3726,317196955432467
1774150408284,2026-03-22 03:33:28.284,69330.0,0.05304,A,3677.2632,626425069455308
1774150408284,2026-03-22 03:33:28.284,69330.0,0.01,A,693.3000000000001,290624759943938
1774150408284,2026-03-22 03:33:28.284,69330.0,0.23076,A,15998.5908,922581307346530
1774150408284,2026-03-22 03:33:28.284,69330.0,0.00017,A,11.786100000000001,842801678015021
1774150408284,2026-03-22 03:33:28.284,69330.0,0.00023,A,15.9459,1094965554833492
1774150408284,2026-03-22 03:33:28.284,69329.0,0.00017,A,11.78593,847666748995564
1774150408284,2026-03-22 03:33:28.284,69328.0,0.00016,A,11.09248,246408535835832
1774150408284,2026-03-22 03:33:28.284,69328.0,0.00017,A,11.785760000000002,423535925600347
1774150408284,2026-03-22 03:33:28.284,69327.0,0.00017,A,11.785590000000001,223016941499382
1774150408284,2026-03-22 03:33:28.284,69327.0,0.003,A,207.981,878304385818914
1774150408284,2026-03-22 03:33:28.284,69326.0,0.00017,A,11.78542,712412910300925
1774150408284,2026-03-22 03:33:28.284,69326.0,0.02884,A,1999.36184,962779519395103
1774150408284,2026-03-22 03:33:28.284,69325.0,0.01153,A,799.3172500000001,228210383408519
1774150408284,2026-03-22 03:33:28.284,69325.0,0.00017,A,11.785250000000001,410188553797365
1774150408284,2026-03-22 03:33:28.284,69325.0,0.00029,A,20.10425,438155959289504
1774150408284,2026-03-22 03:33:28.284,69325.0,0.00022,A,15.2515,383854500614417
1774150408284,2026-03-22 03:33:28.284,69325.0,0.04326,A,2998.9995,926707720979144
1774150408284,2026-03-22 03:33:28.284,69324.0,0.00016,A,11.091840000000001,555731322328823
1774150408284,2026-03-22 03:33:28.284,69324.0,0.00017,A,11.78508,457420243937969
1774150408284,2026-03-22 03:33:28.284,69324.0,0.08401,A,5823.90924,838341907108946
1774150408284,2026-03-22 03:33:28.284,69323.0,0.00017,A,11.78491,170073730240221
1774150408284,2026-03-22 03:33:28.284,69323.0,0.04345,A,3012.08435,332528546222156
1774150408284,2026-03-22 03:33:28.284,69323.0,0.05194,A,3600.63662,993141785612374
1774150408476,2026-03-22 03:33:28.476,69324.0,0.0002,B,13.8648,636842211883948
1774150408476,2026-03-22 03:33:28.476,69323.0,0.1,A,6932.3,860067721185010
1774150409087,2026-03-22 03:33:29.087,69324.0,0.00016,B,11.091840000000001,491127661936289
1774150409087,2026-03-22 03:33:29.087,69323.0,0.05375,A,3726.11125,716045297823776
1774150409691,2026-03-22 03:33:29.691,69324.0,0.1,B,6932.400000000001,884439217355397
1774150411301,2026-03-22 03:33:31.301,69324.0,0.01442,B,999.6520800000001,676060296110489
1774150414077,2026-03-22 03:33:34.077,69323.0,0.00142,A,98.43866,674010766224556
1774150414395,2026-03-22 03:33:34.395,69323.0,0.00218,A,151.12414,664009379050550
1774150416885,2026-03-22 03:33:36.885,69324.0,0.24698,B,17121.64152,256682432161024
1774150416885,2026-03-22 03:33:36.885,69324.0,0.16,B,11091.84,80222059595776
1774150416885,2026-03-22 03:33:36.885,69324.0,0.81141,B,56250.186839999995,960637493563291
1774150416885,2026-03-22 03:33:36.885,69325.0,0.00015,B,10.39875,576347134001611
1774150416885,2026-03-22 03:33:36.885,69325.0,0.07367,B,5107.17275,113287890864185
1774150416885,2026-03-22 03:33:36.885,69325.0,0.15,B,10398.75,359706473400744
1774150416885,2026-03-22 03:33:36.885,69328.0,0.001,B,69.328,583039216872022
1774150416885,2026-03-22 03:33:36.885,69328.0,0.03779,B,2619.90512,398883088331108
1774150418024,2026-03-22 03:33:38.024,69328.0,0.00016,B,11.09248,615722418499347
1774150418089,2026-03-22 03:33:38.089,69327.0,0.02163,A,1499.54301,43313334355360
1774150419840,2026-03-22 03:33:39.840,69328.0,0.00544,B,377.14432000000005,719556342381059
1774150420147,2026-03-22 03:33:40.147,69328.0,0.32738,B,22696.60064,516080987102471
1774150420147,2026-03-22 03:33:40.147,69328.0,0.13714,B,9507.64192,266871608945809
1774150420147,2026-03-22 03:33:40.147,69328.0,0.25335,B,17564.2488,156071439071363
1774150422033,2026-03-22 03:33:42.033,69327.0,0.02813,A,1950.16851,207315871846189
1774150422476,2026-03-22 03:33:42.476,69327.0,0.16126,A,11179.67202,626283596783682
1774150422476,2026-03-22 03:33:42.476,69327.0,0.04828,A,3347.1075600000004,463208965533116
1774150422704,2026-03-22 03:33:42.704,69327.0,0.00038,A,26.344260000000002,800627106656871
1774150424980,2026-03-22 03:33:44.980,69328.0,0.057,B,3951.6960000000004,470621255844640
1774150425352,2026-03-22 03:33:45.352,69328.0,0.01442,B,999.7097600000001,987884189965728
1774150425352,2026-03-22 03:33:45.352,69328.0,0.01145,B,793.8056,740556013661019
1774150426089,2026-03-22 03:33:46.089,69327.0,0.00028,A,19.411559999999998,775256451203820
1774150426189,2026-03-22 03:33:46.189,69328.0,0.00019,B,13.172320000000001,780628500735524
1774150426372,2026-03-22 03:33:46.372,69328.0,0.00019,B,13.172320000000001,877949031433464
1774150427022,2026-03-22 03:33:47.022,69327.0,0.0002,A,13.865400000000001,345553023283820
1774150427301,2026-03-22 03:33:47.301,69327.0,7e-05,A,4.8528899999999995,549788365604234
1774150429097,2026-03-22 03:33:49.097,69328.0,0.01442,B,999.7097600000001,78620305276944
1774150431067,2026-03-22 03:33:51.067,69327.0,0.00028,A,19.411559999999998,269951557174593
1774150431742,2026-03-22 03:33:51.742,69328.0,0.00745,B,516.4936,949987237994367
1774150432004,2026-03-22 03:33:52.004,69328.0,0.01442,B,999.7097600000001,216603813539079
1774150432758,2026-03-22 03:33:52.758,69328.0,0.28694,B,19892.976319999998,632350573299788
1774150432758,2026-03-22 03:33:52.758,69328.0,0.20182,B,13991.77696,714217129469825
1774150432758,2026-03-22 03:33:52.758,69328.0,0.0023,B,159.4544,777485812810434
1774150432758,2026-03-22 03:33:52.758,69329.0,0.05665,B,3927.48785,682164392996134
1774150432758,2026-03-22 03:33:52.758,69329.0,0.003,B,207.987,112176649892016
1774150432758,2026-03-22 03:33:52.758,69329.0,0.00015,B,10.399349999999998,213266760282006
1774150432758,2026-03-22 03:33:52.758,69330.0,0.00111,B,76.95630000000001,71878100576962
1774150432758,2026-03-22 03:33:52.758,69330.0,0.00015,B,10.3995,338583319339625
1774150432758,2026-03-22 03:33:52.758,69331.0,0.066,B,4575.8460000000005,11057050853070
1774150432758,2026-03-22 03:33:52.758,69331.0,0.00016,B,11.092960000000001,951736233720908
1774150432758,2026-03-22 03:33:52.758,69332.0,0.07212,B,5000.223840000001,151686181183324
1774150432758,2026-03-22 03:33:52.758,69333.0,0.01153,B,799.40949,988802575796123
1774150432758,2026-03-22 03:33:52.758,69333.0,0.15,B,10399.949999999999,767419255349502
1774150432758,2026-03-22 03:33:52.758,69334.0,0.066,B,4576.044,507478581152225
1774150432758,2026-03-22 03:33:52.758,69334.0,0.00016,B,11.093440000000001,511807836447053
1774150432758,2026-03-22 03:33:52.758,69334.0,0.00236,B,163.62824,778223098670610
1774150432758,2026-03-22 03:33:52.758,69335.0,0.07211,B,4999.7468499999995,1109983965221578
1774150432758,2026-03-22 03:33:52.758,69335.0,0.31911,B,22125.49185,282741611876846
1774150433710,2026-03-22 03:33:53.710,69334.0,0.00745,A,516.5383,869624297951817
1774150437021,2026-03-22 03:33:57.021,69334.0,0.00017,A,11.78678,1063639416671330
1774150437021,2026-03-22 03:33:57.021,69334.0,0.01661,A,1151.63774,493632384296841
1774150438006,2026-03-22 03:33:58.006,69335.0,0.00072,B,49.921200000000006,422721623753466
1774150439027,2026-03-22 03:33:59.027,69335.0,0.00016,B,11.0936,855248841732412
1774150439027,2026-03-22 03:33:59.027,69334.0,0.05375,A,3726.7025,174297386083977
1774150439970,2026-03-22 03:33:59.970,69334.0,0.00017,A,11.78678,690727295898124
1774150439970,2026-03-22 03:33:59.970,69333.0,0.00017,A,11.786610000000001,682913691417106
1774150439970,2026-03-22 03:33:59.970,69332.0,0.00017,A,11.78644,1068611300618113
1774150440033,2026-03-22 03:34:00.033,69331.0,0.00017,A,11.78627,139515260546820
1774150440033,2026-03-22 03:34:00.033,69331.0,0.23076,A,15998.82156,453457405457366
1774150440949,2026-03-22 03:34:00.949,69330.0,0.00017,A,11.786100000000001,321431807660395
1774150440949,2026-03-22 03:34:00.949,69330.0,0.00401,A,278.01329999999996,856515365348171
1774150441951,2026-03-22 03:34:01.951,69330.0,0.22675,A,15720.577500000001,603591473321770
1774150441951,2026-03-22 03:34:01.951,69330.0,0.00017,A,11.786100000000001,1013488986216301
1774150442856,2026-03-22 03:34:02.856,69329.0,0.00017,A,11.78593,590037270688286
1774150442856,2026-03-22 03:34:02.856,69329.0,0.003,A,207.987,996741879314568
1774150442856,2026-03-22 03:34:02.856,69328.0,0.00017,A,11.785760000000002,962291448984865
1774150442856,2026-03-22 03:34:02.856,69328.0,0.00016,A,11.09248,926408429861204
1774150442856,2026-03-22 03:34:02.856,69328.0,0.00051,A,35.35728,497459927199608
1774150443155,2026-03-22 03:34:03.155,69329.0,0.006,B,415.974,817024956069238
1774150444099,2026-03-22 03:34:04.099,69328.0,0.00064,A,44.36992,741537439164159
1774150444099,2026-03-22 03:34:04.099,69328.0,0.00017,A,11.785760000000002,673564579784539
1774150444099,2026-03-22 03:34:04.099,69327.0,0.00017,A,11.785590000000001,667152936053650
1774150444099,2026-03-22 03:34:04.099,69326.0,0.00017,A,11.78542,297936880452158
1774150444099,2026-03-22 03:34:04.099,69325.0,0.00017,A,11.785250000000001,122824228557288
1774150444099,2026-03-22 03:34:04.099,69325.0,0.0001,A,6.9325,938276256405640
1774150444848,2026-03-22 03:34:04.848,69324.0,0.00017,A,11.78508,763268759538954
1774150444848,2026-03-22 03:34:04.848,69323.0,0.00017,A,11.78491,535127307669611
1774150445495,2026-03-22 03:34:05.495,69322.0,0.00017,A,11.784740000000001,837703407174537
1774150445495,2026-03-22 03:34:05.495,69322.0,0.00127,A,88.03894000000001,818153431862413
1774150446796,2026-03-22 03:34:06.796,69322.0,0.00017,A,11.784740000000001,1050515435832476
1774150446796,2026-03-22 03:34:06.796,69322.0,0.02818,A,1953.49396,917972616208681
1774150446996,2026-03-22 03:34:06.996,69322.0,0.02251,A,1560.43822,755997713809744
1774150447405,2026-03-22 03:34:07.405,69321.0,0.00041,A,28.42161,358590587904299
1774150447405,2026-03-22 03:34:07.405,69321.0,0.00017,A,11.78457,642813988524277
1774150447624,2026-03-22 03:34:07.624,69320.0,0.00016,A,11.0912,65481409861753
1774150447624,2026-03-22 03:34:07.624,69320.0,0.00017,A,11.784400000000002,1084392765557602
1774150447624,2026-03-22 03:34:07.624,69320.0,0.003,A,207.96,662293293905811
1774150447624,2026-03-22 03:34:07.624,69319.0,0.00017,A,11.78423,742522417165703
1774150447624,2026-03-22 03:34:07.624,69319.0,0.00015,A,10.397849999999998,805806745632917
1774150447865,2026-03-22 03:34:07.865,69319.0,7e-05,B,4.852329999999999,801197711204931
1774150448007,2026-03-22 03:34:08.007,69319.0,0.00016,B,11.091040000000001,317977176742527
1774150448122,2026-03-22 03:34:08.122,69318.0,0.00288,A,199.63584,223416357931410
1774150448122,2026-03-22 03:34:08.122,69318.0,0.00017,A,11.78406,725782535976207
1774150448122,2026-03-22 03:34:08.122,69317.0,0.00016,A,11.090720000000001,962479828012128
1774150448122,2026-03-22 03:34:08.122,69317.0,0.00018,A,12.477060000000002,870383756099951
1774150448122,2026-03-22 03:34:08.122,69317.0,0.00017,A,11.783890000000001,423232510930381
1774150448122,2026-03-22 03:34:08.122,69317.0,0.00425,A,294.59725000000003,476235989359140
1774150448122,2026-03-22 03:34:08.122,69317.0,0.00798,A,553.1496599999999,372223489354365
1774150448226,2026-03-22 03:34:08.226,69318.0,0.00714,B,494.93052,532643155587850
1774150449730,2026-03-22 03:34:09.730,69317.0,0.21857,A,15150.616689999999,395559553913359
1774150449730,2026-03-22 03:34:09.730,69317.0,0.00017,A,11.783890000000001,1043458403500079
1774150450535,2026-03-22 03:34:10.535,69316.0,0.00017,A,11.78372,465452636333873
1774150450695,2026-03-22 03:34:10.695,69315.0,0.00017,A,11.78355,328434582343675
1774150450695,2026-03-22 03:34:10.695,69314.0,0.00017,A,11.783380000000001,575827908464359
1774150450695,2026-03-22 03:34:10.695,69313.0,0.00016,A,11.09008,882903011449259
1774150450695,2026-03-22 03:34:10.695,69313.0,0.00017,A,11.78321,937889653901790
1774150450695,2026-03-22 03:34:10.695,69312.0,0.00016,A,11.089920000000001,977690814723318
1774150450695,2026-03-22 03:34:10.695,69312.0,0.00017,A,11.783040000000002,739439925285058
1774150450695,2026-03-22 03:34:10.695,69312.0,0.003,A,207.936,191547170558934
1774150450877,2026-03-22 03:34:10.877,69311.0,0.00017,A,11.78287,430027899222734
1774150450877,2026-03-22 03:34:10.877,69311.0,0.00015,A,10.39665,964720829431212
1774150450877,2026-03-22 03:34:10.877,69311.0,0.003,A,207.933,36891174548457
1774150450877,2026-03-22 03:34:10.877,69311.0,0.00419,A,290.41309,182364600228524
1774150451883,2026-03-22 03:34:11.883,69312.0,0.00019,B,13.16928,142977580817422
1774150451883,2026-03-22 03:34:11.883,69312.0,0.00313,B,216.94656,369228717926230
1774150452086,2026-03-22 03:34:12.086,69311.0,0.02813,A,1949.71843,365842072301795
1774150453401,2026-03-22 03:34:13.401,69311.0,0.00017,A,11.78287,54017456750942
1774150454721,2026-03-22 03:34:14.721,69310.0,0.00361,A,250.2091,31990932277506
1774150456029,2026-03-22 03:34:16.029,69310.0,0.00028,A,19.406799999999997,424790105258863
1774150457035,2026-03-22 03:34:17.035,69310.0,0.0002,A,13.862,1105035061960061
1774150458641,2026-03-22 03:34:18.641,69311.0,0.09,B,6237.99,1270549549189
1774150459433,2026-03-22 03:34:19.433,69310.0,0.00172,A,119.2132,591817441342548
1774150460277,2026-03-22 03:34:20.277,69312.0,0.057,B,3950.784,777870900300161
1774150460277,2026-03-22 03:34:20.277,69311.0,0.01859,A,1288.4914899999999,324635486464448
1774150460277,2026-03-22 03:34:20.277,69311.0,0.10499,A,7276.96189,487243119417247
1774150461065,2026-03-22 03:34:21.065,69311.0,0.00028,A,19.407079999999997,13538669106674
1774150461467,2026-03-22 03:34:21.467,69312.0,0.00017,B,11.783040000000002,721148034929295
1774150462005,2026-03-22 03:34:22.005,69311.0,0.00017,A,11.78287,750093754358266
1774150463088,2026-03-22 03:34:23.088,69316.0,0.00016,B,11.090560000000002,594992161112827
1774150463088,2026-03-22 03:34:23.088,69317.0,0.003,B,207.951,843648235041708
1774150463088,2026-03-22 03:34:23.088,69320.0,0.00016,B,11.0912,178562397575442
1774150463303,2026-03-22 03:34:23.303,69321.0,0.00015,B,10.39815,365056251910899
1774150463303,2026-03-22 03:34:23.303,69323.0,0.003,B,207.969,613138724736054
1774150463303,2026-03-22 03:34:23.303,69323.0,0.00016,B,11.09168,1013242150925116
1774150463303,2026-03-22 03:34:23.303,69326.0,0.00015,B,10.3989,358681591334239
1774150463303,2026-03-22 03:34:23.303,69326.0,0.00031,B,21.49106,614527223738476
1774150463303,2026-03-22 03:34:23.303,69327.0,0.00016,B,11.09232,431784598660577
1774150463303,2026-03-22 03:34:23.303,69327.0,0.00314,B,217.68678,968032056199617
1774150463303,2026-03-22 03:34:23.303,69328.0,0.00022,B,15.25216,106660389586050
1774150463303,2026-03-22 03:34:23.303,69328.0,0.04971,B,3446.29488,821155527647848
1774150464699,2026-03-22 03:34:24.699,69328.0,0.00017,B,11.785760000000002,1096532709309088
1774150465043,2026-03-22 03:34:25.043,69328.0,0.00018,B,12.479040000000001,718813402988211
1774150466046,2026-03-22 03:34:26.046,69327.0,0.08,A,5546.16,112621259773074
1774150466046,2026-03-22 03:34:26.046,69327.0,0.0934,A,6475.141799999999,947878868113437
1774150466097,2026-03-22 03:34:26.097,69327.0,0.0011,A,76.25970000000001,732778119291272
1774150467053,2026-03-22 03:34:27.053,69327.0,0.00017,A,11.785590000000001,81237489349104
1774150467053,2026-03-22 03:34:27.053,69327.0,0.0058,A,402.09659999999997,263693351249761
1774150467053,2026-03-22 03:34:27.053,69327.0,0.01082,A,750.11814,591535233772870
1774150468716,2026-03-22 03:34:28.716,69327.0,0.00869,A,602.45163,746483598829881
1774150468924,2026-03-22 03:34:28.924,69328.0,0.00063,B,43.67664,1109361393860632
1774150469037,2026-03-22 03:34:29.037,69328.0,0.00016,B,11.09248,965348587397605
1774150469525,2026-03-22 03:34:29.525,69331.0,0.00016,B,11.092960000000001,330678944277471
1774150469525,2026-03-22 03:34:29.525,69331.0,0.05665,B,3927.60115,618028862667169
1774150469525,2026-03-22 03:34:29.525,69331.0,0.00015,B,10.39965,149559427403550
1774150469525,2026-03-22 03:34:29.525,69332.0,4e-05,B,2.77328,215252201772315
1774150469525,2026-03-22 03:34:29.525,69332.0,0.1,B,6933.200000000001,284100040586248
1774150470138,2026-03-22 03:34:30.138,69332.0,0.0035,B,242.662,328840425296401
1774150470279,2026-03-22 03:34:30.279,69332.0,0.00087,B,60.31884,411607167740708
1774150470751,2026-03-22 03:34:30.751,69332.0,0.00017,B,11.78644,805919411789668
1774150474071,2026-03-22 03:34:34.071,69333.0,0.00141,A,97.75953,664237893898900
1774150474867,2026-03-22 03:34:34.867,69334.0,0.35065,B,24311.9671,931365344011696
1774150474867,2026-03-22 03:34:34.867,69335.0,0.25,B,17333.75,252072879227510
1774150474867,2026-03-22 03:34:34.867,69335.0,0.00015,B,10.40025,982884496151182
1774150474867,2026-03-22 03:34:34.867,69338.0,0.01153,B,799.46714,481968715435210
1774150474867,2026-03-22 03:34:34.867,69338.0,0.003,B,208.014,519096169666865
1774150474867,2026-03-22 03:34:34.867,69338.0,0.05665,B,3927.9977,1122150500659042
1774150474867,2026-03-22 03:34:34.867,69339.0,0.07367,B,5108.20413,860404931649007
1774150474867,2026-03-22 03:34:34.867,69341.0,0.07211,B,5000.17951,348307406725
1774150474867,2026-03-22 03:34:34.867,69341.0,0.00015,B,10.40115,665154810793584
1774150474867,2026-03-22 03:34:34.867,69341.0,0.09723,B,6742.02543,469325433661932
1774150476386,2026-03-22 03:34:36.386,69340.0,0.00992,A,687.8528,1023733720386706
1774150476386,2026-03-22 03:34:36.386,69340.0,0.00017,A,11.7878,1048260697306428
1774150476386,2026-03-22 03:34:36.386,69339.0,0.00015,A,10.400849999999998,631943579548756
1774150476527,2026-03-22 03:34:36.527,69339.0,0.01261,A,874.36479,845659232626409
1774150477521,2026-03-22 03:34:37.521,69342.0,0.003,B,208.026,982790663516001
1774150477521,2026-03-22 03:34:37.521,69341.0,0.05346,A,3706.96986,1107055516689464
1774150478544,2026-03-22 03:34:38.544,69345.0,0.00016,B,11.0952,158204647972648
1774150478544,2026-03-22 03:34:38.544,69346.0,0.00015,B,10.4019,631239028934025
1774150478544,2026-03-22 03:34:38.544,69349.0,0.00016,B,11.09584,178615880952871
1774150478544,2026-03-22 03:34:38.544,69351.0,0.00253,B,175.45803,231288365592640
1774150478696,2026-03-22 03:34:38.696,69350.0,0.08,A,5548.0,419870606583416
1774150478696,2026-03-22 03:34:38.696,69350.0,0.12002,A,8323.387,936460702168355
1774150478696,2026-03-22 03:34:38.696,69350.0,0.19998,A,13868.613,989453687904972
1774150478696,2026-03-22 03:34:38.696,69351.0,0.00022,B,15.25722,684130972720980
1774150479323,2026-03-22 03:34:39.323,69351.0,0.00025,B,17.33775,914890015144470
1774150479323,2026-03-22 03:34:39.323,69351.0,0.00119,B,82.52769,333794310608541
1774150480114,2026-03-22 03:34:40.114,69354.0,0.00591,A,409.88214000000005,329707776510884
1774150480546,2026-03-22 03:34:40.546,69355.0,0.003,B,208.065,426033814034110
1774150480546,2026-03-22 03:34:40.546,69356.0,0.00016,B,11.096960000000001,8175214979789
1774150480546,2026-03-22 03:34:40.546,69359.0,0.0002,B,13.8718,95255097344010
1774150480546,2026-03-22 03:34:40.546,69360.0,0.00016,B,11.097600000000002,356846308180743
1774150480546,2026-03-22 03:34:40.546,69361.0,0.003,B,208.083,699070320435852
1774150480546,2026-03-22 03:34:40.546,69362.0,0.00015,B,10.4043,799447581182187
1774150480546,2026-03-22 03:34:40.546,69364.0,0.00016,B,11.09824,977230404884617
1774150480546,2026-03-22 03:34:40.546,69365.0,0.00018,B,12.485700000000001,968002733020524
1774150480546,2026-03-22 03:34:40.546,69367.0,0.00016,B,11.09872,372639883720862
1774150480546,2026-03-22 03:34:40.546,69367.0,0.00087,B,60.34929,653561880409538
1774150480546,2026-03-22 03:34:40.546,69368.0,0.16536,B,11470.69248,269034312877726
1774150480781,2026-03-22 03:34:40.781,69368.0,0.003,B,208.104,193550319166015
1774150481153,2026-03-22 03:34:41.153,69367.0,0.09837,A,6823.63179,445094368275843
1774150481153,2026-03-22 03:34:41.153,69367.0,0.10009,A,6942.943029999999,585622309982721
1774150481153,2026-03-22 03:34:41.153,69367.0,0.11936,A,8279.64512,247091950474503
1774150481153,2026-03-22 03:34:41.153,69367.0,0.08218,A,5700.58006,59299741972682
1774150481461,2026-03-22 03:34:41.461,69368.0,0.00029,B,20.11672,160364119166405
1774150481461,2026-03-22 03:34:41.461,69368.0,0.45137,B,31310.634159999998,97695329535499
1774150482067,2026-03-22 03:34:42.067,69366.0,0.00015,A,10.4049,589739353415251
1774150482067,2026-03-22 03:34:42.067,69366.0,0.02798,A,1940.86068,1117680867441862
1774150482548,2026-03-22 03:34:42.548,69366.0,0.20266,A,14057.71356,257588447678275
1774150482548,2026-03-22 03:34:42.548,69366.0,0.00017,A,11.79222,1052864923523008
1774150482548,2026-03-22 03:34:42.548,69365.0,0.00017,A,11.792050000000001,640136518809793
1774150482548,2026-03-22 03:34:42.548,69364.0,0.00017,A,11.79188,72472748061246
1774150482548,2026-03-22 03:34:42.548,69363.0,0.00017,A,11.79171,469237663508501
1774150482548,2026-03-22 03:34:42.548,69362.0,0.00017,A,11.791540000000001,953325188420913
1774150482548,2026-03-22 03:34:42.548,69362.0,0.003,A,208.086,121566791265013
1774150482548,2026-03-22 03:34:42.548,69361.0,0.02883,A,1999.6776300000001,265270187225882
1774150482548,2026-03-22 03:34:42.548,69361.0,0.00017,A,11.79137,929719490652553
1774150482548,2026-03-22 03:34:42.548,69360.0,0.00017,A,11.791200000000002,587465222032647
1774150482548,2026-03-22 03:34:42.548,69359.0,0.00017,A,11.791030000000001,293499368616327
1774150482548,2026-03-22 03:34:42.548,69359.0,0.04686,A,3250.1627399999998,269282957914273
1774150482548,2026-03-22 03:34:42.548,69358.0,0.00015,A,10.403699999999999,148642078172324
1774150482548,2026-03-22 03:34:42.548,69358.0,0.00017,A,11.79086,421286031725926
1774150482548,2026-03-22 03:34:42.548,69357.0,0.09342,A,6479.33094,956909697214176
1774150482548,2026-03-22 03:34:42.548,69357.0,0.00017,A,11.790690000000001,103703394657405
1774150482548,2026-03-22 03:34:42.548,69357.0,0.34448,A,23892.09936,326161864519582
1774150483561,2026-03-22 03:34:43.561,69357.0,0.4,A,27742.800000000003,1030498881725833
1774150485197,2026-03-22 03:34:45.197,69357.0,0.00782,A,542.37174,519606157624840
1774150485197,2026-03-22 03:34:45.197,69357.0,0.23067,A,15998.579189999999,530899532116080
1774150485197,2026-03-22 03:34:45.197,69356.0,0.00017,A,11.79052,938082821579362
1774150485197,2026-03-22 03:34:45.197,69356.0,0.00015,A,10.4034,83139103315173
1774150485197,2026-03-22 03:34:45.197,69355.0,0.00017,A,11.79035,8766433983886
1774150485197,2026-03-22 03:34:45.197,69354.0,0.05665,A,3928.9040999999997,756812837143915
1774150485197,2026-03-22 03:34:45.197,69354.0,0.00017,A,11.790180000000001,956203096403344
1774150485197,2026-03-22 03:34:45.197,69354.0,0.00016,A,11.09664,488841295372809
1774150485197,2026-03-22 03:34:45.197,69354.0,0.00015,A,10.403099999999998,56442141382865
1774150485197,2026-03-22 03:34:45.197,69353.0,0.00017,A,11.79001,108137132962082
1774150485197,2026-03-22 03:34:45.197,69353.0,0.02883,A,1999.4469900000001,740763581736660
1774150485197,2026-03-22 03:34:45.197,69352.0,0.00017,A,11.789840000000002,247608744266824
1774150485197,2026-03-22 03:34:45.197,69352.0,0.003,A,208.056,938457993797440
1774150485197,2026-03-22 03:34:45.197,69352.0,0.07172,A,4973.92544,894681648471637
1774150485393,2026-03-22 03:34:45.393,69353.0,0.35,B,24273.55,630684618278991
1774150485393,2026-03-22 03:34:45.393,69353.0,0.56474,B,39166.41322,576656001732144
1774150485393,2026-03-22 03:34:45.393,69353.0,1.00086,B,69412.64358,259766108915883
1774150485393,2026-03-22 03:34:45.393,69353.0,0.18007,B,12488.39471,1022528964578588
1774150485393,2026-03-22 03:34:45.393,69353.0,0.35,B,24273.55,271766336823088
1774150485393,2026-03-22 03:34:45.393,69353.0,0.35,B,24273.55,614510549085226
1774150485393,2026-03-22 03:34:45.393,69353.0,0.5,B,34676.5,185436734967782
1774150485393,2026-03-22 03:34:45.393,69353.0,0.43777,B,30360.662809999998,246619394894935
1774150485393,2026-03-22 03:34:45.393,69353.0,0.22559,B,15645.343270000001,576088150802273
1774150485393,2026-03-22 03:34:45.393,69353.0,0.08,B,5548.24,31180008686080
1774150485393,2026-03-22 03:34:45.393,69353.0,0.7,B,48547.1,639519381248439
1774150485393,2026-03-22 03:34:45.393,69353.0,0.24478,B,16976.22734,603072811695644
1774150485393,2026-03-22 03:34:45.393,69353.0,0.01619,B,1122.8250699999999,240443406781358
1774150486055,2026-03-22 03:34:46.055,69352.0,0.00027,A,18.72504,278495841530037
1774150486055,2026-03-22 03:34:46.055,69353.0,0.7,B,48547.1,1101167685979056
1774150486055,2026-03-22 03:34:46.055,69353.0,0.57683,B,40004.89099,531748890397062
1774150486055,2026-03-22 03:34:46.055,69353.0,0.28284,B,19615.802519999997,942912714421813
1774150486247,2026-03-22 03:34:46.247,69353.0,0.00015,B,10.402949999999999,796637963504662
1774150486369,2026-03-22 03:34:46.369,69353.0,0.00216,B,149.80248,877961160439304
1774150487069,2026-03-22 03:34:47.069,69352.0,0.00018,A,12.483360000000001,849207940416516
1774150487674,2026-03-22 03:34:47.674,69352.0,5e-05,A,3.4676,641170018164125
1774150488488,2026-03-22 03:34:48.488,69352.0,0.00015,A,10.4028,603944788109649
1774150490867,2026-03-22 03:34:50.867,69352.0,0.01557,A,1079.8106400000001,899328670105139
1774150491104,2026-03-22 03:34:51.104,69352.0,0.00027,A,18.72504,17731189293416
1774150491104,2026-03-22 03:34:51.104,69352.0,0.00017,A,11.789840000000002,434965980163201
1774150493735,2026-03-22 03:34:53.735,69353.0,0.06485,B,4497.54205,597299218098545
1774150493735,2026-03-22 03:34:53.735,69353.0,0.04796,B,3326.1698800000004,520147500334524
1774150495252,2026-03-22 03:34:55.252,69352.0,0.00017,A,11.789840000000002,457827479076368
1774150495252,2026-03-22 03:34:55.252,69352.0,0.0034,A,235.7968,739385923583537
1774150495252,2026-03-22 03:34:55.252,69351.0,0.00017,A,11.789670000000001,418647099071857
1774150495252,2026-03-22 03:34:55.252,69350.0,0.00017,A,11.7895,1108026257204392
1774150495252,2026-03-22 03:34:55.252,69350.0,0.00016,A,11.096,10820471996253
1774150495252,2026-03-22 03:34:55.252,69350.0,0.00015,A,10.4025,384722617955711
1774150495252,2026-03-22 03:34:55.252,69350.0,0.99419,A,68947.0765,480658355964713
1774150495252,2026-03-22 03:34:55.252,69349.0,0.00017,A,11.789330000000001,615707467626637
1774150496164,2026-03-22 03:34:56.164,69348.0,0.5,B,34674.0,507463709450803
1774150496164,2026-03-22 03:34:56.164,69348.0,0.11247,B,7799.56956,902601504274199
1774150496865,2026-03-22 03:34:56.865,69347.0,0.00017,A,11.78899,289372979125457
1774150496865,2026-03-22 03:34:56.865,69347.0,0.003,A,208.041,848551871075429
1774150496865,2026-03-22 03:34:56.865,69347.0,0.00035,A,24.27145,441630479882538
1774150497060,2026-03-22 03:34:57.060,69347.0,0.00017,A,11.78899,1080629148550054
1774150497060,2026-03-22 03:34:57.060,69347.0,0.01661,A,1151.85367,646923222536991
1774150497391,2026-03-22 03:34:57.391,69348.0,0.00043,B,29.81964,229623353647738
1774150499064,2026-03-22 03:34:59.064,69348.0,0.00016,B,11.095680000000002,140541184647103
1774150500492,2026-03-22 03:35:00.492,69348.0,0.002,B,138.696,1086342063162389
1774150501295,2026-03-22 03:35:01.295,69347.0,0.00022,A,15.25634,350910489021915
1774150501438,2026-03-22 03:35:01.438,69348.0,0.002,B,138.696,427928581872945
1774150501928,2026-03-22 03:35:01.928,69348.0,0.00271,B,187.93308000000002,953513294353617
1774150503970,2026-03-22 03:35:03.970,69348.0,0.00135,B,93.6198,1057494318001197
1774150504071,2026-03-22 03:35:04.071,69347.0,0.00142,A,98.47274,179459100427855
1774150507095,2026-03-22 03:35:07.095,69348.0,0.02163,B,1499.99724,41941585195101
1774150507818,2026-03-22 03:35:07.818,69347.0,0.00017,A,11.78899,773510973521891
1774150507818,2026-03-22 03:35:07.818,69346.0,0.00016,A,11.095360000000001,397174048376885
1774150507818,2026-03-22 03:35:07.818,69346.0,0.00017,A,11.788820000000001,444943527106738
1774150508120,2026-03-22 03:35:08.120,69346.0,0.00016,B,11.095360000000001,988563368318001
1774150508604,2026-03-22 03:35:08.604,69346.0,0.17768,B,12321.397280000001,50953042655486
1774150508604,2026-03-22 03:35:08.604,69346.0,0.21316,B,14781.79336,690875079458908
1774150508604,2026-03-22 03:35:08.604,69346.0,0.19035,B,13200.0111,975272415107986
1774150508604,2026-03-22 03:35:08.604,69346.0,0.25221,B,17489.75466,455819400463422
1774150508604,2026-03-22 03:35:08.604,69346.0,0.43114,B,29897.834440000002,814038379632338
1774150508604,2026-03-22 03:35:08.604,69346.0,0.17744,B,12304.754239999998,626334838973974
1774150511825,2026-03-22 03:35:11.825,69346.0,0.00039,B,27.04494,287150177299297
1774150511955,2026-03-22 03:35:11.955,69345.0,0.00017,A,11.78865,570962878888285
1774150511955,2026-03-22 03:35:11.955,69345.0,0.03252,A,2255.0994,285318923266994
1774150512025,2026-03-22 03:35:12.025,69345.0,0.01795,A,1244.7427500000001,48134311739411
1774150512025,2026-03-22 03:35:12.025,69345.0,0.01018,A,705.9321,286949160471067
1774150512439,2026-03-22 03:35:12.439,69345.0,0.01443,A,1000.64835,242086794955938
1774150513249,2026-03-22 03:35:13.249,69346.0,0.00017,B,11.788820000000001,359848230233758
1774150513249,2026-03-22 03:35:13.249,69347.0,0.00017,B,11.78899,382521315766158
1774150513249,2026-03-22 03:35:13.249,69348.0,0.00015,B,10.402199999999999,450388770674163
1774150513249,2026-03-22 03:35:13.249,69348.0,0.00017,B,11.78916,1123260141124346
1774150513249,2026-03-22 03:35:13.249,69349.0,0.00017,B,11.789330000000001,1050964262007549
1774150513249,2026-03-22 03:35:13.249,69350.0,0.00017,B,11.7895,997492506522235
1774150513249,2026-03-22 03:35:13.249,69351.0,0.00017,B,11.789670000000001,357897113404186
1774150513249,2026-03-22 03:35:13.249,69352.0,0.00017,B,11.789840000000002,261082057237588
1774150513249,2026-03-22 03:35:13.249,69353.0,0.003,B,208.059,1102821486825900
1774150513249,2026-03-22 03:35:13.249,69353.0,0.00016,B,11.096480000000001,598584904407254
1774150513249,2026-03-22 03:35:13.249,69353.0,0.00017,B,11.79001,39935138684793
1774150513249,2026-03-22 03:35:13.249,69354.0,0.00017,B,11.790180000000001,419127997135262
1774150513249,2026-03-22 03:35:13.249,69355.0,0.00017,B,11.79035,440413619155489
1774150513249,2026-03-22 03:35:13.249,69356.0,0.00016,B,11.096960000000001,1117457209369227
1774150513249,2026-03-22 03:35:13.249,69356.0,0.00017,B,11.79052,832468916667687
1774150513249,2026-03-22 03:35:13.249,69357.0,0.00015,B,10.40355,639127262346502
1774150513249,2026-03-22 03:35:13.249,69357.0,0.00017,B,11.790690000000001,33239845029955
1774150513249,2026-03-22 03:35:13.249,69358.0,0.003,B,208.074,587840110591852
1774150513249,2026-03-22 03:35:13.249,69358.0,0.00017,B,11.79086,558179263009872
1774150513249,2026-03-22 03:35:13.249,69359.0,0.00017,B,11.791030000000001,245617515254531
1774150513249,2026-03-22 03:35:13.249,69360.0,0.00016,B,11.097600000000002,988743720500762
1774150513249,2026-03-22 03:35:13.249,69360.0,0.00017,B,11.791200000000002,502286437277716
1774150513249,2026-03-22 03:35:13.249,69361.0,0.00017,B,11.79137,518991730730857
1774150513249,2026-03-22 03:35:13.249,69362.0,0.00015,B,10.4043,285241160888172
1774150513249,2026-03-22 03:35:13.249,69362.0,0.00017,B,11.791540000000001,724983499074770
1774150513249,2026-03-22 03:35:13.249,69363.0,0.00017,B,11.79171,521326342033645
1774150513249,2026-03-22 03:35:13.249,69364.0,0.00016,B,11.09824,799710189467247
1774150513249,2026-03-22 03:35:13.249,69364.0,0.00017,B,11.79188,260097067562970
1774150513249,2026-03-22 03:35:13.249,69365.0,0.00017,B,11.792050000000001,222083616296660
1774150513453,2026-03-22 03:35:13.453,69367.0,0.00015,B,10.40505,8068648162700
1774150513453,2026-03-22 03:35:13.453,69367.0,0.00016,B,11.09872,678972731891202
1774150513453,2026-03-22 03:35:13.453,69369.0,0.00022,B,15.261180000000001,231830797148017
1774150513453,2026-03-22 03:35:13.453,69370.0,0.00029,B,20.1173,233137703634974
1774150513453,2026-03-22 03:35:13.453,69371.0,0.00016,B,11.09936,371725150115546
1774150513453,2026-03-22 03:35:13.453,69374.0,0.00016,B,11.09984,160896058810864
1774150513453,2026-03-22 03:35:13.453,69375.0,0.00016,B,11.100000000000001,64206166346968
1774150513453,2026-03-22 03:35:13.453,69378.0,0.02432,B,1687.27296,782707730583150
1774150513453,2026-03-22 03:35:13.453,69378.0,0.02408,B,1670.6222400000001,740510863602084
1774150513453,2026-03-22 03:35:13.453,69379.0,0.00016,B,11.10064,112517038421330
1774150513453,2026-03-22 03:35:13.453,69381.0,0.00017,B,11.794770000000002,775201391562592
1774150513453,2026-03-22 03:35:13.453,69382.0,0.00016,B,11.101120000000002,893325098361092
1774150513453,2026-03-22 03:35:13.453,69383.0,0.00118,B,81.87194000000001,85676198204420
1774150513453,2026-03-22 03:35:13.453,69386.0,0.00016,B,11.10176,779493955451038
1774150513453,2026-03-22 03:35:13.453,69387.0,0.00645,B,447.54615,339948099794909
1774150513711,2026-03-22 03:35:13.711,69386.0,0.04324,B,3000.25064,346955200814779
1774150513711,2026-03-22 03:35:13.711,69386.0,0.00158,B,109.62988,230200385432671
1774150513870,2026-03-22 03:35:13.870,69385.0,0.011,A,763.2349999999999,91980850681482
1774150514427,2026-03-22 03:35:14.427,69385.0,0.07733,A,5365.54205,193162129747457
1774150514427,2026-03-22 03:35:14.427,69385.0,0.00037,A,25.67245,982959668734638
1774150515158,2026-03-22 03:35:15.158,69385.0,0.00955,A,662.62675,90303175092443
1774150515158,2026-03-22 03:35:15.158,69385.0,0.06818,A,4730.6693000000005,1085030831266235
1774150515289,2026-03-22 03:35:15.289,69386.0,0.00021,B,14.571060000000001,679389817981510
1774150515289,2026-03-22 03:35:15.289,69385.0,0.00089,A,61.752649999999996,969367761132531
1774150515289,2026-03-22 03:35:15.289,69385.0,0.00141,A,97.83285000000001,974550114969962
1774150515289,2026-03-22 03:35:15.289,69386.0,0.00015,B,10.4079,760672314231275
1774150515892,2026-03-22 03:35:15.892,69386.0,0.00027,B,18.73422,911946803797096
1774150515993,2026-03-22 03:35:15.993,69385.0,0.00068,A,47.1818,195406735606328
1774150516090,2026-03-22 03:35:16.090,69385.0,0.00028,A,19.427799999999998,686849730891879
1774150517082,2026-03-22 03:35:17.082,69385.0,0.00017,A,11.79545,1020724167958253
1774150518697,2026-03-22 03:35:18.697,69385.0,0.00992,A,688.2992,180069716404035
1774150518697,2026-03-22 03:35:18.697,69385.0,0.07587,A,5264.23995,789076507449122
1774150519009,2026-03-22 03:35:19.009,69385.0,0.014,A,971.39,220678819433321
1774150519161,2026-03-22 03:35:19.161,69384.0,0.00015,A,10.407599999999999,526316697359319
1774150519161,2026-03-22 03:35:19.161,69383.0,7e-05,A,4.856809999999999,353541325530443
1774150520171,2026-03-22 03:35:20.171,69384.0,0.22539,B,15638.45976,840540829703021
1774150520171,2026-03-22 03:35:20.171,69384.0,0.13328,B,9247.499520000001,999103435118109
1774150520171,2026-03-22 03:35:20.171,69384.0,0.1661,B,11524.6824,972318544450839
1774150520171,2026-03-22 03:35:20.171,69384.0,0.2981,B,20683.3704,743469789350324
1774150520171,2026-03-22 03:35:20.171,69384.0,0.29063,B,20165.07192,666953747443346
1774150520171,2026-03-22 03:35:20.171,69384.0,0.55313,B,38378.37192,1053107808384346
1774150520171,2026-03-22 03:35:20.171,69384.0,0.12,B,8326.08,879910886716458
1774150520171,2026-03-22 03:35:20.171,69385.0,0.12,B,8326.199999999999,326538898935772
1774150520171,2026-03-22 03:35:20.171,69386.0,0.00017,B,11.795620000000001,882704861434968
1774150520171,2026-03-22 03:35:20.171,69386.0,0.01188,B,824.30568,207434385848165
1774150520171,2026-03-22 03:35:20.171,69386.0,0.0023,B,159.5878,351370453778922
1774150520237,2026-03-22 03:35:20.237,69386.0,0.013,A,902.0179999999999,734151196112917
1774150520237,2026-03-22 03:35:20.237,69387.0,0.00017,B,11.79579,785979448639327
1774150520237,2026-03-22 03:35:20.237,69388.0,0.00017,B,11.795960000000001,221403331542797
1774150520237,2026-03-22 03:35:20.237,69389.0,0.00017,B,11.796130000000002,393105921919653
1774150520237,2026-03-22 03:35:20.237,69390.0,0.00016,B,11.102400000000001,605075540704065
1774150520237,2026-03-22 03:35:20.237,69390.0,0.00017,B,11.7963,163675358090916
1774150520237,2026-03-22 03:35:20.237,69391.0,0.00017,B,11.796470000000001,195422990118880
1774150520237,2026-03-22 03:35:20.237,69391.0,0.003,B,208.173,217548970951353
1774150520237,2026-03-22 03:35:20.237,69391.0,0.01891,B,1312.18381,377378101581416
1774150520237,2026-03-22 03:35:20.237,69392.0,0.00043,B,29.838559999999998,87356643517296
1774150520237,2026-03-22 03:35:20.237,69392.0,0.00017,B,11.79664,222830622889799
1774150520237,2026-03-22 03:35:20.237,69393.0,0.00016,B,11.10288,1111414262574593
1774150520237,2026-03-22 03:35:20.237,69393.0,0.00017,B,11.79681,381753110350182
1774150520237,2026-03-22 03:35:20.237,69393.0,0.00015,B,10.408949999999999,104767856048501
1774150520237,2026-03-22 03:35:20.237,69394.0,0.00017,B,11.796980000000001,58790491014464
1774150520237,2026-03-22 03:35:20.237,69394.0,0.001,B,69.394,670533198204153
1774150520237,2026-03-22 03:35:20.237,69395.0,0.00017,B,11.79715,135325971581265
1774150520237,2026-03-22 03:35:20.237,69396.0,0.00017,B,11.797320000000001,498297732679239
1774150520237,2026-03-22 03:35:20.237,69396.0,0.003,B,208.18800000000002,781035418588919
1774150520237,2026-03-22 03:35:20.237,69397.0,0.00016,B,11.103520000000001,1115859243726536
1774150520237,2026-03-22 03:35:20.237,69397.0,0.00017,B,11.797490000000002,807731049718762
1774150520237,2026-03-22 03:35:20.237,69398.0,0.00017,B,11.79766,715955368676579
1774150520237,2026-03-22 03:35:20.237,69399.0,0.00017,B,11.797830000000001,707218627439114
1774150520237,2026-03-22 03:35:20.237,69400.0,0.00016,B,11.104000000000001,1059658553513844
1774150520237,2026-03-22 03:35:20.237,69400.0,0.02766,B,1919.604,519433293731892
1774150520237,2026-03-22 03:35:20.237,69400.0,0.0013,B,90.22,244170969385507
1774150520590,2026-03-22 03:35:20.590,69399.0,0.00197,A,136.71603,859592883117078
1774150521060,2026-03-22 03:35:21.060,69399.0,0.00028,A,19.43172,230063475170583
1774150521424,2026-03-22 03:35:21.424,69399.0,0.00992,A,688.43808,144571076287942
1774150521424,2026-03-22 03:35:21.424,69396.0,0.00015,A,10.4094,753533888808522
1774150521539,2026-03-22 03:35:21.539,69394.0,0.003,A,208.18200000000002,351326677124888
1774150521669,2026-03-22 03:35:21.669,69389.0,0.003,A,208.167,504180472819585
1774150521669,2026-03-22 03:35:21.669,69388.0,0.001,A,69.388,164865280726591
1774150521827,2026-03-22 03:35:21.827,69386.0,0.0003,B,20.8158,925005006368949
1774150522080,2026-03-22 03:35:22.080,69385.0,0.00017,A,11.79545,955789508458652
1774150522205,2026-03-22 03:35:22.205,69384.0,0.02882,A,1999.6468799999998,797552716674844
1774150522205,2026-03-22 03:35:22.205,69383.0,0.0001,A,6.9383,222428180478950
1774150522205,2026-03-22 03:35:22.205,69382.0,0.00017,A,11.79494,317291501355411
1774150522205,2026-03-22 03:35:22.205,69381.0,0.00017,A,11.794770000000002,723839900657731
1774150522205,2026-03-22 03:35:22.205,69381.0,0.1,A,6938.1,406023655039373
1774150522205,2026-03-22 03:35:22.205,69381.0,0.00043,A,29.83383,782576170805634
1774150522205,2026-03-22 03:35:22.205,69381.0,0.05665,A,3930.43365,79966845779892
1774150522205,2026-03-22 03:35:22.205,69380.0,0.00017,A,11.7946,1058214091671508
1774150522205,2026-03-22 03:35:22.205,69380.0,0.00016,A,11.100800000000001,273963691008187
1774150522205,2026-03-22 03:35:22.205,69380.0,0.04783,A,3318.4453999999996,115852879696726
1774150522205,2026-03-22 03:35:22.205,69380.0,0.001,A,69.38,911285704815581
1774150522205,2026-03-22 03:35:22.205,69379.0,0.00017,A,11.79443,695822659506846
1774150522205,2026-03-22 03:35:22.205,69379.0,0.0969,A,6722.8251,810713192465220
1774150522205,2026-03-22 03:35:22.205,69378.0,0.00017,A,11.794260000000001,419355647322962
1774150522205,2026-03-22 03:35:22.205,69378.0,0.04894,A,3395.35932,34396240704030
1774150522205,2026-03-22 03:35:22.205,69377.0,0.00017,A,11.79409,117253400829077
1774150522205,2026-03-22 03:35:22.205,69377.0,0.01815,A,1259.19255,1109862612994053
1774150524342,2026-03-22 03:35:24.342,69379.0,0.00015,B,10.406849999999999,456138921390462
1774150524342,2026-03-22 03:35:24.342,69383.0,0.003,B,208.149,734291522000793
1774150524342,2026-03-22 03:35:24.342,69384.0,0.00101,B,70.07784000000001,273377594043727
1774150524342,2026-03-22 03:35:24.342,69388.0,0.003,B,208.16400000000002,619594885412812
1774150524342,2026-03-22 03:35:24.342,69390.0,0.001,B,69.39,911630541253696
1774150524342,2026-03-22 03:35:24.342,69390.0,0.00017,B,11.7963,19484214572617
1774150524342,2026-03-22 03:35:24.342,69390.0,0.00016,B,11.102400000000001,498350024375290
1774150524342,2026-03-22 03:35:24.342,69391.0,0.00017,B,11.796470000000001,625955586279709
1774150524342,2026-03-22 03:35:24.342,69392.0,0.00017,B,11.79664,541462584963505
1774150524342,2026-03-22 03:35:24.342,69393.0,0.00016,B,11.10288,160212790137471
1774150524342,2026-03-22 03:35:24.342,69393.0,0.00017,B,11.79681,284660178925613
1774150524342,2026-03-22 03:35:24.342,69394.0,0.00017,B,11.796980000000001,859897091323826
1774150524342,2026-03-22 03:35:24.342,69395.0,0.00017,B,11.79715,470923577526760
1774150524342,2026-03-22 03:35:24.342,69396.0,0.00017,B,11.797320000000001,439756163574806
1774150524342,2026-03-22 03:35:24.342,69397.0,0.00016,B,11.103520000000001,1107996248326605
1774150524342,2026-03-22 03:35:24.342,69397.0,0.00017,B,11.797490000000002,856475717940743
1774150524342,2026-03-22 03:35:24.342,69397.0,0.001,B,69.397,305041069028959
1774150524342,2026-03-22 03:35:24.342,69400.0,0.02104,B,1460.176,48835461245102
1774150524342,2026-03-22 03:35:24.342,69400.0,0.00017,B,11.798,1046372289087640
1774150524342,2026-03-22 03:35:24.342,69401.0,0.00016,B,11.10416,825066641139982
1774150524342,2026-03-22 03:35:24.342,69403.0,0.01152,B,799.52256,594710274795461
1774150524342,2026-03-22 03:35:24.342,69404.0,0.01326,B,920.2970399999999,851546357623637
1774150524523,2026-03-22 03:35:24.523,69404.0,0.04324,B,3001.02896,266549538017360
1774150524897,2026-03-22 03:35:24.897,69404.0,0.0095,B,659.338,740573435588321
1774150524897,2026-03-22 03:35:24.897,69404.0,0.0281,B,1950.2524,546399549371326
1774150525136,2026-03-22 03:35:25.136,69403.0,0.00022,A,15.26866,807852613420055
1774150525136,2026-03-22 03:35:25.136,69403.0,0.4,A,27761.2,756222875490647
1774150525575,2026-03-22 03:35:25.575,69404.0,0.00017,B,11.798680000000001,1094909520744078
1774150525751,2026-03-22 03:35:25.751,69404.0,0.00017,B,11.798680000000001,985133136725256
1774150525751,2026-03-22 03:35:25.751,69405.0,0.00017,B,11.798850000000002,340696774407703
1774150525751,2026-03-22 03:35:25.751,69406.0,0.00017,B,11.79902,64364214016129
1774150525751,2026-03-22 03:35:25.751,69406.0,0.00015,B,10.4109,523444089873804
1774150525751,2026-03-22 03:35:25.751,69407.0,0.00017,B,11.799190000000001,75234422241095
1774150525763,2026-03-22 03:35:25.763,69408.0,0.00016,B,11.10528,988408383941872
1774150525763,2026-03-22 03:35:25.763,69408.0,0.00017,B,11.79936,902904770818981
1774150525763,2026-03-22 03:35:25.763,69408.0,0.00072,B,49.973760000000006,843400191050371
1774150525763,2026-03-22 03:35:25.763,69409.0,0.003,B,208.227,443856170160028
1774150525763,2026-03-22 03:35:25.763,69409.0,0.00017,B,11.79953,691374392251936
1774150525763,2026-03-22 03:35:25.763,69410.0,0.00017,B,11.799700000000001,496351874490539
1774150525763,2026-03-22 03:35:25.763,69411.0,0.00017,B,11.79987,548449818289544
1774150525763,2026-03-22 03:35:25.763,69412.0,0.00016,B,11.105920000000001,1049121513576994
1774150525763,2026-03-22 03:35:25.763,69412.0,0.001,B,69.412,546008173686325
1774150525763,2026-03-22 03:35:25.763,69412.0,0.00017,B,11.800040000000001,159208586300810
1774150525763,2026-03-22 03:35:25.763,69413.0,0.00017,B,11.800210000000002,263884401482425
1774150526038,2026-03-22 03:35:26.038,69414.0,0.003,B,208.242,628960781803639
1774150526038,2026-03-22 03:35:26.038,69414.0,0.00017,B,11.80038,846552964346761
1774150526038,2026-03-22 03:35:26.038,69415.0,0.00016,B,11.1064,509766942212016
1774150526038,2026-03-22 03:35:26.038,69415.0,0.00017,B,11.800550000000001,1067345725798291
1774150526038,2026-03-22 03:35:26.038,69416.0,0.00017,B,11.80072,707250220605038
1774150526038,2026-03-22 03:35:26.038,69417.0,0.00043,B,29.84931,65269495846072
1774150526038,2026-03-22 03:35:26.038,69417.0,0.00017,B,11.80089,937150586480187
1774150526038,2026-03-22 03:35:26.038,69418.0,0.004,B,277.672,112637268890806
1774150526038,2026-03-22 03:35:26.038,69418.0,0.00017,B,11.801060000000001,1107588923200738
1774150526038,2026-03-22 03:35:26.038,69419.0,0.00016,B,11.107040000000001,974523931517274
1774150526038,2026-03-22 03:35:26.038,69419.0,0.00017,B,11.80123,776761486821063
1774150526038,2026-03-22 03:35:26.038,69420.0,0.00017,B,11.801400000000001,971544346087986
1774150526038,2026-03-22 03:35:26.038,69421.0,0.00017,B,11.801570000000002,9178497335099
1774150526038,2026-03-22 03:35:26.038,69422.0,0.004,B,277.688,539067155418160
1774150526038,2026-03-22 03:35:26.038,69422.0,0.00017,B,11.80174,553745214738427
1774150526038,2026-03-22 03:35:26.038,69423.0,0.00016,B,11.10768,769762333424146
1774150526038,2026-03-22 03:35:26.038,69423.0,0.00017,B,11.801910000000001,637620020977510
1774150526038,2026-03-22 03:35:26.038,69424.0,0.00016,B,11.107840000000001,932247563409485
1774150526038,2026-03-22 03:35:26.038,69426.0,0.0036,B,249.93359999999998,40092162794793
1774150526038,2026-03-22 03:35:26.038,69426.0,0.00016,B,11.108160000000002,178279596955656
1774150526038,2026-03-22 03:35:26.038,69426.0,0.001,B,69.426,786772628394982
1774150526038,2026-03-22 03:35:26.038,69430.0,0.00024,B,16.6632,1051271498484228
1774150526038,2026-03-22 03:35:26.038,69430.0,0.00016,B,11.1088,503581437107575
1774150526038,2026-03-22 03:35:26.038,69431.0,0.03807,B,2643.23817,949593115058041
1774150526038,2026-03-22 03:35:26.038,69431.0,0.01752,B,1216.43112,480434665205207
1774150526038,2026-03-22 03:35:26.038,69431.0,0.01065,B,739.44015,1036146367631036
1774150526038,2026-03-22 03:35:26.038,69431.0,0.43376,B,30116.39056,174576553235153
1774150526038,2026-03-22 03:35:26.038,69431.0,0.00016,B,11.108960000000002,1051367654141982
1774150526038,2026-03-22 03:35:26.038,69437.0,0.00016,B,11.10992,253806036708932
1774150526038,2026-03-22 03:35:26.038,69439.0,0.01152,B,799.9372800000001,43089216394221
1774150526038,2026-03-22 03:35:26.038,69440.0,0.00016,B,11.1104,212130998461067
1774150526038,2026-03-22 03:35:26.038,69440.0,0.00016,B,11.1104,557732958852412
1774150526038,2026-03-22 03:35:26.038,69440.0,0.00035,B,24.304,40032259002055
1774150526038,2026-03-22 03:35:26.038,69440.0,0.00016,B,11.1104,898092839670083
1774150526038,2026-03-22 03:35:26.038,69440.0,0.95039,B,65995.08159999999,630339205376832
1774150526038,2026-03-22 03:35:26.038,69445.0,0.00016,B,11.1112,141882506021604
1774150526038,2026-03-22 03:35:26.038,69446.0,0.00143,B,99.30778000000001,1013449383318604
1774150526038,2026-03-22 03:35:26.038,69448.0,0.00016,B,11.111680000000002,228423676360272
1774150526038,2026-03-22 03:35:26.038,69449.0,0.00016,B,11.11184,893981146686896
1774150526038,2026-03-22 03:35:26.038,69455.0,0.00016,B,11.112800000000002,995988523938045
1774150526038,2026-03-22 03:35:26.038,69455.0,0.004,B,277.82,513251950711019
1774150526038,2026-03-22 03:35:26.038,69456.0,0.00016,B,11.112960000000001,258042433796244
1774150526038,2026-03-22 03:35:26.038,69456.0,0.00229,B,159.05424,172174283907049
1774150526038,2026-03-22 03:35:26.038,69457.0,0.00287,B,199.34159000000002,287950240846299
1774150526038,2026-03-22 03:35:26.038,69458.0,0.004,B,277.832,300503198177397
1774150526038,2026-03-22 03:35:26.038,69459.0,0.00016,B,11.11344,773190557382966
1774150526038,2026-03-22 03:35:26.038,69460.0,0.00143,B,99.32780000000001,937195661231994
1774150526038,2026-03-22 03:35:26.038,69461.0,0.00015,B,10.419149999999998,601215135913975
1774150526038,2026-03-22 03:35:26.038,69462.0,0.003,B,208.386,833118435030922
1774150526038,2026-03-22 03:35:26.038,69463.0,0.00016,B,11.114080000000001,1050454174323803
1774150526038,2026-03-22 03:35:26.038,69465.0,0.00171,B,118.78515,336000008037313
1774150526124,2026-03-22 03:35:26.124,69463.0,0.02,B,1389.26,167710780997792
1774150526124,2026-03-22 03:35:26.124,69463.0,0.026,B,1806.038,192615205746656
1774150526124,2026-03-22 03:35:26.124,69463.0,0.02,B,1389.26,254957735229833
1774150526124,2026-03-22 03:35:26.124,69463.0,0.022,B,1528.186,966253627257001
1774150526124,2026-03-22 03:35:26.124,69463.0,0.022,B,1528.186,946901729542536
1774150526124,2026-03-22 03:35:26.124,69463.0,0.007,B,486.241,203420251396589
1774150526124,2026-03-22 03:35:26.124,69463.0,0.017,B,1180.871,882259138911782
1774150526233,2026-03-22 03:35:26.233,69463.0,0.02,B,1389.26,1011410685994964
1774150526233,2026-03-22 03:35:26.233,69463.0,0.013,B,903.019,445243371098280
1774150526233,2026-03-22 03:35:26.233,69463.0,0.021,B,1458.7230000000002,450235786388893
1774150526233,2026-03-22 03:35:26.233,69463.0,0.022,B,1528.186,783969672385411
1774150526233,2026-03-22 03:35:26.233,69463.0,0.00597,B,414.69410999999997,466782860106154
1774150526233,2026-03-22 03:35:26.233,69466.0,0.00046,B,31.95436,394358167772316
1774150526233,2026-03-22 03:35:26.233,69467.0,0.00016,B,11.11472,408879599144235
1774150526233,2026-03-22 03:35:26.233,69467.0,0.01041,B,723.15147,640099464316055
1774150526233,2026-03-22 03:35:26.233,69467.0,0.006,B,416.802,604316458862535
1774150526233,2026-03-22 03:35:26.233,69467.0,0.00536,B,372.34312,911057704558383
1774150526233,2026-03-22 03:35:26.233,69467.0,0.01164,B,808.59588,154230135743008
1774150526233,2026-03-22 03:35:26.233,69467.0,0.022,B,1528.274,1096555539797274
1774150526233,2026-03-22 03:35:26.233,69467.0,0.008,B,555.736,782323015555267
1774150526233,2026-03-22 03:35:26.233,69467.0,0.021,B,1458.807,605731522598557
1774150526362,2026-03-22 03:35:26.362,69447.0,0.009,B,625.0229999999999,824933596261977
1774150526362,2026-03-22 03:35:26.362,69447.0,0.04765,B,3309.1495499999996,361341230743108
1774150526362,2026-03-22 03:35:26.362,69458.0,0.021,B,1458.6180000000002,423336741266270
1774150526362,2026-03-22 03:35:26.362,69458.0,0.014,B,972.412,961562882083773
1774150526362,2026-03-22 03:35:26.362,69458.0,0.012,B,833.496,364768414726243
1774150526553,2026-03-22 03:35:26.553,69456.0,0.015,B,1041.84,1106011538333218
1774150526553,2026-03-22 03:35:26.553,69456.0,0.014,B,972.384,638931082442168
1774150527055,2026-03-22 03:35:27.055,69461.0,0.00017,A,11.80837,230339202981469
1774150527055,2026-03-22 03:35:27.055,69461.0,0.01661,A,1153.74721,961800286668897
1774150527055,2026-03-22 03:35:27.055,69463.0,2e-05,B,1.3892600000000002,106509399902811
1774150527077,2026-03-22 03:35:27.077,69463.0,0.00026,B,18.06038,246256455063344
1774150527182,2026-03-22 03:35:27.182,69463.0,0.03268,B,2270.05084,591850095451261
1774150527679,2026-03-22 03:35:27.679,69462.0,0.00017,A,11.80854,1080076091975427
1774150527679,2026-03-22 03:35:27.679,69461.0,0.00017,A,11.80837,1101102516545188
1774150527679,2026-03-22 03:35:27.679,69460.0,5e-05,A,3.4730000000000003,232072282749269
1774150527679,2026-03-22 03:35:27.679,69460.0,0.00012,A,8.3352,1114897298723528
1774150527679,2026-03-22 03:35:27.679,69459.0,0.00017,A,11.80803,606011915057675
1774150527679,2026-03-22 03:35:27.679,69458.0,0.00017,A,11.807860000000002,146805809594952
1774150527679,2026-03-22 03:35:27.679,69458.0,0.00015,A,10.4187,118676214203259
1774150527679,2026-03-22 03:35:27.679,69457.0,0.00017,A,11.807690000000001,1083931696535307
1774150527679,2026-03-22 03:35:27.679,69456.0,0.00017,A,11.80752,733374163007136
1774150527679,2026-03-22 03:35:27.679,69455.0,0.00017,A,11.807350000000001,964109347064708
1774150527870,2026-03-22 03:35:27.870,69455.0,0.00023,B,15.97465,1089846511708007
1774150527917,2026-03-22 03:35:27.917,69454.0,0.00017,A,11.80718,133894418922813
1774150527917,2026-03-22 03:35:27.917,69454.0,1e-05,A,0.69454,366522650323799
1774150527917,2026-03-22 03:35:27.917,69454.0,0.00014,A,9.723559999999999,535618204007317
1774150527917,2026-03-22 03:35:27.917,69454.0,0.00027,A,18.752580000000002,771696671627589
1774150527917,2026-03-22 03:35:27.917,69455.0,0.005,B,347.27500000000003,534595831398934
1774150527917,2026-03-22 03:35:27.917,69455.0,0.005,B,347.27500000000003,130545428906774
1774150527917,2026-03-22 03:35:27.917,69455.0,0.011,B,764.005,451319780587237
1774150527917,2026-03-22 03:35:27.917,69455.0,0.0129,B,895.9695,166615715665713
1774150527917,2026-03-22 03:35:27.917,69455.0,0.013,B,902.915,786838050080015
1774150527917,2026-03-22 03:35:27.917,69455.0,0.014,B,972.37,1032655029558158
1774150527917,2026-03-22 03:35:27.917,69455.0,0.0393,B,2729.5815000000002,1013439723812442
1774150528104,2026-03-22 03:35:28.104,69453.0,0.00017,A,11.80701,49531803559600
1774150528104,2026-03-22 03:35:28.104,69452.0,0.00017,A,11.806840000000001,566944294919462
1774150528104,2026-03-22 03:35:28.104,69451.0,9e-05,A,6.250590000000001,865234420015666
1774150528104,2026-03-22 03:35:28.104,69455.0,0.0003,B,20.836499999999997,986120128324864
1774150528268,2026-03-22 03:35:28.268,69451.0,8e-05,A,5.556080000000001,257524827498946
1774150528268,2026-03-22 03:35:28.268,69451.0,0.00015,A,10.417649999999998,730521262937558
1774150528268,2026-03-22 03:35:28.268,69450.0,0.00017,A,11.806500000000002,101218265647210
1774150528268,2026-03-22 03:35:28.268,69452.0,0.00287,B,199.32724000000002,1028270804744255
1774150528312,2026-03-22 03:35:28.312,69449.0,0.00017,A,11.80633,847239821531730
1774150528312,2026-03-22 03:35:28.312,69448.0,0.00017,A,11.80616,692190472451775
1774150528312,2026-03-22 03:35:28.312,69447.0,0.00017,A,11.805990000000001,1016813932986965
1774150528312,2026-03-22 03:35:28.312,69446.0,0.00016,A,11.111360000000001,1048174540532059
1774150528312,2026-03-22 03:35:28.312,69446.0,0.00015,A,10.416899999999998,681094442361412
1774150528501,2026-03-22 03:35:28.501,69445.0,2e-05,A,1.3889,1115787941693174
1774150528501,2026-03-22 03:35:28.501,69445.0,0.00015,A,10.416749999999999,430306349703191
1774150528501,2026-03-22 03:35:28.501,69444.0,0.00017,A,11.805480000000001,1050938916838904
1774150528501,2026-03-22 03:35:28.501,69443.0,0.00017,A,11.80531,678529159532410
1774150528501,2026-03-22 03:35:28.501,69442.0,0.00087,A,60.41454,935248613076785
1774150528501,2026-03-22 03:35:28.501,69442.0,0.001,A,69.44200000000001,376165901732023
1774150529078,2026-03-22 03:35:29.078,69441.0,0.00016,B,11.110560000000001,209638938548231
1774150529162,2026-03-22 03:35:29.162,69440.0,0.01823,A,1265.8912,367436316785432
1774150529162,2026-03-22 03:35:29.162,69441.0,0.00259,B,179.85218999999998,1104809425389905
1774150529162,2026-03-22 03:35:29.162,69440.0,0.08177,A,5678.1088,871841268526821
1774150529162,2026-03-22 03:35:29.162,69440.0,0.00017,A,11.8048,877134130095026
1774150529162,2026-03-22 03:35:29.162,69440.0,0.07723,A,5362.851199999999,606263497662247
1774150529162,2026-03-22 03:35:29.162,69440.0,0.07601,A,5278.1344,736958116814344
1774150529162,2026-03-22 03:35:29.162,69439.0,0.002,A,138.87800000000001,147898673979490
1774150529162,2026-03-22 03:35:29.162,69439.0,0.05665,A,3933.71935,96214386292706
1774150529162,2026-03-22 03:35:29.162,69439.0,0.00017,A,11.804630000000001,1092340712603480
1774150529162,2026-03-22 03:35:29.162,69438.0,0.00017,A,11.80446,1082544911385528
1774150529162,2026-03-22 03:35:29.162,69437.0,0.00017,A,11.804290000000002,108517986087060
1774150529162,2026-03-22 03:35:29.162,69436.0,0.00017,A,11.804120000000001,379713947810400
1774150529162,2026-03-22 03:35:29.162,69435.0,0.00015,A,10.415249999999999,755068520982862
1774150529162,2026-03-22 03:35:29.162,69435.0,0.00017,A,11.80395,662515754215310
1774150529162,2026-03-22 03:35:29.162,69434.0,0.00017,A,11.803780000000001,45126505041391
1774150529162,2026-03-22 03:35:29.162,69433.0,0.01152,A,799.8681600000001,634266004140804
1774150529162,2026-03-22 03:35:29.162,69433.0,0.00017,A,11.80361,918153935115614
1774150529162,2026-03-22 03:35:29.162,69433.0,0.09331,A,6478.79323,999449995219563
1774150529992,2026-03-22 03:35:29.992,69434.0,0.00016,B,11.109440000000001,808472949857890
1774150530543,2026-03-22 03:35:30.543,69433.0,0.01874,A,1301.17442,658922689241278
1774150530543,2026-03-22 03:35:30.543,69433.0,0.29641,A,20580.63553,306404689060717
1774150530543,2026-03-22 03:35:30.543,69433.0,0.0547,A,3797.9851,121918873004201
1774150530543,2026-03-22 03:35:30.543,69433.0,0.03015,A,2093.40495,640043546841613
1774150530543,2026-03-22 03:35:30.543,69433.0,0.00075,A,52.07475,482257965768982
1774150531205,2026-03-22 03:35:31.205,69434.0,0.00017,B,11.803780000000001,336186580966921
1774150531205,2026-03-22 03:35:31.205,69435.0,0.00015,B,10.415249999999999,1004755729940197
1774150531205,2026-03-22 03:35:31.205,69435.0,0.00017,B,11.80395,74740550529650
1774150531205,2026-03-22 03:35:31.205,69436.0,0.00017,B,11.804120000000001,832276416486535
1774150531205,2026-03-22 03:35:31.205,69437.0,0.00017,B,11.804290000000002,999901294375224
1774150531205,2026-03-22 03:35:31.205,69438.0,0.00017,B,11.80446,1081291167676896
1774150531205,2026-03-22 03:35:31.205,69439.0,0.05108,B,3546.94412,329895368715264
1774150531306,2026-03-22 03:35:31.306,69439.0,0.04322,B,3001.15358,1019337648881073
1774150531411,2026-03-22 03:35:31.411,69439.0,0.0024,B,166.65359999999998,588088829918060
1774150531820,2026-03-22 03:35:31.820,69438.0,0.00017,A,11.80446,38154043210166
1774150532362,2026-03-22 03:35:32.362,69439.0,0.003,B,208.317,803644669132505
1774150532362,2026-03-22 03:35:32.362,69439.0,0.00017,B,11.804630000000001,878202163291013
1774150532362,2026-03-22 03:35:32.362,69440.0,0.00017,B,11.8048,816417325634531
1774150532362,2026-03-22 03:35:32.362,69441.0,0.00017,B,11.80497,189021556837338
1774150532415,2026-03-22 03:35:32.415,69441.0,0.35,A,24304.35,623008410657584
1774150532415,2026-03-22 03:35:32.415,69441.0,0.05,A,3472.05,460960879891014
1774150532415,2026-03-22 03:35:32.415,69442.0,0.00017,B,11.805140000000002,423426366221596
1774150532585,2026-03-22 03:35:32.585,69443.0,0.00017,B,11.80531,27778836965834
1774150532585,2026-03-22 03:35:32.585,69444.0,0.003,B,208.332,324855085329950
1774150532585,2026-03-22 03:35:32.585,69444.0,0.00017,B,11.805480000000001,1064137765826271
1774150532585,2026-03-22 03:35:32.585,69445.0,0.00017,B,11.80565,114540529365674
1774150532585,2026-03-22 03:35:32.585,69445.0,0.00015,B,10.416749999999999,45723060652742
1774150532585,2026-03-22 03:35:32.585,69446.0,0.00017,B,11.80582,664014676266626
1774150532585,2026-03-22 03:35:32.585,69447.0,0.00017,B,11.805990000000001,164821167049461
1774150532585,2026-03-22 03:35:32.585,69448.0,0.00017,B,11.80616,460869189653904
1774150532585,2026-03-22 03:35:32.585,69449.0,0.00017,B,11.80633,332450350388213
1774150532585,2026-03-22 03:35:32.585,69449.0,0.003,B,208.347,747857700720120
1774150532585,2026-03-22 03:35:32.585,69450.0,0.00015,B,10.417499999999999,750058288634308
1774150532585,2026-03-22 03:35:32.585,69450.0,0.00017,B,11.806500000000002,424835479163336
1774150532585,2026-03-22 03:35:32.585,69451.0,0.00017,B,11.80667,836123725315401
1774150532585,2026-03-22 03:35:32.585,69452.0,0.00017,B,11.806840000000001,48387914261914
1774150532585,2026-03-22 03:35:32.585,69453.0,0.00017,B,11.80701,992577637109811
1774150532585,2026-03-22 03:35:32.585,69454.0,0.00017,B,11.80718,418084288330596
1774150532585,2026-03-22 03:35:32.585,69455.0,0.00015,B,10.418249999999999,946173186365042
1774150532585,2026-03-22 03:35:32.585,69455.0,0.00017,B,11.807350000000001,60416431343148
1774150532585,2026-03-22 03:35:32.585,69456.0,0.00016,B,11.112960000000001,424018482578740
1774150532585,2026-03-22 03:35:32.585,69456.0,0.00017,B,11.80752,375830354379356
1774150532585,2026-03-22 03:35:32.585,69456.0,0.01008,B,700.11648,859278598348624
1774150532585,2026-03-22 03:35:32.585,69457.0,0.00017,B,11.807690000000001,816327946894574
1774150532585,2026-03-22 03:35:32.585,69458.0,0.00017,B,11.807860000000002,1097853263566611
1774150532585,2026-03-22 03:35:32.585,69459.0,0.00016,B,11.11344,106078635193133
1774150532585,2026-03-22 03:35:32.585,69459.0,0.001,B,69.459,984250180356219
1774150532585,2026-03-22 03:35:32.585,69460.0,0.00015,B,10.418999999999999,757808647719299
1774150532585,2026-03-22 03:35:32.585,69462.0,0.03628,B,2520.08136,206779485026334
1774150532585,2026-03-22 03:35:32.585,69462.0,0.01051,B,730.04562,716459357010346
1774150532634,2026-03-22 03:35:32.634,69462.0,0.00026,B,18.060119999999998,92863074673045
1774150532975,2026-03-22 03:35:32.975,69461.0,0.0855,A,5938.9155,1125832512430168
1774150532975,2026-03-22 03:35:32.975,69461.0,0.06662,A,4627.49182,496782799221327
1774150532975,2026-03-22 03:35:32.975,69461.0,0.00665,A,461.91564999999997,40634733113570
1774150533417,2026-03-22 03:35:33.417,69463.0,0.00016,B,11.114080000000001,1122514022126063
1774150533417,2026-03-22 03:35:33.417,69465.0,6e-05,B,4.1679,917501409788400
1774150533602,2026-03-22 03:35:33.602,69465.0,0.03267,B,2269.42155,229325963524288
1774150533602,2026-03-22 03:35:33.602,69464.0,0.04,A,2778.56,799185909886340
1774150533837,2026-03-22 03:35:33.837,69465.0,0.00017,B,11.809050000000001,231147210383901
1774150534310,2026-03-22 03:35:34.310,69464.0,0.05006,A,3477.36784,1114890202264409
1774150534310,2026-03-22 03:35:34.310,69464.0,0.15735,A,10930.160399999999,1116812953916102
1774150534310,2026-03-22 03:35:34.310,69464.0,0.19259,A,13378.07176,725490276687743
1774150534310,2026-03-22 03:35:34.310,69464.0,0.05761,A,4001.8210400000003,653510547986351
1774150534466,2026-03-22 03:35:34.466,69465.0,0.00017,B,11.809050000000001,165859774890218
1774150534656,2026-03-22 03:35:34.656,69464.0,0.00072,A,50.01408,258611741449144
1774150535021,2026-03-22 03:35:35.021,69464.0,0.00142,A,98.63888,535354608576508
1774150535500,2026-03-22 03:35:35.500,69464.0,0.00013,A,9.03032,331805388291507
1774150535500,2026-03-22 03:35:35.500,69464.0,0.1648,A,11447.6672,100952605243834
1774150535500,2026-03-22 03:35:35.500,69464.0,0.35,A,24312.399999999998,1097451238312602
1774150535500,2026-03-22 03:35:35.500,69464.0,0.18502,A,12852.22928,286662822396560
1774150535500,2026-03-22 03:35:35.500,69464.0,0.3393,A,23569.1352,559351233575349
1774150535500,2026-03-22 03:35:35.500,69464.0,0.35,A,24312.399999999998,710366013867985
1774150535500,2026-03-22 03:35:35.500,69464.0,0.05317,A,3693.40088,1079557106933371
1774150535500,2026-03-22 03:35:35.500,69465.0,0.00017,B,11.809050000000001,882363875664771
1774150535500,2026-03-22 03:35:35.500,69465.0,0.0002,B,13.893,134247678304275
1774150535500,2026-03-22 03:35:35.500,69465.0,0.00696,B,483.4764,1048926498318049
1774150535500,2026-03-22 03:35:35.500,69465.0,0.07066,B,4908.3969,526675968328654
1774150535500,2026-03-22 03:35:35.500,69466.0,0.00017,B,11.809220000000002,1084469208197140
1774150535500,2026-03-22 03:35:35.500,69467.0,0.00017,B,11.80939,142423269312378
1774150535500,2026-03-22 03:35:35.500,69468.0,0.00017,B,11.809560000000001,524235896918553
1774150535500,2026-03-22 03:35:35.500,69468.0,0.00015,B,10.4202,297109746252582
1774150535500,2026-03-22 03:35:35.500,69469.0,0.00017,B,11.80973,46715456906261
1774150535500,2026-03-22 03:35:35.500,69470.0,0.0006,B,41.681999999999995,851097916035483
1774150535500,2026-03-22 03:35:35.500,69470.0,0.00017,B,11.8099,248435337773853
1774150535500,2026-03-22 03:35:35.500,69471.0,0.00016,B,11.11536,731539640010720
1774150535500,2026-03-22 03:35:35.500,69471.0,0.00017,B,11.810070000000001,397591142109899
1774150535500,2026-03-22 03:35:35.500,69472.0,0.00017,B,11.81024,906163462413227
1774150535500,2026-03-22 03:35:35.500,69473.0,0.00017,B,11.810410000000001,879559343462805
1774150535500,2026-03-22 03:35:35.500,69473.0,0.003,B,208.419,75755856625780
1774150535500,2026-03-22 03:35:35.500,69474.0,0.00016,B,11.11584,864693625628081
1774150535500,2026-03-22 03:35:35.500,69474.0,0.00017,B,11.810580000000002,139994726668604
1774150535500,2026-03-22 03:35:35.500,69475.0,0.00017,B,11.81075,144120731451181
1774150535500,2026-03-22 03:35:35.500,69475.0,0.003,B,208.425,593703743230137
1774150535500,2026-03-22 03:35:35.500,69476.0,0.00017,B,11.810920000000001,989934396658027
1774150535500,2026-03-22 03:35:35.500,69477.0,0.00016,B,11.116320000000002,32339551447842
1774150535500,2026-03-22 03:35:35.500,69477.0,0.00017,B,11.81109,438609203403384
1774150535500,2026-03-22 03:35:35.500,69478.0,0.00017,B,11.81126,484037255596887
1774150535500,2026-03-22 03:35:35.500,69479.0,0.00017,B,11.811430000000001,878130756858085
1774150535500,2026-03-22 03:35:35.500,69480.0,0.00016,B,11.116800000000001,1049921678891989
1774150535500,2026-03-22 03:35:35.500,69480.0,0.00121,B,84.07079999999999,482714424738356
1774150535500,2026-03-22 03:35:35.500,69480.0,0.00017,B,11.8116,236327202407442
1774150535500,2026-03-22 03:35:35.500,69481.0,0.0048,B,333.50879999999995,748420452170582
1774150535500,2026-03-22 03:35:35.500,69481.0,0.00017,B,11.811770000000001,392303292779718
1774150535500,2026-03-22 03:35:35.500,69482.0,0.00016,B,11.117120000000002,664503874185716
1774150535500,2026-03-22 03:35:35.500,69482.0,0.00017,B,11.811940000000002,873075444366587
1774150535500,2026-03-22 03:35:35.500,69483.0,0.00017,B,11.81211,810951999714103
1774150535500,2026-03-22 03:35:35.500,69484.0,0.00017,B,11.812280000000001,847141088480140
1774150535500,2026-03-22 03:35:35.500,69485.0,0.00016,B,11.117600000000001,1089588828454876
1774150535500,2026-03-22 03:35:35.500,69486.0,0.00016,B,11.11776,1104561673955115
1774150535500,2026-03-22 03:35:35.500,69489.0,0.00016,B,11.11824,270579052522395
1774150535500,2026-03-22 03:35:35.500,69489.0,0.02242,B,1557.94338,466417429727422
1774150535500,2026-03-22 03:35:35.500,69492.0,0.004,B,277.968,541821701353604
1774150535500,2026-03-22 03:35:35.500,69493.0,0.00016,B,11.11888,1052171889920948
1774150535500,2026-03-22 03:35:35.500,69493.0,0.21588,B,15002.14884,731675533041280
1774150535550,2026-03-22 03:35:35.550,69495.0,0.004,B,277.98,892919012161860
1774150535550,2026-03-22 03:35:35.550,69495.0,0.053,B,3683.2349999999997,125428143391781
1774150536082,2026-03-22 03:35:36.082,69495.0,0.01,B,694.95,998737938046863
1774150536283,2026-03-22 03:35:36.283,69487.0,0.00033,B,22.93071,986196614329325
1774150536688,2026-03-22 03:35:36.688,69487.0,0.00037,B,25.71019,247176105677409
1774150536753,2026-03-22 03:35:36.753,69486.0,0.00017,A,11.81262,736141439659054
1774150536753,2026-03-22 03:35:36.753,69485.0,0.00017,A,11.81245,997024239481844
1774150536753,2026-03-22 03:35:36.753,69484.0,0.00017,A,11.812280000000001,76732122720828
1774150536753,2026-03-22 03:35:36.753,69483.0,0.00017,A,11.81211,623104576726101
1774150536753,2026-03-22 03:35:36.753,69482.0,0.00015,A,10.4223,1113761608216440
1774150536753,2026-03-22 03:35:36.753,69482.0,0.001,A,69.482,732911547757454
1774150536753,2026-03-22 03:35:36.753,69482.0,0.02878,A,1999.69196,491514622172323
1774150536753,2026-03-22 03:35:36.753,69478.0,0.05665,A,3935.9287,623213170195982
1774150536753,2026-03-22 03:35:36.753,69475.0,0.02878,A,1999.4905,182165296729917
1774150536753,2026-03-22 03:35:36.753,69473.0,0.001,A,69.473,2187487196154
1774150536753,2026-03-22 03:35:36.753,69473.0,0.066,A,4585.218,654860006339793
1774150536753,2026-03-22 03:35:36.753,69472.0,0.00016,A,11.11552,1028722627431313
1774150536753,2026-03-22 03:35:36.753,69471.0,0.01151,A,799.6112099999999,1101170753806040
1774150536753,2026-03-22 03:35:36.753,69470.0,0.07194,A,4997.6718,857533753409752
1774150536753,2026-03-22 03:35:36.753,69470.0,0.09476,A,6582.977199999999,260807778204734
1774150536753,2026-03-22 03:35:36.753,69469.0,0.03859,A,2680.80871,761979391784510
1774150536825,2026-03-22 03:35:36.825,69469.0,0.00046,A,31.955740000000002,1053602003447427
1774150536825,2026-03-22 03:35:36.825,69487.0,0.02251,B,1564.15237,460089624379150
1774150536883,2026-03-22 03:35:36.883,69470.0,0.00029,B,20.1463,263389404483501
1774150537154,2026-03-22 03:35:37.154,69470.0,0.00015,B,10.420499999999999,516298373030717
1774150538057,2026-03-22 03:35:38.057,69470.0,0.00016,B,11.115200000000002,270462875692824
1774150538109,2026-03-22 03:35:38.109,69470.0,0.01397,B,970.4959,1102812860673089
1774150538109,2026-03-22 03:35:38.109,69470.0,0.00143,B,99.3421,921410686131173
1774150538109,2026-03-22 03:35:38.109,69470.0,0.00716,B,497.4052,679067260471933
1774150538109,2026-03-22 03:35:38.109,69469.0,0.0372,A,2584.2468,704860344544796
1774150538169,2026-03-22 03:35:38.169,69470.0,0.00015,B,10.420499999999999,558910918922653
1774150538169,2026-03-22 03:35:38.169,69470.0,0.00028,B,19.4516,1035613785476772
1774150538311,2026-03-22 03:35:38.311,69469.0,0.1931,A,13414.463899999999,652420516355027
1774150538311,2026-03-22 03:35:38.311,69468.0,0.00015,A,10.4202,6073534326105
1774150538311,2026-03-22 03:35:38.311,69464.0,0.00017,A,11.80888,49648351571995
1774150538311,2026-03-22 03:35:38.311,69463.0,0.00017,A,11.808710000000001,8942015625490
1774150538311,2026-03-22 03:35:38.311,69462.0,0.00017,A,11.80854,268236649292274
1774150538311,2026-03-22 03:35:38.311,69462.0,0.001,A,69.462,620008973954354
1774150538311,2026-03-22 03:35:38.311,69461.0,0.17137,A,11903.53157,368599291301660
1774150538311,2026-03-22 03:35:38.311,69461.0,0.01151,A,799.4961099999999,802920510380733
1774150538311,2026-03-22 03:35:38.311,69461.0,0.00017,A,11.80837,1071002358929361
1774150538311,2026-03-22 03:35:38.311,69461.0,0.00015,A,10.419149999999998,695180873274851
1774150538311,2026-03-22 03:35:38.311,69460.0,0.00016,A,11.113600000000002,642155871904866
1774150538311,2026-03-22 03:35:38.311,69460.0,0.00017,A,11.808200000000001,1115932726089699
1774150538311,2026-03-22 03:35:38.311,69459.0,0.00017,A,11.80803,743632373292461
1774150538311,2026-03-22 03:35:38.311,69458.0,0.004,A,277.832,1015809823265667
1774150538311,2026-03-22 03:35:38.311,69458.0,0.00017,A,11.807860000000002,12987258920804
1774150538311,2026-03-22 03:35:38.311,69457.0,0.00016,A,11.11312,1091865256116358
1774150538311,2026-03-22 03:35:38.311,69457.0,0.00017,A,11.807690000000001,947584904450755
1774150538311,2026-03-22 03:35:38.311,69457.0,0.01704,A,1183.54728,743801593399997
1774150538372,2026-03-22 03:35:38.372,69458.0,0.00043,B,29.86694,381382594745614
1774150538372,2026-03-22 03:35:38.372,69458.0,0.00017,B,11.807860000000002,187889309987272
1774150538917,2026-03-22 03:35:38.917,69462.0,0.07364,B,5115.18168,614311152509224
1774150538917,2026-03-22 03:35:38.917,69462.0,0.07364,B,5115.18168,374401061585396
1774150538917,2026-03-22 03:35:38.917,69462.0,0.07364,B,5115.18168,165975426785493
1774150538917,2026-03-22 03:35:38.917,69462.0,0.07364,B,5115.18168,1103192344028137
1774150538917,2026-03-22 03:35:38.917,69462.0,0.0648,B,4501.1376,396787821262714
1774150538917,2026-03-22 03:35:38.917,69462.0,0.00884,B,614.04408,555495549812594
1774150538917,2026-03-22 03:35:38.917,69463.0,0.14729,B,10231.20527,332801196811349
1774150538917,2026-03-22 03:35:38.917,69463.0,0.14729,B,10231.20527,512132248188506
1774150538917,2026-03-22 03:35:38.917,69465.0,0.321,B,22298.265,233571840846087
1774150538917,2026-03-22 03:35:38.917,69466.0,0.27803,B,19313.63198,251387814094269
1774150538917,2026-03-22 03:35:38.917,69466.0,0.10074,B,6998.00484,72602125844716
1774150538917,2026-03-22 03:35:38.917,69466.0,0.321,B,22298.586,970470489346360
1774150538917,2026-03-22 03:35:38.917,69467.0,0.37877,B,26312.01559,1097491164976326
1774150538917,2026-03-22 03:35:38.917,69469.0,0.321,B,22299.549,63803451031217
1774150538917,2026-03-22 03:35:38.917,69470.0,0.01,B,694.7,36881016593519
1774150538917,2026-03-22 03:35:38.917,69470.0,0.01,B,694.7,656493475037677
1774150538917,2026-03-22 03:35:38.917,69471.0,0.00015,B,10.420649999999998,130622328986124
1774150538973,2026-03-22 03:35:38.973,69475.0,0.003,B,208.425,1099802940611596
1774150538973,2026-03-22 03:35:38.973,69480.0,0.003,B,208.44,714054016069215
1774150538973,2026-03-22 03:35:38.973,69486.0,0.00016,B,11.11776,789356659311961
1774150538973,2026-03-22 03:35:38.973,69487.0,0.05384,B,3741.18008,1028719449019819
1774150539337,2026-03-22 03:35:39.337,69489.0,4e-05,B,2.77956,339612456611253
1774150539543,2026-03-22 03:35:39.543,69488.0,0.0392,A,2723.9296,100534550450711
1774150539576,2026-03-22 03:35:39.576,69488.0,0.00023,A,15.982240000000001,477982107104618
1774150539576,2026-03-22 03:35:39.576,69488.0,0.001,A,69.488,1020024679091204
1774150539576,2026-03-22 03:35:39.576,69489.0,0.00096,B,66.70944,818862199815328
1774150539576,2026-03-22 03:35:39.576,69489.0,0.00034,B,23.626260000000002,675082325828543
1774150539576,2026-03-22 03:35:39.576,69489.0,0.00066,B,45.86274,798109161260183
1774150539576,2026-03-22 03:35:39.576,69491.0,0.00029,B,20.15239,884251529493488
1774150539576,2026-03-22 03:35:39.576,69491.0,0.00255,B,177.20205,228858778942981
1774150539576,2026-03-22 03:35:39.576,69488.0,0.00424,A,294.62912,4024370762198
1774150539576,2026-03-22 03:35:39.576,69488.0,0.005,A,347.44,473793264244761
1774150539576,2026-03-22 03:35:39.576,69491.0,0.02623,B,1822.74893,700748362499637
1774150539576,2026-03-22 03:35:39.576,69491.0,0.01097,B,762.31627,361562086871733
1774150539576,2026-03-22 03:35:39.576,69491.0,0.0392,B,2724.0472,766145284873902
1774150539576,2026-03-22 03:35:39.576,69491.0,0.04598,B,3195.19618,48318779330569
1774150539576,2026-03-22 03:35:39.576,69491.0,0.0629,B,4370.9839,834374682315367
1774150539576,2026-03-22 03:35:39.576,69491.0,0.05684,B,3949.86844,377690979403275
1774150539576,2026-03-22 03:35:39.576,69491.0,0.01916,B,1331.44756,667430697186352
1774150539576,2026-03-22 03:35:39.576,69491.0,0.00502,B,348.84482,1118133222949255
1774150539576,2026-03-22 03:35:39.576,69491.0,0.00408,B,283.52328,618635137558759
1774150539576,2026-03-22 03:35:39.576,69491.0,0.22042,B,15317.20622,567555086721752
1774150539576,2026-03-22 03:35:39.576,69492.0,0.39063,B,27145.659959999997,675946281299318
1774150539576,2026-03-22 03:35:39.576,69493.0,0.01151,B,799.86443,176828839771906
1774150539576,2026-03-22 03:35:39.576,69493.0,0.11986,B,8329.43098,14036713886770
1774150539576,2026-03-22 03:35:39.576,69494.0,0.71963,B,50009.96722,181299592010532
1774150539576,2026-03-22 03:35:39.576,69495.0,0.066,B,4586.67,135198123518243
1774150539576,2026-03-22 03:35:39.576,69495.0,0.01748,B,1214.7726,725068929855398
1774150539576,2026-03-22 03:35:39.576,69495.0,0.00029,B,20.15355,960363588983148
1774150539576,2026-03-22 03:35:39.576,69496.0,0.5037,B,35005.135200000004,104086278654899
1774150539576,2026-03-22 03:35:39.576,69497.0,0.05291,B,3677.08627,880660453273965
1774150539576,2026-03-22 03:35:39.576,69497.0,0.07517,B,5224.08949,676622259405108
1774150539576,2026-03-22 03:35:39.576,69498.0,0.01151,B,799.92198,962368392377365
1774150539576,2026-03-22 03:35:39.576,69498.0,0.02877,B,1999.45746,533282649094517
1774150539576,2026-03-22 03:35:39.576,69498.0,0.5037,B,35006.1426,753084255462213
1774150539576,2026-03-22 03:35:39.576,69499.0,0.00029,B,20.15471,767529739210505
1774150539576,2026-03-22 03:35:39.576,69499.0,1.4392,B,100022.9608,132060906504332
1774150539576,2026-03-22 03:35:39.576,69499.0,2.2827,B,158645.3673,490076221620772
1774150539576,2026-03-22 03:35:39.576,69499.0,0.00029,B,20.15471,952618925145198
1774150539576,2026-03-22 03:35:39.576,69500.0,0.01,B,695.0,773542164959053
1774150539576,2026-03-22 03:35:39.576,69500.0,0.00096,B,66.72,574807370925517
1774150539576,2026-03-22 03:35:39.576,69500.0,0.00271,B,188.345,638852062526491
1774150539576,2026-03-22 03:35:39.576,69500.0,0.00097,B,67.415,633824727089683
1774150539576,2026-03-22 03:35:39.576,69500.0,0.00237,B,164.715,880587256054493
1774150539576,2026-03-22 03:35:39.576,69500.0,0.23076,B,16037.82,767202017000131
1774150539576,2026-03-22 03:35:39.576,69500.0,0.005,B,347.5,400168952717152
1774150539576,2026-03-22 03:35:39.576,69500.0,0.01007,B,699.865,596872412719240
1774150539576,2026-03-22 03:35:39.576,69500.0,0.02877,B,1999.515,157141023268384
1774150539576,2026-03-22 03:35:39.576,69500.0,0.001,B,69.5,721268133302466
1774150539576,2026-03-22 03:35:39.576,69500.0,0.00035,B,24.325,335167829585766
1774150539576,2026-03-22 03:35:39.576,69500.0,0.00035,B,24.325,155394745188585
1774150539576,2026-03-22 03:35:39.576,69500.0,0.07194,B,4999.83,90411317829093
1774150539576,2026-03-22 03:35:39.576,69500.0,0.01056,B,733.92,447231869410325
1774150539576,2026-03-22 03:35:39.576,69500.0,0.04207,B,2923.8650000000002,517285431711276
1774150539576,2026-03-22 03:35:39.576,69500.0,0.1,B,6950.0,769208055173166
1774150539576,2026-03-22 03:35:39.576,69500.0,0.32651,B,22692.445000000003,899001234152388
1774150539576,2026-03-22 03:35:39.576,69500.0,0.00575,B,399.625,44933816400547
1774150540173,2026-03-22 03:35:40.173,69499.0,0.00017,A,11.81483,307858107650791
1774150540173,2026-03-22 03:35:40.173,69498.0,0.00017,A,11.814660000000002,870531673958692
1774150540173,2026-03-22 03:35:40.173,69498.0,0.00015,A,10.4247,458358859829118
1774150540173,2026-03-22 03:35:40.173,69497.0,0.11288,A,7844.82136,1098439730797987
1774150540173,2026-03-22 03:35:40.173,69497.0,0.12813,A,8904.650609999999,275015391891407
1774150540173,2026-03-22 03:35:40.173,69497.0,0.00017,A,11.814490000000001,672006098863005
1774150540173,2026-03-22 03:35:40.173,69496.0,0.11288,A,7844.708479999999,916361471123519
1774150540173,2026-03-22 03:35:40.173,69496.0,0.04545,A,3158.5932,189433384763664
1774150540751,2026-03-22 03:35:40.751,69496.0,0.00021,B,14.59416,131353397307259
1774150541082,2026-03-22 03:35:41.082,69495.0,0.00017,A,11.814150000000001,452795782672085
1774150541167,2026-03-22 03:35:41.167,69495.0,0.03612,B,2510.1594,1045075140869129
1774150541283,2026-03-22 03:35:41.283,69494.0,0.00017,A,11.81398,170617886453866
1774150541283,2026-03-22 03:35:41.283,69494.0,0.003,A,208.482,153885851730086
1774150541283,2026-03-22 03:35:41.283,69493.0,0.00017,A,11.81381,173354256358306
1774150541283,2026-03-22 03:35:41.283,69493.0,0.00015,A,10.42395,169384942436756
1774150541573,2026-03-22 03:35:41.573,69492.0,0.00017,A,11.813640000000001,434236455777716
1774150541573,2026-03-22 03:35:41.573,69491.0,0.00017,A,11.81347,898927023487355
1774150541573,2026-03-22 03:35:41.573,69491.0,0.00016,A,11.11856,278446742068467
1774150541702,2026-03-22 03:35:41.702,69490.0,0.00017,A,11.813300000000002,535986252883675
1774150541762,2026-03-22 03:35:41.762,69489.0,0.00017,A,11.813130000000001,136563376114617
1774150541762,2026-03-22 03:35:41.762,69489.0,0.003,A,208.467,564516736911775
1774150541762,2026-03-22 03:35:41.762,69488.0,0.00017,A,11.81296,153349186912747
1774150541762,2026-03-22 03:35:41.762,69487.0,0.00017,A,11.812790000000001,1055239134002091
1774150541946,2026-03-22 03:35:41.946,69486.0,0.00017,A,11.81262,883311540672909
1774150541946,2026-03-22 03:35:41.946,69485.0,0.00017,A,11.81245,721743098583196
1774150541946,2026-03-22 03:35:41.946,69485.0,0.003,A,208.455,344884697572516
1774150541946,2026-03-22 03:35:41.946,69484.0,0.00017,A,11.812280000000001,37102098828163
1774150542107,2026-03-22 03:35:42.107,69483.0,0.00017,A,11.81211,76910654089321
1774150542107,2026-03-22 03:35:42.107,69482.0,0.00017,A,11.811940000000002,909608348259331
1774150542107,2026-03-22 03:35:42.107,69482.0,0.0278,A,1931.5995999999998,680270980101632
1774150542586,2026-03-22 03:35:42.586,69482.0,0.20246,A,14067.32572,908693265460291
1774150542586,2026-03-22 03:35:42.586,69482.0,0.003,A,208.446,84324652924495
1774150542586,2026-03-22 03:35:42.586,69482.0,0.00017,A,11.811940000000002,1084881243721414
1774150542586,2026-03-22 03:35:42.586,69481.0,0.00017,A,11.811770000000001,646168118540851
1774150542586,2026-03-22 03:35:42.586,69481.0,0.1,A,6948.1,229367267986781
1774150542586,2026-03-22 03:35:42.586,69480.0,0.00017,A,11.8116,1001710822751430
1774150542586,2026-03-22 03:35:42.586,69479.0,0.00017,A,11.811430000000001,676255220454167
1774150542586,2026-03-22 03:35:42.586,69479.0,0.00661,A,459.25619,256985899536432
1774150542586,2026-03-22 03:35:42.586,69478.0,0.00017,A,11.81126,306170944550966
1774150542586,2026-03-22 03:35:42.586,69478.0,0.02878,A,1999.57684,135367499946963
1774150542586,2026-03-22 03:35:42.586,69477.0,0.00017,A,11.81109,544638909995850
1774150542586,2026-03-22 03:35:42.586,69477.0,0.00015,A,10.42155,56938808668884
1774150542586,2026-03-22 03:35:42.586,69476.0,0.00017,A,11.810920000000001,1004541997294937
1774150542586,2026-03-22 03:35:42.586,69475.0,0.00017,A,11.81075,1008906243828166
1774150542586,2026-03-22 03:35:42.586,69474.0,0.00017,A,11.810580000000002,372218554112448
1774150542586,2026-03-22 03:35:42.586,69473.0,0.001,A,69.473,776570881214276
1774150542586,2026-03-22 03:35:42.586,69473.0,0.05647,A,3923.1403099999998,205956940189893
1774150542821,2026-03-22 03:35:42.821,69473.0,0.00018,A,12.50514,535359928977828
1774150542821,2026-03-22 03:35:42.821,69473.0,0.00017,A,11.810410000000001,1066403868704268
1774150542821,2026-03-22 03:35:42.821,69472.0,4e-05,A,2.77888,968934534449048
1774150543501,2026-03-22 03:35:43.501,69473.0,0.00071,B,49.32583,235786891723356
1774150543807,2026-03-22 03:35:43.807,69472.0,0.00017,A,11.81024,978294081343720
1774150543807,2026-03-22 03:35:43.807,69472.0,0.00055,A,38.2096,474826427014796
1774150543807,2026-03-22 03:35:43.807,69472.0,0.00245,A,170.2064,773120879999357
1774150543807,2026-03-22 03:35:43.807,69472.0,0.1,A,6947.200000000001,54501931247060
1774150543807,2026-03-22 03:35:43.807,69472.0,0.02878,A,1999.40416,1099015675060876
1774150543807,2026-03-22 03:35:43.807,69472.0,0.00992,A,689.16224,216942278306913
1774150543807,2026-03-22 03:35:43.807,69472.0,0.04908,A,3409.68576,894387399421659
1774150543807,2026-03-22 03:35:43.807,69472.0,0.20977,A,14573.141440000001,269249563847229
1774150544408,2026-03-22 03:35:44.408,69471.0,0.00015,A,10.420649999999998,203992783254244
1774150544408,2026-03-22 03:35:44.408,69471.0,0.23029,A,15998.47659,1103996624477960
1774150544408,2026-03-22 03:35:44.408,69470.0,0.00017,A,11.8099,420866395966515
1774150544408,2026-03-22 03:35:44.408,69469.0,0.00017,A,11.80973,222218754518095
1774150544610,2026-03-22 03:35:44.610,69469.0,0.00018,B,12.504420000000001,431788904726002
1774150544610,2026-03-22 03:35:44.610,69468.0,0.00017,A,11.809560000000001,911859000647489
1774150544610,2026-03-22 03:35:44.610,69468.0,0.00063,A,43.76484,993197271918522
1774150545149,2026-03-22 03:35:45.149,69470.0,0.00015,B,10.420499999999999,1065092891190103
1774150545149,2026-03-22 03:35:45.149,69474.0,0.00015,B,10.4211,346430491351790
1774150545149,2026-03-22 03:35:45.149,69475.0,0.00015,B,10.421249999999999,559659044455857
1774150545149,2026-03-22 03:35:45.149,69477.0,0.00015,B,10.42155,378327976245794
1774150545149,2026-03-22 03:35:45.149,69478.0,0.003,B,208.434,457645287364395
1774150545149,2026-03-22 03:35:45.149,69482.0,0.00017,B,11.811940000000002,1106449826526832
1774150545149,2026-03-22 03:35:45.149,69482.0,0.15638,B,10865.595159999999,971984051369446
1774150545149,2026-03-22 03:35:45.149,69482.0,0.057,B,3960.474,630149540089513
1774150545149,2026-03-22 03:35:45.149,69468.0,0.00015,A,10.4202,234047509230917
1774150545213,2026-03-22 03:35:45.213,69482.0,0.04318,B,3000.2327600000003,138270987871955
1774150545717,2026-03-22 03:35:45.717,69481.0,0.14678,A,10198.42118,27840510160373
1774150545717,2026-03-22 03:35:45.717,69481.0,0.14678,A,10198.42118,413786202403573
1774150545717,2026-03-22 03:35:45.717,69481.0,0.10644,A,7395.557640000001,122166473362939
1774150546057,2026-03-22 03:35:46.057,69481.0,0.00028,A,19.45468,728653507234625
1774150546662,2026-03-22 03:35:46.662,69482.0,0.00017,B,11.811940000000002,693861497346462
1774150547023,2026-03-22 03:35:47.023,69481.0,0.00017,A,11.811770000000001,707662513191934
1774150547023,2026-03-22 03:35:47.023,69481.0,1e-05,A,0.69481,283059269122910
1774150547775,2026-03-22 03:35:47.775,69481.0,0.09999,A,6947.4051899999995,494840023823408
1774150547775,2026-03-22 03:35:47.775,69480.0,0.00015,A,10.421999999999999,268234129932409
1774150547775,2026-03-22 03:35:47.775,69480.0,0.23026,A,15998.4648,232362472320499
1774150547775,2026-03-22 03:35:47.775,69479.0,0.00017,A,11.811430000000001,1044160868922539
1774150547775,2026-03-22 03:35:47.775,69478.0,0.00017,A,11.81126,1009334533366961
1774150547775,2026-03-22 03:35:47.775,69477.0,0.00017,A,11.81109,882089403137962
1774150547775,2026-03-22 03:35:47.775,69476.0,0.00017,A,11.810920000000001,638937366281934
1774150547775,2026-03-22 03:35:47.775,69476.0,0.003,A,208.428,541772496284342
1774150547775,2026-03-22 03:35:47.775,69476.0,0.06592,A,4579.85792,95805016601541
1774150547843,2026-03-22 03:35:47.843,69477.0,0.00027,B,18.75879,170164443952657
1774150547977,2026-03-22 03:35:47.977,69477.0,0.00345,B,239.69565,90601635475628
1774150548043,2026-03-22 03:35:48.043,69477.0,0.00115,B,79.89855,16846197508869
1774150548649,2026-03-22 03:35:48.649,69476.0,0.1,A,6947.6,839708272767055
1774150548649,2026-03-22 03:35:48.649,69476.0,0.06592,A,4579.85792,858900105395799
1774150548649,2026-03-22 03:35:48.649,69476.0,0.003,A,208.428,465251105385423
1774150548649,2026-03-22 03:35:48.649,69476.0,0.02306,A,1602.11656,624219102835492
1774150548649,2026-03-22 03:35:48.649,69476.0,0.00017,A,11.810920000000001,391386642329992
1774150548649,2026-03-22 03:35:48.649,69476.0,0.04922,A,3419.60872,173250928598801
1774150548649,2026-03-22 03:35:48.649,69476.0,0.02878,A,1999.51928,506009918578608
1774150548649,2026-03-22 03:35:48.649,69476.0,0.01,A,694.76,948974038363807
1774150548649,2026-03-22 03:35:48.649,69476.0,0.04453,A,3093.76628,572052551182268
1774150548649,2026-03-22 03:35:48.649,69476.0,0.10794,A,7499.239439999999,779756305364714
1774150548649,2026-03-22 03:35:48.649,69476.0,0.43114,A,29953.88264,125738535630148
1774150548649,2026-03-22 03:35:48.649,69476.0,0.09194,A,6387.623439999999,852406882421197
1774150548649,2026-03-22 03:35:48.649,69476.0,0.5,A,34738.0,167595255242767
1774150548649,2026-03-22 03:35:48.649,69476.0,0.09194,A,6387.623439999999,1088020901483441
1774150548649,2026-03-22 03:35:48.649,69476.0,0.13081,A,9088.155560000001,1000404454002653
1774150548649,2026-03-22 03:35:48.649,69476.0,0.01,A,694.76,194199245362198
1774150548649,2026-03-22 03:35:48.649,69476.0,0.05038,A,3500.20088,120962481936359
1774150548649,2026-03-22 03:35:48.649,69476.0,0.17841,A,12395.213160000001,401221695716411
1774150548649,2026-03-22 03:35:48.649,69476.0,0.1189,A,8260.6964,227850440273827
1774150548649,2026-03-22 03:35:48.649,69476.0,0.0098,A,680.8648,804789232711430
1774150548649,2026-03-22 03:35:48.649,69476.0,0.13129,A,9121.50404,508500509066360
1774150548649,2026-03-22 03:35:48.649,69476.0,0.71975,A,50005.351,1101800931937498
1774150548649,2026-03-22 03:35:48.649,69476.0,0.05124,A,3559.95024,557112264571709
1774150548649,2026-03-22 03:35:48.649,69476.0,0.17275,A,12001.979,494658999769794
1774150548649,2026-03-22 03:35:48.649,69476.0,0.50382,A,35003.39832,217526769714015
1774150548649,2026-03-22 03:35:48.649,69476.0,1.29554,A,90008.93703999999,1014773608507168
1774150548649,2026-03-22 03:35:48.649,69475.0,0.00017,A,11.81075,533341221939226
1774150548649,2026-03-22 03:35:48.649,69474.0,0.00017,A,11.810580000000002,1076111500622654
1774150548649,2026-03-22 03:35:48.649,69474.0,0.05291,A,3675.8693399999997,68336901804880
1774150548649,2026-03-22 03:35:48.649,69474.0,0.066,A,4585.284000000001,482135752225256
1774150548649,2026-03-22 03:35:48.649,69474.0,0.50384,A,35003.780159999995,292095571179676
1774150548649,2026-03-22 03:35:48.649,69473.0,0.00017,A,11.810410000000001,720122538446771
1774150548649,2026-03-22 03:35:48.649,69473.0,0.04659,A,3236.74707,226617639700788
1774150548649,2026-03-22 03:35:48.649,69473.0,0.09675,A,6721.51275,846046151620642
1774150548649,2026-03-22 03:35:48.649,69473.0,0.21593,A,15001.304890000001,445617081593355
1774150548649,2026-03-22 03:35:48.649,69473.0,0.00015,A,10.42095,722450855810891
1774150548649,2026-03-22 03:35:48.649,69473.0,2.59125,A,180021.91125,230272825209523
1774150548649,2026-03-22 03:35:48.649,69472.0,0.00017,A,11.81024,249123376740514
1774150548649,2026-03-22 03:35:48.649,69472.0,0.0023,A,159.7856,738653062178186
1774150548649,2026-03-22 03:35:48.649,69472.0,0.00155,A,107.6816,314879198879746
1774150548649,2026-03-22 03:35:48.649,69472.0,0.02878,A,1999.40416,1003605858572845
1774150548649,2026-03-22 03:35:48.649,69471.0,0.00016,A,11.11536,348473614082842
1774150548649,2026-03-22 03:35:48.649,69471.0,0.00017,A,11.810070000000001,484923412296688
1774150548649,2026-03-22 03:35:48.649,69471.0,0.01151,A,799.6112099999999,490113304919628
1774150548649,2026-03-22 03:35:48.649,69471.0,0.003,A,208.413,1077343552780490
1774150548649,2026-03-22 03:35:48.649,69471.0,0.05224,A,3629.1650400000003,1039694712574421
1774150548649,2026-03-22 03:35:48.649,69471.0,0.04822,A,3349.89162,134330559901795
1774150548649,2026-03-22 03:35:48.649,69471.0,1.43962,A,100011.84101999999,1038799435607939
1774150548649,2026-03-22 03:35:48.649,69470.0,0.00017,A,11.8099,471500229244470
1774150548649,2026-03-22 03:35:48.649,69470.0,0.001,A,69.47,616152965509815
1774150548649,2026-03-22 03:35:48.649,69470.0,0.09579,A,6654.5313,877785232181218
1774150548649,2026-03-22 03:35:48.649,69470.0,0.01703,A,1183.0741,91105410971715
1774150548649,2026-03-22 03:35:48.649,69470.0,0.37401,A,25982.4747,532153190427297
1774150548649,2026-03-22 03:35:48.649,69469.0,0.05665,A,3935.41885,26999698889293
1774150548649,2026-03-22 03:35:48.649,69469.0,0.00017,A,11.80973,418290600399636
1774150548649,2026-03-22 03:35:48.649,69469.0,0.38794,A,26949.80386,570603994715438
1774150548649,2026-03-22 03:35:48.649,69468.0,0.21164,A,14702.20752,744359113628075
1774150548649,2026-03-22 03:35:48.649,69468.0,0.066,A,4584.888,34879899618826
1774150548649,2026-03-22 03:35:48.649,69468.0,1.43944,A,99995.01792,415428150138053
1774150548649,2026-03-22 03:35:48.649,69468.0,1.07982,A,75012.93576,8778911305981
1774150548649,2026-03-22 03:35:48.649,69468.0,0.00017,A,11.809560000000001,691924822492204
1774150548649,2026-03-22 03:35:48.649,69468.0,0.39387,A,27361.36116,265737511683052
1774150548649,2026-03-22 03:35:48.649,69468.0,0.09636,A,6693.93648,655112194139150
1774150548649,2026-03-22 03:35:48.649,69468.0,0.00594,A,412.63992,1096992921325823
1774150550047,2026-03-22 03:35:50.047,69482.0,0.00017,B,11.811940000000002,901298589202756
1774150550047,2026-03-22 03:35:50.047,69482.0,0.01188,B,825.44616,945785644928862
1774150550047,2026-03-22 03:35:50.047,69483.0,0.003,B,208.449,1084150381009816
1774150550047,2026-03-22 03:35:50.047,69483.0,0.00017,B,11.81211,199946369330747
1774150550150,2026-03-22 03:35:50.150,69484.0,0.00017,B,11.812280000000001,611921621929723
1774150550150,2026-03-22 03:35:50.150,69485.0,0.00017,B,11.81245,348972745710326
1774150550150,2026-03-22 03:35:50.150,69486.0,8e-05,B,5.55888,34000227939631
1774150550150,2026-03-22 03:35:50.150,69486.0,0.00092,B,63.92712,744563415533488
1774150550150,2026-03-22 03:35:50.150,69486.0,0.00017,B,11.81262,913786145489758
1774150550209,2026-03-22 03:35:50.209,69487.0,0.00017,B,11.812790000000001,366782763426320
1774150550209,2026-03-22 03:35:50.209,69487.0,0.003,B,208.461,60838241821636
1774150550209,2026-03-22 03:35:50.209,69488.0,0.00017,B,11.81296,584123204261615
1774150550209,2026-03-22 03:35:50.209,69488.0,0.1,B,6948.8,450342684157826
1774150550209,2026-03-22 03:35:50.209,69490.0,0.00017,B,11.813300000000002,490695960823697
1774150550209,2026-03-22 03:35:50.209,69491.0,0.00015,B,10.423649999999999,274132840399451
1774150550209,2026-03-22 03:35:50.209,69491.0,0.00017,B,11.81347,432705823705932
1774150550209,2026-03-22 03:35:50.209,69492.0,0.02878,B,1999.97976,64045530840049
1774150550268,2026-03-22 03:35:50.268,69495.0,0.03988,B,2771.4606,395038082169292
1774150550338,2026-03-22 03:35:50.338,69496.0,0.00016,B,11.11936,736383065416399
1774150550338,2026-03-22 03:35:50.338,69500.0,7.20559,B,500788.505,855652896889606
1774150550390,2026-03-22 03:35:50.390,69500.0,0.00029,B,20.155,613291093063327
1774150550390,2026-03-22 03:35:50.390,69500.0,0.02,B,1390.0,77378718810
1774150550390,2026-03-22 03:35:50.390,69500.0,0.022,B,1529.0,52145724277113
1774150550390,2026-03-22 03:35:50.390,69500.0,1.43884,B,99999.37999999999,251052838483394
1774150550390,2026-03-22 03:35:50.390,69500.0,5.3695,B,373180.25,675758479537367
1774150550390,2026-03-22 03:35:50.390,69500.0,0.00016,B,11.120000000000001,148084407284328
1774150550390,2026-03-22 03:35:50.390,69500.0,0.00016,B,11.120000000000001,724026192651809
1774150550390,2026-03-22 03:35:50.390,69501.0,0.00034,B,23.63034,901175563045174
1774150550390,2026-03-22 03:35:50.390,69504.0,0.00016,B,11.120640000000002,993084084932805
1774150550390,2026-03-22 03:35:50.390,69507.0,0.00016,B,11.121120000000001,750699052833413
1774150550390,2026-03-22 03:35:50.390,69507.0,0.08632,B,5999.844239999999,115282676757294
1774150550390,2026-03-22 03:35:50.390,69508.0,0.00865,B,601.2442,472432016198503
1774150550390,2026-03-22 03:35:50.390,69511.0,0.00016,B,11.12176,1060119335856618
1774150550390,2026-03-22 03:35:50.390,69512.0,0.00015,B,10.426799999999998,42973117188624
1774150550390,2026-03-22 03:35:50.390,69513.0,0.0115,B,799.3995,252250493445708
1774150550390,2026-03-22 03:35:50.390,69514.0,0.01603,B,1114.30942,282207630296060
1774150550390,2026-03-22 03:35:50.390,69515.0,0.00286,B,198.8129,589581346138082
1774150550390,2026-03-22 03:35:50.390,69515.0,0.00173,B,120.26095,620022415370438
1774150550390,2026-03-22 03:35:50.390,69515.0,0.00016,B,11.1224,20473882470954
1774150550390,2026-03-22 03:35:50.390,69515.0,0.0002,B,13.903,852213771554219
1774150550390,2026-03-22 03:35:50.390,69499.0,0.07799,A,5420.2270100000005,799423173467505
1774150550533,2026-03-22 03:35:50.533,69513.0,0.001,B,69.513,1009360153055803
1774150550533,2026-03-22 03:35:50.533,69514.0,0.019,B,1320.766,927233463692627
1774150550533,2026-03-22 03:35:50.533,69514.0,0.02,B,1390.28,105347944117333
1774150550533,2026-03-22 03:35:50.533,69514.0,0.02,B,1390.28,698909317222437
1774150550533,2026-03-22 03:35:50.533,69514.0,0.02,B,1390.28,907677507024486
1774150550533,2026-03-22 03:35:50.533,69514.0,0.02,B,1390.28,153697166089602
1774150550533,2026-03-22 03:35:50.533,69514.0,0.01294,B,899.51116,57307513073735
1774150550533,2026-03-22 03:35:50.533,69514.0,0.02,B,1390.28,292912627659557
1774150550605,2026-03-22 03:35:50.605,69514.0,0.12028,B,8361.14392,247595959727169
1774150550660,2026-03-22 03:35:50.660,69514.0,0.016,B,1112.224,376331100743649
1774150550660,2026-03-22 03:35:50.660,69514.0,0.006,B,417.084,981349916396788
1774150550660,2026-03-22 03:35:50.660,69514.0,0.026,B,1807.3639999999998,184562836452896
1774150550660,2026-03-22 03:35:50.660,69514.0,0.008,B,556.112,491631825055238
1774150550802,2026-03-22 03:35:50.802,69514.0,0.022,B,1529.308,205796783430744
1774150550923,2026-03-22 03:35:50.923,69516.0,0.026,B,1807.416,1077553007451831
1774150551007,2026-03-22 03:35:51.007,69513.0,0.00028,A,19.463639999999998,576808170881368
1774150551007,2026-03-22 03:35:51.007,69516.0,0.019,B,1320.8039999999999,1095224666006465
1774150551132,2026-03-22 03:35:51.132,69516.0,2e-05,B,1.3903200000000002,578586622116873
1774150551295,2026-03-22 03:35:51.295,69516.0,0.039,B,2711.124,249598901839440
1774150551472,2026-03-22 03:35:51.472,69515.0,0.00406,A,282.2309,21905962138196
1774150551545,2026-03-22 03:35:51.545,69515.0,7e-05,A,4.8660499999999995,318660649781094
1774150552076,2026-03-22 03:35:52.076,69515.0,0.00017,A,11.81755,626736521005293
1774150552138,2026-03-22 03:35:52.138,69517.0,0.07192,B,4999.66264,243872151821265
1774150552138,2026-03-22 03:35:52.138,69517.0,0.00017,B,11.81789,524034101368852
1774150552138,2026-03-22 03:35:52.138,69517.0,0.0002,B,13.903400000000001,582211620486218
1774150552138,2026-03-22 03:35:52.138,69518.0,0.00016,B,11.12288,85346425975369
1774150552138,2026-03-22 03:35:52.138,69518.0,0.00017,B,11.818060000000001,632108598759438
1774150552138,2026-03-22 03:35:52.138,69518.0,0.00015,B,10.4277,987453546668383
1774150552138,2026-03-22 03:35:52.138,69519.0,0.06666,B,4634.1365399999995,1061910057115223
1774150552138,2026-03-22 03:35:52.138,69519.0,0.00017,B,11.818230000000002,344674217581007
1774150552138,2026-03-22 03:35:52.138,69519.0,0.003,B,208.55700000000002,121296147626916
1774150552138,2026-03-22 03:35:52.138,69519.0,0.00015,B,10.42785,406686288603625
1774150552138,2026-03-22 03:35:52.138,69520.0,0.00035,B,24.332,839455161401585
1774150552138,2026-03-22 03:35:52.138,69520.0,0.00016,B,11.1232,579558880768366
1774150552138,2026-03-22 03:35:52.138,69520.0,0.00017,B,11.8184,717143356850429
1774150552138,2026-03-22 03:35:52.138,69521.0,0.00142,B,98.71982,783454994731860
1774150552138,2026-03-22 03:35:52.138,69521.0,0.00017,B,11.818570000000001,238967558363841
1774150552138,2026-03-22 03:35:52.138,69522.0,0.012,B,834.264,994035287280231
1774150552138,2026-03-22 03:35:52.138,69522.0,0.00016,B,11.123520000000001,442120718493883
1774150552138,2026-03-22 03:35:52.138,69522.0,0.00017,B,11.81874,953992358157462
1774150552138,2026-03-22 03:35:52.138,69523.0,0.00017,B,11.81891,238782114385884
1774150552138,2026-03-22 03:35:52.138,69524.0,0.003,B,208.572,446365818219480
1774150552138,2026-03-22 03:35:52.138,69524.0,0.00017,B,11.819080000000001,821646759141377
1774150552138,2026-03-22 03:35:52.138,69525.0,0.00017,B,11.81925,95989941364151
1774150552138,2026-03-22 03:35:52.138,69526.0,0.00026,B,18.07676,754979243916318
1774150552138,2026-03-22 03:35:52.138,69526.0,0.005,B,347.63,1052150673057664
1774150552138,2026-03-22 03:35:52.138,69526.0,0.00016,B,11.124160000000002,420134784063769
1774150552138,2026-03-22 03:35:52.138,69526.0,0.00017,B,11.819420000000001,700796645052348
1774150552138,2026-03-22 03:35:52.138,69527.0,0.00017,B,11.819590000000002,361599227857484
1774150552138,2026-03-22 03:35:52.138,69528.0,0.00017,B,11.81976,231017437018899
1774150552138,2026-03-22 03:35:52.138,69528.0,0.0115,B,799.572,104128704856007
1774150552138,2026-03-22 03:35:52.138,69529.0,0.004,B,278.116,182835001511655
1774150552138,2026-03-22 03:35:52.138,69529.0,0.001,B,69.529,1121996234680529
1774150552316,2026-03-22 03:35:52.316,69529.0,0.00032,B,22.249280000000002,4586875258513
1774150552316,2026-03-22 03:35:52.316,69529.0,0.00016,B,11.124640000000001,205259730144231
1774150552316,2026-03-22 03:35:52.316,69529.0,0.00017,B,11.819930000000001,475502602296277
1774150552316,2026-03-22 03:35:52.316,69530.0,0.00071,B,49.3663,710965770551172
1774150552316,2026-03-22 03:35:52.316,69530.0,0.00017,B,11.8201,943101182188060
1774150552316,2026-03-22 03:35:52.316,69531.0,0.00017,B,11.82027,646463096259108
1774150552316,2026-03-22 03:35:52.316,69532.0,0.004,B,278.128,491679414589640
1774150552316,2026-03-22 03:35:52.316,69532.0,0.001,B,69.532,36292566035528
1774150552316,2026-03-22 03:35:52.316,69532.0,0.00016,B,11.12512,193686717729646
1774150552316,2026-03-22 03:35:52.316,69532.0,0.001,B,69.532,735494723871968
1774150552316,2026-03-22 03:35:52.316,69532.0,0.00017,B,11.820440000000001,701114708254878
1774150552316,2026-03-22 03:35:52.316,69533.0,0.04207,B,2925.25331,148026641130292
1774150552316,2026-03-22 03:35:52.316,69533.0,0.00016,B,11.12528,13926776309883
1774150552316,2026-03-22 03:35:52.316,69533.0,0.0115,B,799.6295,851205365587731
1774150552316,2026-03-22 03:35:52.316,69533.0,0.00017,B,11.82061,596241882656119
1774150552316,2026-03-22 03:35:52.316,69533.0,0.06326,B,4398.65758,50868551618839
1774150552410,2026-03-22 03:35:52.410,69532.0,0.00016,A,11.12512,319702648311239
1774150552410,2026-03-22 03:35:52.410,69532.0,0.00017,A,11.820440000000001,943705821222645
1774150552410,2026-03-22 03:35:52.410,69532.0,0.00028,A,19.46896,103950330495383
1774150552410,2026-03-22 03:35:52.410,69533.0,0.00029,B,20.16457,1062829463276303
1774150552410,2026-03-22 03:35:52.410,69534.0,0.00012,B,8.34408,290323265100335
1774150552410,2026-03-22 03:35:52.410,69534.0,5e-05,B,3.4767,856221902032483
1774150552410,2026-03-22 03:35:52.410,69535.0,0.00017,B,11.820950000000002,346167442723095
1774150552410,2026-03-22 03:35:52.410,69535.0,0.00021,B,14.602350000000001,340188499881316
1774150552410,2026-03-22 03:35:52.410,69532.0,0.00052,A,36.156639999999996,776997867336233
1774150552410,2026-03-22 03:35:52.410,69532.0,0.00072,A,50.06304,797311648715983
1774150552410,2026-03-22 03:35:52.410,69535.0,0.00075,B,52.151250000000005,85787816211770
1774150552410,2026-03-22 03:35:52.410,69532.0,0.00081,A,56.320919999999994,389723435450258
1774150552410,2026-03-22 03:35:52.410,69535.0,4e-05,B,2.7814,1066133778975121
1774150552410,2026-03-22 03:35:52.410,69536.0,0.0008,B,55.628800000000005,628940840728426
1774150552410,2026-03-22 03:35:52.410,69532.0,0.00086,A,59.79752,522602605574375
1774150552410,2026-03-22 03:35:52.410,69532.0,0.001,A,69.532,898308001463662
1774150552410,2026-03-22 03:35:52.410,69536.0,0.00102,B,70.92672,558725094199406
1774150552410,2026-03-22 03:35:52.410,69532.0,0.00105,A,73.0086,24149098318457
1774150552410,2026-03-22 03:35:52.410,69532.0,0.00143,A,99.43076,308029881306534
1774150552410,2026-03-22 03:35:52.410,69532.0,0.00144,A,100.12608,798989633199615
1774150552410,2026-03-22 03:35:52.410,69536.0,0.00144,B,100.13184000000001,525963840915582
1774150552410,2026-03-22 03:35:52.410,69536.0,0.00183,B,127.25088,189270315817447
1774150552410,2026-03-22 03:35:52.410,69532.0,0.00203,A,141.14996000000002,390840201558048
1774150552410,2026-03-22 03:35:52.410,69532.0,0.00203,A,141.14996000000002,763765768095269
1774150552410,2026-03-22 03:35:52.410,69536.0,0.00231,B,160.62816,447663022437328
1774150552410,2026-03-22 03:35:52.410,69532.0,0.0029,A,201.6428,605183720997577
1774150552410,2026-03-22 03:35:52.410,69532.0,0.00354,A,246.14328,280692788579107
1774150552410,2026-03-22 03:35:52.410,69532.0,0.00384,A,267.00288,856009888184896
1774150552410,2026-03-22 03:35:52.410,69536.0,0.00443,B,308.04448,380459860097774
1774150552410,2026-03-22 03:35:52.410,69536.0,0.00576,B,400.52736000000004,243390183796049
1774150552410,2026-03-22 03:35:52.410,69536.0,0.00083,B,57.71488,945634681919305
1774150552410,2026-03-22 03:35:52.410,69536.0,0.01025,B,712.744,510153787361889
1774150552410,2026-03-22 03:35:52.410,69532.0,0.01179,A,819.78228,21600576818879
1774150552410,2026-03-22 03:35:52.410,69536.0,0.0136,B,945.6895999999999,1089119830984636
1774150552410,2026-03-22 03:35:52.410,69536.0,0.01453,B,1010.35808,312305826939648
1774150552410,2026-03-22 03:35:52.410,69536.0,0.01538,B,1069.46368,343868577623749
1774150552410,2026-03-22 03:35:52.410,69536.0,0.02164,B,1504.75904,646229270406045
1774150552410,2026-03-22 03:35:52.410,69536.0,0.0288,B,2002.6368,892289580765372
1774150552410,2026-03-22 03:35:52.410,69536.0,0.0289,B,2009.5903999999998,1055406705169886
1774150552410,2026-03-22 03:35:52.410,69536.0,0.03017,B,2097.90112,1026184851824567
1774150552410,2026-03-22 03:35:52.410,69536.0,0.03473,B,2414.98528,8676104326118
1774150552410,2026-03-22 03:35:52.410,69536.0,0.00281,B,195.39616,44810046837268
1774150552410,2026-03-22 03:35:52.410,69536.0,0.03773,B,2623.59328,374708088347341
1774150552410,2026-03-22 03:35:52.410,69536.0,0.03138,B,2182.03968,902037895875349
1774150552410,2026-03-22 03:35:52.410,69537.0,0.00016,B,11.12592,927662358973865
1774150552410,2026-03-22 03:35:52.410,69537.0,0.00641,B,445.73217,571920879647844
1774150552410,2026-03-22 03:35:52.410,69537.0,0.04,B,2781.48,924870729603767
1774150552410,2026-03-22 03:35:52.410,69537.0,0.04,B,2781.48,79228060265626
1774150552410,2026-03-22 03:35:52.410,69537.0,0.072,B,5006.664,419296683133585
1774150552410,2026-03-22 03:35:52.410,69537.0,0.09562,B,6649.127939999999,147016385224829
1774150552410,2026-03-22 03:35:52.410,69537.0,0.10217,B,7104.59529,178037265575833
1774150552410,2026-03-22 03:35:52.410,69537.0,0.02443,B,1698.78891,752320970395209
1774150552410,2026-03-22 03:35:52.410,69538.0,0.0115,B,799.687,185121698272715
1774150552410,2026-03-22 03:35:52.410,69538.0,0.07976,B,5546.35088,164603043765222
1774150552410,2026-03-22 03:35:52.410,69538.0,0.12068,B,8391.84584,637640684048999
1774150552410,2026-03-22 03:35:52.410,69538.0,0.0153,B,1063.9314,1000976676422965
1774150552410,2026-03-22 03:35:52.410,69539.0,0.02403,B,1671.02217,713930164850266
1774150552410,2026-03-22 03:35:52.410,69540.0,0.18626,B,12952.520400000001,157570808816856
1774150552410,2026-03-22 03:35:52.410,69540.0,0.0459,B,3191.8860000000004,267795252334484
1774150552410,2026-03-22 03:35:52.410,69540.0,0.00016,B,11.1264,92256965110692
1774150552410,2026-03-22 03:35:52.410,69540.0,0.07192,B,5001.3168,549121817378899
1774150552410,2026-03-22 03:35:52.410,69540.0,0.18747,B,13036.6638,183883610799849
1774150552410,2026-03-22 03:35:52.410,69532.0,0.02362,A,1642.34584,1059127160878503
1774150552410,2026-03-22 03:35:52.410,69532.0,0.08,A,5562.56,969725605483268
1774150552410,2026-03-22 03:35:52.410,69531.0,0.05819,A,4046.00889,433374765100678
1774150552410,2026-03-22 03:35:52.410,69531.0,0.08,A,5562.4800000000005,68588860186959
1774150552410,2026-03-22 03:35:52.410,69531.0,0.10753,A,7476.66843,1076988744685971
1774150552410,2026-03-22 03:35:52.410,69540.0,0.43488,B,30241.5552,134615597274266
1774150552410,2026-03-22 03:35:52.410,69540.0,0.57887,B,40254.6198,615733035077518
1774150552410,2026-03-22 03:35:52.410,69541.0,0.003,B,208.623,597258395930473
1774150552410,2026-03-22 03:35:52.410,69541.0,0.002,B,139.082,439557486216634
1774150552410,2026-03-22 03:35:52.410,69542.0,0.10764,B,7485.50088,535641616798711
1774150552410,2026-03-22 03:35:52.410,69543.0,0.00285,B,198.19755,848253840065743
1774150552410,2026-03-22 03:35:52.410,69543.0,0.0115,B,799.7445,581303178934301
1774150552410,2026-03-22 03:35:52.410,69543.0,0.001,B,69.543,116092307905051
1774150552410,2026-03-22 03:35:52.410,69544.0,0.00227,B,157.86488,1043447890764660
1774150552410,2026-03-22 03:35:52.410,69544.0,0.00016,B,11.127040000000001,1093973127798769
1774150552410,2026-03-22 03:35:52.410,69544.0,0.21572,B,15002.03168,1055700828055037
1774150552410,2026-03-22 03:35:52.410,69544.0,0.50335,B,35004.9724,683301964190970
1774150552410,2026-03-22 03:35:52.410,69544.0,0.71908,B,50007.69952,369768530132864
1774150552410,2026-03-22 03:35:52.410,69545.0,0.01708,B,1187.8286,958294797432106
1774150552410,2026-03-22 03:35:52.410,69545.0,0.07192,B,5001.6764,781309635490155
1774150552410,2026-03-22 03:35:52.410,69546.0,0.00063,B,43.81398,456707564250732
1774150552410,2026-03-22 03:35:52.410,69546.0,0.00016,B,11.127360000000001,54126262319110
1774150552410,2026-03-22 03:35:52.410,69546.0,0.01277,B,888.10242,12486652847605
1774150552410,2026-03-22 03:35:52.410,69546.0,0.01165,B,810.2109,145375646309334
1774150552410,2026-03-22 03:35:52.410,69531.0,0.00017,A,11.82027,330115269436283
1774150552736,2026-03-22 03:35:52.736,69540.0,0.00024,B,16.6896,365017447039531
1774150553483,2026-03-22 03:35:53.483,69535.0,0.00016,A,11.1256,47503885887242
1774150553716,2026-03-22 03:35:53.716,69524.0,0.01156,B,803.69744,380616134966733
1774150553716,2026-03-22 03:35:53.716,69523.0,0.00073,A,50.75179,1026551701631650
1774150553915,2026-03-22 03:35:53.915,69523.0,0.00073,A,50.75179,54484935184109
1774150553915,2026-03-22 03:35:53.915,69523.0,2e-05,A,1.39046,247069267981054
1774150553915,2026-03-22 03:35:53.915,69524.0,0.00139,B,96.63835999999999,1047436860872981
1774150554529,2026-03-22 03:35:54.529,69523.0,0.00152,A,105.67496000000001,394618067798174
1774150554529,2026-03-22 03:35:54.529,69523.0,0.00017,A,11.81891,160433046492582
1774150554529,2026-03-22 03:35:54.529,69523.0,0.04296,A,2986.70808,977210479986034
1774150554529,2026-03-22 03:35:54.529,69523.0,0.09396,A,6532.38108,967019779595187
1774150554529,2026-03-22 03:35:54.529,69523.0,0.26139,A,18172.61697,585109093826000
1774150554765,2026-03-22 03:35:54.765,69537.0,0.00044,A,30.59628,961853346824456
1774150555211,2026-03-22 03:35:55.211,69537.0,0.00018,A,12.516660000000002,162647270075669
1774150555211,2026-03-22 03:35:55.211,69537.0,0.00021,A,14.602770000000001,1070692414421804
1774150555211,2026-03-22 03:35:55.211,69537.0,0.00028,A,19.47036,41088639277162
1774150555211,2026-03-22 03:35:55.211,69537.0,0.00089,A,61.88793,105485068992460
1774150555211,2026-03-22 03:35:55.211,69537.0,0.00144,A,100.13328000000001,1107909675319888
1774150555211,2026-03-22 03:35:55.211,69537.0,0.1208,A,8400.0696,126874647185685
1774150555211,2026-03-22 03:35:55.211,69537.0,0.00946,A,657.82002,296762708192065
1774150555211,2026-03-22 03:35:55.211,69537.0,0.08,A,5562.96,371928338532236
1774150555211,2026-03-22 03:35:55.211,69537.0,0.29013,A,20174.76981,779764062105470
1774150555211,2026-03-22 03:35:55.211,69537.0,0.03511,A,2441.44407,129647930807185
1774150555211,2026-03-22 03:35:55.211,69537.0,0.06541,A,4548.415169999999,915187009383465
1774150555211,2026-03-22 03:35:55.211,69537.0,0.04077,A,2835.02349,751623292011694
1774150555211,2026-03-22 03:35:55.211,69537.0,0.17308,A,12035.463960000001,472464941926045
1774150555211,2026-03-22 03:35:55.211,69537.0,0.04363,A,3033.8993100000002,1114880161149198
1774150555211,2026-03-22 03:35:55.211,69537.0,0.088,A,6119.255999999999,817667040981675
1774150555211,2026-03-22 03:35:55.211,69537.0,0.23863,A,16593.61431,250172109992171
1774150555211,2026-03-22 03:35:55.211,69537.0,0.1881,A,13079.9097,646628100134929
1774150555211,2026-03-22 03:35:55.211,69537.0,0.11402,A,7928.60874,721415725981489
1774150555211,2026-03-22 03:35:55.211,69537.0,0.09396,A,6533.69652,138459554871494
1774150555211,2026-03-22 03:35:55.211,69537.0,0.08466,A,5887.00242,840719419013047
1774150555211,2026-03-22 03:35:55.211,69537.0,0.09396,A,6533.69652,703606519726441
1774150555211,2026-03-22 03:35:55.211,69537.0,0.09396,A,6533.69652,438784341679951
1774150555211,2026-03-22 03:35:55.211,69537.0,0.078,A,5423.886,440815132903664
1774150555211,2026-03-22 03:35:55.211,69537.0,0.078,A,5423.886,216778146681411
1774150555211,2026-03-22 03:35:55.211,69537.0,0.48879,A,33988.99023,137911342363073
1774150555211,2026-03-22 03:35:55.211,69537.0,0.42397,A,29481.60189,1072678667185251
1774150555211,2026-03-22 03:35:55.211,69538.0,0.00147,B,102.22086,1035420624522182
1774150555211,2026-03-22 03:35:55.211,69538.0,0.00153,B,106.39313999999999,213130979099296
1774150555211,2026-03-22 03:35:55.211,69538.0,0.00017,B,11.82146,1073713829355849
1774150555211,2026-03-22 03:35:55.211,69539.0,0.00017,B,11.82163,48537797539513
1774150555211,2026-03-22 03:35:55.211,69540.0,0.00017,B,11.821800000000001,853009403286186
1774150555211,2026-03-22 03:35:55.211,69541.0,0.00017,B,11.82197,1018535336816162
1774150555211,2026-03-22 03:35:55.211,69541.0,0.0152,B,1057.0232,745054606185256
1774150555582,2026-03-22 03:35:55.582,69542.0,0.00017,B,11.822140000000001,1000361604710767
1774150555582,2026-03-22 03:35:55.582,69543.0,0.00017,B,11.822310000000002,25641225144445
1774150555582,2026-03-22 03:35:55.582,69544.0,0.00017,B,11.82248,839193530870685
1774150555582,2026-03-22 03:35:55.582,69545.0,0.00017,B,11.822650000000001,765694029963250
1774150555582,2026-03-22 03:35:55.582,69546.0,0.00017,B,11.82282,89026165277792
1774150555582,2026-03-22 03:35:55.582,69548.0,0.00016,B,11.127680000000002,763732447954097
1774150555582,2026-03-22 03:35:55.582,69548.0,0.0115,B,799.802,545582929945787
1774150555582,2026-03-22 03:35:55.582,69548.0,0.37159,B,25843.34132,532999033037701
1774150555582,2026-03-22 03:35:55.582,69548.0,2.44338,B,169932.19224,817450307036480
1774150555582,2026-03-22 03:35:55.582,69548.0,0.04765,B,3313.9622,738039255262746
1774150555582,2026-03-22 03:35:55.582,69549.0,0.00107,B,74.41743,423905655123781
1774150555582,2026-03-22 03:35:55.582,69549.0,0.2157,B,15001.7193,823822032661369
1774150555582,2026-03-22 03:35:55.582,69550.0,0.04,B,2782.0,631152815208492
1774150555582,2026-03-22 03:35:55.582,69550.0,0.03605,B,2507.2774999999997,1038989869664305
1774150555582,2026-03-22 03:35:55.582,69550.0,0.0031,B,215.605,835715552961685
1774150555582,2026-03-22 03:35:55.582,69550.0,0.39048,B,27157.884,995204322258766
1774150555582,2026-03-22 03:35:55.582,69551.0,0.01188,B,826.26588,843948504884337
1774150555582,2026-03-22 03:35:55.582,69551.0,0.001,B,69.551,544946884134410
1774150555582,2026-03-22 03:35:55.582,69552.0,0.00016,B,11.12832,816381435592318
1774150555582,2026-03-22 03:35:55.582,69552.0,0.38054,B,26467.31808,485771313473897
1774150555582,2026-03-22 03:35:55.582,69553.0,0.0115,B,799.8595,556643665248817
1774150555582,2026-03-22 03:35:55.582,69553.0,0.69332,B,48222.485960000005,839859638259497
1774150555582,2026-03-22 03:35:55.582,69553.0,1.21722,B,84661.30266,922248936359832
1774150555582,2026-03-22 03:35:55.582,69554.0,0.132,B,9181.128,65662647386237
1774150555582,2026-03-22 03:35:55.582,69554.0,0.02875,B,1999.6775,1003903944226499
1774150555582,2026-03-22 03:35:55.582,69554.0,0.27327,B,19007.02158,913693495770625
1774150555582,2026-03-22 03:35:55.582,69554.0,2.07072,B,144026.85888,788246991260127
1774150556131,2026-03-22 03:35:56.131,69550.0,0.00015,A,10.4325,879034991803286
1774150556324,2026-03-22 03:35:56.324,69550.0,0.00017,A,11.823500000000001,787125296975942
1774150556800,2026-03-22 03:35:56.800,69547.0,0.001,A,69.547,960591680242162
1774150556800,2026-03-22 03:35:56.800,69544.0,0.00015,A,10.4316,508875323883295
1774150556800,2026-03-22 03:35:56.800,69543.0,0.001,A,69.543,316758009664389
1774150556800,2026-03-22 03:35:56.800,69542.0,0.00016,A,11.12672,1102448216083546
1774150556800,2026-03-22 03:35:56.800,69541.0,0.0115,A,799.7215,176178720725623
1774150556800,2026-03-22 03:35:56.800,69537.0,0.066,A,4589.442,659307102109600
1774150556800,2026-03-22 03:35:56.800,69536.0,0.2,A,13907.2,1031076315528372
1774150556800,2026-03-22 03:35:56.800,69536.0,0.05665,A,3939.2144,1089733000854786
1774150556800,2026-03-22 03:35:56.800,69536.0,0.0115,A,799.664,866981929996196
1774150556800,2026-03-22 03:35:56.800,69536.0,0.00029,A,20.16544,30725375197883
1774150556800,2026-03-22 03:35:56.800,69536.0,0.003,A,208.608,432244322821171
1774150556800,2026-03-22 03:35:56.800,69535.0,0.04875,A,3389.83125,14090123614631
1774150556933,2026-03-22 03:35:56.933,69535.0,0.00326,A,226.6841,150785890555971
1774150557062,2026-03-22 03:35:57.062,69535.0,0.00017,A,11.820950000000002,791950441276842
1774150557062,2026-03-22 03:35:57.062,69535.0,0.01382,A,960.9737,475784359388389
1774150557062,2026-03-22 03:35:57.062,69535.0,0.00017,A,11.820950000000002,691497236525703
1774150557062,2026-03-22 03:35:57.062,69534.0,0.00262,A,182.17908,540080015307687
1774150557149,2026-03-22 03:35:57.149,69535.0,0.00143,B,99.43505,659951250976142
1774150557149,2026-03-22 03:35:57.149,69534.0,0.00399,A,277.44066,406591316819745
1774150557149,2026-03-22 03:35:57.149,69534.0,0.00017,A,11.820780000000001,260083428686948
1774150557149,2026-03-22 03:35:57.149,69533.0,0.00017,A,11.82061,336553044717614
1774150557149,2026-03-22 03:35:57.149,69532.0,0.00017,A,11.820440000000001,175979296055069
1774150557149,2026-03-22 03:35:57.149,69532.0,0.05291,A,3678.93812,592671277021764
1774150557149,2026-03-22 03:35:57.149,69532.0,0.001,A,69.532,1059309785904489
1774150557149,2026-03-22 03:35:57.149,69531.0,0.003,A,208.59300000000002,206670254511029
1774150557149,2026-03-22 03:35:57.149,69531.0,0.00017,A,11.82027,847753241551534
1774150557149,2026-03-22 03:35:57.149,69529.0,0.03842,A,2671.30418,348862629306126
1774150557544,2026-03-22 03:35:57.544,69529.0,0.08,B,5562.32,460011770307465
1774150557544,2026-03-22 03:35:57.544,69529.0,0.02,B,1390.58,515177987668521
1774150557807,2026-03-22 03:35:57.807,69529.0,0.00071,B,49.365590000000005,802990964297403
1774150558004,2026-03-22 03:35:58.004,69529.0,0.00028,B,19.46812,875949855820903
1774150558004,2026-03-22 03:35:58.004,69529.0,0.00017,B,11.819930000000001,845391361898584
1774150558389,2026-03-22 03:35:58.389,69528.0,0.00017,A,11.81976,644924398263730
1774150558389,2026-03-22 03:35:58.389,69527.0,0.00015,A,10.429049999999998,864834396168170
1774150558389,2026-03-22 03:35:58.389,69527.0,0.00017,A,11.819590000000002,560965331130058
1774150558389,2026-03-22 03:35:58.389,69527.0,0.00015,A,10.429049999999998,764535457718530
1774150558389,2026-03-22 03:35:58.389,69526.0,0.00017,A,11.819420000000001,96872032489167
1774150558389,2026-03-22 03:35:58.389,69525.0,0.00017,A,11.81925,992357793792729
1774150558389,2026-03-22 03:35:58.389,69524.0,0.00017,A,11.819080000000001,1063664035492512
1774150558389,2026-03-22 03:35:58.389,69523.0,0.00017,A,11.81891,459600693940991
1774150558389,2026-03-22 03:35:58.389,69523.0,0.003,A,208.56900000000002,719340610215694
1774150558389,2026-03-22 03:35:58.389,69522.0,0.00017,A,11.81874,816182373578918
1774150558389,2026-03-22 03:35:58.389,69521.0,0.00017,A,11.818570000000001,1006745193777204
1774150558389,2026-03-22 03:35:58.389,69520.0,0.00016,A,11.1232,997215138363599
1774150558389,2026-03-22 03:35:58.389,69520.0,0.00017,A,11.8184,950896793351061
1774150558389,2026-03-22 03:35:58.389,69519.0,0.00017,A,11.818230000000002,343556147792404
1774150558389,2026-03-22 03:35:58.389,69518.0,0.00017,A,11.818060000000001,569629599832817
1774150558389,2026-03-22 03:35:58.389,69518.0,0.00015,A,10.4277,816367221238319
1774150558389,2026-03-22 03:35:58.389,69518.0,0.003,A,208.554,787774980838554
1774150558389,2026-03-22 03:35:58.389,69517.0,0.00017,A,11.81789,379207873902001
1774150558389,2026-03-22 03:35:58.389,69516.0,0.00017,A,11.817720000000001,239619891240336
1774150558389,2026-03-22 03:35:58.389,69515.0,0.00017,A,11.81755,400421743203970
1774150558389,2026-03-22 03:35:58.389,69515.0,0.00036,A,25.0254,75466530280924
1774150558389,2026-03-22 03:35:58.389,69514.0,0.00017,A,11.81738,710008850032022
1774150558389,2026-03-22 03:35:58.389,69513.0,0.00017,A,11.817210000000001,964021143789829
1774150558389,2026-03-22 03:35:58.389,69512.0,0.00017,A,11.81704,385260363819455
1774150558389,2026-03-22 03:35:58.389,69511.0,0.00017,A,11.816870000000002,574354620520709
1774150558389,2026-03-22 03:35:58.389,69510.0,0.00017,A,11.8167,556138185221935
1774150558389,2026-03-22 03:35:58.389,69509.0,0.00017,A,11.81653,1120822262842608
1774150558389,2026-03-22 03:35:58.389,69507.0,0.02877,A,1999.71639,546364562775310
1774150558389,2026-03-22 03:35:58.389,69506.0,0.0115,A,799.319,660733543949364
1774150558389,2026-03-22 03:35:58.389,69505.0,0.00144,A,100.08720000000001,718361707060974
1774150558389,2026-03-22 03:35:58.389,69505.0,0.00016,A,11.120800000000001,462069188242712
1774150558389,2026-03-22 03:35:58.389,69503.0,0.07193,A,4999.3507899999995,39804355837652
1774150558389,2026-03-22 03:35:58.389,69501.0,0.00016,A,11.12016,426056890744409
1774150558389,2026-03-22 03:35:58.389,69501.0,0.00016,A,11.12016,605119325337530
1774150558389,2026-03-22 03:35:58.389,69501.0,0.01151,A,799.95651,142405294558085
1774150558389,2026-03-22 03:35:58.389,69501.0,0.2,A,13900.2,1083930545007764
1774150558389,2026-03-22 03:35:58.389,69500.0,0.064,A,4448.0,44325209891554
1774150558389,2026-03-22 03:35:58.389,69500.0,0.00029,A,20.155,472272068710392
1774150558389,2026-03-22 03:35:58.389,69522.0,0.00144,B,100.11168,1041219524244157
1774150558389,2026-03-22 03:35:58.389,69522.0,0.19856,B,13804.28832,56806152973771
1774150558613,2026-03-22 03:35:58.613,69500.0,0.00072,A,50.040000000000006,169127120748221
1774150558816,2026-03-22 03:35:58.816,69499.0,0.00015,A,10.42485,65260403387679
1774150558816,2026-03-22 03:35:58.816,69498.0,0.001,A,69.498,61592165831910
1774150558816,2026-03-22 03:35:58.816,69498.0,0.02435,A,1692.2763,1036271607892582
1774150558977,2026-03-22 03:35:58.977,69499.0,0.11513,B,8001.41987,486126356576352
1774150558977,2026-03-22 03:35:58.977,69499.0,0.20349,B,14142.35151,843913802009488
1774150558977,2026-03-22 03:35:58.977,69499.0,0.35173,B,24444.88327,115760039371086
1774150558977,2026-03-22 03:35:58.977,69499.0,1.02576,B,71289.29424,725404703927740
1774150558977,2026-03-22 03:35:58.977,69499.0,0.34385,B,23897.23115,532468421274782
1774150558977,2026-03-22 03:35:58.977,69499.0,0.20349,B,14142.35151,818730689969023
1774150558977,2026-03-22 03:35:58.977,69499.0,0.35,B,24324.649999999998,934809823368223
1774150558977,2026-03-22 03:35:58.977,69499.0,0.11513,B,8001.41987,838932691241713
1774150558977,2026-03-22 03:35:58.977,69499.0,0.57557,B,40001.539430000004,293301688597493
1774150558977,2026-03-22 03:35:58.977,69499.0,1.05482,B,73308.93518,295031841306435
1774150558977,2026-03-22 03:35:58.977,69499.0,0.16482,B,11454.82518,658047684391890
1774150558977,2026-03-22 03:35:58.977,69499.0,0.35173,B,24444.88327,398815156438480
1774150558977,2026-03-22 03:35:58.977,69499.0,0.87715,B,60961.047849999995,781799391664621
1774150558977,2026-03-22 03:35:58.977,69497.0,0.00015,A,10.424549999999998,1077672825042378
1774150559028,2026-03-22 03:35:59.028,69499.0,0.00016,B,11.119840000000002,1103978828370314
1774150559203,2026-03-22 03:35:59.203,69497.0,1e-05,A,0.6949700000000001,1103024295206452
1774150559203,2026-03-22 03:35:59.203,69495.0,0.00016,A,11.119200000000001,541217913893088
1774150559579,2026-03-22 03:35:59.579,69495.0,0.36753,B,25541.49735,427979733599130
1774150559579,2026-03-22 03:35:59.579,69495.0,0.02987,B,2075.81565,227350508643438
1774150559806,2026-03-22 03:35:59.806,69494.0,0.00016,A,11.11904,907112494269552
1774150559806,2026-03-22 03:35:59.806,69494.0,0.00017,A,11.81398,288271332207802
1774150559806,2026-03-22 03:35:59.806,69493.0,0.00017,A,11.81381,209388191039103
1774150559806,2026-03-22 03:35:59.806,69492.0,0.004,A,277.968,840524588144162
1774150559806,2026-03-22 03:35:59.806,69492.0,0.00015,A,10.4238,2059536514399
1774150559806,2026-03-22 03:35:59.806,69492.0,0.00017,A,11.813640000000001,433684678595819
1774150559806,2026-03-22 03:35:59.806,69491.0,0.00017,A,11.81347,64978886092191
1774150559806,2026-03-22 03:35:59.806,69491.0,0.05291,A,3676.76881,85616976817053
1774150559806,2026-03-22 03:35:59.806,69490.0,0.00016,A,11.118400000000001,610134596551142
1774150559806,2026-03-22 03:35:59.806,69490.0,0.00017,A,11.813300000000002,770952028650612
1774150559806,2026-03-22 03:35:59.806,69489.0,0.00017,A,11.813130000000001,501881676309845
1774150559806,2026-03-22 03:35:59.806,69488.0,0.3416,A,23737.1008,682759559013450
1774150560492,2026-03-22 03:36:00.492,69489.0,0.004,B,277.956,307836169561861
1774150561437,2026-03-22 03:36:01.437,69489.0,0.04346,B,3019.99194,818604085672150
1774150561624,2026-03-22 03:36:01.624,69488.0,0.00017,A,11.81296,234899295977396
1774150561624,2026-03-22 03:36:01.624,69488.0,0.21723,A,15094.87824,720388161834885
1774150561680,2026-03-22 03:36:01.680,69488.0,0.0588,A,4085.8943999999997,826520547557753
1774150561680,2026-03-22 03:36:01.680,69488.0,0.28682,A,19930.548160000002,495698046050111
1774150561680,2026-03-22 03:36:01.680,69488.0,0.05438,A,3778.75744,607956847656359
1774150561680,2026-03-22 03:36:01.680,69489.0,1e-05,B,0.69489,674247339308282
1774150561879,2026-03-22 03:36:01.879,69489.0,0.002,B,138.978,137937273336226
1774150562085,2026-03-22 03:36:02.085,69489.0,0.002,B,138.978,83701032650877
1774150562268,2026-03-22 03:36:02.268,69490.0,0.00015,B,10.423499999999999,429102977165801
1774150562543,2026-03-22 03:36:02.543,69493.0,0.0013,A,90.34089999999999,309248366904467
1774150562543,2026-03-22 03:36:02.543,69494.0,0.003,B,208.482,22691351849372
1774150562543,2026-03-22 03:36:02.543,69495.0,0.004,B,277.98,1092583600432909
1774150562543,2026-03-22 03:36:02.543,69496.0,0.00015,B,10.424399999999999,220539234958194
1774150562750,2026-03-22 03:36:02.750,69501.0,0.00017,B,11.81517,680795863998925
1774150562750,2026-03-22 03:36:02.750,69501.0,0.00015,B,10.425149999999999,1004124374650201
1774150562750,2026-03-22 03:36:02.750,69502.0,0.00017,B,11.81534,973157746013110
1774150562750,2026-03-22 03:36:02.750,69503.0,0.00017,B,11.815510000000002,13128079423105
1774150562750,2026-03-22 03:36:02.750,69503.0,0.003,B,208.50900000000001,1004708918333908
1774150562750,2026-03-22 03:36:02.750,69504.0,0.00017,B,11.81568,690455769788358
1774150562750,2026-03-22 03:36:02.750,69505.0,0.00017,B,11.815850000000001,292168471868672
1774150562750,2026-03-22 03:36:02.750,69506.0,0.00017,B,11.81602,977562837272469
1774150562750,2026-03-22 03:36:02.750,69507.0,0.00017,B,11.81619,94588690733543
1774150562750,2026-03-22 03:36:02.750,69507.0,0.00015,B,10.426049999999998,500572658778758
1774150562750,2026-03-22 03:36:02.750,69508.0,0.00017,B,11.816360000000001,42727646550911
1774150562750,2026-03-22 03:36:02.750,69510.0,0.00029,B,20.1579,420622786083794
1774150562750,2026-03-22 03:36:02.750,69512.0,0.00015,B,10.426799999999998,320419254441319
1774150562750,2026-03-22 03:36:02.750,69517.0,0.00022,B,15.29374,1095839010261288
1774150562750,2026-03-22 03:36:02.750,69519.0,0.00012,B,8.34228,143921064115859
1774150562750,2026-03-22 03:36:02.750,69519.0,4e-05,B,2.7807600000000003,451317016137448
1774150562750,2026-03-22 03:36:02.750,69525.0,0.001,B,69.525,1040700727074208
1774150562750,2026-03-22 03:36:02.750,69526.0,0.04209,B,2926.34934,1112930329471604
1774150562946,2026-03-22 03:36:02.946,69525.0,0.03822,A,2657.2455,396639020514894
1774150562946,2026-03-22 03:36:02.946,69525.0,0.00098,A,68.1345,704345023257370
1774150562946,2026-03-22 03:36:02.946,69525.0,0.03724,A,2589.1110000000003,282298449301450
1774150562946,2026-03-22 03:36:02.946,69524.0,0.03822,A,2657.2072799999996,1010424537825752
1774150562946,2026-03-22 03:36:02.946,69524.0,1.20435,A,83731.2294,618575887646324
1774150562946,2026-03-22 03:36:02.946,69524.0,0.08,A,5561.92,948987889393235
1774150562946,2026-03-22 03:36:02.946,69524.0,0.16019,A,11137.04956,621203915408670
1774150562946,2026-03-22 03:36:02.946,69524.0,0.00017,A,11.819080000000001,108639099704535
1774150563350,2026-03-22 03:36:03.350,69529.0,0.00016,B,11.124640000000001,727210052575467
1774150563350,2026-03-22 03:36:03.350,69532.0,0.00086,B,59.79752,804029632515146
1774150563350,2026-03-22 03:36:03.350,69533.0,0.00016,B,11.12528,85501594933920
1774150563350,2026-03-22 03:36:03.350,69533.0,0.00392,B,272.56936,525847562253984
1774150564071,2026-03-22 03:36:04.071,69533.0,0.00142,A,98.73686000000001,672803384357937
1774150564332,2026-03-22 03:36:04.332,69534.0,0.00017,B,11.820780000000001,250307389223443
1774150564332,2026-03-22 03:36:04.332,69534.0,0.00076,B,52.84584,345230932359105
1774150565510,2026-03-22 03:36:05.510,69533.0,0.0036,B,250.31879999999998,7977457427312
1774150565567,2026-03-22 03:36:05.567,69533.0,0.11146,B,7750.14818,1022647110189992
1774150565567,2026-03-22 03:36:05.567,69533.0,0.05034,B,3500.29122,136404437014754
1774150565744,2026-03-22 03:36:05.744,69528.0,0.003,A,208.584,56802118924295
1774150565830,2026-03-22 03:36:05.830,69524.0,0.00017,A,11.819080000000001,931788119474920
1774150565959,2026-03-22 03:36:05.959,69523.0,0.00015,A,10.42845,817982466341855
1774150565959,2026-03-22 03:36:05.959,69523.0,0.00017,A,11.81891,664679348458992
1774150565959,2026-03-22 03:36:05.959,69523.0,0.003,A,208.56900000000002,432822039790095
1774150565959,2026-03-22 03:36:05.959,69522.0,0.00017,A,11.81874,1006942136756328
1774150565959,2026-03-22 03:36:05.959,69521.0,0.00017,A,11.818570000000001,734658399961412
1774150565959,2026-03-22 03:36:05.959,69520.0,0.00017,A,11.8184,345952460753421
1774150565959,2026-03-22 03:36:05.959,69519.0,0.00017,A,11.818230000000002,554235738112591
1774150565959,2026-03-22 03:36:05.959,69518.0,0.00015,A,10.4277,299530229867756
1774150565959,2026-03-22 03:36:05.959,69518.0,0.00017,A,11.818060000000001,1059189897738206
1774150565959,2026-03-22 03:36:05.959,69517.0,0.00017,A,11.81789,980184879184245
1774150565959,2026-03-22 03:36:05.959,69516.0,0.00016,A,11.122560000000002,673011999681565
1774150565959,2026-03-22 03:36:05.959,69516.0,0.00017,A,11.817720000000001,745489766425899
1774150565959,2026-03-22 03:36:05.959,69515.0,0.00017,A,11.81755,939968449802710
1774150565959,2026-03-22 03:36:05.959,69514.0,0.00017,A,11.81738,1067853381398819
1774150565959,2026-03-22 03:36:05.959,69513.0,0.21224,A,14753.439120000001,645990302473280
1774150566014,2026-03-22 03:36:06.014,69524.0,0.0392,B,2725.3408,1079468449112197
1774150566171,2026-03-22 03:36:06.171,69514.0,0.14,B,9731.960000000001,390537518204996
1774150566171,2026-03-22 03:36:06.171,69514.0,0.08,B,5561.12,841266853427940
1774150566171,2026-03-22 03:36:06.171,69514.0,0.35,B,24329.899999999998,317696329840970
1774150566171,2026-03-22 03:36:06.171,69514.0,0.7,B,48659.799999999996,433473205213192
1774150566171,2026-03-22 03:36:06.171,69514.0,0.42153,B,29302.23642,1015733430177685
1774150566171,2026-03-22 03:36:06.171,69514.0,0.1791,B,12449.957400000001,342555932453952
1774150566171,2026-03-22 03:36:06.171,69514.0,0.10167,B,7067.48838,960491527974854
1774150566171,2026-03-22 03:36:06.171,69514.0,0.60921,B,42348.623940000005,265923042010875
1774150566171,2026-03-22 03:36:06.171,69514.0,0.10789,B,7499.86546,931550133954158
1774150566171,2026-03-22 03:36:06.171,69514.0,1.43857,B,100000.75498,866147188245213
1774150566171,2026-03-22 03:36:06.171,69514.0,0.35,B,24329.899999999998,123120719829363
1774150566171,2026-03-22 03:36:06.171,69514.0,0.15585,B,10833.756899999998,503325648317549
1774150566171,2026-03-22 03:36:06.171,69514.0,0.19386,B,13475.984040000001,324829343079472
1774150566171,2026-03-22 03:36:06.171,69514.0,1.43857,B,100000.75498,892943784772472
1774150566171,2026-03-22 03:36:06.171,69514.0,1.43857,B,100000.75498,929844303590203
1774150566171,2026-03-22 03:36:06.171,69514.0,0.28772,B,20000.568079999997,410260708543032
1774150566171,2026-03-22 03:36:06.171,69514.0,1.43857,B,100000.75498,274869217608847
1774150566171,2026-03-22 03:36:06.171,69514.0,0.24322,B,16907.195079999998,122641096903379
1774150566171,2026-03-22 03:36:06.171,69514.0,0.35,B,24329.899999999998,622962230781149
1774150566171,2026-03-22 03:36:06.171,69514.0,0.08,B,5561.12,9764904355219
1774150566171,2026-03-22 03:36:06.171,69514.0,1.43857,B,100000.75498,297091516552855
1774150566171,2026-03-22 03:36:06.171,69514.0,0.10789,B,7499.86546,588197487956712
1774150566171,2026-03-22 03:36:06.171,69514.0,1.43857,B,100000.75498,454944532509445
1774150566171,2026-03-22 03:36:06.171,69514.0,1.43857,B,100000.75498,133440514442625
1774150566171,2026-03-22 03:36:06.171,69514.0,1.43857,B,100000.75498,363031509484805
1774150566171,2026-03-22 03:36:06.171,69514.0,1.43857,B,100000.75498,679671586338684
1774150566171,2026-03-22 03:36:06.171,69514.0,0.13731,B,9544.96734,534572360785412
1774150566171,2026-03-22 03:36:06.171,69514.0,0.00719,B,499.80566,514619595885574
1774150566171,2026-03-22 03:36:06.171,69514.0,0.35,B,24329.899999999998,138704978274238
1774150566171,2026-03-22 03:36:06.171,69514.0,0.08,B,5561.12,708923127871510
1774150566171,2026-03-22 03:36:06.171,69514.0,0.24322,B,16907.195079999998,562417142265517
1774150566171,2026-03-22 03:36:06.171,69514.0,0.10167,B,7067.48838,426226018008915
1774150566171,2026-03-22 03:36:06.171,69514.0,1.43857,B,100000.75498,585501429110145
1774150566171,2026-03-22 03:36:06.171,69514.0,1.43857,B,100000.75498,959078664621778
1774150566171,2026-03-22 03:36:06.171,69514.0,1.43857,B,100000.75498,877381497827045
1774150566171,2026-03-22 03:36:06.171,69514.0,0.12639,B,8785.87446,129286518789097
1774150566171,2026-03-22 03:36:06.171,69514.0,0.14,B,9731.960000000001,409879675941667
1774150566171,2026-03-22 03:36:06.171,69514.0,0.1109,B,7709.1026,801493592788950
1774150566171,2026-03-22 03:36:06.171,69514.0,0.28772,B,20000.568079999997,645885878943347
1774150566171,2026-03-22 03:36:06.171,69514.0,0.13558,B,9424.708120000001,573487737987340
1774150566171,2026-03-22 03:36:06.171,69514.0,0.1109,B,7709.1026,945895461401996
1774150566171,2026-03-22 03:36:06.171,69514.0,0.1791,B,12449.957400000001,266781929537788
1774150566171,2026-03-22 03:36:06.171,69514.0,0.00719,B,499.80566,1101762628581063
1774150566171,2026-03-22 03:36:06.171,69514.0,0.04632,B,3219.88848,129106534499470
1774150566171,2026-03-22 03:36:06.171,69514.0,0.60921,B,42348.623940000005,801057960491618
1774150566171,2026-03-22 03:36:06.171,69514.0,1.43857,B,100000.75498,362747369149543
1774150566171,2026-03-22 03:36:06.171,69514.0,0.23534,B,16359.42476,87671951343338
1774150566171,2026-03-22 03:36:06.171,69514.0,0.23534,B,16359.42476,468130457448673
1774150566171,2026-03-22 03:36:06.171,69514.0,0.35,B,24329.899999999998,896393978897058
1774150566171,2026-03-22 03:36:06.171,69514.0,0.7,B,48659.799999999996,166968467206678
1774150566171,2026-03-22 03:36:06.171,69514.0,1.43857,B,100000.75498,742838150947484
1774150566171,2026-03-22 03:36:06.171,69514.0,0.35,B,24329.899999999998,122236132549879
1774150566171,2026-03-22 03:36:06.171,69514.0,0.01251,B,869.62014,562164528647055
1774150566511,2026-03-22 03:36:06.511,69514.0,0.00017,B,11.81738,448943768747171
1774150566720,2026-03-22 03:36:06.720,69513.0,0.00077,A,53.525009999999995,166775440569339
1774150567579,2026-03-22 03:36:07.579,69513.0,0.00143,A,99.40359000000001,158099377398642
1774150567777,2026-03-22 03:36:07.777,69513.0,0.28556,A,19850.132279999998,1079274594145597
1774150567777,2026-03-22 03:36:07.777,69513.0,0.00017,A,11.817210000000001,257459351761414
1774150567777,2026-03-22 03:36:07.777,69513.0,0.00093,A,64.64709,674702116794408
1774150567980,2026-03-22 03:36:07.980,69513.0,0.20235,B,14065.95555,1061804007994683
1774150567980,2026-03-22 03:36:07.980,69513.0,0.0881,B,6124.0953,1011046707560407
1774150567980,2026-03-22 03:36:07.980,69513.0,0.01749,B,1215.78237,847407937804662
1774150568055,2026-03-22 03:36:08.055,69513.0,0.00016,B,11.12208,855315987009341
1774150568382,2026-03-22 03:36:08.382,69512.0,0.05028,A,3495.06336,1086046097955546
1774150568382,2026-03-22 03:36:08.382,69511.0,0.00017,A,11.816870000000002,633421998190313
1774150568382,2026-03-22 03:36:08.382,69511.0,0.02877,A,1999.83147,394439063970007
1774150568382,2026-03-22 03:36:08.382,69510.0,0.00017,A,11.8167,372632594168217
1774150568382,2026-03-22 03:36:08.382,69509.0,0.00017,A,11.81653,148916876806436
1774150568382,2026-03-22 03:36:08.382,69508.0,0.00017,A,11.816360000000001,946811646508863
1774150568382,2026-03-22 03:36:08.382,69508.0,0.003,A,208.524,215694435354128
1774150568382,2026-03-22 03:36:08.382,69508.0,0.00015,A,10.4262,576062210143072
1774150568382,2026-03-22 03:36:08.382,69507.0,0.00017,A,11.81619,800480051464459
1774150568382,2026-03-22 03:36:08.382,69506.0,0.00017,A,11.81602,1120895775074444
1774150568382,2026-03-22 03:36:08.382,69505.0,0.00017,A,11.815850000000001,583012928577488
1774150568382,2026-03-22 03:36:08.382,69504.0,0.01151,A,799.99104,810605813435210
1774150568382,2026-03-22 03:36:08.382,69504.0,0.00017,A,11.81568,554885818204834
1774150568382,2026-03-22 03:36:08.382,69504.0,0.30493,A,21193.85472,187617364573180
1774150568521,2026-03-22 03:36:08.521,69505.0,0.00015,B,10.425749999999999,863667376237718
1774150569535,2026-03-22 03:36:09.535,69504.0,0.00057,A,39.61728,236297768844344
1774150569535,2026-03-22 03:36:09.535,69505.0,0.00017,B,11.815850000000001,837064213889911
1774150570343,2026-03-22 03:36:10.343,69504.0,0.00017,A,11.81568,884753973330053
1774150570343,2026-03-22 03:36:10.343,69504.0,0.0004,A,27.8016,485397930479461
1774150570343,2026-03-22 03:36:10.343,69504.0,0.00721,A,501.12384000000003,1085432250485831
1774150570343,2026-03-22 03:36:10.343,69503.0,0.00017,A,11.815510000000002,957162017239112
1774150570343,2026-03-22 03:36:10.343,69503.0,0.003,A,208.50900000000001,57355755396482
1774150570343,2026-03-22 03:36:10.343,69502.0,0.00017,A,11.81534,383996318380507
1774150570343,2026-03-22 03:36:10.343,69501.0,0.00016,A,11.12016,662196173743248
1774150570343,2026-03-22 03:36:10.343,69501.0,0.00017,A,11.81517,595612386502318
1774150570343,2026-03-22 03:36:10.343,69500.0,0.00017,A,11.815000000000001,929451964011547
1774150570343,2026-03-22 03:36:10.343,69499.0,0.00017,A,11.81483,662788492297445
1774150570343,2026-03-22 03:36:10.343,69499.0,0.001,A,69.499,172021496464541
1774150570343,2026-03-22 03:36:10.343,69498.0,0.00017,A,11.814660000000002,270958830803536
1774150570343,2026-03-22 03:36:10.343,69497.0,0.00016,A,11.119520000000001,1076197313888204
1774150570343,2026-03-22 03:36:10.343,69497.0,0.00017,A,11.814490000000001,432810276606957
1774150570343,2026-03-22 03:36:10.343,69497.0,0.00015,A,10.424549999999998,398386810394229
1774150570343,2026-03-22 03:36:10.343,69496.0,0.00017,A,11.81432,486350290873202
1774150570343,2026-03-22 03:36:10.343,69495.0,0.00017,A,11.814150000000001,1065297977481738
1774150570343,2026-03-22 03:36:10.343,69494.0,0.00422,A,293.26468,1124257330683846
1774150570343,2026-03-22 03:36:10.343,69494.0,0.00017,A,11.81398,722951603042606
1774150570343,2026-03-22 03:36:10.343,69494.0,0.003,A,208.482,130489919315193
1774150570343,2026-03-22 03:36:10.343,69493.0,0.00017,A,11.81381,582001535742351
1774150570343,2026-03-22 03:36:10.343,69492.0,0.00015,A,10.4238,609867054150413
1774150570343,2026-03-22 03:36:10.343,69492.0,0.00017,A,11.813640000000001,896239667846142
1774150570343,2026-03-22 03:36:10.343,69491.0,0.00017,A,11.81347,925870665043077
1774150570343,2026-03-22 03:36:10.343,69490.0,0.00017,A,11.813300000000002,572540211498502
1774150570343,2026-03-22 03:36:10.343,69489.0,0.00017,A,11.813130000000001,380212914050659
1774150570343,2026-03-22 03:36:10.343,69488.0,0.00017,A,11.81296,706607531415194
1774150570343,2026-03-22 03:36:10.343,69487.0,0.00017,A,11.812790000000001,1124219718436282
1774150570343,2026-03-22 03:36:10.343,69487.0,0.00015,A,10.42305,263093451639190
1774150570343,2026-03-22 03:36:10.343,69486.0,0.00016,A,11.11776,459787732022278
1774150570343,2026-03-22 03:36:10.343,69486.0,0.00016,A,11.11776,784226551091094
1774150570343,2026-03-22 03:36:10.343,69486.0,0.00017,A,11.81262,606513444215195
1774150570343,2026-03-22 03:36:10.343,69485.0,0.00017,A,11.81245,619573433128832
1774150570343,2026-03-22 03:36:10.343,69484.0,0.00022,A,15.286480000000001,760745823540886
1774150570343,2026-03-22 03:36:10.343,69483.0,0.00016,A,11.117280000000001,637613513633580
1774150570343,2026-03-22 03:36:10.343,69483.0,0.001,A,69.483,180485629932840
1774150570343,2026-03-22 03:36:10.343,69479.0,0.00016,A,11.11664,235455831089398
1774150570343,2026-03-22 03:36:10.343,69477.0,0.07196,A,4999.56492,546541019359746
1774150570343,2026-03-22 03:36:10.343,69473.0,0.06556,A,4554.64988,955879549284878
1774150571803,2026-03-22 03:36:11.803,69474.0,0.00017,A,11.810580000000002,443172221303951
1774150571803,2026-03-22 03:36:11.803,69473.0,0.00017,A,11.810410000000001,53549810557421
1774150571803,2026-03-22 03:36:11.803,69472.0,0.00017,A,11.81024,1075221018521541
1774150571803,2026-03-22 03:36:11.803,69472.0,0.02878,A,1999.40416,425098557872468
1774150571803,2026-03-22 03:36:11.803,69471.0,0.00017,A,11.810070000000001,903564099387511
1774150571803,2026-03-22 03:36:11.803,69470.0,0.00017,A,11.8099,207054172360411
1774150571803,2026-03-22 03:36:11.803,69469.0,0.00057,A,39.59733,689324955332741
1774150571803,2026-03-22 03:36:11.803,69469.0,0.00017,A,11.80973,573268932519381
1774150571803,2026-03-22 03:36:11.803,69468.0,0.00016,A,11.114880000000001,376578600005907
1774150571803,2026-03-22 03:36:11.803,69468.0,0.00017,A,11.809560000000001,308974915556004
1774150571803,2026-03-22 03:36:11.803,69468.0,0.003,A,208.404,498622450750073
1774150571803,2026-03-22 03:36:11.803,69467.0,0.00017,A,11.80939,227658550489584
1774150571803,2026-03-22 03:36:11.803,69466.0,0.00017,A,11.809220000000002,254161794065856
1774150571803,2026-03-22 03:36:11.803,69465.0,0.00017,A,11.809050000000001,766218332411086
1774150571803,2026-03-22 03:36:11.803,69465.0,0.05291,A,3675.39315,1068731650571433
1774150571803,2026-03-22 03:36:11.803,69465.0,0.02879,A,1999.89735,1105015852636379
1774150571803,2026-03-22 03:36:11.803,69464.0,0.00016,A,11.11424,691538760387581
1774150571803,2026-03-22 03:36:11.803,69464.0,0.01151,A,799.53064,768992428822556
1774150571803,2026-03-22 03:36:11.803,69464.0,0.00017,A,11.80888,230122575647012
1774150571803,2026-03-22 03:36:11.803,69463.0,0.00017,A,11.808710000000001,13266171371615
1774150571803,2026-03-22 03:36:11.803,69463.0,0.003,A,208.389,621498837392256
1774150571803,2026-03-22 03:36:11.803,69462.0,0.003,A,208.386,111498797917914
1774150571803,2026-03-22 03:36:11.803,69462.0,0.00017,A,11.80854,1010280532765910
1774150571803,2026-03-22 03:36:11.803,69462.0,0.05665,A,3935.0223,528805417008214
1774150571803,2026-03-22 03:36:11.803,69462.0,0.20926,A,14535.618120000001,732664909243443
1774150572091,2026-03-22 03:36:12.091,69462.0,0.02813,A,1953.96606,948640259276506
1774150572367,2026-03-22 03:36:12.367,69466.0,0.00017,B,11.809220000000002,320015050168819
1774150572482,2026-03-22 03:36:12.482,69466.0,0.00139,B,96.55774,991532361647787
1774150572765,2026-03-22 03:36:12.765,69475.0,0.01252,B,869.827,584142686573414
1774150572810,2026-03-22 03:36:12.810,69480.0,0.003,B,208.44,17369133042672
1774150572810,2026-03-22 03:36:12.810,69481.0,0.00017,B,11.811770000000001,524255366017378
1774150572810,2026-03-22 03:36:12.810,69481.0,0.00015,B,10.422149999999998,179419654431066
1774150572810,2026-03-22 03:36:12.810,69482.0,0.00017,B,11.811940000000002,350639749616725
1774150572995,2026-03-22 03:36:12.995,69486.0,0.003,B,208.458,505144269552188
1774150572995,2026-03-22 03:36:12.995,69486.0,0.00015,B,10.422899999999998,262317715339482
1774150573411,2026-03-22 03:36:13.411,69491.0,0.00745,B,517.70795,29295081353062
1774150574321,2026-03-22 03:36:14.321,69497.0,0.0007,B,48.6479,81639402443574
1774150574683,2026-03-22 03:36:14.683,69491.0,0.003,A,208.473,835917961795449
1774150574683,2026-03-22 03:36:14.683,69489.0,0.00017,A,11.813130000000001,425279692190473
1774150574683,2026-03-22 03:36:14.683,69487.0,0.00015,A,10.42305,121779003657572
1774150574683,2026-03-22 03:36:14.683,69486.0,0.003,A,208.458,903740126354037
1774150574683,2026-03-22 03:36:14.683,69486.0,0.00017,A,11.81262,1083294911064851
1774150574683,2026-03-22 03:36:14.683,69482.0,0.00017,A,11.811940000000002,359243885509022
1774150574683,2026-03-22 03:36:14.683,69481.0,0.05594,A,3886.76714,824549559499932
1774150576029,2026-03-22 03:36:16.029,69481.0,0.00017,A,11.811770000000001,688280075593576
1774150576029,2026-03-22 03:36:16.029,69481.0,0.0001,A,6.9481,33903831011423
1774150576527,2026-03-22 03:36:16.527,69481.0,7e-05,B,4.86367,1052581483310395
1774150576527,2026-03-22 03:36:16.527,69481.0,0.00017,B,11.811770000000001,214972266968072
1774150576710,2026-03-22 03:36:16.710,69480.0,0.00017,A,11.8116,181099407225408
1774150576710,2026-03-22 03:36:16.710,69479.0,0.00017,A,11.811430000000001,520170091359213
1774150576710,2026-03-22 03:36:16.710,69478.0,0.00017,A,11.81126,728147874599697
1774150576710,2026-03-22 03:36:16.710,69477.0,0.00017,A,11.81109,347678965909040
1774150576710,2026-03-22 03:36:16.710,69476.0,0.00017,A,11.810920000000001,180564509588562
1774150576710,2026-03-22 03:36:16.710,69476.0,0.003,A,208.428,523757348383720
1774150576710,2026-03-22 03:36:16.710,69475.0,0.00017,A,11.81075,487219058122903
1774150576710,2026-03-22 03:36:16.710,69474.0,0.00017,A,11.810580000000002,408572803955904
1774150576710,2026-03-22 03:36:16.710,69473.0,0.00017,A,11.810410000000001,520143458937635
1774150576710,2026-03-22 03:36:16.710,69472.0,0.00017,A,11.81024,289547785616942
1774150576710,2026-03-22 03:36:16.710,69471.0,0.00017,A,11.810070000000001,260472022238913
1774150576710,2026-03-22 03:36:16.710,69471.0,0.003,A,208.413,311224580764951
1774150577041,2026-03-22 03:36:17.041,69470.0,0.00017,A,11.8099,825935342498834
1774150577686,2026-03-22 03:36:17.686,69469.0,0.00017,A,11.80973,371899095558398
1774150577686,2026-03-22 03:36:17.686,69469.0,0.00127,A,88.22563000000001,69177312705738
1774150578169,2026-03-22 03:36:18.169,69469.0,0.00153,A,106.28756999999999,295952424193065
1774150578169,2026-03-22 03:36:18.169,69470.0,0.00057,B,39.597899999999996,267273892423695
1774150579051,2026-03-22 03:36:19.051,69469.0,0.00017,A,11.80973,447827288345943
1774150579180,2026-03-22 03:36:19.180,69468.0,0.00016,A,11.114880000000001,197310415391296
1774150579180,2026-03-22 03:36:19.180,69468.0,0.00017,A,11.809560000000001,822529465302472
1774150579180,2026-03-22 03:36:19.180,69467.0,0.00017,A,11.80939,606516294146930
1774150579180,2026-03-22 03:36:19.180,69466.0,0.00017,A,11.809220000000002,787893186869568
1774150579180,2026-03-22 03:36:19.180,69465.0,0.00017,A,11.809050000000001,18756777110804
1774150579180,2026-03-22 03:36:19.180,69464.0,0.00016,A,11.11424,445855870208564
1774150579180,2026-03-22 03:36:19.180,69464.0,0.00017,A,11.80888,430295294437628
1774150579180,2026-03-22 03:36:19.180,69464.0,0.003,A,208.392,450978950455510
1774150579180,2026-03-22 03:36:19.180,69463.0,0.00017,A,11.808710000000001,541214249900284
1774150579252,2026-03-22 03:36:19.252,69462.0,0.00017,A,11.80854,522939627017710
1774150579252,2026-03-22 03:36:19.252,69462.0,0.07386,A,5130.46332,107110098635742
1774150579252,2026-03-22 03:36:19.252,69461.0,0.00017,A,11.80837,1041246906344418
1774150579252,2026-03-22 03:36:19.252,69461.0,0.00015,A,10.419149999999998,291566981915000
1774150579252,2026-03-22 03:36:19.252,69460.0,0.00016,A,11.113600000000002,97748499082762
1774150579252,2026-03-22 03:36:19.252,69460.0,0.00017,A,11.808200000000001,884369754615312
1774150579391,2026-03-22 03:36:19.391,69459.0,0.00017,A,11.80803,293117446478943
1774150579391,2026-03-22 03:36:19.391,69459.0,0.003,A,208.377,873556561023439
1774150579391,2026-03-22 03:36:19.391,69458.0,0.00071,A,49.31518,902409209635933
1774150579391,2026-03-22 03:36:19.391,69458.0,0.00016,A,11.113280000000001,949064045107388
1774150579391,2026-03-22 03:36:19.391,69458.0,0.00017,A,11.807860000000002,27288303153618
1774150579517,2026-03-22 03:36:19.517,69458.0,0.00017,B,11.807860000000002,1001473269272130
1774150579819,2026-03-22 03:36:19.819,69457.0,0.00017,A,11.807690000000001,41961988309428
1774150579819,2026-03-22 03:36:19.819,69456.0,0.00036,A,25.004160000000002,363394758589287
1774150579819,2026-03-22 03:36:19.819,69456.0,0.00017,A,11.80752,151955122538564
1774150579819,2026-03-22 03:36:19.819,69455.0,0.004,A,277.82,664478188529636
1774150579819,2026-03-22 03:36:19.819,69455.0,0.00017,A,11.807350000000001,344055991454538
1774150580121,2026-03-22 03:36:20.121,69455.0,0.08358,B,5805.0489,759852478882056
1774150580121,2026-03-22 03:36:20.121,69455.0,0.41642,B,28922.451100000002,729096500178400
1774150580222,2026-03-22 03:36:20.222,69454.0,0.00017,A,11.80718,422756562865391
1774150580222,2026-03-22 03:36:20.222,69453.0,0.00017,A,11.80701,681061367305871
1774150580222,2026-03-22 03:36:20.222,69452.0,0.00017,A,11.806840000000001,449685403275498
1774150580222,2026-03-22 03:36:20.222,69452.0,0.02966,A,2059.94632,373506282966622
1774150580735,2026-03-22 03:36:20.735,69452.0,0.02325,A,1614.759,511223407463571
1774150580735,2026-03-22 03:36:20.735,69452.0,0.02675,A,1857.841,68795208304722
1774150581028,2026-03-22 03:36:21.028,69452.0,0.00028,A,19.446559999999998,701496414726267
1774150582022,2026-03-22 03:36:22.022,69452.0,0.00017,A,11.806840000000001,927416047214931
1774150582744,2026-03-22 03:36:22.744,69452.0,0.00037,B,25.69724,193241487433878
1774150582744,2026-03-22 03:36:22.744,69452.0,0.00017,B,11.806840000000001,894181879345716
1774150583346,2026-03-22 03:36:23.346,69451.0,0.00017,A,11.80667,13688892513391
1774150583346,2026-03-22 03:36:23.346,69451.0,0.0286,A,1986.2986,715355216910315
1774150583861,2026-03-22 03:36:23.861,69451.0,0.004,B,277.80400000000003,882269395407989
1774150584145,2026-03-22 03:36:24.145,69451.0,0.00552,B,383.36951999999997,360330469257322
1774150584145,2026-03-22 03:36:24.145,69450.0,0.00017,A,11.806500000000002,61510534106916
1774150584145,2026-03-22 03:36:24.145,69450.0,0.00143,A,99.3135,862135800100599
1774150584219,2026-03-22 03:36:24.219,69449.0,0.00016,A,11.11184,455327137712290
1774150584219,2026-03-22 03:36:24.219,69449.0,0.00017,A,11.80633,490786636395312
1774150584219,2026-03-22 03:36:24.219,69449.0,0.003,A,208.347,664199308541906
1774150584219,2026-03-22 03:36:24.219,69448.0,0.00017,A,11.80616,562670473001034
1774150584219,2026-03-22 03:36:24.219,69447.0,0.00017,A,11.805990000000001,137827445162086
1774150584219,2026-03-22 03:36:24.219,69446.0,0.00016,A,11.111360000000001,668621144373954
1774150584219,2026-03-22 03:36:24.219,69446.0,0.00017,A,11.80582,70693095481327
1774150584219,2026-03-22 03:36:24.219,69446.0,0.00032,A,22.222720000000002,331166329850887
1774150584219,2026-03-22 03:36:24.219,69445.0,0.00017,A,11.80565,358421767905710
1774150584219,2026-03-22 03:36:24.219,69444.0,0.00017,A,11.805480000000001,275650974380114
1774150584219,2026-03-22 03:36:24.219,69444.0,0.003,A,208.332,730596504985221
1774150584219,2026-03-22 03:36:24.219,69443.0,0.00017,A,11.80531,556301554407240
1774150584284,2026-03-22 03:36:24.284,69442.0,0.00016,A,11.11072,978253002004354
1774150584284,2026-03-22 03:36:24.284,69442.0,0.00017,A,11.805140000000002,81949405982837
1774150584284,2026-03-22 03:36:24.284,69441.0,0.00017,A,11.80497,668711495512938
1774150584284,2026-03-22 03:36:24.284,69440.0,0.00016,A,11.1104,206300697527130
1774150584284,2026-03-22 03:36:24.284,69440.0,0.00016,A,11.1104,812081662358664
1774150584284,2026-03-22 03:36:24.284,69440.0,0.00017,A,11.8048,836572689304316
1774150584284,2026-03-22 03:36:24.284,69440.0,0.02093,A,1453.3792,420384273058705
1774150584284,2026-03-22 03:36:24.284,69439.0,0.00017,A,11.804630000000001,99875520256617
1774150584284,2026-03-22 03:36:24.284,69439.0,0.01721,A,1195.04519,831353319626076
1774150584455,2026-03-22 03:36:24.455,69439.0,0.00676,A,469.40764,98324417128163
1774150584455,2026-03-22 03:36:24.455,69438.0,0.00016,A,11.110080000000002,155594905544153
1774150584455,2026-03-22 03:36:24.455,69438.0,0.00017,A,11.80446,499837635465628
1774150584828,2026-03-22 03:36:24.828,69437.0,0.00017,A,11.804290000000002,452505490081567
1774150584828,2026-03-22 03:36:24.828,69436.0,0.00017,A,11.804120000000001,84058226611625
1774150584828,2026-03-22 03:36:24.828,69435.0,0.00016,A,11.1096,523153221578296
1774150584828,2026-03-22 03:36:24.828,69435.0,0.00017,A,11.80395,968600969302978
1774150586274,2026-03-22 03:36:26.274,69434.0,0.00017,A,11.803780000000001,1111576565261328
1774150586474,2026-03-22 03:36:26.474,69434.0,0.00127,B,88.18118000000001,44879004478964
1774150586474,2026-03-22 03:36:26.474,69434.0,0.00592,B,411.04928,123849522976352
1774150586628,2026-03-22 03:36:26.628,69433.0,0.00017,A,11.80361,244950760503522
1774150586858,2026-03-22 03:36:26.858,69432.0,0.00143,A,99.28776,446480951759453
1774150586858,2026-03-22 03:36:26.858,69431.0,0.00016,A,11.108960000000002,437858655918440
1774150586858,2026-03-22 03:36:26.858,69431.0,0.00017,A,11.803270000000001,999928491168941
1774150586858,2026-03-22 03:36:26.858,69430.0,0.00017,A,11.8031,561504147737832
1774150586858,2026-03-22 03:36:26.858,69429.0,0.00017,A,11.802930000000002,457721011773353
1774150586858,2026-03-22 03:36:26.858,69428.0,0.00017,A,11.802760000000001,1071333707757446
1774150586858,2026-03-22 03:36:26.858,69427.0,0.00016,A,11.10832,192942615618644
1774150586858,2026-03-22 03:36:26.858,69427.0,0.04259,A,2956.89593,1108284006867710
1774150587016,2026-03-22 03:36:27.016,69427.0,0.00017,A,11.80259,734589458526684
1774150587016,2026-03-22 03:36:27.016,69427.0,0.01661,A,1153.18247,467247316145588
1774150587481,2026-03-22 03:36:27.481,69427.0,0.01441,A,1000.4430699999999,963688657437293
1774150587543,2026-03-22 03:36:27.543,69428.0,0.00035,B,24.2998,427775778659820
1774150588681,2026-03-22 03:36:28.681,69428.0,0.00296,B,205.50688,955820148716654
1774150589035,2026-03-22 03:36:29.035,69428.0,0.00016,B,11.10848,474561808007311
1774150590519,2026-03-22 03:36:30.519,69427.0,0.00745,A,517.23115,692635864598513
1774150591461,2026-03-22 03:36:31.461,69427.0,0.00044,A,30.547880000000003,350671159822798
1774150591683,2026-03-22 03:36:31.683,69427.0,0.01523,A,1057.37321,493516063925975
1774150591731,2026-03-22 03:36:31.731,69428.0,0.00034,B,23.605520000000002,9209914203454
1774150593148,2026-03-22 03:36:33.148,69428.0,0.00017,B,11.802760000000001,906513590961050
1774150593148,2026-03-22 03:36:33.148,69429.0,0.00017,B,11.802930000000002,480931471035521
1774150593148,2026-03-22 03:36:33.148,69429.0,0.00015,B,10.414349999999999,120595224060256
1774150593148,2026-03-22 03:36:33.148,69430.0,0.00017,B,11.8031,1113537924275754
1774150593148,2026-03-22 03:36:33.148,69431.0,0.00017,B,11.803270000000001,460920632265813
1774150593148,2026-03-22 03:36:33.148,69431.0,0.00015,B,10.41465,205334146456142
1774150593148,2026-03-22 03:36:33.148,69432.0,0.00017,B,11.80344,59432639311577
1774150593148,2026-03-22 03:36:33.148,69433.0,0.00085,B,59.018049999999995,534187805237384
1774150593501,2026-03-22 03:36:33.501,69433.0,0.00215,B,149.28095,427228584399601
1774150593501,2026-03-22 03:36:33.501,69434.0,0.00017,B,11.803780000000001,480322378067035
1774150593501,2026-03-22 03:36:33.501,69434.0,0.00016,B,11.109440000000001,436205679540200
1774150594154,2026-03-22 03:36:34.154,69435.0,0.006,B,416.61,882795364313558
1774150595062,2026-03-22 03:36:35.062,69429.0,0.00142,A,98.58918,364432771168800
1774150595326,2026-03-22 03:36:35.326,69430.0,0.00111,B,77.0673,643000598788140
1774150596488,2026-03-22 03:36:36.488,69428.0,0.0002,B,13.8856,1001020446064467
1774150598030,2026-03-22 03:36:38.030,69428.0,0.00016,B,11.10848,331301129430359
1774150598703,2026-03-22 03:36:38.703,69427.0,0.6581,A,45689.9087,213360269423119
1774150598780,2026-03-22 03:36:38.780,69427.0,0.845,A,58665.814999999995,254192432398168
1774150598780,2026-03-22 03:36:38.780,69427.0,0.00017,A,11.80259,653949569830405
1774150598780,2026-03-22 03:36:38.780,69426.0,0.00017,A,11.802420000000001,891018283139788
1774150598780,2026-03-22 03:36:38.780,69426.0,0.00015,A,10.4139,425179428676868
1774150598780,2026-03-22 03:36:38.780,69425.0,0.00017,A,11.80225,81502030763920
1774150598780,2026-03-22 03:36:38.780,69424.0,0.00016,A,11.107840000000001,1005399973182816
1774150598780,2026-03-22 03:36:38.780,69424.0,0.00017,A,11.80208,518626018111394
1774150598780,2026-03-22 03:36:38.780,69423.0,0.00017,A,11.801910000000001,86082233458746
1774150598780,2026-03-22 03:36:38.780,69422.0,0.00017,A,11.80174,119339245240663
1774150598780,2026-03-22 03:36:38.780,69421.0,0.004,A,277.684,773116999162013
1774150598780,2026-03-22 03:36:38.780,69421.0,0.00017,A,11.801570000000002,224444008329739
1774150598780,2026-03-22 03:36:38.780,69421.0,0.01987,A,1379.39527,81364064694761
1774150598780,2026-03-22 03:36:38.780,69421.0,0.02109,A,1464.08889,196475235813664
1774150598780,2026-03-22 03:36:38.780,69420.0,0.00016,A,11.1072,631178413469185
1774150598780,2026-03-22 03:36:38.780,69420.0,0.00017,A,11.801400000000001,268560419929202
1774150598780,2026-03-22 03:36:38.780,69420.0,0.00015,A,10.412999999999998,1037548033577623
1774150598780,2026-03-22 03:36:38.780,69419.0,0.00017,A,11.80123,502277471619991
1774150598780,2026-03-22 03:36:38.780,69419.0,0.003,A,208.257,788160593333035
1774150598780,2026-03-22 03:36:38.780,69418.0,0.004,A,277.672,320227502703780
1774150598780,2026-03-22 03:36:38.780,69418.0,0.00017,A,11.801060000000001,513150314985973
1774150598780,2026-03-22 03:36:38.780,69417.0,0.00017,A,11.80089,607213173244661
1774150598780,2026-03-22 03:36:38.780,69417.0,0.003,A,208.251,699130262531739
1774150598780,2026-03-22 03:36:38.780,69416.0,0.00017,A,11.80072,41985281390563
1774150598780,2026-03-22 03:36:38.780,69416.0,0.00016,A,11.106560000000002,786844236662476
1774150598780,2026-03-22 03:36:38.780,69415.0,0.00017,A,11.800550000000001,289709938585581
1774150598780,2026-03-22 03:36:38.780,69414.0,0.01152,A,799.6492800000001,42647831371744
1774150598780,2026-03-22 03:36:38.780,69414.0,0.00017,A,11.80038,439114290909807
1774150598780,2026-03-22 03:36:38.780,69413.0,0.00144,A,99.95472000000001,825068287678340
1774150598780,2026-03-22 03:36:38.780,69413.0,0.00016,A,11.10608,542535353893265
1774150598780,2026-03-22 03:36:38.780,69413.0,0.00017,A,11.800210000000002,1069941939142700
1774150598780,2026-03-22 03:36:38.780,69413.0,0.00022,A,15.27086,870333363037914
1774150598780,2026-03-22 03:36:38.780,69412.0,0.00017,A,11.800040000000001,58112829876004
1774150598780,2026-03-22 03:36:38.780,69412.0,0.00133,A,92.31796,880191416473824
1774150598780,2026-03-22 03:36:38.780,69412.0,1.08068,A,75012.16016,146953182240918
1774150598780,2026-03-22 03:36:38.780,69411.0,0.01188,A,824.60268,79501371999408
1774150598780,2026-03-22 03:36:38.780,69411.0,4.8,A,333172.8,636920985322227
1774150598780,2026-03-22 03:36:38.780,69411.0,0.2,A,13882.2,1087791159019534
1774150598780,2026-03-22 03:36:38.780,69411.0,0.00017,A,11.79987,339907446776578
1774150598780,2026-03-22 03:36:38.780,69411.0,0.05665,A,3932.13315,848447993856017
1774150598780,2026-03-22 03:36:38.780,69411.0,0.04903,A,3403.22133,121078540059789
1774150598780,2026-03-22 03:36:38.780,69411.0,0.09954,A,6909.17094,589661643572114
1774150598780,2026-03-22 03:36:38.780,69410.0,0.21613,A,15001.583299999998,273297918866010
1774150598780,2026-03-22 03:36:38.780,69410.0,0.00017,A,11.799700000000001,4520096618909
1774150598780,2026-03-22 03:36:38.780,69409.0,0.01152,A,799.59168,291717823521795
1774150598780,2026-03-22 03:36:38.780,69409.0,0.02166,A,1503.3989399999998,858928691391200
1774150598780,2026-03-22 03:36:38.780,69409.0,1.44067,A,99995.46402999999,440480082831041
1774150598780,2026-03-22 03:36:38.780,69409.0,0.00017,A,11.79953,580190704365470
1774150598780,2026-03-22 03:36:38.780,69409.0,0.00016,A,11.105440000000002,756498308223710
1774150598780,2026-03-22 03:36:38.780,69409.0,0.04901,A,3401.7350899999997,850569402328735
1774150598780,2026-03-22 03:36:38.780,69409.0,0.72045,A,50005.71405,614459776446258
1774150598780,2026-03-22 03:36:38.780,69409.0,0.09795,A,6798.61155,561476643344169
1774150598780,2026-03-22 03:36:38.780,69408.0,0.21164,A,14689.509119999999,832908247218490
1774150598780,2026-03-22 03:36:38.780,69408.0,0.00017,A,11.79936,897936175887940
1774150598780,2026-03-22 03:36:38.780,69408.0,0.56028,A,38887.91424,137794964984097
1774150598780,2026-03-22 03:36:38.780,69408.0,0.56039,A,38895.54912,164301164645134
1774150598780,2026-03-22 03:36:38.780,69408.0,0.50434,A,35005.23072,403546029947871
1774150598780,2026-03-22 03:36:38.780,69407.0,0.07288,A,5058.38216,127190648870445
1774150598780,2026-03-22 03:36:38.780,69407.0,0.00016,A,11.105120000000001,782920438104445
1774150598780,2026-03-22 03:36:38.780,69407.0,0.2015,A,13985.5105,1107465723226965
1774150598780,2026-03-22 03:36:38.780,69406.0,0.00704,A,488.61824,15106996838905
1774150598780,2026-03-22 03:36:38.780,69406.0,1.08078,A,75012.61668,466869703951827
1774150598780,2026-03-22 03:36:38.780,69406.0,0.35,A,24292.1,75240769054984
1774150598780,2026-03-22 03:36:38.780,69406.0,0.23051,A,15998.77706,1044579140043543
1774150598780,2026-03-22 03:36:38.780,69406.0,0.35413,A,24578.74678,1040054148741147
1774150598780,2026-03-22 03:36:38.780,69406.0,0.50435,A,35004.916099999995,602882544006171
1774150598780,2026-03-22 03:36:38.780,69406.0,0.50435,A,35004.916099999995,604399994254170
1774150598780,2026-03-22 03:36:38.780,69405.0,0.0169,A,1172.9444999999998,672545130534435
1774150598780,2026-03-22 03:36:38.780,69405.0,0.00016,A,11.104800000000001,536304966862122
1774150598780,2026-03-22 03:36:38.780,69405.0,0.04345,A,3015.64725,1059746997857219
1774150598780,2026-03-22 03:36:38.780,69405.0,0.36465,A,25308.533249999997,893953595396863
1774150598780,2026-03-22 03:36:38.780,69404.0,0.21164,A,14688.662559999999,528305751624770
1774150598780,2026-03-22 03:36:38.780,69404.0,0.008,A,555.232,351719836436857
1774150598780,2026-03-22 03:36:38.780,69404.0,0.005,A,347.02,1006719596201900
1774150598780,2026-03-22 03:36:38.780,69404.0,0.01152,A,799.53408,852793779440237
1774150598780,2026-03-22 03:36:38.780,69404.0,0.0375,A,2602.65,122810843181541
1774150598780,2026-03-22 03:36:38.780,69404.0,0.07986,A,5542.60344,469412745427164
1774150598780,2026-03-22 03:36:38.780,69403.0,0.01446,A,1003.5673800000001,406213218273646
1774150598780,2026-03-22 03:36:38.780,69402.0,0.00016,A,11.104320000000001,785379962406152
1774150598780,2026-03-22 03:36:38.780,69402.0,0.07201,A,4997.63802,1077532666887196
1774150598780,2026-03-22 03:36:38.780,69402.0,1.44106,A,100012.44612000001,290441534301056
1774150598780,2026-03-22 03:36:38.780,69402.0,0.61649,A,42785.638979999996,913326096791342
1774150598780,2026-03-22 03:36:38.780,69402.0,0.30224,A,20976.06048,445236341659767
1774150598780,2026-03-22 03:36:38.780,69402.0,0.56,A,38865.12,457973572788054
1774150598780,2026-03-22 03:36:38.780,69402.0,0.001,A,69.402,459003035438369
1774150598780,2026-03-22 03:36:38.780,69402.0,0.41403,A,28734.51006,610055852113194
1774150598780,2026-03-22 03:36:38.780,69402.0,2.88338,A,200112.33875999998,342349732877308
1774150599360,2026-03-22 03:36:39.360,69406.0,0.0006,A,41.6436,492550948519910
1774150600027,2026-03-22 03:36:40.027,69406.0,0.00084,A,58.30104,1067786778694942
1774150600027,2026-03-22 03:36:40.027,69406.0,0.00016,A,11.10496,886591451398032
1774150600518,2026-03-22 03:36:40.518,69407.0,0.15974,B,11087.07418,134788934088392
1774150600518,2026-03-22 03:36:40.518,69407.0,0.15207,B,10554.72249,1016655713107610
1774150600518,2026-03-22 03:36:40.518,69407.0,0.00017,B,11.799190000000001,53594824180115
1774150600518,2026-03-22 03:36:40.518,69407.0,0.02002,B,1389.52814,324705475684486
1774150601106,2026-03-22 03:36:41.106,69406.0,0.00015,A,10.4109,796587957204691
1774150601193,2026-03-22 03:36:41.193,69406.0,0.01951,A,1354.11106,215512668973736
1774150602009,2026-03-22 03:36:42.009,69406.0,0.02813,A,1952.39078,460180539830929
1774150602895,2026-03-22 03:36:42.895,69407.0,0.00144,A,99.94608000000001,170390280211539
1774150603166,2026-03-22 03:36:43.166,69412.0,0.003,B,208.23600000000002,728223312291667
1774150603166,2026-03-22 03:36:43.166,69413.0,0.054,B,3748.302,25844717625715
1774150603166,2026-03-22 03:36:43.166,69413.0,0.04337,B,3010.44181,1085841300223362
1774150604089,2026-03-22 03:36:44.089,69415.0,0.00017,B,11.800550000000001,383401165336121
1774150604089,2026-03-22 03:36:44.089,69416.0,0.00017,B,11.80072,223548880884154
1774150604089,2026-03-22 03:36:44.089,69417.0,0.003,B,208.251,15053068718976
1774150604089,2026-03-22 03:36:44.089,69417.0,0.00017,B,11.80089,537705885381785
1774150604089,2026-03-22 03:36:44.089,69417.0,0.00015,B,10.41255,341310810426296
1774150604089,2026-03-22 03:36:44.089,69418.0,0.00017,B,11.801060000000001,691678735256919
1774150604089,2026-03-22 03:36:44.089,69418.0,0.00497,B,345.00746,948773610240298
1774150604177,2026-03-22 03:36:44.177,69417.0,0.00351,A,243.65367,682480209385579
1774150604561,2026-03-22 03:36:44.561,69418.0,0.00019,B,13.18942,134513680945944
1774150605027,2026-03-22 03:36:45.027,69420.0,0.00017,B,11.801400000000001,864928181396880
1774150605027,2026-03-22 03:36:45.027,69421.0,7e-05,B,4.85947,651886749708343
1774150605755,2026-03-22 03:36:45.755,69422.0,0.00017,B,11.80174,359567767713660
1774150605755,2026-03-22 03:36:45.755,69422.0,0.0002,B,13.884400000000001,913182159971649
1774150606033,2026-03-22 03:36:46.033,69422.0,0.00028,A,19.43816,163084001261880
1774150606518,2026-03-22 03:36:46.518,69422.0,0.00134,A,93.02548,347907878020690
1774150606518,2026-03-22 03:36:46.518,69422.0,0.00079,A,54.84338,55480173237056
1774150606690,2026-03-22 03:36:46.690,69423.0,0.00017,B,11.801910000000001,557618274868669
1774150606690,2026-03-22 03:36:46.690,69424.0,0.00017,B,11.80208,818403215251369
1774150607040,2026-03-22 03:36:47.040,69424.0,0.00017,A,11.80208,1028950417538784
1774150608183,2026-03-22 03:36:48.183,69426.0,0.00017,B,11.802420000000001,347015850584295
1774150608183,2026-03-22 03:36:48.183,69427.0,0.00017,B,11.80259,544963114478103
1774150608183,2026-03-22 03:36:48.183,69428.0,0.00017,B,11.802760000000001,1029005176780801
1774150608183,2026-03-22 03:36:48.183,69428.0,0.003,B,208.284,639595394271870
1774150608183,2026-03-22 03:36:48.183,69428.0,0.00015,B,10.4142,419911929500061
1774150608183,2026-03-22 03:36:48.183,69429.0,0.00017,B,11.802930000000002,850525915887138
1774150608183,2026-03-22 03:36:48.183,69430.0,0.00016,B,11.1088,125422379669507
1774150608183,2026-03-22 03:36:48.183,69430.0,1e-05,B,0.6943,439858205555184
1774150608649,2026-03-22 03:36:48.649,69430.0,0.00948,B,658.1964,815068895799631
1774150608784,2026-03-22 03:36:48.784,69430.0,0.00028,B,19.440399999999997,462643203362008
1774150608997,2026-03-22 03:36:48.997,69430.0,0.003,B,208.29,731254533929952
1774150610196,2026-03-22 03:36:50.196,69430.0,0.00015,B,10.414499999999999,554891894549818
1774150610862,2026-03-22 03:36:50.862,69429.0,0.03064,A,2127.30456,555599902208823
1774150611004,2026-03-22 03:36:51.004,69429.0,0.00027,A,18.74583,850827289182547
1774150611938,2026-03-22 03:36:51.938,69430.0,0.04374,B,3036.8682,639521850287088
1774150611938,2026-03-22 03:36:51.938,69430.0,0.04031,B,2798.7233,322373036453263
1774150611938,2026-03-22 03:36:51.938,69430.0,0.00017,B,11.8031,1079776091135100
1774150611938,2026-03-22 03:36:51.938,69430.0,0.43114,B,29934.0502,1069894389313894
1774150611938,2026-03-22 03:36:51.938,69430.0,0.07373,B,5119.0739,487934973097952
1774150611938,2026-03-22 03:36:51.938,69430.0,0.0792,B,5498.856000000001,867785566395160
1774150611938,2026-03-22 03:36:51.938,69430.0,0.07269,B,5046.8667000000005,584763127240953
1774150611938,2026-03-22 03:36:51.938,69430.0,0.07736,B,5371.1048,411631794882873
1774150611938,2026-03-22 03:36:51.938,69430.0,0.0707,B,4908.701,1081951705731469
1774150611938,2026-03-22 03:36:51.938,69430.0,0.06466,B,4489.3438,755216489783526
1774150611938,2026-03-22 03:36:51.938,69430.0,0.57799,B,40129.8457,535960868251276
1774150612025,2026-03-22 03:36:52.025,69429.0,0.00017,A,11.802930000000002,650264207598361
1774150615114,2026-03-22 03:36:55.114,69429.0,0.00022,A,15.27438,1075004564144219
1774150615261,2026-03-22 03:36:55.261,69429.0,0.76978,A,53445.05562,779971263029924
1774150615261,2026-03-22 03:36:55.261,69429.0,0.77,A,53460.33,540883305926071
1774150615261,2026-03-22 03:36:55.261,69429.0,0.385,A,26730.165,749123870648459
1774150615261,2026-03-22 03:36:55.261,69429.0,0.77,A,53460.33,79791369444979
1774150615261,2026-03-22 03:36:55.261,69429.0,0.385,A,26730.165,87743805281707
1774150615261,2026-03-22 03:36:55.261,69429.0,0.35,A,24300.149999999998,948715903861280
1774150615261,2026-03-22 03:36:55.261,69429.0,0.385,A,26730.165,279874773321916
1774150615261,2026-03-22 03:36:55.261,69429.0,0.385,A,26730.165,638012882958082
1774150615261,2026-03-22 03:36:55.261,69429.0,0.25112,A,17435.01048,181510787242667
1774150615363,2026-03-22 03:36:55.363,69430.0,0.01803,B,1251.8229000000001,901801311448114
1774150616361,2026-03-22 03:36:56.361,69430.0,0.00036,B,24.9948,451204868533409
1774150616993,2026-03-22 03:36:56.993,69430.0,0.00041,B,28.4663,510434048602719
1774150617053,2026-03-22 03:36:57.053,69429.0,0.00017,A,11.802930000000002,874857456156949
1774150617053,2026-03-22 03:36:57.053,69429.0,0.01661,A,1153.21569,305723024521326
1774150618884,2026-03-22 03:36:58.884,69429.0,0.00017,A,11.802930000000002,1037075018845520
1774150618971,2026-03-22 03:36:58.971,69428.0,0.00017,A,11.802760000000001,496162669277058
1774150619095,2026-03-22 03:36:59.095,69429.0,0.00016,B,11.108640000000001,816079718240789
1774150619405,2026-03-22 03:36:59.405,69427.0,0.00017,A,11.80259,91523512670323
1774150620020,2026-03-22 03:37:00.020,69426.0,0.00017,A,11.802420000000001,783410348691021
1774150620221,2026-03-22 03:37:00.221,69425.0,0.00017,A,11.80225,42766795233631
1774150620221,2026-03-22 03:37:00.221,69424.0,0.003,A,208.272,497922338405589
1774150620221,2026-03-22 03:37:00.221,69424.0,0.00016,A,11.107840000000001,245067228388281
1774150620221,2026-03-22 03:37:00.221,69424.0,0.00017,A,11.80208,926600549966343
1774150620221,2026-03-22 03:37:00.221,69423.0,0.00017,A,11.801910000000001,474389952813100
1774150620221,2026-03-22 03:37:00.221,69422.0,0.00017,A,11.80174,534885730621559
1774150620221,2026-03-22 03:37:00.221,69421.0,0.00017,A,11.801570000000002,337803391436247
1774150620221,2026-03-22 03:37:00.221,69420.0,0.00016,A,11.1072,57692984383911
1774150620221,2026-03-22 03:37:00.221,69420.0,0.00015,A,10.412999999999998,327753669186165
1774150620221,2026-03-22 03:37:00.221,69420.0,0.00017,A,11.801400000000001,630545127861433
1774150620221,2026-03-22 03:37:00.221,69419.0,0.00017,A,11.80123,100125581858407
1774150620221,2026-03-22 03:37:00.221,69419.0,0.00285,A,197.84415,738824456752098
1774150620447,2026-03-22 03:37:00.447,69419.0,0.00022,A,15.27218,210018672822457
1774150621835,2026-03-22 03:37:01.835,69421.0,0.00015,B,10.41315,809575632799436
1774150621835,2026-03-22 03:37:01.835,69422.0,0.00015,B,10.4133,706778555056405
1774150621835,2026-03-22 03:37:01.835,69425.0,0.003,B,208.275,732779768500424
1774150621835,2026-03-22 03:37:01.835,69426.0,0.00016,B,11.108160000000002,144806894366159
1774150621835,2026-03-22 03:37:01.835,69428.0,0.01,B,694.28,608156788555856
1774150621835,2026-03-22 03:37:01.835,69429.0,0.00015,B,10.414349999999999,1012132657468313
1774150621835,2026-03-22 03:37:01.835,69430.0,0.00017,B,11.8031,577010576186818
1774150621835,2026-03-22 03:37:01.835,69430.0,0.00016,B,11.1088,123732800182942
1774150621835,2026-03-22 03:37:01.835,69430.0,0.003,B,208.29,300186517610957
1774150621835,2026-03-22 03:37:01.835,69431.0,0.00017,B,11.803270000000001,126386713848048
1774150621835,2026-03-22 03:37:01.835,69432.0,0.00017,B,11.80344,147633069660996
1774150621835,2026-03-22 03:37:01.835,69432.0,0.03632,B,2521.77024,943370155742136
1774150621835,2026-03-22 03:37:01.835,69432.0,0.0034,B,236.06879999999998,52408784701851
1774150621835,2026-03-22 03:37:01.835,69432.0,0.03764,B,2613.4204799999998,981942694133995
1774150623243,2026-03-22 03:37:03.243,69432.0,0.00017,B,11.80344,614547920576735
1774150623996,2026-03-22 03:37:03.996,69432.0,0.033,B,2291.2560000000003,451275092935349
1774150624058,2026-03-22 03:37:04.058,69431.0,0.00141,A,97.89771,730352263701542
1774150625486,2026-03-22 03:37:05.486,69432.0,0.00017,B,11.80344,631990194570330
1774150625486,2026-03-22 03:37:05.486,69433.0,0.00017,B,11.80361,262512101977508
1774150625486,2026-03-22 03:37:05.486,69433.0,0.00015,B,10.41495,747222883482685
1774150625486,2026-03-22 03:37:05.486,69434.0,0.00016,B,11.109440000000001,958513703060491
1774150625486,2026-03-22 03:37:05.486,69434.0,0.00017,B,11.803780000000001,562020458278662
1774150625486,2026-03-22 03:37:05.486,69435.0,0.00918,B,637.4133,627167009730205
1774150626280,2026-03-22 03:37:06.280,69435.0,0.00015,B,10.415249999999999,227517119450151
1774150626280,2026-03-22 03:37:06.280,69435.0,0.00271,B,188.16885000000002,337895702923567
1774150626424,2026-03-22 03:37:06.424,69436.0,0.00017,B,11.804120000000001,841880602673103
1774150626424,2026-03-22 03:37:06.424,69437.0,0.00016,B,11.10992,412615400667632
1774150626424,2026-03-22 03:37:06.424,69437.0,0.00017,B,11.804290000000002,828106407033810
1774150626424,2026-03-22 03:37:06.424,69437.0,0.00284,B,197.20108000000002,544167449993294
1774150626487,2026-03-22 03:37:06.487,69437.0,0.00016,B,11.10992,267772438413734
1774150626487,2026-03-22 03:37:06.487,69438.0,0.00017,B,11.80446,351720422721477
1774150626487,2026-03-22 03:37:06.487,69438.0,0.00015,B,10.4157,1064760166401681
1774150626487,2026-03-22 03:37:06.487,69439.0,0.00017,B,11.804630000000001,47641244336618
1774150626487,2026-03-22 03:37:06.487,69440.0,0.00017,B,11.8048,100959734039972
1774150626487,2026-03-22 03:37:06.487,69441.0,0.00016,B,11.110560000000001,939275710206014
1774150626487,2026-03-22 03:37:06.487,69441.0,0.00017,B,11.80497,623443607036218
1774150626487,2026-03-22 03:37:06.487,69442.0,0.00017,B,11.805140000000002,282909130843593
1774150626487,2026-03-22 03:37:06.487,69442.0,0.00168,B,116.66256,1078694941943854
1774150627158,2026-03-22 03:37:07.158,69442.0,0.00132,B,91.66344,230101321017511
1774150627158,2026-03-22 03:37:07.158,69443.0,0.00017,B,11.80531,661661456285542
1774150627158,2026-03-22 03:37:07.158,69444.0,0.00017,B,11.805480000000001,705385210473117
1774150627158,2026-03-22 03:37:07.158,69445.0,0.00016,B,11.1112,103520683221548
1774150627158,2026-03-22 03:37:07.158,69445.0,0.00017,B,11.80565,444598384723109
1774150627158,2026-03-22 03:37:07.158,69445.0,0.00015,B,10.416749999999999,881729145444643
1774150627158,2026-03-22 03:37:07.158,69445.0,0.003,B,208.335,791408205602277
1774150627158,2026-03-22 03:37:07.158,69446.0,0.00017,B,11.80582,1093656808701926
1774150627158,2026-03-22 03:37:07.158,69447.0,0.00022,B,15.27834,462330154198655
1774150627158,2026-03-22 03:37:07.158,69447.0,0.00017,B,11.805990000000001,718487110281051
1774150627158,2026-03-22 03:37:07.158,69447.0,0.00016,B,11.11152,293795564438582
1774150627158,2026-03-22 03:37:07.158,69448.0,0.00016,B,11.111680000000002,359779060838458
1774150627158,2026-03-22 03:37:07.158,69448.0,0.00017,B,11.80616,827228309579756
1774150627158,2026-03-22 03:37:07.158,69449.0,0.00017,B,11.80633,881190696527476
1774150627158,2026-03-22 03:37:07.158,69450.0,0.00017,B,11.806500000000002,584794515748016
1774150627158,2026-03-22 03:37:07.158,69450.0,0.00015,B,10.417499999999999,540379767681982
1774150627158,2026-03-22 03:37:07.158,69451.0,0.00017,B,11.80667,1003291517603375
1774150627158,2026-03-22 03:37:07.158,69452.0,0.00016,B,11.11232,499436168281640
1774150627158,2026-03-22 03:37:07.158,69452.0,0.00017,B,11.806840000000001,358716704471002
1774150627158,2026-03-22 03:37:07.158,69453.0,0.00017,B,11.80701,920528357773143
1774150627158,2026-03-22 03:37:07.158,69454.0,0.00016,B,11.11264,1112109988698629
1774150627158,2026-03-22 03:37:07.158,69454.0,0.00017,B,11.80718,342939606912004
1774150627158,2026-03-22 03:37:07.158,69455.0,0.004,B,277.82,920276196512426
1774150627158,2026-03-22 03:37:07.158,69455.0,0.00017,B,11.807350000000001,227615589413385
1774150627158,2026-03-22 03:37:07.158,69456.0,0.00016,B,11.112960000000001,641986470633346
1774150627158,2026-03-22 03:37:07.158,69456.0,0.00017,B,11.80752,1092273539902620
1774150627158,2026-03-22 03:37:07.158,69456.0,0.00782,B,543.14592,1007722862583677
1774150627246,2026-03-22 03:37:07.246,69457.0,0.00017,B,11.807690000000001,102273940230342
1774150627246,2026-03-22 03:37:07.246,69458.0,0.004,B,277.832,534492411407623
1774150627246,2026-03-22 03:37:07.246,69458.0,0.00017,B,11.807860000000002,1084568214272595
1774150627246,2026-03-22 03:37:07.246,69459.0,0.00016,B,11.11344,590635134527626
1774150627246,2026-03-22 03:37:07.246,69460.0,0.0155,B,1076.6299999999999,308419071337071
1774150627246,2026-03-22 03:37:07.246,69460.0,0.02,B,1389.2,827068531725002
1774150627838,2026-03-22 03:37:07.838,69463.0,0.00016,B,11.114080000000001,15056400922670
1774150627838,2026-03-22 03:37:07.838,69467.0,0.00016,B,11.11472,828390637001587
1774150627838,2026-03-22 03:37:07.838,69471.0,0.00016,B,11.11536,1042025207586816
1774150627838,2026-03-22 03:37:07.838,69471.0,0.00081,B,56.27151,1076763525706412
1774150627838,2026-03-22 03:37:07.838,69471.0,0.001,B,69.471,1018518348764972
1774150627898,2026-03-22 03:37:07.898,69470.0,0.0009,A,62.522999999999996,53997029136509
1774150628037,2026-03-22 03:37:08.037,69471.0,0.00016,B,11.11536,721109861109239
1774150628714,2026-03-22 03:37:08.714,69471.0,0.0393,B,2730.2103,712756234113992
1774150629979,2026-03-22 03:37:09.979,69470.0,0.01781,A,1237.2607,378437585181747
1774150630035,2026-03-22 03:37:10.035,69470.0,0.01779,A,1235.8713,43777526485272
1774150630035,2026-03-22 03:37:10.035,69470.0,0.1947,A,13525.809000000001,385244651339473
1774150630035,2026-03-22 03:37:10.035,69469.0,0.00015,A,10.42035,1021453000990491
1774150630491,2026-03-22 03:37:10.491,69466.0,0.03773,B,2620.9521799999998,381856485455638
1774150631970,2026-03-22 03:37:11.970,69465.0,0.00017,A,11.809050000000001,142001952668849
1774150631970,2026-03-22 03:37:11.970,69465.0,0.09129,A,6341.459849999999,442290423591070
1774150631970,2026-03-22 03:37:11.970,69465.0,0.06623,A,4600.66695,307782255145385
1774150631970,2026-03-22 03:37:11.970,69465.0,0.07225,A,5018.84625,426154270922130
1774150631970,2026-03-22 03:37:11.970,69465.0,0.07913,A,5496.765450000001,1058122529616951
1774150631970,2026-03-22 03:37:11.970,69465.0,0.06515,A,4525.64475,836943177619312
1774150631970,2026-03-22 03:37:11.970,69465.0,0.07616,A,5290.4544000000005,673057579243052
1774150631970,2026-03-22 03:37:11.970,69464.0,0.00017,A,11.80888,137765100911918
1774150631970,2026-03-22 03:37:11.970,69464.0,0.00015,A,10.419599999999999,631598028630592
1774150631970,2026-03-22 03:37:11.970,69463.0,0.00017,A,11.808710000000001,231365909131616
1774150631970,2026-03-22 03:37:11.970,69463.0,0.02879,A,1999.83977,279706562389902
1774150631970,2026-03-22 03:37:11.970,69463.0,0.00015,A,10.41945,530776988074542
1774150631970,2026-03-22 03:37:11.970,69462.0,0.00017,A,11.80854,1007355468617181
1774150631970,2026-03-22 03:37:11.970,69461.0,0.00017,A,11.80837,567946721467467
1774150631970,2026-03-22 03:37:11.970,69460.0,0.00017,A,11.808200000000001,459141565078550
1774150631970,2026-03-22 03:37:11.970,69459.0,0.00017,A,11.80803,766644236926953
1774150631970,2026-03-22 03:37:11.970,69458.0,0.00017,A,11.807860000000002,881583829286328
1774150631970,2026-03-22 03:37:11.970,69457.0,0.003,A,208.371,529373006959056
1774150631970,2026-03-22 03:37:11.970,69457.0,0.00017,A,11.807690000000001,735326340949703
1774150631970,2026-03-22 03:37:11.970,69456.0,0.00015,A,10.418399999999998,888529026417815
1774150631970,2026-03-22 03:37:11.970,69456.0,0.00017,A,11.80752,1098903921663017
1774150631970,2026-03-22 03:37:11.970,69456.0,0.02879,A,1999.63824,177955786988722
1774150631970,2026-03-22 03:37:11.970,69455.0,0.00017,A,11.807350000000001,753661643411448
1774150631970,2026-03-22 03:37:11.970,69455.0,0.04934,A,3426.9097,319902182953444
1774150631970,2026-03-22 03:37:11.970,69455.0,0.01995,A,1385.62725,990332819457655
1774150631970,2026-03-22 03:37:11.970,69455.0,0.003,A,208.365,1091091306866193
1774150631970,2026-03-22 03:37:11.970,69455.0,0.504,A,35005.32,1076131620775679
1774150631970,2026-03-22 03:37:11.970,69454.0,0.01151,A,799.41554,312847458122141
1774150631970,2026-03-22 03:37:11.970,69454.0,0.00017,A,11.80718,161819414512875
1774150631970,2026-03-22 03:37:11.970,69454.0,0.09577,A,6651.609579999999,238654940120962
1774150631970,2026-03-22 03:37:11.970,69454.0,0.00022,A,15.27988,988791771892917
1774150631970,2026-03-22 03:37:11.970,69454.0,0.2432,A,16891.2128,571427135403088
1774150632066,2026-03-22 03:37:12.066,69454.0,0.02813,A,1953.74102,95627791776768
1774150632793,2026-03-22 03:37:12.793,69455.0,0.00072,B,50.007600000000004,176386457867591
1774150633200,2026-03-22 03:37:13.200,69456.0,0.00015,B,10.418399999999998,138771486414653
1774150633586,2026-03-22 03:37:13.586,69468.0,0.00017,B,11.809560000000001,45906000088048
1774150633586,2026-03-22 03:37:13.586,69469.0,0.00017,B,11.80973,583868163656094
1774150633586,2026-03-22 03:37:13.586,69470.0,0.00017,B,11.8099,1094765510324752
1774150633586,2026-03-22 03:37:13.586,69471.0,0.00017,B,11.810070000000001,416094336161153
1774150633586,2026-03-22 03:37:13.586,69471.0,0.00016,B,11.11536,755684621606741
1774150633586,2026-03-22 03:37:13.586,69471.0,0.05616,B,3901.49136,673463493949329
1774150633586,2026-03-22 03:37:13.586,69471.0,0.0432,B,3001.1472000000003,52592860157985
1774150633803,2026-03-22 03:37:13.803,69470.0,0.03585,A,2490.4995,392458898446519
1774150634809,2026-03-22 03:37:14.809,69472.0,0.00029,B,20.14688,897164297894143
1774150634928,2026-03-22 03:37:14.928,69471.0,0.00141,A,97.95411,654895290834624
1774150635010,2026-03-22 03:37:15.010,69472.0,0.11184,B,7769.748479999999,232308554895013
1774150635010,2026-03-22 03:37:15.010,69472.0,0.01188,B,825.32736,280551532801582
1774150635010,2026-03-22 03:37:15.010,69472.0,0.00017,B,11.81024,237906135772986
1774150635010,2026-03-22 03:37:15.010,69473.0,0.00017,B,11.810410000000001,831619373807381
1774150635010,2026-03-22 03:37:15.010,69473.0,0.15,B,10420.949999999999,1081848046511270
1774150635010,2026-03-22 03:37:15.010,69473.0,0.00015,B,10.42095,524560413625517
1774150635010,2026-03-22 03:37:15.010,69474.0,0.00016,B,11.11584,816797291837981
1774150635010,2026-03-22 03:37:15.010,69474.0,0.00017,B,11.810580000000002,763368334896053
1774150635010,2026-03-22 03:37:15.010,69474.0,0.05665,B,3935.7021,111640133167538
1774150635010,2026-03-22 03:37:15.010,69475.0,0.00017,B,11.81075,147637519917219
1774150635010,2026-03-22 03:37:15.010,69475.0,0.07281,B,5058.47475,855595195767272
1774150635010,2026-03-22 03:37:15.010,69475.0,0.34734,B,24131.4465,124616681061947
1774150635010,2026-03-22 03:37:15.010,69476.0,0.01151,B,799.6687599999999,552859357291500
1774150635010,2026-03-22 03:37:15.010,69476.0,0.00017,B,11.810920000000001,167745272756445
1774150635010,2026-03-22 03:37:15.010,69476.0,0.003,B,208.428,877507538642526
1774150635010,2026-03-22 03:37:15.010,69477.0,0.00017,B,11.81109,355576578774934
1774150635010,2026-03-22 03:37:15.010,69477.0,0.16369,B,11372.69013,337316333009003
1774150635010,2026-03-22 03:37:15.010,69478.0,0.00016,B,11.116480000000001,873364862114682
1774150635010,2026-03-22 03:37:15.010,69478.0,0.00017,B,11.81126,889742027917613
1774150635010,2026-03-22 03:37:15.010,69478.0,0.06449,B,4480.63622,331312763135648
1774150635010,2026-03-22 03:37:15.010,69478.0,0.03052,B,2120.46856,891356172454424
1774150635411,2026-03-22 03:37:15.411,69478.0,0.002,B,138.956,942564325445839
1774150635411,2026-03-22 03:37:15.411,69478.0,0.055,B,3821.29,585030601505026
1774150635543,2026-03-22 03:37:15.543,69478.0,1.42988,B,99345.20264,223116740742598
1774150635543,2026-03-22 03:37:15.543,69478.0,0.22341,B,15522.07998,569668398976172
1774150635543,2026-03-22 03:37:15.543,69478.0,0.00287,B,199.40186,213550973967235
1774150635543,2026-03-22 03:37:15.543,69478.0,1.43931,B,100000.38018000001,196172268670302
1774150635543,2026-03-22 03:37:15.543,69478.0,0.24131,B,16765.73618,366722866405510
1774150635543,2026-03-22 03:37:15.543,69478.0,0.37748,B,26226.55544,38400822317621
1774150635543,2026-03-22 03:37:15.543,69478.0,0.21421,B,14882.882380000001,793179882733907
1774150635543,2026-03-22 03:37:15.543,69478.0,0.07507,B,5215.71346,179850695136032
1774150635543,2026-03-22 03:37:15.543,69478.0,0.40633,B,28230.995740000002,140980836325319
1774150635543,2026-03-22 03:37:15.543,69478.0,0.62254,B,43252.83412,995104408798669
1774150635543,2026-03-22 03:37:15.543,69478.0,0.08946,B,6215.50188,1113524795042955
1774150635613,2026-03-22 03:37:15.613,69478.0,0.00017,B,11.81126,1038300989423819
1774150636015,2026-03-22 03:37:16.015,69477.0,0.00028,A,19.45356,1074731586516845
1774150636015,2026-03-22 03:37:16.015,69477.0,0.00069,A,47.93913,922155367645081
1774150636216,2026-03-22 03:37:16.216,69477.0,0.00067,A,46.54959,545230152424582
1774150636644,2026-03-22 03:37:16.644,69480.0,0.00017,B,11.8116,814932846378877
1774150636644,2026-03-22 03:37:16.644,69481.0,0.00012,B,8.337720000000001,975161175170973
1774150637023,2026-03-22 03:37:17.023,69480.0,0.00021,A,14.5908,1033787952852229
1774150637224,2026-03-22 03:37:17.224,69481.0,0.003,B,208.443,245599617256051
1774150637224,2026-03-22 03:37:17.224,69481.0,0.0002,B,13.8962,791886965510618
1774150637224,2026-03-22 03:37:17.224,69481.0,0.00016,B,11.11696,639641227308332
1774150637422,2026-03-22 03:37:17.422,69481.0,0.002,B,138.962,2749477342102
1774150639018,2026-03-22 03:37:19.018,69478.0,0.1,B,6947.8,861784719944621
1774150639722,2026-03-22 03:37:19.722,69478.0,0.14404,B,10007.61112,120538090356291
1774150640088,2026-03-22 03:37:20.088,69477.0,0.00017,A,11.81109,100702212494288
1774150640382,2026-03-22 03:37:20.382,69476.0,0.00017,A,11.810920000000001,275575524731581
1774150640382,2026-03-22 03:37:20.382,69476.0,0.00015,A,10.421399999999998,263851350286982
1774150640641,2026-03-22 03:37:20.641,69475.0,0.00017,A,11.81075,1034763039279760
1774150641051,2026-03-22 03:37:21.051,69474.0,0.00017,A,11.810580000000002,412890348155082
1774150641051,2026-03-22 03:37:21.051,69474.0,0.00011,A,7.64214,270604016858265
1774150641988,2026-03-22 03:37:21.988,69474.0,0.01229,A,853.83546,152707375909900
1774150642594,2026-03-22 03:37:22.594,69475.0,0.00018,B,12.505500000000001,424131438660311
1774150643462,2026-03-22 03:37:23.462,69474.0,0.21788,A,15136.99512,614877257055506
1774150643462,2026-03-22 03:37:23.462,69474.0,0.00017,A,11.810580000000002,712476729579368
1774150644217,2026-03-22 03:37:24.217,69472.0,0.00017,A,11.81024,532717554968002
1774150644217,2026-03-22 03:37:24.217,69472.0,0.00016,A,11.11552,608689431861906
1774150644217,2026-03-22 03:37:24.217,69472.0,0.00015,A,10.4208,109374284769813
1774150644217,2026-03-22 03:37:24.217,69471.0,0.00017,A,11.810070000000001,777124437340715
1774150644217,2026-03-22 03:37:24.217,69470.0,0.003,A,208.41,284769583495862
1774150644217,2026-03-22 03:37:24.217,69470.0,0.00017,A,11.8099,696925629103840
1774150644217,2026-03-22 03:37:24.217,69469.0,0.00017,A,11.80973,172871650869432
1774150644543,2026-03-22 03:37:24.543,69468.0,0.00016,A,11.114880000000001,89685713996716
1774150644543,2026-03-22 03:37:24.543,69468.0,0.00017,A,11.809560000000001,294012619948496
1774150644543,2026-03-22 03:37:24.543,69467.0,0.00017,A,11.80939,29040013113342
1774150644543,2026-03-22 03:37:24.543,69466.0,0.00015,A,10.419899999999998,1063441664121373
1774150644543,2026-03-22 03:37:24.543,69466.0,0.00017,A,11.809220000000002,127164002872375
1774150644543,2026-03-22 03:37:24.543,69465.0,0.00017,A,11.809050000000001,177490787744253
1774150644543,2026-03-22 03:37:24.543,69465.0,0.00256,A,177.83040000000003,274354441586925
1774150644741,2026-03-22 03:37:24.741,69465.0,0.00044,A,30.564600000000002,384348695173149
1774150644741,2026-03-22 03:37:24.741,69464.0,0.00016,A,11.11424,909581908536905
1774150644741,2026-03-22 03:37:24.741,69464.0,0.00017,A,11.80888,878218713249675
1774150644741,2026-03-22 03:37:24.741,69463.0,0.00017,A,11.808710000000001,880073079463209
1774150644741,2026-03-22 03:37:24.741,69463.0,0.02783,A,1933.1552900000002,996862035460687
1774150646147,2026-03-22 03:37:26.147,69463.0,0.00017,A,11.808710000000001,142739307714857
1774150646368,2026-03-22 03:37:26.368,69464.0,0.01658,A,1151.7131200000001,1056838077697099
1774150647087,2026-03-22 03:37:27.087,69468.0,0.01661,A,1153.86348,408970840025190
1774150647087,2026-03-22 03:37:27.087,69469.0,0.003,B,208.407,1009335072573351
1774150647087,2026-03-22 03:37:27.087,69469.0,0.00017,B,11.80973,691883504349440
1774150647087,2026-03-22 03:37:27.087,69470.0,0.00017,B,11.8099,298654312582886
1774150647087,2026-03-22 03:37:27.087,69471.0,0.00016,B,11.11536,402250225929443
1774150647087,2026-03-22 03:37:27.087,69471.0,0.00017,B,11.810070000000001,834892012499848
1774150647087,2026-03-22 03:37:27.087,69472.0,0.00017,B,11.81024,958437830894988
1774150647087,2026-03-22 03:37:27.087,69473.0,0.00017,B,11.810410000000001,876489852509745
1774150647087,2026-03-22 03:37:27.087,69474.0,0.003,B,208.422,28681506371824
1774150647087,2026-03-22 03:37:27.087,69474.0,0.00016,B,11.11584,204601928643570
1774150647087,2026-03-22 03:37:27.087,69474.0,0.00017,B,11.810580000000002,740189511675407
1774150647087,2026-03-22 03:37:27.087,69475.0,0.00017,B,11.81075,635689657941726
1774150647087,2026-03-22 03:37:27.087,69475.0,0.03567,B,2478.17325,213595480838444
1774150647690,2026-03-22 03:37:27.690,69475.0,0.0107,B,743.3824999999999,618489953054174
1774150649073,2026-03-22 03:37:29.073,69475.0,0.00016,B,11.116000000000001,859254990127085
1774150650490,2026-03-22 03:37:30.490,69474.0,0.00022,A,15.28428,97257044445178
1774150650999,2026-03-22 03:37:30.999,69475.0,0.00017,B,11.81075,1078395408632506
1774150653753,2026-03-22 03:37:33.753,69470.0,0.00141,A,97.95270000000001,1009650661740575
1774150654048,2026-03-22 03:37:34.048,69470.0,0.00142,A,98.6474,31084371224222
1774150654328,2026-03-22 03:37:34.328,69470.0,0.00679,A,471.7013,366381256856658
1774150654328,2026-03-22 03:37:34.328,69470.0,0.00017,A,11.8099,345178489240476
1774150654328,2026-03-22 03:37:34.328,69469.0,0.003,A,208.407,240693280740303
1774150654328,2026-03-22 03:37:34.328,69469.0,0.00017,A,11.80973,336712684986088
1774150654328,2026-03-22 03:37:34.328,69468.0,0.00016,A,11.114880000000001,964341352954683
1774150654328,2026-03-22 03:37:34.328,69468.0,0.00017,A,11.809560000000001,467994200765459
1774150656053,2026-03-22 03:37:36.053,69466.0,0.00017,A,11.809220000000002,745586110944628
1774150656053,2026-03-22 03:37:36.053,69465.0,0.00017,A,11.809050000000001,265314055246975
1774150657152,2026-03-22 03:37:37.152,69464.0,0.00017,A,11.80888,204444416861491
1774150657235,2026-03-22 03:37:37.235,69463.0,0.00017,A,11.808710000000001,279464809099766
1774150657235,2026-03-22 03:37:37.235,69463.0,0.00015,A,10.41945,834194719068161
1774150657235,2026-03-22 03:37:37.235,69462.0,0.00017,A,11.80854,424472928134524
1774150657235,2026-03-22 03:37:37.235,69461.0,0.00017,A,11.80837,900398300914708
1774150657235,2026-03-22 03:37:37.235,69460.0,0.00016,A,11.113600000000002,872012148126449
1774150657235,2026-03-22 03:37:37.235,69460.0,0.00017,A,11.808200000000001,828310678505641
1774150657235,2026-03-22 03:37:37.235,69459.0,0.00017,A,11.80803,178931029966774
1774150657235,2026-03-22 03:37:37.235,69458.0,0.00017,A,11.807860000000002,501160587564531
1774150657235,2026-03-22 03:37:37.235,69458.0,0.0026,A,180.5908,611874624371623
1774150658068,2026-03-22 03:37:38.068,69459.0,0.00016,B,11.11344,828294346769912
1774150658143,2026-03-22 03:37:38.143,69458.0,0.0392,A,2722.7536,1116575104869571
1774150658205,2026-03-22 03:37:38.205,69458.0,0.01261,A,875.86538,112332031760044
1774150658629,2026-03-22 03:37:38.629,69459.0,0.0392,B,2722.7927999999997,729240838509565
1774150659643,2026-03-22 03:37:39.643,69459.0,0.00145,B,100.71555,1001146555049854
1774150661585,2026-03-22 03:37:41.585,69459.0,0.0003,B,20.837699999999998,731994472163718
1774150661948,2026-03-22 03:37:41.948,69458.0,0.00017,A,11.807860000000002,96688158415037
1774150661948,2026-03-22 03:37:41.948,69458.0,0.00083,A,57.65014,977492713209090
1774150662053,2026-03-22 03:37:42.053,69458.0,0.02796,A,1942.04568,666148614019584
1774150662053,2026-03-22 03:37:42.053,69457.0,0.00016,A,11.11312,619508629053133
1774150662053,2026-03-22 03:37:42.053,69457.0,1e-05,A,0.69457,115988099403529
1774150662759,2026-03-22 03:37:42.759,69456.0,0.00017,A,11.80752,428143614019349
1774150662759,2026-03-22 03:37:42.759,69456.0,0.00055,A,38.2008,119238626747298
1774150663069,2026-03-22 03:37:43.069,69457.0,0.00017,B,11.807690000000001,276542767562909
1774150664583,2026-03-22 03:37:44.583,69456.0,0.00017,A,11.80752,1031011465727335
1774150664770,2026-03-22 03:37:44.770,69455.0,0.00017,A,11.807350000000001,1076461773385033
1774150666101,2026-03-22 03:37:46.101,69453.0,0.00016,A,11.112480000000001,1002256510706012
1774150666101,2026-03-22 03:37:46.101,69453.0,0.00012,A,8.33436,900066662273481
1774150666609,2026-03-22 03:37:46.609,69453.0,5e-05,A,3.4726500000000002,234055056371257
1774150666609,2026-03-22 03:37:46.609,69452.0,0.00017,A,11.806840000000001,601409713904774
1774150667115,2026-03-22 03:37:47.115,69452.0,0.00015,A,10.4178,526265941001705
1774150667115,2026-03-22 03:37:47.115,69451.0,6e-05,A,4.16706,150066939050321
1774150670759,2026-03-22 03:37:50.759,69452.0,0.00032,B,22.22464,807426464958265
1774150671023,2026-03-22 03:37:51.023,69451.0,0.00011,A,7.63961,648794283204869
1774150671023,2026-03-22 03:37:51.023,69450.0,0.00017,A,11.806500000000002,179366861146220
1774150672031,2026-03-22 03:37:52.031,69449.0,0.00017,A,11.80633,342984360055364
1774150674462,2026-03-22 03:37:54.462,69449.0,0.02211,A,1535.51739,386927792384192
1774150674462,2026-03-22 03:37:54.462,69449.0,0.01719,A,1193.82831,1080436402716378
1774150674869,2026-03-22 03:37:54.869,69449.0,7e-05,A,4.8614299999999995,391543281595991
1774150675884,2026-03-22 03:37:55.884,69450.0,0.00586,B,406.977,449517470742969
1774150676090,2026-03-22 03:37:56.090,69450.0,0.01,B,694.5,1055760690377435
1774150676696,2026-03-22 03:37:56.696,69449.0,0.00972,A,675.04428,1018833585845897
1774150676830,2026-03-22 03:37:56.830,69450.0,0.0393,B,2729.385,88622249227736
1774150677087,2026-03-22 03:37:57.087,69449.0,0.01661,A,1153.54789,193846564489389
1774150677305,2026-03-22 03:37:57.305,69449.0,0.00875,A,607.67875,65874646135914
1774150677867,2026-03-22 03:37:57.867,69449.0,0.00017,A,11.80633,824693146815049
1774150677867,2026-03-22 03:37:57.867,69448.0,0.003,A,208.344,638197657699511
1774150677867,2026-03-22 03:37:57.867,69448.0,0.00015,A,10.4172,884998367219558
1774150677867,2026-03-22 03:37:57.867,69448.0,0.00017,A,11.80616,126501587295917
1774150677867,2026-03-22 03:37:57.867,69447.0,0.00017,A,11.805990000000001,963006788483956
1774150677867,2026-03-22 03:37:57.867,69446.0,0.00016,A,11.111360000000001,418029038582133
1774150677867,2026-03-22 03:37:57.867,69446.0,0.00017,A,11.80582,305559182332768
1774150677867,2026-03-22 03:37:57.867,69445.0,0.00017,A,11.80565,646594277442918
1774150677867,2026-03-22 03:37:57.867,69444.0,0.00017,A,11.805480000000001,365804434842168
1774150677867,2026-03-22 03:37:57.867,69443.0,0.00017,A,11.80531,378564201993902
1774150677867,2026-03-22 03:37:57.867,69442.0,0.00016,A,11.11072,823809461943545
1774150677867,2026-03-22 03:37:57.867,69442.0,0.00017,A,11.805140000000002,942355409022533
1774150677867,2026-03-22 03:37:57.867,69441.0,0.00017,A,11.80497,29799635271817
1774150677867,2026-03-22 03:37:57.867,69440.0,0.00017,A,11.8048,869946133669685
1774150677867,2026-03-22 03:37:57.867,69439.0,0.01152,A,799.9372800000001,1097015537297820
1774150677867,2026-03-22 03:37:57.867,69439.0,0.00017,A,11.804630000000001,362719272243587
1774150677867,2026-03-22 03:37:57.867,69439.0,0.003,A,208.317,718309391377663
1774150677867,2026-03-22 03:37:57.867,69438.0,0.00016,A,11.110080000000002,456893447073762
1774150677867,2026-03-22 03:37:57.867,69438.0,0.00017,A,11.80446,291770962815779
1774150677867,2026-03-22 03:37:57.867,69438.0,0.02249,A,1561.6606199999999,903806616942333
1774150677867,2026-03-22 03:37:57.867,69437.0,0.00017,A,11.804290000000002,110825685969415
1774150677867,2026-03-22 03:37:57.867,69437.0,0.00022,A,15.27614,218042019659649
1774150677867,2026-03-22 03:37:57.867,69437.0,0.03293,A,2286.56041,336313977675817
1774150679027,2026-03-22 03:37:59.027,69438.0,0.00016,B,11.110080000000002,942393234099339
1774150679317,2026-03-22 03:37:59.317,69438.0,0.00234,B,162.48492000000002,155040100958374
1774150679720,2026-03-22 03:37:59.720,69437.0,0.00017,A,11.804290000000002,730411910825928
1774150679720,2026-03-22 03:37:59.720,69437.0,0.00983,A,682.56571,751945248692267
1774150681333,2026-03-22 03:38:01.333,69437.0,0.00373,A,259.00001,278890390643490
1774150681735,2026-03-22 03:38:01.735,69437.0,0.00632,A,438.84184,345968174496373
1774150682343,2026-03-22 03:38:02.343,69437.0,0.00017,A,11.804290000000002,832795790173232
1774150683308,2026-03-22 03:38:03.308,69434.0,0.00017,A,11.803780000000001,115791253623172
1774150684028,2026-03-22 03:38:04.028,69433.0,0.00017,A,11.80361,242874037498650
1774150684028,2026-03-22 03:38:04.028,69432.0,0.00017,A,11.80344,761195749262458
1774150684028,2026-03-22 03:38:04.028,69432.0,0.00108,A,74.98656,1095989248377243
1774150684216,2026-03-22 03:38:04.216,69432.0,0.00192,A,133.30944,257889625672549
1774150684216,2026-03-22 03:38:04.216,69431.0,0.00016,A,11.108960000000002,701642071376883
1774150684216,2026-03-22 03:38:04.216,69431.0,0.00017,A,11.803270000000001,828135092180000
1774150684216,2026-03-22 03:38:04.216,69430.0,0.00017,A,11.8031,1046503512165870
1774150684216,2026-03-22 03:38:04.216,69429.0,0.00017,A,11.802930000000002,1092513784554918
1774150684216,2026-03-22 03:38:04.216,69428.0,0.00017,A,11.802760000000001,21141747996543
1774150684216,2026-03-22 03:38:04.216,69427.0,0.00016,A,11.10832,714498171481085
1774150684216,2026-03-22 03:38:04.216,69427.0,0.00017,A,11.80259,130403757990320
1774150684216,2026-03-22 03:38:04.216,69427.0,0.003,A,208.281,252107815557001
1774150684216,2026-03-22 03:38:04.216,69426.0,0.00017,A,11.802420000000001,66974533968569
1774150684216,2026-03-22 03:38:04.216,69425.0,0.00017,A,11.80225,733412369497182
1774150684216,2026-03-22 03:38:04.216,69424.0,0.00016,A,11.107840000000001,618729063461851
1774150684216,2026-03-22 03:38:04.216,69424.0,0.01152,A,799.76448,275307492966752
1774150684216,2026-03-22 03:38:04.216,69424.0,0.00017,A,11.80208,49937992801268
1774150684216,2026-03-22 03:38:04.216,69423.0,0.00017,A,11.801910000000001,890096720305156
1774150684216,2026-03-22 03:38:04.216,69423.0,0.03837,A,2663.76051,484529839857757
1774150684993,2026-03-22 03:38:04.993,69424.0,0.00017,B,11.80208,382434715106761
1774150684993,2026-03-22 03:38:04.993,69425.0,0.00017,B,11.80225,845938636860010
1774150684993,2026-03-22 03:38:04.993,69425.0,0.00015,B,10.413749999999999,1002701478473904
1774150684993,2026-03-22 03:38:04.993,69426.0,0.00017,B,11.802420000000001,24788109565476
1774150684993,2026-03-22 03:38:04.993,69427.0,0.00017,B,11.80259,667573806525738
1774150684993,2026-03-22 03:38:04.993,69427.0,0.00015,B,10.41405,157784756951245
1774150684993,2026-03-22 03:38:04.993,69428.0,0.00017,B,11.802760000000001,80210948204473
1774150684993,2026-03-22 03:38:04.993,69429.0,0.00017,B,11.802930000000002,287182179238785
1774150684993,2026-03-22 03:38:04.993,69430.0,0.00017,B,11.8031,989524456009416
1774150684993,2026-03-22 03:38:04.993,69431.0,0.00017,B,11.803270000000001,821437468060899
1774150684993,2026-03-22 03:38:04.993,69431.0,0.01152,B,799.8451200000001,699106680245455
1774150684993,2026-03-22 03:38:04.993,69432.0,0.00721,B,500.60472000000004,767984343947855
1774150685939,2026-03-22 03:38:05.939,69432.0,0.00022,B,15.27504,770549042106094
1774150686449,2026-03-22 03:38:06.449,69432.0,0.01,A,694.32,268968166218251
1774150688072,2026-03-22 03:38:08.072,69433.0,0.00016,B,11.10928,995739589167881
1774150688562,2026-03-22 03:38:08.562,69432.0,0.29829,A,20710.87128,803654952598746
1774150688562,2026-03-22 03:38:08.562,69432.0,0.35,A,24301.199999999997,900079697156566
1774150688562,2026-03-22 03:38:08.562,69432.0,0.385,A,26731.32,691202973769294
1774150688562,2026-03-22 03:38:08.562,69432.0,0.39362,A,27329.82384,421163653984903
1774150688562,2026-03-22 03:38:08.562,69432.0,0.385,A,26731.32,1049498458046709
1774150688562,2026-03-22 03:38:08.562,69432.0,0.385,A,26731.32,251375357831786
1774150688562,2026-03-22 03:38:08.562,69432.0,0.70616,A,49030.10112,44686732467971
1774150688562,2026-03-22 03:38:08.562,69432.0,0.32169,A,22335.58008,845503488679503
1774150688562,2026-03-22 03:38:08.562,69432.0,0.35,A,24301.199999999997,299513644434244
1774150688562,2026-03-22 03:38:08.562,69432.0,0.37987,A,26375.13384,602609083385350
1774150688562,2026-03-22 03:38:08.562,69432.0,0.00017,A,11.80344,830774708662061
1774150688562,2026-03-22 03:38:08.562,69431.0,0.00017,A,11.803270000000001,915768098989987
1774150689681,2026-03-22 03:38:09.681,69431.0,0.0004,B,27.7724,49341964526417
1774150690514,2026-03-22 03:38:10.514,69430.0,0.00017,A,11.8031,980352885313602
1774150690514,2026-03-22 03:38:10.514,69430.0,0.09924,A,6890.2332,902276745569230
1774150691928,2026-03-22 03:38:11.928,69431.0,0.00747,B,518.64957,522514757497373
1774150692005,2026-03-22 03:38:12.005,69430.0,0.02813,A,1953.0658999999998,232107665465225
1774150695961,2026-03-22 03:38:15.961,69431.0,0.00284,B,197.18404,885598391932439
1774150696034,2026-03-22 03:38:16.034,69430.0,0.00027,A,18.746100000000002,855979364580234
1774150696890,2026-03-22 03:38:16.890,69430.0,0.0002,A,13.886000000000001,236089524289818
1774150697037,2026-03-22 03:38:17.037,69430.0,0.00018,A,12.4974,525034084861882
1774150698697,2026-03-22 03:38:18.697,69430.0,0.1,A,6943.0,508097595554695
1774150701024,2026-03-22 03:38:21.024,69430.0,0.00017,A,11.8031,728966599203246
1774150701024,2026-03-22 03:38:21.024,69430.0,0.0001,A,6.9430000000000005,651037036813329
1774150701084,2026-03-22 03:38:21.084,69430.0,0.00022,A,15.274600000000001,942062689841902
1774150701830,2026-03-22 03:38:21.830,69430.0,0.00017,A,11.8031,326509378942050
1774150701830,2026-03-22 03:38:21.830,69428.0,0.00017,A,11.802760000000001,1096819201857453
1774150702032,2026-03-22 03:38:22.032,69427.0,0.00017,A,11.80259,884739405758812
1774150702120,2026-03-22 03:38:22.120,69428.0,7e-05,B,4.859959999999999,1086170819802816
1774150703267,2026-03-22 03:38:23.267,69426.0,0.003,A,208.278,378066608640824
1774150703535,2026-03-22 03:38:23.535,69425.0,0.00017,A,11.80225,915291173752488
1774150703868,2026-03-22 03:38:23.868,69425.0,0.0002,B,13.885,611541091727972
1774150705188,2026-03-22 03:38:25.188,69424.0,0.0393,A,2728.3632000000002,465373505619207
1774150705188,2026-03-22 03:38:25.188,69424.0,0.0004,A,27.7696,56434569587765
1774150706974,2026-03-22 03:38:26.974,69425.0,0.01452,B,1008.051,548906047064836
1774150707063,2026-03-22 03:38:27.063,69424.0,0.00017,A,11.80208,693984271057343
1774150707063,2026-03-22 03:38:27.063,69424.0,0.01662,A,1153.8268799999998,432370642137547
1774150707756,2026-03-22 03:38:27.756,69425.0,0.00316,B,219.383,329000652579142
1774150707756,2026-03-22 03:38:27.756,69424.0,0.00791,A,549.1438400000001,88877150228762
1774150709031,2026-03-22 03:38:29.031,69425.0,0.00016,B,11.108,1048403681941120
1774150714403,2026-03-22 03:38:34.403,69424.0,0.00017,A,11.80208,239496055049150
1774150714403,2026-03-22 03:38:34.403,69423.0,0.00017,A,11.801910000000001,534221880510551
1774150714403,2026-03-22 03:38:34.403,69423.0,0.23045,A,15998.530349999999,734802007503262
1774150714403,2026-03-22 03:38:34.403,69422.0,0.00017,A,11.80174,705052433897730
1774150715004,2026-03-22 03:38:35.004,69421.0,0.00142,A,98.57782,474247910643736
1774150715273,2026-03-22 03:38:35.273,69422.0,0.05464,B,3793.21808,181295700309241
1774150715547,2026-03-22 03:38:35.547,69421.0,0.00258,A,179.10618,419864601228263
1774150715547,2026-03-22 03:38:35.547,69421.0,0.00017,A,11.801570000000002,343981043838355
1774150715547,2026-03-22 03:38:35.547,69420.0,0.00016,A,11.1072,313969056960784
1774150715547,2026-03-22 03:38:35.547,69420.0,0.00017,A,11.801400000000001,628003168095995
1774150715547,2026-03-22 03:38:35.547,69420.0,0.00015,A,10.412999999999998,220459318102420
1774150715547,2026-03-22 03:38:35.547,69419.0,0.00017,A,11.80123,423804809413973
1774150715547,2026-03-22 03:38:35.547,69418.0,0.004,A,277.672,415297997991240
1774150715547,2026-03-22 03:38:35.547,69418.0,0.00017,A,11.801060000000001,719389159511383
1774150715547,2026-03-22 03:38:35.547,69418.0,0.003,A,208.254,877931626281244
1774150715884,2026-03-22 03:38:35.884,69418.0,0.001,B,69.418,271475073255718
1774150717635,2026-03-22 03:38:37.635,69416.0,0.00017,A,11.80072,289353695559109
1774150717635,2026-03-22 03:38:37.635,69415.0,0.00017,A,11.800550000000001,66096983039147
1774150717635,2026-03-22 03:38:37.635,69415.0,0.02881,A,1999.8461499999999,511627140745433
1774150717635,2026-03-22 03:38:37.635,69414.0,0.00017,A,11.80038,843028891730873
1774150717635,2026-03-22 03:38:37.635,69414.0,0.00022,A,15.271080000000001,701431270805178
1774150717635,2026-03-22 03:38:37.635,69413.0,0.00016,A,11.10608,879189455163784
1774150717635,2026-03-22 03:38:37.635,69413.0,0.00017,A,11.800210000000002,397911109061434
1774150717635,2026-03-22 03:38:37.635,69412.0,0.00017,A,11.800040000000001,395394711440678
1774150717635,2026-03-22 03:38:37.635,69411.0,0.01188,A,824.60268,666464382570662
1774150717635,2026-03-22 03:38:37.635,69411.0,0.00017,A,11.79987,358005575143950
1774150717635,2026-03-22 03:38:37.635,69411.0,0.003,A,208.233,672639968243596
1774150717635,2026-03-22 03:38:37.635,69410.0,0.00017,A,11.799700000000001,435002697873578
1774150717635,2026-03-22 03:38:37.635,69409.0,0.00016,A,11.105440000000002,533981662817904
1774150717635,2026-03-22 03:38:37.635,69409.0,0.01152,A,799.59168,907843604678445
1774150717635,2026-03-22 03:38:37.635,69409.0,0.00017,A,11.79953,941924429334450
1774150717635,2026-03-22 03:38:37.635,69409.0,0.05091,A,3533.61219,465954669094724
1774150717635,2026-03-22 03:38:37.635,69409.0,0.00015,A,10.411349999999999,7244739148364
1774150717635,2026-03-22 03:38:37.635,69408.0,0.00017,A,11.79936,609965606125933
1774150717635,2026-03-22 03:38:37.635,69408.0,0.00226,A,156.86208,63252533432470
1774150718007,2026-03-22 03:38:38.007,69409.0,0.00016,B,11.105440000000002,13676607715655
1774150722066,2026-03-22 03:38:42.066,69408.0,0.02813,A,1952.44704,615928218109525
1774150726019,2026-03-22 03:38:46.019,69408.0,0.00028,A,19.43424,452979334473576
1774150727023,2026-03-22 03:38:47.023,69408.0,0.00017,A,11.79936,846972981533675
1774150728179,2026-03-22 03:38:48.179,69408.0,0.00271,A,188.09568000000002,428108651262204
1774150729505,2026-03-22 03:38:49.505,69409.0,0.00144,B,99.94896,780407656732136
1774150729579,2026-03-22 03:38:49.579,69408.0,0.01261,A,875.23488,707100981377173
1774150730736,2026-03-22 03:38:50.736,69408.0,0.00017,A,11.79936,286548274324957
1774150730736,2026-03-22 03:38:50.736,69407.0,0.003,A,208.221,908838247979745
1774150730736,2026-03-22 03:38:50.736,69407.0,0.00017,A,11.799190000000001,363435951487074
1774150730736,2026-03-22 03:38:50.736,69406.0,0.00746,A,517.7687599999999,22393346978823
1774150730736,2026-03-22 03:38:50.736,69406.0,0.00017,A,11.79902,180719398075669
1774150730736,2026-03-22 03:38:50.736,69406.0,0.00018,A,12.49308,783640146357632
1774150730736,2026-03-22 03:38:50.736,69405.0,0.00016,A,11.104800000000001,282378807554576
1774150730736,2026-03-22 03:38:50.736,69405.0,0.00017,A,11.798850000000002,498512440108759
1774150730736,2026-03-22 03:38:50.736,69404.0,0.00017,A,11.798680000000001,403906085390284
1774150730736,2026-03-22 03:38:50.736,69403.0,0.00017,A,11.79851,555382477249841
1774150730736,2026-03-22 03:38:50.736,69402.0,0.00016,A,11.104320000000001,4209685678709
1774150730736,2026-03-22 03:38:50.736,69402.0,0.00017,A,11.798340000000001,181602458695261
1774150731046,2026-03-22 03:38:51.046,69401.0,0.00017,A,11.79817,24541665689364
1774150731046,2026-03-22 03:38:51.046,69400.0,0.00011,A,7.634,450184291802787
1774150732012,2026-03-22 03:38:52.012,69400.0,5e-05,A,3.47,506114600469351
1774150732012,2026-03-22 03:38:52.012,69400.0,0.00012,A,8.328,760854592887321
1774150733423,2026-03-22 03:38:53.423,69400.0,0.00988,A,685.672,639402913919185
1774150733423,2026-03-22 03:38:53.423,69400.0,0.00017,A,11.798,211901314691215
1774150733423,2026-03-22 03:38:53.423,69399.0,0.00017,A,11.797830000000001,150143350696748
1774150733620,2026-03-22 03:38:53.620,69398.0,0.00016,A,11.10368,747076215162850
1774150733620,2026-03-22 03:38:53.620,69398.0,0.00017,A,11.79766,1060409147038863
1774150733620,2026-03-22 03:38:53.620,69398.0,0.003,A,208.19400000000002,293315865915693
1774150734227,2026-03-22 03:38:54.227,69397.0,0.00017,A,11.797490000000002,1029041825884389
1774150734227,2026-03-22 03:38:54.227,69396.0,0.00017,A,11.797320000000001,255775740972899
1774150735430,2026-03-22 03:38:55.430,69395.0,0.00109,B,75.64055,733219012263540
1774150736643,2026-03-22 03:38:56.643,69394.0,0.00018,A,12.490920000000001,996993414316690
1774150736643,2026-03-22 03:38:56.643,69394.0,0.00017,A,11.796980000000001,927281545527512
1774150736643,2026-03-22 03:38:56.643,69393.0,0.00017,A,11.79681,951050702601119
1774150737065,2026-03-22 03:38:57.065,69392.0,0.00017,A,11.79664,37871798726391
1774150737065,2026-03-22 03:38:57.065,69391.0,0.00016,A,11.10256,305201723713698
1774150737065,2026-03-22 03:38:57.065,69391.0,0.00017,A,11.796470000000001,983379818123187
1774150737065,2026-03-22 03:38:57.065,69390.0,0.00017,A,11.7963,54166960801019
1774150737065,2026-03-22 03:38:57.065,69389.0,0.00017,A,11.796130000000002,788183182584670
1774150737065,2026-03-22 03:38:57.065,69388.0,0.00028,A,19.428639999999998,349869883840329
1774150737065,2026-03-22 03:38:57.065,69388.0,0.00089,A,61.75532,401512205418994
1774150737065,2026-03-22 03:38:57.065,69388.0,0.01477,A,1024.86076,171414612832400
1774150737065,2026-03-22 03:38:57.065,69388.0,0.01,A,693.88,532668163781799
1774150739072,2026-03-22 03:38:59.072,69389.0,0.00016,B,11.10224,750411192952138
1774150739674,2026-03-22 03:38:59.674,69388.0,0.77523,A,53791.65924,326557603833579
1774150739674,2026-03-22 03:38:59.674,69388.0,0.00017,A,11.795960000000001,241875119125970
1774150740478,2026-03-22 03:39:00.478,69387.0,0.00017,A,11.79579,929944718664894
1774150742083,2026-03-22 03:39:02.083,69385.0,0.00017,A,11.79545,517760363203117
1774150742495,2026-03-22 03:39:02.495,69385.0,0.00098,A,67.9973,664266635682550
1774150743897,2026-03-22 03:39:03.897,69385.0,0.00285,A,197.74725,95698455139640
1774150743897,2026-03-22 03:39:03.897,69385.0,0.00017,A,11.79545,1054459450405566
1774150743897,2026-03-22 03:39:03.897,69385.0,0.00278,A,192.8903,1081184349654220
1774150744038,2026-03-22 03:39:04.038,69385.0,0.00142,A,98.5267,1027376029158599
1774150744301,2026-03-22 03:39:04.301,69385.0,0.0129,A,895.0665,579956522238422
1774150746738,2026-03-22 03:39:06.738,69385.0,0.01107,A,768.09195,1102010879061159
1774150748087,2026-03-22 03:39:08.087,69386.0,0.00016,B,11.10176,50330357105246
1774150749705,2026-03-22 03:39:09.705,69385.0,0.00017,A,11.79545,562370559118053
1774150749705,2026-03-22 03:39:09.705,69384.0,0.00017,A,11.79528,569551669084724
1774150749705,2026-03-22 03:39:09.705,69384.0,0.00015,A,10.407599999999999,124411206267012
1774150749705,2026-03-22 03:39:09.705,69383.0,0.003,A,208.149,875155275423778
1774150749705,2026-03-22 03:39:09.705,69383.0,0.00016,A,11.101280000000001,5206312979814
1774150749705,2026-03-22 03:39:09.705,69383.0,0.00017,A,11.795110000000001,1085323140903685
1774150749705,2026-03-22 03:39:09.705,69382.0,0.00017,A,11.79494,590845451708659
1774150749705,2026-03-22 03:39:09.705,69381.0,0.004,A,277.524,102318056070285
1774150749705,2026-03-22 03:39:09.705,69381.0,0.00017,A,11.794770000000002,264686224026285
1774150749705,2026-03-22 03:39:09.705,69380.0,0.00016,A,11.100800000000001,225636591310893
1774150749705,2026-03-22 03:39:09.705,69380.0,0.00017,A,11.7946,243516722232108
1774150749705,2026-03-22 03:39:09.705,69379.0,0.00017,A,11.79443,1113420793520514
1774150749705,2026-03-22 03:39:09.705,69378.0,0.00017,A,11.794260000000001,761064357915374
1774150749705,2026-03-22 03:39:09.705,69378.0,0.003,A,208.13400000000001,270089741360687
1774150749705,2026-03-22 03:39:09.705,69378.0,0.00022,A,15.263160000000001,992718789947057
1774150749705,2026-03-22 03:39:09.705,69377.0,0.00017,A,11.79409,550502623948197
1774150749705,2026-03-22 03:39:09.705,69377.0,0.003,A,208.131,30313600257408
1774150749705,2026-03-22 03:39:09.705,69376.0,0.00016,A,11.10016,1123276596531499
1774150749705,2026-03-22 03:39:09.705,69376.0,0.01188,A,824.18688,414517420077238
1774150749705,2026-03-22 03:39:09.705,69376.0,0.00017,A,11.79392,324640264120588
1774150749705,2026-03-22 03:39:09.705,69375.0,0.25,A,17343.75,919014135787319
1774150749705,2026-03-22 03:39:09.705,69375.0,0.00017,A,11.793750000000001,48860000776241
1774150749705,2026-03-22 03:39:09.705,69374.0,0.00017,A,11.79358,632529638748807
1774150749705,2026-03-22 03:39:09.705,69373.0,0.00017,A,11.793410000000002,644889230452050
1774150749705,2026-03-22 03:39:09.705,69372.0,0.00043,A,29.82996,308359929660782
1774150749705,2026-03-22 03:39:09.705,69372.0,0.00016,A,11.09952,350957209316795
1774150749705,2026-03-22 03:39:09.705,69372.0,0.00017,A,11.79324,1063087093508455
1774150749705,2026-03-22 03:39:09.705,69372.0,0.23062,A,15998.57064,873540109105919
1774150749958,2026-03-22 03:39:09.958,69372.0,0.01261,B,874.7809199999999,144165505218491
1774150750105,2026-03-22 03:39:10.105,69371.0,0.01,A,693.71,143128847164263
1774150750963,2026-03-22 03:39:10.963,69371.0,0.01457,B,1010.73547,658072203009710
1774150750963,2026-03-22 03:39:10.963,69371.0,0.00043,B,29.82953,903686247397674
1774150751520,2026-03-22 03:39:11.520,69371.0,0.00016,B,11.09936,272680758124626
1774150751520,2026-03-22 03:39:11.520,69371.0,0.00138,B,95.73198,343214713369391
1774150752049,2026-03-22 03:39:12.049,69370.0,0.00017,A,11.792900000000001,863947073945767
1774150752049,2026-03-22 03:39:12.049,69370.0,0.02797,A,1940.2788999999998,267250099927034
1774150752778,2026-03-22 03:39:12.778,69371.0,0.00062,B,43.01002,1066000957818459
1774150753180,2026-03-22 03:39:13.180,69371.0,0.00138,B,95.73198,438703299611814
1774150753759,2026-03-22 03:39:13.759,69370.0,0.00017,A,11.792900000000001,534636956819197
1774150753759,2026-03-22 03:39:13.759,69369.0,0.00017,A,11.79273,207641227391576
1774150753759,2026-03-22 03:39:13.759,69369.0,0.00015,A,10.405349999999999,226355808297441
1774150753759,2026-03-22 03:39:13.759,69368.0,0.00016,A,11.098880000000001,304156841214447
1774150753759,2026-03-22 03:39:13.759,69368.0,0.00017,A,11.792560000000002,478713965272421
1774150753759,2026-03-22 03:39:13.759,69367.0,0.00016,A,11.09872,1033747081313078
1774150753759,2026-03-22 03:39:13.759,69367.0,0.00017,A,11.792390000000001,944837423809048
1774150753759,2026-03-22 03:39:13.759,69366.0,0.8,A,55492.8,863371883036156
1774150753759,2026-03-22 03:39:13.759,69366.0,0.00017,A,11.79222,386537221032620
1774150753759,2026-03-22 03:39:13.759,69365.0,0.00017,A,11.792050000000001,21101626643667
1774150753759,2026-03-22 03:39:13.759,69364.0,0.00017,A,11.79188,131986129132500
1774150753759,2026-03-22 03:39:13.759,69364.0,0.00635,A,440.46139999999997,1080582441952903
1774150753970,2026-03-22 03:39:13.970,69363.0,0.00017,A,11.79171,704174437486550
1774150753970,2026-03-22 03:39:13.970,69362.0,5e-05,A,3.4681,107083106909906
1774150753970,2026-03-22 03:39:13.970,69362.0,0.00012,A,8.32344,782184510549786
1774150753970,2026-03-22 03:39:13.970,69361.0,0.0001,A,6.936100000000001,659494636567547
1774150753970,2026-03-22 03:39:13.970,69361.0,6e-05,A,4.16166,37832838310527
1774150753970,2026-03-22 03:39:13.970,69361.0,0.00016,A,11.097760000000001,925973440226000
1774150754386,2026-03-22 03:39:14.386,69361.0,0.00284,A,196.98524,241625097126199
1774150754386,2026-03-22 03:39:14.386,69361.0,0.00017,A,11.79137,541630629805917
1774150754386,2026-03-22 03:39:14.386,69360.0,0.00016,A,11.097600000000002,203615243917200
1774150754386,2026-03-22 03:39:14.386,69360.0,0.00017,A,11.791200000000002,567139753488490
1774150754386,2026-03-22 03:39:14.386,69360.0,0.003,A,208.08,961721516240420
1774150754786,2026-03-22 03:39:14.786,69359.0,0.25,A,17339.75,680495789983675
1774150754786,2026-03-22 03:39:14.786,69359.0,0.00017,A,11.791030000000001,855672781610865
1774150754786,2026-03-22 03:39:14.786,69358.0,0.00016,A,11.097280000000001,375698044713879
1774150754786,2026-03-22 03:39:14.786,69358.0,0.00017,A,11.79086,293531722166072
1774150754786,2026-03-22 03:39:14.786,69357.0,0.00017,A,11.790690000000001,393995506694736
1774150754786,2026-03-22 03:39:14.786,69356.0,0.00017,A,11.79052,416483891279832
1774150754786,2026-03-22 03:39:14.786,69355.0,0.00017,A,11.79035,769705222118834
1774150754786,2026-03-22 03:39:14.786,69354.0,0.00016,A,11.09664,575062137072946
1774150754786,2026-03-22 03:39:14.786,69354.0,0.00017,A,11.790180000000001,59600162633397
1774150754786,2026-03-22 03:39:14.786,69353.0,0.00017,A,11.79001,778974639236570
1774150755295,2026-03-22 03:39:15.295,69352.0,0.00354,A,245.50608000000003,440090360380973
1774150755295,2026-03-22 03:39:15.295,69352.0,0.00017,A,11.789840000000002,13458684366918
1774150755295,2026-03-22 03:39:15.295,69352.0,0.08276,A,5739.57152,1072724279269948
1774150756114,2026-03-22 03:39:16.114,69352.0,0.00017,A,11.789840000000002,3312450681044
1774150756114,2026-03-22 03:39:16.114,69351.0,0.00011,A,7.62861,288735600377332
1774150756114,2026-03-22 03:39:16.114,69350.0,0.00143,A,99.1705,161905150150137
1774150756114,2026-03-22 03:39:16.114,69350.0,0.00081,A,56.1735,703143043173498
1774150756114,2026-03-22 03:39:16.114,69350.0,0.00011,A,7.6285,1001860148384504
1774150756326,2026-03-22 03:39:16.326,69351.0,0.00034,B,23.579340000000002,922831345157747
1774150756326,2026-03-22 03:39:16.326,69351.0,0.00035,B,24.27285,390037976195550
1774150756326,2026-03-22 03:39:16.326,69351.0,0.00121,B,83.91471,347727956452277
1774150756326,2026-03-22 03:39:16.326,69351.0,0.00271,B,187.94121,554110367893641
1774150756934,2026-03-22 03:39:16.934,69351.0,0.00138,B,95.70438,575911577029296
1774150757119,2026-03-22 03:39:17.119,69350.0,0.0002,A,13.870000000000001,58325634722247
1774150758294,2026-03-22 03:39:18.294,69350.0,0.00074,A,51.319,13964341488951
1774150758294,2026-03-22 03:39:18.294,69350.0,0.00384,A,266.30400000000003,367600777702982
1774150758294,2026-03-22 03:39:18.294,69350.0,0.03222,A,2234.457,126010304695057
1774150758899,2026-03-22 03:39:18.899,69351.0,0.00237,B,164.36187,907794133214612
1774150759143,2026-03-22 03:39:19.143,69352.0,0.00015,B,10.4028,114096349971323
1774150759143,2026-03-22 03:39:19.143,69353.0,3e-05,B,2.08059,558391383149436
1774150759278,2026-03-22 03:39:19.278,69353.0,0.05662,B,3926.7668599999997,581615032666520
1774150759278,2026-03-22 03:39:19.278,69353.0,0.00015,B,10.402949999999999,882358684468534
1774150759278,2026-03-22 03:39:19.278,69354.0,0.00015,B,10.403099999999998,539692194436660
1774150759278,2026-03-22 03:39:19.278,69355.0,0.003,B,208.065,307918551222334
1774150759278,2026-03-22 03:39:19.278,69355.0,0.38599,B,26770.33645,6721299726830
1774150759278,2026-03-22 03:39:19.278,69356.0,0.01153,B,799.67468,140600042522979
1774150759278,2026-03-22 03:39:19.278,69356.0,0.00016,B,11.096960000000001,1036764203460085
1774150759502,2026-03-22 03:39:19.502,69358.0,0.003,B,208.074,752219449021171
1774150759502,2026-03-22 03:39:19.502,69358.0,0.16555,B,11482.2169,599940112253449
1774150759502,2026-03-22 03:39:19.502,69358.0,0.10558,B,7322.817639999999,948038700264892
1774150759502,2026-03-22 03:39:19.502,69359.0,0.22587,B,15666.11733,1048524663282645
1774150760100,2026-03-22 03:39:20.100,69359.0,0.00288,B,199.75392000000002,191711535151254
1774150761049,2026-03-22 03:39:21.049,69358.0,0.00028,A,19.42024,548387881318347
1774150762054,2026-03-22 03:39:22.054,69358.0,0.00017,A,11.79086,971940811949460
1774150762323,2026-03-22 03:39:22.323,69360.0,0.00017,B,11.791200000000002,652835038665577
1774150762323,2026-03-22 03:39:22.323,69360.0,0.00015,B,10.404,517046203608969
1774150762323,2026-03-22 03:39:22.323,69360.0,0.0002,B,13.872,393528773147415
1774150762323,2026-03-22 03:39:22.323,69361.0,0.00017,B,11.79137,843924072148520
1774150762323,2026-03-22 03:39:22.323,69362.0,0.00017,B,11.791540000000001,707521994611796
1774150762323,2026-03-22 03:39:22.323,69363.0,0.003,B,208.089,148442853579352
1774150762323,2026-03-22 03:39:22.323,69363.0,0.00017,B,11.79171,872421914025318
1774150762323,2026-03-22 03:39:22.323,69364.0,0.00017,B,11.79188,468134878225006
1774150762323,2026-03-22 03:39:22.323,69364.0,0.00284,B,196.99376,408665559266463
1774150763342,2026-03-22 03:39:23.342,69363.0,0.105,A,7283.115,749344155195901
1774150763342,2026-03-22 03:39:23.342,69363.0,0.385,A,26704.755,271036063133043
1774150763342,2026-03-22 03:39:23.342,69363.0,0.10094,A,7001.50122,592939481259114
1774150763342,2026-03-22 03:39:23.342,69363.0,0.08,A,5549.04,750497632405813
1774150763342,2026-03-22 03:39:23.342,69363.0,0.35,A,24277.05,265244741159833
1774150763342,2026-03-22 03:39:23.342,69363.0,0.36541,A,25345.93383,443681752099527
1774150763342,2026-03-22 03:39:23.342,69363.0,0.11995,A,8320.09185,438961020260821
1774150763342,2026-03-22 03:39:23.342,69363.0,0.35,A,24277.05,172823309820988
1774150763342,2026-03-22 03:39:23.342,69363.0,0.0819,A,5680.8297,552668542496987
1774150763342,2026-03-22 03:39:23.342,69363.0,1.4417,A,100000.63709999999,254233990427117
1774150763342,2026-03-22 03:39:23.342,69363.0,0.8036,A,55740.1068,860095186111789
1774150763342,2026-03-22 03:39:23.342,69363.0,0.11945,A,8285.41035,490383025661950
1774150763342,2026-03-22 03:39:23.342,69363.0,0.08922,A,6188.56686,812185531262180
1774150763757,2026-03-22 03:39:23.757,69363.0,0.00058,A,40.23054,304233573771809
1774150764407,2026-03-22 03:39:24.407,69364.0,0.00017,B,11.79188,186059092575247
1774150764407,2026-03-22 03:39:24.407,69364.0,0.00023,B,15.95372,301232169387599
1774150765129,2026-03-22 03:39:25.129,69364.0,0.10939,A,7587.72796,935314888161810
1774150765129,2026-03-22 03:39:25.129,69363.0,0.00017,A,11.79171,715962993259331
1774150765129,2026-03-22 03:39:25.129,69362.0,0.00017,A,11.791540000000001,168075463022582
1774150765129,2026-03-22 03:39:25.129,69361.0,0.00015,A,10.40415,593788299102109
1774150765129,2026-03-22 03:39:25.129,69361.0,0.00017,A,11.79137,988171707969449
1774150765129,2026-03-22 03:39:25.129,69360.0,0.00017,A,11.791200000000002,680585446733362
1774150765129,2026-03-22 03:39:25.129,69358.0,0.003,A,208.074,359513793927031
1774150765129,2026-03-22 03:39:25.129,69358.0,0.00017,A,11.79086,817372839807114
1774150765129,2026-03-22 03:39:25.129,69357.0,0.00016,A,11.09712,909872663194255
1774150765129,2026-03-22 03:39:25.129,69357.0,0.001,A,69.357,944619204878039
1774150765129,2026-03-22 03:39:25.129,69357.0,0.00017,A,11.790690000000001,740368564226320
1774150765129,2026-03-22 03:39:25.129,69356.0,0.00017,A,11.79052,924998855179491
1774150765546,2026-03-22 03:39:25.546,69355.0,0.00017,A,11.79035,140239475138326
1774150765585,2026-03-22 03:39:25.585,69354.0,0.00016,A,11.09664,855743407577753
1774150765585,2026-03-22 03:39:25.585,69354.0,0.00017,A,11.790180000000001,218462660849614
1774150765585,2026-03-22 03:39:25.585,69353.0,0.003,A,208.059,123003724234329
1774150765585,2026-03-22 03:39:25.585,69353.0,0.00015,A,10.402949999999999,1008160722310299
1774150765585,2026-03-22 03:39:25.585,69353.0,0.00017,A,11.79001,501140500727516
1774150765585,2026-03-22 03:39:25.585,69352.0,0.00017,A,11.789840000000002,368034707571280
1774150765826,2026-03-22 03:39:25.826,69351.0,0.00017,A,11.789670000000001,1050646834825093
1774150765826,2026-03-22 03:39:25.826,69350.0,0.00017,A,11.7895,722852924070189
1774150765826,2026-03-22 03:39:25.826,69350.0,0.00016,A,11.096,127785391311247
1774150765826,2026-03-22 03:39:25.826,69349.0,0.00016,A,11.09584,285454332340607
1774150765826,2026-03-22 03:39:25.826,69349.0,0.00017,A,11.789330000000001,547629654044639
1774150765826,2026-03-22 03:39:25.826,69348.0,0.00017,A,11.78916,437631491226230
1774150767043,2026-03-22 03:39:27.043,69347.0,0.00017,A,11.78899,766301868318708
1774150767043,2026-03-22 03:39:27.043,69346.0,0.00017,A,11.788820000000001,637301937139124
1774150767043,2026-03-22 03:39:27.043,69345.0,0.01644,A,1140.0318,850754844460005
1774150769024,2026-03-22 03:39:29.024,69346.0,0.00046,B,31.899160000000002,169657226520039
1774150769024,2026-03-22 03:39:29.024,69345.0,0.0032,A,221.90400000000002,324302497186001
1774150769676,2026-03-22 03:39:29.676,69345.0,0.005,A,346.725,181460766218109
1774150772443,2026-03-22 03:39:32.443,69348.0,0.00017,B,11.78916,17133562577718
1774150772443,2026-03-22 03:39:32.443,69348.0,0.0002,B,13.8696,1032972422563489
1774150772443,2026-03-22 03:39:32.443,69349.0,0.00017,B,11.789330000000001,290932352614030
1774150772443,2026-03-22 03:39:32.443,69349.0,0.00015,B,10.402349999999998,269506296816097
1774150772443,2026-03-22 03:39:32.443,69350.0,0.00017,B,11.7895,426974126956494
1774150772915,2026-03-22 03:39:32.915,69351.0,0.00017,B,11.789670000000001,113959691622948
1774150772915,2026-03-22 03:39:32.915,69352.0,0.00017,B,11.789840000000002,793785680153110
1774150773926,2026-03-22 03:39:33.926,69353.0,0.003,B,208.059,550341014543859
1774150774027,2026-03-22 03:39:34.027,69353.0,0.00035,A,24.27355,359585820848425
1774150774027,2026-03-22 03:39:34.027,69353.0,0.00106,A,73.51418,1063660089632715
1774150774127,2026-03-22 03:39:34.127,69353.0,0.0049,A,339.8297,634796150875131
1774150775340,2026-03-22 03:39:35.340,69353.0,1.00341,A,69589.49372999999,503718668616992
1774150775340,2026-03-22 03:39:35.340,69353.0,0.12,A,8322.36,935189505440077
1774150775340,2026-03-22 03:39:35.340,69353.0,0.23491,A,16291.713230000001,180914272734684
1774150775340,2026-03-22 03:39:35.340,69353.0,0.0837,A,5804.8461,523485638570097
1774150776255,2026-03-22 03:39:36.255,69355.0,0.00017,B,11.79035,346006245259038
1774150776255,2026-03-22 03:39:36.255,69355.0,0.00015,B,10.40325,61852080044681
1774150776255,2026-03-22 03:39:36.255,69355.0,0.0002,B,13.871,827529832760098
1774150776255,2026-03-22 03:39:36.255,69356.0,0.00017,B,11.79052,800639931080517
1774150776348,2026-03-22 03:39:36.348,69356.0,0.00075,A,52.017,1042192308073170
1774150776348,2026-03-22 03:39:36.348,69356.0,0.00384,A,266.32704,736886103982209
1774150777918,2026-03-22 03:39:37.918,69358.0,0.00017,B,11.79086,982426810690472
1774150777918,2026-03-22 03:39:37.918,69358.0,0.00309,B,214.31622,268862566129757
1774150778065,2026-03-22 03:39:38.065,69358.0,0.00016,B,11.097280000000001,57972942762154
1774150779059,2026-03-22 03:39:39.059,69358.0,4e-05,B,2.7743200000000003,897987149868306
1774150779059,2026-03-22 03:39:39.059,69358.0,0.00017,B,11.79086,848837702202276
1774150780432,2026-03-22 03:39:40.432,69359.0,0.66666,B,46238.87094,1045396122614152
1774150780507,2026-03-22 03:39:40.507,69359.0,0.08765,B,6079.31635,571079429631589
1774150780507,2026-03-22 03:39:40.507,69359.0,0.08765,B,6079.31635,817550479457585
1774150780507,2026-03-22 03:39:40.507,69359.0,0.39559,B,27437.72681,704190702216803
1774150780507,2026-03-22 03:39:40.507,69359.0,0.39559,B,27437.72681,180761071409797
1774150780507,2026-03-22 03:39:40.507,69359.0,0.09698,B,6726.43582,103145816355435
1774150780507,2026-03-22 03:39:40.507,69359.0,0.00017,B,11.791030000000001,840556985001627
1774150780507,2026-03-22 03:39:40.507,69360.0,0.00017,B,11.791200000000002,269212358043079
1774150780507,2026-03-22 03:39:40.507,69360.0,0.00015,B,10.404,487057264490176
1774150780648,2026-03-22 03:39:40.648,69361.0,0.00017,B,11.79137,597675464365059
1774150781114,2026-03-22 03:39:41.114,69363.0,0.00017,B,11.79171,877134359868513
1774150781114,2026-03-22 03:39:41.114,69363.0,0.0002,B,13.8726,192607181185717
1774150781114,2026-03-22 03:39:41.114,69364.0,0.00017,B,11.79188,1013713294459602
1774150781114,2026-03-22 03:39:41.114,69364.0,0.00022,B,15.26008,750339394542203
1774150781114,2026-03-22 03:39:41.114,69364.0,0.00036,B,24.971040000000002,756214542094385
1774150781265,2026-03-22 03:39:41.265,69364.0,0.00029,B,20.11556,1038214618335291
1774150781667,2026-03-22 03:39:41.667,69364.0,0.00235,B,163.0054,563671426417253
1774150781667,2026-03-22 03:39:41.667,69364.0,0.36197,B,25107.68708,1007207351050645
1774150781667,2026-03-22 03:39:41.667,69364.0,0.00016,B,11.09824,515168670243564
1774150782534,2026-03-22 03:39:42.534,69365.0,0.00017,B,11.792050000000001,25515226587685
1774150782534,2026-03-22 03:39:42.534,69365.0,0.00127,B,88.09355000000001,877211270218550
1774150783114,2026-03-22 03:39:43.114,69364.0,0.00062,A,43.00568,275694647294761
1774150783516,2026-03-22 03:39:43.516,69365.0,0.00017,B,11.792050000000001,360616766030079
1774150783516,2026-03-22 03:39:43.516,69367.0,0.00017,B,11.792390000000001,534219612435357
1774150783516,2026-03-22 03:39:43.516,69368.0,0.00017,B,11.792560000000002,319253229172753
1774150783516,2026-03-22 03:39:43.516,69368.0,0.00015,B,10.405199999999999,616332412921332
1774150783516,2026-03-22 03:39:43.516,69369.0,0.00017,B,11.79273,467212853493512
1774150783516,2026-03-22 03:39:43.516,69369.0,0.003,B,208.107,114343932051099
1774150783516,2026-03-22 03:39:43.516,69370.0,0.00017,B,11.792900000000001,607816073624640
1774150783516,2026-03-22 03:39:43.516,69371.0,0.00016,B,11.09936,450242756154965
1774150783516,2026-03-22 03:39:43.516,69371.0,0.01153,B,799.84763,782036217154184
1774150783516,2026-03-22 03:39:43.516,69371.0,0.00017,B,11.79307,776500486244870
1774150783516,2026-03-22 03:39:43.516,69371.0,0.00865,B,600.0591499999999,576188956888724
1774150784713,2026-03-22 03:39:44.713,69371.0,0.00021,B,14.567910000000001,986797960285115
1774150785569,2026-03-22 03:39:45.569,69371.0,0.0072,B,499.4712,618176163656276
1774150786064,2026-03-22 03:39:46.064,69370.0,0.00028,A,19.423599999999997,501894969499717
1774150787009,2026-03-22 03:39:47.009,69370.0,0.00017,A,11.792900000000001,386002177852819
1774150791027,2026-03-22 03:39:51.027,69370.0,0.00028,A,19.423599999999997,608547227520141
1774150791369,2026-03-22 03:39:51.369,69370.0,0.00271,A,187.9927,238892387772311
1774150792034,2026-03-22 03:39:52.034,69370.0,0.00017,A,11.792900000000001,1003696592877921
1774150793447,2026-03-22 03:39:53.447,69371.0,0.00017,B,11.79307,718438930695757
1774150793447,2026-03-22 03:39:53.447,69371.0,0.04614,B,3200.77794,1043228574829893
1774150793792,2026-03-22 03:39:53.792,69370.0,0.00017,A,11.792900000000001,750314259368189
1774150793792,2026-03-22 03:39:53.792,69370.0,0.21784,A,15111.560800000001,207383936938075
1774150795586,2026-03-22 03:39:55.586,69371.0,0.00017,B,11.79307,367210616609042
1774150795586,2026-03-22 03:39:55.586,69372.0,0.00017,B,11.79324,679943661254460
1774150796059,2026-03-22 03:39:56.059,69372.0,0.0011,A,76.3092,876671843460252
1774150796059,2026-03-22 03:39:56.059,69372.0,0.01548,A,1073.87856,570868925890540
1774150797009,2026-03-22 03:39:57.009,69372.0,0.00017,A,11.79324,209359099287829
1774150797009,2026-03-22 03:39:57.009,69372.0,0.01661,A,1152.26892,1092767622425916
1774150798360,2026-03-22 03:39:58.360,69372.0,7e-05,A,4.856039999999999,1117633075186912
1774150798552,2026-03-22 03:39:58.552,69373.0,0.00017,B,11.793410000000002,335046059993295
1774150798552,2026-03-22 03:39:58.552,69374.0,0.00017,B,11.79358,1121734858037690
1774150798552,2026-03-22 03:39:58.552,69375.0,0.00016,B,11.100000000000001,500595024692481
1774150798552,2026-03-22 03:39:58.552,69375.0,0.00017,B,11.793750000000001,328012917464148
1774150798552,2026-03-22 03:39:58.552,69376.0,0.00017,B,11.79392,926401455685453
1774150798552,2026-03-22 03:39:58.552,69377.0,0.00017,B,11.79409,3524675890079
1774150798552,2026-03-22 03:39:58.552,69377.0,0.00015,B,10.40655,181350051678973
1774150798552,2026-03-22 03:39:58.552,69378.0,0.00017,B,11.794260000000001,816504670888020
1774150798552,2026-03-22 03:39:58.552,69378.0,0.001,B,69.378,771171395648145
1774150798552,2026-03-22 03:39:58.552,69379.0,0.00016,B,11.10064,1074973279512628
1774150798552,2026-03-22 03:39:58.552,69379.0,0.00017,B,11.79443,878160288643874
1774150798552,2026-03-22 03:39:58.552,69380.0,0.00017,B,11.7946,285378956840796
1774150798552,2026-03-22 03:39:58.552,69381.0,0.00017,B,11.794770000000002,422926493352473
1774150798552,2026-03-22 03:39:58.552,69381.0,0.003,B,208.143,732763897637570
1774150798552,2026-03-22 03:39:58.552,69382.0,0.00016,B,11.101120000000002,189302784349867
1774150798552,2026-03-22 03:39:58.552,69382.0,0.00017,B,11.79494,1115930983486622
1774150798552,2026-03-22 03:39:58.552,69383.0,0.00017,B,11.795110000000001,1048836024254944
1774150798552,2026-03-22 03:39:58.552,69383.0,0.00015,B,10.407449999999999,982192163615855
1774150798552,2026-03-22 03:39:58.552,69383.0,0.003,B,208.149,316345279496458
1774150798552,2026-03-22 03:39:58.552,69383.0,0.001,B,69.383,924399397381722
1774150798552,2026-03-22 03:39:58.552,69384.0,0.00017,B,11.79528,92424754865801
1774150798552,2026-03-22 03:39:58.552,69385.0,0.00017,B,11.79545,244719395763390
1774150798552,2026-03-22 03:39:58.552,69386.0,0.00016,B,11.10176,883110509609761
1774150798552,2026-03-22 03:39:58.552,69386.0,0.00017,B,11.795620000000001,81204894727144
1774150798552,2026-03-22 03:39:58.552,69387.0,0.00017,B,11.79579,442957229486796
1774150798552,2026-03-22 03:39:58.552,69387.0,0.56571,B,39252.91977,358548236719798
1774150799127,2026-03-22 03:39:59.127,69387.0,0.00016,B,11.101920000000002,695694086607745
1774150800947,2026-03-22 03:40:00.947,69381.0,0.003,A,208.143,538101751043671
1774150800947,2026-03-22 03:40:00.947,69380.0,0.00016,A,11.100800000000001,287875378660273
1774150801018,2026-03-22 03:40:01.018,69376.0,0.003,A,208.12800000000001,501699020812607
1774150801018,2026-03-22 03:40:01.018,69376.0,0.00016,A,11.10016,692942456978331
1774150801018,2026-03-22 03:40:01.018,69376.0,0.00017,A,11.79392,1042490238170376
1774150801018,2026-03-22 03:40:01.018,69373.0,0.00015,A,10.405949999999999,427266440688237
1774150801018,2026-03-22 03:40:01.018,69373.0,0.00017,A,11.793410000000002,666380725058817
1774150801018,2026-03-22 03:40:01.018,69372.0,0.00017,A,11.79324,502654979847121
1774150801018,2026-03-22 03:40:01.018,69371.0,0.00017,A,11.79307,78340078966731
1774150801018,2026-03-22 03:40:01.018,69370.0,0.1118,A,7755.566,674883185623849
1774150801018,2026-03-22 03:40:01.018,69370.0,0.00017,A,11.792900000000001,296736779720010
1774150801089,2026-03-22 03:40:01.089,69369.0,0.00017,A,11.79273,38650221334051
1774150801089,2026-03-22 03:40:01.089,69368.0,0.00017,A,11.792560000000002,967103036698082
1774150801089,2026-03-22 03:40:01.089,69368.0,0.00016,A,11.098880000000001,301009869142489
1774150801089,2026-03-22 03:40:01.089,69368.0,0.00015,A,10.405199999999999,124576603892451
1774150801089,2026-03-22 03:40:01.089,69367.0,0.00017,A,11.792390000000001,998960155950052
1774150801357,2026-03-22 03:40:01.357,69366.0,0.00017,A,11.79222,564213690016347
1774150801604,2026-03-22 03:40:01.604,69365.0,0.00016,A,11.098400000000002,516352632782905
1774150801604,2026-03-22 03:40:01.604,69365.0,0.00017,A,11.792050000000001,593961876165196
1774150801967,2026-03-22 03:40:01.967,69364.0,0.00017,A,11.79188,922086991547988
1774150801967,2026-03-22 03:40:01.967,69364.0,0.00018,A,12.485520000000001,495128928239145
1774150801967,2026-03-22 03:40:01.967,69364.0,0.00015,A,10.404599999999999,349641571719466
1774150801967,2026-03-22 03:40:01.967,69363.0,0.00017,A,11.79171,793267351747564
1774150801967,2026-03-22 03:40:01.967,69362.0,0.00017,A,11.791540000000001,513388697060679
1774150801967,2026-03-22 03:40:01.967,69361.0,0.00016,A,11.097760000000001,716667865743542
1774150801967,2026-03-22 03:40:01.967,69361.0,0.00017,A,11.79137,306384802763596
1774150802449,2026-03-22 03:40:02.449,69360.0,0.00038,A,26.3568,27806662126098
1774150803671,2026-03-22 03:40:03.671,69361.0,0.00043,B,29.825229999999998,770415313549462
1774150805004,2026-03-22 03:40:05.004,69360.0,0.00142,A,98.4912,126404477277430
1774150807096,2026-03-22 03:40:07.096,69360.0,0.22886,A,15873.7296,994386362191476
1774150807096,2026-03-22 03:40:07.096,69359.0,0.00017,A,11.791030000000001,1022447545398090
1774150807096,2026-03-22 03:40:07.096,69359.0,0.00015,A,10.403849999999998,603934153847121
1774150807096,2026-03-22 03:40:07.096,69358.0,0.00017,A,11.79086,846981394955506
1774150807096,2026-03-22 03:40:07.096,69357.0,0.00016,A,11.09712,434658828962444
1774150807096,2026-03-22 03:40:07.096,69357.0,0.00017,A,11.790690000000001,552182016244985
1774150807096,2026-03-22 03:40:07.096,69356.0,0.00017,A,11.79052,429395947733124
1774150807096,2026-03-22 03:40:07.096,69356.0,0.003,A,208.068,461229401691565
1774150807096,2026-03-22 03:40:07.096,69356.0,0.02883,A,1999.53348,162279754742920
1774150807096,2026-03-22 03:40:07.096,69355.0,0.00017,A,11.79035,748111291272849
1774150807096,2026-03-22 03:40:07.096,69354.0,0.00016,A,11.09664,753837328255069
1774150807096,2026-03-22 03:40:07.096,69354.0,0.00032,A,22.19328,851648736624381
1774150807096,2026-03-22 03:40:07.096,69354.0,0.01153,A,799.65162,148919565729371
1774150807096,2026-03-22 03:40:07.096,69354.0,0.001,A,69.354,324745010011677
1774150807096,2026-03-22 03:40:07.096,69354.0,0.00017,A,11.790180000000001,280064711508055
1774150807096,2026-03-22 03:40:07.096,69354.0,0.001,A,69.354,834645872909247
1774150807096,2026-03-22 03:40:07.096,69354.0,0.04034,A,2797.7403600000002,1097655754196595
1774150807096,2026-03-22 03:40:07.096,69353.0,0.00144,A,99.86832000000001,823943617438223
1774150807096,2026-03-22 03:40:07.096,69353.0,0.00017,A,11.79001,693589578224354
1774150807096,2026-03-22 03:40:07.096,69353.0,0.00015,A,10.402949999999999,632047321897584
1774150807096,2026-03-22 03:40:07.096,69352.0,0.00017,A,11.789840000000002,970035458933643
1774150807096,2026-03-22 03:40:07.096,69352.0,0.00349,A,242.03848,198969963748691
1774150807096,2026-03-22 03:40:07.096,69352.0,0.05665,A,3928.7907999999998,54384615968314
1774150807096,2026-03-22 03:40:07.096,69351.0,0.00017,A,11.789670000000001,492578455496662
1774150807096,2026-03-22 03:40:07.096,69351.0,0.00137,A,95.01087,823950682141694
1774150807096,2026-03-22 03:40:07.096,69351.0,0.09355,A,6487.78605,692005642623109
1774150808023,2026-03-22 03:40:08.023,69352.0,0.00016,B,11.09632,177092354885251
1774150815984,2026-03-22 03:40:15.984,69353.0,0.0102,B,707.4006,165504276772164
1774150816086,2026-03-22 03:40:16.086,69352.0,0.00027,A,18.72504,1056453900248142
1774150817004,2026-03-22 03:40:17.004,69352.0,0.00017,A,11.789840000000002,649267763451401
1774150818309,2026-03-22 03:40:18.309,69352.0,0.09288,A,6441.41376,666764234280753
1774150821035,2026-03-22 03:40:21.035,69352.0,0.00027,A,18.72504,851138447761373
1774150822039,2026-03-22 03:40:22.039,69352.0,0.00017,A,11.789840000000002,78992359986754
1774150825136,2026-03-22 03:40:25.136,69352.0,0.013,A,901.5759999999999,175130656804864
1774150827049,2026-03-22 03:40:27.049,69352.0,0.00017,A,11.789840000000002,965578986972061
1774150827049,2026-03-22 03:40:27.049,69352.0,0.01661,A,1151.93672,829145547693481
1774150828988,2026-03-22 03:40:28.988,69353.0,7e-05,B,4.85471,550538216893292
1774150829046,2026-03-22 03:40:29.046,69353.0,0.00016,B,11.096480000000001,1053236465620926
1774150830349,2026-03-22 03:40:30.349,69352.0,0.014,A,970.928,259909557371823
1774150830476,2026-03-22 03:40:30.476,69352.0,0.011,A,762.872,657895808229611
1774150833504,2026-03-22 03:40:33.504,69353.0,0.00027,B,18.72531,35250134524591
1774150834054,2026-03-22 03:40:34.054,69352.0,0.00019,A,13.17688,76402402047863
1774150834054,2026-03-22 03:40:34.054,69352.0,0.00017,A,11.789840000000002,106666629102922
1774150834054,2026-03-22 03:40:34.054,69352.0,0.0007,A,48.5464,731559656816446
1774150834054,2026-03-22 03:40:34.054,69351.0,0.00036,A,24.96636,1115146430929829
1774150837950,2026-03-22 03:40:37.950,69351.0,0.07174,A,4975.24074,399603445763893
1774150837950,2026-03-22 03:40:37.950,69351.0,0.00017,A,11.789670000000001,1114061320829298
1774150837950,2026-03-22 03:40:37.950,69350.0,0.00016,A,11.096,135168357220069
1774150837950,2026-03-22 03:40:37.950,69350.0,0.003,A,208.05,755628671845704
1774150837950,2026-03-22 03:40:37.950,69350.0,0.00015,A,10.4025,363121346453793
1774150837950,2026-03-22 03:40:37.950,69350.0,0.00017,A,11.7895,8242988755009
1774150837950,2026-03-22 03:40:37.950,69349.0,0.00017,A,11.789330000000001,1106876152783323
1774150838017,2026-03-22 03:40:38.017,69348.0,0.00017,A,11.78916,326438560360829
1774150838420,2026-03-22 03:40:38.420,69347.0,0.00017,A,11.78899,546313169928218
1774150838420,2026-03-22 03:40:38.420,69346.0,0.00016,A,11.095360000000001,1054751914018009
1774150838420,2026-03-22 03:40:38.420,69346.0,0.00032,A,22.190720000000002,718547536035519
1774150838420,2026-03-22 03:40:38.420,69346.0,0.00017,A,11.788820000000001,370224577053068
1774150839552,2026-03-22 03:40:39.552,69345.0,0.04,A,2773.8,700885743661889
1774150840022,2026-03-22 03:40:40.022,69346.0,0.07575,B,5252.9595,1111639063131888
1774150840022,2026-03-22 03:40:40.022,69346.0,1.00935,B,69994.3851,978075001452966
1774150840022,2026-03-22 03:40:40.022,69346.0,0.14949,B,10366.53354,169375215066575
1774150842421,2026-03-22 03:40:42.421,69345.0,1.53536,A,106469.5392,1043405176864949
1774150842421,2026-03-22 03:40:42.421,69345.0,0.00017,A,11.78865,876929403238670
1774150843229,2026-03-22 03:40:43.229,69344.0,0.00017,A,11.788480000000002,371097386389350
1774150843229,2026-03-22 03:40:43.229,69343.0,0.02158,A,1496.42194,516114080185696
1774150846027,2026-03-22 03:40:46.027,69343.0,0.00028,A,19.41604,211008459156082
1774150846027,2026-03-22 03:40:46.027,69343.0,0.00071,A,49.23353,775685145821865
1774150846226,2026-03-22 03:40:46.226,69343.0,0.00633,A,438.94119,1112985836847430
1774150847030,2026-03-22 03:40:47.030,69343.0,0.0002,A,13.8686,596391651549549
1774150849996,2026-03-22 03:40:49.996,69344.0,0.02294,B,1590.75136,368024809737128
1774150851078,2026-03-22 03:40:51.078,69343.0,0.00028,A,19.41604,315062041801028
1774150851422,2026-03-22 03:40:51.422,69343.0,0.22062,A,15298.45266,72896481091615
1774150851422,2026-03-22 03:40:51.422,69343.0,0.00017,A,11.788310000000001,446435592339255
1774150851422,2026-03-22 03:40:51.422,69343.0,0.0721,A,4999.6303,888712651384075
1774150851422,2026-03-22 03:40:51.422,69342.0,0.01188,A,823.78296,610354781911824
1774150851422,2026-03-22 03:40:51.422,69342.0,0.00017,A,11.78814,382490420149071
1774150851422,2026-03-22 03:40:51.422,69341.0,0.001,A,69.34100000000001,26990880920710
1774150851422,2026-03-22 03:40:51.422,69341.0,0.00017,A,11.787970000000001,149613954615136
1774150851422,2026-03-22 03:40:51.422,69340.0,0.00023,A,15.9482,229638115645101
1774150851422,2026-03-22 03:40:51.422,69340.0,0.00016,A,11.0944,123458359336725
1774150851422,2026-03-22 03:40:51.422,69340.0,0.00017,A,11.7878,400607145808434
1774150851422,2026-03-22 03:40:51.422,69340.0,0.23073,A,15998.8182,502061008511763
1774150851422,2026-03-22 03:40:51.422,69339.0,0.00017,A,11.78763,885640788140786
1774150851422,2026-03-22 03:40:51.422,69338.0,0.00017,A,11.787460000000001,398150455961988
1774150851422,2026-03-22 03:40:51.422,69337.0,0.00017,A,11.78729,92530712387262
1774150851422,2026-03-22 03:40:51.422,69337.0,0.00015,A,10.400549999999999,1125890690566766
1774150851422,2026-03-22 03:40:51.422,69337.0,0.003,A,208.011,469966050897771
1774150851422,2026-03-22 03:40:51.422,69336.0,0.00017,A,11.787120000000002,688979382485247
1774150851422,2026-03-22 03:40:51.422,69336.0,0.00029,A,20.10744,955342899557691
1774150851422,2026-03-22 03:40:51.422,69335.0,0.00016,A,11.0936,300357229824370
1774150851422,2026-03-22 03:40:51.422,69335.0,0.00017,A,11.786950000000001,115883449881682
1774150851422,2026-03-22 03:40:51.422,69335.0,0.003,A,208.005,227949334853322
1774150851422,2026-03-22 03:40:51.422,69335.0,0.04035,A,2797.66725,685248418986869
1774150851422,2026-03-22 03:40:51.422,69334.0,0.00017,A,11.78678,66079944417418
1774150851422,2026-03-22 03:40:51.422,69333.0,0.00057,A,39.51981,87302509279405
1774150851422,2026-03-22 03:40:51.422,69333.0,0.00017,A,11.786610000000001,185177329161693
1774150851422,2026-03-22 03:40:51.422,69333.0,0.05219,A,3618.48927,366226051934843
1774150851422,2026-03-22 03:40:51.422,69333.0,0.00146,A,101.22618,85999911996204
1774150851422,2026-03-22 03:40:51.422,69332.0,0.00016,A,11.09312,67929385745907
1774150851422,2026-03-22 03:40:51.422,69332.0,0.00017,A,11.78644,842424366518932
1774150851422,2026-03-22 03:40:51.422,69332.0,0.00015,A,10.399799999999999,522283116830700
1774150851422,2026-03-22 03:40:51.422,69332.0,0.05665,A,3927.6578,395671025579802
1774150851422,2026-03-22 03:40:51.422,69332.0,0.09022,A,6255.13304,772392900105617
1774150851422,2026-03-22 03:40:51.422,69332.0,0.21638,A,15002.058159999999,778160053341728
1774150851422,2026-03-22 03:40:51.422,69331.0,0.00017,A,11.78627,622264461088873
1774150851422,2026-03-22 03:40:51.422,69331.0,0.20178,A,13989.60918,415880107247104
1774150851422,2026-03-22 03:40:51.422,69331.0,0.04979,A,3451.99049,1036165764094281
1774150851422,2026-03-22 03:40:51.422,69330.0,0.00017,A,11.786100000000001,899357231751732
1774150851422,2026-03-22 03:40:51.422,69330.0,0.05149,A,3569.8017,230296279235059
1774150851422,2026-03-22 03:40:51.422,69329.0,0.00016,A,11.092640000000001,881681361689774
1774150851422,2026-03-22 03:40:51.422,69329.0,0.01153,A,799.36337,120226640957582
1774150851422,2026-03-22 03:40:51.422,69329.0,0.00022,A,15.25238,714367996948914
1774150851422,2026-03-22 03:40:51.422,69329.0,0.00017,A,11.78593,724056456782729
1774150851422,2026-03-22 03:40:51.422,69329.0,0.09162,A,6351.922979999999,188514933412822
1774150851422,2026-03-22 03:40:51.422,69328.0,0.00016,A,11.09248,256274997654509
1774150851422,2026-03-22 03:40:51.422,69328.0,0.00017,A,11.785760000000002,252024035110046
1774150851422,2026-03-22 03:40:51.422,69328.0,0.05088,A,3527.40864,650904769688907
1774150851422,2026-03-22 03:40:51.422,69328.0,0.36655,A,25412.1784,416036443386704
1774150852065,2026-03-22 03:40:52.065,69328.0,0.00746,A,517.18688,394829790312875
1774150853285,2026-03-22 03:40:53.285,69332.0,0.00138,B,95.67815999999999,610326092875728
1774150854890,2026-03-22 03:40:54.890,69333.0,0.00033,B,22.87989,184850635736782
1774150856725,2026-03-22 03:40:56.725,69332.0,0.01799,A,1247.28268,821372063705910
1774150856925,2026-03-22 03:40:56.925,69332.0,0.09991,A,6926.96012,771967729825543
1774150856925,2026-03-22 03:40:56.925,69332.0,0.00824,A,571.2956800000001,630887695254306
1774150857067,2026-03-22 03:40:57.067,69332.0,0.00017,A,11.78644,978165074717113
1774150857067,2026-03-22 03:40:57.067,69332.0,0.01661,A,1151.60452,854922523255508
1774150857966,2026-03-22 03:40:57.966,69332.0,0.00199,A,137.97068,46690743265414
1774150858062,2026-03-22 03:40:58.062,69333.0,0.00017,B,11.786610000000001,656903563796650
1774150858062,2026-03-22 03:40:58.062,69334.0,0.003,B,208.002,204750639477197
1774150858062,2026-03-22 03:40:58.062,69334.0,0.00015,B,10.400099999999998,734064013550702
1774150858062,2026-03-22 03:40:58.062,69334.0,0.00017,B,11.78678,413018238710559
1774150858062,2026-03-22 03:40:58.062,69335.0,0.00017,B,11.786950000000001,1096357341906149
1774150858062,2026-03-22 03:40:58.062,69336.0,0.00017,B,11.787120000000002,560834663294786
1774150858062,2026-03-22 03:40:58.062,69337.0,0.00017,B,11.78729,887058816241074
1774150858062,2026-03-22 03:40:58.062,69338.0,0.00016,B,11.094080000000002,42960179141354
1774150858062,2026-03-22 03:40:58.062,69338.0,0.00017,B,11.787460000000001,112205438084864
1774150858062,2026-03-22 03:40:58.062,69339.0,0.003,B,208.017,1072504718766862
1774150858062,2026-03-22 03:40:58.062,69339.0,0.00017,B,11.78763,312546437254306
1774150858062,2026-03-22 03:40:58.062,69339.0,0.03594,B,2492.04366,362271489049282
1774150858678,2026-03-22 03:40:58.678,69335.0,0.04307,A,2986.25845,440940356154546
1774150858678,2026-03-22 03:40:58.678,69335.0,0.07125,A,4940.11875,989515253345471
1774150858678,2026-03-22 03:40:58.678,69334.0,0.07558,A,5240.26372,597536445763297
1774150858678,2026-03-22 03:40:58.678,69334.0,0.07558,A,5240.26372,509849057186555
1774150858678,2026-03-22 03:40:58.678,69334.0,0.11432,A,7926.26288,66041571372287
1774150858678,2026-03-22 03:40:58.678,69333.0,0.23234,A,16108.82922,134200617635942
1774150858678,2026-03-22 03:40:58.678,69333.0,0.37789,A,26200.24737,226819489293891
1774150858678,2026-03-22 03:40:58.678,69332.0,0.02818,A,1953.77576,799158865835412
1774150858678,2026-03-22 03:40:58.678,69332.0,0.00017,A,11.78644,297023264302905
1774150858678,2026-03-22 03:40:58.678,69332.0,0.02124,A,1472.61168,830112405363122
1774150858678,2026-03-22 03:40:58.678,69328.0,0.00017,A,11.785760000000002,617148196920192
1774150858678,2026-03-22 03:40:58.678,69328.0,0.00016,A,11.09248,659562367834457
1774150858678,2026-03-22 03:40:58.678,69327.0,0.16992,A,11780.043839999998,1121591814599237
1774150859078,2026-03-22 03:40:59.078,69328.0,0.00016,B,11.09248,457840675064221
1774150860396,2026-03-22 03:41:00.396,69328.0,0.00093,B,64.47504,1025457301302267
1774150860396,2026-03-22 03:41:00.396,69327.0,0.08008,A,5551.70616,128335727722452
1774150860396,2026-03-22 03:41:00.396,69327.0,0.00032,A,22.18464,310648711537292
1774150860396,2026-03-22 03:41:00.396,69327.0,2e-05,A,1.38654,601516574813684
1774150860536,2026-03-22 03:41:00.536,69327.0,0.00015,A,10.399049999999999,214077513203987
1774150860736,2026-03-22 03:41:00.736,69326.0,0.00017,A,11.78542,709706365864979
1774150860736,2026-03-22 03:41:00.736,69325.0,0.00017,A,11.785250000000001,770560373701051
1774150860736,2026-03-22 03:41:00.736,69324.0,0.00017,A,11.78508,871214514950767
1774150860736,2026-03-22 03:41:00.736,69323.0,0.00017,A,11.78491,344555757939818
1774150860736,2026-03-22 03:41:00.736,69322.0,0.00017,A,11.784740000000001,12823492322507
1774150860736,2026-03-22 03:41:00.736,69322.0,0.00015,A,10.398299999999999,166818127242305
1774150860736,2026-03-22 03:41:00.736,69322.0,0.003,A,207.966,486057535929674
1774150860736,2026-03-22 03:41:00.736,69321.0,0.00041,A,28.42161,4657902607587
1774150860736,2026-03-22 03:41:00.736,69321.0,0.00016,A,11.091360000000002,330387920111762
1774150860736,2026-03-22 03:41:00.736,69321.0,0.00017,A,11.78457,570501163264416
1774150860736,2026-03-22 03:41:00.736,69320.0,0.00016,A,11.0912,1062569230871151
1774150860736,2026-03-22 03:41:00.736,69320.0,0.00017,A,11.784400000000002,997658104014030
1774150860736,2026-03-22 03:41:00.736,69319.0,0.00017,A,11.78423,585738342947477
1774150860736,2026-03-22 03:41:00.736,69318.0,0.00288,A,199.63584,1015433994863573
1774150860736,2026-03-22 03:41:00.736,69318.0,0.00017,A,11.78406,908457626284297
1774150860736,2026-03-22 03:41:00.736,69318.0,0.2096,A,14529.052800000001,195640430706565
1774150861397,2026-03-22 03:41:01.397,69318.0,0.002,A,138.636,632767580137322
1774150862345,2026-03-22 03:41:02.345,69319.0,0.00044,B,30.50036,80042697867300
1774150862538,2026-03-22 03:41:02.538,69318.0,0.00017,A,11.78406,654831908946803
1774150862538,2026-03-22 03:41:02.538,69318.0,0.02468,A,1710.76824,271992606179957
1774150863875,2026-03-22 03:41:03.875,69318.0,0.07386,A,5119.82748,1008547397290267
1774150863938,2026-03-22 03:41:03.938,69319.0,0.00017,B,11.78423,933619937534095
1774150863997,2026-03-22 03:41:03.997,69319.0,0.12,A,8318.279999999999,507828108964193
1774150863997,2026-03-22 03:41:03.997,69319.0,0.12,A,8318.279999999999,681407077443213
1774150863997,2026-03-22 03:41:03.997,69319.0,0.02846,A,1972.81874,232896967504760
1774150863997,2026-03-22 03:41:03.997,69319.0,0.02159,A,1496.5972100000001,1013065320027842
1774150864108,2026-03-22 03:41:04.108,69319.0,0.00142,A,98.43298,678041262112307
1774150864483,2026-03-22 03:41:04.483,69321.0,0.00015,B,10.39815,281005302772094
1774150864483,2026-03-22 03:41:04.483,69321.0,0.00017,B,11.78457,515584866911937
1774150864483,2026-03-22 03:41:04.483,69322.0,0.00017,B,11.784740000000001,1026566894848524
1774150864483,2026-03-22 03:41:04.483,69323.0,0.00017,B,11.78491,944417041022245
1774150864483,2026-03-22 03:41:04.483,69324.0,0.003,B,207.972,135602004854838
1774150864483,2026-03-22 03:41:04.483,69324.0,0.00017,B,11.78508,6615000336537
1774150864975,2026-03-22 03:41:04.975,69325.0,0.00017,B,11.785250000000001,863982788539906
1774150864975,2026-03-22 03:41:04.975,69325.0,0.003,B,207.975,561544827826159
1774150864975,2026-03-22 03:41:04.975,69326.0,0.00017,B,11.78542,520640251918963
1774150865297,2026-03-22 03:41:05.297,69327.0,0.00016,B,11.09232,364047609851672
1774150865297,2026-03-22 03:41:05.297,69327.0,0.00014,B,9.705779999999999,354587860281445
1774150865706,2026-03-22 03:41:05.706,69328.0,0.00017,B,11.785760000000002,377651390589524
1774150865706,2026-03-22 03:41:05.706,69329.0,0.00017,B,11.78593,648517685048914
1774150865788,2026-03-22 03:41:05.788,69330.0,0.00017,B,11.786100000000001,300806480868415
1774150866249,2026-03-22 03:41:06.249,69330.0,0.00017,A,11.786100000000001,391558172375741
1774150866249,2026-03-22 03:41:06.249,69330.0,0.00167,A,115.78110000000001,675931023580405
1774150866249,2026-03-22 03:41:06.249,69330.0,0.00563,A,390.3279,891127406201959
1774150866789,2026-03-22 03:41:06.789,69331.0,0.00017,B,11.78627,205023036918392
1774150866789,2026-03-22 03:41:06.789,69332.0,0.00017,B,11.78644,457733785544817
1774150866789,2026-03-22 03:41:06.789,69332.0,0.00015,B,10.399799999999999,841797860874509
1774150866789,2026-03-22 03:41:06.789,69332.0,0.0002,B,13.8664,517863152988521
1774150866789,2026-03-22 03:41:06.789,69333.0,0.003,B,207.999,857814593528133
1774150867204,2026-03-22 03:41:07.204,69333.0,0.00017,B,11.786610000000001,423085295619409
1774150867204,2026-03-22 03:41:07.204,69334.0,0.00017,B,11.78678,405967624996699
1774150867204,2026-03-22 03:41:07.204,69334.0,0.00037,B,25.653579999999998,944903170511460
1774150867642,2026-03-22 03:41:07.642,69335.0,0.00017,B,11.786950000000001,876790218969619
1774150867642,2026-03-22 03:41:07.642,69336.0,0.00017,B,11.787120000000002,42768293392656
1774150867642,2026-03-22 03:41:07.642,69336.0,0.00015,B,10.4004,853763437341478
1774150867642,2026-03-22 03:41:07.642,69337.0,0.00017,B,11.78729,653346526934160
1774150867642,2026-03-22 03:41:07.642,69337.0,5e-05,B,3.46685,233134247485539
1774150867931,2026-03-22 03:41:07.931,69337.0,0.00295,B,204.54415,434496793237664
1774150867931,2026-03-22 03:41:07.931,69338.0,0.00016,B,11.094080000000002,277019285061242
1774150867931,2026-03-22 03:41:07.931,69338.0,0.00017,B,11.787460000000001,845127299334545
1774150867931,2026-03-22 03:41:07.931,69339.0,0.00017,B,11.78763,993120490747398
1774150868033,2026-03-22 03:41:08.033,69340.0,0.00016,B,11.0944,379894188140328
1774150868933,2026-03-22 03:41:08.933,69339.0,0.00244,A,169.18716,821454703869042
1774150868933,2026-03-22 03:41:08.933,69339.0,0.28754,A,19937.736060000003,71851068754838
1774150869352,2026-03-22 03:41:09.352,69339.0,0.00219,A,151.85241000000002,297699982041107
1774150872283,2026-03-22 03:41:12.283,69340.0,1e-05,B,0.6934,688438823531258
1774150872283,2026-03-22 03:41:12.283,69340.0,0.00056,B,38.8304,606747303315299
1774150873065,2026-03-22 03:41:13.065,69340.0,0.00016,B,11.0944,811633195759355
1774150876102,2026-03-22 03:41:16.102,69339.0,0.00028,A,19.41492,291032040462554
1774150876757,2026-03-22 03:41:16.757,69339.0,0.0766,A,5311.3674,222612238361040
1774150876757,2026-03-22 03:41:16.757,69339.0,0.04032,A,2795.74848,157266733296930
1774150876962,2026-03-22 03:41:16.962,69339.0,0.01565,A,1085.15535,887614625310719
1774150876962,2026-03-22 03:41:16.962,69339.0,0.18771,A,13015.623689999999,380931825102466
1774150876962,2026-03-22 03:41:16.962,69339.0,0.08,A,5547.12,191026487682570
1774150876962,2026-03-22 03:41:16.962,69339.0,0.1709,A,11850.0351,316373636427037
1774150876962,2026-03-22 03:41:16.962,69339.0,0.12278,A,8513.44242,543933713161559
1774150877065,2026-03-22 03:41:17.065,69339.0,0.00017,A,11.78763,680698824566329
1774150877515,2026-03-22 03:41:17.515,69340.0,0.057,B,3952.38,442647924282008
1774150877775,2026-03-22 03:41:17.775,69340.0,0.01533,B,1062.9822,612754403802476
1774150877775,2026-03-22 03:41:17.775,69340.0,0.07557,B,5240.0238,278275697393807
1774150877775,2026-03-22 03:41:17.775,69340.0,0.00374,B,259.3316,18861860761548
1774150877982,2026-03-22 03:41:17.982,69340.0,0.01071,B,742.6314000000001,756061795750587
1774150877982,2026-03-22 03:41:17.982,69340.0,0.01651,B,1144.8034,860329783624074
1774150877982,2026-03-22 03:41:17.982,69340.0,0.00017,B,11.7878,866303302060367
1774150877982,2026-03-22 03:41:17.982,69341.0,0.00017,B,11.787970000000001,685624860184416
1774150877982,2026-03-22 03:41:17.982,69341.0,0.00015,B,10.40115,78214718276468
1774150878682,2026-03-22 03:41:18.682,69342.0,0.00017,B,11.78814,479641987524607
1774150878682,2026-03-22 03:41:18.682,69343.0,0.00017,B,11.788310000000001,1065914794347353
1774150878682,2026-03-22 03:41:18.682,69343.0,0.003,B,208.029,532995161842173
1774150878682,2026-03-22 03:41:18.682,69344.0,0.00017,B,11.788480000000002,662122245158511
1774150879198,2026-03-22 03:41:19.198,69345.0,0.0003,B,20.8035,61989948527083
1774150879356,2026-03-22 03:41:19.356,69344.0,1e-05,A,0.6934400000000001,913573747828351
1774150880208,2026-03-22 03:41:20.208,69345.0,0.0002,B,13.869000000000002,607445484353404
1774150880359,2026-03-22 03:41:20.359,69344.0,0.00057,A,39.52608,125780400487457
1774150881086,2026-03-22 03:41:21.086,69344.0,0.00028,A,19.41632,706751825946310
1774150882093,2026-03-22 03:41:22.093,69344.0,0.00017,A,11.788480000000002,870756410842292
1774150885406,2026-03-22 03:41:25.406,69345.0,0.00025,B,17.33625,915245959852169
1774150887047,2026-03-22 03:41:27.047,69344.0,0.00017,A,11.788480000000002,282178745598438
1774150887047,2026-03-22 03:41:27.047,69344.0,0.01661,A,1151.80384,939787227698793
1774150889007,2026-03-22 03:41:29.007,69345.0,0.00016,B,11.0952,828714474420042
1774150890773,2026-03-22 03:41:30.773,69344.0,1e-05,A,0.6934400000000001,854334601650345
1774150892861,2026-03-22 03:41:32.861,69345.0,0.02745,B,1903.5202499999998,243285793710696
1774150892861,2026-03-22 03:41:32.861,69344.0,0.06014,A,4170.34816,185875797742317
1774150892861,2026-03-22 03:41:32.861,69344.0,0.16863,A,11693.478720000001,45303269183709
1774150893367,2026-03-22 03:41:33.367,69345.0,0.41318,B,28651.967099999998,250037685751623
1774150893367,2026-03-22 03:41:33.367,69345.0,0.00017,B,11.78865,162496292776537
1774150893367,2026-03-22 03:41:33.367,69346.0,0.00017,B,11.788820000000001,566411929740132
1774150893367,2026-03-22 03:41:33.367,69346.0,0.00015,B,10.4019,439405252042622
1774150893367,2026-03-22 03:41:33.367,69347.0,0.00017,B,11.78899,922412620013068
1774150893367,2026-03-22 03:41:33.367,69347.0,0.02935,B,2035.33445,1123133508969021
1774150893564,2026-03-22 03:41:33.564,69346.0,0.00761,A,527.7230599999999,860669321851311
1774150894065,2026-03-22 03:41:34.065,69346.0,0.00142,A,98.47132,1075241669954064
1774150894971,2026-03-22 03:41:34.971,69348.0,0.00017,B,11.78916,959744724195143
1774150894971,2026-03-22 03:41:34.971,69349.0,0.00017,B,11.789330000000001,507623888106073
1774150894971,2026-03-22 03:41:34.971,69349.0,0.0002,B,13.869800000000001,53487603259893
1774150894971,2026-03-22 03:41:34.971,69350.0,0.00017,B,11.7895,66615694464402
1774150894971,2026-03-22 03:41:34.971,69350.0,0.00282,B,195.567,1114265301243955
1774150895889,2026-03-22 03:41:35.889,69350.0,0.00018,B,12.483,128465507300060
1774150895889,2026-03-22 03:41:35.889,69350.0,0.00017,B,11.7895,1064301971997536
1774150895889,2026-03-22 03:41:35.889,69350.0,0.00109,B,75.5915,239797564976401
1774150897027,2026-03-22 03:41:37.027,69351.0,0.00017,B,11.789670000000001,676925674809400
1774150897027,2026-03-22 03:41:37.027,69351.0,0.00127,B,88.07577,368105584306223
1774150898101,2026-03-22 03:41:38.101,69351.0,0.00016,B,11.096160000000001,999986269846301
1774150900832,2026-03-22 03:41:40.832,69351.0,0.00021,B,14.56371,256191871461193
1774150902828,2026-03-22 03:41:42.828,69350.0,0.00057,A,39.5295,790297884194235
1774150904042,2026-03-22 03:41:44.042,69351.0,0.02914,B,2020.88814,44459943651490
1774150905150,2026-03-22 03:41:45.150,69350.0,0.00015,A,10.4025,625431768789863
1774150906055,2026-03-22 03:41:46.055,69351.0,0.00027,A,18.72477,1116407991225959
1774150906055,2026-03-22 03:41:46.055,69353.0,0.00017,B,11.79001,161378288092999
1774150906055,2026-03-22 03:41:46.055,69353.0,0.05665,B,3928.8474499999998,1076750715380905
1774150906055,2026-03-22 03:41:46.055,69353.0,0.0002,B,13.870600000000001,497093972371559
1774150906055,2026-03-22 03:41:46.055,69354.0,0.0002,B,13.870800000000001,882775173843982
1774150906055,2026-03-22 03:41:46.055,69354.0,0.00017,B,11.790180000000001,668621835222236
1774150906055,2026-03-22 03:41:46.055,69355.0,0.00017,B,11.79035,308904641772919
1774150906055,2026-03-22 03:41:46.055,69356.0,0.00017,B,11.79052,616954775238799
1774150906055,2026-03-22 03:41:46.055,69356.0,0.00022,B,15.258320000000001,482643446821718
1774150906055,2026-03-22 03:41:46.055,69356.0,0.05705,B,3956.7598,165275419538096
1774150907053,2026-03-22 03:41:47.053,69355.0,0.00017,A,11.79035,777383727059109
1774150907463,2026-03-22 03:41:47.463,69356.0,0.00034,B,23.58104,1039304837076113
1774150908170,2026-03-22 03:41:48.170,69356.0,0.00018,B,12.48408,768116720311144
1774150911017,2026-03-22 03:41:51.017,69355.0,0.00017,A,11.79035,302039186619275
1774150911017,2026-03-22 03:41:51.017,69354.0,0.00011,A,7.62894,697392772301512
1774150911017,2026-03-22 03:41:51.017,69354.0,6e-05,A,4.16124,126630088118442
1774150911017,2026-03-22 03:41:51.017,69354.0,0.00015,A,10.403099999999998,431380668073840
1774150911017,2026-03-22 03:41:51.017,69354.0,0.00039,A,27.04806,632534431226774
1774150911295,2026-03-22 03:41:51.295,69354.0,0.00144,A,99.86976,991528074037911
1774150911388,2026-03-22 03:41:51.388,69354.0,0.00144,A,99.86976,82021888099284
1774150911487,2026-03-22 03:41:51.487,69355.0,0.07075,B,4906.866249999999,215614308265785
1774150912002,2026-03-22 03:41:52.002,69354.0,0.00017,A,11.790180000000001,1017294511363733
1774150912873,2026-03-22 03:41:52.873,69355.0,0.04925,B,3415.7337500000003,816256194499076
1774150912873,2026-03-22 03:41:52.873,69355.0,0.18222,B,12637.8681,531803674145226
1774150912873,2026-03-22 03:41:52.873,69355.0,0.1466,B,10167.443000000001,451864598377094
1774150912873,2026-03-22 03:41:52.873,69355.0,0.3293,B,22838.601499999997,798161184386558
1774150912873,2026-03-22 03:41:52.873,69355.0,0.385,B,26701.675,236575377593302
1774150912873,2026-03-22 03:41:52.873,69355.0,0.40763,B,28271.178649999998,96936581693757
1774150913888,2026-03-22 03:41:53.888,69354.0,0.00047,A,32.596379999999996,959821312593923
1774150914088,2026-03-22 03:41:54.088,69355.0,0.08577,B,5948.57835,524105247040573
1774150916116,2026-03-22 03:41:56.116,69354.0,0.00017,A,11.790180000000001,692034225166761
1774150916116,2026-03-22 03:41:56.116,69353.0,0.00017,A,11.79001,788281013073978
1774150916116,2026-03-22 03:41:56.116,69353.0,0.00015,A,10.402949999999999,880342341858353
1774150916116,2026-03-22 03:41:56.116,69352.0,0.00017,A,11.789840000000002,1057322935885616
1774150916116,2026-03-22 03:41:56.116,69351.0,0.00017,A,11.789670000000001,316947956485113
1774150916531,2026-03-22 03:41:56.531,69350.0,0.00017,A,11.7895,650584524435180
1774150916531,2026-03-22 03:41:56.531,69350.0,0.00016,A,11.096,88386947338706
1774150916531,2026-03-22 03:41:56.531,69350.0,0.003,A,208.05,133210662717365
1774150916821,2026-03-22 03:41:56.821,69350.0,0.0007,B,48.545,76116220517323
1774150916821,2026-03-22 03:41:56.821,69350.0,0.06851,B,4751.1685,470281886626954
1774150917023,2026-03-22 03:41:57.023,69349.0,0.00017,A,11.789330000000001,965513180375717
1774150917023,2026-03-22 03:41:57.023,69349.0,0.00028,A,19.41772,802113906595384
1774150917023,2026-03-22 03:41:57.023,69348.0,0.00017,A,11.78916,198947622797480
1774150917023,2026-03-22 03:41:57.023,69347.0,0.00017,A,11.78899,283681099749967
1774150917023,2026-03-22 03:41:57.023,69347.0,0.01599,A,1108.85853,463049100175953
1774150919033,2026-03-22 03:41:59.033,69348.0,0.00016,B,11.095680000000002,488463055062782
1774150922043,2026-03-22 03:42:02.043,69347.0,7e-05,A,4.85429,652735197853918
1774150922241,2026-03-22 03:42:02.241,69347.0,0.01278,A,886.25466,203203216109078
1774150922241,2026-03-22 03:42:02.241,69347.0,0.00017,A,11.78899,361584984287097
1774150922241,2026-03-22 03:42:02.241,69346.0,0.00016,A,11.095360000000001,762510551492621
1774150922241,2026-03-22 03:42:02.241,69346.0,0.00017,A,11.788820000000001,1089641140627967
1774150922241,2026-03-22 03:42:02.241,69345.0,0.00017,A,11.78865,888455554255337
1774150922361,2026-03-22 03:42:02.361,69344.0,0.00269,A,186.53536,961196801900566
1774150922361,2026-03-22 03:42:02.361,69344.0,0.00017,A,11.788480000000002,379573392723631
1774150924037,2026-03-22 03:42:04.037,69343.0,0.00017,A,11.788310000000001,1101286518340792
1774150924037,2026-03-22 03:42:04.037,69343.0,0.00124,A,85.98532,1036428170491156
1774150924337,2026-03-22 03:42:04.337,69344.0,0.01354,B,938.91776,1072559148277820
1774150924337,2026-03-22 03:42:04.337,69344.0,1.00941,B,69996.52704,315876186046692
1774150924337,2026-03-22 03:42:04.337,69344.0,0.18625,B,12915.32,581089650771314
1774150924337,2026-03-22 03:42:04.337,69344.0,0.26332,B,18259.66208,243672622663343
1774150924337,2026-03-22 03:42:04.337,69344.0,0.19133,B,13267.58752,1010702482995981
1774150924337,2026-03-22 03:42:04.337,69344.0,0.11729,B,8133.357760000001,344084972325616
1774150924337,2026-03-22 03:42:04.337,69344.0,0.20654,B,14322.30976,849799815042098
1774150924337,2026-03-22 03:42:04.337,69344.0,0.28081,B,19472.48864,451206389626231
1774150924337,2026-03-22 03:42:04.337,69344.0,0.33614,B,23309.29216,194255748863576
1774150924337,2026-03-22 03:42:04.337,69344.0,0.10815,B,7499.553599999999,711669485565269
1774150924337,2026-03-22 03:42:04.337,69344.0,0.28114,B,19495.37216,847259824326234
1774150924337,2026-03-22 03:42:04.337,69344.0,0.27947,B,19379.56768,893224470285652
1774150924337,2026-03-22 03:42:04.337,69344.0,0.32462,B,22510.44928,306464238552355
1774150924337,2026-03-22 03:42:04.337,69344.0,0.1729,B,11989.5776,838114129084159
1774150924337,2026-03-22 03:42:04.337,69344.0,0.57681,B,39998.312640000004,580701791826913
1774150924337,2026-03-22 03:42:04.337,69344.0,0.17434,B,12089.43296,591242482677871
1774150924337,2026-03-22 03:42:04.337,69344.0,0.5635,B,39075.344,80718562176043
1774150924337,2026-03-22 03:42:04.337,69344.0,0.29576,B,20509.18144,493247718680265
1774150924337,2026-03-22 03:42:04.337,69344.0,0.00144,B,99.85536,68535790394627
1774150924337,2026-03-22 03:42:04.337,69344.0,0.1888,B,13092.1472,940532898870025
1774150924641,2026-03-22 03:42:04.641,69343.0,0.00016,A,11.094880000000002,581464935210856
1774150926792,2026-03-22 03:42:06.792,69344.0,7e-05,B,4.85408,584768456012184
1774150927870,2026-03-22 03:42:07.870,69343.0,0.00022,A,15.255460000000001,1057142210688119
1774150928018,2026-03-22 03:42:08.018,69344.0,0.00016,B,11.095040000000001,383217663057741
1774150929574,2026-03-22 03:42:09.574,69344.0,0.00015,B,10.401599999999998,858550797646326
1774150930084,2026-03-22 03:42:10.084,69343.0,0.00017,A,11.788310000000001,569815620706986
1774150930084,2026-03-22 03:42:10.084,69342.0,0.00017,A,11.78814,461352152630538
1774150930084,2026-03-22 03:42:10.084,69341.0,0.00017,A,11.787970000000001,352398397321489
1774150930084,2026-03-22 03:42:10.084,69340.0,0.00017,A,11.7878,48897726663803
1774150930084,2026-03-22 03:42:10.084,69340.0,0.003,A,208.02,741495115286305
1774150930084,2026-03-22 03:42:10.084,69339.0,0.00017,A,11.78763,100629055149422
1774150930084,2026-03-22 03:42:10.084,69339.0,0.00016,A,11.094240000000001,312082035337995
1774150930084,2026-03-22 03:42:10.084,69338.0,0.00017,A,11.787460000000001,835536042181673
1774150930084,2026-03-22 03:42:10.084,69338.0,0.00022,A,15.25436,947739243872445
1774150930084,2026-03-22 03:42:10.084,69337.0,0.00017,A,11.78729,366872887260503
1774150930084,2026-03-22 03:42:10.084,69337.0,0.00015,A,10.400549999999999,30506900187688
1774150930084,2026-03-22 03:42:10.084,69337.0,0.00104,A,72.11048,131647815665658
1774150931810,2026-03-22 03:42:11.810,69338.0,0.01,B,693.38,550921287143784
1774150933309,2026-03-22 03:42:13.309,69337.0,0.00017,A,11.78729,895458969946578
1774150933309,2026-03-22 03:42:13.309,69337.0,0.1518,A,10525.3566,100315523443535
1774150933309,2026-03-22 03:42:13.309,69337.0,0.17707,A,12277.50259,407101535198487
1774150933309,2026-03-22 03:42:13.309,69337.0,0.13526,A,9378.52262,974932902271684
1774150933309,2026-03-22 03:42:13.309,69337.0,0.0759,A,5262.6783,202576722287331
1774150933309,2026-03-22 03:42:13.309,69337.0,0.07841,A,5436.714169999999,1033385323096077
1774150933309,2026-03-22 03:42:13.309,69337.0,0.06953,A,4821.001609999999,892195041070304
1774150933309,2026-03-22 03:42:13.309,69337.0,0.09519,A,6600.18903,275418152163296
1774150933309,2026-03-22 03:42:13.309,69337.0,0.5557,A,38530.5709,711660004792074
1774150933309,2026-03-22 03:42:13.309,69337.0,0.41248,A,28600.125760000003,483015915864467
1774150933309,2026-03-22 03:42:13.309,69337.0,0.07787,A,5399.27219,919764937620750
1774150933309,2026-03-22 03:42:13.309,69336.0,0.02884,A,1999.6502400000002,840752319001444
1774150933309,2026-03-22 03:42:13.309,69336.0,0.00017,A,11.787120000000002,324022368704986
1774150933309,2026-03-22 03:42:13.309,69335.0,0.00016,A,11.0936,636859711110212
1774150933309,2026-03-22 03:42:13.309,69335.0,0.00017,A,11.786950000000001,33762423767366
1774150933309,2026-03-22 03:42:13.309,69334.0,0.00017,A,11.78678,76010416253558
1774150933309,2026-03-22 03:42:13.309,69333.0,0.00017,A,11.786610000000001,1033410180100164
1774150933309,2026-03-22 03:42:13.309,69333.0,0.05665,A,3927.71445,281075266257180
1774150933309,2026-03-22 03:42:13.309,69332.0,0.00016,A,11.09312,526101634191136
1774150933309,2026-03-22 03:42:13.309,69332.0,0.00015,A,10.399799999999999,728981282686819
1774150933309,2026-03-22 03:42:13.309,69332.0,0.00017,A,11.78644,230163037235301
1774150933309,2026-03-22 03:42:13.309,69332.0,0.04991,A,3460.3601200000003,7360660593549
1774150933309,2026-03-22 03:42:13.309,69332.0,0.003,A,207.996,576316742233355
1774150933309,2026-03-22 03:42:13.309,69332.0,0.01008,A,698.86656,216908009955798
1774150933309,2026-03-22 03:42:13.309,69331.0,0.00017,A,11.78627,57114900105361
1774150933309,2026-03-22 03:42:13.309,69330.0,0.00017,A,11.786100000000001,1072562075429275
1774150933309,2026-03-22 03:42:13.309,69330.0,0.00108,A,74.8764,294477868540482
1774150933309,2026-03-22 03:42:13.309,69330.0,0.23076,A,15998.5908,848144438883697
1774150933309,2026-03-22 03:42:13.309,69330.0,0.03864,A,2678.9112,888039210472029
1774150934124,2026-03-22 03:42:14.124,69331.0,0.00314,B,217.69934,469839293969095
1774150934124,2026-03-22 03:42:14.124,69331.0,0.00376,B,260.68456,292052264413480
1774150934230,2026-03-22 03:42:14.230,69331.0,0.01081,B,749.46811,129087885092115
1774150934230,2026-03-22 03:42:14.230,69331.0,0.01879,B,1302.7294900000002,211954368451641
1774150934230,2026-03-22 03:42:14.230,69331.0,0.06387,B,4428.17097,733767781042182
1774150934230,2026-03-22 03:42:14.230,69331.0,0.01221,B,846.53151,302086546600813
1774150934230,2026-03-22 03:42:14.230,69331.0,0.02404,B,1666.71724,555111302940225
1774150934230,2026-03-22 03:42:14.230,69331.0,0.00111,B,76.95741000000001,1060615511558822
1774150934230,2026-03-22 03:42:14.230,69331.0,0.04878,B,3381.96618,279443326060709
1774150934230,2026-03-22 03:42:14.230,69331.0,0.00017,B,11.78627,869858669863459
1774150934230,2026-03-22 03:42:14.230,69331.0,0.05879,B,4075.96949,924344007377430
1774150934325,2026-03-22 03:42:14.325,69331.0,0.01301,B,901.99631,311486561933251
1774150934325,2026-03-22 03:42:14.325,69331.0,0.04614,B,3198.93234,291174965272845
1774150935116,2026-03-22 03:42:15.116,69332.0,0.00017,B,11.78644,609902843112842
1774150935116,2026-03-22 03:42:15.116,69332.0,0.00127,B,88.05164,356107223296297
1774150936049,2026-03-22 03:42:16.049,69332.0,0.00028,A,19.412959999999998,377079049940590
1774150936322,2026-03-22 03:42:16.322,69333.0,0.0002,B,13.8666,774353809417708
1774150936322,2026-03-22 03:42:16.322,69333.0,0.00124,B,85.97292,750073079022372
1774150937041,2026-03-22 03:42:17.041,69332.0,0.00017,A,11.78644,641888535989678
1774150941074,2026-03-22 03:42:21.074,69332.0,0.00027,A,18.719640000000002,349984144396556
1774150941074,2026-03-22 03:42:21.074,69333.0,0.00017,B,11.786610000000001,1016918219541213
1774150941568,2026-03-22 03:42:21.568,69334.0,0.00017,B,11.78678,1076901781184029
1774150941568,2026-03-22 03:42:21.568,69335.0,0.00017,B,11.786950000000001,1071703583609205
1774150942059,2026-03-22 03:42:22.059,69335.0,0.00017,A,11.786950000000001,463502641625878
1774150942284,2026-03-22 03:42:22.284,69336.0,0.00038,B,26.34768,143149524733397
1774150942284,2026-03-22 03:42:22.284,69336.0,0.00106,B,73.49616,985836655089772
1774150942893,2026-03-22 03:42:22.893,69336.0,0.00022,B,15.25392,415211659656087
1774150946883,2026-03-22 03:42:26.883,69335.0,0.00017,A,11.786950000000001,78663599204409
1774150947012,2026-03-22 03:42:27.012,69334.0,0.00017,A,11.78678,443793923789139
1774150947012,2026-03-22 03:42:27.012,69334.0,0.00017,A,11.78678,160837495953125
1774150947012,2026-03-22 03:42:27.012,69333.0,0.00017,A,11.786610000000001,474371749604784
1774150947012,2026-03-22 03:42:27.012,69332.0,0.00016,A,11.09312,594618979788013
1774150947012,2026-03-22 03:42:27.012,69332.0,0.00015,A,10.399799999999999,513807135240361
1774150947012,2026-03-22 03:42:27.012,69332.0,0.00017,A,11.78644,225015860192089
1774150947012,2026-03-22 03:42:27.012,69331.0,0.00017,A,11.78627,1060848223566621
1774150947012,2026-03-22 03:42:27.012,69330.0,0.00017,A,11.786100000000001,837999326390064
1774150947012,2026-03-22 03:42:27.012,69329.0,0.00017,A,11.78593,828676499815924
1774150947012,2026-03-22 03:42:27.012,69328.0,0.00016,A,11.09248,102236884106487
1774150947012,2026-03-22 03:42:27.012,69328.0,0.00017,A,11.785760000000002,163888556143331
1774150947012,2026-03-22 03:42:27.012,69327.0,0.00017,A,11.785590000000001,766679811389829
1774150947012,2026-03-22 03:42:27.012,69327.0,0.003,A,207.981,700651054638208
1774150947012,2026-03-22 03:42:27.012,69326.0,0.00017,A,11.78542,964877995658637
1774150947012,2026-03-22 03:42:27.012,69326.0,0.01145,A,793.7827,371316278349184
1774150949024,2026-03-22 03:42:29.024,69326.0,0.00016,B,11.092160000000002,707487565432180
1774150949481,2026-03-22 03:42:29.481,69325.0,0.00017,A,11.785250000000001,231714345739766
1774150949481,2026-03-22 03:42:29.481,69325.0,0.02868,A,1988.241,1000435661806269
1774150949690,2026-03-22 03:42:29.690,69325.0,0.00283,A,196.18975,406161037945001
1774150951083,2026-03-22 03:42:31.083,69325.0,0.17289,A,11985.59925,580986919783079
1774150951083,2026-03-22 03:42:31.083,69325.0,0.17611,A,12208.82575,964519130632127
1774150951083,2026-03-22 03:42:31.083,69325.0,0.051,A,3535.575,230550944788957
1774150952737,2026-03-22 03:42:32.737,69325.0,0.10163,A,7045.49975,401893085697691
1774150952737,2026-03-22 03:42:32.737,69325.0,0.10735,A,7442.03875,143935890690251
1774150952737,2026-03-22 03:42:32.737,69325.0,0.06673,A,4626.05725,687185712804876
1774150952737,2026-03-22 03:42:32.737,69325.0,0.12429,A,8616.40425,608172494079674
1774150954045,2026-03-22 03:42:34.045,69325.0,0.00142,A,98.4415,818480439100552
1774150957647,2026-03-22 03:42:37.647,69326.0,0.00808,B,560.15408,880067452415236
1774150958046,2026-03-22 03:42:38.046,69326.0,0.00016,B,11.092160000000002,724265004927728
1774150958156,2026-03-22 03:42:38.156,69325.0,0.00017,A,11.785250000000001,546702015547326
1774150958156,2026-03-22 03:42:38.156,69325.0,5e-05,A,3.46625,949855912401443
1774150959260,2026-03-22 03:42:39.260,69325.0,0.0006,A,41.595,116935852018657
1774150962617,2026-03-22 03:42:42.617,69326.0,0.01287,B,892.2256199999999,71297325842355
1774150962617,2026-03-22 03:42:42.617,69326.0,0.02005,B,1389.9862999999998,760551652250861
1774150962876,2026-03-22 03:42:42.876,69326.0,0.60433,B,41895.78158,42773132564042
1774150962876,2026-03-22 03:42:42.876,69326.0,0.35,B,24264.1,753651915928475
1774150962876,2026-03-22 03:42:42.876,69326.0,0.31351,B,21734.39426,900043572288009
1774150962876,2026-03-22 03:42:42.876,69326.0,0.17243,B,11953.88218,147231887670888
1774150963091,2026-03-22 03:42:43.091,69326.0,0.02597,B,1800.39622,621744490375853
1774150963813,2026-03-22 03:42:43.813,69326.0,0.05002,B,3467.68652,353590985951025
1774150964625,2026-03-22 03:42:44.625,69326.0,0.00521,B,361.18846,251476815247379
1774150964817,2026-03-22 03:42:44.817,69326.0,0.01166,B,808.3411600000001,43050766098281
1774150964817,2026-03-22 03:42:44.817,69326.0,0.01207,B,836.7648200000001,412167530933405
1774150964888,2026-03-22 03:42:44.888,69326.0,0.0736,B,5102.3936,918350938065760
1774150966002,2026-03-22 03:42:46.002,69325.0,0.00028,A,19.410999999999998,191905761435033
1774150967014,2026-03-22 03:42:47.014,69325.0,0.00019,A,13.171750000000001,555400140945247
1774150967296,2026-03-22 03:42:47.296,69325.0,0.02884,A,1999.333,841252466553248
1774150967700,2026-03-22 03:42:47.700,69326.0,0.00033,B,22.87758,844615465034117
1774150970103,2026-03-22 03:42:50.103,69325.0,0.0002,A,13.865,110362378387562
1774150971038,2026-03-22 03:42:51.038,69325.0,0.00028,A,19.410999999999998,75670075076347
1774150971923,2026-03-22 03:42:51.923,69325.0,0.0281,A,1948.0325,345239774312945
1774150972051,2026-03-22 03:42:52.051,69325.0,0.00017,A,11.785250000000001,580754375095327
1774150972653,2026-03-22 03:42:52.653,69325.0,0.0002,A,13.865,955096394177997
1774150976278,2026-03-22 03:42:56.278,69326.0,0.00017,B,11.78542,278211357917361
1774150976472,2026-03-22 03:42:56.472,69327.0,0.00017,B,11.785590000000001,441155241225417
1774150976472,2026-03-22 03:42:56.472,69327.0,0.00015,B,10.399049999999999,946845906496969
1774150976791,2026-03-22 03:42:56.791,69328.0,0.00017,B,11.785760000000002,136369414479119
1774150976791,2026-03-22 03:42:56.791,69329.0,0.00017,B,11.78593,692641711254366
1774150977073,2026-03-22 03:42:57.073,69329.0,0.00017,A,11.78593,352770652080156
1774150977073,2026-03-22 03:42:57.073,69329.0,0.00093,A,64.47597,692629539593468
1774150977073,2026-03-22 03:42:57.073,69329.0,0.01568,A,1087.07872,509020651190097
1774150978395,2026-03-22 03:42:58.395,69330.0,0.00017,B,11.786100000000001,941220894393838
1774150978395,2026-03-22 03:42:58.395,69330.0,5e-05,B,3.4665000000000004,271058316324129
1774150978395,2026-03-22 03:42:58.395,69330.0,0.00022,B,15.252600000000001,863993712719150
1774150979076,2026-03-22 03:42:59.076,69330.0,0.00016,B,11.0928,964370940144841
1774150980408,2026-03-22 03:43:00.408,69329.0,0.006,A,415.974,316595575268951
1774150981626,2026-03-22 03:43:01.626,69330.0,0.00017,B,11.786100000000001,670751195672543
1774150984038,2026-03-22 03:43:04.038,69329.0,0.00017,A,11.78593,421051936522138
1774150984038,2026-03-22 03:43:04.038,69328.0,0.00017,A,11.785760000000002,659115445899701
1774150984038,2026-03-22 03:43:04.038,69327.0,0.00017,A,11.785590000000001,521439159867878
1774150984038,2026-03-22 03:43:04.038,69326.0,0.00017,A,11.78542,553045765526722
1774150984038,2026-03-22 03:43:04.038,69326.0,0.00074,A,51.30124,140143093793286
1774150985749,2026-03-22 03:43:05.749,69327.0,0.00536,B,371.59272,1115677296298351
1774150987690,2026-03-22 03:43:07.690,69326.0,0.00337,A,233.62862,78933462251713
1774150988092,2026-03-22 03:43:08.092,69327.0,0.00016,B,11.09232,976223713913688
1774150988306,2026-03-22 03:43:08.306,69326.0,0.2,A,13865.2,160443505387025
1774150990788,2026-03-22 03:43:10.788,69326.0,0.00034,A,23.57084,336476137380267
1774150992892,2026-03-22 03:43:12.892,69326.0,0.00017,A,11.78542,32503754885145
1774150992892,2026-03-22 03:43:12.892,69325.0,0.00983,A,681.46475,923327371014916
1774150994590,2026-03-22 03:43:14.590,69325.0,0.29017,A,20116.035249999997,1052565901818934
1774150994590,2026-03-22 03:43:14.590,69325.0,0.10378,A,7194.5485,35201777695649
1774150994708,2026-03-22 03:43:14.708,69325.0,0.14452,A,10018.849,828066714186656
1774150994708,2026-03-22 03:43:14.708,69325.0,0.06567,A,4552.57275,846308684923138
1774150994708,2026-03-22 03:43:14.708,69325.0,0.00017,A,11.785250000000001,532395951059011
1774150994784,2026-03-22 03:43:14.784,69324.0,0.00016,A,11.091840000000001,902026273452390
1774150994784,2026-03-22 03:43:14.784,69324.0,0.00017,A,11.78508,924336500157216
1774150994784,2026-03-22 03:43:14.784,69323.0,0.00017,A,11.78491,193925689328695
1774150994784,2026-03-22 03:43:14.784,69322.0,0.00017,A,11.784740000000001,175155769381943
1774150996027,2026-03-22 03:43:16.027,69321.0,0.00017,A,11.78457,840226303679016
1774150996027,2026-03-22 03:43:16.027,69321.0,0.00011,A,7.625310000000001,70309395844537
1774150996718,2026-03-22 03:43:16.718,69321.0,0.028,A,1940.988,981090547405600
1774150997024,2026-03-22 03:43:17.024,69321.0,0.0002,A,13.8642,787261531027206
1774150997121,2026-03-22 03:43:17.121,69321.0,0.07988,A,5537.3614800000005,779610219094954
1774150997121,2026-03-22 03:43:17.121,69321.0,0.06432,A,4458.726720000001,395531012362260
1774151001037,2026-03-22 03:43:21.037,69321.0,0.00028,A,19.409879999999998,621328519409992
1774151002040,2026-03-22 03:43:22.040,69321.0,0.00017,A,11.78457,483688536136693
1774151004165,2026-03-22 03:43:24.165,69321.0,0.00017,A,11.78457,127539062439666
1774151004165,2026-03-22 03:43:24.165,69320.0,0.00017,A,11.784400000000002,550866737884049
1774151004165,2026-03-22 03:43:24.165,69319.0,0.00017,A,11.78423,744419685750269
1774151004165,2026-03-22 03:43:24.165,69318.0,0.00017,A,11.78406,41882471615069
1774151004165,2026-03-22 03:43:24.165,69317.0,0.00016,A,11.090720000000001,614264784050847
1774151004165,2026-03-22 03:43:24.165,69317.0,0.00018,A,12.477060000000002,511494266491699
1774151004165,2026-03-22 03:43:24.165,69317.0,0.00017,A,11.783890000000001,1041363785153349
1774151004165,2026-03-22 03:43:24.165,69316.0,0.00017,A,11.78372,470703198104081
1774151004165,2026-03-22 03:43:24.165,69316.0,0.003,A,207.948,750932838146175
1774151004165,2026-03-22 03:43:24.165,69315.0,0.00017,A,11.78355,33899911076419
1774151004165,2026-03-22 03:43:24.165,69314.0,0.00017,A,11.783380000000001,683927213757379
1774151004165,2026-03-22 03:43:24.165,69313.0,0.00016,A,11.09008,544234777825846
1774151004165,2026-03-22 03:43:24.165,69313.0,0.00017,A,11.78321,897681665844246
1774151004165,2026-03-22 03:43:24.165,69312.0,0.00016,A,11.089920000000001,12923934571189
1774151004165,2026-03-22 03:43:24.165,69312.0,0.00017,A,11.783040000000002,211861963175826
1774151004165,2026-03-22 03:43:24.165,69311.0,0.00017,A,11.78287,601875501508259
1774151004165,2026-03-22 03:43:24.165,69311.0,0.003,A,207.933,432048857306064
1774151004165,2026-03-22 03:43:24.165,69311.0,0.00015,A,10.39665,924459174529958
1774151004165,2026-03-22 03:43:24.165,69310.0,0.15602,A,10813.7462,165960194113665
1774151004165,2026-03-22 03:43:24.165,69310.0,0.09398,A,6513.7537999999995,672964423928138
1774151004165,2026-03-22 03:43:24.165,69310.0,0.00017,A,11.7827,1117543457792819
1774151004165,2026-03-22 03:43:24.165,69310.0,0.00022,A,15.2482,445935184439268
1774151004165,2026-03-22 03:43:24.165,69309.0,0.003,A,207.927,87184452244563
1774151004165,2026-03-22 03:43:24.165,69309.0,0.00017,A,11.782530000000001,631138604566989
1774151004165,2026-03-22 03:43:24.165,69308.0,0.00017,A,11.78236,343390748269796
1774151004165,2026-03-22 03:43:24.165,69307.0,0.00864,A,598.81248,649955752088442
1774151004165,2026-03-22 03:43:24.165,69307.0,0.00324,A,224.55468,715565056567881
1774151004165,2026-03-22 03:43:24.165,69307.0,0.17664,A,12242.38848,1094479624118558
1774151004165,2026-03-22 03:43:24.165,69307.0,0.00017,A,11.782190000000002,96185073751209
1774151004165,2026-03-22 03:43:24.165,69306.0,0.00016,A,11.08896,309003370653004
1774151004165,2026-03-22 03:43:24.165,69306.0,0.00017,A,11.782020000000001,1094362372242417
1774151005516,2026-03-22 03:43:25.516,69306.0,0.00137,B,94.94922,869555567570470
1774151006334,2026-03-22 03:43:26.334,69305.0,0.003,A,207.915,1086202895351234
1774151006334,2026-03-22 03:43:26.334,69305.0,0.00084,A,58.2162,606716403535640
1774151006334,2026-03-22 03:43:26.334,69305.0,0.00017,A,11.78185,1021645317416109
1774151006334,2026-03-22 03:43:26.334,69304.0,0.00017,A,11.781680000000001,297342206624038
1774151006551,2026-03-22 03:43:26.551,69303.0,0.00016,A,11.08848,276591433923054
1774151006551,2026-03-22 03:43:26.551,69303.0,0.00017,A,11.78151,487181154194073
1774151006551,2026-03-22 03:43:26.551,69302.0,0.00017,A,11.78134,896053964019634
1774151006551,2026-03-22 03:43:26.551,69301.0,0.00017,A,11.781170000000001,645622845236270
1774151006551,2026-03-22 03:43:26.551,69300.0,0.01,A,693.0,623268646659899
1774151006551,2026-03-22 03:43:26.551,69300.0,0.00254,A,176.02200000000002,808401119659379
1774151006551,2026-03-22 03:43:26.551,69300.0,0.003,A,207.9,1112489632655584
1774151006551,2026-03-22 03:43:26.551,69300.0,0.00017,A,11.781,224734917993341
1774151006551,2026-03-22 03:43:26.551,69299.0,0.00016,A,11.087840000000002,79527386269843
1774151006551,2026-03-22 03:43:26.551,69299.0,0.00017,A,11.780830000000002,630801607839850
1774151006551,2026-03-22 03:43:26.551,69298.0,0.00017,A,11.780660000000001,112724171165623
1774151006551,2026-03-22 03:43:26.551,69297.0,0.02151,A,1490.5784700000002,83424669578976
1774151006551,2026-03-22 03:43:26.551,69297.0,0.00017,A,11.78049,689663445888817
1774151006551,2026-03-22 03:43:26.551,69296.0,0.00017,A,11.780320000000001,617514610812576
1774151006551,2026-03-22 03:43:26.551,69295.0,0.00016,A,11.087200000000001,739553785112883
1774151006551,2026-03-22 03:43:26.551,69295.0,0.003,A,207.885,622554603340705
1774151006551,2026-03-22 03:43:26.551,69295.0,0.00017,A,11.78015,293239445692893
1774151006551,2026-03-22 03:43:26.551,69294.0,0.00015,A,10.3941,221465878057531
1774151006551,2026-03-22 03:43:26.551,69294.0,0.25,A,17323.5,130309994375676
1774151006551,2026-03-22 03:43:26.551,69294.0,0.00016,A,11.087040000000002,487571546650507
1774151006551,2026-03-22 03:43:26.551,69294.0,0.00017,A,11.77998,728737429435066
1774151006551,2026-03-22 03:43:26.551,69293.0,0.00017,A,11.779810000000001,1003766370690262
1774151006551,2026-03-22 03:43:26.551,69292.0,0.00017,A,11.77964,459118604823640
1774151006551,2026-03-22 03:43:26.551,69291.0,0.00017,A,11.779470000000002,102205241788121
1774151006551,2026-03-22 03:43:26.551,69290.0,0.0002,A,13.858,997133689451562
1774151006551,2026-03-22 03:43:26.551,69290.0,0.00017,A,11.779300000000001,928292835541598
1774151006551,2026-03-22 03:43:26.551,69289.0,0.00017,A,11.77913,948494175105456
1774151006551,2026-03-22 03:43:26.551,69288.0,0.00016,A,11.08608,629071222754689
1774151006551,2026-03-22 03:43:26.551,69288.0,0.00017,A,11.778960000000001,781482988862958
1774151006551,2026-03-22 03:43:26.551,69287.0,0.00017,A,11.77879,713509137071074
1774151006551,2026-03-22 03:43:26.551,69286.0,0.00017,A,11.77862,103989294928273
1774151006551,2026-03-22 03:43:26.551,69285.0,0.0004,A,27.714000000000002,1048798848230812
1774151006551,2026-03-22 03:43:26.551,69285.0,0.00086,A,59.5851,535984448615548
1774151006551,2026-03-22 03:43:26.551,69284.0,0.00016,A,11.08544,268348120386144
1774151006551,2026-03-22 03:43:26.551,69284.0,0.00017,A,11.77828,906925114438632
1774151006636,2026-03-22 03:43:26.636,69282.0,0.00016,A,11.085120000000002,682985465505164
1774151006636,2026-03-22 03:43:26.636,69281.0,0.001,A,69.281,207533451011954
1774151006636,2026-03-22 03:43:26.636,69280.0,0.00016,A,11.084800000000001,277617758793593
1774151006636,2026-03-22 03:43:26.636,69280.0,0.02038,A,1411.9263999999998,795291788118814
1774151007053,2026-03-22 03:43:27.053,69280.0,0.00017,A,11.777600000000001,888161415724603
1774151007053,2026-03-22 03:43:27.053,69280.0,0.01559,A,1080.0752,1027011861592122
1774151007053,2026-03-22 03:43:27.053,69280.0,0.00016,A,11.084800000000001,1064294901808499
1774151007053,2026-03-22 03:43:27.053,69278.0,0.00086,A,59.57908,615714937410034
1774151007761,2026-03-22 03:43:27.761,69279.0,0.00035,B,24.24765,76077256758654
1774151007761,2026-03-22 03:43:27.761,69278.0,0.00042,A,29.09676,681412518792066
1774151007761,2026-03-22 03:43:27.761,69278.0,0.24787,A,17171.937860000002,494343012939403
1774151008605,2026-03-22 03:43:28.605,69279.0,0.00138,B,95.60502,729265223742613
1774151009068,2026-03-22 03:43:29.068,69279.0,0.00016,B,11.08464,1050528061945949
1774151009674,2026-03-22 03:43:29.674,69279.0,0.00104,B,72.05015999999999,496404528045829
1774151009674,2026-03-22 03:43:29.674,69279.0,0.02119,B,1468.0220100000001,864511818530643
1774151009674,2026-03-22 03:43:29.674,69279.0,0.01583,B,1096.68657,1111313089937653
1774151009674,2026-03-22 03:43:29.674,69279.0,0.00222,B,153.79938,829734279277020
1774151009674,2026-03-22 03:43:29.674,69279.0,0.00702,B,486.33858000000004,782564806428575
1774151009674,2026-03-22 03:43:29.674,69279.0,0.05692,B,3943.36068,134427140965955
1774151009873,2026-03-22 03:43:29.873,69279.0,0.00238,B,164.88402000000002,410246706169042
1774151009873,2026-03-22 03:43:29.873,69279.0,0.00404,B,279.88716,847369467570472
1774151009873,2026-03-22 03:43:29.873,69279.0,0.00389,B,269.49530999999996,1104767984688912
1774151009873,2026-03-22 03:43:29.873,69279.0,0.01902,B,1317.6865799999998,281600116673726
1774151009873,2026-03-22 03:43:29.873,69279.0,0.01443,B,999.69597,911158611962260
1774151009873,2026-03-22 03:43:29.873,69279.0,0.02412,B,1671.00948,112277884150373
1774151009873,2026-03-22 03:43:29.873,69279.0,0.01272,B,881.22888,668526467687579
1774151009989,2026-03-22 03:43:29.989,69279.0,0.00721,B,499.50159,306774762915778
1774151010671,2026-03-22 03:43:30.671,69279.0,0.00043,B,29.78997,430665379065837
1774151010899,2026-03-22 03:43:30.899,69278.0,0.00085,A,58.8863,468524220269380
1774151010899,2026-03-22 03:43:30.899,69278.0,0.00017,A,11.77726,696470333726088
1774151010899,2026-03-22 03:43:30.899,69278.0,0.00042,A,29.09676,241972739067387
1774151011072,2026-03-22 03:43:31.072,69279.0,0.00017,B,11.77743,392269181649908
1774151011072,2026-03-22 03:43:31.072,69280.0,0.00015,B,10.392,681310576202267
1774151011072,2026-03-22 03:43:31.072,69280.0,0.00017,B,11.777600000000001,227818715525443
1774151011072,2026-03-22 03:43:31.072,69281.0,0.00017,B,11.77777,615065604442134
1774151011072,2026-03-22 03:43:31.072,69281.0,0.00015,B,10.392149999999999,340883763915787
1774151011072,2026-03-22 03:43:31.072,69282.0,0.00017,B,11.777940000000001,291675768129268
1774151011072,2026-03-22 03:43:31.072,69282.0,0.00015,B,10.392299999999999,524275811226554
1774151011072,2026-03-22 03:43:31.072,69283.0,0.00017,B,11.778110000000002,618938856997386
1774151011072,2026-03-22 03:43:31.072,69284.0,6e-05,B,4.15704,1048638216699292
1774151011612,2026-03-22 03:43:31.612,69284.0,0.003,B,207.852,1100920335814439
1774151011612,2026-03-22 03:43:31.612,69285.0,0.00017,B,11.778450000000001,1033706150747442
1774151011612,2026-03-22 03:43:31.612,69286.0,0.00017,B,11.77862,572016256715745
1774151012405,2026-03-22 03:43:32.405,69287.0,0.00017,B,11.77879,609698789248362
1774151012605,2026-03-22 03:43:32.605,69288.0,0.00017,B,11.778960000000001,877143132290250
1774151012605,2026-03-22 03:43:32.605,69288.0,0.0002,B,13.857600000000001,260294474583654
1774151012605,2026-03-22 03:43:32.605,69289.0,0.003,B,207.867,802020503125591
1774151012605,2026-03-22 03:43:32.605,69289.0,0.00016,B,11.08624,708368931960604
1774151012605,2026-03-22 03:43:32.605,69289.0,1e-05,B,0.69289,846043253996673
1774151012605,2026-03-22 03:43:32.605,69290.0,0.00017,B,11.779300000000001,960564014762964
1774151012605,2026-03-22 03:43:32.605,69291.0,0.00011,B,7.62201,789926930027807
1774151012605,2026-03-22 03:43:32.605,69291.0,6e-05,B,4.15746,168241016447743
1774151012605,2026-03-22 03:43:32.605,69292.0,0.00017,B,11.77964,791464067176972
1774151015012,2026-03-22 03:43:35.012,69292.0,0.00142,A,98.39464000000001,961959883057518
1774151015543,2026-03-22 03:43:35.543,69292.0,0.00254,A,176.00168000000002,440387225563136
1774151015543,2026-03-22 03:43:35.543,69292.0,0.00546,A,378.33432,358319614602077
1774151016616,2026-03-22 03:43:36.616,69294.0,0.00017,B,11.77998,952540672201944
1774151016616,2026-03-22 03:43:36.616,69294.0,0.00015,B,10.3941,591685317334752
1774151016616,2026-03-22 03:43:36.616,69294.0,0.0002,B,13.8588,291229334770244
1774151016616,2026-03-22 03:43:36.616,69295.0,0.00017,B,11.78015,363531862427230
1774151017550,2026-03-22 03:43:37.550,69296.0,0.00017,B,11.780320000000001,496381901668115
1774151017550,2026-03-22 03:43:37.550,69296.0,0.00127,B,88.00592,907518575523597
1774151018018,2026-03-22 03:43:38.018,69296.0,0.00016,B,11.08736,825537262069086
1774151018933,2026-03-22 03:43:38.933,69295.0,0.00075,A,51.97125,842527985704482
1774151018933,2026-03-22 03:43:38.933,69295.0,0.02811,A,1947.88245,852569820304668
1774151019137,2026-03-22 03:43:39.137,69295.0,0.05992,A,4152.1564,337701545696451
1774151019137,2026-03-22 03:43:39.137,69295.0,0.03911,A,2710.12745,318589892416800
1774151021585,2026-03-22 03:43:41.585,69296.0,0.00393,B,272.33328,562954023373141
1774151021669,2026-03-22 03:43:41.669,69296.0,0.00017,B,11.780320000000001,776544071937693
1774151022178,2026-03-22 03:43:42.178,69297.0,0.00017,B,11.78049,138043669133772
1774151022178,2026-03-22 03:43:42.178,69297.0,0.003,B,207.891,361795363477283
1774151022178,2026-03-22 03:43:42.178,69297.0,0.0002,B,13.8594,163622379951823
1774151022178,2026-03-22 03:43:42.178,69298.0,0.00017,B,11.780660000000001,910675275745357
1774151022178,2026-03-22 03:43:42.178,69299.0,0.00017,B,11.780830000000002,619611109241300
1774151022178,2026-03-22 03:43:42.178,69299.0,0.00015,B,10.39485,203306245147005
1774151022256,2026-03-22 03:43:42.256,69300.0,0.00017,B,11.781,1037394587158022
1774151022359,2026-03-22 03:43:42.359,69301.0,0.00016,B,11.08816,239247216451829
1774151022359,2026-03-22 03:43:42.359,69301.0,0.00017,B,11.781170000000001,987153962021299
1774151022359,2026-03-22 03:43:42.359,69302.0,0.00017,B,11.78134,1008749966389425
1774151022359,2026-03-22 03:43:42.359,69303.0,0.00017,B,11.78151,519463253996636
1774151022359,2026-03-22 03:43:42.359,69303.0,0.003,B,207.909,307088913382694
1774151022359,2026-03-22 03:43:42.359,69304.0,0.00017,B,11.781680000000001,480775594689133
1774151022359,2026-03-22 03:43:42.359,69305.0,0.00016,B,11.0888,974131659571229
1774151022359,2026-03-22 03:43:42.359,69305.0,0.00015,B,10.39575,212844133487799
1774151022359,2026-03-22 03:43:42.359,69305.0,0.00017,B,11.78185,745474713602641
1774151022359,2026-03-22 03:43:42.359,69306.0,0.00017,B,11.782020000000001,397908888359766
1774151022359,2026-03-22 03:43:42.359,69307.0,0.00017,B,11.782190000000002,237582349745899
1774151022359,2026-03-22 03:43:42.359,69308.0,0.00017,B,11.78236,835070323565945
1774151022359,2026-03-22 03:43:42.359,69309.0,0.00016,B,11.089440000000002,66910124210513
1774151022359,2026-03-22 03:43:42.359,69309.0,0.00017,B,11.782530000000001,19397952073133
1774151022359,2026-03-22 03:43:42.359,69310.0,0.00017,B,11.7827,987447597605552
1774151022359,2026-03-22 03:43:42.359,69310.0,0.00015,B,10.3965,1109099991375495
1774151022359,2026-03-22 03:43:42.359,69310.0,0.00303,B,210.0093,175158960367776
1774151022762,2026-03-22 03:43:42.762,69310.0,0.0117,B,810.927,230082306675204
1774151023270,2026-03-22 03:43:43.270,69310.0,0.02352,B,1630.1712,286814050662685
1774151024078,2026-03-22 03:43:44.078,69310.0,0.00022,B,15.2482,1103994895055284
1774151024740,2026-03-22 03:43:44.740,69309.0,0.176,A,12198.384,1077236757204559
1774151025267,2026-03-22 03:43:45.267,69310.0,0.00016,B,11.0896,205209091656456
1774151026025,2026-03-22 03:43:46.025,69309.0,0.00027,A,18.71343,618034602235220
1774151027034,2026-03-22 03:43:47.034,69309.0,0.0002,A,13.8618,59797456503980
1774151027435,2026-03-22 03:43:47.435,69310.0,0.00029,B,20.0999,294995635400485
1774151031087,2026-03-22 03:43:51.087,69309.0,0.00027,A,18.71343,894274551240638
1774151031237,2026-03-22 03:43:51.237,69309.0,0.02398,A,1662.0298200000002,766149419317952
1774151031237,2026-03-22 03:43:51.237,69309.0,0.22602,A,15665.22018,1053918488839314
1774151032092,2026-03-22 03:43:52.092,69309.0,0.00017,A,11.782530000000001,797674650080735
1774151032198,2026-03-22 03:43:52.198,69309.0,0.15881,A,11006.962290000001,478062801304889
1774151032198,2026-03-22 03:43:52.198,69309.0,0.01459,A,1011.2183100000001,720097534099504
1774151033256,2026-03-22 03:43:53.256,69310.0,0.01376,B,953.7056,430879966079496
1774151037120,2026-03-22 03:43:57.120,69309.0,0.00017,A,11.782530000000001,248110322960861
1774151037120,2026-03-22 03:43:57.120,69309.0,0.01661,A,1151.2224899999999,781307310249876
1774151039005,2026-03-22 03:43:59.005,69310.0,0.00016,B,11.0896,296499714761948
1774151044049,2026-03-22 03:44:04.049,69309.0,0.00142,A,98.41878,420753800758323
1774151044790,2026-03-22 03:44:04.790,69309.0,0.00017,A,11.782530000000001,265687732443743
1774151044790,2026-03-22 03:44:04.790,69308.0,0.00015,A,10.396199999999999,12325072047116
1774151044790,2026-03-22 03:44:04.790,69308.0,0.00017,A,11.78236,120050133706607
1774151044790,2026-03-22 03:44:04.790,69308.0,0.00104,A,72.08032,626573029114971
1774151044790,2026-03-22 03:44:04.790,69307.0,0.00017,A,11.782190000000002,560982905727475
1774151044790,2026-03-22 03:44:04.790,69307.0,0.00015,A,10.396049999999999,390398742031715
1774151046262,2026-03-22 03:44:06.262,69305.0,7e-05,A,4.851349999999999,307448902420991
1774151046623,2026-03-22 03:44:06.623,69305.0,0.0001,A,6.9305,1091596233852342
1774151046623,2026-03-22 03:44:06.623,69305.0,0.01,A,693.0500000000001,594352932984054
1774151048082,2026-03-22 03:44:08.082,69306.0,0.00016,B,11.08896,531108646743303
1774151050912,2026-03-22 03:44:10.912,69306.0,7e-05,B,4.851419999999999,630652534258045
1774151051452,2026-03-22 03:44:11.452,69306.0,0.0593,B,4109.8458,693120227729634
1774151052353,2026-03-22 03:44:12.353,69306.0,0.00086,B,59.603159999999995,622706878125298
1774151054132,2026-03-22 03:44:14.132,69305.0,0.00017,A,11.78185,835838837631466
1774151054132,2026-03-22 03:44:14.132,69305.0,5e-05,A,3.46525,817414320463925
1774151054346,2026-03-22 03:44:14.346,69305.0,0.00282,A,195.4401,140380140295464
1774151054346,2026-03-22 03:44:14.346,69306.0,0.0022,B,152.47320000000002,327168939701699
1774151056019,2026-03-22 03:44:16.019,69305.0,0.00028,A,19.405399999999997,229951132500820
1774151056177,2026-03-22 03:44:16.177,69305.0,0.00091,A,63.06755,410850659677030
1774151056689,2026-03-22 03:44:16.689,69305.0,0.00017,A,11.78185,533659033030915
1774151056689,2026-03-22 03:44:16.689,69304.0,0.00015,A,10.3956,681978218466199
1774151056689,2026-03-22 03:44:16.689,69304.0,0.00017,A,11.781680000000001,471839371420931
1774151056689,2026-03-22 03:44:16.689,69303.0,0.00017,A,11.78151,791612389713593
1774151056689,2026-03-22 03:44:16.689,69303.0,0.00015,A,10.395449999999999,909148402329255
1774151056689,2026-03-22 03:44:16.689,69302.0,0.00016,A,11.088320000000001,400232560471434
1774151056689,2026-03-22 03:44:16.689,69302.0,0.00017,A,11.78134,1014096449084299
1774151056689,2026-03-22 03:44:16.689,69301.0,0.00017,A,11.781170000000001,454588220879520
1774151056689,2026-03-22 03:44:16.689,69300.0,0.00017,A,11.781,952525293424481
1774151056689,2026-03-22 03:44:16.689,69299.0,0.00017,A,11.780830000000002,671161977564390
1774151056689,2026-03-22 03:44:16.689,69299.0,0.003,A,207.897,18933419458599
1774151056689,2026-03-22 03:44:16.689,69299.0,0.00016,A,11.087840000000002,696397865840839
1774151056689,2026-03-22 03:44:16.689,69298.0,0.00017,A,11.780660000000001,490054788995958
1774151056689,2026-03-22 03:44:16.689,69297.0,0.00017,A,11.78049,441400113592114
1774151056689,2026-03-22 03:44:16.689,69296.0,0.00015,A,10.3944,660223244753798
1774151056689,2026-03-22 03:44:16.689,69296.0,0.00017,A,11.780320000000001,901015827750720
1774151056689,2026-03-22 03:44:16.689,69295.0,0.00016,A,11.087200000000001,940142119527154
1774151056689,2026-03-22 03:44:16.689,69295.0,0.00017,A,11.78015,57743781460685
1774151056689,2026-03-22 03:44:16.689,69295.0,0.003,A,207.885,858458883909688
1774151056689,2026-03-22 03:44:16.689,69294.0,0.00017,A,11.77998,428775423437515
1774151056689,2026-03-22 03:44:16.689,69293.0,0.00017,A,11.779810000000001,862078561593754
1774151056689,2026-03-22 03:44:16.689,69292.0,0.00017,A,11.77964,872102570218896
1774151057206,2026-03-22 03:44:17.206,69291.0,0.00016,A,11.08656,272611803037526
1774151057206,2026-03-22 03:44:17.206,69291.0,1e-05,A,0.69291,690824736639392
1774151058982,2026-03-22 03:44:18.982,69292.0,0.01949,B,1350.50108,147485535859889
1774151061084,2026-03-22 03:44:21.084,69291.0,0.00016,A,11.08656,966010386934671
1774151061084,2026-03-22 03:44:21.084,69291.0,0.00012,A,8.31492,564272984637801
1774151061392,2026-03-22 03:44:21.392,69291.0,0.0002,A,13.8582,660373212078597
1774151062294,2026-03-22 03:44:22.294,69292.0,0.112,B,7760.704,224339784237592
1774151063100,2026-03-22 03:44:23.100,69292.0,0.00017,B,11.77964,793515783873976
1774151063100,2026-03-22 03:44:23.100,69293.0,0.00015,B,10.393949999999998,954733822729025
1774151063100,2026-03-22 03:44:23.100,69293.0,0.00017,B,11.779810000000001,328253719478748
1774151063100,2026-03-22 03:44:23.100,69294.0,0.00017,B,11.77998,391071390605218
1774151063100,2026-03-22 03:44:23.100,69295.0,0.00017,B,11.78015,247092728985354
1774151063100,2026-03-22 03:44:23.100,69296.0,0.00017,B,11.780320000000001,1108071940350880
1774151063100,2026-03-22 03:44:23.100,69297.0,0.002,B,138.594,157112875915654
1774151063523,2026-03-22 03:44:23.523,69297.0,0.00033,B,22.868009999999998,952545451904251
1774151063523,2026-03-22 03:44:23.523,69297.0,0.00067,B,46.42899,864439166857135
1774151063523,2026-03-22 03:44:23.523,69297.0,0.00015,B,10.394549999999999,882373309960533
1774151063523,2026-03-22 03:44:23.523,69298.0,0.00016,B,11.08768,151625960053491
1774151063523,2026-03-22 03:44:23.523,69298.0,0.00017,B,11.780660000000001,1107899332077996
1774151063523,2026-03-22 03:44:23.523,69298.0,0.00174,B,120.57852,109872200597136
1774151064528,2026-03-22 03:44:24.528,69298.0,0.00055,A,38.1139,396039436329408
1774151065016,2026-03-22 03:44:25.016,69299.0,0.00017,B,11.780830000000002,39657756558928
1774151065016,2026-03-22 03:44:25.016,69300.0,0.0001,B,6.930000000000001,447692786887970
1774151065315,2026-03-22 03:44:25.315,69300.0,7e-05,B,4.851,273804780878416
1774151065315,2026-03-22 03:44:25.315,69301.0,0.00016,B,11.08816,81116670239439
1774151065315,2026-03-22 03:44:25.315,69301.0,0.00017,B,11.781170000000001,1077672792833760
1774151065442,2026-03-22 03:44:25.442,69302.0,0.00029,B,20.09758,446271931512263
1774151065827,2026-03-22 03:44:25.827,69301.0,0.00104,A,72.07303999999999,392192620960231
1774151065827,2026-03-22 03:44:25.827,69301.0,0.03712,A,2572.45312,441952767208940
1774151067047,2026-03-22 03:44:27.047,69301.0,0.00017,A,11.781170000000001,346868164069587
1774151067047,2026-03-22 03:44:27.047,69301.0,0.01661,A,1151.08961,459910739953926
1774151067047,2026-03-22 03:44:27.047,69302.0,0.002,B,138.604,407209749996002
1774151069053,2026-03-22 03:44:29.053,69302.0,0.00016,B,11.088320000000001,18997880144743
1774151069144,2026-03-22 03:44:29.144,69302.0,0.00055,B,38.1161,825581526158957
1774151069144,2026-03-22 03:44:29.144,69302.0,0.00017,B,11.78134,988998104297472
1774151069144,2026-03-22 03:44:29.144,69303.0,0.00017,B,11.78151,436288600461646
1774151069144,2026-03-22 03:44:29.144,69303.0,0.00015,B,10.395449999999999,1045447750634090
1774151069144,2026-03-22 03:44:29.144,69304.0,0.00017,B,11.781680000000001,738680312693383
1774151069144,2026-03-22 03:44:29.144,69304.0,0.00015,B,10.3956,470562739600324
1774151069144,2026-03-22 03:44:29.144,69305.0,0.00016,B,11.0888,530923614119483
1774151069144,2026-03-22 03:44:29.144,69305.0,0.00017,B,11.78185,331821119520817
1774151069144,2026-03-22 03:44:29.144,69306.0,0.00017,B,11.782020000000001,92658029034070
1774151069144,2026-03-22 03:44:29.144,69306.0,0.00814,B,564.15084,990660037617185
1774151071343,2026-03-22 03:44:31.343,69305.0,0.01722,A,1193.4321,742123355200393
1774151072661,2026-03-22 03:44:32.661,69306.0,0.01,B,693.0600000000001,958322759314044
1774151074046,2026-03-22 03:44:34.046,69305.0,0.00141,A,97.72005,672939606516594
1774151078101,2026-03-22 03:44:38.101,69306.0,0.00016,B,11.08896,623543664809631
1774151078101,2026-03-22 03:44:38.101,69306.0,0.00244,B,169.10664,982899464091621
1774151084133,2026-03-22 03:44:44.133,69307.0,0.01125,B,779.70375,1098905188013328
1774151084339,2026-03-22 03:44:44.339,69307.0,0.00022,B,15.24754,60068728871592
1774151086058,2026-03-22 03:44:46.058,69306.0,0.00028,A,19.405679999999997,301987646497143
1774151087066,2026-03-22 03:44:47.066,69306.0,0.00019,A,13.168140000000001,726745299138325
1774151089276,2026-03-22 03:44:49.276,69307.0,0.00017,B,11.782190000000002,25986959424219
1774151089276,2026-03-22 03:44:49.276,69307.0,0.0002,B,13.861400000000001,930117898041554
1774151089276,2026-03-22 03:44:49.276,69307.0,0.00107,B,74.15849,388416256193796
1774151091059,2026-03-22 03:44:51.059,69306.0,0.00028,A,19.405679999999997,96356686433981
1774151092050,2026-03-22 03:44:52.050,69306.0,0.00017,A,11.782020000000001,839711978324311
1774151092927,2026-03-22 03:44:52.927,69307.0,0.03052,B,2115.24964,1110278793047568
1774151093274,2026-03-22 03:44:53.274,69306.0,0.00052,A,36.03912,556436765528095
1774151093274,2026-03-22 03:44:53.274,69306.0,0.02813,A,1949.5777799999998,485954680223317
1774151093938,2026-03-22 03:44:53.938,69306.0,0.01125,A,779.6925,698006227893593
1774151094380,2026-03-22 03:44:54.380,69307.0,0.00017,B,11.782190000000002,805087120812935
1774151094986,2026-03-22 03:44:54.986,69308.0,0.00017,B,11.78236,562505874850797
1774151094986,2026-03-22 03:44:54.986,69308.0,0.05665,B,3926.2981999999997,49834317259610
1774151094986,2026-03-22 03:44:54.986,69309.0,0.00016,B,11.089440000000002,630069208845865
1774151094986,2026-03-22 03:44:54.986,69309.0,0.00017,B,11.782530000000001,228312107281030
1774151094986,2026-03-22 03:44:54.986,69309.0,0.001,B,69.309,679469278432308
1774151094986,2026-03-22 03:44:54.986,69309.0,0.24185,B,16762.38165,541517600867117
1774151096187,2026-03-22 03:44:56.187,69308.0,0.12157,A,8425.77356,322894035294132
1774151096187,2026-03-22 03:44:56.187,69308.0,0.01093,A,757.5364400000001,930159745036435
1774151096187,2026-03-22 03:44:56.187,69308.0,0.12,A,8316.96,421939434895751
1774151096187,2026-03-22 03:44:56.187,69308.0,0.03744,A,2594.89152,382763511335798
1774151096187,2026-03-22 03:44:56.187,69308.0,0.05006,A,3469.55848,51372585876869
1774151096187,2026-03-22 03:44:56.187,69308.0,0.06472,A,4485.61376,130961264249803
1774151096187,2026-03-22 03:44:56.187,69308.0,0.09829,A,6812.2833200000005,797926242394205
1774151096187,2026-03-22 03:44:56.187,69308.0,0.0454,A,3146.5832,151259563338371
1774151096187,2026-03-22 03:44:56.187,69308.0,0.03888,A,2694.69504,67697855029225
1774151096187,2026-03-22 03:44:56.187,69308.0,0.04396,A,3046.77968,321329387391146
1774151096187,2026-03-22 03:44:56.187,69308.0,0.08263,A,5726.92004,118991539762640
1774151096187,2026-03-22 03:44:56.187,69308.0,0.28612,A,19830.40496,243519311343124
1774151097129,2026-03-22 03:44:57.129,69308.0,0.00017,A,11.78236,1000127157747002
1774151097129,2026-03-22 03:44:57.129,69308.0,0.01661,A,1151.20588,47178987334984
1774151097401,2026-03-22 03:44:57.401,69309.0,0.00017,B,11.782530000000001,560602977498221
1774151097401,2026-03-22 03:44:57.401,69310.0,0.00017,B,11.7827,428486826576981
1774151097401,2026-03-22 03:44:57.401,69311.0,0.00017,B,11.78287,810944194696834
1774151097401,2026-03-22 03:44:57.401,69312.0,0.00017,B,11.783040000000002,1066866993616900
1774151097401,2026-03-22 03:44:57.401,69313.0,0.00017,B,11.78321,564490381297246
1774151097612,2026-03-22 03:44:57.612,69313.0,0.00138,B,95.65194,901934587555844
1774151097612,2026-03-22 03:44:57.612,69314.0,0.00017,B,11.783380000000001,152265885506665
1774151097612,2026-03-22 03:44:57.612,69315.0,0.00015,B,10.39725,164927717163934
1774151097612,2026-03-22 03:44:57.612,69315.0,0.00017,B,11.78355,90794182763158
1774151097612,2026-03-22 03:44:57.612,69315.0,0.07613,B,5276.95095,656271855658053
1774151098400,2026-03-22 03:44:58.400,69315.0,0.00083,B,57.53145,960932668675001
1774151098589,2026-03-22 03:44:58.589,69315.0,0.093,B,6446.295,419173821667547
1774151098831,2026-03-22 03:44:58.831,69315.0,0.00028,B,19.408199999999997,98618229752244
1774151099014,2026-03-22 03:44:59.014,69315.0,0.00016,B,11.0904,1005769213623655
1774151100026,2026-03-22 03:45:00.026,69315.0,0.00027,B,18.71505,533221277898389
1774151100802,2026-03-22 03:45:00.802,69315.0,0.00017,B,11.78355,646009226101256
1774151100802,2026-03-22 03:45:00.802,69316.0,0.00017,B,11.78372,387054914099605
1774151100802,2026-03-22 03:45:00.802,69316.0,0.003,B,207.948,619262344741840
1774151100802,2026-03-22 03:45:00.802,69317.0,0.00017,B,11.783890000000001,629458236137512
1774151100802,2026-03-22 03:45:00.802,69318.0,0.00017,B,11.78406,713924309799992
1774151100802,2026-03-22 03:45:00.802,69319.0,0.00017,B,11.78423,953475732596092
1774151100802,2026-03-22 03:45:00.802,69320.0,0.00017,B,11.784400000000002,258459374983885
1774151100802,2026-03-22 03:45:00.802,69320.0,0.00016,B,11.0912,536668754128241
1774151100802,2026-03-22 03:45:00.802,69321.0,0.00017,B,11.78457,405624310071327
1774151100802,2026-03-22 03:45:00.802,69321.0,0.00015,B,10.39815,582764236968035
1774151100802,2026-03-22 03:45:00.802,69322.0,0.00017,B,11.784740000000001,215690456370545
1774151100802,2026-03-22 03:45:00.802,69323.0,0.00016,B,11.09168,815085291598972
1774151100802,2026-03-22 03:45:00.802,69323.0,0.00017,B,11.78491,455051397065630
1774151100802,2026-03-22 03:45:00.802,69323.0,0.00022,B,15.25106,953779256215430
1774151100802,2026-03-22 03:45:00.802,69323.0,0.00375,B,259.96125,834740044797823
1774151100802,2026-03-22 03:45:00.802,69323.0,0.23,B,15944.29,1056825625058358
1774151101416,2026-03-22 03:45:01.416,69323.0,0.0003,B,20.796899999999997,148195307640650
1774151101461,2026-03-22 03:45:01.461,69323.0,0.01006,B,697.38938,423968173228149
1774151102217,2026-03-22 03:45:02.217,69323.0,0.0007,B,48.5261,1081545576051389
1774151102619,2026-03-22 03:45:02.619,69323.0,0.00121,B,83.88082999999999,143737517603320
1774151103260,2026-03-22 03:45:03.260,69323.0,0.00016,B,11.09168,768833597086299
1774151103684,2026-03-22 03:45:03.684,69322.0,0.00556,A,385.43032,1089061840003435
1774151103861,2026-03-22 03:45:03.861,69322.0,0.0085,A,589.2370000000001,310471192314574
1774151104065,2026-03-22 03:45:04.065,69322.0,0.00142,A,98.43724,448449241162248
1774151104267,2026-03-22 03:45:04.267,69323.0,0.00038,B,26.342740000000003,79511925902957
1774151104834,2026-03-22 03:45:04.834,69322.0,0.31291,A,21691.54702,784369826010928
1774151104834,2026-03-22 03:45:04.834,69322.0,0.01054,A,730.6538800000001,86582921726452
1774151104834,2026-03-22 03:45:04.834,69322.0,0.07827,A,5425.83294,856360100075678
1774151104834,2026-03-22 03:45:04.834,69322.0,0.00017,A,11.784740000000001,223443142537682
1774151104834,2026-03-22 03:45:04.834,69321.0,0.00015,A,10.39815,110458844187675
1774151104834,2026-03-22 03:45:04.834,69321.0,0.00017,A,11.78457,932678120704201
1774151104834,2026-03-22 03:45:04.834,69321.0,0.00017,A,11.78457,895157589817361
1774151104834,2026-03-22 03:45:04.834,69320.0,0.00017,A,11.784400000000002,782557490507735
1774151104834,2026-03-22 03:45:04.834,69319.0,0.00017,A,11.78423,594446546392276
1774151104834,2026-03-22 03:45:04.834,69318.0,0.00017,A,11.78406,958885340137957
1774151104834,2026-03-22 03:45:04.834,69317.0,0.00016,A,11.090720000000001,503751904647014
1774151104834,2026-03-22 03:45:04.834,69317.0,0.003,A,207.951,465645047973019
1774151104834,2026-03-22 03:45:04.834,69317.0,0.00017,A,11.783890000000001,982677237846480
1774151104834,2026-03-22 03:45:04.834,69316.0,0.00017,A,11.78372,227525027072214
1774151104834,2026-03-22 03:45:04.834,69315.0,0.00017,A,11.78355,669047221025657
1774151104834,2026-03-22 03:45:04.834,69314.0,0.00017,A,11.783380000000001,403786995688334
1774151104834,2026-03-22 03:45:04.834,69313.0,0.00016,A,11.09008,265391775986576
1774151104834,2026-03-22 03:45:04.834,69312.0,0.003,A,207.936,1032697059852056
1774151104834,2026-03-22 03:45:04.834,69312.0,0.00017,A,11.783040000000002,338172688639544
1774151104834,2026-03-22 03:45:04.834,69311.0,0.00015,A,10.39665,1046453739321672
1774151104834,2026-03-22 03:45:04.834,69311.0,0.00017,A,11.78287,518109995150981
1774151105135,2026-03-22 03:45:05.135,69310.0,0.00016,A,11.0896,1115432745423498
1774151105135,2026-03-22 03:45:05.135,69310.0,0.00017,A,11.7827,364787096684372
1774151105135,2026-03-22 03:45:05.135,69309.0,0.00017,A,11.782530000000001,876578845720212
1774151105135,2026-03-22 03:45:05.135,69308.0,0.00017,A,11.78236,669371990001620
1774151105135,2026-03-22 03:45:05.135,69307.0,0.00017,A,11.782190000000002,1125479355675020
1774151105135,2026-03-22 03:45:05.135,69306.0,0.00016,A,11.08896,208600737639384
1774151105135,2026-03-22 03:45:05.135,69306.0,0.00017,A,11.782020000000001,703063251944011
1774151105135,2026-03-22 03:45:05.135,69306.0,0.00015,A,10.3959,760409326915620
1774151105135,2026-03-22 03:45:05.135,69305.0,0.00016,A,11.0888,270227145388033
1774151105135,2026-03-22 03:45:05.135,69305.0,0.00017,A,11.78185,816248189935354
1774151105135,2026-03-22 03:45:05.135,69305.0,0.00107,A,74.15635,666135034493021
1774151105645,2026-03-22 03:45:05.645,69305.0,0.02886,B,2000.1423,564607712496529
1774151106446,2026-03-22 03:45:06.446,69304.0,0.00017,A,11.781680000000001,266778061985033
1774151106446,2026-03-22 03:45:06.446,69304.0,0.00127,A,88.01608,575417192704561
1774151108082,2026-03-22 03:45:08.082,69305.0,0.00016,B,11.0888,484978175864352
1774151108949,2026-03-22 03:45:08.949,69304.0,0.00546,A,378.39984,49332059910416
1774151110759,2026-03-22 03:45:10.759,69305.0,0.05258,B,3644.0569,972106011772729
1774151110948,2026-03-22 03:45:10.948,69304.0,0.00043,A,29.80072,269588620384455
1774151112522,2026-03-22 03:45:12.522,69304.0,0.02169,A,1503.20376,950230231724536
1774151112522,2026-03-22 03:45:12.522,69304.0,0.00017,A,11.781680000000001,12071893504210
1774151112522,2026-03-22 03:45:12.522,69303.0,0.00015,A,10.395449999999999,983390886292421
1774151112522,2026-03-22 03:45:12.522,69303.0,0.00017,A,11.78151,1104332199690640
1774151112957,2026-03-22 03:45:12.957,69302.0,0.00583,A,404.03066,867040106569308
1774151115411,2026-03-22 03:45:15.411,69303.0,0.00221,B,153.15963000000002,787392242319414
1774151116115,2026-03-22 03:45:16.115,69302.0,0.00027,A,18.71154,1120808042529090
1774151116387,2026-03-22 03:45:16.387,69302.0,0.00051,A,35.34402,298268796958708
1774151116387,2026-03-22 03:45:16.387,69302.0,0.01016,A,704.10832,317813587964040
1774151117058,2026-03-22 03:45:17.058,69302.0,0.00017,A,11.78134,183892909002496
1774151117154,2026-03-22 03:45:17.154,69303.0,0.00017,B,11.78151,720702809846951
1774151117154,2026-03-22 03:45:17.154,69304.0,0.00015,B,10.3956,648168837369376
1774151117154,2026-03-22 03:45:17.154,69304.0,0.00017,B,11.781680000000001,452711119746578
1774151117154,2026-03-22 03:45:17.154,69305.0,0.00015,B,10.39575,549847542661394
1774151117154,2026-03-22 03:45:17.154,69305.0,0.00017,B,11.78185,1091496563246861
1774151117154,2026-03-22 03:45:17.154,69306.0,0.00017,B,11.782020000000001,985588132684020
1774151117154,2026-03-22 03:45:17.154,69307.0,0.00017,B,11.782190000000002,57040143793273
1774151117154,2026-03-22 03:45:17.154,69308.0,0.15885,B,11009.575799999999,846352310509499
1774151117154,2026-03-22 03:45:17.154,69308.0,0.21835,B,15133.4018,1002835655657437
1774151117154,2026-03-22 03:45:17.154,69308.0,0.00017,B,11.78236,362830493358502
1774151117154,2026-03-22 03:45:17.154,69309.0,0.01148,B,795.66732,265515427153829
1774151117960,2026-03-22 03:45:17.960,69309.0,0.00029,B,20.09961,108301447493129
1774151118424,2026-03-22 03:45:18.424,69309.0,0.00067,B,46.43703,415275544221116
1774151118424,2026-03-22 03:45:18.424,69308.0,0.00054,A,37.426320000000004,140114098625347
1774151118626,2026-03-22 03:45:18.626,69309.0,0.00042,B,29.10978,796440628194557
1774151119430,2026-03-22 03:45:19.430,69309.0,0.00037,B,25.64433,972302661401661
1774151120056,2026-03-22 03:45:20.056,69308.0,0.00389,A,269.60812,149017584815551
1774151121082,2026-03-22 03:45:21.082,69308.0,0.00028,A,19.406239999999997,63473365011610
1774151122091,2026-03-22 03:45:22.091,69308.0,0.00017,A,11.78236,422318881651381
1774151122091,2026-03-22 03:45:22.091,69307.0,0.00015,A,10.396049999999999,532800519943378
1774151122091,2026-03-22 03:45:22.091,69307.0,0.00017,A,11.782190000000002,1039705009825668
1774151122091,2026-03-22 03:45:22.091,69306.0,0.00017,A,11.782020000000001,441403175605300
1774151122091,2026-03-22 03:45:22.091,69305.0,0.00015,A,10.39575,619079848867083
1774151122091,2026-03-22 03:45:22.091,69305.0,0.00017,A,11.78185,419709382849286
1774151122091,2026-03-22 03:45:22.091,69304.0,0.00017,A,11.781680000000001,484338916455692
1774151122230,2026-03-22 03:45:22.230,69303.0,0.00017,A,11.78151,723197975630751
1774151122230,2026-03-22 03:45:22.230,69302.0,0.00017,A,11.78134,359727741867066
1774151122230,2026-03-22 03:45:22.230,69302.0,0.00016,A,11.088320000000001,64957063944978
1774151122291,2026-03-22 03:45:22.291,69301.0,0.00017,A,11.781170000000001,952388687616640
1774151122291,2026-03-22 03:45:22.291,69300.0,0.00017,A,11.781,786576686231255
1774151122291,2026-03-22 03:45:22.291,69300.0,0.003,A,207.9,1096346953753714
1774151122291,2026-03-22 03:45:22.291,69299.0,0.00016,A,11.087840000000002,1068731730285804
1774151122291,2026-03-22 03:45:22.291,69299.0,0.00017,A,11.780830000000002,653063968857035
1774151122291,2026-03-22 03:45:22.291,69298.0,0.00017,A,11.780660000000001,970339931072598
1774151122898,2026-03-22 03:45:22.898,69297.0,0.00017,A,11.78049,125622634979128
1774151123180,2026-03-22 03:45:23.180,69296.0,0.00015,A,10.3944,1025754967014537
1774151123180,2026-03-22 03:45:23.180,69296.0,0.00017,A,11.780320000000001,661076323773452
1774151123180,2026-03-22 03:45:23.180,69295.0,0.00016,A,11.087200000000001,329472388533429
1774151123180,2026-03-22 03:45:23.180,69295.0,0.00017,A,11.78015,145538043478830
1774151123180,2026-03-22 03:45:23.180,69294.0,0.00017,A,11.77998,350692310085827
1774151123180,2026-03-22 03:45:23.180,69294.0,0.003,A,207.882,832725659951226
1774151123180,2026-03-22 03:45:23.180,69293.0,0.00017,A,11.779810000000001,1032553756417263
1774151123180,2026-03-22 03:45:23.180,69292.0,0.00017,A,11.77964,496592116188519
1774151123180,2026-03-22 03:45:23.180,69291.0,0.00016,A,11.08656,220735149375703
1774151123180,2026-03-22 03:45:23.180,69291.0,0.00015,A,10.39365,22589553863805
1774151123180,2026-03-22 03:45:23.180,69291.0,0.00017,A,11.779470000000002,747980521812258
1774151123180,2026-03-22 03:45:23.180,69290.0,0.00022,A,15.2438,281475347202426
1774151123180,2026-03-22 03:45:23.180,69290.0,0.00017,A,11.779300000000001,272103898669798
1774151123180,2026-03-22 03:45:23.180,69289.0,0.00017,A,11.77913,832955502992703
1774151123180,2026-03-22 03:45:23.180,69288.0,0.00016,A,11.08608,201384352784607
1774151123180,2026-03-22 03:45:23.180,69288.0,0.00017,A,11.778960000000001,236890294431569
1774151123180,2026-03-22 03:45:23.180,69287.0,0.00017,A,11.77879,692011743644014
1774151123180,2026-03-22 03:45:23.180,69287.0,0.01361,A,942.99607,940197023465079
1774151123180,2026-03-22 03:45:23.180,69287.0,0.21729,A,15055.37223,220180224515135
1774151123180,2026-03-22 03:45:23.180,69286.0,0.00017,A,11.77862,1028343737380365
1774151123180,2026-03-22 03:45:23.180,69286.0,0.05665,A,3925.0519,1053461102426957
1774151123180,2026-03-22 03:45:23.180,69285.0,0.00015,A,10.39275,460687965884433
1774151123180,2026-03-22 03:45:23.180,69284.0,0.00016,A,11.08544,583036150493356
1774151123180,2026-03-22 03:45:23.180,69284.0,0.03245,A,2248.2658,375182592620386
1774151123180,2026-03-22 03:45:23.180,69284.0,0.04079,A,2826.09436,327466727385653
1774151123180,2026-03-22 03:45:23.180,69283.0,0.31632,A,21915.59856,710450562915157
1774151123180,2026-03-22 03:45:23.180,69283.0,0.24549,A,17008.28367,206131439533906
1774151123816,2026-03-22 03:45:23.816,69284.0,0.00144,A,99.76896,776648393609892
1774151123816,2026-03-22 03:45:23.816,69284.0,0.00017,A,11.77828,800190569327431
1774151123816,2026-03-22 03:45:23.816,69284.0,0.00852,A,590.29968,89345939745987
1774151123877,2026-03-22 03:45:23.877,69284.0,0.02858,A,1980.1367200000002,65502292576098
1774151123877,2026-03-22 03:45:23.877,69284.0,0.00647,A,448.26748,802789638940194
1774151123929,2026-03-22 03:45:23.929,69284.0,0.00614,A,425.40376,431623298688942
1774151124305,2026-03-22 03:45:24.305,69284.0,0.01812,A,1255.42608,371986976856912
1774151124305,2026-03-22 03:45:24.305,69284.0,0.00268,A,185.68112,297797149954909
1774151124305,2026-03-22 03:45:24.305,69284.0,0.01564,A,1083.60176,524699000545333
1774151124637,2026-03-22 03:45:24.637,69284.0,0.0048,A,332.5632,555177546248888
1774151125047,2026-03-22 03:45:25.047,69284.0,0.0167,A,1157.0428,582213473616720
1774151125047,2026-03-22 03:45:25.047,69284.0,0.00703,A,487.06651999999997,851759684204958
1774151125109,2026-03-22 03:45:25.109,69284.0,0.00825,A,571.5930000000001,326082578950785
1774151125109,2026-03-22 03:45:25.109,69284.0,0.00617,A,427.48228,581303206099856
1774151125109,2026-03-22 03:45:25.109,69284.0,0.00173,A,119.86131999999999,171787957445214
1774151125109,2026-03-22 03:45:25.109,69284.0,0.00893,A,618.70612,59413608298065
1774151125109,2026-03-22 03:45:25.109,69284.0,0.00666,A,461.43144,26561357373252
1774151125109,2026-03-22 03:45:25.109,69284.0,0.00616,A,426.78943999999996,219272046497466
1774151125173,2026-03-22 03:45:25.173,69284.0,0.00822,A,569.5144799999999,507193313791662
1774151125173,2026-03-22 03:45:25.173,69284.0,0.00892,A,618.01328,414160768801218
1774151125173,2026-03-22 03:45:25.173,69284.0,0.00673,A,466.28132,683940882348348
1774151125173,2026-03-22 03:45:25.173,69284.0,0.01604,A,1111.3153599999998,631771112362341
1774151125309,2026-03-22 03:45:25.309,69284.0,0.0014,A,96.9976,522152557108911
1774151125309,2026-03-22 03:45:25.309,69284.0,0.01425,A,987.297,1041441213333180
1774151125309,2026-03-22 03:45:25.309,69284.0,0.00906,A,627.71304,54586682273378
1774151125374,2026-03-22 03:45:25.374,69284.0,0.00264,A,182.90976,1083341383779046
1774151125374,2026-03-22 03:45:25.374,69284.0,0.0036,A,249.42239999999998,1003350127875947
1774151125374,2026-03-22 03:45:25.374,69284.0,0.01636,A,1133.48624,125504679779360
1774151125374,2026-03-22 03:45:25.374,69284.0,0.00734,A,508.54456,196725208207963
1774151125374,2026-03-22 03:45:25.374,69284.0,0.00495,A,342.9558,110868671323587
1774151125374,2026-03-22 03:45:25.374,69284.0,0.00659,A,456.58156,387902017741650
1774151125374,2026-03-22 03:45:25.374,69284.0,0.00605,A,419.1682,538511456011271
1774151125651,2026-03-22 03:45:25.651,69284.0,0.00623,A,431.63932,786473357048305
1774151125709,2026-03-22 03:45:25.709,69284.0,0.01646,A,1140.41464,570693025909951
1774151125709,2026-03-22 03:45:25.709,69284.0,0.14835,A,10278.2814,352983145692589
1774151125709,2026-03-22 03:45:25.709,69284.0,0.00329,A,227.94436,525927199026409
1774151125798,2026-03-22 03:45:25.798,69284.0,0.02513,A,1741.10692,451099254631556
1774151125798,2026-03-22 03:45:25.798,69284.0,0.00405,A,280.6002,857478156953088
1774151125798,2026-03-22 03:45:25.798,69284.0,0.00179,A,124.01836,422940395941998
1774151125798,2026-03-22 03:45:25.798,69284.0,0.08275,A,5733.251,469324833445939
1774151125798,2026-03-22 03:45:25.798,69284.0,0.02276,A,1576.90384,622993603658383
1774151125798,2026-03-22 03:45:25.798,69284.0,0.01762,A,1220.78408,592494816435056
1774151125798,2026-03-22 03:45:25.798,69284.0,0.00358,A,248.03672,74216554058317
1774151125798,2026-03-22 03:45:25.798,69284.0,0.00651,A,451.03884,866648133445072
1774151125798,2026-03-22 03:45:25.798,69284.0,0.00995,A,689.3758,404227691729143
1774151125798,2026-03-22 03:45:25.798,69284.0,0.00596,A,412.93264,50856471749913
1774151126115,2026-03-22 03:45:26.115,69284.0,0.02901,A,2009.92884,183759495111272
1774151126231,2026-03-22 03:45:26.231,69284.0,0.00411,A,284.75723999999997,999074183403089
1774151126231,2026-03-22 03:45:26.231,69284.0,0.00311,A,215.47324,657675486343147
1774151126231,2026-03-22 03:45:26.231,69284.0,0.02238,A,1550.57592,914509905631900
1774151126231,2026-03-22 03:45:26.231,69284.0,0.00022,A,15.24248,462430539908386
1774151126231,2026-03-22 03:45:26.231,69284.0,0.01434,A,993.53256,229078480466306
1774151126231,2026-03-22 03:45:26.231,69284.0,0.00508,A,351.96272000000005,873792984196957
1774151126231,2026-03-22 03:45:26.231,69284.0,0.01037,A,718.47508,563420819098774
1774151126231,2026-03-22 03:45:26.231,69284.0,0.01488,A,1030.9459200000001,327559599492602
1774151126231,2026-03-22 03:45:26.231,69284.0,0.01274,A,882.6781599999999,879658364390541
1774151126231,2026-03-22 03:45:26.231,69284.0,0.02518,A,1744.57112,455637935398544
1774151126231,2026-03-22 03:45:26.231,69284.0,0.00496,A,343.64864,1058948468050629
1774151126231,2026-03-22 03:45:26.231,69284.0,0.01935,A,1340.6453999999999,82218317158929
1774151126231,2026-03-22 03:45:26.231,69284.0,0.00662,A,458.66008,385338993086162
1774151126231,2026-03-22 03:45:26.231,69284.0,0.16213,A,11233.01492,716967686275894
1774151126231,2026-03-22 03:45:26.231,69284.0,0.01005,A,696.3042,88906827037792
1774151126231,2026-03-22 03:45:26.231,69284.0,0.0277,A,1919.1668,410147856956942
1774151126231,2026-03-22 03:45:26.231,69284.0,0.00276,A,191.22384,449442766269058
1774151126231,2026-03-22 03:45:26.231,69284.0,0.02249,A,1558.19716,103476015242411
1774151126231,2026-03-22 03:45:26.231,69284.0,0.00814,A,563.97176,544217951426739
1774151126231,2026-03-22 03:45:26.231,69284.0,0.01585,A,1098.1514,929350874060538
1774151126420,2026-03-22 03:45:26.420,69284.0,0.01323,A,916.62732,255347042162674
1774151126420,2026-03-22 03:45:26.420,69284.0,0.0118,A,817.5512,724025675436804
1774151126420,2026-03-22 03:45:26.420,69284.0,0.00285,A,197.45940000000002,898197697455298
1774151126420,2026-03-22 03:45:26.420,69284.0,0.006,A,415.704,255860071831561
1774151126420,2026-03-22 03:45:26.420,69284.0,0.01087,A,753.11708,901997352796903
1774151126420,2026-03-22 03:45:26.420,69284.0,0.14054,A,9737.17336,75814095151966
1774151126420,2026-03-22 03:45:26.420,69284.0,0.00653,A,452.42452000000003,6943938473820
1774151126420,2026-03-22 03:45:26.420,69284.0,0.01823,A,1263.04732,848254167364162
1774151126420,2026-03-22 03:45:26.420,69284.0,0.01818,A,1259.58312,587352752956635
1774151126420,2026-03-22 03:45:26.420,69284.0,0.00296,A,205.08064,893808914840431
1774151126420,2026-03-22 03:45:26.420,69284.0,0.00396,A,274.36464,764845866553639
1774151126420,2026-03-22 03:45:26.420,69284.0,0.00373,A,258.42931999999996,1032058643100436
1774151126420,2026-03-22 03:45:26.420,69284.0,0.03165,A,2192.8386,322937630739895
1774151126420,2026-03-22 03:45:26.420,69284.0,0.00292,A,202.30928,227723283120410
1774151126420,2026-03-22 03:45:26.420,69284.0,0.03836,A,2657.7342399999998,177216296082643
1774151126420,2026-03-22 03:45:26.420,69284.0,0.00673,A,466.28132,830054566620792
1774151126420,2026-03-22 03:45:26.420,69284.0,0.00257,A,178.05988,280627017072818
1774151126420,2026-03-22 03:45:26.420,69284.0,0.02987,A,2069.51308,1021093667461244
1774151126420,2026-03-22 03:45:26.420,69284.0,0.00382,A,264.66488,514035949806142
1774151126420,2026-03-22 03:45:26.420,69284.0,0.05805,A,4021.9361999999996,713613823582715
1774151126420,2026-03-22 03:45:26.420,69284.0,0.00305,A,211.3162,862044818908006
1774151126420,2026-03-22 03:45:26.420,69284.0,0.03054,A,2115.93336,250773559610045
1774151126420,2026-03-22 03:45:26.420,69284.0,0.01117,A,773.9022799999999,813934289223350
1774151126804,2026-03-22 03:45:26.804,69284.0,0.0056,A,387.9904,513818809671246
1774151126804,2026-03-22 03:45:26.804,69284.0,0.00578,A,400.46152,815562216569280
1774151126804,2026-03-22 03:45:26.804,69284.0,0.00522,A,361.66247999999996,742103284847
1774151126804,2026-03-22 03:45:26.804,69284.0,0.03692,A,2557.96528,1025129236332911
1774151126804,2026-03-22 03:45:26.804,69284.0,0.03105,A,2151.2682,725584012734374
1774151126804,2026-03-22 03:45:26.804,69284.0,0.00261,A,180.83123999999998,917640519050065
1774151126804,2026-03-22 03:45:26.804,69284.0,0.02265,A,1569.2826,489490108245516
1774151126804,2026-03-22 03:45:26.804,69284.0,0.02444,A,1693.30096,179982722028657
1774151126804,2026-03-22 03:45:26.804,69284.0,0.00998,A,691.4543199999999,1088475613516953
1774151126804,2026-03-22 03:45:26.804,69284.0,0.00337,A,233.48708000000002,1121822617616654
1774151126804,2026-03-22 03:45:26.804,69284.0,0.00429,A,297.22836,96881285583249
1774151126804,2026-03-22 03:45:26.804,69284.0,0.00772,A,534.87248,364020430114067
1774151126804,2026-03-22 03:45:26.804,69284.0,0.0061,A,422.6324,1111979079830575
1774151126804,2026-03-22 03:45:26.804,69284.0,0.005,A,346.42,565329212126267
1774151126804,2026-03-22 03:45:26.804,69284.0,0.01356,A,939.4910399999999,730761821283850
1774151126804,2026-03-22 03:45:26.804,69284.0,0.03356,A,2325.17104,765185933390526
1774151126804,2026-03-22 03:45:26.804,69284.0,0.00642,A,444.80328000000003,377906353960159
1774151126804,2026-03-22 03:45:26.804,69285.0,0.00017,B,11.778450000000001,372807094829931
1774151127066,2026-03-22 03:45:27.066,69285.0,0.00017,A,11.778450000000001,915060242901570
1774151127066,2026-03-22 03:45:27.066,69285.0,0.01661,A,1150.82385,76430742557132
1774151127171,2026-03-22 03:45:27.171,69286.0,0.09148,A,6338.283280000001,483891858944520
1774151127171,2026-03-22 03:45:27.171,69286.0,0.01658,A,1148.76188,962784564629822
1774151127171,2026-03-22 03:45:27.171,69287.0,0.00017,B,11.77879,446991279250576
1774151127171,2026-03-22 03:45:27.171,69288.0,0.00017,B,11.778960000000001,138171452487300
1774151127171,2026-03-22 03:45:27.171,69288.0,0.00015,B,10.393199999999998,567273419885110
1774151127356,2026-03-22 03:45:27.356,69288.0,0.00095,A,65.8236,901357817660870
1774151127356,2026-03-22 03:45:27.356,69288.0,0.07292,A,5052.48096,551367000584865
1774151127356,2026-03-22 03:45:27.356,69288.0,0.00384,A,266.06592,924649192389671
1774151127356,2026-03-22 03:45:27.356,69288.0,0.0019,A,131.6472,282200733292452
1774151127356,2026-03-22 03:45:27.356,69288.0,0.01207,A,836.3061600000001,1110616542569327
1774151127356,2026-03-22 03:45:27.356,69288.0,0.01154,A,799.58352,1033385786949415
1774151127356,2026-03-22 03:45:27.356,69288.0,0.00268,A,185.69184,368688203639170
1774151127356,2026-03-22 03:45:27.356,69288.0,0.00512,A,354.75456,206906551371214
1774151127356,2026-03-22 03:45:27.356,69288.0,0.00252,A,174.60576,273947286925742
1774151127534,2026-03-22 03:45:27.534,69288.0,0.00475,A,329.118,349062561670965
1774151127534,2026-03-22 03:45:27.534,69288.0,0.01577,A,1092.67176,2156035856976
1774151127534,2026-03-22 03:45:27.534,69288.0,0.0194,A,1344.1872,789457484647455
1774151127534,2026-03-22 03:45:27.534,69289.0,0.00017,B,11.77913,772551042326795
1774151127534,2026-03-22 03:45:27.534,69290.0,0.003,B,207.87,411110916974220
1774151127534,2026-03-22 03:45:27.534,69290.0,0.00017,B,11.779300000000001,1106264267384884
1774151127534,2026-03-22 03:45:27.534,69290.0,0.00016,B,11.086400000000001,124971744017892
1774151127534,2026-03-22 03:45:27.534,69291.0,0.00017,B,11.779470000000002,46673310085789
1774151127534,2026-03-22 03:45:27.534,69291.0,0.00052,A,36.031319999999994,584092669193902
1774151127534,2026-03-22 03:45:27.534,69291.0,0.0152,A,1053.2232,922871549308635
1774151127534,2026-03-22 03:45:27.534,69291.0,0.00469,A,324.97479,664233536550014
1774151127534,2026-03-22 03:45:27.534,69291.0,0.00402,A,278.54982,967996206478846
1774151127534,2026-03-22 03:45:27.534,69291.0,0.00629,A,435.84038999999996,622160443253437
1774151127534,2026-03-22 03:45:27.534,69291.0,0.00564,A,390.80124,313959998884740
1774151127675,2026-03-22 03:45:27.675,69291.0,0.01791,A,1241.00181,99926218533253
1774151127675,2026-03-22 03:45:27.675,69291.0,0.02011,A,1393.44201,792291846358726
1774151127675,2026-03-22 03:45:27.675,69291.0,0.0043,A,297.9513,346855180929512
1774151127732,2026-03-22 03:45:27.732,69291.0,0.02426,A,1680.99966,161020891154137
1774151127732,2026-03-22 03:45:27.732,69291.0,0.00381,A,263.99871,1040940353747726
1774151127732,2026-03-22 03:45:27.732,69291.0,0.02249,A,1558.35459,201078797653402
1774151127732,2026-03-22 03:45:27.732,69291.0,0.00236,A,163.52676,941108282640408
1774151127732,2026-03-22 03:45:27.732,69291.0,0.00638,A,442.07658000000004,926457705775907
1774151127732,2026-03-22 03:45:27.732,69291.0,0.00737,A,510.67467,802333523473215
1774151127732,2026-03-22 03:45:27.732,69291.0,0.01895,A,1313.06445,1022024798230996
1774151127732,2026-03-22 03:45:27.732,69291.0,0.02381,A,1649.81871,1072678481681295
1774151127732,2026-03-22 03:45:27.732,69291.0,0.02039,A,1412.84349,681393051101971
1774151127786,2026-03-22 03:45:27.786,69291.0,0.01016,A,703.99656,948373401953480
1774151127786,2026-03-22 03:45:27.786,69291.0,0.06416,A,4445.7105599999995,881547038772104
1774151127786,2026-03-22 03:45:27.786,69291.0,0.00484,A,335.36843999999996,228931401518735
1774151127993,2026-03-22 03:45:27.993,69291.0,0.05718,A,3962.05938,30275338009671
1774151127993,2026-03-22 03:45:27.993,69291.0,0.00441,A,305.57331,611302475034016
1774151127993,2026-03-22 03:45:27.993,69291.0,0.00365,A,252.91215,837942644112797
1774151127993,2026-03-22 03:45:27.993,69291.0,0.01105,A,765.66555,366723764144243
1774151127993,2026-03-22 03:45:27.993,69291.0,0.00356,A,246.67595999999998,594905528821156
1774151128076,2026-03-22 03:45:28.076,69291.0,0.0045,A,311.80949999999996,14569947231350
1774151128076,2026-03-22 03:45:28.076,69291.0,0.05085,A,3523.44735,993109704906208
1774151128076,2026-03-22 03:45:28.076,69291.0,0.05525,A,3828.32775,658405822181429
1774151128076,2026-03-22 03:45:28.076,69291.0,0.02141,A,1483.5203099999999,117793975186823
1774151128076,2026-03-22 03:45:28.076,69291.0,0.00955,A,661.7290499999999,152467142873016
1774151128076,2026-03-22 03:45:28.076,69291.0,0.00737,A,510.67467,950030306931235
1774151128076,2026-03-22 03:45:28.076,69291.0,0.05953,A,4124.89323,120665319107515
1774151128076,2026-03-22 03:45:28.076,69291.0,0.00217,A,150.36147,448852890946714
1774151128076,2026-03-22 03:45:28.076,69291.0,0.03029,A,2098.82439,367668030252601
1774151128076,2026-03-22 03:45:28.076,69291.0,0.00965,A,668.6581500000001,476731832271813
1774151128076,2026-03-22 03:45:28.076,69291.0,0.02684,A,1859.77044,404010624246540
1774151128076,2026-03-22 03:45:28.076,69291.0,0.00682,A,472.56462,314254962705171
1774151128076,2026-03-22 03:45:28.076,69291.0,0.00785,A,543.93435,140528285640470
1774151128076,2026-03-22 03:45:28.076,69291.0,0.00361,A,250.14051,528862346925771
1774151128076,2026-03-22 03:45:28.076,69291.0,0.00592,A,410.20272,58609941480438
1774151128076,2026-03-22 03:45:28.076,69291.0,0.00703,A,487.11573,527338884666531
1774151128076,2026-03-22 03:45:28.076,69291.0,0.01207,A,836.3423700000001,621284299754844
1774151128076,2026-03-22 03:45:28.076,69291.0,0.00697,A,482.95826999999997,923435189468138
1774151128076,2026-03-22 03:45:28.076,69291.0,0.02416,A,1674.0705600000001,158723292800933
1774151128076,2026-03-22 03:45:28.076,69291.0,0.00177,A,122.64507,475400537825845
1774151128076,2026-03-22 03:45:28.076,69291.0,0.02743,A,1900.65213,143913847946443
1774151128076,2026-03-22 03:45:28.076,69291.0,0.00242,A,167.68421999999998,258862955188509
1774151128387,2026-03-22 03:45:28.387,69291.0,0.00923,A,639.55593,815093442710051
1774151128387,2026-03-22 03:45:28.387,69291.0,0.00632,A,437.91912,926457196958992
1774151128387,2026-03-22 03:45:28.387,69291.0,0.08168,A,5659.688880000001,448197558075174
1774151128387,2026-03-22 03:45:28.387,69291.0,0.00736,A,509.98176,175215647732300
1774151128387,2026-03-22 03:45:28.387,69291.0,0.0082,A,568.1862000000001,722046523978098
1774151128387,2026-03-22 03:45:28.387,69291.0,0.01498,A,1037.97918,638491182773679
1774151128387,2026-03-22 03:45:28.387,69291.0,0.00623,A,431.68293,1124545002114624
1774151128387,2026-03-22 03:45:28.387,69291.0,0.00668,A,462.86388,825848738825816
1774151128387,2026-03-22 03:45:28.387,69291.0,0.00352,A,243.90432,1019830407263140
1774151128387,2026-03-22 03:45:28.387,69291.0,0.02389,A,1655.36199,514609340365802
1774151128387,2026-03-22 03:45:28.387,69291.0,0.01105,A,765.66555,175491729207117
1774151128387,2026-03-22 03:45:28.387,69291.0,0.00504,A,349.22664000000003,736303741053786
1774151128387,2026-03-22 03:45:28.387,69291.0,0.00892,A,618.07572,336964773724444
1774151128387,2026-03-22 03:45:28.387,69291.0,0.01251,A,866.83041,975177555336189
1774151128387,2026-03-22 03:45:28.387,69291.0,0.04263,A,2953.8753300000003,1088074533834779
1774151128387,2026-03-22 03:45:28.387,69291.0,0.01107,A,767.05137,1062650214614966
1774151128387,2026-03-22 03:45:28.387,69291.0,0.00057,A,39.49587,597855762167791
1774151128387,2026-03-22 03:45:28.387,69291.0,0.00286,A,198.17226000000002,200179204758839
1774151128387,2026-03-22 03:45:28.387,69291.0,0.03996,A,2768.8683600000004,1068994902869384
1774151128387,2026-03-22 03:45:28.387,69291.0,0.01616,A,1119.7425600000001,188545297059648
1774151128590,2026-03-22 03:45:28.590,69291.0,0.00595,A,412.28145,454555322764114
1774151128590,2026-03-22 03:45:28.590,69291.0,0.01443,A,999.86913,458165182752214
1774151128590,2026-03-22 03:45:28.590,69291.0,0.00098,A,67.90518,766263670317490
1774151128590,2026-03-22 03:45:28.590,69291.0,0.04082,A,2828.4586200000003,278302080379834
1774151128590,2026-03-22 03:45:28.590,69291.0,0.00344,A,238.36104,94116199109954
1774151128590,2026-03-22 03:45:28.590,69291.0,0.02779,A,1925.5968899999998,76079298073260
1774151128590,2026-03-22 03:45:28.590,69291.0,0.02416,A,1674.0705600000001,513561081287431
1774151128590,2026-03-22 03:45:28.590,69291.0,0.00506,A,350.61246,304439853384921
1774151128590,2026-03-22 03:45:28.590,69291.0,0.00394,A,273.00654,916617924522634
1774151128590,2026-03-22 03:45:28.590,69291.0,0.00304,A,210.64464,505089886845732
1774151128590,2026-03-22 03:45:28.590,69291.0,0.00363,A,251.52633,753181977512769
1774151128590,2026-03-22 03:45:28.590,69291.0,0.00763,A,528.69033,904024538218127
1774151128590,2026-03-22 03:45:28.590,69291.0,0.00352,A,243.90432,777808931563314
1774151128590,2026-03-22 03:45:28.590,69291.0,0.00659,A,456.62769000000003,349474353496704
1774151128590,2026-03-22 03:45:28.590,69291.0,0.00238,A,164.91258000000002,653502931003896
1774151128590,2026-03-22 03:45:28.590,69291.0,0.0094,A,651.3354,423332105250389
1774151128590,2026-03-22 03:45:28.590,69291.0,0.00332,A,230.04612,328431507345990
1774151128590,2026-03-22 03:45:28.590,69291.0,0.01303,A,902.86173,1046070398563751
1774151128590,2026-03-22 03:45:28.590,69291.0,0.00562,A,389.41542,267382160488555
1774151128590,2026-03-22 03:45:28.590,69291.0,0.01125,A,779.52375,1003647810919249
1774151128590,2026-03-22 03:45:28.590,69291.0,0.00399,A,276.47108999999995,220711172698181
1774151128590,2026-03-22 03:45:28.590,69291.0,0.00294,A,203.71554,665794364594974
1774151128590,2026-03-22 03:45:28.590,69291.0,0.00615,A,426.13965,769665979163879
1774151128590,2026-03-22 03:45:28.590,69291.0,0.00402,A,278.54982,12788176342959
1774151128590,2026-03-22 03:45:28.590,69291.0,0.03132,A,2170.19412,1084853790289179
1774151128590,2026-03-22 03:45:28.590,69291.0,0.01634,A,1132.21494,357668745098815
1774151128590,2026-03-22 03:45:28.590,69291.0,0.00942,A,652.72122,515717493915474
1774151128590,2026-03-22 03:45:28.590,69291.0,0.0086,A,595.9026,295180041124703
1774151128590,2026-03-22 03:45:28.590,69291.0,0.0021,A,145.5111,755576967084517
1774151128590,2026-03-22 03:45:28.590,69291.0,0.01997,A,1383.7412700000002,243903923088792
1774151128590,2026-03-22 03:45:28.590,69291.0,0.07669,A,5313.9267899999995,1013760640774664
1774151128590,2026-03-22 03:45:28.590,69291.0,0.05922,A,4103.41302,321615664530654
1774151128590,2026-03-22 03:45:28.590,69291.0,0.02127,A,1473.81957,468490402312457
1774151128590,2026-03-22 03:45:28.590,69291.0,0.00313,A,216.88083,708953242163812
1774151128590,2026-03-22 03:45:28.590,69291.0,0.01284,A,889.69644,740910408900654
1774151128590,2026-03-22 03:45:28.590,69291.0,0.02936,A,2034.38376,479938814593741
1774151128590,2026-03-22 03:45:28.590,69291.0,0.00364,A,252.21924,43673311164373
1774151128590,2026-03-22 03:45:28.590,69291.0,0.00229,A,158.67639,1042152233131398
1774151128590,2026-03-22 03:45:28.590,69291.0,0.00835,A,578.57985,287854125264481
1774151128590,2026-03-22 03:45:28.590,69291.0,0.0032,A,221.7312,726035472552007
1774151128590,2026-03-22 03:45:28.590,69291.0,0.08387,A,5811.43617,1080103019907918
1774151128590,2026-03-22 03:45:28.590,69291.0,0.03516,A,2436.2715599999997,528268715000075
1774151128590,2026-03-22 03:45:28.590,69291.0,0.00592,A,410.20272,59370353386966
1774151128590,2026-03-22 03:45:28.590,69291.0,0.01206,A,835.64946,244003518721844
1774151128590,2026-03-22 03:45:28.590,69291.0,0.00525,A,363.77775,470710206562484
1774151128590,2026-03-22 03:45:28.590,69291.0,0.00338,A,234.20358000000002,659984197838650
1774151128590,2026-03-22 03:45:28.590,69291.0,0.00287,A,198.86517,326025596852815
1774151128590,2026-03-22 03:45:28.590,69291.0,0.05085,A,3523.44735,502771127773722
1774151128590,2026-03-22 03:45:28.590,69291.0,0.0055,A,381.10049999999995,777549590612326
1774151128590,2026-03-22 03:45:28.590,69291.0,0.0179,A,1240.3089,470538116778750
1774151128590,2026-03-22 03:45:28.590,69291.0,0.00651,A,451.08441,157066570007973
1774151128590,2026-03-22 03:45:28.590,69291.0,0.00456,A,315.96696,8608588196668
1774151128590,2026-03-22 03:45:28.590,69291.0,0.10383,A,7194.484530000001,902804284957395
1774151128590,2026-03-22 03:45:28.590,69291.0,0.00334,A,231.43194,610938552628036
1774151128590,2026-03-22 03:45:28.590,69291.0,0.00322,A,223.11702000000002,1051918983818867
1774151128590,2026-03-22 03:45:28.590,69291.0,0.0229,A,1586.7639,134672799265994
1774151128590,2026-03-22 03:45:28.590,69291.0,0.00565,A,391.49415,957656850173988
1774151128590,2026-03-22 03:45:28.590,69291.0,0.00495,A,342.99045,46595242097622
1774151128590,2026-03-22 03:45:28.590,69291.0,0.00438,A,303.49458000000004,882582862493614
1774151128590,2026-03-22 03:45:28.590,69291.0,0.01103,A,764.27973,43277366409453
1774151128590,2026-03-22 03:45:28.590,69291.0,0.00662,A,458.70642,699447820406825
1774151128590,2026-03-22 03:45:28.590,69291.0,0.00671,A,464.94261,985150178247358
1774151128590,2026-03-22 03:45:28.590,69291.0,0.03005,A,2082.19455,313776115271955
1774151128590,2026-03-22 03:45:28.590,69291.0,0.01637,A,1134.29367,317564223893598
1774151128590,2026-03-22 03:45:28.590,69291.0,0.00359,A,248.75468999999998,983066420538891
1774151128590,2026-03-22 03:45:28.590,69291.0,0.02308,A,1599.23628,443838615561652
1774151128590,2026-03-22 03:45:28.590,69291.0,0.00787,A,545.32017,59130814706077
1774151128590,2026-03-22 03:45:28.590,69291.0,0.00527,A,365.16357000000005,924875053720688
1774151128590,2026-03-22 03:45:28.590,69291.0,0.00707,A,489.88737,542092317502013
1774151128590,2026-03-22 03:45:28.590,69291.0,0.004,A,277.164,442261387733273
1774151128590,2026-03-22 03:45:28.590,69291.0,0.01656,A,1147.45896,192944347405759
1774151128590,2026-03-22 03:45:28.590,69291.0,0.00962,A,666.57942,390157104757863
1774151128590,2026-03-22 03:45:28.590,69291.0,0.00331,A,229.35321,607518254187196
1774151128590,2026-03-22 03:45:28.590,69291.0,0.00671,A,464.94261,280409244642992
1774151128590,2026-03-22 03:45:28.590,69291.0,0.3127,A,21667.2957,1115994920304644
1774151128590,2026-03-22 03:45:28.590,69291.0,0.00317,A,219.65247,546299283728389
1774151128590,2026-03-22 03:45:28.590,69291.0,0.02544,A,1762.76304,1045444677634339
1774151128590,2026-03-22 03:45:28.590,69291.0,0.00781,A,541.1627100000001,730080625764058
1774151128590,2026-03-22 03:45:28.590,69291.0,0.00658,A,455.93478,368230986003907
1774151128590,2026-03-22 03:45:28.590,69291.0,0.01257,A,870.9878699999999,699825304577488
1774151128590,2026-03-22 03:45:28.590,69291.0,0.00258,A,178.77078,554984861681571
1774151128691,2026-03-22 03:45:28.691,69291.0,0.00575,A,398.42325,193283484965368
1774151128691,2026-03-22 03:45:28.691,69291.0,0.00365,A,252.91215,642668744948977
1774151128691,2026-03-22 03:45:28.691,69291.0,0.02559,A,1773.15669,222244167820832
1774151128691,2026-03-22 03:45:28.691,69291.0,0.00574,A,397.73034,278968000571347
1774151128691,2026-03-22 03:45:28.691,69291.0,0.00384,A,266.07744,894270372462148
1774151128691,2026-03-22 03:45:28.691,69291.0,0.0049,A,339.5259,144127670707382
1774151128691,2026-03-22 03:45:28.691,69291.0,0.00489,A,338.83299,910745313843131
1774151128691,2026-03-22 03:45:28.691,69291.0,0.01155,A,800.3110499999999,656313841360175
1774151128795,2026-03-22 03:45:28.795,69291.0,0.02508,A,1737.8182800000002,739584653204284
1774151128795,2026-03-22 03:45:28.795,69291.0,0.02857,A,1979.64387,340617838921646
1774151128795,2026-03-22 03:45:28.795,69291.0,0.01003,A,694.98873,509523511960698
1774151128795,2026-03-22 03:45:28.795,69291.0,0.01041,A,721.3193100000001,1073771487875927
1774151128795,2026-03-22 03:45:28.795,69291.0,0.01675,A,1160.62425,899103372137868
1774151128795,2026-03-22 03:45:28.795,69291.0,0.03766,A,2609.49906,1120762144635660
1774151128795,2026-03-22 03:45:28.795,69291.0,0.03024,A,2095.35984,383495888038677
1774151128795,2026-03-22 03:45:28.795,69291.0,0.01264,A,875.83824,609580564620436
1774151128795,2026-03-22 03:45:28.795,69291.0,0.00592,A,410.20272,295833221791904
1774151128795,2026-03-22 03:45:28.795,69291.0,0.00239,A,165.60549,374469093098856
1774151128795,2026-03-22 03:45:28.795,69291.0,0.00302,A,209.25882000000001,239715252767564
1774151128795,2026-03-22 03:45:28.795,69291.0,0.01049,A,726.86259,1123983067862973
1774151128795,2026-03-22 03:45:28.795,69291.0,0.00743,A,514.83213,845060269983478
1774151128795,2026-03-22 03:45:28.795,69291.0,0.01129,A,782.29539,837254314066429
1774151128795,2026-03-22 03:45:28.795,69291.0,0.00314,A,217.57374,1073269152664316
1774151128795,2026-03-22 03:45:28.795,69291.0,0.00884,A,612.5324400000001,742442373876911
1774151128795,2026-03-22 03:45:28.795,69291.0,0.01418,A,982.54638,391114111987427
1774151128795,2026-03-22 03:45:28.795,69291.0,0.00358,A,248.06178,805327543990015
1774151128887,2026-03-22 03:45:28.887,69292.0,0.02469,A,1710.81948,649763645602477
1774151128887,2026-03-22 03:45:28.887,69292.0,0.0172,A,1191.8224,38414668676043
1774151128887,2026-03-22 03:45:28.887,69292.0,0.05789,A,4011.3138799999997,539096151713069
1774151128887,2026-03-22 03:45:28.887,69292.0,0.01399,A,969.39508,320992039142990
1774151128887,2026-03-22 03:45:28.887,69292.0,0.01975,A,1368.517,433721698991289
1774151128887,2026-03-22 03:45:28.887,69292.0,0.00673,A,466.33516,728302623802507
1774151128887,2026-03-22 03:45:28.887,69292.0,0.00466,A,322.90072,412698777032233
1774151128887,2026-03-22 03:45:28.887,69292.0,0.02288,A,1585.4009600000002,361408033948615
1774151128887,2026-03-22 03:45:28.887,69292.0,0.03035,A,2103.0122,1048453271320398
1774151128887,2026-03-22 03:45:28.887,69292.0,0.00091,A,63.05572,189863120765030
1774151128887,2026-03-22 03:45:28.887,69292.0,0.00997,A,690.84124,964878407334416
1774151128887,2026-03-22 03:45:28.887,69292.0,0.01805,A,1250.7206,253797112966215
1774151128887,2026-03-22 03:45:28.887,69292.0,0.06014,A,4167.22088,1020946704259750
1774151128887,2026-03-22 03:45:28.887,69292.0,0.00372,A,257.76624000000004,772444190900823
1774151128887,2026-03-22 03:45:28.887,69292.0,0.00591,A,409.51572000000004,991200025245407
1774151128887,2026-03-22 03:45:28.887,69292.0,0.00688,A,476.72896,695565803370347
1774151128887,2026-03-22 03:45:28.887,69292.0,0.00359,A,248.75827999999998,25658356134041
1774151128887,2026-03-22 03:45:28.887,69292.0,0.0111,A,769.1412,204427547483949
1774151128887,2026-03-22 03:45:28.887,69292.0,0.03249,A,2251.29708,850290343201127
1774151128887,2026-03-22 03:45:28.887,69292.0,0.00634,A,439.31128,1015303723410447
1774151128887,2026-03-22 03:45:28.887,69292.0,0.01101,A,762.9049200000001,336659095985458
1774151128887,2026-03-22 03:45:28.887,69292.0,0.00497,A,344.38124,374770017597631
1774151128887,2026-03-22 03:45:28.887,69292.0,0.00891,A,617.39172,214243511846598
1774151128887,2026-03-22 03:45:28.887,69292.0,0.00338,A,234.20696,40396619589446
1774151128887,2026-03-22 03:45:28.887,69292.0,0.01731,A,1199.44452,331264997473899
1774151128887,2026-03-22 03:45:28.887,69292.0,0.02608,A,1807.13536,251316897775599
1774151128887,2026-03-22 03:45:28.887,69292.0,0.00761,A,527.3121199999999,286066377551507
1774151128887,2026-03-22 03:45:28.887,69292.0,0.00377,A,261.23084,378851554392401
1774151128887,2026-03-22 03:45:28.887,69292.0,0.00345,A,239.0574,580936296766760
1774151129119,2026-03-22 03:45:29.119,69293.0,0.00016,B,11.08688,162831235381285
1774151129576,2026-03-22 03:45:29.576,69293.0,1e-05,B,0.69293,316977220218939
1774151129576,2026-03-22 03:45:29.576,69294.0,0.00016,B,11.087040000000002,483196143741118
1774151129576,2026-03-22 03:45:29.576,69294.0,0.00017,B,11.77998,822695843715045
1774151129576,2026-03-22 03:45:29.576,69294.0,0.00015,B,10.3941,202684675632589
1774151130110,2026-03-22 03:45:30.110,69296.0,0.00017,B,11.780320000000001,223278159708692
1774151130110,2026-03-22 03:45:30.110,69296.0,0.003,B,207.888,1055622285676720
1774151130110,2026-03-22 03:45:30.110,69296.0,0.00015,B,10.3944,53425916861552
1774151130110,2026-03-22 03:45:30.110,69297.0,0.00017,B,11.78049,885605144374339
1774151131529,2026-03-22 03:45:31.529,69297.0,0.00068,A,47.12196,627529829143646
1774151131529,2026-03-22 03:45:31.529,69297.0,0.01321,A,915.41337,630038746081796
1774151131904,2026-03-22 03:45:31.904,69297.0,0.002,A,138.594,448882521493824
1774151133417,2026-03-22 03:45:33.417,69297.0,0.01,A,692.97,1087235234906172
1774151135024,2026-03-22 03:45:35.024,69297.0,0.00142,A,98.40174,950221712652592
1774151135425,2026-03-22 03:45:35.425,69297.0,0.00958,A,663.86526,700746274860359
1774151135801,2026-03-22 03:45:35.801,69297.0,0.00193,A,133.74321,14703247433865
1774151136442,2026-03-22 03:45:36.442,69298.0,0.00017,B,11.780660000000001,520575323961225
1774151136442,2026-03-22 03:45:36.442,69299.0,0.00017,B,11.780830000000002,635364257626395
1774151136442,2026-03-22 03:45:36.442,69299.0,0.00015,B,10.39485,652161005853535
1774151136442,2026-03-22 03:45:36.442,69300.0,0.00017,B,11.781,630976850174580
1774151136442,2026-03-22 03:45:36.442,69300.0,0.00015,B,10.395,939713524674320
1774151136442,2026-03-22 03:45:36.442,69301.0,0.00017,B,11.781170000000001,969217873196051
1774151136442,2026-03-22 03:45:36.442,69301.0,0.05665,B,3925.90165,276143797554496
1774151136442,2026-03-22 03:45:36.442,69302.0,0.00017,B,11.78134,586765422281592
1774151136442,2026-03-22 03:45:36.442,69302.0,0.003,B,207.906,318473532623148
1774151136442,2026-03-22 03:45:36.442,69302.0,0.15,B,10395.3,302906346499217
1774151136442,2026-03-22 03:45:36.442,69303.0,0.01154,B,799.75662,1033566529596413
1774151136442,2026-03-22 03:45:36.442,69303.0,0.00017,B,11.78151,808410370458335
1774151136442,2026-03-22 03:45:36.442,69303.0,0.00449,B,311.17047,224840790979166
1774151137658,2026-03-22 03:45:37.658,69303.0,0.00066,B,45.73998,200898799288623
1774151138067,2026-03-22 03:45:38.067,69303.0,0.00016,B,11.08848,445388087311294
1774151138661,2026-03-22 03:45:38.661,69303.0,1e-05,B,0.69303,978057670103877
1774151138661,2026-03-22 03:45:38.661,69303.0,0.00035,B,24.25605,602386756664899
1774151140902,2026-03-22 03:45:40.902,69301.0,0.00015,A,10.39515,1114952041168685
1774151140902,2026-03-22 03:45:40.902,69300.0,0.00015,A,10.395,1042377889564749
1774151140902,2026-03-22 03:45:40.902,69298.0,0.00288,A,199.57824000000002,603144456848307
1774151140902,2026-03-22 03:45:40.902,69298.0,0.02448,A,1696.4150399999999,1091458513734421
1774151141094,2026-03-22 03:45:41.094,69297.0,0.01992,A,1380.39624,103182716129926
1774151141094,2026-03-22 03:45:41.094,69297.0,0.01589,A,1101.12933,588229805855800
1774151141094,2026-03-22 03:45:41.094,69297.0,0.00675,A,467.75475,1075845899306419
1774151141094,2026-03-22 03:45:41.094,69297.0,0.00491,A,340.24827000000005,53332595426064
1774151141295,2026-03-22 03:45:41.295,69297.0,0.00527,A,365.19519,997206336126377
1774151141358,2026-03-22 03:45:41.358,69297.0,0.003,A,207.891,1050491198334909
1774151141358,2026-03-22 03:45:41.358,69297.0,0.00017,A,11.78049,132338092241809
1774151141358,2026-03-22 03:45:41.358,69297.0,0.04038,A,2798.21286,874720527519230
1774151141358,2026-03-22 03:45:41.358,69297.0,0.07211,A,4997.00667,685414498520958
1774151141358,2026-03-22 03:45:41.358,69297.0,0.09314,A,6454.32258,755256954148377
1774151141358,2026-03-22 03:45:41.358,69297.0,0.45424,A,31477.469279999998,31544972269016
1774151141358,2026-03-22 03:45:41.358,69297.0,0.01442,A,999.26274,868141620464523
1774151141358,2026-03-22 03:45:41.358,69296.0,0.00017,A,11.780320000000001,731547342141547
1774151141358,2026-03-22 03:45:41.358,69296.0,0.13182,A,9134.59872,368657287416010
1774151141358,2026-03-22 03:45:41.358,69296.0,0.00975,A,675.636,1046967389101260
1774151141358,2026-03-22 03:45:41.358,69296.0,0.00324,A,224.51904,249487140298745
1774151141358,2026-03-22 03:45:41.358,69296.0,0.00258,A,178.78367999999998,918086365853093
1774151141358,2026-03-22 03:45:41.358,69296.0,0.01222,A,846.79712,640904106251775
1774151141705,2026-03-22 03:45:41.705,69296.0,0.0075,A,519.72,57089835582703
1774151141705,2026-03-22 03:45:41.705,69296.0,0.01876,A,1299.9929599999998,206381227319253
1774151141926,2026-03-22 03:45:41.926,69296.0,0.00797,A,552.28912,857703648716792
1774151142288,2026-03-22 03:45:42.288,69296.0,0.00365,A,252.9304,1102139315375450
1774151142354,2026-03-22 03:45:42.354,69296.0,0.00325,A,225.212,912512069947417
1774151142354,2026-03-22 03:45:42.354,69296.0,0.00017,A,11.780320000000001,547971563513042
1774151142354,2026-03-22 03:45:42.354,69296.0,0.03671,A,2543.85616,153033115000136
1774151142354,2026-03-22 03:45:42.354,69296.0,0.03148,A,2181.43808,641504434840263
1774151142354,2026-03-22 03:45:42.354,69296.0,0.00394,A,273.02624,430773108520464
1774151142354,2026-03-22 03:45:42.354,69296.0,0.01482,A,1026.96672,95929388118852
1774151142354,2026-03-22 03:45:42.354,69296.0,0.01557,A,1078.93872,300548760321159
1774151142354,2026-03-22 03:45:42.354,69296.0,0.00382,A,264.71072,1012353967964304
1774151142354,2026-03-22 03:45:42.354,69296.0,0.00311,A,215.51056,611299118738324
1774151142354,2026-03-22 03:45:42.354,69296.0,0.03552,A,2461.39392,507598828007597
1774151142354,2026-03-22 03:45:42.354,69296.0,0.00393,A,272.33328,712515999169541
1774151142559,2026-03-22 03:45:42.559,69296.0,0.0043,A,297.9728,323427820662623
1774151142701,2026-03-22 03:45:42.701,69296.0,0.0094,A,651.3824000000001,1061233034035418
1774151142701,2026-03-22 03:45:42.701,69296.0,0.06052,A,4193.79392,464856280522122
1774151142755,2026-03-22 03:45:42.755,69296.0,0.0273,A,1891.7808,451502219229965
1774151142755,2026-03-22 03:45:42.755,69296.0,0.01437,A,995.7835200000001,487375880503622
1774151142755,2026-03-22 03:45:42.755,69296.0,0.00307,A,212.73872,673201300964042
1774151142755,2026-03-22 03:45:42.755,69296.0,0.04802,A,3327.59392,289945471282630
1774151142755,2026-03-22 03:45:42.755,69296.0,0.00444,A,307.67424,528972302339446
1774151142755,2026-03-22 03:45:42.755,69296.0,0.00405,A,280.6488,20266636616165
1774151142755,2026-03-22 03:45:42.755,69296.0,0.03542,A,2454.46432,343137841344933
1774151142755,2026-03-22 03:45:42.755,69296.0,0.00708,A,490.61568,480025615601186
1774151142755,2026-03-22 03:45:42.755,69296.0,0.1099,A,7615.6304,788589866567717
1774151142755,2026-03-22 03:45:42.755,69296.0,0.03897,A,2700.46512,140548796990803
1774151142755,2026-03-22 03:45:42.755,69296.0,0.01009,A,699.19664,314548584163880
1774151142755,2026-03-22 03:45:42.755,69296.0,0.03934,A,2726.10464,159101430054773
1774151142755,2026-03-22 03:45:42.755,69296.0,0.02886,A,1999.88256,387055120749726
1774151142755,2026-03-22 03:45:42.755,69296.0,0.04038,A,2798.1724799999997,323655907745829
1774151142755,2026-03-22 03:45:42.755,69296.0,0.00145,A,100.47919999999999,86866297215726
1774151142755,2026-03-22 03:45:42.755,69296.0,0.45424,A,31477.01504,936316001735297
1774151142755,2026-03-22 03:45:42.755,69296.0,0.0463,A,3208.4048000000003,561908117196205
1774151142755,2026-03-22 03:45:42.755,69296.0,0.47955,A,33230.896799999995,871720758331051
1774151142755,2026-03-22 03:45:42.755,69296.0,0.30953,A,21449.190880000002,880420174575970
1774151142755,2026-03-22 03:45:42.755,69296.0,0.26931,A,18662.10576,1063964953703847
1774151142755,2026-03-22 03:45:42.755,69296.0,0.07353,A,5095.334879999999,207109408367740
1774151142755,2026-03-22 03:45:42.755,69296.0,0.03472,A,2405.95712,39990518994710
1774151142755,2026-03-22 03:45:42.755,69296.0,1.34445,A,93165.0072,1012532795967327
1774151142755,2026-03-22 03:45:42.755,69296.0,0.05051,A,3500.14096,954170328108063
1774151142755,2026-03-22 03:45:42.755,69296.0,0.03671,A,2543.85616,969907840726074
1774151142755,2026-03-22 03:45:42.755,69296.0,0.07187,A,4980.30352,986679097014586
1774151142755,2026-03-22 03:45:42.755,69296.0,0.07157,A,4959.514719999999,352882918410393
1774151142755,2026-03-22 03:45:42.755,69296.0,0.03816,A,2644.33536,537958461555
1774151142755,2026-03-22 03:45:42.755,69296.0,0.07633,A,5289.3636799999995,753516974396459
1774151142755,2026-03-22 03:45:42.755,69296.0,0.03732,A,2586.1267199999998,335005710492778
1774151142755,2026-03-22 03:45:42.755,69296.0,0.07091,A,4913.77936,849378490740973
1774151142755,2026-03-22 03:45:42.755,69296.0,0.06424,A,4451.575040000001,409016961524458
1774151142755,2026-03-22 03:45:42.755,69296.0,0.07281,A,5045.44176,416085852149154
1774151142755,2026-03-22 03:45:42.755,69296.0,0.07403,A,5129.98288,127163783064808
1774151142755,2026-03-22 03:45:42.755,69296.0,0.07295,A,5055.1432,185223997854238
1774151142755,2026-03-22 03:45:42.755,69296.0,0.07662,A,5309.459519999999,1042014731912275
1774151142755,2026-03-22 03:45:42.755,69295.0,0.00017,A,11.78015,755827000405901
1774151142755,2026-03-22 03:45:42.755,69294.0,0.00144,A,99.78336,1053261979224906
1774151142755,2026-03-22 03:45:42.755,69294.0,0.01154,A,799.65276,7064242057880
1774151142755,2026-03-22 03:45:42.755,69294.0,0.00017,A,11.77998,200388094223232
1774151142755,2026-03-22 03:45:42.755,69294.0,0.02886,A,1999.82484,87301907226471
1774151142755,2026-03-22 03:45:42.755,69294.0,0.22226,A,15401.284440000001,888969779778752
1774151142755,2026-03-22 03:45:42.755,69293.0,0.00017,A,11.779810000000001,342918947878565
1774151142755,2026-03-22 03:45:42.755,69293.0,0.001,A,69.293,171110920614147
1774151142755,2026-03-22 03:45:42.755,69293.0,0.20192,A,13991.642559999998,527836657790720
1774151142755,2026-03-22 03:45:42.755,69293.0,0.04652,A,3223.5103599999998,976900281886833
1774151142755,2026-03-22 03:45:42.755,69292.0,0.003,A,207.876,775309648625637
1774151142755,2026-03-22 03:45:42.755,69292.0,0.00017,A,11.77964,1060553897134347
1774151142755,2026-03-22 03:45:42.755,69292.0,0.43753,A,30317.328759999997,47034364311010
1774151142967,2026-03-22 03:45:42.967,69292.0,0.00432,A,299.34144,1082122555581125
1774151142967,2026-03-22 03:45:42.967,69292.0,0.0082,A,568.1944000000001,363122355752286
1774151142967,2026-03-22 03:45:42.967,69292.0,0.01876,A,1299.9179199999999,1043656150271563
1774151142967,2026-03-22 03:45:42.967,69292.0,0.00339,A,234.89988,921339162489599
1774151142967,2026-03-22 03:45:42.967,69292.0,0.01981,A,1372.67452,670931100921128
1774151142967,2026-03-22 03:45:42.967,69292.0,0.00673,A,466.33516,916927415799756
1774151142967,2026-03-22 03:45:42.967,69292.0,0.00794,A,550.1784799999999,174087632602133
1774151142967,2026-03-22 03:45:42.967,69292.0,0.00728,A,504.44576,537513697023670
1774151142967,2026-03-22 03:45:42.967,69292.0,0.04124,A,2857.60208,854702069918184
1774151142967,2026-03-22 03:45:42.967,69292.0,0.00305,A,211.34060000000002,339807563796172
1774151142967,2026-03-22 03:45:42.967,69292.0,0.00781,A,541.17052,640347214107386
1774151143228,2026-03-22 03:45:43.228,69292.0,0.0038,A,263.3096,423400522079654
1774151143228,2026-03-22 03:45:43.228,69292.0,0.00318,A,220.34856000000002,116928810567614
1774151143228,2026-03-22 03:45:43.228,69292.0,0.00951,A,658.96692,583228495555992
1774151143228,2026-03-22 03:45:43.228,69292.0,0.00504,A,349.23168000000004,141703525537357
1774151143228,2026-03-22 03:45:43.228,69292.0,0.00366,A,253.60872,410285600596936
1774151143228,2026-03-22 03:45:43.228,69292.0,0.00574,A,397.73608,719601559100185
1774151143228,2026-03-22 03:45:43.228,69292.0,0.0032,A,221.73440000000002,886486937203498
1774151143228,2026-03-22 03:45:43.228,69292.0,0.01305,A,904.2606000000001,183622267964282
1774151143315,2026-03-22 03:45:43.315,69292.0,0.00461,A,319.43612,907600785566045
1774151143315,2026-03-22 03:45:43.315,69292.0,0.12641,A,8759.20172,483133692017833
1774151143315,2026-03-22 03:45:43.315,69292.0,0.81817,A,56692.63563999999,702936067706495
1774151143393,2026-03-22 03:45:43.393,69292.0,0.008,A,554.336,646557888383250
1774151143393,2026-03-22 03:45:43.393,69292.0,0.00642,A,444.85464,857062706444929
1774151143393,2026-03-22 03:45:43.393,69292.0,0.00145,A,100.4734,430135118370088
1774151143393,2026-03-22 03:45:43.393,69292.0,0.00473,A,327.75115999999997,196764813215530
1774151143393,2026-03-22 03:45:43.393,69292.0,0.00288,A,199.56096000000002,967656663296918
1774151143393,2026-03-22 03:45:43.393,69292.0,0.01115,A,772.6058,604420083673923
1774151143595,2026-03-22 03:45:43.595,69292.0,0.00363,A,251.52996,727654484107850
1774151143797,2026-03-22 03:45:43.797,69292.0,0.00479,A,331.90868,353540773312062
1774151143797,2026-03-22 03:45:43.797,69292.0,0.01877,A,1300.6108399999998,746450440425314
1774151143797,2026-03-22 03:45:43.797,69292.0,0.00476,A,329.82992,525252079703266
1774151143995,2026-03-22 03:45:43.995,69292.0,0.00428,A,296.56976,586158748430238
1774151143995,2026-03-22 03:45:43.995,69292.0,0.00616,A,426.83871999999997,961807118363244
1774151143995,2026-03-22 03:45:43.995,69292.0,0.00528,A,365.86176,1121243110905819
1774151144201,2026-03-22 03:45:44.201,69292.0,0.00732,A,507.21744,1105494978024531
1774151144201,2026-03-22 03:45:44.201,69292.0,0.00312,A,216.19104,699916019598738
1774151144201,2026-03-22 03:45:44.201,69292.0,0.00406,A,281.32552000000004,828411749817015
1774151144201,2026-03-22 03:45:44.201,69292.0,0.00606,A,419.90952000000004,1063303495883263
1774151144201,2026-03-22 03:45:44.201,69292.0,0.00284,A,196.78928000000002,859762760622902
1774151144201,2026-03-22 03:45:44.201,69292.0,0.03105,A,2151.5166,971038216390720
1774151144403,2026-03-22 03:45:44.403,69292.0,0.00482,A,333.98744,857541365411852
1774151144403,2026-03-22 03:45:44.403,69292.0,0.08956,A,6205.79152,914581368640840
1774151144403,2026-03-22 03:45:44.403,69292.0,0.15798,A,10946.750160000001,5121396383822
1774151144403,2026-03-22 03:45:44.403,69292.0,0.05051,A,3499.93892,395156302129318
1774151144403,2026-03-22 03:45:44.403,69292.0,0.35491,A,24592.42372,554715707437978
1774151144403,2026-03-22 03:45:44.403,69292.0,0.0046,A,318.7432,101425358669883
1774151144403,2026-03-22 03:45:44.403,69292.0,0.00515,A,356.8538,126713698308259
1774151144403,2026-03-22 03:45:44.403,69292.0,0.06525,A,4521.303,1054607718848240
1774151144403,2026-03-22 03:45:44.403,69292.0,0.01249,A,865.4570799999999,1063922906782906
1774151144403,2026-03-22 03:45:44.403,69292.0,0.00969,A,671.43948,39665759483484
1774151144606,2026-03-22 03:45:44.606,69292.0,0.08972,A,6216.87824,492779800685883
1774151144606,2026-03-22 03:45:44.606,69292.0,0.01877,A,1300.6108399999998,447794044032592
1774151144606,2026-03-22 03:45:44.606,69292.0,0.00356,A,246.67952,246191143642777
1774151144606,2026-03-22 03:45:44.606,69292.0,0.00428,A,296.56976,674775742959354
1774151144606,2026-03-22 03:45:44.606,69292.0,0.09149,A,6339.52508,710427243702830
1774151145594,2026-03-22 03:45:45.594,69293.0,0.10154,B,7036.01122,763971298867388
1774151145594,2026-03-22 03:45:45.594,69293.0,0.43114,B,29874.98402,658128313186568
1774151145594,2026-03-22 03:45:45.594,69293.0,0.44891,B,31106.32063,360427589882738
1774151145594,2026-03-22 03:45:45.594,69293.0,0.43394,B,30069.00442,1107731379769979
1774151145594,2026-03-22 03:45:45.594,69293.0,0.10195,B,7064.42135,438277730257464
1774151145594,2026-03-22 03:45:45.594,69293.0,0.22009,B,15250.69637,373399933896026
1774151145594,2026-03-22 03:45:45.594,69293.0,0.14987,B,10384.94191,71546805097160
1774151145594,2026-03-22 03:45:45.594,69293.0,0.23991,B,16624.08363,677520015006173
1774151145594,2026-03-22 03:45:45.594,69293.0,0.23194,B,16071.81842,1108873195000066
1774151145594,2026-03-22 03:45:45.594,69293.0,0.15639,B,10836.73227,832414240448400
1774151145594,2026-03-22 03:45:45.594,69293.0,0.17838,B,12360.485340000001,501778868426507
1774151145594,2026-03-22 03:45:45.594,69293.0,0.15613,B,10818.71609,786450767193055
1774151145594,2026-03-22 03:45:45.594,69293.0,0.17645,B,12226.74985,1024662277693574
1774151145594,2026-03-22 03:45:45.594,69293.0,0.10823,B,7499.58139,927755703208270
1774151145594,2026-03-22 03:45:45.594,69294.0,0.00015,B,10.3941,597371341451178
1774151145594,2026-03-22 03:45:45.594,69296.0,1.08251,B,75013.61296,606325631791811
1774151145594,2026-03-22 03:45:45.594,69297.0,0.01237,B,857.20389,834351972644478
1774151145594,2026-03-22 03:45:45.594,69297.0,0.08106,B,5617.214819999999,326859454673827
1774151145594,2026-03-22 03:45:45.594,69297.0,0.14122,B,9786.122340000002,1100837260972181
1774151145594,2026-03-22 03:45:45.594,69298.0,0.57718,B,39997.41964,913559285354424
1774151145594,2026-03-22 03:45:45.594,69298.0,1.08247,B,75013.00606,343985949539184
1774151145594,2026-03-22 03:45:45.594,69298.0,0.07361,B,5101.02578,1073392378372935
1774151145594,2026-03-22 03:45:45.594,69298.0,0.05665,B,3925.7317,723577282912432
1774151145594,2026-03-22 03:45:45.594,69298.0,0.00016,B,11.08768,75535540896170
1774151145594,2026-03-22 03:45:45.594,69299.0,0.00144,B,99.79056,1116006066443013
1774151145594,2026-03-22 03:45:45.594,69299.0,0.00017,B,11.780830000000002,380356165212689
1774151145594,2026-03-22 03:45:45.594,69300.0,0.00017,B,11.781,144854100990452
1774151145594,2026-03-22 03:45:45.594,69300.0,0.22435,B,15547.455,87772413705413
1774151146001,2026-03-22 03:45:46.001,69299.0,0.00028,A,19.40372,1041861071231549
1774151146622,2026-03-22 03:45:46.622,69299.0,0.00144,A,99.79056,603703245780119
1774151146622,2026-03-22 03:45:46.622,69299.0,0.00017,A,11.780830000000002,673195453194236
1774151146622,2026-03-22 03:45:46.622,69298.0,0.00017,A,11.780660000000001,438284660884740
1774151146622,2026-03-22 03:45:46.622,69297.0,0.00017,A,11.78049,1105917690590232
1774151146622,2026-03-22 03:45:46.622,69296.0,0.01248,A,864.81408,1022534634415395
1774151147034,2026-03-22 03:45:47.034,69296.0,0.00021,A,14.55216,876039813300426
1774151150472,2026-03-22 03:45:50.472,69296.0,0.00577,A,399.83792,1055946486344642
1774151150874,2026-03-22 03:45:50.874,69297.0,0.17296,B,11985.609120000001,500223331262172
1774151151070,2026-03-22 03:45:51.070,69296.0,0.00027,A,18.70992,924342289830078
1774151152080,2026-03-22 03:45:52.080,69296.0,0.00017,A,11.780320000000001,832923861889626
1774151154293,2026-03-22 03:45:54.293,69297.0,0.005,B,346.485,720055027489470
1774151156209,2026-03-22 03:45:56.209,69296.0,0.00017,A,11.780320000000001,53597814707235
1774151156209,2026-03-22 03:45:56.209,69295.0,0.00017,A,11.78015,1012600194629229
1774151156209,2026-03-22 03:45:56.209,69295.0,0.00016,A,11.087200000000001,484563193665878
1774151156209,2026-03-22 03:45:56.209,69295.0,0.00015,A,10.39425,596375801825807
1774151156209,2026-03-22 03:45:56.209,69294.0,0.00017,A,11.77998,603342869883495
1774151156209,2026-03-22 03:45:56.209,69293.0,0.00017,A,11.779810000000001,886253819791716
1774151156209,2026-03-22 03:45:56.209,69292.0,0.00017,A,11.77964,470088883501615
1774151156209,2026-03-22 03:45:56.209,69291.0,0.00016,A,11.08656,1083906306647580
1774151156209,2026-03-22 03:45:56.209,69291.0,0.00017,A,11.779470000000002,447352517098050
1774151157026,2026-03-22 03:45:57.026,69290.0,0.00017,A,11.779300000000001,336219581450158
1774151157026,2026-03-22 03:45:57.026,69290.0,0.01662,A,1151.5998,559649683148092
1774151157026,2026-03-22 03:45:57.026,69290.0,0.00022,A,15.2438,19259123941251
1774151158114,2026-03-22 03:45:58.114,69289.0,0.00019,A,13.16491,695599193055083
1774151158114,2026-03-22 03:45:58.114,69289.0,0.00125,A,86.61125,314898120350057
1774151159029,2026-03-22 03:45:59.029,69290.0,0.00016,B,11.086400000000001,234560979006496
1774151164092,2026-03-22 03:46:04.092,69289.0,0.00017,A,11.77913,417020458750469
1774151164092,2026-03-22 03:46:04.092,69288.0,0.00016,A,11.08608,943172565647675
1774151164092,2026-03-22 03:46:04.092,69288.0,0.00017,A,11.778960000000001,998012775130807
1774151164092,2026-03-22 03:46:04.092,69288.0,0.00092,A,63.74496,135442854829921
1774151164901,2026-03-22 03:46:04.901,69288.0,0.0057,A,394.9416,437012477542477
1774151164901,2026-03-22 03:46:04.901,69288.0,2e-05,A,1.38576,1009639606618707
1774151165719,2026-03-22 03:46:05.719,69288.0,0.00015,A,10.393199999999998,396332781156955
1774151167525,2026-03-22 03:46:07.525,69287.0,0.00017,A,11.77879,232299977304968
1774151168123,2026-03-22 03:46:08.123,69287.0,0.00016,B,11.085920000000002,241706846040230
1774151169373,2026-03-22 03:46:09.373,69286.0,7e-05,A,4.85002,787121847996926
1774151170173,2026-03-22 03:46:10.173,69286.0,0.0001,A,6.9286,405361880172679
1774151170173,2026-03-22 03:46:10.173,69285.0,0.00017,A,11.778450000000001,397635841840806
1774151170173,2026-03-22 03:46:10.173,69284.0,0.00017,A,11.77828,900412749453240
1774151170173,2026-03-22 03:46:10.173,69284.0,0.00016,A,11.08544,572429337364417
1774151170776,2026-03-22 03:46:10.776,69284.0,0.00015,B,10.3926,296743859028983
1774151171000,2026-03-22 03:46:11.000,69283.0,0.00017,A,11.778110000000002,937222246040569
1774151171000,2026-03-22 03:46:11.000,69282.0,0.00017,A,11.777940000000001,127138703168908
1774151171000,2026-03-22 03:46:11.000,69281.0,0.00017,A,11.77777,41112592553818
1774151173791,2026-03-22 03:46:13.791,69281.0,0.00033,B,22.86273,404691481844179
1774151176009,2026-03-22 03:46:16.009,69280.0,0.00028,A,19.3984,518547324609013
1774151176425,2026-03-22 03:46:16.425,69281.0,7e-05,B,4.84967,1075840823792849
1774151176425,2026-03-22 03:46:16.425,69280.0,0.00016,A,11.084800000000001,743600254652354
1774151176736,2026-03-22 03:46:16.736,69280.0,1e-05,A,0.6928000000000001,897893933253631
1774151176736,2026-03-22 03:46:16.736,69279.0,0.00017,A,11.77743,258447269698742
1774151176736,2026-03-22 03:46:16.736,69278.0,0.00017,A,11.77726,31737889699033
1774151176736,2026-03-22 03:46:16.736,69277.0,0.00016,A,11.084320000000002,633933346864938
1774151176736,2026-03-22 03:46:16.736,69277.0,0.00017,A,11.777090000000001,140015835981132
1774151176736,2026-03-22 03:46:16.736,69276.0,0.00017,A,11.77692,631604774961995
1774151176736,2026-03-22 03:46:16.736,69276.0,0.00017,A,11.77692,866981459406085
1774151177028,2026-03-22 03:46:17.028,69275.0,0.00015,A,10.39125,485672486562558
1774151177028,2026-03-22 03:46:17.028,69275.0,2e-05,A,1.3855000000000002,916960934084576
1774151177138,2026-03-22 03:46:17.138,69275.0,0.00015,A,10.39125,864276646997110
1774151177138,2026-03-22 03:46:17.138,69275.0,0.005,A,346.375,163754348425217
1774151177138,2026-03-22 03:46:17.138,69275.0,0.00017,A,11.776750000000002,1080961567988735
1774151177138,2026-03-22 03:46:17.138,69275.0,0.00151,A,104.60525,558883996298739
1774151179500,2026-03-22 03:46:19.500,69275.0,0.00017,A,11.776750000000002,660444584503584
1774151179500,2026-03-22 03:46:19.500,69274.0,0.00017,A,11.776580000000001,57968074266907
1774151179500,2026-03-22 03:46:19.500,69273.0,0.00017,A,11.77641,882021470936760
1774151179500,2026-03-22 03:46:19.500,69273.0,0.00022,A,15.24006,495433568401957
1774151179500,2026-03-22 03:46:19.500,69273.0,0.003,A,207.81900000000002,1085010985088143
1774151179972,2026-03-22 03:46:19.972,69273.0,0.00016,B,11.083680000000001,389965721517840
1774151180107,2026-03-22 03:46:20.107,69272.0,0.0003,A,20.781599999999997,196780573364725
1774151180107,2026-03-22 03:46:20.107,69272.0,0.00017,A,11.776240000000001,933567760991902
1774151180107,2026-03-22 03:46:20.107,69271.0,0.00017,A,11.77607,21486738138825
1774151180172,2026-03-22 03:46:20.172,69270.0,0.00017,A,11.7759,568338274093591
1774151180172,2026-03-22 03:46:20.172,69270.0,0.00015,A,10.3905,80577841300038
1774151180172,2026-03-22 03:46:20.172,69270.0,0.003,A,207.81,279701838161159
1774151180172,2026-03-22 03:46:20.172,69270.0,0.00066,A,45.7182,38746200082174
1774151181014,2026-03-22 03:46:21.014,69269.0,0.00017,A,11.775730000000001,434440473938627
1774151181014,2026-03-22 03:46:21.014,69268.0,0.00011,A,7.61948,899680273641658
1774151182013,2026-03-22 03:46:22.013,69268.0,0.00017,A,11.77556,978987566980200
1774151182603,2026-03-22 03:46:22.603,69268.0,0.00055,A,38.0974,432276709343081
1774151183644,2026-03-22 03:46:23.644,69268.0,0.78898,A,54651.066640000005,531758661394645
1774151183758,2026-03-22 03:46:23.758,69268.0,0.01019,A,705.84092,726822865792888
1774151183758,2026-03-22 03:46:23.758,69268.0,0.00017,A,11.77556,683180848171165
1774151183758,2026-03-22 03:46:23.758,69268.0,0.10725,A,7428.9929999999995,361758528957377
1774151183758,2026-03-22 03:46:23.758,69268.0,0.00741,A,513.27588,593843741865867
1774151183758,2026-03-22 03:46:23.758,69268.0,0.47458,A,32873.20744,136126381830556
1774151184646,2026-03-22 03:46:24.646,69267.0,0.00028,A,19.394759999999998,1065493842601334
1774151184646,2026-03-22 03:46:24.646,69266.0,0.00141,A,97.66506,340914460812922
1774151184646,2026-03-22 03:46:24.646,69266.0,0.00016,A,11.08256,129117404352395
1774151184646,2026-03-22 03:46:24.646,69266.0,0.00017,A,11.775220000000001,719487448246322
1774151184646,2026-03-22 03:46:24.646,69266.0,0.00015,A,10.389899999999999,673272010790317
1774151184646,2026-03-22 03:46:24.646,69265.0,0.00017,A,11.77505,1007995827693947
1774151184646,2026-03-22 03:46:24.646,69265.0,0.00155,A,107.36075,314559712123646
1774151186794,2026-03-22 03:46:26.794,69265.0,0.07001,A,4849.24265,374623209756103
1774151186794,2026-03-22 03:46:26.794,69265.0,0.00017,A,11.77505,212227105507006
1774151186794,2026-03-22 03:46:26.794,69264.0,0.00188,A,130.21632,653588572886218
1774151186794,2026-03-22 03:46:26.794,69264.0,0.00017,A,11.774880000000001,174632366281986
1774151186794,2026-03-22 03:46:26.794,69263.0,0.00017,A,11.77471,439685347452624
1774151186794,2026-03-22 03:46:26.794,69262.0,0.00016,A,11.08192,239077081949701
1774151186794,2026-03-22 03:46:26.794,69262.0,0.25,A,17315.5,1082913518535072
1774151186794,2026-03-22 03:46:26.794,69262.0,0.00027,A,18.70074,748892497458332
1774151186794,2026-03-22 03:46:26.794,69262.0,0.00017,A,11.77454,661934553807898
1774151186794,2026-03-22 03:46:26.794,69261.0,0.00493,A,341.45673000000005,486184919901755
1774151186794,2026-03-22 03:46:26.794,69261.0,0.00017,A,11.774370000000001,647956523482638
1774151186794,2026-03-22 03:46:26.794,69260.0,0.00017,A,11.7742,736757139602090
1774151186794,2026-03-22 03:46:26.794,69260.0,0.003,A,207.78,933947962737874
1774151186794,2026-03-22 03:46:26.794,69259.0,0.00433,A,299.89146999999997,744137781598921
1774151186794,2026-03-22 03:46:26.794,69259.0,0.00721,A,499.35739,22936985500265
1774151186794,2026-03-22 03:46:26.794,69259.0,0.00018,A,12.46662,160273332788444
1774151186794,2026-03-22 03:46:26.794,69259.0,0.00017,A,11.774030000000002,926419047398779
1774151186794,2026-03-22 03:46:26.794,69258.0,0.00016,A,11.081280000000001,1094138892335898
1774151186794,2026-03-22 03:46:26.794,69258.0,0.00017,A,11.77386,368335479491358
1774151186794,2026-03-22 03:46:26.794,69258.0,0.003,A,207.774,356395966805433
1774151186794,2026-03-22 03:46:26.794,69257.0,0.00017,A,11.77369,142064172511851
1774151186794,2026-03-22 03:46:26.794,69257.0,0.00182,A,126.04774,444271646375115
1774151186794,2026-03-22 03:46:26.794,69257.0,0.02887,A,1999.44959,243067778048425
1774151186794,2026-03-22 03:46:26.794,69256.0,0.00036,A,24.932160000000003,238408712158083
1774151186794,2026-03-22 03:46:26.794,69256.0,0.00017,A,11.773520000000001,814697611860126
1774151186794,2026-03-22 03:46:26.794,69255.0,0.00019,A,13.15845,920506690301914
1774151186794,2026-03-22 03:46:26.794,69255.0,0.001,A,69.255,956587882929623
1774151186794,2026-03-22 03:46:26.794,69255.0,0.00016,A,11.080800000000002,753108458649191
1774151186794,2026-03-22 03:46:26.794,69255.0,0.00017,A,11.77335,565524967221805
1774151186794,2026-03-22 03:46:26.794,69255.0,0.0883,A,6115.2165,146042917335797
1774151186794,2026-03-22 03:46:26.794,69255.0,0.19318,A,13378.6809,875434118646036
1774151186794,2026-03-22 03:46:26.794,69255.0,0.15703,A,10875.112650000001,657377005499006
1774151186794,2026-03-22 03:46:26.794,69254.0,0.00043,A,29.77922,1078092036661350
1774151186794,2026-03-22 03:46:26.794,69254.0,0.00029,A,20.083660000000002,409331407993620
1774151186794,2026-03-22 03:46:26.794,69254.0,0.01155,A,799.8837,625394679344190
1774151186794,2026-03-22 03:46:26.794,69254.0,0.00017,A,11.77318,364375950798719
1774151186794,2026-03-22 03:46:26.794,69254.0,0.00662,A,458.46148,208898637195995
1774151186794,2026-03-22 03:46:26.794,69254.0,0.05098,A,3530.5689199999997,198218821003458
1774151186794,2026-03-22 03:46:26.794,69254.0,0.0463,A,3206.4602,36462930544881
1774151186794,2026-03-22 03:46:26.794,69253.0,0.00015,A,10.387949999999998,824818952671557
1774151186794,2026-03-22 03:46:26.794,69253.0,0.00017,A,11.773010000000001,162873977991101
1774151186794,2026-03-22 03:46:26.794,69253.0,0.08747,A,6057.559910000001,1092593297811732
1774151186794,2026-03-22 03:46:26.794,69252.0,0.07274,A,5037.39048,470558603645629
1774151186794,2026-03-22 03:46:26.794,69252.0,0.00017,A,11.77284,1012942469871022
1774151186794,2026-03-22 03:46:26.794,69252.0,0.02021,A,1399.5829199999998,907409264987679
1774151186794,2026-03-22 03:46:26.794,69252.0,0.01903,A,1317.86556,261245894023381
1774151186794,2026-03-22 03:46:26.794,69252.0,0.38413,A,26601.770760000003,921502442172428
1774151186794,2026-03-22 03:46:26.794,69251.0,0.00281,A,194.59531,31417445752392
1774151186794,2026-03-22 03:46:26.794,69251.0,0.00016,A,11.080160000000001,981606660533670
1774151186794,2026-03-22 03:46:26.794,69251.0,0.00282,A,195.28782,2265463314803
1774151186794,2026-03-22 03:46:26.794,69251.0,0.00017,A,11.772670000000002,1085560715258826
1774151186794,2026-03-22 03:46:26.794,69251.0,0.13574,A,9400.13074,480948893326079
1774151186794,2026-03-22 03:46:26.794,69251.0,0.21663,A,15001.84413,482348037208477
1774151186794,2026-03-22 03:46:26.794,69251.0,0.24519,A,16979.65269,430025219123624
1774151187000,2026-03-22 03:46:27.000,69250.0,0.01661,A,1150.2425,1019568056390399
1774151189014,2026-03-22 03:46:29.014,69251.0,0.00016,B,11.080160000000001,133246204484248
1774151189014,2026-03-22 03:46:29.014,69251.0,0.00137,B,94.87387,859199662792039
1774151189573,2026-03-22 03:46:29.573,69251.0,0.00017,B,11.772670000000002,681615439491401
1774151189573,2026-03-22 03:46:29.573,69252.0,0.00015,B,10.387799999999999,1067395760184597
1774151189573,2026-03-22 03:46:29.573,69252.0,0.00017,B,11.77284,58352955303607
1774151189573,2026-03-22 03:46:29.573,69253.0,0.00017,B,11.773010000000001,48753469572791
1774151189573,2026-03-22 03:46:29.573,69254.0,0.00017,B,11.77318,558225531883897
1774151189573,2026-03-22 03:46:29.573,69255.0,0.00017,B,11.77335,915638498670684
1774151189573,2026-03-22 03:46:29.573,69256.0,0.003,B,207.768,122286277305677
1774151189573,2026-03-22 03:46:29.573,69256.0,0.00017,B,11.773520000000001,339050216168769
1774151189573,2026-03-22 03:46:29.573,69257.0,0.00016,B,11.08112,305143161048375
1774151189573,2026-03-22 03:46:29.573,69257.0,0.00017,B,11.77369,1049675741642604
1774151189573,2026-03-22 03:46:29.573,69258.0,0.00017,B,11.77386,523853671942889
1774151189573,2026-03-22 03:46:29.573,69259.0,0.00015,B,10.38885,909549817326160
1774151189573,2026-03-22 03:46:29.573,69259.0,0.00017,B,11.774030000000002,993712073984906
1774151189573,2026-03-22 03:46:29.573,69260.0,0.00017,B,11.7742,235280540260499
1774151189573,2026-03-22 03:46:29.573,69261.0,0.003,B,207.78300000000002,249446261667896
1774151189573,2026-03-22 03:46:29.573,69261.0,0.00016,B,11.081760000000001,359322711591632
1774151189573,2026-03-22 03:46:29.573,69261.0,0.00017,B,11.774370000000001,516296466117593
1774151189573,2026-03-22 03:46:29.573,69262.0,0.00017,B,11.77454,125413062435149
1774151189573,2026-03-22 03:46:29.573,69262.0,0.001,B,69.262,102338310209499
1774151189709,2026-03-22 03:46:29.709,69263.0,0.00017,B,11.77471,329586600711930
1774151189709,2026-03-22 03:46:29.709,69264.0,0.00015,B,10.3896,528894529904344
1774151189709,2026-03-22 03:46:29.709,69264.0,0.00017,B,11.774880000000001,926755561066750
1774151189709,2026-03-22 03:46:29.709,69265.0,0.00034,B,23.5501,974506927472525
1774151189709,2026-03-22 03:46:29.709,69265.0,0.00016,B,11.082400000000002,626054046301555
1774151189709,2026-03-22 03:46:29.709,69265.0,0.00017,B,11.77505,842919861899237
1774151189709,2026-03-22 03:46:29.709,69266.0,0.00017,B,11.775220000000001,177435516443037
1774151189709,2026-03-22 03:46:29.709,69266.0,0.08531,B,5909.08246,174513578910829
1774151189709,2026-03-22 03:46:29.709,69266.0,0.231,B,16000.446,459703488002522
1774151189709,2026-03-22 03:46:29.709,69266.0,0.05351,B,3706.42366,1090521606869874
1774151189709,2026-03-22 03:46:29.709,69267.0,0.00017,B,11.775390000000002,1113927869799948
1774151189709,2026-03-22 03:46:29.709,69267.0,0.05665,B,3923.97555,901778382902110
1774151189709,2026-03-22 03:46:29.709,69268.0,0.04967,B,3440.54156,637351908268064
1774151189787,2026-03-22 03:46:29.787,69267.0,0.04251,A,2944.5401699999998,291528521613380
1774151190661,2026-03-22 03:46:30.661,69267.0,0.06987,A,4839.68529,434232620074396
1774151191365,2026-03-22 03:46:31.365,69268.0,0.00026,B,18.00968,218659542916331
1774151191449,2026-03-22 03:46:31.449,69268.0,0.00051,B,35.32668,10738213605552
1774151191601,2026-03-22 03:46:31.601,69267.0,0.22202,A,15378.65934,417278965624141
1774151191601,2026-03-22 03:46:31.601,69267.0,0.18801,A,13022.88867,125908620384327
1774151191601,2026-03-22 03:46:31.601,69267.0,0.16768,A,11614.69056,671221984535948
1774151191601,2026-03-22 03:46:31.601,69267.0,0.30458,A,21097.34286,497562705176676
1774151191601,2026-03-22 03:46:31.601,69267.0,0.35,A,24243.449999999997,869928307019865
1774151191601,2026-03-22 03:46:31.601,69267.0,0.35,A,24243.449999999997,741171250896784
1774151191601,2026-03-22 03:46:31.601,69267.0,0.60656,A,42014.59152,13772377624028
1774151191601,2026-03-22 03:46:31.601,69267.0,0.01443,A,999.52281,492648910197498
1774151191601,2026-03-22 03:46:31.601,69267.0,0.00141,A,97.66647,324301642856364
1774151191601,2026-03-22 03:46:31.601,69267.0,0.06898,A,4778.03766,441020612551811
1774151191601,2026-03-22 03:46:31.601,69267.0,0.07106,A,4922.11302,357764749388871
1774151191601,2026-03-22 03:46:31.601,69267.0,0.07107,A,4922.805689999999,269617475052344
1774151191601,2026-03-22 03:46:31.601,69267.0,0.06803,A,4712.234009999999,46259638457419
1774151191601,2026-03-22 03:46:31.601,69267.0,0.07003,A,4850.76801,607734450684925
1774151191601,2026-03-22 03:46:31.601,69267.0,0.06648,A,4604.8701599999995,7842052711687
1774151191601,2026-03-22 03:46:31.601,69267.0,0.07156,A,4956.74652,273866721257159
1774151191601,2026-03-22 03:46:31.601,69267.0,0.07366,A,5102.20722,1034420104173429
1774151191601,2026-03-22 03:46:31.601,69267.0,0.07423,A,5141.68941,570371903534940
1774151191601,2026-03-22 03:46:31.601,69267.0,0.0968,A,6705.0455999999995,1023348207161254
1774151191601,2026-03-22 03:46:31.601,69267.0,0.06439,A,4460.10213,757381468919144
1774151191601,2026-03-22 03:46:31.601,69267.0,0.10827,A,7499.53809,561090749552747
1774151191601,2026-03-22 03:46:31.601,69267.0,1.44366,A,99997.99721999999,610988084890575
1774151191601,2026-03-22 03:46:31.601,69267.0,0.0969,A,6711.9723,1122051489554359
1774151191601,2026-03-22 03:46:31.601,69267.0,0.11554,A,8003.10918,1125270860394137
1774151191601,2026-03-22 03:46:31.601,69267.0,0.43114,A,29863.774380000003,447572055483530
1774151191601,2026-03-22 03:46:31.601,69267.0,0.0533,A,3691.9311,783368686628101
1774151191601,2026-03-22 03:46:31.601,69266.0,0.00015,A,10.389899999999999,294853536118453
1774151191601,2026-03-22 03:46:31.601,69266.0,0.02887,A,1999.70942,365928664468477
1774151191601,2026-03-22 03:46:31.601,69265.0,0.72197,A,50007.25205,1125019156748186
1774151191601,2026-03-22 03:46:31.601,69264.0,0.2525,A,17489.16,837401459143164
1774151191601,2026-03-22 03:46:31.601,69264.0,0.00015,A,10.3896,335090146329852
1774151191601,2026-03-22 03:46:31.601,69264.0,0.1846,A,12786.134399999999,361876818696709
1774151191601,2026-03-22 03:46:31.601,69264.0,0.04591,A,3179.91024,1036158056794255
1774151191601,2026-03-22 03:46:31.601,69262.0,0.003,A,207.786,364435293201200
1774151191601,2026-03-22 03:46:31.601,69262.0,0.09806,A,6791.831719999999,673294810023785
1774151191601,2026-03-22 03:46:31.601,69262.0,0.06843,A,4739.598660000001,523317448988738
1774151191601,2026-03-22 03:46:31.601,69262.0,1.444,A,100014.328,98295074615018
1774151191601,2026-03-22 03:46:31.601,69262.0,1.29962,A,90014.28044,138427549454110
1774151191601,2026-03-22 03:46:31.601,69261.0,0.001,A,69.261,155989943750712
1774151191601,2026-03-22 03:46:31.601,69261.0,0.02887,A,1999.5650699999999,457159998799901
1774151191601,2026-03-22 03:46:31.601,69261.0,0.0875,A,6060.3375,361581652211590
1774151191601,2026-03-22 03:46:31.601,69261.0,0.32512,A,22518.13632,957234163737104
1774151191601,2026-03-22 03:46:31.601,69260.0,0.00144,A,99.73440000000001,953604426596182
1774151191601,2026-03-22 03:46:31.601,69260.0,0.05665,A,3923.5789999999997,524555889245892
1774151191601,2026-03-22 03:46:31.601,69260.0,0.01735,A,1201.661,551600799519562
1774151191601,2026-03-22 03:46:31.601,69260.0,0.50542,A,35005.3892,807564543723737
1774151191601,2026-03-22 03:46:31.601,69259.0,0.57761,A,40004.690989999996,957857655924978
1774151191601,2026-03-22 03:46:31.601,69259.0,0.01155,A,799.9414499999999,470461778493863
1774151191601,2026-03-22 03:46:31.601,69259.0,0.08728,A,6044.92552,499439428929676
1774151191601,2026-03-22 03:46:31.601,69259.0,0.34162,A,23660.259579999998,488020752674010
1774151192232,2026-03-22 03:46:32.232,69263.0,0.00015,B,10.389449999999998,4587547759256
1774151192232,2026-03-22 03:46:32.232,69268.0,0.00017,B,11.77556,218315519174453
1774151192232,2026-03-22 03:46:32.232,69268.0,0.00016,B,11.082880000000001,513203861060110
1774151192232,2026-03-22 03:46:32.232,69269.0,0.00017,B,11.775730000000001,1035249120653788
1774151192232,2026-03-22 03:46:32.232,69269.0,0.00015,B,10.39035,51478935178751
1774151192232,2026-03-22 03:46:32.232,69270.0,0.00017,B,11.7759,262304972463095
1774151192232,2026-03-22 03:46:32.232,69270.0,3e-05,B,2.0781,502714468783643
1774151192232,2026-03-22 03:46:32.232,69270.0,0.00067,B,46.4109,917550492676058
1774151192434,2026-03-22 03:46:32.434,69269.0,0.00015,A,10.39035,246481712747343
1774151192932,2026-03-22 03:46:32.932,69270.0,0.00037,B,25.6299,152411041041228
1774151193334,2026-03-22 03:46:33.334,69269.0,0.26141,A,18107.609289999997,147784900025475
1774151193334,2026-03-22 03:46:33.334,69269.0,0.0303,A,2098.8507,994079323906417
1774151193334,2026-03-22 03:46:33.334,69269.0,0.05854,A,4055.0072600000003,1082050984375588
1774151193334,2026-03-22 03:46:33.334,69269.0,0.04668,A,3233.47692,842929428562699
1774151193334,2026-03-22 03:46:33.334,69269.0,0.02464,A,1706.7881599999998,480951953214946
1774151193334,2026-03-22 03:46:33.334,69269.0,0.05883,A,4075.09527,593014230025468
1774151193334,2026-03-22 03:46:33.334,69269.0,0.05445,A,3771.6970499999998,52947228012580
1774151193334,2026-03-22 03:46:33.334,69269.0,0.01443,A,999.5516700000001,387730689003174
1774151193334,2026-03-22 03:46:33.334,69269.0,0.01188,A,822.91572,666238283158668
1774151193334,2026-03-22 03:46:33.334,69269.0,0.02887,A,1999.79603,901639592880723
1774151193334,2026-03-22 03:46:33.334,69268.0,0.00015,A,10.390199999999998,193367314297248
1774151193334,2026-03-22 03:46:33.334,69264.0,0.01155,A,799.9992,801575871925252
1774151193334,2026-03-22 03:46:33.334,69264.0,0.32986,A,22847.423039999998,378264871493414
1774151193334,2026-03-22 03:46:33.334,69261.0,0.08479,A,5872.64019,296643682019840
1774151193334,2026-03-22 03:46:33.334,69260.0,0.02473,A,1712.7998,465930041994711
1774151193334,2026-03-22 03:46:33.334,69260.0,0.95889,A,66412.7214,492150845936363
1774151193643,2026-03-22 03:46:33.643,69261.0,0.00029,B,20.08569,776173509336889
1774151194036,2026-03-22 03:46:34.036,69263.0,0.00142,A,98.35346,43855124873447
1774151195238,2026-03-22 03:46:35.238,69270.0,0.00386,B,267.3822,1016074583170229
1774151195294,2026-03-22 03:46:35.294,69270.0,0.00337,B,233.43990000000002,646152680457512
1774151195294,2026-03-22 03:46:35.294,69270.0,0.00022,B,15.2394,264953135110726
1774151197293,2026-03-22 03:46:37.293,69269.0,0.06959,A,4820.42971,846548688127977
1774151198051,2026-03-22 03:46:38.051,69270.0,0.00016,B,11.083200000000001,333276603464127
1774151198384,2026-03-22 03:46:38.384,69269.0,0.16098,A,11150.923620000001,780459881748851
1774151198384,2026-03-22 03:46:38.384,69269.0,0.05335,A,3695.50115,670239749343156
1774151198384,2026-03-22 03:46:38.384,69269.0,0.09191,A,6366.51379,408662442916201
1774151198384,2026-03-22 03:46:38.384,69269.0,0.17067,A,11822.140229999999,653128754231728
1774151198384,2026-03-22 03:46:38.384,69269.0,0.16662,A,11541.600779999999,593799209131067
1774151198384,2026-03-22 03:46:38.384,69269.0,0.24555,A,17009.00295,310303011367630
1774151198384,2026-03-22 03:46:38.384,69269.0,0.15038,A,10416.67222,598860746783657
1774151198384,2026-03-22 03:46:38.384,69269.0,0.5,A,34634.5,217153316518985
1774151198384,2026-03-22 03:46:38.384,69269.0,0.1203,A,8333.0607,32166332156890
1774151198384,2026-03-22 03:46:38.384,69269.0,0.35,A,24244.149999999998,4408532145979
1774151198384,2026-03-22 03:46:38.384,69269.0,0.16374,A,11342.10606,1069369993385585
1774151198384,2026-03-22 03:46:38.384,69269.0,0.35,A,24244.149999999998,1017513722549337
1774151198384,2026-03-22 03:46:38.384,69269.0,0.35,A,24244.149999999998,904610660139295
1774151198384,2026-03-22 03:46:38.384,69269.0,0.08,A,5541.52,55273169239557
1774151198384,2026-03-22 03:46:38.384,69269.0,0.07128,A,4937.49432,934207097902466
1774151198384,2026-03-22 03:46:38.384,69269.0,0.06618,A,4584.22242,2960214489759
1774151198384,2026-03-22 03:46:38.384,69269.0,0.0709,A,4911.172100000001,618181088271329
1774151198384,2026-03-22 03:46:38.384,69269.0,0.35,A,24244.149999999998,273300444151512
1774151198384,2026-03-22 03:46:38.384,69269.0,0.04965,A,3439.20585,230566858968929
1774151198384,2026-03-22 03:46:38.384,69269.0,0.13763,A,9533.492470000001,500487657010128
1774151198384,2026-03-22 03:46:38.384,69269.0,0.02192,A,1518.37648,168866425533455
1774151198384,2026-03-22 03:46:38.384,69269.0,0.14742,A,10211.63598,674665319827192
1774151198384,2026-03-22 03:46:38.384,69269.0,0.14742,A,10211.63598,196048587416636
1774151198384,2026-03-22 03:46:38.384,69269.0,0.05235,A,3626.2321500000003,442340703003827
1774151198384,2026-03-22 03:46:38.384,69269.0,0.06414,A,4442.91366,529853216198705
1774151198384,2026-03-22 03:46:38.384,69269.0,0.08825,A,6112.98925,709855219952120
1774151198384,2026-03-22 03:46:38.384,69269.0,0.09103,A,6305.55707,19920425256242
1774151198384,2026-03-22 03:46:38.384,69269.0,0.00144,A,99.74736,335579206607720
1774151198384,2026-03-22 03:46:38.384,69269.0,1.82236,A,126233.05484,711951806871932
1774151198384,2026-03-22 03:46:38.384,69269.0,0.00288,A,199.49472,699654591998744
1774151198384,2026-03-22 03:46:38.384,69269.0,0.01442,A,998.8589800000001,368785386589406
1774151198384,2026-03-22 03:46:38.384,69269.0,0.10481,A,7260.08389,786552420714918
1774151198384,2026-03-22 03:46:38.384,69269.0,0.2525,A,17490.4225,793040272577926
1774151198384,2026-03-22 03:46:38.384,69269.0,0.25074,A,17368.50906,1060699652003015
1774151198384,2026-03-22 03:46:38.384,69269.0,0.14889,A,10313.46141,782129091135235
1774151198384,2026-03-22 03:46:38.384,69269.0,0.02887,A,1999.79603,1061518570900517
1774151198384,2026-03-22 03:46:38.384,69269.0,0.09346,A,6473.8807400000005,1054365218456090
1774151198384,2026-03-22 03:46:38.384,69269.0,0.44402,A,30756.82138,1096633873407165
1774151198384,2026-03-22 03:46:38.384,69269.0,0.05771,A,3997.51399,552853058815257
1774151198384,2026-03-22 03:46:38.384,69268.0,1.44364,A,99998.05552000001,257721982064914
1774151198384,2026-03-22 03:46:38.384,69268.0,0.00015,A,10.390199999999998,597650320053814
1774151198384,2026-03-22 03:46:38.384,69267.0,0.30301,A,20988.59367,783051511750211
1774151198384,2026-03-22 03:46:38.384,69267.0,0.02887,A,1999.73829,828661664779300
1774151198384,2026-03-22 03:46:38.384,69266.0,0.04648,A,3219.48368,587445269754365
1774151198384,2026-03-22 03:46:38.384,69266.0,0.08387,A,5809.33942,800768099035
1774151198384,2026-03-22 03:46:38.384,69265.0,0.07283,A,5044.56995,146758122039648
1774151198384,2026-03-22 03:46:38.384,69265.0,0.72197,A,50007.25205,406838976276768
1774151198384,2026-03-22 03:46:38.384,69264.0,0.02023,A,1401.21072,651886506980381
1774151198384,2026-03-22 03:46:38.384,69264.0,0.01735,A,1201.7304000000001,353942778491739
1774151198384,2026-03-22 03:46:38.384,69264.0,0.01155,A,799.9992,433380281825624
1774151198384,2026-03-22 03:46:38.384,69264.0,0.003,A,207.792,835421367485617
1774151198384,2026-03-22 03:46:38.384,69264.0,0.08436,A,5843.111040000001,92747249231906
1774151198384,2026-03-22 03:46:38.384,69264.0,0.66718,A,46211.55552,1092386664924751
1774151198384,2026-03-22 03:46:38.384,69263.0,0.2166,A,15002.3658,422216394618321
1774151198384,2026-03-22 03:46:38.384,69263.0,0.066,A,4571.358,975503724993674
1774151198384,2026-03-22 03:46:38.384,69263.0,0.03475,A,2406.88925,894717606092869
1774151198384,2026-03-22 03:46:38.384,69263.0,0.10612,A,7350.189560000001,113968869218162
1774151198384,2026-03-22 03:46:38.384,69263.0,0.1,A,6926.3,669450584930071
1774151198384,2026-03-22 03:46:38.384,69263.0,0.36582,A,25337.79066,282537445247253
1774151198384,2026-03-22 03:46:38.384,69263.0,0.04598,A,3184.71274,325950421048862
1774151198384,2026-03-22 03:46:38.384,69263.0,1.44399,A,100015.07937,15216163523219
1774151198384,2026-03-22 03:46:38.384,69263.0,0.04965,A,3438.90795,661076337777358
1774151198384,2026-03-22 03:46:38.384,69262.0,0.05291,A,3664.65242,963497948046158
1774151198384,2026-03-22 03:46:38.384,69262.0,1.08302,A,75012.13124,49507269049759
1774151198384,2026-03-22 03:46:38.384,69262.0,0.23099,A,15998.82938,745856306017303
1774151198384,2026-03-22 03:46:38.384,69262.0,0.00016,A,11.08192,576768474974177
1774151198384,2026-03-22 03:46:38.384,69261.0,0.36281,A,25128.583410000003,178185958088689
1774151198384,2026-03-22 03:46:38.384,69261.0,1.29963,A,90013.67343000001,641528404626093
1774151198384,2026-03-22 03:46:38.384,69261.0,0.74624,A,51685.32864,742115400577717
1774151198384,2026-03-22 03:46:38.384,69260.0,0.01735,A,1201.661,896089312730505
1774151198384,2026-03-22 03:46:38.384,69260.0,0.066,A,4571.16,23076728552364
1774151198384,2026-03-22 03:46:38.384,69260.0,0.04725,A,3272.535,381761532146618
1774151198384,2026-03-22 03:46:38.384,69260.0,0.55277,A,38284.8502,157641788367551
1774151198384,2026-03-22 03:46:38.384,69260.0,0.05665,A,3923.5789999999997,283610653234821
1774151198384,2026-03-22 03:46:38.384,69260.0,0.90254,A,62509.9204,1115072054619132
1774151198384,2026-03-22 03:46:38.384,69260.0,0.00015,A,10.389,716966605017987
1774151198384,2026-03-22 03:46:38.384,69260.0,0.1305,A,9038.43,58345734957511
1774151198384,2026-03-22 03:46:38.384,69260.0,0.50541,A,35004.6966,177433647966511
1774151198384,2026-03-22 03:46:38.384,69260.0,0.50542,A,35005.3892,850037801381425
1774151198384,2026-03-22 03:46:38.384,69259.0,0.01155,A,799.9414499999999,179492587334285
1774151198384,2026-03-22 03:46:38.384,69259.0,0.066,A,4571.094,163867189168924
1774151198384,2026-03-22 03:46:38.384,69259.0,0.00017,A,11.774030000000002,341352071210111
1774151198384,2026-03-22 03:46:38.384,69259.0,0.00029,A,20.08511,775600909107756
1774151198384,2026-03-22 03:46:38.384,69258.0,0.00017,A,11.77386,121814985873728
1774151198384,2026-03-22 03:46:38.384,69258.0,1.08309,A,75012.64722000001,483230248799384
1774151198384,2026-03-22 03:46:38.384,69258.0,0.07258,A,5026.74564,1112873102686936
1774151198384,2026-03-22 03:46:38.384,69258.0,0.1291,A,8941.2078,350983703281490
1774151198583,2026-03-22 03:46:38.583,69263.0,0.03827,A,2650.69501,304859231134725
1774151198583,2026-03-22 03:46:38.583,69267.0,0.00018,B,12.468060000000001,516834249288152
1774151199436,2026-03-22 03:46:39.436,69267.0,0.00037,B,25.62879,408275007912524
1774151199647,2026-03-22 03:46:39.647,69267.0,0.00017,B,11.775390000000002,617184704206089
1774151201672,2026-03-22 03:46:41.672,69266.0,0.00112,A,77.57791999999999,689120984635093
1774151203288,2026-03-22 03:46:43.288,69264.0,0.08,B,5541.12,911206961191821
1774151203288,2026-03-22 03:46:43.288,69264.0,0.03491,B,2418.0062399999997,2009316262257
1774151203637,2026-03-22 03:46:43.637,69263.0,0.00017,A,11.77471,709857738667226
1774151203637,2026-03-22 03:46:43.637,69262.0,0.00017,A,11.77454,16072421487652
1774151203637,2026-03-22 03:46:43.637,69262.0,0.00016,A,11.08192,995459098117559
1774151203637,2026-03-22 03:46:43.637,69261.0,0.00017,A,11.774370000000001,6509015279164
1774151203637,2026-03-22 03:46:43.637,69260.0,0.00017,A,11.7742,668424033072671
1774151203637,2026-03-22 03:46:43.637,69260.0,0.00719,A,497.9794,940331211498046
1774151206024,2026-03-22 03:46:46.024,69260.0,0.00028,A,19.392799999999998,894428132403334
1774151206180,2026-03-22 03:46:46.180,69261.0,0.00216,B,149.60376,364318240610713
1774151206180,2026-03-22 03:46:46.180,69260.0,0.0214,A,1482.164,980781113540928
1774151206180,2026-03-22 03:46:46.180,69260.0,0.00017,A,11.7742,1035013774422100
1774151206180,2026-03-22 03:46:46.180,69259.0,0.00017,A,11.774030000000002,217231521150175
1774151206180,2026-03-22 03:46:46.180,69258.0,0.00017,A,11.77386,311610102535049
1774151206180,2026-03-22 03:46:46.180,69258.0,0.00016,A,11.081280000000001,1030280612567611
1774151206180,2026-03-22 03:46:46.180,69257.0,0.00135,A,93.49695,848503627814269
1774151207018,2026-03-22 03:46:47.018,69257.0,0.00017,A,11.77369,488900286818186
1774151207018,2026-03-22 03:46:47.018,69257.0,0.00148,A,102.50036,522966469663409
1774151207018,2026-03-22 03:46:47.018,69257.0,0.00017,A,11.77369,36453627082770
1774151207018,2026-03-22 03:46:47.018,69257.0,0.00019,A,13.15883,11406934707112
1774151207734,2026-03-22 03:46:47.734,69257.0,0.04714,A,3264.77498,100592845310119
1774151207734,2026-03-22 03:46:47.734,69257.0,0.15489,A,10727.21673,72169714382592
1774151207734,2026-03-22 03:46:47.734,69257.0,0.06609,A,4577.19513,877192711040549
1774151207734,2026-03-22 03:46:47.734,69257.0,0.04733,A,3277.93381,358819011589209
1774151207734,2026-03-22 03:46:47.734,69257.0,0.05635,A,3902.63195,429982053167628
1774151207734,2026-03-22 03:46:47.734,69257.0,0.05395,A,3736.41515,466314170343406
1774151207734,2026-03-22 03:46:47.734,69257.0,0.06642,A,4600.049940000001,756689234937520
1774151207734,2026-03-22 03:46:47.734,69257.0,0.07523,A,5210.204110000001,1124872744437535
1774151207734,2026-03-22 03:46:47.734,69257.0,0.05488,A,3800.8241599999997,113441816647315
1774151207734,2026-03-22 03:46:47.734,69257.0,0.02887,A,1999.44959,260699597071439
1774151207734,2026-03-22 03:46:47.734,69257.0,0.06964,A,4823.0574799999995,373032276409025
1774151207734,2026-03-22 03:46:47.734,69257.0,0.08279,A,5733.78703,867365228172225
1774151207734,2026-03-22 03:46:47.734,69257.0,0.02657,A,1840.15849,478670937890823
1774151207734,2026-03-22 03:46:47.734,69257.0,0.12051,A,8346.16107,77202970950178
1774151207734,2026-03-22 03:46:47.734,69257.0,0.09626,A,6666.67882,528862010330394
1774151207734,2026-03-22 03:46:47.734,69257.0,0.07661,A,5305.77877,719529812760527
1774151207734,2026-03-22 03:46:47.734,69257.0,0.1048,A,7258.1336,119283747255016
1774151207734,2026-03-22 03:46:47.734,69257.0,0.09479,A,6564.87103,791456674285907
1774151207734,2026-03-22 03:46:47.734,69257.0,0.5,A,34628.5,641069152436528
1774151207734,2026-03-22 03:46:47.734,69257.0,0.14445,A,10004.173649999999,248997126463896
1774151207734,2026-03-22 03:46:47.734,69257.0,0.00017,A,11.77369,851924680159276
1774151207734,2026-03-22 03:46:47.734,69257.0,0.02887,A,1999.44959,460852404813550
1774151207734,2026-03-22 03:46:47.734,69256.0,0.00017,A,11.773520000000001,804202594225560
1774151207734,2026-03-22 03:46:47.734,69256.0,0.2525,A,17487.14,981856697992037
1774151207734,2026-03-22 03:46:47.734,69255.0,0.00016,A,11.080800000000002,613116269343344
1774151207734,2026-03-22 03:46:47.734,69255.0,0.00017,A,11.77335,260310061075115
1774151207734,2026-03-22 03:46:47.734,69254.0,0.01155,A,799.8837,474496587993468
1774151207734,2026-03-22 03:46:47.734,69254.0,0.00017,A,11.77318,1044372355300193
1774151207734,2026-03-22 03:46:47.734,69254.0,0.00043,A,29.77922,175798553108757
1774151207734,2026-03-22 03:46:47.734,69254.0,0.0457,A,3164.9078,556102333334103
1774151207734,2026-03-22 03:46:47.734,69254.0,1.4439,A,99995.85059999999,68032839553696
1774151207734,2026-03-22 03:46:47.734,69253.0,0.00017,A,11.773010000000001,288621854199764
1774151207734,2026-03-22 03:46:47.734,69253.0,0.30301,A,20984.35153,874250539112195
1774151207734,2026-03-22 03:46:47.734,69253.0,0.08531,A,5907.97343,502223723848263
1774151207734,2026-03-22 03:46:47.734,69252.0,0.00017,A,11.77284,792702098338468
1774151207734,2026-03-22 03:46:47.734,69252.0,0.04693,A,3249.99636,491880397742011
1774151207734,2026-03-22 03:46:47.734,69252.0,0.05665,A,3923.1258,1035024864175669
1774151207734,2026-03-22 03:46:47.734,69251.0,0.00017,A,11.772670000000002,635982411485362
1774151207734,2026-03-22 03:46:47.734,69251.0,0.00016,A,11.080160000000001,1109807020576536
1774151207734,2026-03-22 03:46:47.734,69251.0,0.00072,A,49.86072,306419173577453
1774151207734,2026-03-22 03:46:47.734,69251.0,0.72213,A,50008.224630000004,277619538585371
1774151207734,2026-03-22 03:46:47.734,69250.0,0.23339,A,16162.2575,199515016987354
1774151207734,2026-03-22 03:46:47.734,69250.0,0.005,A,346.25,531380783726967
1774151207734,2026-03-22 03:46:47.734,69250.0,0.00017,A,11.7725,983478870806242
1774151207734,2026-03-22 03:46:47.734,69250.0,0.00022,A,15.235000000000001,221045319135179
1774151207734,2026-03-22 03:46:47.734,69250.0,0.04709,A,3260.9825,304223935699430
1774151207734,2026-03-22 03:46:47.734,69250.0,0.08615,A,5965.887500000001,738816429936094
1774151207734,2026-03-22 03:46:47.734,69250.0,0.003,A,207.75,442999884517577
1774151207734,2026-03-22 03:46:47.734,69250.0,0.3671,A,25421.675,1019456721351992
1774151207734,2026-03-22 03:46:47.734,69250.0,0.2,A,13850.0,435870449636982
1774151207734,2026-03-22 03:46:47.734,69250.0,0.1327,A,9189.475,840192969957670
1774151207734,2026-03-22 03:46:47.734,69250.0,0.21664,A,15002.32,557830407551064
1774151207734,2026-03-22 03:46:47.734,69249.0,0.01155,A,799.8259499999999,665044387920975
1774151207734,2026-03-22 03:46:47.734,69249.0,0.00017,A,11.77233,309608091244363
1774151207734,2026-03-22 03:46:47.734,69249.0,0.05058,A,3502.61442,1052520482629903
1774151207734,2026-03-22 03:46:47.734,69248.0,0.00016,A,11.079680000000002,312700119950273
1774151207734,2026-03-22 03:46:47.734,69248.0,0.00017,A,11.772160000000001,1078059503650051
1774151207734,2026-03-22 03:46:47.734,69248.0,0.01669,A,1155.74912,799300074171705
1774151207734,2026-03-22 03:46:47.734,69248.0,0.426,A,29499.648,717728267804287
1774151207734,2026-03-22 03:46:47.734,69248.0,0.55286,A,38284.44928,416389100851731
1774151207734,2026-03-22 03:46:47.734,69248.0,1.08325,A,75012.89600000001,415945405761260
1774151207734,2026-03-22 03:46:47.734,69247.0,0.02151,A,1489.50297,779594340808906
1774151207734,2026-03-22 03:46:47.734,69247.0,0.00017,A,11.77199,128662920774393
1774151207734,2026-03-22 03:46:47.734,69247.0,0.00051,A,35.31597,522902034811370
1774151207734,2026-03-22 03:46:47.734,69247.0,1.29991,A,90014.86777,1010637853005572
1774151207734,2026-03-22 03:46:47.734,69247.0,1.44427,A,100011.36469,1045497312736938
1774151207734,2026-03-22 03:46:47.734,69247.0,0.5055,A,35004.358499999995,425856356153547
1774151207734,2026-03-22 03:46:47.734,69246.0,0.00089,A,61.62893999999999,922947237507084
1774151207734,2026-03-22 03:46:47.734,69246.0,0.25,A,17311.5,338303755783622
1774151207734,2026-03-22 03:46:47.734,69246.0,0.56159,A,38887.86114,508777279636338
1774151207734,2026-03-22 03:46:47.734,69246.0,0.00017,A,11.771820000000002,669958196333994
1774151207734,2026-03-22 03:46:47.734,69246.0,0.07258,A,5025.874680000001,774821172662804
1774151207734,2026-03-22 03:46:47.734,69246.0,0.03735,A,2586.3381,16692405053117
1774151209145,2026-03-22 03:46:49.145,69254.0,0.00137,B,94.87798,505636478959623
1774151210935,2026-03-22 03:46:50.935,69255.0,0.00015,B,10.38825,297287867902161
1774151211081,2026-03-22 03:46:51.081,69256.0,0.00028,A,19.391679999999997,241478348998067
1774151211901,2026-03-22 03:46:51.901,69257.0,0.00017,B,11.77369,698815815937335
1774151211901,2026-03-22 03:46:51.901,69258.0,0.00017,B,11.77386,497774847630096
1774151211901,2026-03-22 03:46:51.901,69259.0,0.00017,B,11.774030000000002,799522179294917
1774151211901,2026-03-22 03:46:51.901,69259.0,0.003,B,207.77700000000002,177261632443135
1774151211988,2026-03-22 03:46:51.988,69260.0,0.00017,B,11.7742,6871868950169
1774151211988,2026-03-22 03:46:51.988,69261.0,0.00017,B,11.774370000000001,416837661879079
1774151211988,2026-03-22 03:46:51.988,69261.0,0.00016,B,11.081760000000001,208231202971141
1774151211988,2026-03-22 03:46:51.988,69262.0,0.00017,B,11.77454,647276712155249
1774151211988,2026-03-22 03:46:51.988,69263.0,0.00017,B,11.77471,127812095438687
1774151211988,2026-03-22 03:46:51.988,69264.0,0.00017,B,11.774880000000001,1100670137878071
1774151211988,2026-03-22 03:46:51.988,69264.0,0.00015,B,10.3896,755934119644592
1774151211988,2026-03-22 03:46:51.988,69265.0,0.00016,B,11.082400000000002,81643805489890
1774151211988,2026-03-22 03:46:51.988,69265.0,0.00017,B,11.77505,664890475116715
1774151211988,2026-03-22 03:46:51.988,69266.0,0.00017,B,11.775220000000001,635546103796538
1774151211988,2026-03-22 03:46:51.988,69266.0,0.001,B,69.266,983100820040184
1774151211988,2026-03-22 03:46:51.988,69267.0,0.00017,B,11.775390000000002,1008651378701314
1774151211988,2026-03-22 03:46:51.988,69268.0,0.00017,B,11.77556,398546230943111
1774151211988,2026-03-22 03:46:51.988,69268.0,0.00016,B,11.082880000000001,165398379268386
1774151211988,2026-03-22 03:46:51.988,69268.0,0.003,B,207.804,214946246438965
1774151211988,2026-03-22 03:46:51.988,69269.0,0.00017,B,11.775730000000001,786487534163600
1774151211988,2026-03-22 03:46:51.988,69269.0,0.00015,B,10.39035,20849768495250
1774151211988,2026-03-22 03:46:51.988,69270.0,0.00017,B,11.7759,63179520762324
1774151211988,2026-03-22 03:46:51.988,69270.0,0.02,B,1385.4,50112455943413
1774151211988,2026-03-22 03:46:51.988,69270.0,0.05665,B,3924.1455,527753515669948
1774151211988,2026-03-22 03:46:51.988,69271.0,0.0002,B,13.8542,860514317036755
1774151211988,2026-03-22 03:46:51.988,69271.0,0.0315,B,2182.0365,1052978747330769
1774151212091,2026-03-22 03:46:52.091,69259.0,0.00017,A,11.774030000000002,376778674634592
1774151212928,2026-03-22 03:46:52.928,69270.0,0.58098,A,40244.4846,432040091256859
1774151213212,2026-03-22 03:46:53.212,69271.0,0.00034,B,23.55214,1005601804633543
1774151213736,2026-03-22 03:46:53.736,69270.0,0.10959,A,7591.299300000001,467876740310640
1774151214705,2026-03-22 03:46:54.705,69270.0,0.12032,A,8334.5664,488953830534143
1774151214705,2026-03-22 03:46:54.705,69270.0,0.05773,A,3998.9570999999996,654958634343743
1774151214705,2026-03-22 03:46:54.705,69270.0,0.06104,A,4228.2408,536329868162523
1774151214705,2026-03-22 03:46:54.705,69270.0,0.03177,A,2200.7079,278021355269725
1774151214705,2026-03-22 03:46:54.705,69270.0,0.11979,A,8297.853299999999,402851570165938
1774151214705,2026-03-22 03:46:54.705,69270.0,0.11839,A,8200.8753,261362226522135
1774151214705,2026-03-22 03:46:54.705,69270.0,0.5,A,34635.0,907375627427303
1774151214705,2026-03-22 03:46:54.705,69270.0,0.23962,A,16598.4774,928081348342382
1774151214705,2026-03-22 03:46:54.705,69270.0,0.00638,A,441.9426,924191626378155
1774151214705,2026-03-22 03:46:54.705,69270.0,0.11551,A,8001.3777,837600067629810
1774151214705,2026-03-22 03:46:54.705,69270.0,0.07857,A,5442.5439,830816213847811
1774151214705,2026-03-22 03:46:54.705,69270.0,0.07378,A,5110.7406,731683720540934
1774151214705,2026-03-22 03:46:54.705,69270.0,0.08515,A,5898.3405,890827851238667
1774151214705,2026-03-22 03:46:54.705,69270.0,0.06583,A,4560.0441,748134396814724
1774151214705,2026-03-22 03:46:54.705,69270.0,0.15099,A,10459.0773,344124081693203
1774151214705,2026-03-22 03:46:54.705,69270.0,0.05879,A,4072.3833,816130230570555
1774151214705,2026-03-22 03:46:54.705,69270.0,0.05516,A,3820.9332,203620034252004
1774151214705,2026-03-22 03:46:54.705,69270.0,0.1023,A,7086.321,942966454433285
1774151214705,2026-03-22 03:46:54.705,69270.0,0.06957,A,4819.1139,244413931705044
1774151214705,2026-03-22 03:46:54.705,69270.0,0.06423,A,4449.2121,911003165455857
1774151214705,2026-03-22 03:46:54.705,69270.0,0.05053,A,3500.2131,1068938599596386
1774151214705,2026-03-22 03:46:54.705,69270.0,0.02887,A,1999.8249,746560104280689
1774151214705,2026-03-22 03:46:54.705,69270.0,0.25253,A,17492.753099999998,594647535331139
1774151214705,2026-03-22 03:46:54.705,69270.0,0.07078,A,4902.9306,339648262562385
1774151214705,2026-03-22 03:46:54.705,69270.0,0.079,A,5472.33,1074292369886429
1774151214705,2026-03-22 03:46:54.705,69270.0,0.10195,A,7062.0765,1102646230745559
1774151214705,2026-03-22 03:46:54.705,69270.0,0.06708,A,4646.6316,1055471911025283
1774151214705,2026-03-22 03:46:54.705,69270.0,0.09012,A,6242.6124,184018560230872
1774151214705,2026-03-22 03:46:54.705,69270.0,0.05485,A,3799.4595000000004,988039331040299
1774151214705,2026-03-22 03:46:54.705,69270.0,0.06788,A,4702.0476,449506244099321
1774151214705,2026-03-22 03:46:54.705,69270.0,0.0101,A,699.627,277863193127969
1774151214705,2026-03-22 03:46:54.705,69268.0,0.08499,A,5887.08732,783079014083130
1774151214705,2026-03-22 03:46:54.705,69268.0,0.04687,A,3246.59116,703641551848883
1774151214705,2026-03-22 03:46:54.705,69268.0,0.00015,A,10.390199999999998,160299347157612
1774151214705,2026-03-22 03:46:54.705,69267.0,0.00015,A,10.390049999999999,958245726520449
1774151214705,2026-03-22 03:46:54.705,69267.0,0.02887,A,1999.73829,580695402596736
1774151214705,2026-03-22 03:46:54.705,69267.0,0.30303,A,20989.979010000003,1029737681469943
1774151214705,2026-03-22 03:46:54.705,69266.0,0.00144,A,99.74304000000001,640894375736243
1774151214705,2026-03-22 03:46:54.705,69266.0,0.08385,A,5807.9541,853911897716423
1774151214705,2026-03-22 03:46:54.705,69266.0,0.04716,A,3266.5845600000002,788271483565559
1774151214705,2026-03-22 03:46:54.705,69265.0,0.57759,A,40006.77135,83967423397131
1774151214705,2026-03-22 03:46:54.705,69265.0,0.001,A,69.265,136939096905818
1774151214705,2026-03-22 03:46:54.705,69265.0,0.00869,A,601.9128499999999,810585023145420
1774151214705,2026-03-22 03:46:54.705,69265.0,0.003,A,207.79500000000002,800434622898380
1774151214705,2026-03-22 03:46:54.705,69264.0,0.03336,A,2310.64704,111991683732330
1774151214705,2026-03-22 03:46:54.705,69264.0,0.72198,A,50007.22272,80770006318238
1774151214705,2026-03-22 03:46:54.705,69264.0,0.01155,A,799.9992,507043094885877
1774151214705,2026-03-22 03:46:54.705,69263.0,0.1,A,6926.3,810416007005704
1774151214705,2026-03-22 03:46:54.705,69263.0,1.44372,A,99996.37835999999,281483605741371
1774151214705,2026-03-22 03:46:54.705,69262.0,1.44402,A,100015.71324000001,1094442121017017
1774151214705,2026-03-22 03:46:54.705,69262.0,1.08303,A,75012.82385999999,572181590321941
1774151214705,2026-03-22 03:46:54.705,69262.0,0.00016,A,11.08192,565687021271500
1774151214705,2026-03-22 03:46:54.705,69261.0,0.17695,A,12255.73395,223656050263097
1774151214838,2026-03-22 03:46:54.838,69262.0,0.00027,B,18.70074,257051093143853
1774151215785,2026-03-22 03:46:55.785,69267.0,0.00839,B,581.15013,819676459386870
1774151215785,2026-03-22 03:46:55.785,69267.0,0.00983,B,680.8946100000001,915671071804315
1774151215785,2026-03-22 03:46:55.785,69267.0,0.00034,B,23.550780000000003,117691671775933
1774151216386,2026-03-22 03:46:56.386,69266.0,0.03207,A,2221.36062,292872991283918
1774151217051,2026-03-22 03:46:57.051,69266.0,0.00017,A,11.775220000000001,725270718219872
1774151217051,2026-03-22 03:46:57.051,69266.0,0.01661,A,1150.50826,980492973885593
1774151217672,2026-03-22 03:46:57.672,69267.0,0.00019,B,13.160730000000001,483068128527191
1774151218077,2026-03-22 03:46:58.077,69266.0,0.08903,A,6166.75198,964610498153247
1774151219088,2026-03-22 03:46:59.088,69267.0,0.00016,B,11.08272,1070979976159284
1774151219545,2026-03-22 03:46:59.545,69266.0,0.22734,A,15746.932439999999,352862143102166
1774151219545,2026-03-22 03:46:59.545,69266.0,0.18418,A,12757.411880000001,150927896100534
1774151219545,2026-03-22 03:46:59.545,69266.0,0.06258,A,4334.6662799999995,715836858936674
1774151219545,2026-03-22 03:46:59.545,69266.0,0.07734,A,5357.032440000001,477519706648660
1774151219545,2026-03-22 03:46:59.545,69266.0,0.06661,A,4613.80826,511585151085615
1774151219545,2026-03-22 03:46:59.545,69266.0,0.1674,A,11595.1284,698732407011520
1774151219545,2026-03-22 03:46:59.545,69266.0,0.07573,A,5245.51418,819410467315884
1774151219545,2026-03-22 03:46:59.545,69266.0,0.0534,A,3698.8044,246855846546668
1774151219545,2026-03-22 03:46:59.545,69266.0,0.02945,A,2039.8837,539196282074756
1774151219545,2026-03-22 03:46:59.545,69266.0,0.05324,A,3687.72184,876579398513822
1774151219545,2026-03-22 03:46:59.545,69266.0,0.05905,A,4090.1573,455609744505980
1774151219545,2026-03-22 03:46:59.545,69266.0,0.04596,A,3183.46536,937568970465785
1774151219545,2026-03-22 03:46:59.545,69266.0,0.05653,A,3915.6069799999996,758366949252997
1774151219545,2026-03-22 03:46:59.545,69266.0,0.05411,A,3747.98326,470087544837560
1774151219545,2026-03-22 03:46:59.545,69266.0,0.04758,A,3295.6762799999997,278455199349732
1774151219545,2026-03-22 03:46:59.545,69266.0,0.01442,A,998.81572,733670675549563
1774151219545,2026-03-22 03:46:59.545,69266.0,0.13743,A,9519.22638,963814951737872
1774151219545,2026-03-22 03:46:59.545,69266.0,0.18324,A,12692.301839999998,56851092651686
1774151219545,2026-03-22 03:46:59.545,69266.0,0.00059,A,40.86694,393936883613252
1774151219545,2026-03-22 03:46:59.545,69266.0,0.06525,A,4519.6065,523940918947592
1774151219545,2026-03-22 03:46:59.545,69266.0,0.00193,A,133.68338,981762704330910
1774151219545,2026-03-22 03:46:59.545,69266.0,0.04646,A,3218.09836,1063734898027630
1774151219545,2026-03-22 03:46:59.545,69266.0,0.04646,A,3218.09836,960688247273500
1774151219545,2026-03-22 03:46:59.545,69266.0,0.04646,A,3218.09836,393139198769545
1774151219545,2026-03-22 03:46:59.545,69266.0,0.06725,A,4658.1385,669954825340159
1774151219545,2026-03-22 03:46:59.545,69266.0,0.05778,A,4002.18948,1079645273849739
1774151219545,2026-03-22 03:46:59.545,69266.0,0.00261,A,180.78426,577743399107554
1774151219545,2026-03-22 03:46:59.545,69266.0,0.05053,A,3500.01098,458454351246658
1774151219545,2026-03-22 03:46:59.545,69266.0,0.07194,A,4982.99604,579789308217157
1774151219545,2026-03-22 03:46:59.545,69266.0,0.49134,A,34033.15644,819357421932490
1774151219545,2026-03-22 03:46:59.545,69266.0,0.14742,A,10211.19372,1042785857129755
1774151219545,2026-03-22 03:46:59.545,69266.0,0.14742,A,10211.19372,623219154851148
1774151219545,2026-03-22 03:46:59.545,69266.0,0.22113,A,15316.790579999999,635871045973718
1774151219545,2026-03-22 03:46:59.545,69266.0,0.14468,A,10021.40488,1040305435291547
1774151219545,2026-03-22 03:46:59.545,69266.0,0.02887,A,1999.70942,437916346152386
1774151219545,2026-03-22 03:46:59.545,69266.0,0.02887,A,1999.70942,935129225550438
1774151219545,2026-03-22 03:46:59.545,69266.0,0.25252,A,17491.050320000002,123848799812177
1774151219545,2026-03-22 03:46:59.545,69266.0,0.20201,A,13992.424659999999,732438050284032
1774151219545,2026-03-22 03:46:59.545,69266.0,0.0101,A,699.5866,151546337883836
1774151219545,2026-03-22 03:46:59.545,69266.0,0.0404,A,2798.3464,293809255469621
1774151219545,2026-03-22 03:46:59.545,69265.0,0.08509,A,5893.75885,24386837025965
1774151219545,2026-03-22 03:46:59.545,69265.0,0.0461,A,3193.1165,117078702897591
1774151219545,2026-03-22 03:46:59.545,69265.0,0.00015,A,10.38975,631379101326599
1774151219545,2026-03-22 03:46:59.545,69265.0,0.30302,A,20988.6803,830078911694056
1774151219545,2026-03-22 03:46:59.545,69264.0,0.01155,A,799.9992,22410064670882
1774151219545,2026-03-22 03:46:59.545,69263.0,0.08465,A,5863.112950000001,44690522467187
1774151219545,2026-03-22 03:46:59.545,69263.0,0.04658,A,3226.2705400000004,376668718550390
1774151219545,2026-03-22 03:46:59.545,69263.0,1.44375,A,99998.45625,466978554556244
1774151219545,2026-03-22 03:46:59.545,69262.0,0.00016,A,11.08192,6327080431111
1774151219545,2026-03-22 03:46:59.545,69262.0,0.72201,A,50007.856620000006,753231048745919
1774151219545,2026-03-22 03:46:59.545,69262.0,0.50504,A,34980.080480000004,51396919807604
1774151219545,2026-03-22 03:46:59.545,69262.0,0.1,A,6926.200000000001,215334995092677
1774151219545,2026-03-22 03:46:59.545,69261.0,0.00761,A,527.07621,220453887918568
1774151219545,2026-03-22 03:46:59.545,69261.0,0.39667,A,27473.760870000002,285753938068635
1774151219545,2026-03-22 03:46:59.545,69261.0,0.03202,A,2217.73722,218668329242745
1774151219545,2026-03-22 03:46:59.545,69261.0,0.01888,A,1307.64768,1027842129875277
1774151219545,2026-03-22 03:46:59.545,69261.0,0.08606,A,5960.60166,1054813106631139
1774151219545,2026-03-22 03:46:59.545,69261.0,0.13121,A,9087.73581,573728350161224
1774151219545,2026-03-22 03:46:59.545,69261.0,0.00495,A,342.84195000000005,639588896504191
1774151219545,2026-03-22 03:46:59.545,69261.0,0.10779,A,7465.64319,335897516791412
1774151219545,2026-03-22 03:46:59.545,69260.0,0.003,A,207.78,539250428657009
1774151219545,2026-03-22 03:46:59.545,69260.0,0.05111,A,3539.8786,285435323577022
1774151219545,2026-03-22 03:46:59.545,69260.0,1.08306,A,75012.7356,379335159259652
1774151219545,2026-03-22 03:46:59.545,69260.0,0.24293,A,16825.3318,939597952222373
1774151223830,2026-03-22 03:47:03.830,69260.0,0.00022,A,15.237200000000001,96152871018633
1774151224056,2026-03-22 03:47:04.056,69260.0,0.00141,A,97.6566,730641735798270
1774151224657,2026-03-22 03:47:04.657,69261.0,0.05876,B,4069.77636,966141174392042
1774151224657,2026-03-22 03:47:04.657,69260.0,0.08467,A,5864.2442,283186144710916
1774151224657,2026-03-22 03:47:04.657,69260.0,0.02887,A,1999.5362,61366441698190
1774151224657,2026-03-22 03:47:04.657,69260.0,0.05886,A,4076.6436000000003,801878657158312
1774151224657,2026-03-22 03:47:04.657,69260.0,0.05153,A,3568.9678,324268903492392
1774151224657,2026-03-22 03:47:04.657,69260.0,0.06238,A,4320.4388,718742551339925
1774151224657,2026-03-22 03:47:04.657,69260.0,0.0101,A,699.526,78692593231331
1774151224657,2026-03-22 03:47:04.657,69260.0,0.01,A,692.6,322923481774275
1774151224657,2026-03-22 03:47:04.657,69260.0,0.0404,A,2798.104,445776326427172
1774151224657,2026-03-22 03:47:04.657,69260.0,0.20201,A,13991.212599999999,874481105892239
1774151224657,2026-03-22 03:47:04.657,69260.0,0.04574,A,3167.9524,41614435021414
1774151224657,2026-03-22 03:47:04.657,69260.0,0.00017,A,11.7742,266280261409640
1774151224657,2026-03-22 03:47:04.657,69259.0,0.00017,A,11.774030000000002,963777057370336
1774151224657,2026-03-22 03:47:04.657,69258.0,0.00016,A,11.081280000000001,488452227574427
1774151224657,2026-03-22 03:47:04.657,69258.0,0.08553,A,5923.63674,1059341890958881
1774151224657,2026-03-22 03:47:04.657,69258.0,0.04602,A,3187.2531599999998,461272740858096
1774151224657,2026-03-22 03:47:04.657,69258.0,0.00017,A,11.77386,110245314134563
1774151224657,2026-03-22 03:47:04.657,69257.0,0.12911,A,8941.77127,198592151396786
1774151224657,2026-03-22 03:47:04.657,69257.0,0.00017,A,11.77369,270483191456740
1774151224657,2026-03-22 03:47:04.657,69257.0,0.02887,A,1999.44959,67819031195295
1774151224657,2026-03-22 03:47:04.657,69256.0,0.003,A,207.768,303814915590447
1774151224657,2026-03-22 03:47:04.657,69256.0,0.05665,A,3923.3523999999998,721295080039619
1774151224657,2026-03-22 03:47:04.657,69256.0,0.00017,A,11.773520000000001,865607776184135
1774151224657,2026-03-22 03:47:04.657,69256.0,0.25251,A,17487.832560000003,687429793101441
1774151224657,2026-03-22 03:47:04.657,69255.0,0.00016,A,11.080800000000002,550973174542801
1774151224657,2026-03-22 03:47:04.657,69255.0,0.00017,A,11.77335,661565450679216
1774151224657,2026-03-22 03:47:04.657,69254.0,0.01155,A,799.8837,754254761284114
1774151224657,2026-03-22 03:47:04.657,69254.0,0.00017,A,11.77318,990132027951241
1774151224657,2026-03-22 03:47:04.657,69253.0,0.13418,A,9292.36754,1117221484236803
1774151224657,2026-03-22 03:47:04.657,69253.0,0.00017,A,11.773010000000001,72401030983602
1774151224657,2026-03-22 03:47:04.657,69253.0,0.30302,A,20985.04406,231065874930675
1774151224657,2026-03-22 03:47:04.657,69252.0,0.2,A,13850.400000000001,253074157171555
1774151224657,2026-03-22 03:47:04.657,69252.0,0.00017,A,11.77284,453500692675419
1774151224657,2026-03-22 03:47:04.657,69252.0,1.44399,A,99999.19548000001,799123583011211
1774151224657,2026-03-22 03:47:04.657,69252.0,0.05064,A,3506.92128,494922910514768
1774151224657,2026-03-22 03:47:04.657,69251.0,0.00016,A,11.080160000000001,669171518642026
1774151224657,2026-03-22 03:47:04.657,69251.0,0.37599,A,26037.68349,237791817888375
1774151224657,2026-03-22 03:47:04.657,69251.0,0.00017,A,11.772670000000002,288298474057608
1774151224657,2026-03-22 03:47:04.657,69250.0,1.08321,A,75012.2925,649847994827671
1774151224657,2026-03-22 03:47:04.657,69250.0,0.40104,A,27772.02,497478296609023
1774151224657,2026-03-22 03:47:04.657,69250.0,0.003,A,207.75,957326233462781
1774151224657,2026-03-22 03:47:04.657,69250.0,0.00017,A,11.7725,702704386210526
1774151224657,2026-03-22 03:47:04.657,69249.0,0.00017,A,11.77233,681809112809645
1774151224657,2026-03-22 03:47:04.657,69249.0,0.01155,A,799.8259499999999,84929532276341
1774151224657,2026-03-22 03:47:04.657,69249.0,0.066,A,4570.434,839013665706330
1774151224657,2026-03-22 03:47:04.657,69249.0,0.21664,A,15002.10336,736392695112770
1774151224657,2026-03-22 03:47:04.657,69249.0,0.40992,A,28386.55008,281606027456325
1774151224657,2026-03-22 03:47:04.657,69249.0,0.00662,A,458.42838,480866564996660
1774151224657,2026-03-22 03:47:04.657,69249.0,0.50503,A,34972.82247,311061632341238
1774151224657,2026-03-22 03:47:04.657,69249.0,0.1,A,6924.900000000001,36301222477434
1774151224657,2026-03-22 03:47:04.657,69249.0,0.72215,A,50008.165349999996,106139725991087
1774151224657,2026-03-22 03:47:04.657,69248.0,0.00345,A,238.9056,1023546369631090
1774151224657,2026-03-22 03:47:04.657,69248.0,5.05599,A,350117.19552,603787505221429
1774151226073,2026-03-22 03:47:06.073,69248.0,0.00042,A,29.08416,351054933997857
1774151228413,2026-03-22 03:47:08.413,69249.0,0.00026,B,18.004739999999998,724443513148809
1774151229271,2026-03-22 03:47:09.271,69249.0,0.00028,B,19.389719999999997,393024170169779
1774151230223,2026-03-22 03:47:10.223,69248.0,0.00017,A,11.772160000000001,648686043835379
1774151232033,2026-03-22 03:47:12.033,69248.0,0.0029,A,200.8192,747598338326445
1774151236057,2026-03-22 03:47:16.057,69248.0,0.00027,A,18.69696,528562768049146
1774151237063,2026-03-22 03:47:17.063,69248.0,0.00019,A,13.15712,48865453191036
1774151239131,2026-03-22 03:47:19.131,69249.0,0.07252,B,5021.9374800000005,977823688041370
1774151239495,2026-03-22 03:47:19.495,69254.0,0.003,B,207.762,934161738429954
1774151239495,2026-03-22 03:47:19.495,69254.0,0.00016,B,11.08064,671218479203667
1774151239495,2026-03-22 03:47:19.495,69256.0,0.00367,B,254.16952,862292653835272
1774151239495,2026-03-22 03:47:19.495,69257.0,0.05665,B,3923.4090499999998,987699804764097
1774151239495,2026-03-22 03:47:19.495,69257.0,0.05152,B,3568.12064,955723703340739
1774151240691,2026-03-22 03:47:20.691,69257.0,0.00034,B,23.54738,1058199707759832
1774151240757,2026-03-22 03:47:20.757,69257.0,0.00284,B,196.68988000000002,363110919080982
1774151241035,2026-03-22 03:47:21.035,69256.0,0.00027,A,18.69912,565762172058437
1774151241722,2026-03-22 03:47:21.722,69257.0,0.00022,B,15.23654,599102074102630
1774151242039,2026-03-22 03:47:22.039,69256.0,0.00017,A,11.773520000000001,738327421560716
1774151242039,2026-03-22 03:47:22.039,69256.0,0.00443,A,306.80408,14763200727943
1774151242241,2026-03-22 03:47:22.241,69257.0,0.00018,B,12.46626,7448127457870
1774151243042,2026-03-22 03:47:23.042,69257.0,0.00017,B,11.77369,99471800642445
1774151243042,2026-03-22 03:47:23.042,69257.0,0.00022,B,15.23654,264844679758041
1774151243042,2026-03-22 03:47:23.042,69258.0,0.00017,B,11.77386,1109719181199380
1774151243042,2026-03-22 03:47:23.042,69258.0,0.00015,B,10.388699999999998,521536916745903
1774151243042,2026-03-22 03:47:23.042,69259.0,0.00029,B,20.08511,320594370784112
1774151243952,2026-03-22 03:47:23.952,69259.0,0.0055,B,380.92449999999997,403819591458336
1774151243952,2026-03-22 03:47:23.952,69259.0,0.00366,B,253.48794,125363009341666
1774151244251,2026-03-22 03:47:24.251,69259.0,0.00217,B,150.29203,964739251806880
1774151244654,2026-03-22 03:47:24.654,69259.0,0.00017,B,11.774030000000002,885354448325620
1774151245664,2026-03-22 03:47:25.664,69259.0,0.00144,B,99.73296,994841850542267
1774151245786,2026-03-22 03:47:25.786,69258.0,0.00042,A,29.08836,1031496791273617
1774151246558,2026-03-22 03:47:26.558,69260.0,0.00017,B,11.7742,882402734654182
1774151246558,2026-03-22 03:47:26.558,69260.0,0.0002,B,13.852,743375509720472
1774151246558,2026-03-22 03:47:26.558,69260.0,0.00107,B,74.1082,1087121062694108
1774151246617,2026-03-22 03:47:26.617,69259.0,0.00054,A,37.399860000000004,1067449066337888
1774151247007,2026-03-22 03:47:27.007,69259.0,0.00017,A,11.774030000000002,869753473258536
1774151247007,2026-03-22 03:47:27.007,69259.0,0.01661,A,1150.39199,494707064268446
1774151249061,2026-03-22 03:47:29.061,69260.0,0.00016,B,11.081600000000002,1111617441078832
1774151249286,2026-03-22 03:47:29.286,69261.0,0.00017,B,11.774370000000001,515239209637972
1774151249286,2026-03-22 03:47:29.286,69261.0,0.00015,B,10.389149999999999,131240220323115
1774151249286,2026-03-22 03:47:29.286,69261.0,0.0002,B,13.8522,668923835220822
1774151249286,2026-03-22 03:47:29.286,69262.0,0.00017,B,11.77454,178064398518085
1774151249286,2026-03-22 03:47:29.286,69263.0,0.00017,B,11.77471,567673072955587
1774151249286,2026-03-22 03:47:29.286,69264.0,0.00017,B,11.774880000000001,143330846709057
1774151249286,2026-03-22 03:47:29.286,69265.0,0.00017,B,11.77505,827250135321212
1774151249286,2026-03-22 03:47:29.286,69265.0,0.00016,B,11.082400000000002,904826952251731
1774151249286,2026-03-22 03:47:29.286,69265.0,0.00022,B,15.2383,453406226459661
1774151249286,2026-03-22 03:47:29.286,69265.0,0.21642,B,14990.3313,282980229779369
1774151249440,2026-03-22 03:47:29.440,69264.0,0.00898,A,621.99072,960350292604466
1774151249856,2026-03-22 03:47:29.856,69265.0,0.00017,B,11.77505,567530812161150
1774151249856,2026-03-22 03:47:29.856,69267.0,0.00012,B,8.31204,235262764136804
1774151250277,2026-03-22 03:47:30.277,69267.0,5e-05,B,3.46335,884294998182520
1774151250277,2026-03-22 03:47:30.277,69267.0,0.003,B,207.80100000000002,781560883747734
1774151250277,2026-03-22 03:47:30.277,69268.0,0.00017,B,11.77556,34535157157042
1774151250277,2026-03-22 03:47:30.277,69268.0,0.00016,B,11.082880000000001,487886459684546
1774151250277,2026-03-22 03:47:30.277,69268.0,0.00015,B,10.390199999999998,1000601742766604
1774151250277,2026-03-22 03:47:30.277,69269.0,0.00017,B,11.775730000000001,241178721037620
1774151250277,2026-03-22 03:47:30.277,69269.0,0.0093,B,644.2017,294586709062176
1774151250681,2026-03-22 03:47:30.681,69269.0,0.00064,B,44.33216,485279243455342
1774151251065,2026-03-22 03:47:31.065,69269.0,0.00303,B,209.88507,1010028334665890
1774151251671,2026-03-22 03:47:31.671,69269.0,0.00035,B,24.24415,68480592542179
1774151254048,2026-03-22 03:47:34.048,69268.0,0.00142,A,98.36056,915474356788104
1774151254048,2026-03-22 03:47:34.048,69268.0,0.0003,A,20.780399999999997,1101247107878500
1774151254048,2026-03-22 03:47:34.048,69268.0,0.00022,A,15.23896,617858541223520
1774151255626,2026-03-22 03:47:35.626,69269.0,0.00017,B,11.775730000000001,966733722104274
1774151255626,2026-03-22 03:47:35.626,69269.0,0.00049,B,33.94181,1098967279669887
1774151257337,2026-03-22 03:47:37.337,69268.0,0.02887,A,1999.7671599999999,1037614110917746
1774151257337,2026-03-22 03:47:37.337,69267.0,0.00015,A,10.390049999999999,869093559102334
1774151257337,2026-03-22 03:47:37.337,69266.0,0.00017,A,11.775220000000001,58184882686066
1774151258051,2026-03-22 03:47:38.051,69263.0,2e-05,B,1.3852600000000002,85492824378487
1774151258051,2026-03-22 03:47:38.051,69263.0,0.00014,B,9.696819999999999,610799542575542
1774151258249,2026-03-22 03:47:38.249,69262.0,0.00144,A,99.73728000000001,550377951269958
