time,datetime_utc,px,sz,side,notional,tid
1774162047020,2026-03-22 06:47:27.020,69126.0,0.00017,A,11.751420000000001,255214872760654
1774162049033,2026-03-22 06:47:29.033,69127.0,0.00016,B,11.06032,1106782956142840
1774162051042,2026-03-22 06:47:31.042,69126.0,0.00238,A,164.51988,41118369606665
1774162053359,2026-03-22 06:47:33.359,69126.0,0.00426,A,294.47676,629954072396581
1774162054074,2026-03-22 06:47:34.074,69126.0,0.00017,A,11.751420000000001,887256781991838
1774162054074,2026-03-22 06:47:34.074,69126.0,0.00142,A,98.15892000000001,170599490158145
1774162055301,2026-03-22 06:47:35.301,69127.0,0.00017,B,11.75159,585727853285219
1774162055301,2026-03-22 06:47:35.301,69127.0,0.05683,B,3928.4874099999997,329163178428618
1774162055629,2026-03-22 06:47:35.629,69127.0,8e-05,B,5.53016,822408964751811
1774162055829,2026-03-22 06:47:35.829,69126.0,0.0002,A,13.8252,553752811824036
1774162056106,2026-03-22 06:47:36.106,69126.0,8e-05,A,5.530080000000001,261514172950204
1774162056511,2026-03-22 06:47:36.511,69127.0,0.00017,B,11.75159,146550065759258
1774162058008,2026-03-22 06:47:38.008,69127.0,0.00016,B,11.06032,513970057770543
1774162058837,2026-03-22 06:47:38.837,69127.0,0.00022,B,15.20794,375969405724916
1774162064021,2026-03-22 06:47:44.021,69126.0,0.00416,A,287.56415999999996,952065529586124
1774162065024,2026-03-22 06:47:45.024,69127.0,0.00056,B,38.711119999999994,329660758604121
1774162065157,2026-03-22 06:47:45.157,69126.0,0.00625,A,432.0375,60146505110512
1774162066038,2026-03-22 06:47:46.038,69126.0,0.00393,A,271.66518,603136754710702
1774162069382,2026-03-22 06:47:49.382,69127.0,8e-05,B,5.53016,603275435791314
1774162077032,2026-03-22 06:47:57.032,69126.0,0.00017,A,11.751420000000001,624129260465782
1774162078444,2026-03-22 06:47:58.444,69126.0,0.00028,A,19.355279999999997,1061555366027258
1774162078743,2026-03-22 06:47:58.743,69126.0,8e-05,A,5.530080000000001,717190251712029
1774162078743,2026-03-22 06:47:58.743,69127.0,0.26666,B,18433.40582,659433448917782
1774162078743,2026-03-22 06:47:58.743,69127.0,0.1,B,6912.700000000001,817017478095909
1774162078743,2026-03-22 06:47:58.743,69127.0,0.26666,B,18433.40582,665270250441650
1774162078743,2026-03-22 06:47:58.743,69127.0,0.26666,B,18433.40582,673303425366360
1774162078743,2026-03-22 06:47:58.743,69127.0,0.33333,B,23042.10291,897509446746444
1774162078743,2026-03-22 06:47:58.743,69127.0,0.00499,B,344.94372999999996,569243680688746
1774162078743,2026-03-22 06:47:58.743,69127.0,0.26666,B,18433.40582,831357869617317
1774162078743,2026-03-22 06:47:58.743,69127.0,0.00599,B,414.07072999999997,1055529727824426
1774162078743,2026-03-22 06:47:58.743,69127.0,0.25,B,17281.75,4823649211708
1774162078743,2026-03-22 06:47:58.743,69127.0,0.33333,B,23042.10291,609833698642659
1774162078743,2026-03-22 06:47:58.743,69127.0,0.33333,B,23042.10291,313840071598819
1774162078743,2026-03-22 06:47:58.743,69127.0,0.33333,B,23042.10291,930637546542434
1774162078743,2026-03-22 06:47:58.743,69127.0,0.1,B,6912.700000000001,247552521309474
1774162078743,2026-03-22 06:47:58.743,69127.0,0.26666,B,18433.40582,218514766970813
1774162078743,2026-03-22 06:47:58.743,69127.0,0.13379,B,9248.50133,557459253580305
1774162078743,2026-03-22 06:47:58.743,69127.0,0.1,B,6912.700000000001,847753353587316
1774162078794,2026-03-22 06:47:58.794,69127.0,0.001,B,69.127,195185995135694
1774162079043,2026-03-22 06:47:59.043,69127.0,0.00016,B,11.06032,251614043131071
1774162080532,2026-03-22 06:48:00.532,69127.0,0.00015,B,10.36905,62756607686721
1774162081046,2026-03-22 06:48:01.046,69126.0,0.00238,A,164.51988,706649582780207
1774162081256,2026-03-22 06:48:01.256,69127.0,0.11648,B,8051.91296,811680795588983
1774162081256,2026-03-22 06:48:01.256,69127.0,0.25,B,17281.75,216869561379776
1774162081256,2026-03-22 06:48:01.256,69127.0,0.10312,B,7128.3762400000005,481003038689049
1774162081256,2026-03-22 06:48:01.256,69127.0,1.6096,B,111266.8192,807842253979794
1774162081256,2026-03-22 06:48:01.256,69127.0,0.00017,B,11.75159,786027380591864
1774162081256,2026-03-22 06:48:01.256,69128.0,0.00017,B,11.75176,372689070892181
1774162081256,2026-03-22 06:48:01.256,69128.0,0.003,B,207.38400000000001,849022471327228
1774162081256,2026-03-22 06:48:01.256,69128.0,0.00015,B,10.3692,932382690830312
1774162081256,2026-03-22 06:48:01.256,69129.0,0.00016,B,11.060640000000001,284301963411028
1774162081256,2026-03-22 06:48:01.256,69129.0,0.00017,B,11.751930000000002,579599716320023
1774162081256,2026-03-22 06:48:01.256,69129.0,0.00015,B,10.369349999999999,274634297997252
1774162081256,2026-03-22 06:48:01.256,69130.0,0.00017,B,11.7521,699997479335578
1774162081256,2026-03-22 06:48:01.256,69131.0,0.00017,B,11.752270000000001,365418812688399
1774162081345,2026-03-22 06:48:01.345,69132.0,0.00017,B,11.75244,83628217014791
1774162081345,2026-03-22 06:48:01.345,69133.0,0.00016,B,11.061280000000002,996757203799810
1774162081345,2026-03-22 06:48:01.345,69133.0,0.00017,B,11.75261,836147149833316
1774162081345,2026-03-22 06:48:01.345,69133.0,0.00247,B,170.75851,1059416840815679
1774162081345,2026-03-22 06:48:01.345,69134.0,0.00017,B,11.752780000000001,539124907051843
1774162081434,2026-03-22 06:48:01.434,69135.0,0.00015,B,10.370249999999999,856565054630903
1774162081434,2026-03-22 06:48:01.434,69135.0,0.00017,B,11.75295,183438933462688
1774162081434,2026-03-22 06:48:01.434,69136.0,0.00016,B,11.061760000000001,616549881710981
1774162081434,2026-03-22 06:48:01.434,69136.0,0.00017,B,11.753120000000001,208787818354113
1774162081434,2026-03-22 06:48:01.434,69137.0,0.00017,B,11.753290000000002,65495841228648
1774162081434,2026-03-22 06:48:01.434,69137.0,0.00118,B,81.58166,415471887398023
1774162081434,2026-03-22 06:48:01.434,69137.0,0.00182,B,125.82934,77324581796583
1774162081434,2026-03-22 06:48:01.434,69138.0,0.00017,B,11.75346,1052007505001610
1774162081434,2026-03-22 06:48:01.434,69139.0,0.00017,B,11.753630000000001,214114865107063
1774162081434,2026-03-22 06:48:01.434,69140.0,0.00016,B,11.0624,471360656113995
1774162081434,2026-03-22 06:48:01.434,69140.0,0.00015,B,10.370999999999999,1065858516127077
1774162081434,2026-03-22 06:48:01.434,69140.0,0.00017,B,11.7538,40002459385561
1774162081434,2026-03-22 06:48:01.434,69141.0,0.00017,B,11.75397,255639087301565
1774162081434,2026-03-22 06:48:01.434,69141.0,0.01889,B,1306.07349,710799150895001
1774162081548,2026-03-22 06:48:01.548,69141.0,0.04302,B,2974.4458200000004,345281408979236
1774162081548,2026-03-22 06:48:01.548,69141.0,0.04302,B,2974.4458200000004,697634229183470
1774162082032,2026-03-22 06:48:02.032,69142.0,2e-05,B,1.38284,1007324538692321
1774162082228,2026-03-22 06:48:02.228,69142.0,0.00015,B,10.3713,1050211859864163
1774162082228,2026-03-22 06:48:02.228,69142.0,0.00185,B,127.9127,928886585243122
1774162083935,2026-03-22 06:48:03.935,69142.0,7e-05,B,4.8399399999999995,349931790125539
1774162084004,2026-03-22 06:48:04.004,69141.0,0.00017,A,11.75397,206614378406979
1774162084004,2026-03-22 06:48:04.004,69142.0,0.00028,B,19.359759999999998,570610914438096
1774162085029,2026-03-22 06:48:05.029,69141.0,0.00142,A,98.18022,1098640860937102
1774162085561,2026-03-22 06:48:05.561,69142.0,0.00015,B,10.3713,848555770462345
1774162088053,2026-03-22 06:48:08.053,69142.0,0.00016,B,11.06272,883932821863267
1774162089282,2026-03-22 06:48:09.282,69142.0,0.00017,B,11.754140000000001,342328582004379
1774162089282,2026-03-22 06:48:09.282,69143.0,0.00015,B,10.37145,333013315729498
1774162089282,2026-03-22 06:48:09.282,69143.0,0.00017,B,11.75431,714367482304829
1774162089282,2026-03-22 06:48:09.282,69144.0,0.00016,B,11.06304,517602044238860
1774162089282,2026-03-22 06:48:09.282,69144.0,0.00017,B,11.754480000000001,675606842327924
1774162089282,2026-03-22 06:48:09.282,69145.0,0.00017,B,11.754650000000002,420227371761518
1774162089282,2026-03-22 06:48:09.282,69145.0,0.00015,B,10.371749999999999,634360363567432
1774162089282,2026-03-22 06:48:09.282,69146.0,0.04046,B,2797.64716,828950765500114
1774162089282,2026-03-22 06:48:09.282,69146.0,0.00017,B,11.75482,572740564131036
1774162089282,2026-03-22 06:48:09.282,69147.0,0.00016,B,11.06352,239226823344986
1774162089282,2026-03-22 06:48:09.282,69147.0,0.00017,B,11.754990000000001,591276017524592
1774162089282,2026-03-22 06:48:09.282,69147.0,0.003,B,207.441,684961227639261
1774162089282,2026-03-22 06:48:09.282,69148.0,0.00017,B,11.75516,736849884802213
1774162089282,2026-03-22 06:48:09.282,69149.0,0.00017,B,11.75533,253527226537906
1774162089282,2026-03-22 06:48:09.282,69150.0,0.00017,B,11.755500000000001,541210219825819
1774162089282,2026-03-22 06:48:09.282,69150.0,0.00015,B,10.372499999999999,776589432604935
1774162089282,2026-03-22 06:48:09.282,69151.0,0.00016,B,11.064160000000001,690315745033180
1774162089282,2026-03-22 06:48:09.282,69151.0,0.00017,B,11.75567,837025174345730
1774162089282,2026-03-22 06:48:09.282,69152.0,0.00017,B,11.755840000000001,352096225650894
1774162089282,2026-03-22 06:48:09.282,69152.0,0.003,B,207.45600000000002,829576327357859
1774162089282,2026-03-22 06:48:09.282,69152.0,0.00774,B,535.23648,798176231405163
1774162090306,2026-03-22 06:48:10.306,69152.0,0.00015,B,10.3728,249595605672018
1774162090605,2026-03-22 06:48:10.605,69152.0,0.00018,B,12.447360000000002,779328823207244
1774162090997,2026-03-22 06:48:10.997,69152.0,0.00019,B,13.13888,560204206867290
1774162092291,2026-03-22 06:48:12.291,69151.0,6e-05,A,4.14906,583492687586577
1774162093472,2026-03-22 06:48:13.472,69152.0,0.00072,B,49.789440000000006,78502643438054
1774162094096,2026-03-22 06:48:14.096,69151.0,0.00416,A,287.66816,908675904164427
1774162094344,2026-03-22 06:48:14.344,69152.0,0.00578,B,399.69856000000004,666618129969133
1774162095037,2026-03-22 06:48:15.037,69152.0,0.00057,B,39.41664,777594075140161
1774162095592,2026-03-22 06:48:15.592,69152.0,0.01186,B,820.14272,714521557933199
1774162096041,2026-03-22 06:48:16.041,69151.0,0.00392,A,271.07192,831309359854320
1774162097712,2026-03-22 06:48:17.712,69152.0,6e-05,B,4.14912,89777363786504
1774162099362,2026-03-22 06:48:19.362,69152.0,0.00011,B,7.60672,174321705259830
1774162099362,2026-03-22 06:48:19.362,69152.0,0.01996,B,1380.2739199999999,39357443770258
1774162103472,2026-03-22 06:48:23.472,69152.0,0.0207,B,1431.4464,416893670067755
1774162104577,2026-03-22 06:48:24.577,69151.0,6e-05,A,4.14906,900836287738063
1774162104702,2026-03-22 06:48:24.702,69151.0,0.14337,A,9914.17887,525734630272470
1774162104702,2026-03-22 06:48:24.702,69150.0,0.00294,A,203.301,271140779945949
1774162104702,2026-03-22 06:48:24.702,69150.0,0.00015,A,10.372499999999999,215334800970810
1774162104702,2026-03-22 06:48:24.702,69150.0,0.00021,A,14.521500000000001,1018669460077971
1774162104968,2026-03-22 06:48:24.968,69150.0,0.00097,B,67.0755,842510593838552
1774162105498,2026-03-22 06:48:25.498,69149.0,0.00015,A,10.372349999999999,1075544899909113
1774162105498,2026-03-22 06:48:25.498,69149.0,0.00017,A,11.75533,124027696960018
1774162105498,2026-03-22 06:48:25.498,69149.0,0.00113,A,78.13837,915531842862528
1774162106663,2026-03-22 06:48:26.663,69149.0,7e-05,A,4.84043,770223998033959
1774162107864,2026-03-22 06:48:27.864,69149.0,0.00026,A,17.97874,460599680370743
1774162108869,2026-03-22 06:48:28.869,69149.0,0.00758,A,524.14942,931069413189515
1774162108869,2026-03-22 06:48:28.869,69149.0,0.00758,A,524.14942,725207486400317
1774162109075,2026-03-22 06:48:29.075,69150.0,0.00016,B,11.064,896069498692840
1774162111019,2026-03-22 06:48:31.019,69149.0,0.00237,A,163.88313000000002,1107300773187714
1774162111019,2026-03-22 06:48:31.019,69150.0,0.10812,B,7476.498,792088637033110
1774162111304,2026-03-22 06:48:31.304,69150.0,7e-05,B,4.8405,85595052679019
1774162112224,2026-03-22 06:48:32.224,69150.0,6e-05,B,4.149,648610628764217
1774162112923,2026-03-22 06:48:32.923,69149.0,0.00762,A,526.91538,114259637172102
1774162112923,2026-03-22 06:48:32.923,69149.0,0.00761,A,526.22389,291796398913531
1774162113732,2026-03-22 06:48:33.732,69149.0,6e-05,A,4.1489400000000005,107790171392686
1774162114029,2026-03-22 06:48:34.029,69149.0,0.00017,A,11.75533,342728495256268
1774162114029,2026-03-22 06:48:34.029,69149.0,0.00141,A,97.50009,642894384841788
1774162115231,2026-03-22 06:48:35.231,69150.0,0.00648,B,448.092,981489983494084
1774162116636,2026-03-22 06:48:36.636,69150.0,0.01137,B,786.2355,545683201745520
1774162118037,2026-03-22 06:48:38.037,69150.0,0.00016,B,11.064,75889643973468
1774162119167,2026-03-22 06:48:39.167,69148.0,0.00027,A,18.66996,49145665015001
1774162119167,2026-03-22 06:48:39.167,69148.0,0.00015,A,10.3722,645918267538347
1774162119255,2026-03-22 06:48:39.255,69147.0,0.00015,A,10.37205,657324073708093
1774162119588,2026-03-22 06:48:39.588,69146.0,0.003,A,207.43800000000002,735777742609990
1774162119588,2026-03-22 06:48:39.588,69146.0,0.00015,A,10.371899999999998,80004582664719
1774162119588,2026-03-22 06:48:39.588,69146.0,0.01011,A,699.06606,206532183002681
1774162119785,2026-03-22 06:48:39.785,69145.0,0.00016,A,11.0632,212107958537368
1774162119785,2026-03-22 06:48:39.785,69144.0,0.00374,A,258.59855999999996,1116744397578877
1774162124000,2026-03-22 06:48:44.000,69143.0,0.00416,A,287.63487999999995,1040239036724128
1774162125009,2026-03-22 06:48:45.009,69144.0,0.00057,B,39.412079999999996,80037038153919
1774162125830,2026-03-22 06:48:45.830,69144.0,6e-05,B,4.14864,727686210448566
1774162126005,2026-03-22 06:48:46.005,69143.0,0.00393,A,271.73199,749955640400483
1774162126761,2026-03-22 06:48:46.761,69144.0,0.006,B,414.86400000000003,376416415441266
1774162127211,2026-03-22 06:48:47.211,69143.0,0.02083,A,1440.2486900000001,403488963575717
1774162127211,2026-03-22 06:48:47.211,69143.0,0.00017,A,11.75431,733487943674085
1774162129173,2026-03-22 06:48:49.173,69143.0,6e-05,A,4.14858,983382086297342
1774162134050,2026-03-22 06:48:54.050,69143.0,0.00287,A,198.44041,924574310852384
1774162135372,2026-03-22 06:48:55.372,69144.0,0.09158,B,6332.20752,795043995510877
1774162135372,2026-03-22 06:48:55.372,69144.0,0.11541,B,7979.90904,36767330581020
1774162135372,2026-03-22 06:48:55.372,69144.0,0.09301,B,6431.083439999999,882913787562418
1774162135560,2026-03-22 06:48:55.560,69143.0,1e-05,A,0.6914300000000001,654618233984417
1774162137079,2026-03-22 06:48:57.079,69143.0,0.00017,A,11.75431,192819318041022
1774162137933,2026-03-22 06:48:57.933,69144.0,0.02797,B,1933.95768,1061406268057816
1774162137933,2026-03-22 06:48:57.933,69144.0,0.0462,B,3194.4528,47282671366608
1774162139084,2026-03-22 06:48:59.084,69144.0,0.00016,B,11.06304,863275058819983
1774162139188,2026-03-22 06:48:59.188,69143.0,0.03719,A,2571.42817,678717758874178
1774162139188,2026-03-22 06:48:59.188,69143.0,0.01011,A,699.03573,775218018948491
1774162139188,2026-03-22 06:48:59.188,69143.0,0.00145,A,100.25734999999999,814754220114255
1774162139188,2026-03-22 06:48:59.188,69142.0,0.00015,A,10.3713,1043839418506410
1774162139188,2026-03-22 06:48:59.188,69142.0,0.02892,A,1999.58664,196447500490452
1774162139188,2026-03-22 06:48:59.188,69141.0,0.00016,A,11.062560000000001,839648131042356
1774162139188,2026-03-22 06:48:59.188,69141.0,0.02202,A,1522.4848200000001,503252712265001
1774162139533,2026-03-22 06:48:59.533,69142.0,6e-05,B,4.14852,176102207154586
1774162141092,2026-03-22 06:49:01.092,69141.0,0.00238,A,164.55558000000002,691744091695939
1774162141943,2026-03-22 06:49:01.943,69141.0,0.00691,A,477.76431,68726210876672
1774162141943,2026-03-22 06:49:01.943,69142.0,0.00017,B,11.754140000000001,885390831049510
1774162142408,2026-03-22 06:49:02.408,69141.0,6e-05,A,4.14846,177148539968321
1774162144003,2026-03-22 06:49:04.003,69141.0,0.00017,A,11.75397,527291133676329
1774162144181,2026-03-22 06:49:04.181,69141.0,0.00144,A,99.56304,1057090685853768
1774162144293,2026-03-22 06:49:04.293,69141.0,0.00128,A,88.50048000000001,1104962799783069
1774162145032,2026-03-22 06:49:05.032,69137.0,0.00142,A,98.17454000000001,712894372530808
1774162145985,2026-03-22 06:49:05.985,69135.0,0.00017,A,11.75295,271496856852024
1774162145985,2026-03-22 06:49:05.985,69135.0,0.00012,A,8.2962,1027846891620219
1774162148043,2026-03-22 06:49:08.043,69136.0,0.00016,B,11.061760000000001,766482883111568
1774162148190,2026-03-22 06:49:08.190,69135.0,0.00347,A,239.89845,815637953153631
1774162150417,2026-03-22 06:49:10.417,69134.0,0.00017,A,11.752780000000001,327273790178121
1774162150417,2026-03-22 06:49:10.417,69133.0,0.00017,A,11.75261,983167176891695
1774162150760,2026-03-22 06:49:10.760,69132.0,0.00017,A,11.75244,165638641815448
1774162150760,2026-03-22 06:49:10.760,69131.0,0.00017,A,11.752270000000001,419568486469935
1774162150822,2026-03-22 06:49:10.822,69130.0,0.00015,A,10.369499999999999,963877688939653
1774162150822,2026-03-22 06:49:10.822,69130.0,0.00017,A,11.7521,299449862446183
1774162150866,2026-03-22 06:49:10.866,69129.0,0.00017,A,11.751930000000002,838915707880829
1774162150866,2026-03-22 06:49:10.866,69128.0,0.00072,A,49.77216000000001,231972187460173
1774162150866,2026-03-22 06:49:10.866,69128.0,0.00017,A,11.75176,441709840129223
1774162151035,2026-03-22 06:49:11.035,69127.0,0.00022,A,15.20794,293282275697201
1774162151035,2026-03-22 06:49:11.035,69127.0,0.003,A,207.381,560999004178526
1774162151035,2026-03-22 06:49:11.035,69127.0,0.00017,A,11.75159,595191169861132
1774162151182,2026-03-22 06:49:11.182,69126.0,0.00016,A,11.060160000000002,331381741913092
1774162151182,2026-03-22 06:49:11.182,69126.0,0.00017,A,11.751420000000001,270521989402157
1774162151381,2026-03-22 06:49:11.381,69125.0,0.2,A,13825.0,878076309244595
1774162151381,2026-03-22 06:49:11.381,69125.0,0.27079,A,18718.35875,659465060686689
1774162151381,2026-03-22 06:49:11.381,69125.0,0.25,A,17281.25,424749808462928
1774162151381,2026-03-22 06:49:11.381,69125.0,0.24069,A,16637.69625,843847398169038
1774162151381,2026-03-22 06:49:11.381,69125.0,0.03852,A,2662.6949999999997,870043197480705
1774162151381,2026-03-22 06:49:11.381,69125.0,0.00017,A,11.75125,52649410311444
1774162151381,2026-03-22 06:49:11.381,69125.0,0.003,A,207.375,1097615201703992
1774162152023,2026-03-22 06:49:12.023,69124.0,0.00017,A,11.75108,354154760624174
1774162152274,2026-03-22 06:49:12.274,69123.0,0.00016,A,11.05968,369015052354876
1774162152274,2026-03-22 06:49:12.274,69123.0,0.00077,A,53.224709999999995,1057470473008137
1774162152274,2026-03-22 06:49:12.274,69123.0,0.00017,A,11.750910000000001,115265294983859
1774162152274,2026-03-22 06:49:12.274,69123.0,0.00015,A,10.36845,258255494265762
1774162152274,2026-03-22 06:49:12.274,69122.0,0.00017,A,11.75074,1073614576018752
1774162152274,2026-03-22 06:49:12.274,69121.0,0.00017,A,11.750570000000002,445541799425015
1774162152274,2026-03-22 06:49:12.274,69120.0,0.00017,A,11.7504,566638679540198
1774162152274,2026-03-22 06:49:12.274,69119.0,0.00016,A,11.059040000000001,885194782386430
1774162152274,2026-03-22 06:49:12.274,69119.0,0.00017,A,11.75023,731918985774865
1774162152274,2026-03-22 06:49:12.274,69118.0,0.00017,A,11.750060000000001,905621273582380
1774162152274,2026-03-22 06:49:12.274,69117.0,0.00017,A,11.74989,480154213846392
1774162152274,2026-03-22 06:49:12.274,69117.0,0.00019,A,13.13223,314465525533037
1774162152970,2026-03-22 06:49:12.970,69118.0,6e-05,B,4.14708,167210931805037
1774162153586,2026-03-22 06:49:13.586,69117.0,0.00281,A,194.21877,897911750747942
1774162153586,2026-03-22 06:49:13.586,69117.0,2e-05,A,1.3823400000000001,207884354119154
1774162154038,2026-03-22 06:49:14.038,69116.0,0.00017,A,11.749720000000002,446746360698648
1774162154038,2026-03-22 06:49:14.038,69116.0,0.00398,A,275.08168,653867101299463
1774162155047,2026-03-22 06:49:15.047,69117.0,0.00056,B,38.70552,427345191519464
1774162155260,2026-03-22 06:49:15.260,69116.0,6e-05,A,4.14696,1114885167939026
1774162156061,2026-03-22 06:49:16.061,69116.0,0.00392,A,270.93471999999997,497935159760786
1774162158592,2026-03-22 06:49:18.592,69116.0,0.01137,A,785.84892,14813955767490
1774162160815,2026-03-22 06:49:20.815,69117.0,0.12281,B,8488.25877,628537071221932
1774162160815,2026-03-22 06:49:20.815,69117.0,0.46538,B,32165.66946,349728763035434
1774162160815,2026-03-22 06:49:20.815,69117.0,0.08906,B,6155.56002,503002416977701
1774162161924,2026-03-22 06:49:21.924,69117.0,0.00017,B,11.74989,677318902448168
1774162161924,2026-03-22 06:49:21.924,69117.0,0.00128,B,88.46976000000001,188550425258349
1774162164030,2026-03-22 06:49:24.030,69116.0,0.0096,A,663.5136,669196692366219
1774162164030,2026-03-22 06:49:24.030,69116.0,0.01186,A,819.71576,575380040684724
1774162164030,2026-03-22 06:49:24.030,69116.0,0.00362,A,250.19992,766466907920915
1774162164030,2026-03-22 06:49:24.030,69116.0,0.01115,A,770.6434,1093268170062505
1774162165793,2026-03-22 06:49:25.793,69117.0,0.00015,B,10.36755,262267000543038
1774162167054,2026-03-22 06:49:27.054,69116.0,0.00017,A,11.749720000000002,218289397263234
1774162167246,2026-03-22 06:49:27.246,69117.0,6e-05,B,4.14702,723427641385865
1774162167552,2026-03-22 06:49:27.552,69116.0,6e-05,A,4.14696,479257722620336
1774162168057,2026-03-22 06:49:28.057,69117.0,0.00211,B,145.83687,723167535947423
1774162168057,2026-03-22 06:49:28.057,69117.0,8e-05,B,5.5293600000000005,1040049609927342
1774162169078,2026-03-22 06:49:29.078,69117.0,0.00016,B,11.058720000000001,1024704156069532
1774162171043,2026-03-22 06:49:31.043,69116.0,0.00238,A,164.49608,735297006330388
1774162174070,2026-03-22 06:49:34.070,69116.0,0.00017,A,11.749720000000002,302194471280456
1774162174070,2026-03-22 06:49:34.070,69116.0,0.00142,A,98.14472,150844328416790
1774162176211,2026-03-22 06:49:36.211,69115.0,0.00017,A,11.749550000000001,449051216131608
1774162176211,2026-03-22 06:49:36.211,69114.0,0.00017,A,11.74938,837563283230564
1774162176211,2026-03-22 06:49:36.211,69113.0,0.00017,A,11.749210000000001,953366869440116
1774162176211,2026-03-22 06:49:36.211,69113.0,0.00094,A,64.96621999999999,220489668101166
1774162177167,2026-03-22 06:49:37.167,69113.0,0.0136,A,939.9368,394535027704583
1774162178015,2026-03-22 06:49:38.015,69114.0,0.00016,B,11.058240000000001,800639997881361
1774162180249,2026-03-22 06:49:40.249,69113.0,0.00022,A,15.20486,876748281194440
1774162181328,2026-03-22 06:49:41.328,69114.0,6e-05,B,4.14684,866942181861294
1774162182023,2026-03-22 06:49:42.023,69113.0,6e-05,A,4.14678,907229593723245
1774162182023,2026-03-22 06:49:42.023,69113.0,0.01411,A,975.1844299999999,735308909821548
1774162182023,2026-03-22 06:49:42.023,69113.0,0.00143,A,98.83159,39055118743564
1774162182023,2026-03-22 06:49:42.023,69113.0,0.00017,A,11.749210000000001,930251684419131
1774162182023,2026-03-22 06:49:42.023,69113.0,0.01012,A,699.4235600000001,722103442189004
1774162182023,2026-03-22 06:49:42.023,69113.0,0.02006,A,1386.40678,120271235602525
1774162184036,2026-03-22 06:49:44.036,69113.0,0.00416,A,287.51007999999996,850028128263996
1774162184833,2026-03-22 06:49:44.833,69113.0,0.01017,A,702.8792100000001,1107742588808457
1774162185043,2026-03-22 06:49:45.043,69114.0,0.00057,B,39.39498,750520118126627
1774162185644,2026-03-22 06:49:45.644,69113.0,0.0061,A,421.58930000000004,895954008232837
1774162185644,2026-03-22 06:49:45.644,69113.0,0.00144,A,99.52272,26071207324001
1774162185644,2026-03-22 06:49:45.644,69113.0,0.01012,A,699.4235600000001,558892979717372
1774162185644,2026-03-22 06:49:45.644,69113.0,0.00017,A,11.749210000000001,917868375140481
1774162185964,2026-03-22 06:49:45.964,69113.0,2e-05,B,1.38226,526191346557915
1774162185964,2026-03-22 06:49:45.964,69113.0,1.01283,B,69999.71978999999,590607064599054
1774162185964,2026-03-22 06:49:45.964,69113.0,0.12,B,8293.56,988105074609256
1774162185964,2026-03-22 06:49:45.964,69113.0,0.10371,B,7167.7092299999995,854295092576250
1774162185964,2026-03-22 06:49:45.964,69113.0,0.08892,B,6145.52796,666094306463718
1774162185964,2026-03-22 06:49:45.964,69113.0,0.1597,B,11037.3461,392606493522207
1774162185964,2026-03-22 06:49:45.964,69113.0,0.12,B,8293.56,265475914737431
1774162185964,2026-03-22 06:49:45.964,69113.0,0.10235,B,7073.71555,998939913858469
1774162185964,2026-03-22 06:49:45.964,69113.0,0.15278,B,10559.08414,1027001224262379
1774162185964,2026-03-22 06:49:45.964,69113.0,0.13969,B,9654.394970000001,323423865353569
1774162186047,2026-03-22 06:49:46.047,69112.0,0.00017,A,11.74904,1082051933983271
1774162186047,2026-03-22 06:49:46.047,69112.0,0.00376,A,259.86111999999997,677438894849008
1774162187870,2026-03-22 06:49:47.870,69113.0,0.02947,B,2036.76011,403267371210940
1774162187870,2026-03-22 06:49:47.870,69113.0,0.07148,B,4940.19724,77244960671703
1774162188675,2026-03-22 06:49:48.675,69113.0,0.00524,B,362.15211999999997,859488077326461
1774162190781,2026-03-22 06:49:50.781,69113.0,0.00382,B,264.01166,143169967651311
1774162193390,2026-03-22 06:49:53.390,69113.0,0.0207,B,1430.6390999999999,711355042295280
1774162195894,2026-03-22 06:49:55.894,69113.0,6e-05,B,4.14678,63121347545443
1774162196411,2026-03-22 06:49:56.411,69112.0,0.00031,A,21.42472,28426995953688
1774162197015,2026-03-22 06:49:57.015,69112.0,0.00017,A,11.74904,1108190126445202
1774162199021,2026-03-22 06:49:59.021,69113.0,0.00016,B,11.05808,767866330704711
1774162199345,2026-03-22 06:49:59.345,69112.0,6e-05,A,4.14672,803395909101170
1774162199546,2026-03-22 06:49:59.546,69113.0,0.005,B,345.565,1029800343623235
1774162200287,2026-03-22 06:50:00.287,69112.0,0.10704,A,7397.748479999999,211234814719520
1774162200834,2026-03-22 06:50:00.834,69112.0,0.04528,A,3129.39136,955003878064149
1774162201030,2026-03-22 06:50:01.030,69112.0,0.00238,A,164.48656000000003,110943230759078
1774162201760,2026-03-22 06:50:01.760,69113.0,0.00732,B,505.90716000000003,59187173443471
1774162203256,2026-03-22 06:50:03.256,69112.0,0.00072,A,49.76064,447568665694568
1774162203569,2026-03-22 06:50:03.569,69113.0,0.04752,B,3284.24976,129435467950051
1774162203857,2026-03-22 06:50:03.857,69112.0,0.00029,A,20.04248,166878150048034
1774162204060,2026-03-22 06:50:04.060,69112.0,0.00017,A,11.74904,634570299670134
1774162204060,2026-03-22 06:50:04.060,69112.0,0.00142,A,98.13904000000001,616463205089743
1774162205261,2026-03-22 06:50:05.261,69112.0,0.04461,A,3083.08632,461424632428564
1774162205261,2026-03-22 06:50:05.261,69112.0,0.02893,A,1999.4101600000001,373034431119295
1774162205261,2026-03-22 06:50:05.261,69112.0,0.04049,A,2798.34488,445910325211042
1774162205261,2026-03-22 06:50:05.261,69112.0,0.01012,A,699.41344,370335968591999
1774162205261,2026-03-22 06:50:05.261,69112.0,0.14789,A,10220.97368,257384913288912
1774162205261,2026-03-22 06:50:05.261,69112.0,0.00017,A,11.74904,730467064168827
1774162205261,2026-03-22 06:50:05.261,69112.0,0.37216,A,25720.72192,423269123181215
1774162205261,2026-03-22 06:50:05.261,69112.0,0.36016,A,24891.37792,710402701969937
1774162205261,2026-03-22 06:50:05.261,69112.0,0.06586,A,4551.71632,1055133179421792
1774162205261,2026-03-22 06:50:05.261,69112.0,0.0762,A,5266.334400000001,78660578979123
1774162205261,2026-03-22 06:50:05.261,69112.0,0.10128,A,6999.66336,747902386830611
1774162205261,2026-03-22 06:50:05.261,69112.0,0.16,A,11057.92,252647621610932
1774162205261,2026-03-22 06:50:05.261,69112.0,0.07221,A,4990.57752,863516378025184
1774162205261,2026-03-22 06:50:05.261,69112.0,0.05775,A,3991.2180000000003,1113022928234335
1774162205261,2026-03-22 06:50:05.261,69112.0,0.07064,A,4882.07168,191793713768608
1774162205261,2026-03-22 06:50:05.261,69112.0,0.039,A,2695.368,349446565626440
1774162205261,2026-03-22 06:50:05.261,69112.0,0.03924,A,2711.95488,77839940415981
1774162205261,2026-03-22 06:50:05.261,69112.0,0.04552,A,3145.97824,165288116667687
1774162205261,2026-03-22 06:50:05.261,69112.0,0.00314,A,217.01168,424519820443474
1774162205261,2026-03-22 06:50:05.261,69112.0,0.00374,A,258.47888,864695716175951
1774162205261,2026-03-22 06:50:05.261,69112.0,0.07331,A,5066.60072,897636982743206
1774162205261,2026-03-22 06:50:05.261,69112.0,0.00145,A,100.21239999999999,985878958944152
1774162205261,2026-03-22 06:50:05.261,69111.0,1.57317,A,108723.35187,485905051546055
1774162205261,2026-03-22 06:50:05.261,69111.0,0.00017,A,11.74887,756664812975015
1774162205261,2026-03-22 06:50:05.261,69111.0,0.00015,A,10.36665,41767941755428
1774162205261,2026-03-22 06:50:05.261,69111.0,0.07953,A,5496.39783,352094208979756
1774162205261,2026-03-22 06:50:05.261,69110.0,0.092,A,6358.12,596740549465686
1774162205261,2026-03-22 06:50:05.261,69110.0,0.00017,A,11.748700000000001,962118635722483
1774162205261,2026-03-22 06:50:05.261,69110.0,0.04091,A,2827.2901,58321519454290
1774162205261,2026-03-22 06:50:05.261,69109.0,0.00017,A,11.74853,439923786730090
1774162205261,2026-03-22 06:50:05.261,69109.0,0.05665,A,3915.02485,858816331425715
1774162205261,2026-03-22 06:50:05.261,69108.0,0.00016,A,11.05728,576614362193212
1774162205261,2026-03-22 06:50:05.261,69108.0,0.00017,A,11.748360000000002,289167980130167
1774162205261,2026-03-22 06:50:05.261,69108.0,0.1,A,6910.8,525968013702110
1774162205261,2026-03-22 06:50:05.261,69108.0,0.25306,A,17488.47048,544037405431796
1774162205261,2026-03-22 06:50:05.261,69108.0,0.04044,A,2794.72752,494141238221726
1774162205261,2026-03-22 06:50:05.261,69108.0,0.07793,A,5385.58644,649344954078490
1774162205261,2026-03-22 06:50:05.261,69107.0,0.01157,A,799.56799,837436635548485
1774162205261,2026-03-22 06:50:05.261,69107.0,0.00017,A,11.748190000000001,382859801141030
1774162205261,2026-03-22 06:50:05.261,69107.0,0.003,A,207.321,1107741572546451
1774162205261,2026-03-22 06:50:05.261,69107.0,0.07389,A,5106.316229999999,668107606884735
1774162205261,2026-03-22 06:50:05.261,69107.0,1.27143,A,87864.71301,575020219576911
1774162206678,2026-03-22 06:50:06.678,69109.0,0.00017,A,11.74853,62115788251910
1774162206678,2026-03-22 06:50:06.678,69109.0,0.0097,A,670.3573,45099358529100
1774162206868,2026-03-22 06:50:06.868,69110.0,0.00015,B,10.366499999999998,632313427274378
1774162208070,2026-03-22 06:50:08.070,69110.0,0.00016,B,11.0576,216761763705670
1774162210074,2026-03-22 06:50:10.074,69110.0,6e-05,B,4.1466,387166191396269
1774162212153,2026-03-22 06:50:12.153,69109.0,0.00028,A,19.35052,36997774230093
1774162214028,2026-03-22 06:50:14.028,69109.0,0.00416,A,287.49343999999996,195636660708684
1774162214765,2026-03-22 06:50:14.765,69110.0,0.00044,B,30.4084,552991129621896
1774162215035,2026-03-22 06:50:15.035,69110.0,0.00056,B,38.7016,160433573226751
1774162216042,2026-03-22 06:50:16.042,69109.0,0.00393,A,271.59837000000005,30071755526761
1774162216311,2026-03-22 06:50:16.311,69109.0,6e-05,A,4.14654,99356907620213
1774162216311,2026-03-22 06:50:16.311,69109.0,0.04472,A,3090.5544800000002,257515282279725
1774162216702,2026-03-22 06:50:16.702,69110.0,0.00017,B,11.748700000000001,406722618440425
1774162216702,2026-03-22 06:50:16.702,69110.0,0.00289,B,199.7279,36003422892089
1774162218516,2026-03-22 06:50:18.516,69110.0,2e-05,A,1.3822,685763055913167
1774162218516,2026-03-22 06:50:18.516,69110.0,0.00029,A,20.041900000000002,828544269754353
1774162220542,2026-03-22 06:50:20.542,69110.0,0.00044,A,30.4084,647818963465118
1774162224639,2026-03-22 06:50:24.639,69111.0,6e-05,B,4.14666,384098544128903
1774162226380,2026-03-22 06:50:26.380,69112.0,0.00015,B,10.3668,900984686864091
1774162226380,2026-03-22 06:50:26.380,69112.0,0.00017,B,11.74904,71006747325029
1774162226380,2026-03-22 06:50:26.380,69112.0,0.0002,B,13.8224,534548599748771
1774162226380,2026-03-22 06:50:26.380,69113.0,0.00017,B,11.749210000000001,292808987817206
1774162226380,2026-03-22 06:50:26.380,69114.0,0.00027,B,18.66078,394425844908456
1774162226380,2026-03-22 06:50:26.380,69114.0,0.00016,B,11.058240000000001,968675568019368
1774162226380,2026-03-22 06:50:26.380,69114.0,0.00017,B,11.74938,975595617334419
1774162226380,2026-03-22 06:50:26.380,69114.0,0.00015,B,10.367099999999999,89483089825088
1774162226923,2026-03-22 06:50:26.923,69115.0,0.00017,B,11.749550000000001,170522702074664
1774162227112,2026-03-22 06:50:27.112,69115.0,0.00017,A,11.749550000000001,1104209657078017
1774162228131,2026-03-22 06:50:28.131,69115.0,0.00111,A,76.71765,817075736253723
1774162228131,2026-03-22 06:50:28.131,69115.0,0.00178,A,123.0247,1017257420261127
1774162229076,2026-03-22 06:50:29.076,69116.0,0.00016,B,11.058560000000002,407741315596074
1774162229887,2026-03-22 06:50:29.887,69115.0,6e-05,A,4.1469000000000005,927880479611153
1774162230610,2026-03-22 06:50:30.610,69115.0,0.00449,A,310.32635,323047748951953
1774162231092,2026-03-22 06:50:31.092,69115.0,0.00238,A,164.49370000000002,1015130330206712
1774162231092,2026-03-22 06:50:31.092,69115.0,7e-05,A,4.83805,501220380204795
1774162231492,2026-03-22 06:50:31.492,69116.0,0.03074,B,2124.62584,960208973068240
1774162233102,2026-03-22 06:50:33.102,69116.0,0.01079,B,745.7616399999999,858534050380875
1774162234008,2026-03-22 06:50:34.008,69115.0,0.00017,A,11.749550000000001,30452392403899
1774162235020,2026-03-22 06:50:35.020,69115.0,0.00142,A,98.1433,1123794376091637
1774162236122,2026-03-22 06:50:36.122,69116.0,7e-05,B,4.83812,585791477381898
1774162238022,2026-03-22 06:50:38.022,69116.0,0.00016,B,11.058560000000002,1024529330134267
1774162238422,2026-03-22 06:50:38.422,69116.0,6e-05,B,4.14696,308721377103081
1774162239838,2026-03-22 06:50:39.838,69115.0,0.00356,A,246.0494,868430744196532
1774162240743,2026-03-22 06:50:40.743,69116.0,0.00044,B,30.41104,454564514291304
1774162243100,2026-03-22 06:50:43.100,69115.0,6e-05,A,4.1469000000000005,417654944991227
1774162244020,2026-03-22 06:50:44.020,69115.0,0.00416,A,287.5184,353273610414278
1774162245017,2026-03-22 06:50:45.017,69116.0,0.00057,B,39.396119999999996,272261672437414
1774162246312,2026-03-22 06:50:46.312,69115.0,0.00044,A,30.410600000000002,58495740002461
1774162252397,2026-03-22 06:50:52.397,69116.0,0.00017,B,11.749720000000002,460969651397709
1774162252540,2026-03-22 06:50:52.540,69116.0,6e-05,B,4.14696,112622879047954
1774162254223,2026-03-22 06:50:54.223,69115.0,0.00382,A,264.0193,966723387273814
1774162255636,2026-03-22 06:50:55.636,69115.0,6e-05,A,4.1469000000000005,661984520340413
1774162257026,2026-03-22 06:50:57.026,69115.0,0.00017,A,11.749550000000001,392385418119838
1774162259049,2026-03-22 06:50:59.049,69116.0,0.00016,B,11.058560000000002,627060419104451
1774162260592,2026-03-22 06:51:00.592,69115.0,0.00022,A,15.205300000000001,358956739655232
1774162261083,2026-03-22 06:51:01.083,69115.0,0.00238,A,164.49370000000002,29053556172742
1774162264036,2026-03-22 06:51:04.036,69115.0,0.00017,A,11.749550000000001,244621140907955
1774162264036,2026-03-22 06:51:04.036,69115.0,0.00141,A,97.45215,247761919337839
1774162266576,2026-03-22 06:51:06.576,69116.0,6e-05,B,4.14696,922853844800171
1774162267759,2026-03-22 06:51:07.759,69115.0,6e-05,A,4.1469000000000005,997353325962891
1774162274078,2026-03-22 06:51:14.078,69115.0,0.00416,A,287.5184,525394612386085
1774162274078,2026-03-22 06:51:14.078,69116.0,0.00826,B,570.89816,227084516668881
1774162275076,2026-03-22 06:51:15.076,69116.0,0.00056,B,38.70496,693049044696624
1774162278312,2026-03-22 06:51:18.312,69116.0,0.0002,B,13.8232,507884134739943
1774162278312,2026-03-22 06:51:18.312,69116.0,0.00017,B,11.749720000000002,235991792958317
1774162278312,2026-03-22 06:51:18.312,69116.0,0.02033,B,1405.1282800000001,602027473223301
1774162278596,2026-03-22 06:51:18.596,69115.0,0.00028,A,19.3522,735514382969891
1774162278998,2026-03-22 06:51:18.998,69115.0,0.02,A,1382.3,744129576393697
1774162281024,2026-03-22 06:51:21.024,69116.0,0.05064,B,3500.03424,1109667002954309
1774162281024,2026-03-22 06:51:21.024,69116.0,0.00017,B,11.749720000000002,750707172851849
1774162281024,2026-03-22 06:51:21.024,69117.0,0.00017,B,11.74989,894868148471169
1774162281024,2026-03-22 06:51:21.024,69117.0,0.00015,B,10.36755,48368209656368
1774162281149,2026-03-22 06:51:21.149,69118.0,0.00017,B,11.750060000000001,428228111139313
1774162281149,2026-03-22 06:51:21.149,69118.0,0.00016,B,11.05888,768290645964023
1774162281149,2026-03-22 06:51:21.149,69118.0,0.00015,B,10.3677,335259718940397
1774162281149,2026-03-22 06:51:21.149,69119.0,0.00017,B,11.75023,343871353619019
1774162281149,2026-03-22 06:51:21.149,69120.0,0.00017,B,11.7504,501533706707213
1774162281149,2026-03-22 06:51:21.149,69121.0,0.00017,B,11.750570000000002,752495596916174
1774162281149,2026-03-22 06:51:21.149,69122.0,0.00016,B,11.059520000000001,416413987919710
1774162281149,2026-03-22 06:51:21.149,69122.0,0.00017,B,11.75074,813084528871170
1774162281149,2026-03-22 06:51:21.149,69122.0,0.0013,B,89.8586,912475390433581
1774162281149,2026-03-22 06:51:21.149,69123.0,0.003,B,207.369,955809907388429
1774162281149,2026-03-22 06:51:21.149,69123.0,0.00017,B,11.750910000000001,563584478203780
1774162281149,2026-03-22 06:51:21.149,69123.0,0.00033,B,22.81059,149808171285898
1774162281149,2026-03-22 06:51:21.149,69124.0,0.00017,B,11.75108,67744751756760
1774162281149,2026-03-22 06:51:21.149,69124.0,0.00015,B,10.368599999999999,648312016867491
1774162281149,2026-03-22 06:51:21.149,69124.0,0.00033,B,22.81092,197283153786390
1774162281149,2026-03-22 06:51:21.149,69125.0,0.00016,B,11.06,496503710348167
1774162281149,2026-03-22 06:51:21.149,69125.0,0.00017,B,11.75125,128249519997548
1774162281149,2026-03-22 06:51:21.149,69126.0,0.00017,B,11.751420000000001,842106580091440
1774162281149,2026-03-22 06:51:21.149,69126.0,0.003,B,207.37800000000001,442434606593537
1774162281149,2026-03-22 06:51:21.149,69127.0,0.00017,B,11.75159,632047633968046
1774162281149,2026-03-22 06:51:21.149,69128.0,0.00017,B,11.75176,778167215468454
1774162281149,2026-03-22 06:51:21.149,69129.0,0.00016,B,11.060640000000001,714020420457525
1774162281149,2026-03-22 06:51:21.149,69129.0,0.00015,B,10.369349999999999,286909973963144
1774162281149,2026-03-22 06:51:21.149,69129.0,0.00017,B,11.751930000000002,637154525500229
1774162281149,2026-03-22 06:51:21.149,69130.0,0.00017,B,11.7521,842764489968259
1774162281149,2026-03-22 06:51:21.149,69131.0,0.00017,B,11.752270000000001,517942390490205
1774162281149,2026-03-22 06:51:21.149,69132.0,0.00017,B,11.75244,999455144448627
1774162281149,2026-03-22 06:51:21.149,69132.0,0.00022,B,15.20904,970065528482419
1774162281149,2026-03-22 06:51:21.149,69133.0,0.00016,B,11.061280000000002,986662764229278
1774162281149,2026-03-22 06:51:21.149,69133.0,0.00017,B,11.75261,626910560600151
1774162281149,2026-03-22 06:51:21.149,69134.0,0.00016,B,11.061440000000001,935739381505091
1774162281149,2026-03-22 06:51:21.149,69134.0,0.00017,B,11.752780000000001,877320983724921
1774162281149,2026-03-22 06:51:21.149,69134.0,0.05665,B,3916.4411,4622435944408
1774162281149,2026-03-22 06:51:21.149,69135.0,0.00015,B,10.370249999999999,314447382861969
1774162281149,2026-03-22 06:51:21.149,69135.0,0.00017,B,11.75295,292822191700680
1774162281149,2026-03-22 06:51:21.149,69135.0,0.01784,B,1233.3684,1119680175831563
1774162281221,2026-03-22 06:51:21.221,69136.0,0.00016,B,11.061760000000001,249035761064957
1774162281221,2026-03-22 06:51:21.221,69137.0,0.00384,B,265.48608,713909887162716
1774162281639,2026-03-22 06:51:21.639,69137.0,6e-05,B,4.14822,1115007251527920
1774162282229,2026-03-22 06:51:22.229,69137.0,0.053,B,3664.261,597591606196237
1774162282441,2026-03-22 06:51:22.441,69137.0,0.00025,B,17.28425,699134675525076
1774162283293,2026-03-22 06:51:23.293,69137.0,0.00076,B,52.54412,139353102244205
1774162283293,2026-03-22 06:51:23.293,69137.0,0.00016,B,11.06192,491007005142376
1774162283443,2026-03-22 06:51:23.443,69137.0,0.00022,B,15.21014,1086934823037318
1774162284736,2026-03-22 06:51:24.736,69136.0,6e-05,A,4.14816,1099924164308081
1774162286286,2026-03-22 06:51:26.286,69137.0,0.00017,B,11.753290000000002,355085897902485
1774162286286,2026-03-22 06:51:26.286,69138.0,0.00019,B,13.136220000000002,1033832872744429
1774162286286,2026-03-22 06:51:26.286,69138.0,0.00017,B,11.75346,662724407979304
1774162286286,2026-03-22 06:51:26.286,69139.0,0.00017,B,11.753630000000001,85467559768637
1774162286286,2026-03-22 06:51:26.286,69140.0,0.00016,B,11.0624,668234162291071
1774162286286,2026-03-22 06:51:26.286,69140.0,0.00017,B,11.7538,843583224951291
1774162286286,2026-03-22 06:51:26.286,69140.0,0.00015,B,10.370999999999999,88603335849831
1774162286286,2026-03-22 06:51:26.286,69141.0,0.00017,B,11.75397,58763901065547
1774162287029,2026-03-22 06:51:27.029,69141.0,0.0001,A,6.9141,783053100496790
1774162287029,2026-03-22 06:51:27.029,69141.0,7e-05,A,4.8398699999999995,292317859703268
1774162287029,2026-03-22 06:51:27.029,69141.0,0.00087,A,60.15267,653392669681461
1774162287130,2026-03-22 06:51:27.130,69141.0,0.00264,A,182.53224,848598369754642
1774162289147,2026-03-22 06:51:29.147,69142.0,0.00016,B,11.06272,543389359209864
1774162289960,2026-03-22 06:51:29.960,69140.0,0.00015,A,10.370999999999999,1125542757917802
1774162290760,2026-03-22 06:51:30.760,69137.0,0.00016,A,11.06192,807076012408894
1774162290760,2026-03-22 06:51:30.760,69137.0,0.00129,A,89.18673,150000716122819
1774162291163,2026-03-22 06:51:31.163,69137.0,0.00237,A,163.85469,37675746156296
1774162293205,2026-03-22 06:51:33.205,69136.0,0.003,A,207.40800000000002,803443550576660
1774162293205,2026-03-22 06:51:33.205,69135.0,0.00015,A,10.370249999999999,240188382554040
1774162293372,2026-03-22 06:51:33.372,69134.0,0.00016,A,11.061440000000001,1114942056862610
1774162293372,2026-03-22 06:51:33.372,69134.0,0.00015,A,10.370099999999999,940219015840641
1774162293372,2026-03-22 06:51:33.372,69134.0,0.00017,A,11.752780000000001,171029202753318
1774162293739,2026-03-22 06:51:33.739,69131.0,0.003,A,207.393,12598878657578
1774162293739,2026-03-22 06:51:33.739,69131.0,0.00017,A,11.752270000000001,815336326026818
1774162293739,2026-03-22 06:51:33.739,69130.0,0.00016,A,11.0608,9985617009412
1774162293739,2026-03-22 06:51:33.739,69130.0,0.00017,A,11.7521,764374060593903
1774162293739,2026-03-22 06:51:33.739,69129.0,0.00017,A,11.751930000000002,573638822870751
1774162294114,2026-03-22 06:51:34.114,69128.0,0.00017,A,11.75176,552502227626400
1774162294114,2026-03-22 06:51:34.114,69127.0,0.00017,A,11.75159,695109823936573
1774162294114,2026-03-22 06:51:34.114,69126.0,0.00016,A,11.060160000000002,568513908299890
1774162294114,2026-03-22 06:51:34.114,69126.0,0.00109,A,75.34734,25224998378959
1774162295390,2026-03-22 06:51:35.390,69127.0,0.01662,B,1148.89074,936726203108531
1774162295591,2026-03-22 06:51:35.591,69127.0,6e-05,B,4.14762,724131834245087
1774162297200,2026-03-22 06:51:37.200,69127.0,0.20023,B,13841.29921,762742181292115
1774162297200,2026-03-22 06:51:37.200,69127.0,0.09235,B,6383.87845,1064727484155150
1774162297200,2026-03-22 06:51:37.200,69127.0,0.11016,B,7615.03032,810459328375939
1774162297200,2026-03-22 06:51:37.200,69127.0,0.06123,B,4232.64621,912726748967444
1774162297200,2026-03-22 06:51:37.200,69127.0,0.27543,B,19039.64961,115533511140229
1774162297200,2026-03-22 06:51:37.200,69127.0,0.35,B,24194.449999999997,881921574061286
1774162297200,2026-03-22 06:51:37.200,69127.0,0.065,B,4493.255,954130792520697
1774162297200,2026-03-22 06:51:37.200,69127.0,0.00145,B,100.23415,753037957164157
1774162297200,2026-03-22 06:51:37.200,69127.0,0.11153,B,7709.734310000001,127218784574511
1774162297200,2026-03-22 06:51:37.200,69127.0,0.12095,B,8360.91065,1053562786238877
1774162297200,2026-03-22 06:51:37.200,69127.0,0.2447,B,16915.3769,614789395508518
1774162297200,2026-03-22 06:51:37.200,69127.0,0.09119,B,6303.691129999999,682112021241448
1774162297200,2026-03-22 06:51:37.200,69127.0,0.21,B,14516.67,408987866277908
1774162297200,2026-03-22 06:51:37.200,69127.0,0.14806,B,10234.94362,992447460194613
1774162297200,2026-03-22 06:51:37.200,69127.0,0.21,B,14516.67,262546984444429
1774162297200,2026-03-22 06:51:37.200,69127.0,0.35,B,24194.449999999997,1080043512035906
1774162297200,2026-03-22 06:51:37.200,69127.0,2.94811,B,203793.99996999998,813930809396786
1774162298001,2026-03-22 06:51:38.001,69127.0,0.00016,B,11.06032,1074442764635861
1774162298402,2026-03-22 06:51:38.402,69126.0,0.00017,A,11.751420000000001,670707013692738
1774162298402,2026-03-22 06:51:38.402,69126.0,1e-05,A,0.6912600000000001,811272699903068
1774162302509,2026-03-22 06:51:42.509,69126.0,5e-05,A,3.4563,22799185207971
1774162304030,2026-03-22 06:51:44.030,69126.0,0.00415,A,286.8729,1115927719430920
1774162305042,2026-03-22 06:51:45.042,69127.0,0.00057,B,39.40239,371105682095245
1774162310186,2026-03-22 06:51:50.186,69127.0,4e-05,B,2.76508,540256805734974
1774162316856,2026-03-22 06:51:56.856,69127.0,0.00036,B,24.885720000000003,122140165922332
1774162317031,2026-03-22 06:51:57.031,69126.0,0.00017,A,11.751420000000001,597503300575687
1774162317727,2026-03-22 06:51:57.727,69126.0,4e-05,A,2.7650400000000004,386275097497064
1774162319051,2026-03-22 06:51:59.051,69127.0,0.00016,B,11.06032,808984583647041
1774162321082,2026-03-22 06:52:01.082,69126.0,0.00238,A,164.51988,965453840623532
1774162323761,2026-03-22 06:52:03.761,69132.0,0.003,B,207.39600000000002,891979411794853
1774162323761,2026-03-22 06:52:03.761,69132.0,0.00017,B,11.75244,728772553617316
1774162323761,2026-03-22 06:52:03.761,69133.0,0.00016,B,11.061280000000002,31173144824220
1774162323761,2026-03-22 06:52:03.761,69133.0,0.00336,B,232.28688,985786077935080
1774162323926,2026-03-22 06:52:03.926,69133.0,4e-05,B,2.7653200000000004,1102051219317206
1774162323926,2026-03-22 06:52:03.926,69133.0,0.00013,B,8.98729,169994906952485
1774162323926,2026-03-22 06:52:03.926,69134.0,0.00017,B,11.752780000000001,271470400650243
1774162323926,2026-03-22 06:52:03.926,69135.0,0.00015,B,10.370249999999999,776726651620539
1774162323926,2026-03-22 06:52:03.926,69135.0,0.00017,B,11.75295,1017775374889307
1774162323926,2026-03-22 06:52:03.926,69136.0,0.00016,B,11.061760000000001,60808817932496
1774162323926,2026-03-22 06:52:03.926,69136.0,0.00017,B,11.753120000000001,797091135553523
1774162323926,2026-03-22 06:52:03.926,69137.0,0.003,B,207.411,303142053082590
1774162323926,2026-03-22 06:52:03.926,69137.0,0.00017,B,11.753290000000002,1075375917373425
1774162324061,2026-03-22 06:52:04.061,69137.0,0.00017,A,11.753290000000002,180387092620861
1774162324061,2026-03-22 06:52:04.061,69137.0,0.00142,A,98.17454000000001,259832272410862
1774162324598,2026-03-22 06:52:04.598,69137.0,0.01668,A,1153.20516,1041490830919159
1774162328047,2026-03-22 06:52:08.047,69138.0,0.00016,B,11.062080000000002,184614208170087
1774162330587,2026-03-22 06:52:10.587,69137.0,4e-05,A,2.76548,86752848106153
1774162330786,2026-03-22 06:52:10.786,69137.0,0.00072,A,49.77864,571176503177353
1774162331995,2026-03-22 06:52:11.995,69137.0,0.0015,A,103.7055,751276828449165
1774162331995,2026-03-22 06:52:11.995,69136.0,0.00015,A,10.370399999999998,1061312326097414
1774162331995,2026-03-22 06:52:11.995,69136.0,2e-05,A,1.3827200000000002,57698062594952
1774162334034,2026-03-22 06:52:14.034,69135.0,0.00015,A,10.370249999999999,642261394061953
1774162334034,2026-03-22 06:52:14.034,69132.0,0.003,A,207.39600000000002,466410202792100
1774162334034,2026-03-22 06:52:14.034,69131.0,0.00101,A,69.82231,46194320740494
1774162335047,2026-03-22 06:52:15.047,69132.0,0.00017,B,11.75244,855031769368721
1774162335047,2026-03-22 06:52:15.047,69133.0,0.00015,B,10.36995,1043860955283799
1774162335047,2026-03-22 06:52:15.047,69133.0,0.00017,B,11.75261,910588323603044
1774162335047,2026-03-22 06:52:15.047,69134.0,8e-05,B,5.5307200000000005,20006497700554
1774162335652,2026-03-22 06:52:15.652,69135.0,0.00017,B,11.75295,847544079108422
1774162335652,2026-03-22 06:52:15.652,69136.0,0.00017,B,11.753120000000001,491071000770345
1774162335652,2026-03-22 06:52:15.652,69136.0,0.00111,B,76.74096,657136970115566
1774162337255,2026-03-22 06:52:17.255,69137.0,0.00017,B,11.753290000000002,277522797371028
1774162337255,2026-03-22 06:52:17.255,69137.0,0.00285,B,197.04045000000002,490938605102923
1774162337321,2026-03-22 06:52:17.321,69136.0,0.02923,A,2020.84528,169813331956967
1774162338515,2026-03-22 06:52:18.515,69137.0,4e-05,B,2.76548,663404185963028
1774162341315,2026-03-22 06:52:21.315,69136.0,0.00302,A,208.79072000000002,610329595287020
1774162343177,2026-03-22 06:52:23.177,69138.0,0.00017,B,11.75346,360842263433848
1774162343177,2026-03-22 06:52:23.177,69138.0,0.0002,B,13.8276,1031198079110171
1774162343177,2026-03-22 06:52:23.177,69139.0,0.00017,B,11.753630000000001,225827638430201
1774162343177,2026-03-22 06:52:23.177,69140.0,0.00016,B,11.0624,1002713306514880
1774162343177,2026-03-22 06:52:23.177,69140.0,0.00017,B,11.7538,778112777371206
1774162343177,2026-03-22 06:52:23.177,69141.0,0.00017,B,11.75397,762755448318369
1774162343177,2026-03-22 06:52:23.177,69142.0,0.00017,B,11.754140000000001,587819919284141
1774162343177,2026-03-22 06:52:23.177,69143.0,0.00017,B,11.75431,1080804663849052
1774162343177,2026-03-22 06:52:23.177,69143.0,0.003,B,207.429,1107101479209782
1774162343600,2026-03-22 06:52:23.600,69144.0,0.00015,B,10.371599999999999,473503458995735
1774162344194,2026-03-22 06:52:24.194,69143.0,4e-05,A,2.7657200000000004,740549475359296
1774162345409,2026-03-22 06:52:25.409,69143.0,0.00029,A,20.05147,695109019053582
1774162345409,2026-03-22 06:52:25.409,69144.0,0.00136,B,94.03584000000001,99521315852508
1774162345409,2026-03-22 06:52:25.409,69144.0,0.00017,B,11.754480000000001,947047770598376
1774162345409,2026-03-22 06:52:25.409,69145.0,0.00017,B,11.754650000000002,715500867942945
1774162345409,2026-03-22 06:52:25.409,69145.0,0.003,B,207.435,1009307033093236
1774162345409,2026-03-22 06:52:25.409,69145.0,0.00015,B,10.371749999999999,278624207626650
1774162345409,2026-03-22 06:52:25.409,69146.0,0.00017,B,11.75482,735077870456312
1774162345409,2026-03-22 06:52:25.409,69147.0,0.00017,B,11.754990000000001,529764409985473
1774162345955,2026-03-22 06:52:25.955,69148.0,0.00568,B,392.76064,272593679480094
1774162346202,2026-03-22 06:52:26.202,69147.0,2e-05,A,1.38294,910076720709455
1774162346202,2026-03-22 06:52:26.202,69147.0,0.00574,A,396.90378000000004,273286461029089
1774162347003,2026-03-22 06:52:27.003,69149.0,0.00062,B,42.87238,548061084861549
1774162348004,2026-03-22 06:52:28.004,69149.0,0.08241,B,5698.56909,879996357646381
1774162349000,2026-03-22 06:52:29.000,69149.0,0.00016,B,11.06384,166164884363865
1774162351038,2026-03-22 06:52:31.038,69148.0,0.00238,A,164.57224000000002,50392862667481
1774162352474,2026-03-22 06:52:32.474,69149.0,0.00017,B,11.75533,145051305417847
1774162352591,2026-03-22 06:52:32.591,69150.0,0.00017,B,11.755500000000001,611285072389851
1774162352591,2026-03-22 06:52:32.591,69150.0,0.00015,B,10.372499999999999,117212421396425
1774162352591,2026-03-22 06:52:32.591,69151.0,0.00016,B,11.064160000000001,131805496213346
1774162352591,2026-03-22 06:52:32.591,69151.0,0.00017,B,11.75567,742467310987246
1774162352591,2026-03-22 06:52:32.591,69152.0,0.00017,B,11.755840000000001,88177513118403
1774162352591,2026-03-22 06:52:32.591,69153.0,0.00017,B,11.756010000000002,1069840407838312
1774162352591,2026-03-22 06:52:32.591,69153.0,0.00022,B,15.21366,585007173175276
1774162352669,2026-03-22 06:52:32.669,69154.0,0.00017,B,11.75618,120012491288788
1774162352669,2026-03-22 06:52:32.669,69154.0,0.003,B,207.46200000000002,456241958023921
1774162352669,2026-03-22 06:52:32.669,69155.0,0.00016,B,11.064800000000002,204938363611178
1774162352669,2026-03-22 06:52:32.669,69155.0,0.00017,B,11.756350000000001,218442323689193
1774162352669,2026-03-22 06:52:32.669,69155.0,0.00015,B,10.373249999999999,813727574565014
1774162352669,2026-03-22 06:52:32.669,69156.0,0.00017,B,11.75652,667421244385684
1774162352669,2026-03-22 06:52:32.669,69157.0,0.00017,B,11.75669,806111830718455
1774162352868,2026-03-22 06:52:32.868,69158.0,4e-05,B,2.7663200000000003,510030489979459
1774162353604,2026-03-22 06:52:33.604,69157.0,4e-05,A,2.76628,807901238032857
1774162354011,2026-03-22 06:52:34.011,69157.0,7e-05,A,4.84099,84580927289191
1774162355018,2026-03-22 06:52:35.018,69157.0,0.00142,A,98.20294,433169692824094
1774162358021,2026-03-22 06:52:38.021,69158.0,0.00016,B,11.065280000000001,659360880287963
1774162360583,2026-03-22 06:52:40.583,69158.0,1e-05,B,0.6915800000000001,812159144390663
1774162360583,2026-03-22 06:52:40.583,69158.0,0.21383,B,14788.055139999999,637625287652766
1774162362334,2026-03-22 06:52:42.334,69157.0,0.00015,A,10.37355,880027165165016
1774162362618,2026-03-22 06:52:42.618,69158.0,7e-05,B,4.84106,795529380587141
1774162364023,2026-03-22 06:52:44.023,69157.0,0.00416,A,287.69311999999996,918627023372240
1774162365097,2026-03-22 06:52:45.097,69158.0,0.00056,B,38.72848,63558950966446
1774162366012,2026-03-22 06:52:46.012,69157.0,0.01473,A,1018.68261,637112613674562
1774162366012,2026-03-22 06:52:46.012,69157.0,0.06642,A,4593.40794,1125069532773794
1774162366382,2026-03-22 06:52:46.382,69156.0,0.00015,A,10.373399999999998,614367747392756
1774162366382,2026-03-22 06:52:46.382,69155.0,0.00015,A,10.373249999999999,169964730423059
1774162366382,2026-03-22 06:52:46.382,69154.0,0.00015,A,10.373099999999999,498871013329859
1774162366382,2026-03-22 06:52:46.382,69152.0,0.00016,A,11.06432,272871704243833
1774162366382,2026-03-22 06:52:46.382,69152.0,0.003,A,207.45600000000002,233971915398057
1774162366382,2026-03-22 06:52:46.382,69152.0,0.02892,A,1999.8758400000002,112924225588275
1774162366382,2026-03-22 06:52:46.382,69149.0,0.05325,A,3682.18425,594109814270758
1774162367363,2026-03-22 06:52:47.363,69150.0,4e-05,B,2.766,460027135337521
1774162367363,2026-03-22 06:52:47.363,69149.0,0.0034,A,235.1066,410343147426566
1774162367363,2026-03-22 06:52:47.363,69149.0,2e-05,A,1.38298,475342015223573
1774162368635,2026-03-22 06:52:48.635,69150.0,0.0207,B,1431.405,941131222070398
1774162368825,2026-03-22 06:52:48.825,69149.0,0.008,A,553.192,607652766963687
1774162369777,2026-03-22 06:52:49.777,69149.0,4e-05,A,2.76596,695901373453254
1774162373057,2026-03-22 06:52:53.057,69150.0,0.04338,B,2999.7270000000003,265888164365756
1774162374171,2026-03-22 06:52:54.171,69150.0,0.05715,B,3951.9225,358562471224939
1774162377077,2026-03-22 06:52:57.077,69145.0,0.00016,A,11.0632,424196122888017
1774162377077,2026-03-22 06:52:57.077,69145.0,1e-05,A,0.69145,810946272989972
1774162377077,2026-03-22 06:52:57.077,69145.0,0.00016,A,11.0632,938625089573238
1774162377077,2026-03-22 06:52:57.077,69145.0,0.00129,A,89.19704999999999,647621192334326
1774162378881,2026-03-22 06:52:58.881,69146.0,0.01082,B,748.15972,293310816069264
1774162379079,2026-03-22 06:52:59.079,69146.0,0.00016,B,11.063360000000001,807008016893747
1774162381041,2026-03-22 06:53:01.041,69145.0,0.00238,A,164.5651,1065543060774245
1774162381911,2026-03-22 06:53:01.911,69146.0,4e-05,B,2.7658400000000003,21463324234332
1774162382854,2026-03-22 06:53:02.854,69145.0,4e-05,A,2.7658,920424819473819
1774162383592,2026-03-22 06:53:03.592,69145.0,0.01079,A,746.0745499999999,807270967818276
1774162384058,2026-03-22 06:53:04.058,69145.0,0.00017,A,11.754650000000002,200605813085998
1774162384058,2026-03-22 06:53:04.058,69145.0,0.00142,A,98.1859,297667827786217
1774162384132,2026-03-22 06:53:04.132,69146.0,0.01744,B,1205.90624,33153255833733
1774162387620,2026-03-22 06:53:07.620,69144.0,0.00017,A,11.754480000000001,1078577333899649
1774162387620,2026-03-22 06:53:07.620,69143.0,0.003,A,207.429,22962929994910
1774162387620,2026-03-22 06:53:07.620,69143.0,0.00017,A,11.75431,1120129355881744
1774162387620,2026-03-22 06:53:07.620,69143.0,0.00015,A,10.37145,1084205938267624
1774162387620,2026-03-22 06:53:07.620,69143.0,0.00017,A,11.75431,963858916101218
1774162388054,2026-03-22 06:53:08.054,69144.0,0.00016,B,11.06304,26867253226442
1774162388552,2026-03-22 06:53:08.552,69143.0,0.02875,A,1987.8612500000002,1114992873193338
1774162388552,2026-03-22 06:53:08.552,69143.0,2e-05,A,1.3828600000000002,943125221115190
1774162394002,2026-03-22 06:53:14.002,69143.0,0.00015,A,10.37145,353629496268666
1774162394002,2026-03-22 06:53:14.002,69143.0,0.00401,A,277.26342999999997,136664320133296
1774162394002,2026-03-22 06:53:14.002,69144.0,0.00789,B,545.54616,608692456805734
1774162395009,2026-03-22 06:53:15.009,69144.0,0.00057,B,39.412079999999996,670011023143813
1774162395316,2026-03-22 06:53:15.316,69143.0,0.02892,A,1999.6155600000002,467554409136321
1774162395316,2026-03-22 06:53:15.316,69143.0,0.00017,A,11.75431,462319621255899
1774162396318,2026-03-22 06:53:16.318,69143.0,2e-05,B,1.3828600000000002,435271770573219
1774162396318,2026-03-22 06:53:16.318,69143.0,2e-05,B,1.3828600000000002,617412338860274
1774162396923,2026-03-22 06:53:16.923,69142.0,4e-05,A,2.76568,415737719462653
1774162399270,2026-03-22 06:53:19.270,69142.0,0.04045,A,2796.7939,772308157516473
1774162399270,2026-03-22 06:53:19.270,69142.0,0.00017,A,11.754140000000001,34665572296707
1774162401490,2026-03-22 06:53:21.490,69141.0,0.00017,A,11.75397,939787733706330
1774162401490,2026-03-22 06:53:21.490,69141.0,0.02892,A,1999.55772,1051446935555108
1774162401490,2026-03-22 06:53:21.490,69141.0,0.0432,A,2986.8912,63667732989195
1774162401490,2026-03-22 06:53:21.490,69140.0,0.00017,A,11.7538,123850092843098
1774162401490,2026-03-22 06:53:21.490,69140.0,0.00015,A,10.370999999999999,845593455772427
1774162401490,2026-03-22 06:53:21.490,69139.0,0.00017,A,11.753630000000001,175984006978617
1774162401490,2026-03-22 06:53:21.490,69139.0,0.04421,A,3056.63519,871125460739067
1774162401490,2026-03-22 06:53:21.490,69139.0,0.02764,A,1911.00196,237123238458424
1774162402692,2026-03-22 06:53:22.692,69138.0,0.00017,A,11.75346,754303281551087
1774162402692,2026-03-22 06:53:22.692,69138.0,0.01011,A,698.9851799999999,98937079402618
1774162402692,2026-03-22 06:53:22.692,69138.0,2e-05,A,1.3827600000000002,668500036058800
1774162403693,2026-03-22 06:53:23.693,69139.0,0.01582,B,1093.77898,983952664100338
1774162404635,2026-03-22 06:53:24.635,69138.0,0.46213,A,31950.74394,302614948927033
1774162404635,2026-03-22 06:53:24.635,69138.0,0.39148,A,27066.14424,409755156123445
1774162404635,2026-03-22 06:53:24.635,69138.0,0.14487,A,10016.02206,229751893268077
1774162404635,2026-03-22 06:53:24.635,69138.0,0.00152,A,105.08976000000001,210293488943757
1774162407105,2026-03-22 06:53:27.105,69138.0,0.00017,A,11.75346,715146290956040
1774162409006,2026-03-22 06:53:29.006,69139.0,0.00016,B,11.062240000000001,1123192695954148
1774162409006,2026-03-22 06:53:29.006,69139.0,0.0109,B,753.6151,13312682738482
1774162409605,2026-03-22 06:53:29.605,69139.0,0.00026,B,17.976139999999997,859332083347915
1774162410960,2026-03-22 06:53:30.960,69139.0,4e-05,B,2.7655600000000002,744595958200750
1774162411018,2026-03-22 06:53:31.018,69138.0,0.00017,A,11.75346,853756219391989
1774162411018,2026-03-22 06:53:31.018,69138.0,0.00221,A,152.79498,987008289105984
1774162411885,2026-03-22 06:53:31.885,69138.0,0.00017,A,11.75346,947322850599188
1774162412089,2026-03-22 06:53:32.089,69137.0,0.00016,A,11.06192,79065820248525
1774162412089,2026-03-22 06:53:32.089,69137.0,0.00013,A,8.98781,530087199998093
1774162412489,2026-03-22 06:53:32.489,69137.0,4e-05,A,2.76548,1065891237247733
1774162412489,2026-03-22 06:53:32.489,69136.0,0.00017,A,11.753120000000001,275505099547540
1774162412489,2026-03-22 06:53:32.489,69135.0,0.00017,A,11.75295,1072854562665041
1774162412489,2026-03-22 06:53:32.489,69135.0,0.00107,A,73.97445,91091348349069
1774162412566,2026-03-22 06:53:32.566,69135.0,0.00419,A,289.67565,22765256215918
1774162414038,2026-03-22 06:53:34.038,69135.0,0.00017,A,11.75295,241317731227772
1774162414038,2026-03-22 06:53:34.038,69134.0,0.00017,A,11.752780000000001,651111320142920
1774162414038,2026-03-22 06:53:34.038,69134.0,0.00124,A,85.72616,4729886664537
1774162414374,2026-03-22 06:53:34.374,69134.0,0.00176,A,121.67584000000001,1017882280627793
1774162414496,2026-03-22 06:53:34.496,69134.0,0.02526,B,1746.32484,875430723893263
1774162414496,2026-03-22 06:53:34.496,69134.0,0.70897,B,49013.93198,443339769518514
1774162417189,2026-03-22 06:53:37.189,69134.0,0.00255,B,176.29170000000002,933514615433224
1774162418061,2026-03-22 06:53:38.061,69134.0,0.00016,B,11.061440000000001,480031005924736
1774162421405,2026-03-22 06:53:41.405,69133.0,4e-05,A,2.7653200000000004,30672713255958
1774162422085,2026-03-22 06:53:42.085,69133.0,0.00013,A,8.98729,957425871849378
1774162422085,2026-03-22 06:53:42.085,69132.0,0.00017,A,11.75244,820646915271674
1774162422085,2026-03-22 06:53:42.085,69131.0,0.00017,A,11.752270000000001,118755352627108
1774162422085,2026-03-22 06:53:42.085,69131.0,0.00073,A,50.46563,425392464243272
1774162424095,2026-03-22 06:53:44.095,69131.0,0.00017,A,11.752270000000001,606469098306398
1774162424095,2026-03-22 06:53:44.095,69130.0,0.00016,A,11.0608,93753576225530
1774162424095,2026-03-22 06:53:44.095,69130.0,0.00017,A,11.7521,349308165491823
1774162424095,2026-03-22 06:53:44.095,69130.0,0.00015,A,10.369499999999999,1013428153369458
1774162424095,2026-03-22 06:53:44.095,69129.0,0.00017,A,11.751930000000002,481669697077649
1774162424095,2026-03-22 06:53:44.095,69128.0,0.00017,A,11.75176,248201629407417
1774162424095,2026-03-22 06:53:44.095,69127.0,0.00017,A,11.75159,320659452942390
1774162424095,2026-03-22 06:53:44.095,69127.0,0.003,A,207.381,1091211779989965
1774162424617,2026-03-22 06:53:44.617,69128.0,4e-05,B,2.76512,341296349537113
1774162425007,2026-03-22 06:53:45.007,69128.0,0.00056,B,38.711679999999994,1037986973724775
1774162426420,2026-03-22 06:53:46.420,69127.0,0.00255,A,176.27385,836103867864812
1774162430251,2026-03-22 06:53:50.251,69128.0,0.02923,B,2020.61144,103002475134695
1774162431455,2026-03-22 06:53:51.455,69127.0,0.00015,A,10.36905,110235829558173
1774162433270,2026-03-22 06:53:53.270,69128.0,0.04863,B,3361.69464,252019568114977
1774162434294,2026-03-22 06:53:54.294,69127.0,4e-05,A,2.76508,918875581879268
1774162437044,2026-03-22 06:53:57.044,69127.0,0.00017,A,11.75159,475316756788906
1774162438711,2026-03-22 06:53:58.711,69128.0,4e-05,B,2.76512,124258209932658
1774162439038,2026-03-22 06:53:59.038,69128.0,0.00016,B,11.06048,186060392041830
1774162441078,2026-03-22 06:54:01.078,69127.0,0.00237,A,163.83099,821216162685361
1774162444013,2026-03-22 06:54:04.013,69127.0,0.00017,A,11.75159,279704055918091
1774162444742,2026-03-22 06:54:04.742,69127.0,0.03544,A,2449.8608799999997,330463726550284
1774162444742,2026-03-22 06:54:04.742,69127.0,0.04571,A,3159.79517,563211306023552
1774162445018,2026-03-22 06:54:05.018,69127.0,0.00142,A,98.16034,694662684103689
1774162446760,2026-03-22 06:54:06.760,69127.0,4e-05,A,2.76508,846584431244829
1774162448011,2026-03-22 06:54:08.011,69128.0,0.00016,B,11.06048,220319355338400
1774162450119,2026-03-22 06:54:10.119,69127.0,0.00017,A,11.75159,834676380102996
1774162450237,2026-03-22 06:54:10.237,69128.0,0.00173,B,119.59144,716692799600996
1774162453040,2026-03-22 06:54:13.040,69128.0,4e-05,B,2.76512,738771846767261
1774162454053,2026-03-22 06:54:14.053,69127.0,0.00415,A,286.87705,540302284812634
1774162454233,2026-03-22 06:54:14.233,69128.0,0.0207,B,1430.9496,382299512376
1774162454638,2026-03-22 06:54:14.638,69127.0,4e-05,A,2.76508,460796719208652
1774162455075,2026-03-22 06:54:15.075,69128.0,0.00057,B,39.40296,575113071840851
1774162458435,2026-03-22 06:54:18.435,69128.0,0.00016,B,11.06048,409181560656583
1774162458977,2026-03-22 06:54:18.977,69128.0,0.0615,B,4251.372,120983425512741
1774162458977,2026-03-22 06:54:18.977,69128.0,0.03375,B,2333.07,220328198823103
1774162459834,2026-03-22 06:54:19.834,69128.0,0.05498,B,3800.65744,663867537097630
1774162459834,2026-03-22 06:54:19.834,69128.0,0.17419,B,12041.40632,521022478564864
1774162459834,2026-03-22 06:54:19.834,69128.0,0.07786,B,5382.30608,129840754606931
1774162466602,2026-03-22 06:54:26.602,69128.0,0.09246,B,6391.57488,1106394196897681
1774162466887,2026-03-22 06:54:26.887,69128.0,0.00037,B,25.57736,1072943639038737
1774162467004,2026-03-22 06:54:27.004,69127.0,0.00017,A,11.75159,444615536512846
1774162467004,2026-03-22 06:54:27.004,69128.0,4e-05,B,2.76512,135927987762918
1774162469034,2026-03-22 06:54:29.034,69128.0,0.00016,B,11.06048,885648194487418
1774162470328,2026-03-22 06:54:30.328,69127.0,0.00219,A,151.38813000000002,610769526005604
1774162470709,2026-03-22 06:54:30.709,69127.0,0.00795,A,549.55965,642771718856941
1774162471054,2026-03-22 06:54:31.054,69127.0,0.00238,A,164.52226000000002,973783122376290
1774162471972,2026-03-22 06:54:31.972,69127.0,4e-05,A,2.76508,738382209278205
1774162474003,2026-03-22 06:54:34.003,69127.0,0.00017,A,11.75159,41847791752808
1774162474554,2026-03-22 06:54:34.554,69128.0,0.0003,B,20.7384,254230566284104
1774162475016,2026-03-22 06:54:35.016,69127.0,0.00142,A,98.16034,581956618817644
1774162477039,2026-03-22 06:54:37.039,69127.0,7e-05,A,4.838889999999999,251750305708101
1774162478006,2026-03-22 06:54:38.006,69128.0,0.00016,B,11.06048,484770155208652
1774162478375,2026-03-22 06:54:38.375,69127.0,0.00028,A,19.355559999999997,596271407469753
1774162481827,2026-03-22 06:54:41.827,69128.0,0.01051,B,726.5352800000001,525134076584708
1774162482027,2026-03-22 06:54:42.027,69128.0,0.01021,B,705.79688,8412452903098
1774162482181,2026-03-22 06:54:42.181,69128.0,7e-05,B,4.838959999999999,5854647692842
1774162482299,2026-03-22 06:54:42.299,69128.0,4e-05,B,2.76512,424944275085764
1774162484047,2026-03-22 06:54:44.047,69127.0,0.00416,A,287.56831999999997,818147661458282
1774162484651,2026-03-22 06:54:44.651,69127.0,4e-05,A,2.76508,803564533884018
1774162485052,2026-03-22 06:54:45.052,69128.0,0.00056,B,38.711679999999994,929320608137702
1774162492926,2026-03-22 06:54:52.926,69127.0,0.00016,A,11.06032,74207699096965
1774162493866,2026-03-22 06:54:53.866,69127.0,0.00145,A,100.23415,727340739276062
1774162495876,2026-03-22 06:54:55.876,69128.0,4e-05,B,2.76512,511837351401768
1774162497076,2026-03-22 06:54:57.076,69127.0,0.00017,A,11.75159,58084729741568
1774162497807,2026-03-22 06:54:57.807,69127.0,4e-05,A,2.76508,936604409093348
1774162500548,2026-03-22 06:55:00.548,69127.0,0.00017,A,11.75159,829631467582399
1774162500548,2026-03-22 06:55:00.548,69126.0,0.00016,A,11.060160000000002,236571868200596
1774162500548,2026-03-22 06:55:00.548,69126.0,0.00017,A,11.751420000000001,750736183552071
1774162500548,2026-03-22 06:55:00.548,69126.0,0.00015,A,10.368899999999998,751586052888300
1774162500548,2026-03-22 06:55:00.548,69125.0,0.00017,A,11.75125,1017041916456433
1774162500680,2026-03-22 06:55:00.680,69124.0,0.00017,A,11.75108,711843668522541
1774162500680,2026-03-22 06:55:00.680,69123.0,0.00016,A,11.05968,810772161703060
1774162500680,2026-03-22 06:55:00.680,69123.0,0.00017,A,11.750910000000001,554502367451142
1774162500680,2026-03-22 06:55:00.680,69123.0,0.003,A,207.369,478902906911791
1774162500844,2026-03-22 06:55:00.844,69122.0,0.00017,A,11.75074,789465949246345
1774162500844,2026-03-22 06:55:00.844,69121.0,0.00017,A,11.750570000000002,286162671683644
1774162500844,2026-03-22 06:55:00.844,69121.0,0.00171,A,118.19690999999999,392819504009651
1774162501036,2026-03-22 06:55:01.036,69120.0,0.00015,A,10.367999999999999,237981368975449
1774162501036,2026-03-22 06:55:01.036,69120.0,0.00017,A,11.7504,631565426441698
1774162501036,2026-03-22 06:55:01.036,69119.0,0.00016,A,11.059040000000001,424249217264164
1774162501036,2026-03-22 06:55:01.036,69119.0,0.00017,A,11.75023,556693235598509
1774162501036,2026-03-22 06:55:01.036,69118.0,0.00017,A,11.750060000000001,701697905108476
1774162501036,2026-03-22 06:55:01.036,69117.0,0.00017,A,11.74989,606552202654721
1774162501036,2026-03-22 06:55:01.036,69117.0,0.00139,A,96.07263,924977665325992
1774162502869,2026-03-22 06:55:02.869,69117.0,0.00161,A,111.27837000000001,475295481608343
1774162502869,2026-03-22 06:55:02.869,69117.0,0.00017,A,11.74989,320446592845998
1774162502869,2026-03-22 06:55:02.869,69116.0,0.00017,A,11.749720000000002,440112343011966
1774162502869,2026-03-22 06:55:02.869,69115.0,0.00016,A,11.0584,367534052505024
1774162502869,2026-03-22 06:55:02.869,69115.0,0.00017,A,11.749550000000001,1045974300741011
1774162502869,2026-03-22 06:55:02.869,69115.0,0.00066,A,45.615899999999996,191370992377915
1774162504081,2026-03-22 06:55:04.081,69115.0,0.00017,A,11.749550000000001,10229159055791
1774162504081,2026-03-22 06:55:04.081,69115.0,0.00142,A,98.1433,333625982832895
1774162506979,2026-03-22 06:55:06.979,69115.0,0.00145,A,100.21674999999999,1027091323764013
1774162508124,2026-03-22 06:55:08.124,69116.0,0.00016,B,11.058560000000002,70900417802705
1774162510537,2026-03-22 06:55:10.537,69116.0,4e-05,B,2.7646400000000004,1124203782615893
1774162513281,2026-03-22 06:55:13.281,69115.0,0.12334,A,8524.6441,978343758629208
1774162513281,2026-03-22 06:55:13.281,69115.0,0.02128,A,1470.7672,182853100756312
1774162514000,2026-03-22 06:55:14.000,69115.0,0.00017,A,11.749550000000001,10604925112817
1774162514000,2026-03-22 06:55:14.000,69114.0,0.00017,A,11.74938,378652430712364
1774162514000,2026-03-22 06:55:14.000,69113.0,0.00017,A,11.749210000000001,632007108001947
1774162514000,2026-03-22 06:55:14.000,69113.0,0.00365,A,252.26245,661011695358788
1774162514339,2026-03-22 06:55:14.339,69113.0,0.00014,A,9.67582,457770245483941
1774162515009,2026-03-22 06:55:15.009,69114.0,0.00057,B,39.39498,800634524340548
1774162520162,2026-03-22 06:55:20.162,69113.0,0.00017,A,11.749210000000001,235170070397289
1774162520162,2026-03-22 06:55:20.162,69112.0,0.00016,A,11.057920000000001,697167020629107
1774162520162,2026-03-22 06:55:20.162,69112.0,0.00017,A,11.74904,985640340950212
1774162522369,2026-03-22 06:55:22.369,69112.0,0.00095,B,65.6564,126104195832104
1774162522369,2026-03-22 06:55:22.369,69112.0,0.16362,B,11308.10544,942093636080648
1774162522369,2026-03-22 06:55:22.369,69112.0,0.24399,B,16862.636880000002,597618754964004
1774162522369,2026-03-22 06:55:22.369,69112.0,0.00809,B,559.11608,521461069739069
1774162522369,2026-03-22 06:55:22.369,69111.0,4e-05,A,2.76444,1060472405521236
1774162524575,2026-03-22 06:55:24.575,69112.0,0.0041,B,283.35920000000004,10206315843522
1774162524980,2026-03-22 06:55:24.980,69112.0,4e-05,B,2.7644800000000003,628842772241583
1774162527138,2026-03-22 06:55:27.138,69111.0,0.00013,A,8.98443,485532628276041
1774162527138,2026-03-22 06:55:27.138,69110.0,4e-05,A,2.7644,323611817705585
1774162527533,2026-03-22 06:55:27.533,69110.0,0.00013,A,8.9843,916427965111918
1774162527533,2026-03-22 06:55:27.533,69109.0,0.00017,A,11.74853,82615971743810
1774162527533,2026-03-22 06:55:27.533,69108.0,0.00016,A,11.05728,498661268809592
1774162527533,2026-03-22 06:55:27.533,69108.0,0.00012,A,8.29296,911653924358474
1774162529073,2026-03-22 06:55:29.073,69109.0,0.00016,B,11.057440000000001,968834852895100
1774162531098,2026-03-22 06:55:31.098,69108.0,5e-05,A,3.4554,171818059382995
1774162531098,2026-03-22 06:55:31.098,69108.0,0.00233,A,161.02164,176029483083807
1774162533426,2026-03-22 06:55:33.426,69108.0,0.00266,A,183.82728,862682007177124
1774162533618,2026-03-22 06:55:33.618,69108.0,0.00145,A,100.2066,963185958203305
1774162534007,2026-03-22 06:55:34.007,69108.0,0.00017,A,11.748360000000002,801508743025709
1774162534132,2026-03-22 06:55:34.132,69108.0,0.0022,A,152.0376,411794759437471
1774162534944,2026-03-22 06:55:34.944,69108.0,4e-05,A,2.76432,665091536107048
1774162535025,2026-03-22 06:55:35.025,69108.0,0.00142,A,98.13336,218284231442879
1774162538041,2026-03-22 06:55:38.041,69109.0,0.00016,B,11.057440000000001,437906338192185
1774162539970,2026-03-22 06:55:39.970,69109.0,4e-05,B,2.7643600000000004,75409265187717
1774162540171,2026-03-22 06:55:40.171,69108.0,4e-05,A,2.76432,549611244632006
1774162542466,2026-03-22 06:55:42.466,69109.0,0.0013,B,89.84169999999999,764716058265318
1774162542525,2026-03-22 06:55:42.525,69108.0,0.00013,A,8.984039999999998,478687674879219
1774162542525,2026-03-22 06:55:42.525,69107.0,0.00017,A,11.748190000000001,146823613611871
1774162542525,2026-03-22 06:55:42.525,69107.0,0.01021,A,705.5824700000001,103791328173938
1774162543883,2026-03-22 06:55:43.883,69107.0,0.00015,A,10.36605,335743910652815
1774162544085,2026-03-22 06:55:44.085,69107.0,0.00416,A,287.48512,786061260752354
1774162544688,2026-03-22 06:55:44.688,69108.0,0.0207,B,1430.5356,683947650318412
1774162544856,2026-03-22 06:55:44.856,69107.0,0.00028,A,19.34996,296645321921017
1774162544856,2026-03-22 06:55:44.856,69107.0,0.02569,A,1775.3588300000001,1048884136214705
1774162544856,2026-03-22 06:55:44.856,69107.0,0.00017,A,11.748190000000001,771975418555172
1774162544856,2026-03-22 06:55:44.856,69107.0,0.01231,A,850.70717,705469773617782
1774162545002,2026-03-22 06:55:45.002,69108.0,0.00057,B,39.39156,817977829724182
1774162545708,2026-03-22 06:55:45.708,69108.0,0.00017,B,11.748360000000002,633894724589502
1774162545708,2026-03-22 06:55:45.708,69109.0,0.00017,B,11.74853,646405586443134
1774162545708,2026-03-22 06:55:45.708,69110.0,0.00015,B,10.366499999999998,245538600135300
1774162545708,2026-03-22 06:55:45.708,69110.0,0.00017,B,11.748700000000001,569236076185247
1774162545708,2026-03-22 06:55:45.708,69111.0,0.00015,B,10.36665,884026817339546
1774162545708,2026-03-22 06:55:45.708,69111.0,0.00017,B,11.74887,885482328471545
1774162545708,2026-03-22 06:55:45.708,69112.0,0.03863,B,2669.7965599999998,771249798843189
1774162545708,2026-03-22 06:55:45.708,69112.0,0.005,B,345.56,497506651485753
1774162545708,2026-03-22 06:55:45.708,69112.0,0.00017,B,11.74904,1013980942893504
1774162545708,2026-03-22 06:55:45.708,69113.0,0.00017,B,11.749210000000001,668280127377446
1774162546265,2026-03-22 06:55:46.265,69114.0,0.00016,B,11.058240000000001,106028139845216
1774162546265,2026-03-22 06:55:46.265,69115.0,0.00017,B,11.749550000000001,1094088864897620
1774162546265,2026-03-22 06:55:46.265,69116.0,0.00017,B,11.749720000000002,709440495998290
1774162546460,2026-03-22 06:55:46.460,69117.0,0.003,B,207.351,544189690876091
1774162546460,2026-03-22 06:55:46.460,69117.0,0.00017,B,11.74989,1093552029523776
1774162546460,2026-03-22 06:55:46.460,69118.0,0.003,B,207.354,581368852483414
1774162546460,2026-03-22 06:55:46.460,69118.0,0.00017,B,11.750060000000001,1010603023623168
1774162546460,2026-03-22 06:55:46.460,69119.0,0.00015,B,10.367849999999999,286471689074512
1774162546460,2026-03-22 06:55:46.460,69119.0,0.00017,B,11.75023,789017195192589
1774162547073,2026-03-22 06:55:47.073,69119.0,0.00185,A,127.87015000000001,486162432945478
1774162547073,2026-03-22 06:55:47.073,69119.0,0.00159,A,109.89921,636247264466236
1774162547129,2026-03-22 06:55:47.129,69120.0,0.00017,B,11.7504,194267261028656
1774162547129,2026-03-22 06:55:47.129,69120.0,0.00783,B,541.2096,558259189516553
1774162547129,2026-03-22 06:55:47.129,69120.0,0.00015,B,10.367999999999999,341025424581019
1774162547670,2026-03-22 06:55:47.670,69120.0,0.00022,B,15.2064,85004992838863
1774162547724,2026-03-22 06:55:47.724,69120.0,0.00022,B,15.2064,531660459820280
1774162548700,2026-03-22 06:55:48.700,69120.0,0.0025,B,172.8,562249586693909
1774162549002,2026-03-22 06:55:49.002,69120.0,0.008,B,552.96,801079412542011
1774162551709,2026-03-22 06:55:51.709,69120.0,0.00015,B,10.367999999999999,887045641606542
1774162553120,2026-03-22 06:55:53.120,69119.0,0.00015,A,10.367849999999999,739138770521166
1774162553852,2026-03-22 06:55:53.852,69121.0,0.00017,B,11.750570000000002,1094896920245119
1774162553852,2026-03-22 06:55:53.852,69121.0,0.00015,B,10.36815,487516133142144
1774162553852,2026-03-22 06:55:53.852,69121.0,0.0002,B,13.824200000000001,1089509227315521
1774162553852,2026-03-22 06:55:53.852,69122.0,0.00017,B,11.75074,1013662168301468
1774162553852,2026-03-22 06:55:53.852,69122.0,0.00016,B,11.059520000000001,996200831235750
1774162553852,2026-03-22 06:55:53.852,69122.0,0.00015,B,10.3683,436831783779515
1774162553852,2026-03-22 06:55:53.852,69122.0,0.00045,B,31.1049,1079750292206449
1774162554556,2026-03-22 06:55:54.556,69122.0,0.00022,B,15.20684,341062976411956
1774162554814,2026-03-22 06:55:54.814,69122.0,4e-05,B,2.7648800000000002,202324182979032
1774162556065,2026-03-22 06:55:56.065,69122.0,0.01,B,691.22,780506318301356
1774162557070,2026-03-22 06:55:57.070,69121.0,0.00017,A,11.750570000000002,678555207824290
1774162557272,2026-03-22 06:55:57.272,69121.0,4e-05,A,2.7648400000000004,376144719090635
1774162559085,2026-03-22 06:55:59.085,69122.0,0.00016,B,11.059520000000001,179442764336263
1774162559782,2026-03-22 06:55:59.782,69121.0,0.03364,A,2325.2304400000003,117807473510160
1774162561042,2026-03-22 06:56:01.042,69121.0,0.00238,A,164.50798,885644702741983
1774162561686,2026-03-22 06:56:01.686,69122.0,0.00044,B,30.41368,783275171621735
1774162564051,2026-03-22 06:56:04.051,69121.0,0.00017,A,11.750570000000002,1115544841465823
1774162564051,2026-03-22 06:56:04.051,69121.0,0.00128,A,88.47488000000001,755873221875563
1774162564051,2026-03-22 06:56:04.051,69121.0,0.00013,A,8.985729999999998,192347911050272
1774162566330,2026-03-22 06:56:06.330,69122.0,0.00023,B,15.898060000000001,1073530248540785
1774162567490,2026-03-22 06:56:07.490,69121.0,0.00044,A,30.413240000000002,538950901863806
1774162567687,2026-03-22 06:56:07.687,69122.0,0.00017,B,11.75074,691854402768861
1774162568090,2026-03-22 06:56:08.090,69122.0,0.00016,B,11.059520000000001,687174823629210
1774162569756,2026-03-22 06:56:09.756,69122.0,4e-05,B,2.7648800000000002,838052276148792
1774162572670,2026-03-22 06:56:12.670,69121.0,4e-05,A,2.7648400000000004,714883427486741
1774162574086,2026-03-22 06:56:14.086,69121.0,0.00416,A,287.54335999999995,420315096274349
1774162575044,2026-03-22 06:56:15.044,69122.0,0.00056,B,38.70831999999999,449882474190215
1774162584214,2026-03-22 06:56:24.214,69116.0,4e-05,B,2.7646400000000004,39967774895467
1774162586322,2026-03-22 06:56:26.322,69109.0,4e-05,A,2.7643600000000004,660241702967263
1774162587015,2026-03-22 06:56:27.015,69108.0,0.00016,A,11.05728,150465554073812
1774162587015,2026-03-22 06:56:27.015,69108.0,1e-05,A,0.69108,945146989420307
1774162589054,2026-03-22 06:56:29.054,69109.0,0.00016,B,11.057440000000001,179582457444454
1774162591001,2026-03-22 06:56:31.001,69108.0,0.00237,A,163.78596000000002,134755195073846
1774162594092,2026-03-22 06:56:34.092,69108.0,0.00017,A,11.748360000000002,380897506931202
1774162594092,2026-03-22 06:56:34.092,69108.0,0.00142,A,98.13336,818359816938706
1774162598139,2026-03-22 06:56:38.139,69109.0,0.00016,B,11.057440000000001,157027781393284
1774162598740,2026-03-22 06:56:38.740,69109.0,4e-05,B,2.7643600000000004,289315476744032
1774162599554,2026-03-22 06:56:39.554,69108.0,4e-05,A,2.76432,877333412692596
1774162600761,2026-03-22 06:56:40.761,69108.0,7e-05,A,4.83756,1124743361175724
1774162601409,2026-03-22 06:56:41.409,69109.0,0.002,B,138.218,75390846741361
1774162601925,2026-03-22 06:56:41.925,69108.0,0.02879,A,1989.61932,100996862653819
1774162604058,2026-03-22 06:56:44.058,69108.0,0.00415,A,286.7982,929172415674249
1774162605034,2026-03-22 06:56:45.034,69109.0,0.00057,B,39.39213,332790552135529
1774162605551,2026-03-22 06:56:45.551,69109.0,7e-05,B,4.83763,826818508108191
1774162606236,2026-03-22 06:56:46.236,69109.0,0.07853,B,5427.1297700000005,524743474006118
1774162609488,2026-03-22 06:56:49.488,69109.0,0.07115,B,4917.105350000001,326678780433544
1774162609488,2026-03-22 06:56:49.488,69109.0,0.12139,B,8389.14151,615321154112515
1774162609488,2026-03-22 06:56:49.488,69109.0,0.57878,B,39998.90702,491938088429949
1774162609488,2026-03-22 06:56:49.488,69109.0,0.09849,B,6806.54541,271157761902464
1774162610078,2026-03-22 06:56:50.078,69108.0,0.00122,A,84.31175999999999,862248022065555
1774162612201,2026-03-22 06:56:52.201,69108.0,0.00028,A,19.35024,711100375298860
1774162612626,2026-03-22 06:56:52.626,69109.0,4e-05,B,2.7643600000000004,461645995354434
1774162617117,2026-03-22 06:56:57.117,69108.0,0.01,A,691.08,73344375810906
1774162618005,2026-03-22 06:56:58.005,69109.0,0.0006,B,41.465399999999995,559201620979214
1774162618613,2026-03-22 06:56:58.613,69108.0,0.00041,A,28.33428,879126870254350
1774162619025,2026-03-22 06:56:59.025,69109.0,0.00016,B,11.057440000000001,1019532094309987
1774162619622,2026-03-22 06:56:59.622,69108.0,0.00482,A,333.10056,1102846533458399
1774162621029,2026-03-22 06:57:01.029,69108.0,0.00238,A,164.47704000000002,219634169070557
1774162623657,2026-03-22 06:57:03.657,69109.0,0.00113,B,78.09317,688109891827794
1774162623762,2026-03-22 06:57:03.762,69109.0,0.00022,B,15.203980000000001,410832810133514
1774162624067,2026-03-22 06:57:04.067,69108.0,0.00017,A,11.748360000000002,228965411260390
1774162624067,2026-03-22 06:57:04.067,69108.0,0.00142,A,98.13336,612195799695997
1774162625179,2026-03-22 06:57:05.179,69109.0,0.00017,B,11.74853,1032388541987679
1774162625179,2026-03-22 06:57:05.179,69109.0,0.00128,B,88.45952000000001,811639196434981
1774162625262,2026-03-22 06:57:05.262,69108.0,4e-05,A,2.76432,500655957346377
1774162626782,2026-03-22 06:57:06.782,69108.0,0.00041,A,28.33428,13849297226151
1774162626985,2026-03-22 06:57:06.985,69109.0,4e-05,B,2.7643600000000004,311704296713794
1774162628082,2026-03-22 06:57:08.082,69109.0,0.00013,B,8.984169999999999,10016789353251
1774162628082,2026-03-22 06:57:08.082,69109.0,3e-05,B,2.07327,937398364950612
1774162628173,2026-03-22 06:57:08.173,69109.0,0.00029,B,20.04161,149146293878897
1774162629981,2026-03-22 06:57:09.981,69108.0,0.02042,A,1411.18536,846621684096190
1774162632598,2026-03-22 06:57:12.598,69109.0,0.00017,B,11.74853,323119470771385
1774162633425,2026-03-22 06:57:13.425,69110.0,0.00661,B,456.81710000000004,25815508573462
1774162633425,2026-03-22 06:57:13.425,69111.0,0.00017,B,11.74887,1057874350002762
1774162633425,2026-03-22 06:57:13.425,69112.0,0.00017,B,11.74904,549869942147549
1774162633425,2026-03-22 06:57:13.425,69113.0,0.00017,B,11.749210000000001,995498140495731
1774162633425,2026-03-22 06:57:13.425,69113.0,0.00067,B,46.305710000000005,561770529403591
1774162633694,2026-03-22 06:57:13.694,69113.0,0.0207,B,1430.6390999999999,758228491513735
1774162634030,2026-03-22 06:57:14.030,69112.0,0.00416,A,287.50591999999995,827311238888209
1774162635028,2026-03-22 06:57:15.028,69113.0,0.00056,B,38.70328,498150186559212
1774162637911,2026-03-22 06:57:17.911,69112.0,3e-05,A,2.07336,170072789873502
1774162637911,2026-03-22 06:57:17.911,69113.0,0.05192,B,3588.34696,684207466719308
1774162641068,2026-03-22 06:57:21.068,69113.0,2e-05,B,1.38226,398751885296927
1774162642077,2026-03-22 06:57:22.077,69112.0,2e-05,A,1.3822400000000001,21548111308592
1774162642190,2026-03-22 06:57:22.190,69113.0,0.00291,B,201.11882999999997,475203976224314
1774162647023,2026-03-22 06:57:27.023,69112.0,0.00017,A,11.74904,772914654728301
1774162647426,2026-03-22 06:57:27.426,69113.0,0.00017,B,11.749210000000001,1118748867541707
1774162647426,2026-03-22 06:57:27.426,69113.0,0.07304,B,5048.0135199999995,918067406214766
1774162648229,2026-03-22 06:57:28.229,69116.0,0.00017,B,11.749720000000002,6269669740465
1774162648229,2026-03-22 06:57:28.229,69116.0,0.0002,B,13.8232,114798726277964
1774162648229,2026-03-22 06:57:28.229,69117.0,0.00017,B,11.74989,1079791648704648
1774162648229,2026-03-22 06:57:28.229,69118.0,0.00017,B,11.750060000000001,6527155616851
1774162648229,2026-03-22 06:57:28.229,69118.0,0.001,B,69.118,134141483781894
1774162648229,2026-03-22 06:57:28.229,69118.0,0.00015,B,10.3677,884615812210926
1774162648229,2026-03-22 06:57:28.229,69119.0,0.00017,B,11.75023,221800519132734
1774162648229,2026-03-22 06:57:28.229,69119.0,0.003,B,207.357,735906235696885
1774162648229,2026-03-22 06:57:28.229,69120.0,0.00017,B,11.7504,1091543394835118
1774162648229,2026-03-22 06:57:28.229,69120.0,0.01417,B,979.4304000000001,243579004584172
1774162648784,2026-03-22 06:57:28.784,69120.0,0.00016,B,11.0592,349425675985873
1774162649036,2026-03-22 06:57:29.036,69120.0,0.00016,B,11.0592,155654112611200
1774162651048,2026-03-22 06:57:31.048,69119.0,0.00238,A,164.50322,466349722120735
1774162654063,2026-03-22 06:57:34.063,69119.0,0.00017,A,11.75023,590094075265998
1774162654063,2026-03-22 06:57:34.063,69119.0,0.00142,A,98.14898000000001,415202824522317
1774162655334,2026-03-22 06:57:35.334,69120.0,2e-05,B,1.3824,78671041506757
1774162655795,2026-03-22 06:57:35.795,69120.0,0.00537,B,371.1744,695199778173309
1774162657615,2026-03-22 06:57:37.615,69120.0,0.04051,B,2800.0512,483941605815898
1774162658226,2026-03-22 06:57:38.226,69120.0,0.02605,B,1800.576,705420125488692
1774162658226,2026-03-22 06:57:38.226,69120.0,0.00336,B,232.2432,180138645127961
1774162658544,2026-03-22 06:57:38.544,69119.0,2e-05,A,1.3823800000000002,313473710768646
1774162664070,2026-03-22 06:57:44.070,69119.0,0.00416,A,287.53504,978424992842048
1774162664684,2026-03-22 06:57:44.684,69119.0,0.03129,A,2162.73351,966998008666299
1774162664684,2026-03-22 06:57:44.684,69119.0,0.00921,A,636.5859899999999,1030474679528288
1774162665088,2026-03-22 06:57:45.088,69120.0,0.00057,B,39.398399999999995,79687964193010
1774162669128,2026-03-22 06:57:49.128,69120.0,0.00567,B,391.9104,943572402007943
1774162669812,2026-03-22 06:57:49.812,69120.0,2e-05,B,1.3824,114505321939951
1774162670324,2026-03-22 06:57:50.324,69119.0,0.02947,A,2036.93693,1058926333751561
1774162671970,2026-03-22 06:57:51.970,69119.0,1e-05,A,0.6911900000000001,596353984988253
1774162675139,2026-03-22 06:57:55.139,69119.0,2e-05,A,1.3823800000000002,892609389947517
1774162676553,2026-03-22 06:57:56.553,69120.0,0.01003,B,693.2736000000001,331004307750696
1774162676746,2026-03-22 06:57:56.746,69120.0,0.00114,B,78.79679999999999,984950632662379
1774162677045,2026-03-22 06:57:57.045,69119.0,0.00017,A,11.75023,588285783127658
1774162678273,2026-03-22 06:57:58.273,69119.0,0.00028,A,19.35332,70965848244299
1774162679007,2026-03-22 06:57:59.007,69120.0,0.00016,B,11.0592,1024852552503141
1774162680601,2026-03-22 06:58:00.601,69120.0,0.00017,B,11.7504,757069969928242
1774162681060,2026-03-22 06:58:01.060,69119.0,0.00238,A,164.50322,166446349831536
1774162682319,2026-03-22 06:58:02.319,69119.0,0.0041,A,283.3879,390864155236488
1774162683801,2026-03-22 06:58:03.801,69120.0,0.0003,B,20.735999999999997,1058559946992278
1774162684012,2026-03-22 06:58:04.012,69119.0,0.00017,A,11.75023,1010914719486677
1774162684316,2026-03-22 06:58:04.316,69120.0,2e-05,B,1.3824,677653352626593
1774162685020,2026-03-22 06:58:05.020,69119.0,0.00142,A,98.14898000000001,20085488842181
1774162685931,2026-03-22 06:58:05.931,69119.0,0.007,A,483.833,90176524458117
1774162686640,2026-03-22 06:58:06.640,69120.0,0.00868,B,599.9616,562527750514347
1774162688054,2026-03-22 06:58:08.054,69120.0,0.00016,B,11.0592,1071629826751730
1774162688054,2026-03-22 06:58:08.054,69119.0,2e-05,A,1.3823800000000002,939770470144701
1774162688650,2026-03-22 06:58:08.650,69119.0,0.00582,A,402.27257999999995,132973214063076
1774162688845,2026-03-22 06:58:08.845,69119.0,0.0182,A,1257.9658000000002,666566433859067
1774162694064,2026-03-22 06:58:14.064,69119.0,0.00416,A,287.53504,143270733985289
1774162695073,2026-03-22 06:58:15.073,69120.0,0.00056,B,38.70719999999999,213648150564363
1774162697282,2026-03-22 06:58:17.282,69120.0,0.03151,B,2177.9712000000004,724547754281974
1774162698392,2026-03-22 06:58:18.392,69120.0,2e-05,B,1.3824,980362036633362
1774162700135,2026-03-22 06:58:20.135,69119.0,0.04598,A,3178.09162,487845224856806
1774162702507,2026-03-22 06:58:22.507,69119.0,2e-05,A,1.3823800000000002,281446327854873
1774162703642,2026-03-22 06:58:23.642,69119.0,0.03151,A,2177.93969,64504953387065
1774162707053,2026-03-22 06:58:27.053,69119.0,0.00017,A,11.75023,10459278838688
1774162709047,2026-03-22 06:58:29.047,69120.0,0.00016,B,11.0592,447424304950577
1774162709960,2026-03-22 06:58:29.960,69120.0,0.00086,B,59.4432,832346498463241
1774162711068,2026-03-22 06:58:31.068,69119.0,0.00238,A,164.50322,368216334646771
1774162711671,2026-03-22 06:58:31.671,69119.0,0.18751,A,12960.503690000001,218712698027211
1774162711671,2026-03-22 06:58:31.671,69119.0,0.05688,A,3931.48872,478194129176398
1774162711671,2026-03-22 06:58:31.671,69119.0,0.21,A,14514.99,1030805492933604
1774162711671,2026-03-22 06:58:31.671,69119.0,0.21,A,14514.99,267896595184310
1774162711671,2026-03-22 06:58:31.671,69119.0,0.06004,A,4149.90476,915722952643650
1774162711671,2026-03-22 06:58:31.671,69119.0,0.35,A,24191.649999999998,57966051056912
1774162711671,2026-03-22 06:58:31.671,69119.0,0.08209,A,5673.978709999999,380362542322522
1774162711671,2026-03-22 06:58:31.671,69119.0,0.14393,A,9948.29767,380334730829485
1774162711671,2026-03-22 06:58:31.671,69119.0,0.11653,A,8054.43707,298819255469202
1774162711671,2026-03-22 06:58:31.671,69119.0,0.02893,A,1999.61267,450231417161281
1774162711671,2026-03-22 06:58:31.671,69119.0,0.12703,A,8780.18657,96779311028960
1774162711671,2026-03-22 06:58:31.671,69119.0,2.30109,A,159049.03970999998,850945521874246
1774162711671,2026-03-22 06:58:31.671,69119.0,0.06183,A,4273.62777,285736492739502
1774162711671,2026-03-22 06:58:31.671,69119.0,0.07044,A,4868.74236,275260308571955
1774162711671,2026-03-22 06:58:31.671,69119.0,0.11334,A,7833.947459999999,167762559500019
1774162711671,2026-03-22 06:58:31.671,69119.0,0.23962,A,16562.29478,613396111262271
1774162711671,2026-03-22 06:58:31.671,69119.0,0.27837,A,19240.656030000002,602963179371958
1774162711671,2026-03-22 06:58:31.671,69119.0,0.04912,A,3395.1252799999997,45972294716091
1774162711671,2026-03-22 06:58:31.671,69119.0,0.05879,A,4063.50601,909972039918067
1774162711671,2026-03-22 06:58:31.671,69119.0,0.0554,A,3829.1926,625397473082981
1774162711671,2026-03-22 06:58:31.671,69119.0,0.01517,A,1048.53523,210253285118841
1774162711671,2026-03-22 06:58:31.671,69119.0,0.06809,A,4706.31271,262653221765425
1774162711671,2026-03-22 06:58:31.671,69119.0,0.03612,A,2496.57828,55991371289636
1774162711671,2026-03-22 06:58:31.671,69119.0,0.07294,A,5041.539860000001,1042847664118752
1774162711671,2026-03-22 06:58:31.671,69119.0,0.00289,A,199.75391000000002,917204130786701
1774162711671,2026-03-22 06:58:31.671,69119.0,0.05,A,3455.9500000000003,18591695056801
1774162711671,2026-03-22 06:58:31.671,69118.0,0.00015,A,10.3677,797850734261123
1774162711671,2026-03-22 06:58:31.671,69118.0,0.07294,A,5041.466920000001,1002065608788684
1774162711671,2026-03-22 06:58:31.671,69118.0,0.01012,A,699.47416,128347385243153
1774162711671,2026-03-22 06:58:31.671,69118.0,0.1,A,6911.8,501073133804045
1774162711671,2026-03-22 06:58:31.671,69117.0,0.04571,A,3159.3380700000002,360655021549227
1774162711671,2026-03-22 06:58:31.671,69117.0,0.00015,A,10.36755,225128310016559
1774162711671,2026-03-22 06:58:31.671,69116.0,0.08149,A,5632.26284,3002863520296
1774162711671,2026-03-22 06:58:31.671,69116.0,0.00145,A,100.2182,482637135645255
1774162711671,2026-03-22 06:58:31.671,69115.0,0.00016,A,11.0584,87051620759433
1774162711671,2026-03-22 06:58:31.671,69115.0,0.04049,A,2798.4663499999997,860359547000442
1774162711671,2026-03-22 06:58:31.671,69115.0,1.4468,A,99995.58200000001,555334232973060
1774162711671,2026-03-22 06:58:31.671,69115.0,0.02402,A,1660.1423,935964957256900
1774162711671,2026-03-22 06:58:31.671,69114.0,0.05665,A,3915.3080999999997,231444874418277
1774162711671,2026-03-22 06:58:31.671,69114.0,0.003,A,207.342,673724007586448
1774162711671,2026-03-22 06:58:31.671,69114.0,0.02154,A,1488.71556,943643327859888
1774162711671,2026-03-22 06:58:31.671,69114.0,0.04655,A,3217.2567,693588952863169
1774162711671,2026-03-22 06:58:31.671,69114.0,0.08311,A,5744.06454,474733254471570
1774162711671,2026-03-22 06:58:31.671,69114.0,0.12745,A,8808.579300000001,594228454121163
1774162711671,2026-03-22 06:58:31.671,69113.0,0.18326,A,12665.64838,284022283860090
1774162711671,2026-03-22 06:58:31.671,69113.0,0.07245,A,5007.23685,171720505628566
1774162711671,2026-03-22 06:58:31.671,69113.0,0.00035,A,24.18955,876148777453223
1774162711671,2026-03-22 06:58:31.671,69112.0,0.04734,A,3271.76208,594404257349405
1774162711671,2026-03-22 06:58:31.671,69112.0,0.066,A,4561.392,531982391455481
1774162711671,2026-03-22 06:58:31.671,69112.0,0.07661,A,5294.67032,536152625732795
1774162711671,2026-03-22 06:58:31.671,69112.0,0.08038,A,5555.222559999999,840350522110015
1774162711671,2026-03-22 06:58:31.671,69112.0,0.01157,A,799.62584,669375031414297
1774162711671,2026-03-22 06:58:31.671,69112.0,0.00016,A,11.057920000000001,32862032708613
1774162711671,2026-03-22 06:58:31.671,69112.0,0.02893,A,1999.4101600000001,395380889831598
1774162711671,2026-03-22 06:58:31.671,69112.0,0.38572,A,26657.88064,658942864082566
1774162711671,2026-03-22 06:58:31.671,69111.0,0.20246,A,13992.21306,197800569182243
1774162711671,2026-03-22 06:58:31.671,69111.0,0.00315,A,217.69965,226170603750557
1774162711671,2026-03-22 06:58:31.671,69111.0,0.21707,A,15001.924770000001,49689915752620
1774162711671,2026-03-22 06:58:31.671,69110.0,0.2,A,13822.0,436028806479572
1774162711671,2026-03-22 06:58:31.671,69110.0,0.00015,A,10.366499999999998,808887198415273
1774162711671,2026-03-22 06:58:31.671,69110.0,0.131,A,9053.41,943155381795977
1774162711671,2026-03-22 06:58:31.671,69110.0,1.08541,A,75012.6851,439923042810034
1774162711671,2026-03-22 06:58:31.671,69110.0,6e-05,A,4.1466,220184760447138
1774162712578,2026-03-22 06:58:32.578,69112.0,2e-05,B,1.3822400000000001,422771473855526
1774162712875,2026-03-22 06:58:32.875,69112.0,0.00013,B,8.984559999999998,91950192666770
1774162712875,2026-03-22 06:58:32.875,69115.0,2e-05,B,1.3823,160833756091955
1774162712981,2026-03-22 06:58:32.981,69115.0,0.00022,B,15.205300000000001,751996552148214
1774162713180,2026-03-22 06:58:33.180,69115.0,0.01,B,691.15,46556468192571
1774162713180,2026-03-22 06:58:33.180,69115.0,0.00015,B,10.367249999999999,981103608769328
1774162714082,2026-03-22 06:58:34.082,69114.0,0.00141,A,97.45074,10793419525280
1774162715902,2026-03-22 06:58:35.902,69114.0,2e-05,A,1.3822800000000002,439823978316437
1774162716908,2026-03-22 06:58:36.908,69116.0,0.00017,B,11.749720000000002,811714538715053
1774162716908,2026-03-22 06:58:36.908,69116.0,0.0002,B,13.8232,960645993590367
1774162716908,2026-03-22 06:58:36.908,69116.0,0.00108,B,74.64528,785444584289853
1774162717500,2026-03-22 06:58:37.500,69116.0,0.00015,B,10.3674,815488034925045
1774162718093,2026-03-22 06:58:38.093,69116.0,0.00016,B,11.058560000000002,301139345108945
1774162718513,2026-03-22 06:58:38.513,69116.0,1e-05,B,0.6911600000000001,208555809958315
1774162718513,2026-03-22 06:58:38.513,69117.0,0.00017,B,11.74989,809957101745329
1774162718513,2026-03-22 06:58:38.513,69117.0,0.00015,B,10.36755,534931868587858
1774162723765,2026-03-22 06:58:43.765,69118.0,0.00017,B,11.750060000000001,577545076806153
1774162723765,2026-03-22 06:58:43.765,69118.0,0.02053,B,1418.99254,166559866331865
1774162724038,2026-03-22 06:58:44.038,69117.0,0.00112,A,77.41104,452944670147490
1774162724038,2026-03-22 06:58:44.038,69117.0,0.00304,A,210.11568,93149483304960
1774162724640,2026-03-22 06:58:44.640,69117.0,7e-05,A,4.83819,642271920802995
1774162725041,2026-03-22 06:58:45.041,69118.0,0.00057,B,39.397259999999996,714561270169828
1774162726467,2026-03-22 06:58:46.467,69118.0,2e-05,B,1.38236,223468002525871
1774162726648,2026-03-22 06:58:46.648,69117.0,2e-05,A,1.3823400000000001,1099086568986001
1774162727389,2026-03-22 06:58:47.389,69117.0,0.00841,A,581.2739700000001,693650099779121
1774162733314,2026-03-22 06:58:53.314,69118.0,7e-05,B,4.83826,539378009830815
1774162737028,2026-03-22 06:58:57.028,69117.0,0.00017,A,11.74989,486176765780068
1774162738822,2026-03-22 06:58:58.822,69117.0,0.00116,A,80.17572,758750776841387
1774162739112,2026-03-22 06:58:59.112,69118.0,0.00016,B,11.05888,395917446932828
1774162740724,2026-03-22 06:59:00.724,69117.0,0.00081,A,55.98477,256357189563442
1774162741054,2026-03-22 06:59:01.054,69117.0,0.00238,A,164.49846000000002,107093076456484
1774162741355,2026-03-22 06:59:01.355,69118.0,2e-05,B,1.38236,302124886377493
1774162741757,2026-03-22 06:59:01.757,69117.0,2e-05,A,1.3823400000000001,645080637310099
1774162743760,2026-03-22 06:59:03.760,69117.0,0.01159,A,801.06603,525876453039733
1774162744040,2026-03-22 06:59:04.040,69117.0,0.00017,A,11.74989,985810280648675
1774162744040,2026-03-22 06:59:04.040,69117.0,0.00142,A,98.14614,1070981067746093
1774162744968,2026-03-22 06:59:04.968,69117.0,0.00028,A,19.35276,501378258096551
1774162748080,2026-03-22 06:59:08.080,69118.0,0.00016,B,11.05888,1064657591835258
1774162754015,2026-03-22 06:59:14.015,69117.0,0.00415,A,286.83555,121599615034424
1774162755009,2026-03-22 06:59:15.009,69118.0,0.00057,B,39.397259999999996,1125731709642735
1774162755925,2026-03-22 06:59:15.925,69118.0,2e-05,B,1.38236,327995972054752
1774162761381,2026-03-22 06:59:21.381,69117.0,2e-05,A,1.3823400000000001,329419611007635
1774162766738,2026-03-22 06:59:26.738,69117.0,0.00049,A,33.867329999999995,209029813696317
1774162767099,2026-03-22 06:59:27.099,69117.0,0.00017,A,11.74989,426779409000841
1774162768502,2026-03-22 06:59:28.502,69117.0,0.00719,A,496.95123,329336185128032
1774162769005,2026-03-22 06:59:29.005,69118.0,0.00016,B,11.05888,1015778834415164
1774162770410,2026-03-22 06:59:30.410,69118.0,1e-05,B,0.69118,543058136871343
1774162770410,2026-03-22 06:59:30.410,69118.0,1e-05,B,0.69118,204249633394880
1774162771015,2026-03-22 06:59:31.015,69117.0,0.00237,A,163.80729000000002,1077015542676264
1774162774023,2026-03-22 06:59:34.023,69117.0,0.00017,A,11.74989,442637426753844
1774162775022,2026-03-22 06:59:35.022,69117.0,0.00142,A,98.14614,668247031382953
1774162778006,2026-03-22 06:59:38.006,69118.0,0.00016,B,11.05888,715637991852476
1774162778558,2026-03-22 06:59:38.558,69117.0,2e-05,A,1.3823400000000001,157483598029344
1774162784042,2026-03-22 06:59:44.042,69117.0,0.00416,A,287.52671999999995,929980716616782
1774162784561,2026-03-22 06:59:44.561,69118.0,2e-05,B,1.38236,977258686665595
1774162785046,2026-03-22 06:59:45.046,69118.0,0.00056,B,38.70608,23877978535858
1774162790595,2026-03-22 06:59:50.595,69118.0,0.00458,B,316.56043999999997,120069628399238
1774162790595,2026-03-22 06:59:50.595,69118.0,0.00265,B,183.1627,731031212500651
1774162791948,2026-03-22 06:59:51.948,69117.0,2e-05,A,1.3823400000000001,473925576254696
1774162797079,2026-03-22 06:59:57.079,69117.0,0.00017,A,11.74989,511280898075614
1774162797174,2026-03-22 06:59:57.174,69118.0,0.00016,B,11.05888,623221729663802
1774162798988,2026-03-22 06:59:58.988,69118.0,2e-05,B,1.38236,1036621299294267
1774162799092,2026-03-22 06:59:59.092,69118.0,0.00016,B,11.05888,689279453047085
1774162801015,2026-03-22 07:00:01.015,69117.0,0.00238,A,164.49846000000002,107793971642966
1774162801648,2026-03-22 07:00:01.648,69118.0,0.02856,B,1974.0100799999998,964848711568304
1774162803840,2026-03-22 07:00:03.840,69117.0,0.00027,A,18.66159,605354506528601
1774162803840,2026-03-22 07:00:03.840,69117.0,0.00696,A,481.05432,208640430953059
1774162804045,2026-03-22 07:00:04.045,69117.0,0.00142,A,98.14614,130445446717339
1774162804768,2026-03-22 07:00:04.768,69117.0,0.02924,A,2020.9810799999998,917899855678146
1774162805470,2026-03-22 07:00:05.470,69117.0,2e-05,A,1.3823400000000001,448049216099478
1774162806479,2026-03-22 07:00:06.479,69117.0,0.00992,A,685.64064,938344060032243
1774162806479,2026-03-22 07:00:06.479,69117.0,0.00064,A,44.234880000000004,797599375531633
1774162806878,2026-03-22 07:00:06.878,69115.0,0.0063,A,435.4245,1029596166202313
1774162806878,2026-03-22 07:00:06.878,69112.0,0.00016,A,11.057920000000001,430443358073039
1774162806878,2026-03-22 07:00:06.878,69112.0,0.003,A,207.336,504706204256122
1774162806878,2026-03-22 07:00:06.878,69110.0,0.00015,A,10.366499999999998,164513968045489
1774162806878,2026-03-22 07:00:06.878,69110.0,0.00032,A,22.1152,642125955782843
1774162807080,2026-03-22 07:00:07.080,69110.0,0.01394,A,963.3933999999999,696622444007601
1774162808091,2026-03-22 07:00:08.091,69111.0,0.00016,B,11.05776,547055496084590
1774162808178,2026-03-22 07:00:08.178,69110.0,0.00015,A,10.366499999999998,170973670033763
1774162808936,2026-03-22 07:00:08.936,69111.0,0.02137,B,1476.90207,1033005077485900
1774162810133,2026-03-22 07:00:10.133,69110.0,0.01018,A,703.5398,806902739534348
1774162811572,2026-03-22 07:00:11.572,69110.0,0.00022,A,15.2042,187085443638461
1774162811644,2026-03-22 07:00:11.644,69110.0,0.00023,A,15.8953,352435408679708
1774162812396,2026-03-22 07:00:12.396,69110.0,0.00029,A,20.041900000000002,55153908502267
1774162813740,2026-03-22 07:00:13.740,69111.0,0.00174,B,120.25314,525603826805372
1774162813797,2026-03-22 07:00:13.797,69111.0,2e-05,B,1.38222,644539499213719
1774162813866,2026-03-22 07:00:13.866,69110.0,0.00087,A,60.1257,289746166816638
1774162814069,2026-03-22 07:00:14.069,69110.0,0.00273,A,188.6703,345529971631365
1774162814069,2026-03-22 07:00:14.069,69110.0,0.00143,A,98.82730000000001,310237288318155
1774162814069,2026-03-22 07:00:14.069,69110.0,0.00194,A,134.07340000000002,401113092867976
1774162814148,2026-03-22 07:00:14.148,69110.0,0.00019,A,13.1309,920694982089197
1774162814148,2026-03-22 07:00:14.148,69110.0,0.00021,A,14.513100000000001,376071292995898
1774162814201,2026-03-22 07:00:14.201,69111.0,0.0207,B,1430.5977,919440906067897
1774162815003,2026-03-22 07:00:15.003,69111.0,0.00057,B,39.39327,350945065545050
1774162815749,2026-03-22 07:00:15.749,69110.0,0.00021,A,14.513100000000001,83133614078564
1774162816277,2026-03-22 07:00:16.277,69111.0,0.00015,B,10.36665,1035652310465767
1774162817077,2026-03-22 07:00:17.077,69110.0,0.01098,A,758.8278,793362218533747
1774162817077,2026-03-22 07:00:17.077,69110.0,0.01496,A,1033.8856,763964503931759
1774162817077,2026-03-22 07:00:17.077,69110.0,0.04899,A,3385.6989,209642918535590
1774162817077,2026-03-22 07:00:17.077,69110.0,0.04361,A,3013.8871000000004,188410239793083
1774162817077,2026-03-22 07:00:17.077,69110.0,0.03838,A,2652.4417999999996,1093299331718254
1774162817077,2026-03-22 07:00:17.077,69110.0,0.09252,A,6394.0572,32052107571741
1774162817077,2026-03-22 07:00:17.077,69110.0,0.09351,A,6462.4761,825309902468607
1774162817077,2026-03-22 07:00:17.077,69110.0,0.06067,A,4192.9037,638903087438110
1774162817077,2026-03-22 07:00:17.077,69110.0,0.05547,A,3833.5317,115979105541526
1774162817077,2026-03-22 07:00:17.077,69110.0,0.00693,A,478.93230000000005,772643085081333
1774162817077,2026-03-22 07:00:17.077,69110.0,0.01182,A,816.8802000000001,270603588619734
1774162817077,2026-03-22 07:00:17.077,69110.0,0.03223,A,2227.4153,324848238273630
1774162817077,2026-03-22 07:00:17.077,69110.0,0.0157,A,1085.0269999999998,85683756083671
1774162817077,2026-03-22 07:00:17.077,69109.0,0.02893,A,1999.32337,996990032448723
1774162817077,2026-03-22 07:00:17.077,69108.0,0.00016,A,11.05728,773397723187408
1774162817077,2026-03-22 07:00:17.077,69107.0,0.00017,A,11.748190000000001,406373873902695
1774162817077,2026-03-22 07:00:17.077,69107.0,0.1,A,6910.700000000001,72793880846435
1774162817077,2026-03-22 07:00:17.077,69107.0,0.00015,A,10.36605,209489636158901
1774162817077,2026-03-22 07:00:17.077,69106.0,0.00434,A,299.92004000000003,284308426944875
1774162817077,2026-03-22 07:00:17.077,69106.0,0.00017,A,11.74802,617044048097788
1774162817077,2026-03-22 07:00:17.077,69106.0,0.00263,A,181.74878,604247320573083
1774162817077,2026-03-22 07:00:17.077,69106.0,0.01154,A,797.48324,874369020262346
1774162817077,2026-03-22 07:00:17.077,69106.0,0.0063,A,435.3678,931459619643165
1774162817077,2026-03-22 07:00:17.077,69105.0,0.00017,A,11.747850000000001,1048102289910849
1774162817077,2026-03-22 07:00:17.077,69105.0,0.003,A,207.315,2646242378479
1774162817077,2026-03-22 07:00:17.077,69105.0,0.01012,A,699.3426000000001,281863310614652
1774162817077,2026-03-22 07:00:17.077,69104.0,0.00016,A,11.056640000000002,23918546094675
1774162817077,2026-03-22 07:00:17.077,69104.0,0.1269,A,8769.297600000002,821814295513338
1774162817077,2026-03-22 07:00:17.077,69104.0,0.00017,A,11.74768,579960471978692
1774162817077,2026-03-22 07:00:17.077,69104.0,0.04049,A,2798.02096,377705273552122
1774162817077,2026-03-22 07:00:17.077,69104.0,0.09338,A,6452.93152,248932003907469
1774162817077,2026-03-22 07:00:17.077,69104.0,0.05034,A,3478.69536,525305426857451
1774162817077,2026-03-22 07:00:17.077,69103.0,0.00017,A,11.74751,587021509178746
1774162817077,2026-03-22 07:00:17.077,69103.0,0.40347,A,27880.987409999998,42030080147406
1774162817077,2026-03-22 07:00:17.077,69103.0,0.02894,A,1999.8408200000001,111645611267732
1774162817077,2026-03-22 07:00:17.077,69103.0,0.05665,A,3914.68495,743607183837019
1774162817077,2026-03-22 07:00:17.077,69102.0,0.00017,A,11.747340000000001,828157892418125
1774162817077,2026-03-22 07:00:17.077,69102.0,0.42021,A,29037.35142,399806326324515
1774162817077,2026-03-22 07:00:17.077,69102.0,0.01844,A,1274.24088,503302116304932
1774162817077,2026-03-22 07:00:17.077,69102.0,0.04911,A,3393.59922,820270187456069
1774162817077,2026-03-22 07:00:17.077,69101.0,0.00016,A,11.05616,678767468407060
1774162817077,2026-03-22 07:00:17.077,69101.0,0.00017,A,11.74717,582264472452590
1774162817077,2026-03-22 07:00:17.077,69101.0,0.00022,A,15.20222,369827681622964
1774162817077,2026-03-22 07:00:17.077,69101.0,0.02226,A,1538.18826,780464558627076
1774162817077,2026-03-22 07:00:17.077,69101.0,0.00144,A,99.50544000000001,1073852457311190
1774162817077,2026-03-22 07:00:17.077,69101.0,0.72365,A,50004.938650000004,767724766691971
1774162817077,2026-03-22 07:00:17.077,69100.0,0.01188,A,820.908,858155998820544
1774162817077,2026-03-22 07:00:17.077,69100.0,0.00017,A,11.747000000000002,910833997815599
1774162817077,2026-03-22 07:00:17.077,69100.0,5.258,A,363327.8,342032012820421
1774162817756,2026-03-22 07:00:17.756,69101.0,0.00068,B,46.98868,747970667557972
1774162818635,2026-03-22 07:00:18.635,69100.0,2e-05,A,1.3820000000000001,340412438429262
1774162818908,2026-03-22 07:00:18.908,69101.0,0.00145,B,100.19645,836297070394705
1774162819119,2026-03-22 07:00:19.119,69100.0,0.00868,A,599.788,728851311516732
1774162819186,2026-03-22 07:00:19.186,69100.0,0.00173,A,119.54299999999999,339185907252061
1774162819987,2026-03-22 07:00:19.987,69100.0,0.00868,A,599.788,607266457311724
1774162820142,2026-03-22 07:00:20.142,69101.0,0.00016,B,11.05616,877916589373868
1774162820708,2026-03-22 07:00:20.708,69101.0,0.00015,B,10.36515,353514232267042
1774162824390,2026-03-22 07:00:24.390,69102.0,0.00017,B,11.747340000000001,792624176290298
1774162824390,2026-03-22 07:00:24.390,69102.0,0.00015,B,10.3653,168847457910673
1774162824390,2026-03-22 07:00:24.390,69102.0,0.0002,B,13.820400000000001,59363988091387
1774162824468,2026-03-22 07:00:24.468,69103.0,0.00017,B,11.74751,1013234279664623
1774162824468,2026-03-22 07:00:24.468,69103.0,0.00015,B,10.36545,698737389217012
1774162824670,2026-03-22 07:00:24.670,69104.0,0.00015,B,10.365599999999999,230835595002090
1774162825067,2026-03-22 07:00:25.067,69105.0,0.00017,B,11.747850000000001,750213146893198
1774162825067,2026-03-22 07:00:25.067,69106.0,0.00017,B,11.74802,734535385806309
1774162825067,2026-03-22 07:00:25.067,69106.0,0.003,B,207.318,1118442876300947
1774162825067,2026-03-22 07:00:25.067,69107.0,0.00017,B,11.748190000000001,588104753195729
1774162825067,2026-03-22 07:00:25.067,69107.0,0.00016,B,11.057120000000001,1077540280623421
1774162825067,2026-03-22 07:00:25.067,69108.0,0.00017,B,11.748360000000002,58232841139738
1774162825067,2026-03-22 07:00:25.067,69109.0,0.00015,B,10.366349999999999,15026297368877
1774162825067,2026-03-22 07:00:25.067,69109.0,0.00017,B,11.74853,863902694564548
1774162825067,2026-03-22 07:00:25.067,69110.0,0.00017,B,11.748700000000001,724955993560873
1774162825067,2026-03-22 07:00:25.067,69111.0,0.00048,B,33.17328,434848057853198
1774162825067,2026-03-22 07:00:25.067,69111.0,0.00017,B,11.74887,85817272165871
1774162825067,2026-03-22 07:00:25.067,69111.0,0.003,B,207.333,1085033166259884
1774162825067,2026-03-22 07:00:25.067,69111.0,0.00016,B,11.05776,1087420901794826
1774162825067,2026-03-22 07:00:25.067,69112.0,0.00017,B,11.74904,707606518312207
1774162825208,2026-03-22 07:00:25.208,69113.0,0.00017,B,11.749210000000001,898569464335404
1774162825208,2026-03-22 07:00:25.208,69114.0,0.00016,B,11.058240000000001,333066753830209
1774162825208,2026-03-22 07:00:25.208,69114.0,8e-05,B,5.529120000000001,187392582195798
1774162825738,2026-03-22 07:00:25.738,69114.0,9e-05,B,6.220260000000001,5538539309456
1774162825738,2026-03-22 07:00:25.738,69115.0,0.00017,B,11.749550000000001,687949871392025
1774162825738,2026-03-22 07:00:25.738,69116.0,0.00017,B,11.749720000000002,680345148319620
1774162825738,2026-03-22 07:00:25.738,69117.0,0.00022,B,15.20574,483861947278023
1774162825738,2026-03-22 07:00:25.738,69117.0,0.00017,B,11.74989,161009525814266
1774162825948,2026-03-22 07:00:25.948,69118.0,0.00017,B,11.750060000000001,877127565577204
1774162825948,2026-03-22 07:00:25.948,69118.0,0.00016,B,11.05888,149408841415889
1774162825948,2026-03-22 07:00:25.948,69118.0,0.00017,B,11.750060000000001,367056453182619
1774162826204,2026-03-22 07:00:26.204,69118.0,0.00043,A,29.72074,469427505801810
1774162826553,2026-03-22 07:00:26.553,69119.0,0.00017,B,11.75023,703605380028680
1774162826553,2026-03-22 07:00:26.553,69119.0,0.00202,B,139.62038,790684420191071
1774162826553,2026-03-22 07:00:26.553,69119.0,0.00205,B,141.69395,324686528766687
1774162826553,2026-03-22 07:00:26.553,69119.0,0.00316,B,218.41604,165373405550667
1774162826553,2026-03-22 07:00:26.553,69120.0,0.00017,B,11.7504,389867522376085
1774162826553,2026-03-22 07:00:26.553,69120.0,0.00017,B,11.7504,174315224596627
1774162826553,2026-03-22 07:00:26.553,69120.0,0.00015,B,10.367999999999999,799225909241351
1774162826553,2026-03-22 07:00:26.553,69121.0,0.00017,B,11.750570000000002,1121508515223117
1774162826553,2026-03-22 07:00:26.553,69121.0,0.00017,B,11.750570000000002,1087365190636649
1774162826553,2026-03-22 07:00:26.553,69122.0,0.00017,B,11.75074,278818825234001
1774162826553,2026-03-22 07:00:26.553,69122.0,0.00082,B,56.68004,384855981340803
1774162826874,2026-03-22 07:00:26.874,69122.0,0.00015,B,10.3683,1008618679680663
1774162826874,2026-03-22 07:00:26.874,69122.0,0.0058,B,400.90759999999995,728895444117697
1774162826954,2026-03-22 07:00:26.954,69122.0,0.02261,B,1562.84842,474339387035135
1774162827014,2026-03-22 07:00:27.014,69121.0,0.00017,A,11.750570000000002,12336847121719
1774162827152,2026-03-22 07:00:27.152,69122.0,0.0066,B,456.2052,1090017966378800
1774162827359,2026-03-22 07:00:27.359,69122.0,0.00875,B,604.8175000000001,15265770292381
1774162827359,2026-03-22 07:00:27.359,69122.0,0.02551,B,1763.30222,466798863795719
1774162827359,2026-03-22 07:00:27.359,69122.0,0.057,B,3939.954,745023748447036
1774162827823,2026-03-22 07:00:27.823,69122.0,2e-05,B,1.3824400000000001,518783936771849
1774162828687,2026-03-22 07:00:28.687,69122.0,0.00018,B,12.44196,132384607953531
1774162828755,2026-03-22 07:00:28.755,69122.0,0.00015,B,10.3683,596239210531429
1774162829031,2026-03-22 07:00:29.031,69122.0,0.00016,B,11.059520000000001,759770077570837
1774162829161,2026-03-22 07:00:29.161,69122.0,0.00428,B,295.84216,421035363823781
1774162829161,2026-03-22 07:00:29.161,69122.0,0.02666,B,1842.79252,898376153385238
1774162829161,2026-03-22 07:00:29.161,69122.0,0.02141,B,1479.90202,173293639079760
1774162829161,2026-03-22 07:00:29.161,69122.0,0.057,B,3939.954,173289933406414
1774162829161,2026-03-22 07:00:29.161,69122.0,0.05896,B,4075.4331199999997,485599951318899
1774162829161,2026-03-22 07:00:29.161,69122.0,0.08093,B,5594.04346,145528103929709
1774162829161,2026-03-22 07:00:29.161,69123.0,0.00017,B,11.750910000000001,261843261691947
1774162829161,2026-03-22 07:00:29.161,69123.0,0.00017,B,11.750910000000001,988990369676584
1774162829161,2026-03-22 07:00:29.161,69123.0,0.003,B,207.369,828637140841186
1774162829161,2026-03-22 07:00:29.161,69124.0,0.00017,B,11.75108,795977955169368
1774162829161,2026-03-22 07:00:29.161,69124.0,0.00017,B,11.75108,1030533021917228
1774162829161,2026-03-22 07:00:29.161,69125.0,0.00016,B,11.06,204159989452590
1774162829161,2026-03-22 07:00:29.161,69125.0,0.00017,B,11.75125,943600594367821
1774162829161,2026-03-22 07:00:29.161,69125.0,0.00017,B,11.75125,403882739692561
1774162829161,2026-03-22 07:00:29.161,69125.0,0.00015,B,10.368749999999999,1037764682331103
1774162829161,2026-03-22 07:00:29.161,69126.0,0.00017,B,11.751420000000001,207105873351573
1774162829161,2026-03-22 07:00:29.161,69126.0,0.00017,B,11.751420000000001,202903283173512
1774162829161,2026-03-22 07:00:29.161,69126.0,0.0012,B,82.95119999999999,612978213828664
1774162829476,2026-03-22 07:00:29.476,69126.0,2e-05,A,1.3825200000000002,265056350020776
1774162830153,2026-03-22 07:00:30.153,69127.0,0.00017,B,11.75159,907495340107725
1774162830845,2026-03-22 07:00:30.845,69128.0,0.00017,B,11.75176,759661588322913
1774162831111,2026-03-22 07:00:31.111,69127.0,0.00128,A,88.48256,707153289171352
1774162831111,2026-03-22 07:00:31.111,69127.0,0.0011,A,76.03970000000001,848008729030019
1774162831692,2026-03-22 07:00:31.692,69128.0,0.00033,B,22.81224,512855980018629
1774162831692,2026-03-22 07:00:31.692,69128.0,0.00025,B,17.282,778329832144719
1774162832902,2026-03-22 07:00:32.902,69128.0,0.00015,B,10.3692,498788146779983
1774162834852,2026-03-22 07:00:34.852,69128.0,0.00022,B,15.208160000000001,35224180858082
1774162835056,2026-03-22 07:00:35.056,69127.0,0.00141,A,97.46907,490531904977715
1774162837287,2026-03-22 07:00:37.287,69128.0,0.00015,B,10.3692,791596334796076
1774162838029,2026-03-22 07:00:38.029,69127.0,0.0002,A,13.8254,652019433413093
1774162838029,2026-03-22 07:00:38.029,69128.0,0.00016,B,11.06048,264920707402087
1774162842577,2026-03-22 07:00:42.577,69128.0,0.0839,B,5799.8392,908667052499062
1774162842577,2026-03-22 07:00:42.577,69128.0,2e-05,B,1.38256,383658008526769
1774162842577,2026-03-22 07:00:42.577,69127.0,0.0002,A,13.8254,657335210448031
1774162843718,2026-03-22 07:00:43.718,69127.0,2e-05,A,1.38254,673912300575821
1774162844085,2026-03-22 07:00:44.085,69127.0,0.00416,A,287.56831999999997,908010590384678
1774162844085,2026-03-22 07:00:44.085,69128.0,0.00057,B,39.40296,584656190235500
1774162844578,2026-03-22 07:00:44.578,69128.0,0.00015,B,10.3692,1024846964952416
1774162845054,2026-03-22 07:00:45.054,69128.0,0.0002,B,13.825600000000001,1064942363746432
1774162845054,2026-03-22 07:00:45.054,69128.0,0.00017,B,11.75176,655329449433193
1774162845054,2026-03-22 07:00:45.054,69128.0,0.00019,B,13.13432,886593154180778
1774162845680,2026-03-22 07:00:45.680,69128.0,0.0007,B,48.3896,1085040708608231
1774162845680,2026-03-22 07:00:45.680,69128.0,0.00108,B,74.65824,876828904896594
1774162845799,2026-03-22 07:00:45.799,69128.0,0.00145,B,100.23559999999999,477031099573025
1774162846201,2026-03-22 07:00:46.201,69127.0,0.00015,A,10.36905,329761722191292
1774162846911,2026-03-22 07:00:46.911,69128.0,0.00017,B,11.75176,23020650229765
1774162846911,2026-03-22 07:00:46.911,69129.0,0.00017,B,11.751930000000002,763914740788740
1774162846911,2026-03-22 07:00:46.911,69129.0,0.00016,B,11.060640000000001,729743739181764
1774162846911,2026-03-22 07:00:46.911,69129.0,0.00017,B,11.751930000000002,672826838972398
1774162847918,2026-03-22 07:00:47.918,69129.0,7e-05,A,4.839029999999999,539132141598066
1774162848414,2026-03-22 07:00:48.414,69129.0,0.00071,A,49.08159,952029217543192
1774162848414,2026-03-22 07:00:48.414,69129.0,0.14498,A,10022.32242,575265710479693
1774162851787,2026-03-22 07:00:51.787,69130.0,0.00017,B,11.7521,481868758815406
1774162851787,2026-03-22 07:00:51.787,69130.0,0.05424,B,3749.6112,257280739023253
1774162853642,2026-03-22 07:00:53.642,69130.0,0.13042,B,9015.9346,558009198486062
1774162853777,2026-03-22 07:00:53.777,69130.0,0.00708,B,489.4404,948585105445206
1774162854773,2026-03-22 07:00:54.773,69130.0,0.00144,B,99.5472,220866972717450
1774162856161,2026-03-22 07:00:56.161,69130.0,0.00708,B,489.4404,697655837616370
1774162857030,2026-03-22 07:00:57.030,69129.0,0.00017,A,11.751930000000002,475328921515259
1774162857373,2026-03-22 07:00:57.373,69130.0,2e-05,B,1.3826,74133081247379
1774162859014,2026-03-22 07:00:59.014,69130.0,0.00016,B,11.0608,464186223409599
1774162859014,2026-03-22 07:00:59.014,69129.0,0.00014,A,9.678059999999999,984533431149048
1774162860623,2026-03-22 07:01:00.623,69130.0,7e-05,B,4.839099999999999,350650335425100
1774162861033,2026-03-22 07:01:01.033,69129.0,0.00238,A,164.52702000000002,431535172946915
1774162862444,2026-03-22 07:01:02.444,69130.0,0.00041,B,28.3433,47780766737025
1774162862838,2026-03-22 07:01:02.838,69129.0,2e-05,A,1.3825800000000001,616279636209083
1774162863555,2026-03-22 07:01:03.555,69129.0,0.00016,A,11.060640000000001,250993194340531
1774162864045,2026-03-22 07:01:04.045,69129.0,0.00142,A,98.16318,1051944785480623
1774162868008,2026-03-22 07:01:08.008,69129.0,0.00017,A,11.751930000000002,102398495110315
1774162868008,2026-03-22 07:01:08.008,69130.0,0.00016,B,11.0608,877206627498596
1774162871067,2026-03-22 07:01:11.067,69130.0,0.00017,B,11.7521,357690926015239
1774162871067,2026-03-22 07:01:11.067,69130.0,0.00068,B,47.0084,743580111445533
1774162871067,2026-03-22 07:01:11.067,69130.0,0.05615,B,3881.6495,636829405971663
1774162871530,2026-03-22 07:01:11.530,69130.0,0.01715,B,1185.5794999999998,831245538092016
1774162871530,2026-03-22 07:01:11.530,69131.0,0.00017,B,11.752270000000001,833969162835928
1774162871530,2026-03-22 07:01:11.530,69131.0,0.00029,B,20.04799,1016428064962608
1774162871530,2026-03-22 07:01:11.530,69131.0,0.00017,B,11.752270000000001,436445256323315
1774162871530,2026-03-22 07:01:11.530,69132.0,0.00017,B,11.75244,242181350107528
1774162871530,2026-03-22 07:01:11.530,69132.0,0.00017,B,11.75244,1023324805713994
1774162871530,2026-03-22 07:01:11.530,69132.0,0.003,B,207.39600000000002,567484867975344
1774162871530,2026-03-22 07:01:11.530,69133.0,0.00016,B,11.061280000000002,749065432480178
1774162871530,2026-03-22 07:01:11.530,69133.0,0.00017,B,11.75261,461938510829175
1774162871530,2026-03-22 07:01:11.530,69133.0,0.00017,B,11.75261,861001257524391
1774162871530,2026-03-22 07:01:11.530,69134.0,0.00017,B,11.752780000000001,946610044545651
1774162871530,2026-03-22 07:01:11.530,69134.0,0.00017,B,11.752780000000001,883180965486600
1774162871530,2026-03-22 07:01:11.530,69135.0,0.00017,B,11.75295,585446018863710
1774162871530,2026-03-22 07:01:11.530,69135.0,0.01188,B,821.3238,516427661617222
1774162871530,2026-03-22 07:01:11.530,69135.0,0.00017,B,11.75295,271800387281109
1774162871530,2026-03-22 07:01:11.530,69136.0,0.00016,B,11.061760000000001,18270885868945
1774162871530,2026-03-22 07:01:11.530,69136.0,0.00017,B,11.753120000000001,645929544002051
1774162871530,2026-03-22 07:01:11.530,69136.0,0.00017,B,11.753120000000001,773158847765102
1774162871530,2026-03-22 07:01:11.530,69136.0,0.0521,B,3601.9856,1098497444957164
1774162871959,2026-03-22 07:01:11.959,69136.0,2e-05,B,1.3827200000000002,1080072898270694
1774162872281,2026-03-22 07:01:12.281,69136.0,0.00017,B,11.753120000000001,739993608999302
1774162872676,2026-03-22 07:01:12.676,69136.0,0.00025,B,17.284,855666423022248
1774162873078,2026-03-22 07:01:13.078,69136.0,0.00023,B,15.90128,794438027229879
1774162874018,2026-03-22 07:01:14.018,69135.0,0.00416,A,287.60159999999996,435929517713768
1774162874368,2026-03-22 07:01:14.368,69136.0,0.00348,B,240.59328,1018623378055254
1774162875045,2026-03-22 07:01:15.045,69136.0,0.00057,B,39.40752,32723611202059
1774162875651,2026-03-22 07:01:15.651,69136.0,0.0817,B,5648.4112,877640677563443
1774162875651,2026-03-22 07:01:15.651,69136.0,0.00017,B,11.753120000000001,110955339680853
1774162875651,2026-03-22 07:01:15.651,69136.0,0.00217,B,150.02512000000002,613990760559719
1774162876507,2026-03-22 07:01:16.507,69137.0,0.00017,B,11.753290000000002,38828417106896
1774162876507,2026-03-22 07:01:16.507,69137.0,0.00435,B,300.74595,933931733606106
1774162878720,2026-03-22 07:01:18.720,69136.0,0.00029,A,20.04944,862566177346005
1774162880121,2026-03-22 07:01:20.121,69136.0,2e-05,A,1.3827200000000002,93103400530098
1774162883208,2026-03-22 07:01:23.208,69137.0,0.00044,B,30.42028,891309771842297
1774162884253,2026-03-22 07:01:24.253,69136.0,0.00021,A,14.51856,58038680572414
1774162884491,2026-03-22 07:01:24.491,69136.0,0.00063,A,43.55568,733705487614805
1774162885032,2026-03-22 07:01:25.032,69136.0,0.00033,A,22.81488,1040004139780042
1774162886080,2026-03-22 07:01:26.080,69137.0,0.00362,B,250.27594,1086311492880719
1774162886080,2026-03-22 07:01:26.080,69137.0,0.00176,B,121.68112,367837126998873
1774162886080,2026-03-22 07:01:26.080,69137.0,0.00051,B,35.25987,982206360679650
1774162886080,2026-03-22 07:01:26.080,69137.0,0.00242,B,167.31153999999998,839658346875755
1774162886080,2026-03-22 07:01:26.080,69137.0,0.00423,B,292.44951000000003,1064954464606097
1774162886160,2026-03-22 07:01:26.160,69137.0,0.00096,B,66.37152,884749148162460
1774162886160,2026-03-22 07:01:26.160,69137.0,0.07181,B,4964.72797,631100826564711
1774162886160,2026-03-22 07:01:26.160,69137.0,0.00017,B,11.753290000000002,805118756525897
1774162886160,2026-03-22 07:01:26.160,69138.0,0.003,B,207.41400000000002,660673867685482
1774162886160,2026-03-22 07:01:26.160,69138.0,0.00017,B,11.75346,662083964202768
1774162886160,2026-03-22 07:01:26.160,69139.0,0.00017,B,11.753630000000001,418377478534529
1774162886160,2026-03-22 07:01:26.160,69140.0,0.00016,B,11.0624,552366442390783
1774162886160,2026-03-22 07:01:26.160,69140.0,0.00017,B,11.7538,736931962520183
1774162886160,2026-03-22 07:01:26.160,69141.0,0.00017,B,11.75397,607415665865882
1774162886160,2026-03-22 07:01:26.160,69142.0,0.00017,B,11.754140000000001,20312515492483
1774162886160,2026-03-22 07:01:26.160,69143.0,0.00017,B,11.75431,636636650572242
1774162886160,2026-03-22 07:01:26.160,69144.0,0.00016,B,11.06304,33771235001235
1774162886160,2026-03-22 07:01:26.160,69144.0,0.00017,B,11.754480000000001,64840603015795
1774162886160,2026-03-22 07:01:26.160,69145.0,0.00017,B,11.754650000000002,969449529592800
1774162886160,2026-03-22 07:01:26.160,69146.0,0.08524,B,5894.00504,337573199603783
1774162886160,2026-03-22 07:01:26.160,69146.0,0.01476,B,1020.59496,290096000421734
1774162886160,2026-03-22 07:01:26.160,69146.0,0.00017,B,11.75482,53568205933741
1774162886160,2026-03-22 07:01:26.160,69146.0,0.003,B,207.43800000000002,787575507868207
1774162886160,2026-03-22 07:01:26.160,69146.0,0.00022,B,15.21212,442986856566887
1774162886160,2026-03-22 07:01:26.160,69147.0,0.00016,B,11.06352,1115805727237066
1774162886160,2026-03-22 07:01:26.160,69147.0,0.00017,B,11.754990000000001,307527044237056
1774162886160,2026-03-22 07:01:26.160,69148.0,0.00017,B,11.75516,193326599747070
1774162886160,2026-03-22 07:01:26.160,69148.0,0.03835,B,2651.8258,791332579027871
1774162887033,2026-03-22 07:01:27.033,69147.0,0.00017,A,11.754990000000001,344781317997422
1774162887234,2026-03-22 07:01:27.234,69148.0,2e-05,B,1.3829600000000002,67281765932121
1774162887327,2026-03-22 07:01:27.327,69148.0,0.00025,B,17.287,201350132386435
1774162888865,2026-03-22 07:01:28.865,69148.0,0.00023,B,15.90404,561443405708107
1774162889067,2026-03-22 07:01:29.067,69148.0,0.00016,B,11.063680000000002,180209016799827
1774162889469,2026-03-22 07:01:29.469,69147.0,0.00044,A,30.424680000000002,358765041092631
1774162889469,2026-03-22 07:01:29.469,69148.0,0.00017,B,11.75516,5521137759712
1774162891077,2026-03-22 07:01:31.077,69147.0,0.00238,A,164.56986,1031400160502019
1774162891077,2026-03-22 07:01:31.077,69147.0,0.00015,A,10.37205,608562921479838
1774162891589,2026-03-22 07:01:31.589,69148.0,0.0665,B,4598.342000000001,875621578126976
1774162892083,2026-03-22 07:01:32.083,69148.0,0.07608,B,5260.779839999999,598410773232113
1774162892887,2026-03-22 07:01:32.887,69148.0,0.0002,B,13.829600000000001,588700235923281
1774162893394,2026-03-22 07:01:33.394,69148.0,0.005,B,345.74,72574824375781
1774162894093,2026-03-22 07:01:34.093,69147.0,0.00142,A,98.18874,470841398079293
1774162894429,2026-03-22 07:01:34.429,69147.0,2e-05,A,1.38294,451693487657848
1774162894817,2026-03-22 07:01:34.817,69148.0,0.022,B,1521.2559999999999,410382779966792
1774162894899,2026-03-22 07:01:34.899,69148.0,0.00125,B,86.435,922775225860174
1774162896307,2026-03-22 07:01:36.307,69147.0,0.00144,A,99.57168,441875405127454
1774162897715,2026-03-22 07:01:37.715,69148.0,0.00017,B,11.75516,298537314887614
1774162897715,2026-03-22 07:01:37.715,69148.0,0.00055,B,38.031400000000005,926040317690843
1774162898050,2026-03-22 07:01:38.050,69147.0,0.00017,A,11.754990000000001,713464146586801
1774162898050,2026-03-22 07:01:38.050,69148.0,0.00016,B,11.063680000000002,1072585291537025
1774162898923,2026-03-22 07:01:38.923,69147.0,0.09468,A,6546.83796,463579606240005
1774162898923,2026-03-22 07:01:38.923,69146.0,0.00015,A,10.371899999999998,1065076424117661
1774162899071,2026-03-22 07:01:39.071,69145.0,0.00015,A,10.371749999999999,440563344817359
1774162899536,2026-03-22 07:01:39.536,69142.0,0.003,A,207.42600000000002,488698014338941
1774162899536,2026-03-22 07:01:39.536,69142.0,0.00034,A,23.508280000000003,956127107494699
1774162899536,2026-03-22 07:01:39.536,69141.0,0.00016,A,11.062560000000001,448575171976680
1774162899536,2026-03-22 07:01:39.536,69139.0,0.00015,A,10.370849999999999,886801850211694
1774162899536,2026-03-22 07:01:39.536,69137.0,0.003,A,207.411,693812930866503
1774162899536,2026-03-22 07:01:39.536,69137.0,0.00016,A,11.06192,565809762882261
1774162899536,2026-03-22 07:01:39.536,69137.0,0.01269,A,877.34853,50106585993421
1774162900295,2026-03-22 07:01:40.295,69138.0,0.00206,B,142.42428,441392883436258
1774162900484,2026-03-22 07:01:40.484,69137.0,0.02778,A,1920.6258599999999,224385533861464
1774162900484,2026-03-22 07:01:40.484,69137.0,0.00017,A,11.753290000000002,893522116816229
1774162900484,2026-03-22 07:01:40.484,69137.0,0.05785,A,3999.57545,786725438053837
1774162900484,2026-03-22 07:01:40.484,69137.0,0.02892,A,1999.4420400000001,942868349485721
1774162900484,2026-03-22 07:01:40.484,69137.0,0.1,A,6913.700000000001,1016335354090135
1774162900484,2026-03-22 07:01:40.484,69137.0,0.03528,A,2439.15336,1056753308396716
1774162900552,2026-03-22 07:01:40.552,69138.0,0.00015,B,10.3707,552211689701538
1774162901736,2026-03-22 07:01:41.736,69138.0,0.00023,B,15.90174,404058451750265
1774162901938,2026-03-22 07:01:41.938,69138.0,2e-05,B,1.3827600000000002,876296351573269
1774162902903,2026-03-22 07:01:42.903,69138.0,0.00023,B,15.90174,390051879659533
1774162903046,2026-03-22 07:01:43.046,69138.0,0.00017,B,11.75346,227097104235222
1774162903046,2026-03-22 07:01:43.046,69137.0,0.00201,A,138.96537,172429792226172
1774162903249,2026-03-22 07:01:43.249,69137.0,0.00201,A,138.96537,1021576380181602
1774162904058,2026-03-22 07:01:44.058,69137.0,0.00415,A,286.91855,781365994984796
1774162904866,2026-03-22 07:01:44.866,69138.0,0.0207,B,1431.1566,580983028929549
1774162905030,2026-03-22 07:01:45.030,69138.0,0.00056,B,38.717279999999995,908457518578147
1774162907236,2026-03-22 07:01:47.236,69137.0,0.00068,A,47.013160000000006,1121458472836862
1774162907236,2026-03-22 07:01:47.236,69137.0,0.00068,A,47.013160000000006,1013741071495892
1774162907943,2026-03-22 07:01:47.943,69137.0,2e-05,A,1.38274,1053471869378504
1774162911580,2026-03-22 07:01:51.580,69137.0,0.0007,A,48.3959,637646635180020
1774162911663,2026-03-22 07:01:51.663,69137.0,0.0007,A,48.3959,238464270417960
1774162912458,2026-03-22 07:01:52.458,69137.0,0.083,A,5738.371,883202824999623
1774162912458,2026-03-22 07:01:52.458,69136.0,0.02283,A,1578.37488,189880326525746
1774162912458,2026-03-22 07:01:52.458,69136.0,0.00017,A,11.753120000000001,987455724240009
1774162912458,2026-03-22 07:01:52.458,69136.0,0.00015,A,10.370399999999998,50875550027598
1774162913172,2026-03-22 07:01:53.172,69135.0,0.00017,A,11.75295,289417722770238
1774162913172,2026-03-22 07:01:53.172,69134.0,0.00016,A,11.061440000000001,430100512882960
1774162913172,2026-03-22 07:01:53.172,69134.0,0.00017,A,11.752780000000001,835546988075864
1774162913807,2026-03-22 07:01:53.807,69133.0,0.00017,A,11.75261,661856606045026
1774162913807,2026-03-22 07:01:53.807,69132.0,0.00017,A,11.75244,546393068847660
1774162913807,2026-03-22 07:01:53.807,69132.0,0.003,A,207.39600000000002,674654832134588
1774162913807,2026-03-22 07:01:53.807,69131.0,0.00017,A,11.752270000000001,769046214808051
1774162913807,2026-03-22 07:01:53.807,69130.0,0.00016,A,11.0608,135334342294833
1774162913807,2026-03-22 07:01:53.807,69130.0,0.00017,A,11.7521,115225906145135
1774162916304,2026-03-22 07:01:56.304,69130.0,2e-05,B,1.3826,671207420108053
1774162917596,2026-03-22 07:01:57.596,69130.0,0.00015,B,10.369499999999999,127885053483331
1774162918611,2026-03-22 07:01:58.611,69130.0,0.00084,B,58.0692,1088567140150526
1774162918611,2026-03-22 07:01:58.611,69130.0,0.06737,B,4657.2881,1020396678875899
1774162918702,2026-03-22 07:01:58.702,69130.0,0.00016,B,11.0608,1065304251642930
1774162920645,2026-03-22 07:02:00.645,69129.0,0.00041,A,28.34289,474379055854113
1774162920645,2026-03-22 07:02:00.645,69129.0,0.00017,A,11.751930000000002,976588710760673
1774162920645,2026-03-22 07:02:00.645,69129.0,0.00108,A,74.65932,865702946203058
1774162920759,2026-03-22 07:02:00.759,69129.0,0.00166,A,114.75414,784397317646714
1774162921044,2026-03-22 07:02:01.044,69129.0,0.00237,A,163.83573,1054476816168953
1774162921044,2026-03-22 07:02:01.044,69129.0,2e-05,A,1.3825800000000001,10227795678721
1774162924053,2026-03-22 07:02:04.053,69129.0,0.00142,A,98.16318,397980987038989
1774162924863,2026-03-22 07:02:04.863,69129.0,0.00057,A,39.403529999999996,592170869658177
1774162924941,2026-03-22 07:02:04.941,69129.0,0.00168,A,116.13672000000001,996948964628909
1774162926065,2026-03-22 07:02:06.065,69130.0,0.00403,B,278.59389999999996,416681329414806
1774162928069,2026-03-22 07:02:08.069,69129.0,0.00021,A,14.517090000000001,31757176703527
1774162928069,2026-03-22 07:02:08.069,69130.0,0.00016,B,11.0608,931359719844076
1774162928069,2026-03-22 07:02:08.069,69130.0,0.01446,B,999.6198,352732698297271
1774162928876,2026-03-22 07:02:08.876,69129.0,0.00218,A,150.70122,494825456541782
1774162929006,2026-03-22 07:02:09.006,69129.0,0.00218,A,150.70122,511698493646249
1774162929613,2026-03-22 07:02:09.613,69129.0,0.00017,A,11.751930000000002,555702595760205
1774162929613,2026-03-22 07:02:09.613,69129.0,0.02415,A,1669.4653500000002,544478265992492
1774162930432,2026-03-22 07:02:10.432,69129.0,2e-05,B,1.3825800000000001,859474962684818
1774162930432,2026-03-22 07:02:10.432,69128.0,0.00017,A,11.75176,340173472905390
1774162930619,2026-03-22 07:02:10.619,69127.0,0.00041,A,28.34207,240461766458625
1774162930619,2026-03-22 07:02:10.619,69127.0,0.00017,A,11.75159,417625388835204
1774162931829,2026-03-22 07:02:11.829,69126.0,2e-05,A,1.3825200000000002,531817107162874
1774162933368,2026-03-22 07:02:13.368,69127.0,0.00319,B,220.51513,535641771610593
1774162933368,2026-03-22 07:02:13.368,69127.0,0.00838,B,579.28426,500201173051677
1774162934013,2026-03-22 07:02:14.013,69126.0,0.00015,A,10.368899999999998,1101215162087057
1774162934013,2026-03-22 07:02:14.013,69126.0,0.00401,A,277.19525999999996,515937451691952
1774162935016,2026-03-22 07:02:15.016,69127.0,0.00057,B,39.40239,862654230649613
1774162935016,2026-03-22 07:02:15.016,69127.0,0.07203,B,4979.21781,826317688516155
1774162937406,2026-03-22 07:02:17.406,69126.0,0.0065,A,449.31899999999996,257809191122112
1774162938051,2026-03-22 07:02:18.051,69127.0,0.00482,B,333.19214,597978610424994
1774162942653,2026-03-22 07:02:22.653,69129.0,0.00017,B,11.751930000000002,285243260109215
1774162942653,2026-03-22 07:02:22.653,69130.0,0.00017,B,11.7521,1079391332407160
1774162942653,2026-03-22 07:02:22.653,69130.0,0.0002,B,13.826,114029200525039
1774162942774,2026-03-22 07:02:22.774,69131.0,0.00017,B,11.752270000000001,271584496592491
1774162942774,2026-03-22 07:02:22.774,69132.0,0.00017,B,11.75244,965800234900684
1774162942774,2026-03-22 07:02:22.774,69133.0,0.00016,B,11.061280000000002,775446997183529
1774162942774,2026-03-22 07:02:22.774,69133.0,0.00021,B,14.51793,984080238921697
1774162942774,2026-03-22 07:02:22.774,69133.0,0.00017,B,11.75261,103606029045512
1774162942774,2026-03-22 07:02:22.774,69134.0,0.00017,B,11.752780000000001,415713783066823
1774162942774,2026-03-22 07:02:22.774,69135.0,0.003,B,207.405,889372810375911
1774162942774,2026-03-22 07:02:22.774,69135.0,0.00015,B,10.370249999999999,315552312423064
1774162942774,2026-03-22 07:02:22.774,69135.0,0.00017,B,11.75295,166621825798135
1774162942774,2026-03-22 07:02:22.774,69136.0,0.00017,B,11.753120000000001,1049198283485512
1774162942774,2026-03-22 07:02:22.774,69136.0,0.00016,B,11.061760000000001,141762785489344
1774162942774,2026-03-22 07:02:22.774,69137.0,0.00017,B,11.753290000000002,162470390372031
1774162942774,2026-03-22 07:02:22.774,69137.0,0.003,B,207.411,356711798760333
1774162942774,2026-03-22 07:02:22.774,69137.0,0.00032,B,22.12384,705374091074136
1774162944182,2026-03-22 07:02:24.182,69136.0,0.00459,A,317.33424,347646765158155
1774162944308,2026-03-22 07:02:24.308,69136.0,0.00459,A,317.33424,637380230760177
1774162945266,2026-03-22 07:02:25.266,69137.0,2e-05,B,1.38274,315471875792301
1774162945549,2026-03-22 07:02:25.549,69136.0,0.00027,A,18.66672,102361460343618
1774162945549,2026-03-22 07:02:25.549,69136.0,2e-05,A,1.3827200000000002,410124602087326
1774162946561,2026-03-22 07:02:26.561,69136.0,2e-05,A,1.3827200000000002,113995724485046
1774162947057,2026-03-22 07:02:27.057,69136.0,0.00017,A,11.753120000000001,1108943341487138
1774162948285,2026-03-22 07:02:28.285,69136.0,0.00155,A,107.1608,1106137976126351
1774162948386,2026-03-22 07:02:28.386,69136.0,0.00155,A,107.1608,857144080756798
1774162948488,2026-03-22 07:02:28.488,69136.0,0.00022,A,15.20992,576056102375466
1774162948488,2026-03-22 07:02:28.488,69136.0,0.14114,A,9757.855039999999,269268160094603
1774162948488,2026-03-22 07:02:28.488,69136.0,0.02892,A,1999.4131200000002,903131676234241
1774162948488,2026-03-22 07:02:28.488,69136.0,0.00945,A,653.3352,526761287302257
1774162948583,2026-03-22 07:02:28.583,69136.0,0.00146,B,100.93856,698841609265874
1774162950613,2026-03-22 07:02:30.613,69132.0,0.00506,B,349.80792,374591896575495
1774162951017,2026-03-22 07:02:31.017,69131.0,0.00238,A,164.53178,187370843666101
1774162954040,2026-03-22 07:02:34.040,69131.0,0.00142,A,98.16602,462179857619956
1774162956163,2026-03-22 07:02:36.163,69131.0,0.0025,A,172.82750000000001,1071736866699698
1774162956163,2026-03-22 07:02:36.163,69131.0,0.14544,A,10054.41264,369380336320026
1774162956163,2026-03-22 07:02:36.163,69130.0,0.00016,A,11.0608,1068333794262180
1774162956163,2026-03-22 07:02:36.163,69130.0,0.05028,A,3475.8563999999997,1034153908805580
1774162956163,2026-03-22 07:02:36.163,69130.0,0.00015,A,10.369499999999999,1113832593000246
1774162956163,2026-03-22 07:02:36.163,69130.0,0.05147,A,3558.1211000000003,118643694233491
1774162956163,2026-03-22 07:02:36.163,69130.0,0.04785,A,3307.8705,527060331284245
1774162956163,2026-03-22 07:02:36.163,69128.0,0.05075,A,3508.246,9449972048839
1774162956163,2026-03-22 07:02:36.163,69128.0,0.09531,A,6588.58968,633749366137546
1774162956163,2026-03-22 07:02:36.163,69128.0,0.00015,A,10.3692,516849001183427
1774162956163,2026-03-22 07:02:36.163,69127.0,0.01012,A,699.56524,900976099556785
1774162956163,2026-03-22 07:02:36.163,69126.0,0.00017,A,11.751420000000001,811102573878907
1774162956163,2026-03-22 07:02:36.163,69126.0,0.00016,A,11.060160000000002,974217545037731
1774162956163,2026-03-22 07:02:36.163,69126.0,0.003,A,207.37800000000001,1093407702126405
1774162956163,2026-03-22 07:02:36.163,69126.0,0.02893,A,1999.81518,908227777549479
1774162956163,2026-03-22 07:02:36.163,69126.0,0.0038,A,262.6788,355965179732000
1774162956163,2026-03-22 07:02:36.163,69125.0,0.00017,A,11.75125,123533884707546
1774162956163,2026-03-22 07:02:36.163,69125.0,0.00959,A,662.9087499999999,836446316787961
1774162957666,2026-03-22 07:02:37.666,69125.0,0.01003,A,693.32375,124759872873028
1774162958069,2026-03-22 07:02:38.069,69125.0,0.00019,A,13.133750000000001,628121541743136
1774162958069,2026-03-22 07:02:38.069,69126.0,0.00016,B,11.060160000000002,596522064476628
1774162959375,2026-03-22 07:02:39.375,69126.0,2e-05,B,1.3825200000000002,649015418859238
1774162959780,2026-03-22 07:02:39.780,69125.0,2e-05,A,1.3825,373938703121557
1774162960802,2026-03-22 07:02:40.802,69126.0,0.00017,B,11.751420000000001,70551767917729
1774162961289,2026-03-22 07:02:41.289,69127.0,0.00015,B,10.36905,747980330325554
1774162961289,2026-03-22 07:02:41.289,69127.0,0.00017,B,11.75159,914746652023677
1774162961289,2026-03-22 07:02:41.289,69128.0,0.00017,B,11.75176,525772327606520
1774162961289,2026-03-22 07:02:41.289,69128.0,0.00096,B,66.36288,834600748552211
1774162963099,2026-03-22 07:02:43.099,69128.0,0.00017,B,11.75176,17511961378731
1774162963099,2026-03-22 07:02:43.099,69129.0,3e-05,B,2.07387,595364706357117
1774162964008,2026-03-22 07:02:44.008,69128.0,0.00416,A,287.57248,435000847872285
1774162964644,2026-03-22 07:02:44.644,69129.0,0.0002,B,13.825800000000001,937866103135612
1774162964644,2026-03-22 07:02:44.644,69130.0,0.00017,B,11.7521,266889599726112
1774162964644,2026-03-22 07:02:44.644,69131.0,0.003,B,207.393,530377386104271
1774162964644,2026-03-22 07:02:44.644,69131.0,0.00017,B,11.752270000000001,835406499709934
1774162964644,2026-03-22 07:02:44.644,69132.0,0.00017,B,11.75244,100237282954442
1774162964644,2026-03-22 07:02:44.644,69132.0,0.00015,B,10.3698,259896009107993
1774162964644,2026-03-22 07:02:44.644,69133.0,0.00016,B,11.061280000000002,533040909952763
1774162964644,2026-03-22 07:02:44.644,69133.0,0.00017,B,11.75261,437560683652756
1774162964644,2026-03-22 07:02:44.644,69134.0,0.00017,B,11.752780000000001,1090615960223439
1774162964644,2026-03-22 07:02:44.644,69135.0,0.00017,B,11.75295,160220934213289
1774162964644,2026-03-22 07:02:44.644,69136.0,0.00016,B,11.061760000000001,282171305798792
1774162964644,2026-03-22 07:02:44.644,69136.0,0.00017,B,11.753120000000001,127931672035373
1774162964644,2026-03-22 07:02:44.644,69137.0,0.00017,B,11.753290000000002,32282385611913
1774162964644,2026-03-22 07:02:44.644,69138.0,0.00017,B,11.75346,581334556618123
1774162964644,2026-03-22 07:02:44.644,69139.0,0.00017,B,11.753630000000001,691305884392640
1774162964644,2026-03-22 07:02:44.644,69139.0,0.003,B,207.417,770560785701399
1774162964644,2026-03-22 07:02:44.644,69140.0,0.00016,B,11.0624,696496996879866
1774162964644,2026-03-22 07:02:44.644,69140.0,0.00017,B,11.7538,558239581916285
1774162964644,2026-03-22 07:02:44.644,69140.0,0.00015,B,10.370999999999999,60164194576881
1774162964644,2026-03-22 07:02:44.644,69141.0,0.00017,B,11.75397,743863559372550
1774162964644,2026-03-22 07:02:44.644,69141.0,0.03573,B,2470.40793,775836982028734
1774162964644,2026-03-22 07:02:44.644,69142.0,0.01145,B,791.6759,903563978759114
1774162964644,2026-03-22 07:02:44.644,69142.0,0.0567,B,3920.3514,108333205434146
1774162965044,2026-03-22 07:02:45.044,69142.0,0.00057,B,39.41094,953211291058047
1774162965437,2026-03-22 07:02:45.437,69142.0,0.00359,B,248.21978,743572141111838
1774162965437,2026-03-22 07:02:45.437,69142.0,0.00076,B,52.547920000000005,511611594270645
1774162965640,2026-03-22 07:02:45.640,69142.0,0.00487,B,336.72154,1065277161633832
1774162965640,2026-03-22 07:02:45.640,69142.0,0.0014,B,96.7988,467158625557649
1774162965913,2026-03-22 07:02:45.913,69142.0,0.00016,B,11.06272,446065727212047
1774162967049,2026-03-22 07:02:47.049,69142.0,0.00017,B,11.754140000000001,389988922076169
1774162967326,2026-03-22 07:02:47.326,69142.0,0.00018,B,12.44556,533388361815583
1774162967850,2026-03-22 07:02:47.850,69141.0,0.05894,A,4075.17054,365233100563803
1774162967850,2026-03-22 07:02:47.850,69141.0,0.00591,A,408.62331,610403203828503
1774162970785,2026-03-22 07:02:50.785,69142.0,0.00017,B,11.754140000000001,428540558718457
1774162970785,2026-03-22 07:02:50.785,69143.0,0.00017,B,11.75431,737009895935666
1774162970785,2026-03-22 07:02:50.785,69143.0,0.00015,B,10.37145,1043018761787464
1774162970785,2026-03-22 07:02:50.785,69144.0,0.00016,B,11.06304,242231749013704
1774162970785,2026-03-22 07:02:50.785,69144.0,0.00017,B,11.754480000000001,657194185849135
1774162970785,2026-03-22 07:02:50.785,69145.0,0.00017,B,11.754650000000002,724853275321991
1774162970785,2026-03-22 07:02:50.785,69145.0,0.00015,B,10.371749999999999,1022522454668710
1774162970785,2026-03-22 07:02:50.785,69146.0,0.00017,B,11.75482,62012193329266
1774162970785,2026-03-22 07:02:50.785,69147.0,0.00017,B,11.754990000000001,105273253468672
1774162970785,2026-03-22 07:02:50.785,69147.0,0.00016,B,11.06352,136981409745946
1774162970785,2026-03-22 07:02:50.785,69147.0,0.003,B,207.441,783751501490510
1774162970785,2026-03-22 07:02:50.785,69148.0,0.08321,B,5753.80508,282939808078388
1774162970785,2026-03-22 07:02:50.785,69148.0,0.00017,B,11.75516,861486788716620
1774162970785,2026-03-22 07:02:50.785,69149.0,0.00017,B,11.75533,630248554806597
1774162970785,2026-03-22 07:02:50.785,69150.0,0.00015,B,10.372499999999999,909744157079189
1774162970785,2026-03-22 07:02:50.785,69150.0,0.00022,B,15.213000000000001,866931384902204
1774162970785,2026-03-22 07:02:50.785,69150.0,0.00017,B,11.755500000000001,740665649483741
1774162970785,2026-03-22 07:02:50.785,69151.0,0.00016,B,11.064160000000001,777268034830216
1774162970785,2026-03-22 07:02:50.785,69151.0,0.00017,B,11.75567,350492475294784
1774162970785,2026-03-22 07:02:50.785,69152.0,0.00017,B,11.755840000000001,441527196188197
1774162970785,2026-03-22 07:02:50.785,69152.0,0.003,B,207.45600000000002,248354252405395
1774162970785,2026-03-22 07:02:50.785,69152.0,0.00032,B,22.12864,241201962042197
1774162970785,2026-03-22 07:02:50.785,69153.0,0.00017,B,11.756010000000002,683596512945970
1774162970785,2026-03-22 07:02:50.785,69153.0,0.01012,B,699.8283600000001,271207013047501
1774162970785,2026-03-22 07:02:50.785,69154.0,0.01156,B,799.42024,333036709718630
1774162970785,2026-03-22 07:02:50.785,69154.0,0.00017,B,11.75618,559474022816173
1774162970785,2026-03-22 07:02:50.785,69154.0,0.03149,B,2177.65946,1019731229385191
1774162970860,2026-03-22 07:02:50.860,69154.0,0.00899,B,621.6944599999999,476523058932668
1774162970860,2026-03-22 07:02:50.860,69155.0,0.00016,B,11.064800000000002,796868022174933
1774162970860,2026-03-22 07:02:50.860,69155.0,0.00017,B,11.756350000000001,1124996746810734
1774162970860,2026-03-22 07:02:50.860,69155.0,0.07745,B,5356.05475,898959678744464
1774162972118,2026-03-22 07:02:52.118,69155.0,0.00017,B,11.756350000000001,984721954683312
1774162972118,2026-03-22 07:02:52.118,69155.0,0.00025,B,17.28875,625988365839056
1774162972305,2026-03-22 07:02:52.305,69154.0,7e-05,A,4.84078,546598336985344
1774162972918,2026-03-22 07:02:52.918,69155.0,0.00023,B,15.90565,1113849758804522
1774162973708,2026-03-22 07:02:53.708,69155.0,2e-05,B,1.3831000000000002,924211707626932
1774162975198,2026-03-22 07:02:55.198,69155.0,0.0003,B,20.746499999999997,368417107701647
1774162977096,2026-03-22 07:02:57.096,69154.0,0.00017,A,11.75618,283002621416723
1774162980183,2026-03-22 07:03:00.183,69155.0,0.07336,B,5073.2108,272213221020152
1774162980183,2026-03-22 07:03:00.183,69155.0,0.0527,B,3644.4685,329664697463659
1774162980183,2026-03-22 07:03:00.183,69155.0,0.5,B,34577.5,396406131704381
1774162980183,2026-03-22 07:03:00.183,69155.0,0.42,B,29045.1,212118306451776
1774162980183,2026-03-22 07:03:00.183,69155.0,0.47164,B,32616.2642,194401747994250
1774162980183,2026-03-22 07:03:00.183,69155.0,0.23511,B,16259.032050000002,238465505845583
1774162980183,2026-03-22 07:03:00.183,69155.0,0.00485,B,335.40175,571844318391896
1774162980183,2026-03-22 07:03:00.183,69155.0,0.15,B,10373.25,23036621373651
1774162980183,2026-03-22 07:03:00.183,69155.0,0.10569,B,7308.9919500000005,838892265428483
1774162980183,2026-03-22 07:03:00.183,69155.0,0.14263,B,9863.577650000001,64672061975446
1774162980183,2026-03-22 07:03:00.183,69155.0,0.37274,B,25776.8347,665648018710623
1774162980183,2026-03-22 07:03:00.183,69155.0,0.20431,B,14129.05805,64864503330330
1774162980183,2026-03-22 07:03:00.183,69155.0,0.14633,B,10119.451149999999,252471890408087
1774162980183,2026-03-22 07:03:00.183,69155.0,0.1536,B,10622.207999999999,432270330624713
1774162980183,2026-03-22 07:03:00.183,69155.0,0.25489,B,17626.91795,212436568972956
1774162980183,2026-03-22 07:03:00.183,69155.0,0.19096,B,13205.8388,40918870746040
1774162980183,2026-03-22 07:03:00.183,69155.0,0.07145,B,4941.12475,421525534541253
1774162980183,2026-03-22 07:03:00.183,69155.0,0.09951,B,6881.61405,1106765738425031
1774162980183,2026-03-22 07:03:00.183,69155.0,0.34606,B,23931.7793,809557870288997
1774162980183,2026-03-22 07:03:00.183,69155.0,0.18749,B,12965.870949999999,899118077921948
1774162980183,2026-03-22 07:03:00.183,69155.0,0.05665,B,3917.63075,634011438702325
1774162980183,2026-03-22 07:03:00.183,69155.0,0.09295,B,6427.95725,1076122024167047
1774162980183,2026-03-22 07:03:00.183,69155.0,0.00017,B,11.756350000000001,308806960404355
1774162980183,2026-03-22 07:03:00.183,69155.0,1.44681,B,100054.14555,773509684741220
1774162980183,2026-03-22 07:03:00.183,69156.0,0.00017,B,11.75652,738135939331839
1774162980183,2026-03-22 07:03:00.183,69156.0,0.36502,B,25243.32312,42564397514466
1774162980183,2026-03-22 07:03:00.183,69156.0,0.72311,B,50007.39516,149514280182945
1774162980183,2026-03-22 07:03:00.183,69157.0,0.00017,B,11.75669,686035889464353
1774162980183,2026-03-22 07:03:00.183,69157.0,0.36404,B,25175.914279999997,672343096221450
1774162981057,2026-03-22 07:03:01.057,69156.0,0.00238,A,164.59128,499747636529084
1774162982796,2026-03-22 07:03:02.796,69156.0,2e-05,A,1.3831200000000001,892429746346905
1774162984040,2026-03-22 07:03:04.040,69156.0,0.00141,A,97.50996,144149531337039
1774162985790,2026-03-22 07:03:05.790,69157.0,0.00044,B,30.429080000000003,1080066152708064
1774162987218,2026-03-22 07:03:07.218,69157.0,7e-05,B,4.84099,482497089542866
1774162987885,2026-03-22 07:03:07.885,69157.0,2e-05,B,1.38314,972053590520020
1774162988021,2026-03-22 07:03:08.021,69156.0,0.00017,A,11.75652,808055765869417
1774162988021,2026-03-22 07:03:08.021,69157.0,0.00016,B,11.06512,822526245285814
1774162988232,2026-03-22 07:03:08.232,69156.0,0.00587,A,405.94572,283871662768120
1774162989636,2026-03-22 07:03:09.636,69157.0,0.00068,B,47.02676,994305838071309
1774162990446,2026-03-22 07:03:10.446,69157.0,0.0207,B,1431.5499,1097457536731192
1774162991665,2026-03-22 07:03:11.665,69156.0,0.00044,A,30.42864,586245322161183
1774162994080,2026-03-22 07:03:14.080,69156.0,0.00416,A,287.68895999999995,340632580087388
1774162995084,2026-03-22 07:03:15.084,69157.0,0.00056,B,38.72792,407172667915458
1774162998621,2026-03-22 07:03:18.621,69156.0,2e-05,A,1.3831200000000001,1053612903294940
1774163001424,2026-03-22 07:03:21.424,69157.0,0.00804,B,556.02228,390323541386446
1774163002547,2026-03-22 07:03:22.547,69157.0,0.00015,B,10.37355,738320589383144
1774163002766,2026-03-22 07:03:22.766,69157.0,2e-05,B,1.38314,387830207587963
1774163005130,2026-03-22 07:03:25.130,69156.0,0.00035,A,24.2046,932733481709697
1774163007029,2026-03-22 07:03:27.029,69156.0,0.00017,A,11.75652,746119428052680
1774163009040,2026-03-22 07:03:29.040,69156.0,0.02355,A,1628.6238,810082874678223
1774163009166,2026-03-22 07:03:29.166,69157.0,0.00016,B,11.06512,367103664870585
1774163011105,2026-03-22 07:03:31.105,69156.0,0.00238,A,164.59128,577268506826377
1774163011592,2026-03-22 07:03:31.592,69156.0,2e-05,A,1.3831200000000001,930825536454451
1774163012129,2026-03-22 07:03:32.129,69157.0,0.00017,B,11.75669,922639436079891
1774163012129,2026-03-22 07:03:32.129,69157.0,0.00027,B,18.67239,629661043698861
1774163012394,2026-03-22 07:03:32.394,69157.0,0.057,B,3941.949,1089936923234727
1774163012814,2026-03-22 07:03:32.814,69156.0,0.00029,A,20.05524,1001735091184781
1774163013491,2026-03-22 07:03:33.491,69157.0,0.00017,B,11.75669,618004040306674
1774163015036,2026-03-22 07:03:35.036,69156.0,0.00142,A,98.20152,232480503937208
1774163017852,2026-03-22 07:03:37.852,69157.0,2e-05,B,1.38314,648348283094704
1774163018053,2026-03-22 07:03:38.053,69156.0,0.00017,A,11.75652,1040351707989493
1774163018168,2026-03-22 07:03:38.168,69156.0,0.00044,A,30.42864,155213062082805
1774163019979,2026-03-22 07:03:39.979,69157.0,0.00967,B,668.74819,473346901739525
1774163021878,2026-03-22 07:03:41.878,69156.0,0.00021,A,14.52276,906221314769082
1774163022594,2026-03-22 07:03:42.594,69157.0,0.02132,B,1474.42724,430303194327702
1774163022594,2026-03-22 07:03:42.594,69157.0,0.00021,B,14.52297,895028864358207
1774163022594,2026-03-22 07:03:42.594,69157.0,0.0002,B,13.8314,77409419846095
1774163022594,2026-03-22 07:03:42.594,69157.0,0.00017,B,11.75669,29937017815075
1774163022594,2026-03-22 07:03:42.594,69158.0,0.00016,B,11.065280000000001,259339932550868
1774163022594,2026-03-22 07:03:42.594,69158.0,0.00017,B,11.756860000000001,145146324377078
1774163022594,2026-03-22 07:03:42.594,69159.0,0.00017,B,11.75703,444401256457373
1774163022594,2026-03-22 07:03:42.594,69160.0,0.00017,B,11.757200000000001,238731698819938
1774163023194,2026-03-22 07:03:43.194,69162.0,0.00016,B,11.06592,572043995643947
1774163023194,2026-03-22 07:03:43.194,69162.0,0.00017,B,11.75754,438077289615890
1774163023194,2026-03-22 07:03:43.194,69162.0,0.01011,B,699.22782,1001247510200818
1774163023194,2026-03-22 07:03:43.194,69163.0,2e-05,B,1.3832600000000002,133887774370936
1774163024000,2026-03-22 07:03:44.000,69162.0,0.00416,A,287.71392,1004343112424328
1774163025004,2026-03-22 07:03:45.004,69163.0,0.00015,B,10.37445,826775988503516
1774163025004,2026-03-22 07:03:45.004,69163.0,0.00042,B,29.048460000000002,910276703677723
1774163025207,2026-03-22 07:03:45.207,69162.0,2e-05,A,1.38324,977218435725523
1774163025606,2026-03-22 07:03:45.606,69163.0,0.00684,B,473.07491999999996,742092487053013
1774163031601,2026-03-22 07:03:51.601,69162.0,0.00019,A,13.140780000000001,500586503860856
1774163032655,2026-03-22 07:03:52.655,69163.0,2e-05,B,1.3832600000000002,525383158243524
1774163032943,2026-03-22 07:03:52.943,69162.0,2e-05,A,1.38324,854495378204841
1774163034455,2026-03-22 07:03:54.455,69163.0,0.00025,B,17.29075,373277092993610
1774163035084,2026-03-22 07:03:55.084,69162.0,0.00036,A,24.898320000000002,592207663918397
1774163035761,2026-03-22 07:03:55.761,69163.0,0.10365,B,7168.74495,880537561125517
1774163035761,2026-03-22 07:03:55.761,69163.0,0.00017,B,11.757710000000001,1112048773394831
1774163035761,2026-03-22 07:03:55.761,69163.0,0.00036,B,24.898680000000002,545735262339556
1774163035761,2026-03-22 07:03:55.761,69163.0,0.00036,B,24.898680000000002,748538361344555
1774163035894,2026-03-22 07:03:55.894,69164.0,0.00017,B,11.75788,810408336827305
1774163035894,2026-03-22 07:03:55.894,69165.0,0.00183,B,126.57195,516240317975370
1774163036501,2026-03-22 07:03:56.501,69165.0,0.00025,B,17.29125,242297468230321
1774163036565,2026-03-22 07:03:56.565,69165.0,0.00092,B,63.631800000000005,170157753891545
1774163036565,2026-03-22 07:03:56.565,69165.0,0.00017,B,11.75805,64669278067810
1774163036565,2026-03-22 07:03:56.565,69166.0,0.00016,B,11.06656,547152600000826
1774163036565,2026-03-22 07:03:56.565,69166.0,0.00017,B,11.758220000000001,865278012285508
1774163036565,2026-03-22 07:03:56.565,69167.0,0.00017,B,11.75839,15113228850048
1774163036565,2026-03-22 07:03:56.565,69168.0,0.00017,B,11.758560000000001,541532551560217
1774163036565,2026-03-22 07:03:56.565,69169.0,0.00016,B,11.06704,853634429631716
1774163036565,2026-03-22 07:03:56.565,69169.0,0.00433,B,299.50176999999996,286272507597913
1774163036565,2026-03-22 07:03:56.565,69169.0,0.00017,B,11.758730000000002,59189274311862
1774163037022,2026-03-22 07:03:57.022,69169.0,0.00017,A,11.758730000000002,669999265378644
1774163037511,2026-03-22 07:03:57.511,69170.0,0.00017,B,11.7589,587148593087427
1774163037511,2026-03-22 07:03:57.511,69170.0,0.01188,B,821.7396,999756735679452
1774163037511,2026-03-22 07:03:57.511,69170.0,0.00017,B,11.7589,768185187519804
1774163037511,2026-03-22 07:03:57.511,69170.0,2e-05,B,1.3834000000000002,102193356464369
1774163038322,2026-03-22 07:03:58.322,69169.0,0.00058,A,40.11802,1095895324621264
1774163038777,2026-03-22 07:03:58.777,69170.0,0.00289,B,199.90130000000002,362792332459101
1774163040836,2026-03-22 07:04:00.836,69169.0,0.00152,A,105.13688,219300521895624
1774163040836,2026-03-22 07:04:00.836,69169.0,0.00448,A,309.87712,1096428468363764
1774163041043,2026-03-22 07:04:01.043,69169.0,0.00238,A,164.62222,985985383342634
1774163041359,2026-03-22 07:04:01.359,69169.0,0.00482,A,333.39457999999996,369023610267707
1774163042166,2026-03-22 07:04:02.166,69170.0,0.05778,B,3996.6425999999997,527149189457212
1774163042370,2026-03-22 07:04:02.370,69169.0,0.00425,A,293.96825,832684991626892
1774163043577,2026-03-22 07:04:03.577,69170.0,0.00072,B,49.802400000000006,81178829116625
1774163045016,2026-03-22 07:04:05.016,69169.0,0.00142,A,98.21998,164076234764091
1774163046588,2026-03-22 07:04:06.588,69170.0,2e-05,B,1.3834000000000002,47042458915331
1774163048006,2026-03-22 07:04:08.006,69169.0,0.00017,A,11.758730000000002,573956458677275
1774163048006,2026-03-22 07:04:08.006,69170.0,0.00016,B,11.067200000000001,917314837825194
1774163048085,2026-03-22 07:04:08.085,69170.0,0.05287,B,3657.0179,563251084948488
1774163048085,2026-03-22 07:04:08.085,69170.0,0.00015,B,10.375499999999999,955289408705873
1774163048085,2026-03-22 07:04:08.085,69170.0,0.00145,B,100.2965,609857541423980
1774163048085,2026-03-22 07:04:08.085,69170.0,0.00145,B,100.2965,270898447936679
1774163048085,2026-03-22 07:04:08.085,69170.0,0.00145,B,100.2965,741725448152121
1774163048085,2026-03-22 07:04:08.085,69170.0,0.00145,B,100.2965,38186102308425
1774163048085,2026-03-22 07:04:08.085,69170.0,0.00017,B,11.7589,970778651676498
1774163048085,2026-03-22 07:04:08.085,69170.0,0.00145,B,100.2965,240150245492438
1774163048085,2026-03-22 07:04:08.085,69171.0,0.00017,B,11.759070000000001,841535026413228
1774163048085,2026-03-22 07:04:08.085,69171.0,0.00017,B,11.759070000000001,825031726121019
1774163048085,2026-03-22 07:04:08.085,69172.0,0.00017,B,11.75924,1021497080239113
1774163048085,2026-03-22 07:04:08.085,69173.0,5e-05,B,3.45865,566249009278641
1774163048795,2026-03-22 07:04:08.795,69173.0,0.00022,B,15.218060000000001,45018380680316
1774163048795,2026-03-22 07:04:08.795,69173.0,0.003,B,207.519,921961096024482
1774163048795,2026-03-22 07:04:08.795,69173.0,0.00081,B,56.03013,149609171482247
1774163049205,2026-03-22 07:04:09.205,69173.0,0.00018,B,12.45114,978801905365388
1774163050053,2026-03-22 07:04:10.053,69173.0,0.00019,B,13.14287,1015669724189400
1774163050403,2026-03-22 07:04:10.403,69173.0,0.0022,B,152.1806,908153670967189
1774163050403,2026-03-22 07:04:10.403,69172.0,2e-05,A,1.38344,796575247568908
1774163050758,2026-03-22 07:04:10.758,69173.0,0.00434,B,300.21082,1068075969471825
1774163053193,2026-03-22 07:04:13.193,69173.0,1e-05,B,0.6917300000000001,673352775935308
1774163054000,2026-03-22 07:04:14.000,69172.0,0.00415,A,287.0638,149179468037964
1774163054064,2026-03-22 07:04:14.064,69173.0,0.00156,B,107.90988,1044566113973414
1774163054682,2026-03-22 07:04:14.682,69172.0,0.00126,A,87.15672,49758110300813
1774163054682,2026-03-22 07:04:14.682,69172.0,0.00071,A,49.112120000000004,393854307934569
1774163055013,2026-03-22 07:04:15.013,69173.0,0.00056,B,38.73688,958574612026257
1774163055689,2026-03-22 07:04:15.689,69172.0,0.081,A,5602.932,125531113789667
1774163055689,2026-03-22 07:04:15.689,69171.0,0.00015,A,10.375649999999998,1085422110501504
1774163055689,2026-03-22 07:04:15.689,69169.0,0.00017,A,11.758730000000002,533360192162757
1774163055689,2026-03-22 07:04:15.689,69169.0,0.00015,A,10.37535,330840187016507
1774163055762,2026-03-22 07:04:15.762,69167.0,0.00016,A,11.06672,877118339365656
1774163055951,2026-03-22 07:04:15.951,69164.0,0.003,A,207.492,659452970474918
1774163055951,2026-03-22 07:04:15.951,69165.0,0.08123,B,5618.27295,744550817357295
1774163055951,2026-03-22 07:04:15.951,69165.0,0.11096,B,7674.548400000001,354449002490668
1774163055951,2026-03-22 07:04:15.951,69165.0,0.02232,B,1543.7628,896977667584073
1774163056357,2026-03-22 07:04:16.357,69163.0,0.00016,A,11.066080000000001,147030531290217
1774163056357,2026-03-22 07:04:16.357,69163.0,0.00017,A,11.757710000000001,1006969654599667
1774163056357,2026-03-22 07:04:16.357,69162.0,0.003,A,207.48600000000002,1074759838102225
1774163056357,2026-03-22 07:04:16.357,69162.0,0.05017,A,3469.85754,677704385532169
1774163056357,2026-03-22 07:04:16.357,69162.0,0.00017,A,11.75754,715810979158028
1774163058236,2026-03-22 07:04:18.236,69162.0,0.00119,B,82.30278000000001,63904984615133
1774163061280,2026-03-22 07:04:21.280,69162.0,2e-05,B,1.38324,569044923064887
1774163061575,2026-03-22 07:04:21.575,69162.0,0.01296,B,896.33952,97718982718628
1774163062868,2026-03-22 07:04:22.868,69161.0,2e-05,A,1.3832200000000001,37409419314336
1774163063686,2026-03-22 07:04:23.686,69161.0,0.00015,A,10.374149999999998,690738746266956
1774163063686,2026-03-22 07:04:23.686,69161.0,0.00952,A,658.41272,356466127646331
1774163064200,2026-03-22 07:04:24.200,69162.0,0.00429,B,296.70498000000003,1067858008288105
1774163065027,2026-03-22 07:04:25.027,69161.0,0.00036,A,24.89796,188218293721997
1774163067016,2026-03-22 07:04:27.016,69161.0,0.00017,A,11.757370000000002,956747289343172
1774163069321,2026-03-22 07:04:29.321,69161.0,0.00022,A,15.21542,614260684988916
1774163069942,2026-03-22 07:04:29.942,69161.0,0.00057,A,39.421769999999995,929690918912136
1774163071061,2026-03-22 07:04:31.061,69161.0,0.00237,A,163.91157,129475294209437
1774163072775,2026-03-22 07:04:32.775,69162.0,0.11985,B,8289.0657,82820149266352
1774163072775,2026-03-22 07:04:32.775,69162.0,0.02477,B,1713.14274,141656765195773
1774163073078,2026-03-22 07:04:33.078,69161.0,0.00384,A,265.57824,575398015344415
1774163073187,2026-03-22 07:04:33.187,69161.0,0.00384,A,265.57824,276137208245146
1774163074073,2026-03-22 07:04:34.073,69161.0,0.00142,A,98.20862,995324766941519
1774163075188,2026-03-22 07:04:35.188,69162.0,2e-05,B,1.38324,910816069911754
1774163075935,2026-03-22 07:04:35.935,69161.0,2e-05,A,1.3832200000000001,989904307412833
1774163077014,2026-03-22 07:04:37.014,69161.0,0.0013,A,89.9093,835386933544727
1774163077290,2026-03-22 07:04:37.290,69161.0,0.0013,A,89.9093,610849867214357
1774163078019,2026-03-22 07:04:38.019,69161.0,0.00021,A,14.523810000000001,586334505619473
1774163078019,2026-03-22 07:04:38.019,69162.0,0.00016,B,11.06592,785367963085996
1774163079894,2026-03-22 07:04:39.894,69161.0,0.00029,A,20.05669,12065519314588
1774163080523,2026-03-22 07:04:40.523,69162.0,0.0207,B,1431.6534,411449898453617
1774163080599,2026-03-22 07:04:40.599,69161.0,0.00016,A,11.065760000000001,1000413648472259
1774163081062,2026-03-22 07:04:41.062,69161.0,0.00044,A,30.43084,395764132673984
1774163081317,2026-03-22 07:04:41.317,69161.0,0.00045,A,31.12245,865224581759424
1774163084052,2026-03-22 07:04:44.052,69161.0,0.00416,A,287.70975999999996,356032677597500
1774163085148,2026-03-22 07:04:45.148,69162.0,0.00057,B,39.42234,289864674821221
1774163085148,2026-03-22 07:04:45.148,69161.0,0.00046,A,31.81406,19517338497643
1774163085353,2026-03-22 07:04:45.353,69161.0,0.00046,A,31.81406,1024691712592707
1774163088768,2026-03-22 07:04:48.768,69161.0,0.0002,A,13.8322,574639240420100
1774163089575,2026-03-22 07:04:49.575,69162.0,2e-05,B,1.38324,54331069306479
1774163093241,2026-03-22 07:04:53.241,69161.0,0.00781,A,540.14741,220212501272125
1774163095041,2026-03-22 07:04:55.041,69161.0,0.00036,A,24.89796,290967304575048
1774163095465,2026-03-22 07:04:55.465,69161.0,7e-05,A,4.84127,150870960221965
1774163097136,2026-03-22 07:04:57.136,69161.0,0.00017,A,11.757370000000002,670677132648122
1774163101024,2026-03-22 07:05:01.024,69161.0,0.00238,A,164.60318,120896703046619
1774163101136,2026-03-22 07:05:01.136,69161.0,2e-05,A,1.3832200000000001,406630622243053
1774163101434,2026-03-22 07:05:01.434,69162.0,0.00017,B,11.75754,824940318241389
1774163102124,2026-03-22 07:05:02.124,69162.0,7e-05,B,4.84134,109336065542580
1774163102332,2026-03-22 07:05:02.332,69162.0,0.00015,B,10.3743,557901370082202
1774163103327,2026-03-22 07:05:03.327,69162.0,0.025,B,1729.0500000000002,751781684703263
1774163104068,2026-03-22 07:05:04.068,69161.0,0.00142,A,98.20862,986562270977450
1774163104134,2026-03-22 07:05:04.134,69162.0,2e-05,B,1.38324,283222361127983
1774163108001,2026-03-22 07:05:08.001,69161.0,0.00017,A,11.757370000000002,599350478204234
1774163108001,2026-03-22 07:05:08.001,69162.0,0.00016,B,11.06592,967469548537764
1774163113963,2026-03-22 07:05:13.963,69162.0,0.002,B,138.324,1021525785405133
1774163114037,2026-03-22 07:05:14.037,69161.0,0.00416,A,287.70975999999996,197133797674000
1774163114183,2026-03-22 07:05:14.183,69161.0,2e-05,A,1.3832200000000001,380257191049293
1774163115042,2026-03-22 07:05:15.042,69162.0,0.00056,B,38.73072,845571401132752
1774163115760,2026-03-22 07:05:15.760,69162.0,0.01,B,691.62,660463196141241
1774163117920,2026-03-22 07:05:17.920,69162.0,0.00054,B,37.34748,562754953037508
1774163118171,2026-03-22 07:05:18.171,69162.0,0.00018,B,12.449160000000001,635572003358051
1774163118570,2026-03-22 07:05:18.570,69162.0,2e-05,B,1.38324,1022369565605886
1774163118786,2026-03-22 07:05:18.786,69161.0,2e-05,A,1.3832200000000001,416815514812051
1774163122275,2026-03-22 07:05:22.275,69161.0,0.0043,A,297.3923,131999935500061
1774163123675,2026-03-22 07:05:23.675,69162.0,0.02654,B,1835.5594800000001,425900254155620
1774163123980,2026-03-22 07:05:23.980,69162.0,0.00016,B,11.06592,318745514748173
1774163125102,2026-03-22 07:05:25.102,69161.0,0.00036,A,24.89796,877381638917149
1774163125843,2026-03-22 07:05:25.843,69162.0,0.01,B,691.62,554005649629067
1774163128207,2026-03-22 07:05:28.207,69161.0,0.0063,A,435.7143,661283688232372
1774163128207,2026-03-22 07:05:28.207,69161.0,0.00017,A,11.757370000000002,429090177620084
1774163128207,2026-03-22 07:05:28.207,69161.0,0.00217,A,150.07937,879538436092263
1774163128207,2026-03-22 07:05:28.207,69160.0,0.00017,A,11.757200000000001,459605389670989
1774163128207,2026-03-22 07:05:28.207,69160.0,0.00015,A,10.373999999999999,676271525036914
1774163128207,2026-03-22 07:05:28.207,69159.0,0.00016,A,11.06544,633780476993769
1774163128207,2026-03-22 07:05:28.207,69159.0,0.00017,A,11.75703,281031001498559
1774163128207,2026-03-22 07:05:28.207,69159.0,0.00015,A,10.37385,253732351082455
1774163128706,2026-03-22 07:05:28.706,69158.0,0.00017,A,11.756860000000001,1020447375173160
1774163128706,2026-03-22 07:05:28.706,69158.0,0.00017,A,11.756860000000001,343773797851627
1774163128706,2026-03-22 07:05:28.706,69157.0,0.00017,A,11.75669,387371596269806
1774163128706,2026-03-22 07:05:28.706,69157.0,0.003,A,207.471,69964228379118
1774163128706,2026-03-22 07:05:28.706,69157.0,0.00015,A,10.37355,550567485159840
1774163128847,2026-03-22 07:05:28.847,69156.0,0.00016,A,11.064960000000001,766336009400194
1774163128847,2026-03-22 07:05:28.847,69156.0,0.00867,A,599.58252,102335008998791
1774163128847,2026-03-22 07:05:28.847,69156.0,0.00017,A,11.75652,798198367820300
1774163129535,2026-03-22 07:05:29.535,69155.0,0.00043,A,29.73665,430889231177929
1774163129535,2026-03-22 07:05:29.535,69155.0,0.00017,A,11.756350000000001,1082466207356767
1774163129535,2026-03-22 07:05:29.535,69155.0,0.00119,A,82.29445000000001,1002409368481356
1774163129535,2026-03-22 07:05:29.535,69155.0,0.00919,A,635.53445,95889771108269
1774163131006,2026-03-22 07:05:31.006,69155.0,0.00238,A,164.58890000000002,663369840880941
1774163131812,2026-03-22 07:05:31.812,69155.0,0.00707,A,488.92584999999997,224661199111389
1774163131812,2026-03-22 07:05:31.812,69155.0,0.00017,A,11.756350000000001,225714485599114
1774163132952,2026-03-22 07:05:32.952,69155.0,2e-05,B,1.3831000000000002,92072271804797
1774163134027,2026-03-22 07:05:34.027,69154.0,0.00017,A,11.75618,508933459097026
1774163134027,2026-03-22 07:05:34.027,69154.0,0.00124,A,85.75096,46696259003724
1774163134687,2026-03-22 07:05:34.687,69154.0,0.00725,A,501.36650000000003,60265327439541
1774163134687,2026-03-22 07:05:34.687,69154.0,0.00017,A,11.75618,127848097219709
1774163135171,2026-03-22 07:05:35.171,69153.0,2e-05,A,1.3830600000000002,907326796376955
1774163136378,2026-03-22 07:05:36.378,69153.0,0.00015,A,10.37295,928657254614268
1774163136378,2026-03-22 07:05:36.378,69152.0,0.00012,A,8.29824,352972867327268
1774163136512,2026-03-22 07:05:36.512,69152.0,4e-05,A,2.76608,67643428648585
1774163136512,2026-03-22 07:05:36.512,69152.0,0.00017,A,11.755840000000001,755450034080210
1774163136512,2026-03-22 07:05:36.512,69152.0,6e-05,A,4.14912,608427034168205
1774163136916,2026-03-22 07:05:36.916,69153.0,0.02048,B,1416.2534400000002,685350516976319
1774163138053,2026-03-22 07:05:38.053,69152.0,0.00019,A,13.13888,1047211749433771
1774163138053,2026-03-22 07:05:38.053,69153.0,0.00016,B,11.064480000000001,400719098854433
1774163138459,2026-03-22 07:05:38.459,69152.0,0.04906,A,3392.59712,253041087645833
1774163143155,2026-03-22 07:05:43.155,69153.0,0.01744,B,1206.0283200000001,981755064425442
1774163144021,2026-03-22 07:05:44.021,69152.0,0.00416,A,287.67231999999996,509249326067807
1774163145029,2026-03-22 07:05:45.029,69153.0,0.00057,B,39.41721,205427938212910
1774163145957,2026-03-22 07:05:45.957,69153.0,0.00015,B,10.37295,757728469003275
1774163146899,2026-03-22 07:05:46.899,69152.0,0.00029,A,20.05408,957949471768351
1774163147160,2026-03-22 07:05:47.160,69153.0,2e-05,B,1.3830600000000002,736237142822527
1774163148801,2026-03-22 07:05:48.801,69153.0,0.07478,B,5171.26134,994558974056380
1774163150343,2026-03-22 07:05:50.343,69152.0,0.00072,A,49.789440000000006,45933034685840
1774163151407,2026-03-22 07:05:51.407,69152.0,2e-05,A,1.38304,936368000558368
1774163155037,2026-03-22 07:05:55.037,69152.0,0.00036,A,24.894720000000003,745473068933744
1774163155291,2026-03-22 07:05:55.291,69152.0,0.006,A,414.91200000000003,810957914126268
1774163157024,2026-03-22 07:05:57.024,69152.0,0.00017,A,11.755840000000001,176000112592350
1774163160763,2026-03-22 07:06:00.763,69153.0,2e-05,B,1.3830600000000002,1097438314550151
1774163161104,2026-03-22 07:06:01.104,69152.0,0.00238,A,164.58176,380681469700717
1774163164718,2026-03-22 07:06:04.718,69152.0,2e-05,A,1.38304,568704583807647
1774163165019,2026-03-22 07:06:05.019,69152.0,0.00142,A,98.19584,678260808055501
1774163168046,2026-03-22 07:06:08.046,69152.0,0.00017,A,11.755840000000001,957867220067032
1774163168046,2026-03-22 07:06:08.046,69153.0,0.00016,B,11.064480000000001,3643680867217
1774163168969,2026-03-22 07:06:08.969,69153.0,0.0027,B,186.7131,878205684264493
1774163168969,2026-03-22 07:06:08.969,69153.0,0.018,B,1244.754,539576354230550
1774163171278,2026-03-22 07:06:11.278,69153.0,0.00037,B,25.58661,783030617259350
1774163173235,2026-03-22 07:06:13.235,69152.0,0.00023,A,15.90496,301167535446266
1774163173701,2026-03-22 07:06:13.701,69152.0,0.00023,A,15.90496,1067217969313189
1774163173907,2026-03-22 07:06:13.907,69153.0,0.0005,B,34.5765,1031121628756951
1774163174008,2026-03-22 07:06:14.008,69152.0,0.00416,A,287.67231999999996,775459191025209
1774163174712,2026-03-22 07:06:14.712,69153.0,2e-05,B,1.3830600000000002,375031174571043
1774163175014,2026-03-22 07:06:15.014,69153.0,0.00057,B,39.41721,698732828421016
1774163177368,2026-03-22 07:06:17.368,69152.0,2e-05,A,1.38304,836077729713764
1774163178385,2026-03-22 07:06:18.385,69152.0,0.03034,A,2098.07168,889058735089368
1774163178385,2026-03-22 07:06:18.385,69152.0,0.00025,A,17.288,117378953580113
1774163178385,2026-03-22 07:06:18.385,69152.0,0.04906,A,3392.59712,694705463667923
1774163178385,2026-03-22 07:06:18.385,69152.0,0.00416,A,287.67231999999996,347065373660937
1774163178385,2026-03-22 07:06:18.385,69152.0,0.00029,A,20.05408,768750520061769
1774163178385,2026-03-22 07:06:18.385,69152.0,0.00072,A,49.789440000000006,482499134985517
1774163178385,2026-03-22 07:06:18.385,69152.0,0.00038,A,26.27776,641753862965039
1774163178385,2026-03-22 07:06:18.385,69152.0,0.006,A,414.91200000000003,73377177837157
1774163178385,2026-03-22 07:06:18.385,69152.0,0.00017,A,11.755840000000001,441671050662664
1774163178385,2026-03-22 07:06:18.385,69152.0,0.00238,A,164.58176,1053075097823441
1774163178385,2026-03-22 07:06:18.385,69152.0,0.05091,A,3520.52832,340236256281507
1774163179521,2026-03-22 07:06:19.521,69153.0,0.00015,B,10.37295,421438705997680
1774163182840,2026-03-22 07:06:22.840,69153.0,0.00015,B,10.37295,1094728227089233
1774163185067,2026-03-22 07:06:25.067,69152.0,0.00036,A,24.894720000000003,559518806937176
1774163187086,2026-03-22 07:06:27.086,69152.0,0.00017,A,11.755840000000001,988101869385154
1774163188895,2026-03-22 07:06:28.895,69153.0,2e-05,B,1.3830600000000002,236443763076452
1774163189393,2026-03-22 07:06:29.393,69153.0,0.03616,B,2500.57248,917448660340492
1774163190197,2026-03-22 07:06:30.197,69152.0,2e-05,A,1.38304,844488842450950
1774163191033,2026-03-22 07:06:31.033,69152.0,0.00238,A,164.58176,131356167444531
1774163195022,2026-03-22 07:06:35.022,69152.0,0.00142,A,98.19584,382115149795637
1774163195353,2026-03-22 07:06:35.353,69152.0,0.00723,A,499.96896000000004,114463196062609
1774163196942,2026-03-22 07:06:36.942,69153.0,1e-05,B,0.6915300000000001,193342120114869
1774163196942,2026-03-22 07:06:36.942,69153.0,0.0003,B,20.7459,376805518072231
1774163198045,2026-03-22 07:06:38.045,69152.0,0.00018,A,12.447360000000002,698863543495030
1774163198045,2026-03-22 07:06:38.045,69153.0,0.00016,B,11.064480000000001,297600719558125
1774163202676,2026-03-22 07:06:42.676,69152.0,0.00144,A,99.57888000000001,853958160260854
1774163202676,2026-03-22 07:06:42.676,69152.0,0.00017,A,11.755840000000001,869803013432872
1774163202676,2026-03-22 07:06:42.676,69152.0,0.00023,A,15.90496,272211586428463
1774163202676,2026-03-22 07:06:42.676,69152.0,0.03241,A,2241.21632,382052340395448
1774163203170,2026-03-22 07:06:43.170,69153.0,2e-05,B,1.3830600000000002,1104818498010466
1774163203170,2026-03-22 07:06:43.170,69152.0,0.00022,A,15.21344,589547081628595
1774163203287,2026-03-22 07:06:43.287,69152.0,2e-05,A,1.38304,1060502210598026
1774163204088,2026-03-22 07:06:44.088,69152.0,0.00415,A,286.9808,660586772356194
1774163204137,2026-03-22 07:06:44.137,69152.0,0.10382,A,7179.36064,983252188801106
1774163204137,2026-03-22 07:06:44.137,69152.0,0.00023,A,15.90496,1022873752645262
1774163204137,2026-03-22 07:06:44.137,69152.0,0.00416,A,287.67231999999996,136414930885095
1774163204137,2026-03-22 07:06:44.137,69152.0,0.00029,A,20.05408,770832279334874
1774163204137,2026-03-22 07:06:44.137,69152.0,0.00017,A,11.755840000000001,373520664046193
1774163204137,2026-03-22 07:06:44.137,69152.0,0.006,A,414.91200000000003,659074616655869
1774163204137,2026-03-22 07:06:44.137,69152.0,0.00027,A,18.67104,404400672039596
1774163204137,2026-03-22 07:06:44.137,69152.0,0.00238,A,164.58176,190233493962608
1774163204137,2026-03-22 07:06:44.137,69152.0,0.04906,A,3392.59712,792673001559355
1774163204137,2026-03-22 07:06:44.137,69152.0,0.00416,A,287.67231999999996,433043469123502
1774163204137,2026-03-22 07:06:44.137,69152.0,0.00038,A,26.27776,1045493245162741
1774163204137,2026-03-22 07:06:44.137,69152.0,0.03034,A,2098.07168,758018737679043
1774163204137,2026-03-22 07:06:44.137,69152.0,0.00072,A,49.789440000000006,213469357472186
1774163204137,2026-03-22 07:06:44.137,69152.0,0.10123,A,7000.25696,1055178530250059
1774163204137,2026-03-22 07:06:44.137,69152.0,0.00023,A,15.90496,108111580430412
1774163204137,2026-03-22 07:06:44.137,69152.0,0.00017,A,11.755840000000001,709309679585051
1774163204137,2026-03-22 07:06:44.137,69152.0,0.00144,A,99.57888000000001,1062549656496298
1774163204137,2026-03-22 07:06:44.137,69151.0,0.00017,A,11.75567,587169180416896
1774163204137,2026-03-22 07:06:44.137,69151.0,0.02892,A,1999.8469200000002,811718674272779
1774163204137,2026-03-22 07:06:44.137,69151.0,0.0514,A,3554.3614000000002,599751007708622
1774163204137,2026-03-22 07:06:44.137,69151.0,0.00015,A,10.372649999999998,35463238853282
1774163204137,2026-03-22 07:06:44.137,69151.0,0.00015,A,10.372649999999998,348063231802000
1774163204137,2026-03-22 07:06:44.137,69150.0,0.001,A,69.15,773006217030895
1774163204137,2026-03-22 07:06:44.137,69150.0,0.00017,A,11.755500000000001,76110052124273
1774163204137,2026-03-22 07:06:44.137,69150.0,0.09413,A,6509.0895,1047774444094484
1774163204137,2026-03-22 07:06:44.137,69150.0,0.0063,A,435.645,332198592788116
1774163204137,2026-03-22 07:06:44.137,69150.0,0.5,A,34575.0,815291414438596
1774163204137,2026-03-22 07:06:44.137,69150.0,0.00254,A,175.64100000000002,786043746478919
1774163204137,2026-03-22 07:06:44.137,69149.0,0.00017,A,11.75533,678473070072894
1774163204137,2026-03-22 07:06:44.137,69148.0,0.00016,A,11.063680000000002,71440455716977
1774163204137,2026-03-22 07:06:44.137,69148.0,0.00017,A,11.75516,248708228755645
1774163204137,2026-03-22 07:06:44.137,69148.0,0.05194,A,3591.54712,422389941029763
1774163204137,2026-03-22 07:06:44.137,69148.0,0.09619,A,6651.34612,343800153680089
1774163204137,2026-03-22 07:06:44.137,69147.0,0.00017,A,11.754990000000001,472822238659251
1774163204137,2026-03-22 07:06:44.137,69147.0,0.01155,A,798.64785,755226618124930
1774163204137,2026-03-22 07:06:44.137,69146.0,0.00017,A,11.75482,792053648690614
1774163204137,2026-03-22 07:06:44.137,69146.0,0.02325,A,1607.6444999999999,389551560327189
1774163204137,2026-03-22 07:06:44.137,69146.0,0.02295,A,1586.9007000000001,728469187134264
1774163204137,2026-03-22 07:06:44.137,69146.0,0.00265,A,183.2369,107925938857721
1774163204137,2026-03-22 07:06:44.137,69146.0,0.00015,A,10.371899999999998,367145449096769
1774163204137,2026-03-22 07:06:44.137,69145.0,0.00016,A,11.0632,938680042761679
1774163204137,2026-03-22 07:06:44.137,69145.0,0.00017,A,11.754650000000002,916619874614171
1774163204137,2026-03-22 07:06:44.137,69145.0,0.02892,A,1999.6734000000001,901049242572588
1774163204137,2026-03-22 07:06:44.137,69145.0,0.003,A,207.435,488604693433823
1774163204137,2026-03-22 07:06:44.137,69145.0,0.05665,A,3917.06425,238314260255544
1774163204137,2026-03-22 07:06:44.137,69145.0,0.13536,A,9359.467200000001,975579529463143
1774163204137,2026-03-22 07:06:44.137,69145.0,0.1,A,6914.5,34860042605674
1774163204137,2026-03-22 07:06:44.137,69145.0,0.1,A,6914.5,237835573933807
1774163204137,2026-03-22 07:06:44.137,69145.0,0.10002,A,6915.8829,1099965065499922
1774163204137,2026-03-22 07:06:44.137,69145.0,0.09996,A,6911.7342,658985894032620
1774163204137,2026-03-22 07:06:44.137,69145.0,0.10002,A,6915.8829,316220722776965
1774163204137,2026-03-22 07:06:44.137,69144.0,0.00017,A,11.754480000000001,183883574374540
1774163204137,2026-03-22 07:06:44.137,69144.0,0.003,A,207.43200000000002,436244569399249
1774163204137,2026-03-22 07:06:44.137,69144.0,0.05046,A,3489.0062399999997,438040940906654
1774163204137,2026-03-22 07:06:44.137,69143.0,0.00017,A,11.75431,161789671089955
1774163204137,2026-03-22 07:06:44.137,69142.0,0.00017,A,11.754140000000001,470434496689045
1774163204137,2026-03-22 07:06:44.137,69142.0,0.001,A,69.142,788522303498129
1774163204137,2026-03-22 07:06:44.137,69142.0,0.41724,A,28848.80808,1119915987083628
1774163204137,2026-03-22 07:06:44.137,69142.0,0.35,A,24199.699999999997,586452434646339
1774163204137,2026-03-22 07:06:44.137,69141.0,0.19959,A,13799.85219,1041870882324262
1774163204137,2026-03-22 07:06:44.137,69141.0,0.00016,A,11.062560000000001,735574612852989
1774163204137,2026-03-22 07:06:44.137,69141.0,0.07328,A,5066.65248,13761167534426
1774163204137,2026-03-22 07:06:44.137,69141.0,0.068,A,4701.588000000001,524348236400105
1774163205045,2026-03-22 07:06:45.045,69142.0,0.00056,B,38.719519999999996,727621466367568
1774163205495,2026-03-22 07:06:45.495,69143.0,0.00015,B,10.37145,423282671824506
1774163205495,2026-03-22 07:06:45.495,69144.0,0.00017,B,11.754480000000001,1035163545987697
1774163206310,2026-03-22 07:06:46.310,69146.0,0.00017,B,11.75482,678933502703960
1774163206310,2026-03-22 07:06:46.310,69146.0,0.00128,B,88.50688000000001,33487513431766
1774163206676,2026-03-22 07:06:46.676,69146.0,0.00385,B,266.2121,508987899983456
1774163207691,2026-03-22 07:06:47.691,69146.0,0.00017,B,11.75482,367644330968291
1774163208829,2026-03-22 07:06:48.829,69145.0,0.00231,A,159.72495,113520299487200
1774163209132,2026-03-22 07:06:49.132,69146.0,0.12101,B,8367.357460000001,762553649825045
1774163209132,2026-03-22 07:06:49.132,69147.0,0.003,B,207.441,548243556732459
1774163209132,2026-03-22 07:06:49.132,69147.0,0.00017,B,11.754990000000001,588030687260043
1774163209132,2026-03-22 07:06:49.132,69147.0,0.0002,B,13.829400000000001,16575340911880
1774163209132,2026-03-22 07:06:49.132,69147.0,0.00015,B,10.37205,519504045330586
1774163209132,2026-03-22 07:06:49.132,69148.0,0.00017,B,11.75516,317410727448806
1774163209132,2026-03-22 07:06:49.132,69149.0,0.00017,B,11.75533,280162966482979
1774163209132,2026-03-22 07:06:49.132,69149.0,0.00015,B,10.372349999999999,1015791579536750
1774163209132,2026-03-22 07:06:49.132,69150.0,0.00017,B,11.755500000000001,786457272243117
1774163209132,2026-03-22 07:06:49.132,69151.0,0.00017,B,11.75567,317504611445781
1774163209132,2026-03-22 07:06:49.132,69151.0,0.00016,B,11.064160000000001,1116330198421878
1774163209132,2026-03-22 07:06:49.132,69152.0,0.003,B,207.45600000000002,644857919742471
1774163209132,2026-03-22 07:06:49.132,69152.0,0.00017,B,11.755840000000001,440182080515808
1774163209313,2026-03-22 07:06:49.313,69153.0,0.1,B,6915.3,876266685451448
1774163209313,2026-03-22 07:06:49.313,69153.0,0.00925,B,639.66525,492091202419605
1774163209313,2026-03-22 07:06:49.313,69153.0,0.03412,B,2359.50036,165391357833303
1774163209412,2026-03-22 07:06:49.412,69153.0,0.19535,B,13509.03855,26630554544646
1774163209412,2026-03-22 07:06:49.412,69153.0,0.01176,B,813.23928,856024325904542
1774163209412,2026-03-22 07:06:49.412,69153.0,0.1,B,6915.3,917269923233973
1774163209412,2026-03-22 07:06:49.412,69153.0,0.03569,B,2468.07057,425223462855818
1774163209412,2026-03-22 07:06:49.412,69153.0,0.25,B,17288.25,131246452147665
1774163209484,2026-03-22 07:06:49.484,69153.0,0.25,B,17288.25,411818886409087
1774163209544,2026-03-22 07:06:49.544,69153.0,0.30508,B,21097.19724,461865277121948
1774163209544,2026-03-22 07:06:49.544,69153.0,0.25,B,17288.25,1093722370522525
1774163209617,2026-03-22 07:06:49.617,69153.0,0.25,B,17288.25,447533603310273
1774163209617,2026-03-22 07:06:49.617,69153.0,0.20875,B,14435.68875,556374674175925
1774163209617,2026-03-22 07:06:49.617,69153.0,0.00289,B,199.85217,527225852455965
1774163209617,2026-03-22 07:06:49.617,69153.0,0.00017,B,11.756010000000002,363106119911846
1774163209617,2026-03-22 07:06:49.617,69153.0,0.00933,B,645.19749,1080206375197332
1774163209617,2026-03-22 07:06:49.617,69154.0,0.00017,B,11.75618,787357064647596
1774163209617,2026-03-22 07:06:49.617,69155.0,0.00016,B,11.064800000000002,805678806966684
1774163209617,2026-03-22 07:06:49.617,69155.0,0.00017,B,11.756350000000001,380735508125503
1774163210411,2026-03-22 07:06:50.411,69157.0,0.001,B,69.157,820719664943143
1774163210411,2026-03-22 07:06:50.411,69157.0,0.00017,B,11.75669,103314728894885
1774163210411,2026-03-22 07:06:50.411,69158.0,0.00016,B,11.065280000000001,891637355477307
1774163210411,2026-03-22 07:06:50.411,69158.0,0.00017,B,11.756860000000001,638758390281949
1774163210411,2026-03-22 07:06:50.411,69158.0,0.0006,B,41.4948,304931311767522
1774163210411,2026-03-22 07:06:50.411,69158.0,0.0024,B,165.9792,812164371963584
1774163210411,2026-03-22 07:06:50.411,69159.0,0.00024,B,16.59816,249266953416553
1774163210411,2026-03-22 07:06:50.411,69159.0,0.00017,B,11.75703,83738251380715
1774163210411,2026-03-22 07:06:50.411,69160.0,0.00017,B,11.757200000000001,180260471381587
1774163210411,2026-03-22 07:06:50.411,69160.0,0.00015,B,10.373999999999999,383982927798744
1774163210411,2026-03-22 07:06:50.411,69160.0,0.05665,B,3917.9139999999998,770824767267784
1774163210411,2026-03-22 07:06:50.411,69161.0,0.00013,B,8.990929999999999,669942118852218
1774163211337,2026-03-22 07:06:51.337,69161.0,0.00145,B,100.28344999999999,227580738486512
1774163211538,2026-03-22 07:06:51.538,69160.0,0.00015,A,10.373999999999999,168349190617602
1774163213616,2026-03-22 07:06:53.616,69160.0,0.00029,A,20.0564,581764786829651
1774163213815,2026-03-22 07:06:53.815,69160.0,0.00442,A,305.6872,64610928205449
1774163213931,2026-03-22 07:06:53.931,69160.0,0.00442,A,305.6872,288798951266916
1774163214614,2026-03-22 07:06:54.614,69160.0,0.00364,A,251.7424,430260484424113
1774163215014,2026-03-22 07:06:55.014,69160.0,0.00036,A,24.8976,1114495609216869
1774163217023,2026-03-22 07:06:57.023,69160.0,0.00017,A,11.757200000000001,232295125955739
1774163217620,2026-03-22 07:06:57.620,69161.0,2e-05,B,1.3832200000000001,1018907468600191
1774163217823,2026-03-22 07:06:57.823,69160.0,0.00472,A,326.4352,280562742571741
1774163217947,2026-03-22 07:06:57.947,69160.0,0.00472,A,326.4352,578139857483541
1774163220136,2026-03-22 07:07:00.136,69160.0,2e-05,A,1.3832000000000002,352536585975368
1774163220970,2026-03-22 07:07:00.970,69160.0,7e-05,A,4.8412,782784397286863
1774163221049,2026-03-22 07:07:01.049,69160.0,0.00238,A,164.60080000000002,41982077378021
1774163223276,2026-03-22 07:07:03.276,69161.0,0.00022,B,15.21542,423623511241956
1774163224064,2026-03-22 07:07:04.064,69160.0,0.00142,A,98.2072,640312624925149
1774163224129,2026-03-22 07:07:04.129,69161.0,0.1,B,6916.1,945211564934843
1774163226913,2026-03-22 07:07:06.913,69161.0,0.00723,B,500.03403000000003,103674687191105
1774163227828,2026-03-22 07:07:07.828,69161.0,0.01263,B,873.5034300000001,892430920360234
1774163227828,2026-03-22 07:07:07.828,69161.0,0.00017,B,11.757370000000002,514387564552540
1774163227828,2026-03-22 07:07:07.828,69162.0,0.00017,B,11.75754,519214760437375
1774163227828,2026-03-22 07:07:07.828,69162.0,0.00016,B,11.06592,934238697333068
1774163227828,2026-03-22 07:07:07.828,69162.0,0.0002,B,13.8324,311847428015206
1774163227828,2026-03-22 07:07:07.828,69163.0,0.00017,B,11.757710000000001,328419108504577
1774163227828,2026-03-22 07:07:07.828,69163.0,0.003,B,207.489,733713786859457
1774163228041,2026-03-22 07:07:08.041,69163.0,2e-05,A,1.3832600000000002,989871558235739
1774163228041,2026-03-22 07:07:08.041,69163.0,0.00016,A,11.066080000000001,840583710657496
1774163228041,2026-03-22 07:07:08.041,69164.0,0.00016,B,11.06624,104981313513844
1774163228382,2026-03-22 07:07:08.382,69164.0,1e-05,B,0.69164,3032302738119
1774163228382,2026-03-22 07:07:08.382,69165.0,0.00017,B,11.75805,686058144629119
1774163228382,2026-03-22 07:07:08.382,69166.0,0.00016,B,11.06656,525814487219143
1774163228382,2026-03-22 07:07:08.382,69166.0,0.00017,B,11.758220000000001,1050347108585888
1774163228522,2026-03-22 07:07:08.522,69167.0,0.00017,B,11.75839,1071521878451882
1774163228522,2026-03-22 07:07:08.522,69168.0,0.00017,B,11.758560000000001,395225521434200
1774163228522,2026-03-22 07:07:08.522,69169.0,0.00016,B,11.06704,332110701008798
1774163228522,2026-03-22 07:07:08.522,69169.0,0.00022,B,15.21718,936139405463828
1774163228522,2026-03-22 07:07:08.522,69169.0,0.00017,B,11.758730000000002,324529742275399
1774163228522,2026-03-22 07:07:08.522,69169.0,0.00545,B,376.97105,513369775513285
1774163228584,2026-03-22 07:07:08.584,69169.0,0.01684,B,1164.8059600000001,982476661334217
1774163228584,2026-03-22 07:07:08.584,69170.0,0.00017,B,11.7589,596177131150794
1774163228720,2026-03-22 07:07:08.720,69171.0,0.00015,B,10.375649999999998,600394907045402
1774163228720,2026-03-22 07:07:08.720,69171.0,0.00017,B,11.759070000000001,827290161033993
1774163228720,2026-03-22 07:07:08.720,69171.0,0.003,B,207.513,474625280138684
1774163228923,2026-03-22 07:07:08.923,69172.0,0.00017,B,11.75924,948799334827093
1774163228923,2026-03-22 07:07:08.923,69173.0,0.00016,B,11.067680000000001,1038698945667722
1774163228923,2026-03-22 07:07:08.923,69173.0,0.00017,B,11.75941,320563324228410
1774163228923,2026-03-22 07:07:08.923,69174.0,0.00017,B,11.759580000000001,145515930866806
1774163228923,2026-03-22 07:07:08.923,69175.0,0.00017,B,11.75975,721430022295026
1774163228923,2026-03-22 07:07:08.923,69176.0,0.00017,B,11.759920000000001,231302418449385
1774163228923,2026-03-22 07:07:08.923,69176.0,0.00015,B,10.376399999999999,1072987394671830
1774163228923,2026-03-22 07:07:08.923,69177.0,0.00016,B,11.068320000000002,837708201067853
1774163228923,2026-03-22 07:07:08.923,69177.0,0.00017,B,11.760090000000002,346204247912103
1774163228923,2026-03-22 07:07:08.923,69178.0,0.00017,B,11.76026,347395782284908
1774163229019,2026-03-22 07:07:09.019,69179.0,0.00017,B,11.760430000000001,903220650164445
1774163229019,2026-03-22 07:07:09.019,69179.0,0.001,B,69.179,320358150254097
1774163229019,2026-03-22 07:07:09.019,69180.0,0.00016,B,11.068800000000001,626932352852296
1774163229019,2026-03-22 07:07:09.019,69180.0,0.00017,B,11.7606,321926531605330
1774163229019,2026-03-22 07:07:09.019,69181.0,0.00017,B,11.76077,261574989372154
1774163229019,2026-03-22 07:07:09.019,69181.0,0.00015,B,10.377149999999999,635179208055401
1774163229431,2026-03-22 07:07:09.431,69182.0,0.00017,B,11.760940000000002,882843934375891
1774163229431,2026-03-22 07:07:09.431,69183.0,0.00043,B,29.74869,153724102127721
1774163229431,2026-03-22 07:07:09.431,69183.0,0.00017,B,11.76111,477445654995885
1774163229431,2026-03-22 07:07:09.431,69184.0,0.00016,B,11.06944,404143996223202
1774163229431,2026-03-22 07:07:09.431,69188.0,0.00016,B,11.07008,572218208066746
1774163229431,2026-03-22 07:07:09.431,69188.0,0.00491,B,339.71308000000005,951533249765817
1774163230224,2026-03-22 07:07:10.224,69188.0,0.01193,B,825.41284,839912666212269
1774163230224,2026-03-22 07:07:10.224,69188.0,0.00017,B,11.76196,943181609633249
1774163230224,2026-03-22 07:07:10.224,69188.0,0.00135,B,93.4038,726315527377165
1774163231015,2026-03-22 07:07:11.015,69188.0,0.0902,B,6240.7576,883601541068049
1774163231015,2026-03-22 07:07:11.015,69188.0,0.01446,B,1000.45848,689313821824670
1774163231015,2026-03-22 07:07:11.015,69190.0,0.00017,B,11.762300000000002,187866074322455
1774163231015,2026-03-22 07:07:11.015,69190.0,0.001,B,69.19,154654041267119
1774163231015,2026-03-22 07:07:11.015,69190.0,0.00017,B,11.762300000000002,508466477372782
1774163231015,2026-03-22 07:07:11.015,69191.0,0.00016,B,11.07056,135533716962410
1774163231015,2026-03-22 07:07:11.015,69191.0,0.00017,B,11.76247,737971164471239
1774163231015,2026-03-22 07:07:11.015,69191.0,0.00017,B,11.76247,147562407321102
1774163231015,2026-03-22 07:07:11.015,69191.0,0.05665,B,3919.67015,483318124574840
1774163231015,2026-03-22 07:07:11.015,69191.0,0.01011,B,699.5210099999999,401516066317540
1774163231015,2026-03-22 07:07:11.015,69192.0,0.00017,B,11.762640000000001,299966181862462
1774163231015,2026-03-22 07:07:11.015,69192.0,0.32657,B,22596.031440000002,785185681493707
1774163232302,2026-03-22 07:07:12.302,69192.0,2e-05,B,1.3838400000000002,279201407463393
1774163232660,2026-03-22 07:07:12.660,69193.0,0.00017,B,11.76281,91373383989089
1774163232660,2026-03-22 07:07:12.660,69193.0,0.00017,B,11.76281,109886549250625
1774163232660,2026-03-22 07:07:12.660,69193.0,0.0002,B,13.838600000000001,1036954623057708
1774163232660,2026-03-22 07:07:12.660,69194.0,0.00017,B,11.76298,733165759556920
1774163232660,2026-03-22 07:07:12.660,69194.0,0.00017,B,11.76298,359439738975647
1774163232660,2026-03-22 07:07:12.660,69195.0,0.00016,B,11.071200000000001,500938342755819
1774163232660,2026-03-22 07:07:12.660,69195.0,0.00017,B,11.763150000000001,214478087086122
1774163232660,2026-03-22 07:07:12.660,69195.0,0.00017,B,11.763150000000001,746141268741051
1774163232660,2026-03-22 07:07:12.660,69196.0,0.00017,B,11.76332,996814342723306
1774163232660,2026-03-22 07:07:12.660,69196.0,0.00017,B,11.76332,755337792137398
1774163232660,2026-03-22 07:07:12.660,69197.0,0.00017,B,11.763490000000001,1087869112987747
1774163232733,2026-03-22 07:07:12.733,69196.0,0.00017,A,11.76332,264490370148735
1774163232857,2026-03-22 07:07:12.857,69197.0,0.00083,B,57.43351,492426169868855
1774163232857,2026-03-22 07:07:12.857,69197.0,0.00017,B,11.763490000000001,347934839661329
1774163232857,2026-03-22 07:07:12.857,69197.0,0.00017,B,11.763490000000001,818042379290942
1774163232857,2026-03-22 07:07:12.857,69198.0,0.00017,B,11.763660000000002,3522622717112
1774163232857,2026-03-22 07:07:12.857,69198.0,0.00017,B,11.763660000000002,615801746856423
1774163232857,2026-03-22 07:07:12.857,69198.0,0.003,B,207.594,501808180059396
1774163232857,2026-03-22 07:07:12.857,69199.0,0.00016,B,11.071840000000002,459513083013828
1774163232857,2026-03-22 07:07:12.857,69199.0,0.00017,B,11.76383,587359651015785
1774163232857,2026-03-22 07:07:12.857,69199.0,0.01604,B,1109.9519599999999,199329344807410
1774163232857,2026-03-22 07:07:12.857,69199.0,0.00017,B,11.76383,1065140989928307
1774163232857,2026-03-22 07:07:12.857,69200.0,0.00035,B,24.22,35259439189372
1774163232857,2026-03-22 07:07:12.857,69200.0,0.00295,B,204.14,593380449182559
1774163232857,2026-03-22 07:07:12.857,69200.0,0.01,B,692.0,161659006580476
1774163232857,2026-03-22 07:07:12.857,69200.0,0.00043,B,29.756,1118083297795541
1774163232857,2026-03-22 07:07:12.857,69200.0,0.00238,B,164.696,301931495113250
1774163232857,2026-03-22 07:07:12.857,69200.0,0.0116,B,802.7199999999999,277484554502876
1774163232857,2026-03-22 07:07:12.857,69200.0,0.03056,B,2114.752,825086072286836
1774163232857,2026-03-22 07:07:12.857,69200.0,0.00017,B,11.764000000000001,673874236285199
1774163232857,2026-03-22 07:07:12.857,69200.0,0.00016,B,11.072000000000001,434693076728575
1774163232857,2026-03-22 07:07:12.857,69200.0,0.00204,B,141.168,285529718396814
1774163232857,2026-03-22 07:07:12.857,69200.0,0.00017,B,11.764000000000001,289922083210576
1774163232857,2026-03-22 07:07:12.857,69201.0,0.00016,B,11.07216,1111765025676547
1774163232857,2026-03-22 07:07:12.857,69201.0,0.00017,B,11.76417,267124567883883
1774163232857,2026-03-22 07:07:12.857,69201.0,0.00017,B,11.76417,893485551966759
1774163232857,2026-03-22 07:07:12.857,69201.0,0.00043,B,29.756429999999998,722393596319072
1774163232857,2026-03-22 07:07:12.857,69202.0,0.00072,B,49.82544,286152188549145
1774163232857,2026-03-22 07:07:12.857,69202.0,0.00017,B,11.76434,902348393343133
1774163232857,2026-03-22 07:07:12.857,69202.0,0.00017,B,11.76434,642328824246640
1774163232857,2026-03-22 07:07:12.857,69202.0,0.003,B,207.606,432395705036991
1774163232857,2026-03-22 07:07:12.857,69203.0,0.00017,B,11.764510000000001,566339668288950
1774163232857,2026-03-22 07:07:12.857,69203.0,0.00017,B,11.764510000000001,598481043313636
1774163232857,2026-03-22 07:07:12.857,69204.0,0.01188,B,822.14352,854002696123130
1774163232857,2026-03-22 07:07:12.857,69204.0,0.00017,B,11.76468,125830741701326
1774163232857,2026-03-22 07:07:12.857,69204.0,0.00017,B,11.76468,689434472739223
1774163232857,2026-03-22 07:07:12.857,69204.0,0.00022,B,15.22488,1062522515603381
1774163232857,2026-03-22 07:07:12.857,69205.0,0.00017,B,11.764850000000001,625141144736986
1774163232857,2026-03-22 07:07:12.857,69205.0,0.00028,B,19.377399999999998,578818487001788
1774163232857,2026-03-22 07:07:12.857,69205.0,0.00017,B,11.764850000000001,1087344014213532
1774163233032,2026-03-22 07:07:13.032,69205.0,0.05975,A,4134.99875,1007237526585370
1774163233032,2026-03-22 07:07:13.032,69205.0,0.16154,A,11179.375699999999,719113850173744
1774163233661,2026-03-22 07:07:13.661,69206.0,0.00309,B,213.84654,950803648349810
1774163233661,2026-03-22 07:07:13.661,69206.0,0.00029,B,20.06974,15786105963368
1774163233661,2026-03-22 07:07:13.661,69206.0,0.00017,B,11.765020000000002,619656918556650
1774163233661,2026-03-22 07:07:13.661,69206.0,0.00035,B,24.2221,89649542858153
1774163233730,2026-03-22 07:07:13.730,69206.0,0.00424,B,293.43343999999996,800178279609935
1774163234061,2026-03-22 07:07:14.061,69205.0,0.00416,A,287.89279999999997,706359368622127
1774163234874,2026-03-22 07:07:14.874,69204.0,0.00015,A,10.3806,268329804363458
1774163235002,2026-03-22 07:07:15.002,69204.0,0.00057,B,39.44628,10468873435866
1774163235276,2026-03-22 07:07:15.276,69200.0,0.003,A,207.6,641686511199278
1774163235468,2026-03-22 07:07:15.468,69200.0,0.00016,B,11.072000000000001,988658967160495
1774163235545,2026-03-22 07:07:15.545,69199.0,0.00547,A,378.51853,346586140475465
1774163235714,2026-03-22 07:07:15.714,69200.0,0.00034,B,23.528000000000002,988628716981916
1774163235846,2026-03-22 07:07:15.846,69200.0,0.01142,B,790.264,668277804957608
1774163235846,2026-03-22 07:07:15.846,69200.0,0.09562,B,6616.9039999999995,119394502428824
1774163236141,2026-03-22 07:07:16.141,69200.0,0.00017,B,11.764000000000001,482000358594779
1774163236744,2026-03-22 07:07:16.744,69200.0,0.00362,B,250.504,954560981022066
1774163237546,2026-03-22 07:07:17.546,69199.0,2e-05,A,1.3839800000000002,728418076228753
1774163238352,2026-03-22 07:07:18.352,69199.0,0.00081,A,56.05119,658260190481603
1774163238352,2026-03-22 07:07:18.352,69199.0,0.00862,A,596.49538,957516258762697
1774163238352,2026-03-22 07:07:18.352,69198.0,0.00015,A,10.3797,246792776047260
1774163238991,2026-03-22 07:07:18.991,69195.0,0.003,A,207.585,744653894923631
1774163238991,2026-03-22 07:07:18.991,69195.0,0.00017,A,11.763150000000001,905640167883787
1774163238991,2026-03-22 07:07:18.991,69194.0,0.003,A,207.582,710482146613735
1774163238991,2026-03-22 07:07:18.991,69194.0,0.1,A,6919.400000000001,153203001731425
1774163238991,2026-03-22 07:07:18.991,69194.0,0.00017,A,11.76298,281647264309310
1774163239588,2026-03-22 07:07:19.588,69194.0,7e-05,B,4.843579999999999,666529626753825
1774163239997,2026-03-22 07:07:19.997,69193.0,0.00017,A,11.76281,685665345960907
1774163239997,2026-03-22 07:07:19.997,69192.0,0.00017,A,11.762640000000001,1117576620343692
1774163239997,2026-03-22 07:07:19.997,69192.0,0.00111,A,76.80312,480791602267972
1774163240399,2026-03-22 07:07:20.399,69191.0,0.00018,A,12.45438,819423040593499
1774163242992,2026-03-22 07:07:22.992,69197.0,0.00591,A,408.95427,1014641527760953
1774163243041,2026-03-22 07:07:23.041,69197.0,0.00591,A,408.95427,860758068649961
1774163243928,2026-03-22 07:07:23.928,69198.0,0.00017,B,11.763660000000002,484665515377967
1774163243928,2026-03-22 07:07:23.928,69198.0,0.00473,B,327.30654,741320830361455
1774163243928,2026-03-22 07:07:23.928,69198.0,0.0521,B,3605.2158,10552685368652
1774163244002,2026-03-22 07:07:24.002,69197.0,0.00945,A,653.91165,490661088440660
1774163244536,2026-03-22 07:07:24.536,69193.0,0.00055,B,38.05615,359997923425246
1774163245145,2026-03-22 07:07:25.145,69192.0,0.00036,A,24.90912,436373929382034
1774163245349,2026-03-22 07:07:25.349,69193.0,0.0002,B,13.838600000000001,114674271901782
1774163246339,2026-03-22 07:07:26.339,69193.0,2e-05,B,1.38386,897240405382427
1774163246339,2026-03-22 07:07:26.339,69193.0,0.04352,B,3011.27936,659820135339669
1774163246339,2026-03-22 07:07:26.339,69193.0,0.19227,B,13303.73811,435586024261271
1774163246339,2026-03-22 07:07:26.339,69193.0,0.42,B,29061.059999999998,41756168896204
1774163246339,2026-03-22 07:07:26.339,69193.0,0.11009,B,7617.457369999999,675456668454538
1774163246339,2026-03-22 07:07:26.339,69193.0,0.23158,B,16023.71494,5309852783415
1774163246563,2026-03-22 07:07:26.563,69193.0,0.00019,B,13.14667,311329910071452
1774163247050,2026-03-22 07:07:27.050,69192.0,0.00017,A,11.762640000000001,827566808847021
1774163247050,2026-03-22 07:07:27.050,69192.0,0.00213,A,147.37896,420993307316428
1774163248711,2026-03-22 07:07:28.711,69191.0,0.00017,A,11.76247,284394357481332
1774163248711,2026-03-22 07:07:28.711,69191.0,0.00017,A,11.76247,783804975544961
1774163251071,2026-03-22 07:07:31.071,69190.0,0.00017,A,11.762300000000002,305897928637436
1774163251071,2026-03-22 07:07:31.071,69189.0,0.00016,A,11.07024,45609832407570
1774163251071,2026-03-22 07:07:31.071,69189.0,0.00017,A,11.76213,399699126533439
1774163251071,2026-03-22 07:07:31.071,69189.0,0.00015,A,10.37835,411586089561868
1774163251071,2026-03-22 07:07:31.071,69188.0,0.00017,A,11.76196,74868924635406
1774163251071,2026-03-22 07:07:31.071,69187.0,0.00017,A,11.761790000000001,1005972330508989
1774163251071,2026-03-22 07:07:31.071,69186.0,0.00017,A,11.76162,66798686154335
1774163251071,2026-03-22 07:07:31.071,69186.0,0.00121,A,83.71506,520070721313570
1774163251134,2026-03-22 07:07:31.134,69186.0,2e-05,A,1.38372,1065578002433302
1774163251328,2026-03-22 07:07:31.328,69187.0,0.11514,B,7966.191180000001,869009589323059
1774163251507,2026-03-22 07:07:31.507,69186.0,0.00177,A,122.45922,794838453284256
1774163251507,2026-03-22 07:07:31.507,69185.0,0.00016,A,11.069600000000001,672208857352212
1774163251507,2026-03-22 07:07:31.507,69185.0,0.00017,A,11.76145,1018748870573461
1774163251507,2026-03-22 07:07:31.507,69185.0,0.00072,A,49.8132,470750078822106
1774163251507,2026-03-22 07:07:31.507,69185.0,0.003,A,207.555,561438807273606
1774163251507,2026-03-22 07:07:31.507,69184.0,0.00017,A,11.761280000000001,1077303961761702
1774163251507,2026-03-22 07:07:31.507,69183.0,0.00017,A,11.76111,439673732020686
1774163251507,2026-03-22 07:07:31.507,69183.0,0.00015,A,10.37745,410116908237898
1774163251507,2026-03-22 07:07:31.507,69182.0,0.00015,A,10.3773,199775177663919
1774163251507,2026-03-22 07:07:31.507,69182.0,0.00017,A,11.760940000000002,481619350501658
1774163251507,2026-03-22 07:07:31.507,69181.0,0.00016,A,11.06896,1025987086059718
1774163251507,2026-03-22 07:07:31.507,69181.0,0.6,A,41508.6,122213378511467
1774163251507,2026-03-22 07:07:31.507,69181.0,0.00017,A,11.76077,756396380047554
1774163251507,2026-03-22 07:07:31.507,69181.0,0.001,A,69.181,660957350832014
1774163251507,2026-03-22 07:07:31.507,69180.0,0.00017,A,11.7606,824457981109172
1774163251507,2026-03-22 07:07:31.507,69180.0,0.02029,A,1403.6622,868069222273996
1774163251507,2026-03-22 07:07:31.507,69179.0,0.00017,A,11.760430000000001,342674970831477
1774163251507,2026-03-22 07:07:31.507,69179.0,0.02891,A,1999.9648900000002,1014443331773952
1774163251507,2026-03-22 07:07:31.507,69178.0,0.00016,A,11.068480000000001,964853474693935
1774163251507,2026-03-22 07:07:31.507,69178.0,0.00017,A,11.76026,530043794789717
1774163251507,2026-03-22 07:07:31.507,69178.0,0.05665,A,3918.9337,158061858947994
1774163251507,2026-03-22 07:07:31.507,69177.0,0.00017,A,11.760090000000002,863606142085751
1774163251507,2026-03-22 07:07:31.507,69177.0,0.00015,A,10.37655,566089184128145
1774163251507,2026-03-22 07:07:31.507,69177.0,0.001,A,69.177,684878936483415
1774163251507,2026-03-22 07:07:31.507,69176.0,0.00017,A,11.759920000000001,940159555670987
1774163251507,2026-03-22 07:07:31.507,69176.0,0.1,A,6917.6,1101117098117333
1774163251507,2026-03-22 07:07:31.507,69176.0,0.0977,A,6758.495199999999,527385876225852
1774163251507,2026-03-22 07:07:31.507,69175.0,0.00017,A,11.75975,618502825408531
1774163251507,2026-03-22 07:07:31.507,69174.0,0.00016,A,11.06784,432865804293551
1774163251507,2026-03-22 07:07:31.507,69174.0,0.0003,A,20.7522,319615112777824
1774163251507,2026-03-22 07:07:31.507,69174.0,0.34311,A,23734.29114,703197043143495
1774163251507,2026-03-22 07:07:31.507,69174.0,0.00017,A,11.759580000000001,428494636913780
1774163251507,2026-03-22 07:07:31.507,69174.0,0.02358,A,1631.12292,104565303687989
1774163251507,2026-03-22 07:07:31.507,69173.0,0.00043,A,29.74439,5319479985230
1774163251507,2026-03-22 07:07:31.507,69173.0,0.00017,A,11.75941,38559607142197
1774163251507,2026-03-22 07:07:31.507,69172.0,0.00015,A,10.3758,639460506879125
1774163251507,2026-03-22 07:07:31.507,69172.0,0.00017,A,11.75924,690533186785959
1774163251507,2026-03-22 07:07:31.507,69171.0,0.00022,A,15.21762,953448140597193
1774163251507,2026-03-22 07:07:31.507,69171.0,0.0113,A,781.6323,943926002685563
1774163251507,2026-03-22 07:07:31.507,69171.0,0.04811,A,3327.81681,847427349464765
1774163251507,2026-03-22 07:07:31.507,69171.0,0.0456,A,3154.1976,1053673347845223
1774163251507,2026-03-22 07:07:31.507,69171.0,0.41823,A,28929.387329999998,246925857491950
1774163251507,2026-03-22 07:07:31.507,69171.0,0.72296,A,50007.866160000005,161056268806710
1774163251507,2026-03-22 07:07:31.507,69170.0,0.00016,A,11.067200000000001,563271472952138
1774163251507,2026-03-22 07:07:31.507,69170.0,0.2528,A,17486.176000000003,526580889059718
1774163251507,2026-03-22 07:07:31.507,69169.0,0.01188,A,821.72772,756895648080927
1774163251507,2026-03-22 07:07:31.507,69169.0,0.42546,A,29428.64274,528121217996418
1774163251507,2026-03-22 07:07:31.507,69169.0,0.72298,A,50007.80362,600844060618628
1774163251507,2026-03-22 07:07:31.507,69168.0,0.07238,A,5006.37984,17390590552378
1774163251507,2026-03-22 07:07:31.507,69168.0,0.11101,A,7678.33968,97490384921816
1774163251507,2026-03-22 07:07:31.507,69168.0,0.21689,A,15001.84752,600370801541615
1774163251507,2026-03-22 07:07:31.507,69168.0,0.50609,A,35005.233120000004,212730275104418
1774163251507,2026-03-22 07:07:31.507,69167.0,0.11406,A,7889.18802,223852734741
1774163251507,2026-03-22 07:07:31.507,69167.0,0.00016,A,11.06672,29224325232229
1774163251507,2026-03-22 07:07:31.507,69167.0,1.33,A,91992.11,1019313424213620
1774163251507,2026-03-22 07:07:31.507,69167.0,0.30337,A,20983.192789999997,1029339127542508
1774163251507,2026-03-22 07:07:31.507,69167.0,1.44575,A,99998.19025,430593282546386
1774163251507,2026-03-22 07:07:31.507,69166.0,1.08454,A,75013.29364,147785594005869
1774163251507,2026-03-22 07:07:31.507,69166.0,0.07228,A,4999.31848,218959751178882
1774163251507,2026-03-22 07:07:31.507,69166.0,0.00704,A,486.92864000000003,9235244186522
1774163251507,2026-03-22 07:07:31.507,69166.0,0.43894,A,30359.72404,477373829215469
1774163251507,2026-03-22 07:07:31.507,69166.0,0.0447,A,3091.7201999999997,160753706448392
1774163251507,2026-03-22 07:07:31.507,69166.0,0.55661,A,38498.48726,911089812306836
1774163251507,2026-03-22 07:07:31.507,69166.0,0.0835,A,5775.361,1084880080416887
1774163251930,2026-03-22 07:07:31.930,69172.0,0.00068,B,47.03696,354598291254349
1774163251930,2026-03-22 07:07:31.930,69167.0,0.00015,A,10.37505,500377482599373
1774163251930,2026-03-22 07:07:31.930,69167.0,0.00265,A,183.29255,718122690586795
1774163252164,2026-03-22 07:07:32.164,69168.0,0.00145,B,100.2936,511069392751607
1774163252500,2026-03-22 07:07:32.500,69168.0,0.00635,B,439.2168,259312978978955
1774163252500,2026-03-22 07:07:32.500,69168.0,0.00759,B,524.98512,950234158536483
1774163252702,2026-03-22 07:07:32.702,69168.0,0.00017,B,11.758560000000001,516977756307880
1774163252764,2026-03-22 07:07:32.764,69169.0,0.00017,B,11.758730000000002,62708457961287
1774163252764,2026-03-22 07:07:32.764,69170.0,0.00014,B,9.6838,825795005119143
1774163252969,2026-03-22 07:07:32.969,69170.0,3e-05,B,2.0751,825267105521889
1774163252969,2026-03-22 07:07:32.969,69172.0,0.00017,B,11.75924,736994273076886
1774163253517,2026-03-22 07:07:33.517,69173.0,0.00017,B,11.75941,947414736977934
1774163253517,2026-03-22 07:07:33.517,69173.0,0.00128,B,88.54144000000001,707924730206333
1774163253786,2026-03-22 07:07:33.786,69173.0,0.00114,B,78.85722,342569425430861
1774163253907,2026-03-22 07:07:33.907,69173.0,0.00058,B,40.12034,604839246319893
1774163253907,2026-03-22 07:07:33.907,69174.0,0.00017,B,11.759580000000001,187753573841065
1774163253907,2026-03-22 07:07:33.907,69174.0,0.00015,B,10.3761,177686414882681
1774163254122,2026-03-22 07:07:34.122,69174.0,0.00055,A,38.045700000000004,796517150841756
1774163254122,2026-03-22 07:07:34.122,69174.0,0.00087,A,60.18138,553790499820293
1774163254122,2026-03-22 07:07:34.122,69174.0,0.00051,A,35.27874,13900534496848
1774163254474,2026-03-22 07:07:34.474,69176.0,0.00017,B,11.759920000000001,761000263412369
1774163255170,2026-03-22 07:07:35.170,69176.0,0.00208,A,143.88608,531991096099264
1774163255170,2026-03-22 07:07:35.170,69176.0,0.00118,A,81.62768,1102676034315596
1774163255271,2026-03-22 07:07:35.271,69177.0,0.00017,B,11.760090000000002,1045785680157329
1774163255271,2026-03-22 07:07:35.271,69177.0,0.00319,B,220.67463,39158444261127
1774163255338,2026-03-22 07:07:35.338,69177.0,0.001,B,69.177,611319620947565
1774163255878,2026-03-22 07:07:35.878,69177.0,0.00017,B,11.760090000000002,269362293453186
1774163256753,2026-03-22 07:07:36.753,69177.0,0.00017,B,11.760090000000002,574918508762227
1774163256753,2026-03-22 07:07:36.753,69178.0,7e-05,B,4.84246,331152592435314
1774163256956,2026-03-22 07:07:36.956,69178.0,8e-05,B,5.5342400000000005,150757433418798
1774163256956,2026-03-22 07:07:36.956,69178.0,0.00017,B,11.76026,1079953512949643
1774163256956,2026-03-22 07:07:36.956,69178.0,0.0002,B,13.835600000000001,684266249676510
1774163256956,2026-03-22 07:07:36.956,69179.0,0.00017,B,11.760430000000001,398417585855081
1774163256956,2026-03-22 07:07:36.956,69179.0,0.24938,B,17251.85902,332411188228444
1774163257565,2026-03-22 07:07:37.565,69178.0,0.00145,A,100.3081,1102207706648905
1774163257565,2026-03-22 07:07:37.565,69178.0,0.008,A,553.424,139463892406604
1774163258061,2026-03-22 07:07:38.061,69178.0,0.00022,A,15.21916,1014936500051513
1774163258061,2026-03-22 07:07:38.061,69179.0,0.00016,B,11.06864,1104222533026035
1774163258368,2026-03-22 07:07:38.368,69179.0,1e-05,B,0.69179,902769707600274
1774163258368,2026-03-22 07:07:38.368,69180.0,0.00017,B,11.7606,96871587802962
1774163258368,2026-03-22 07:07:38.368,69180.0,0.00015,B,10.376999999999999,960849023036551
1774163259029,2026-03-22 07:07:39.029,69182.0,0.00017,B,11.760940000000002,251571803025892
1774163259029,2026-03-22 07:07:39.029,69182.0,0.01011,B,699.4300199999999,1118624631444721
1774163259029,2026-03-22 07:07:39.029,69183.0,0.00017,B,11.76111,165024183908264
1774163259029,2026-03-22 07:07:39.029,69183.0,0.00015,B,10.37745,16522435089566
1774163259029,2026-03-22 07:07:39.029,69184.0,0.0101,B,698.7583999999999,327045337265773
1774163259172,2026-03-22 07:07:39.172,69183.0,0.0026,A,179.8758,291617939266341
1774163260361,2026-03-22 07:07:40.361,69184.0,0.04655,B,3220.5152000000003,970286622798713
1774163260361,2026-03-22 07:07:40.361,69184.0,0.00017,B,11.761280000000001,933026524655496
1774163260361,2026-03-22 07:07:40.361,69184.0,0.001,B,69.184,114833533869816
1774163260361,2026-03-22 07:07:40.361,69184.0,0.02513,B,1738.59392,137987743686282
1774163260786,2026-03-22 07:07:40.786,69183.0,0.08666,A,5995.39878,1001248708802821
1774163260786,2026-03-22 07:07:40.786,69183.0,0.13965,A,9661.40595,251963453180442
1774163260786,2026-03-22 07:07:40.786,69183.0,0.39253,A,27156.40299,781295632519426
1774163260786,2026-03-22 07:07:40.786,69183.0,0.34138,A,23617.69254,392114274862023
1774163260786,2026-03-22 07:07:40.786,69183.0,0.16642,A,11513.434860000001,900354919884919
1774163260786,2026-03-22 07:07:40.786,69183.0,0.96322,A,66638.44926,777636840290888
1774163260786,2026-03-22 07:07:40.786,69183.0,0.05934,A,4105.319219999999,963270825223182
1774163260786,2026-03-22 07:07:40.786,69183.0,0.10584,A,7322.32872,637813368085512
1774163260786,2026-03-22 07:07:40.786,69183.0,0.0744,A,5147.2152,398442014402625
1774163260786,2026-03-22 07:07:40.786,69183.0,0.15562,A,10766.258460000001,171043498942170
1774163260786,2026-03-22 07:07:40.786,69183.0,0.24098,A,16671.71934,572656634958696
1774163260786,2026-03-22 07:07:40.786,69183.0,0.57821,A,40002.30243,558391954408413
1774163260786,2026-03-22 07:07:40.786,69183.0,0.30142,A,20853.139860000003,629478650315949
1774163260786,2026-03-22 07:07:40.786,69183.0,0.24684,A,17077.13172,640761832074053
1774163260786,2026-03-22 07:07:40.786,69183.0,0.01503,A,1039.82049,474291583770261
1774163260786,2026-03-22 07:07:40.786,69183.0,0.07047,A,4875.326010000001,960319236375801
1774163260786,2026-03-22 07:07:40.786,69183.0,0.12351,A,8544.79233,752890185506657
1774163260786,2026-03-22 07:07:40.786,69183.0,0.1556,A,10764.8748,25153588771715
1774163260786,2026-03-22 07:07:40.786,69183.0,0.1492,A,10322.1036,618121623644563
1774163260786,2026-03-22 07:07:40.786,69183.0,0.9632,A,66637.0656,677411815043155
1774163260786,2026-03-22 07:07:40.786,69183.0,0.07156,A,4950.73548,929080287249847
1774163260786,2026-03-22 07:07:40.786,69183.0,0.19373,A,13402.822590000002,784464401357888
1774163260786,2026-03-22 07:07:40.786,69183.0,0.10985,A,7599.75255,380328752521250
1774163260786,2026-03-22 07:07:40.786,69183.0,0.12164,A,8415.42012,897645825808203
1774163260786,2026-03-22 07:07:40.786,69183.0,0.03921,A,2712.66543,811491787340035
1774163260786,2026-03-22 07:07:40.786,69183.0,0.06701,A,4635.95283,651579214533682
1774163260786,2026-03-22 07:07:40.786,69183.0,0.54894,A,37977.31602,365477091244804
1774163260786,2026-03-22 07:07:40.786,69183.0,0.07489,A,5181.114869999999,647944120154313
1774163260786,2026-03-22 07:07:40.786,69183.0,0.07489,A,5181.114869999999,639801755776994
1774163260786,2026-03-22 07:07:40.786,69183.0,0.07489,A,5181.114869999999,517925968222463
1774163260786,2026-03-22 07:07:40.786,69183.0,0.14977,A,10361.53791,1035704747280182
1774163260786,2026-03-22 07:07:40.786,69183.0,0.5,A,34591.5,767846342511153
1774163260786,2026-03-22 07:07:40.786,69183.0,0.21,A,14528.43,213366850277269
1774163260786,2026-03-22 07:07:40.786,69183.0,0.14707,A,10174.74381,337280435214749
1774163261327,2026-03-22 07:07:41.327,69184.0,0.00289,B,199.94176000000002,184035506878008
1774163261593,2026-03-22 07:07:41.593,69183.0,0.07878,A,5450.23674,860940866486173
1774163261770,2026-03-22 07:07:41.770,69184.0,2e-05,B,1.38368,23135217396483
1774163261846,2026-03-22 07:07:41.846,69184.0,0.00022,B,15.22048,703511408627160
1774163262377,2026-03-22 07:07:42.377,69184.0,0.00862,B,596.3660799999999,918055951208704
1774163262810,2026-03-22 07:07:42.810,69184.0,0.00357,B,246.98687999999999,897979423825199
1774163262810,2026-03-22 07:07:42.810,69184.0,0.03199,B,2213.19616,116664697645827
1774163263350,2026-03-22 07:07:43.350,69183.0,0.07567,A,5235.07761,1042569470577409
1774163263620,2026-03-22 07:07:43.620,69183.0,2e-05,A,1.3836600000000001,948278972545193
1774163264027,2026-03-22 07:07:44.027,69183.0,0.00416,A,287.80127999999996,786612728664591
1774163264224,2026-03-22 07:07:44.224,69184.0,0.00054,B,37.35936,36016114065047
1774163264357,2026-03-22 07:07:44.357,69184.0,0.06825,B,4721.808,499182886271957
1774163265024,2026-03-22 07:07:45.024,69184.0,0.00056,B,38.74303999999999,35373803953694
1774163265635,2026-03-22 07:07:45.635,69183.0,0.0443,A,3064.8069,48086131442835
1774163265635,2026-03-22 07:07:45.635,69183.0,0.03055,A,2113.54065,63545168388023
1774163267930,2026-03-22 07:07:47.930,69183.0,0.00738,A,510.57054,1078175385293218
1774163271960,2026-03-22 07:07:51.960,69183.0,0.00148,A,102.39084,210095551983020
1774163273503,2026-03-22 07:07:53.503,69183.0,0.31059,A,21487.54797,562389837628026
1774163273503,2026-03-22 07:07:53.503,69183.0,0.12877,A,8908.69491,279421800725929
1774163273503,2026-03-22 07:07:53.503,69183.0,0.80825,A,55917.15975,527741412882154
1774163273503,2026-03-22 07:07:53.503,69183.0,0.51948,A,35939.18484,449629045323891
1774163273503,2026-03-22 07:07:53.503,69183.0,0.14418,A,9974.80494,597636128827448
1774163273503,2026-03-22 07:07:53.503,69183.0,0.10118,A,6999.93594,402696894819283
1774163273503,2026-03-22 07:07:53.503,69183.0,0.1402,A,9699.4566,852599961748502
1774163273503,2026-03-22 07:07:53.503,69183.0,0.00631,A,436.54472999999996,93755527893078
1774163273503,2026-03-22 07:07:53.503,69183.0,0.1569,A,10854.8127,741954832937156
1774163273503,2026-03-22 07:07:53.503,69183.0,0.13028,A,9013.161240000001,513643398150719
1774163273503,2026-03-22 07:07:53.503,69183.0,0.5,A,34591.5,970684512367212
1774163273503,2026-03-22 07:07:53.503,69183.0,0.1,A,6918.3,604081157873964
1774163273503,2026-03-22 07:07:53.503,69183.0,1.0,A,69183.0,133322688890822
1774163273503,2026-03-22 07:07:53.503,69181.0,0.00015,A,10.377149999999999,86510775143340
1774163273503,2026-03-22 07:07:53.503,69181.0,0.05158,A,3568.3559800000003,60230058974984
1774163273503,2026-03-22 07:07:53.503,69180.0,0.09682,A,6698.0076,1010961455981588
1774163273503,2026-03-22 07:07:53.503,69180.0,0.05665,A,3919.047,175081650366330
1774163273503,2026-03-22 07:07:53.503,69179.0,0.00072,A,49.80888,610683078153842
1774163273503,2026-03-22 07:07:53.503,69178.0,0.0941,A,6509.6498,801457918735626
1774163273503,2026-03-22 07:07:53.503,69178.0,0.05218,A,3609.70804,140993936361647
1774163273503,2026-03-22 07:07:53.503,69178.0,0.00016,A,11.068480000000001,474705611820274
1774163273503,2026-03-22 07:07:53.503,69178.0,0.003,A,207.534,209112506627410
1774163273503,2026-03-22 07:07:53.503,69177.0,0.001,A,69.177,813800058820821
1774163273503,2026-03-22 07:07:53.503,69176.0,0.09575,A,6623.602,110083266282545
1774163273503,2026-03-22 07:07:53.503,69175.0,0.0527,A,3645.5224999999996,243473715561931
1774163273503,2026-03-22 07:07:53.503,69175.0,1.44557,A,99997.30475,422957484606890
1774163273503,2026-03-22 07:07:53.503,69174.0,0.066,A,4565.484,1059511311385448
1774163273503,2026-03-22 07:07:53.503,69174.0,0.00016,A,11.06784,131993744190728
1774163273503,2026-03-22 07:07:53.503,69174.0,0.41822,A,28929.950279999997,64713196731048
1774163273503,2026-03-22 07:07:53.503,69174.0,0.20226,A,13991.13324,802116175332364
1774163273503,2026-03-22 07:07:53.503,69173.0,0.2,A,13834.6,277102024393583
1774163273503,2026-03-22 07:07:53.503,69173.0,0.42544,A,29428.96112,804832535599553
1774163273503,2026-03-22 07:07:53.503,69173.0,0.08028,A,5553.20844,898141643381644
1774163273503,2026-03-22 07:07:53.503,69173.0,0.05129,A,3547.88317,1081108174813523
1774163273503,2026-03-22 07:07:53.503,69172.0,0.00023,A,15.90956,146031601665985
1774163273503,2026-03-22 07:07:53.503,69172.0,1.08444,A,75012.88368,977974571272558
1774163273503,2026-03-22 07:07:53.503,69172.0,0.066,A,4565.352,893468054701544
1774163273503,2026-03-22 07:07:53.503,69172.0,0.1326,A,9172.207199999999,232232458030090
1774163273503,2026-03-22 07:07:53.503,69172.0,0.003,A,207.516,1003116719326491
1774163273503,2026-03-22 07:07:53.503,69172.0,0.00015,A,10.3758,798220619256172
1774163273503,2026-03-22 07:07:53.503,69172.0,0.02323,A,1606.86556,1083857959454859
1774163273503,2026-03-22 07:07:53.503,69171.0,0.38818,A,26850.79878,262499434467463
1774163273503,2026-03-22 07:07:53.503,69171.0,0.04962,A,3432.26502,382968091035293
1774163273503,2026-03-22 07:07:53.503,69171.0,0.02612,A,1806.7465200000001,618254246462546
1774163273503,2026-03-22 07:07:53.503,69170.0,0.00016,A,11.067200000000001,182725353485897
1774163273503,2026-03-22 07:07:53.503,69170.0,0.55658,A,38498.6386,365931587377334
1774163273503,2026-03-22 07:07:53.503,69170.0,0.43891,A,30359.404700000003,1021203874412528
1774163273503,2026-03-22 07:07:53.503,69170.0,0.02114,A,1462.2538,225519053029076
1774163273503,2026-03-22 07:07:53.503,69170.0,0.001,A,69.17,1054681315229756
1774163273503,2026-03-22 07:07:53.503,69170.0,0.00989,A,684.0912999999999,861597740093099
1774163273503,2026-03-22 07:07:53.503,69170.0,0.21689,A,15002.2813,61742163361284
1774163273503,2026-03-22 07:07:53.503,69169.0,0.04154,A,2873.28026,539636183100560
1774163273503,2026-03-22 07:07:53.503,69169.0,0.72296,A,50006.42024000001,59739668159950
1774163273503,2026-03-22 07:07:53.503,69169.0,0.3478,A,24056.9782,1060480637587896
1774163273574,2026-03-22 07:07:53.574,69170.0,0.09559,B,6611.9603,66335052826317
1774163273574,2026-03-22 07:07:53.574,69170.0,0.09132,B,6316.6044,754844198780718
1774163273574,2026-03-22 07:07:53.574,69170.0,0.15724,B,10876.290799999999,590770029341571
1774163273574,2026-03-22 07:07:53.574,69170.0,0.03126,B,2162.2542000000003,827641383552670
1774163275042,2026-03-22 07:07:55.042,69169.0,0.00036,A,24.900840000000002,329301278819283
1774163275700,2026-03-22 07:07:55.700,69170.0,2e-05,B,1.3834000000000002,1029551862895076
1774163275753,2026-03-22 07:07:55.753,69170.0,0.04873,B,3370.6541,260764699456461
1774163276514,2026-03-22 07:07:56.514,69169.0,1e-05,A,0.69169,898884166539475
1774163277017,2026-03-22 07:07:57.017,69169.0,0.00017,A,11.758730000000002,186012632342482
1774163278347,2026-03-22 07:07:58.347,69169.0,0.00043,A,29.74267,454531951039701
1774163281061,2026-03-22 07:08:01.061,69169.0,0.00238,A,164.62222,1075256200162134
1774163281061,2026-03-22 07:08:01.061,69169.0,0.00029,A,20.05901,70257992718574
1774163281775,2026-03-22 07:08:01.775,69170.0,0.006,B,415.02,43220257603923
1774163282522,2026-03-22 07:08:02.522,69170.0,0.00145,B,100.2965,1092314998807502
1774163284078,2026-03-22 07:08:04.078,69169.0,0.00141,A,97.52829,807450945306545
1774163284078,2026-03-22 07:08:04.078,69170.0,0.05,B,3458.5,732129403266943
1774163285793,2026-03-22 07:08:05.793,69169.0,0.1569,A,10852.616100000001,907634464356442
1774163285793,2026-03-22 07:08:05.793,69169.0,0.1402,A,9697.4938,16945213272287
1774163285793,2026-03-22 07:08:05.793,69169.0,0.5,A,34584.5,214551321564038
1774163285793,2026-03-22 07:08:05.793,69169.0,0.20746,A,14349.80074,799054815434479
1774163285793,2026-03-22 07:08:05.793,69169.0,0.80825,A,55905.84425,222852817346275
1774163285793,2026-03-22 07:08:05.793,69169.0,0.09556,A,6609.789640000001,962000249197083
1774163285793,2026-03-22 07:08:05.793,69169.0,0.01444,A,998.80036,376649621091184
1774163285793,2026-03-22 07:08:05.793,69169.0,0.1,A,6916.900000000001,1075067457778311
1774163285793,2026-03-22 07:08:05.793,69169.0,0.14396,A,9957.56924,108324244776315
1774163285793,2026-03-22 07:08:05.793,69169.0,0.02891,A,1999.67579,739859177983971
1774163285793,2026-03-22 07:08:05.793,69169.0,1.44589,A,100010.76540999999,954221860939307
1774163285793,2026-03-22 07:08:05.793,69169.0,0.05187,A,3587.79603,1087469803062247
1774163285793,2026-03-22 07:08:05.793,69169.0,0.05665,A,3918.42385,607017306103665
1774163285793,2026-03-22 07:08:05.793,69169.0,0.09921,A,6862.256490000001,1013085359127406
1774163285793,2026-03-22 07:08:05.793,69169.0,0.01909,A,1320.4362099999998,332027431274197
1774163285793,2026-03-22 07:08:05.793,69169.0,0.35683,A,24681.574269999997,814445092807027
1774163285793,2026-03-22 07:08:05.793,69169.0,0.09286,A,6423.03334,928594952793728
1774163285793,2026-03-22 07:08:05.793,69169.0,0.0701,A,4848.7469,311260506153108
1774163285793,2026-03-22 07:08:05.793,69169.0,0.07353,A,5085.99657,232210491527124
1774163285793,2026-03-22 07:08:05.793,69169.0,0.05076,A,3511.01844,454107372385368
1774163285793,2026-03-22 07:08:05.793,69169.0,0.1025,A,7089.822499999999,54141479744294
1774163285793,2026-03-22 07:08:05.793,69169.0,0.01608,A,1112.2375200000001,775455257103788
1774163285793,2026-03-22 07:08:05.793,69169.0,0.43114,A,29821.522660000002,551811114908315
1774163285793,2026-03-22 07:08:05.793,69169.0,0.07392,A,5112.97248,199583438323218
1774163285793,2026-03-22 07:08:05.793,69169.0,0.03703,A,2561.32807,945939666428133
1774163285793,2026-03-22 07:08:05.793,69169.0,0.00658,A,455.13202,1012214531532241
1774163285793,2026-03-22 07:08:05.793,69169.0,0.02891,A,1999.67579,759426089993454
1774163285793,2026-03-22 07:08:05.793,69169.0,0.05782,A,3999.35158,1097998005042754
1774163285793,2026-03-22 07:08:05.793,69169.0,0.3,A,20750.7,843181982198500
1774163285793,2026-03-22 07:08:05.793,69169.0,0.1,A,6916.900000000001,834586412360362
1774163285793,2026-03-22 07:08:05.793,69169.0,0.06371,A,4406.75699,277004710624379
1774163285793,2026-03-22 07:08:05.793,69169.0,0.0672,A,4648.1568,320782003322583
1774163285793,2026-03-22 07:08:05.793,69169.0,0.06392,A,4421.282480000001,571255051151600
1774163285793,2026-03-22 07:08:05.793,69169.0,0.1,A,6916.900000000001,116724625399548
1774163285793,2026-03-22 07:08:05.793,69169.0,0.07409,A,5124.73121,131587478158054
1774163285793,2026-03-22 07:08:05.793,69169.0,0.06751,A,4669.59919,1123634335511423
1774163285793,2026-03-22 07:08:05.793,69169.0,0.07158,A,4951.117020000001,1077580824689140
1774163285793,2026-03-22 07:08:05.793,69168.0,0.04045,A,2797.8456,282352436924489
1774163285793,2026-03-22 07:08:05.793,69168.0,0.02289,A,1583.25552,173924334835758
1774163285793,2026-03-22 07:08:05.793,69167.0,0.00016,A,11.06672,1119273157957704
1774163285793,2026-03-22 07:08:05.793,69167.0,0.00022,A,15.21674,567768095722987
1774163285793,2026-03-22 07:08:05.793,69167.0,0.09342,A,6461.58114,238235276265624
1774163285793,2026-03-22 07:08:05.793,69167.0,0.05212,A,3604.98404,838408717762912
1774163285793,2026-03-22 07:08:05.793,69167.0,0.01011,A,699.27837,1007090426349168
1774163285793,2026-03-22 07:08:05.793,69167.0,0.02241,A,1550.0324699999999,538167838597088
1774163285793,2026-03-22 07:08:05.793,69166.0,0.00017,A,11.758220000000001,102858281335391
1774163285793,2026-03-22 07:08:05.793,69166.0,0.13403,A,9270.31898,125946709853680
1774163285793,2026-03-22 07:08:05.793,69166.0,1.44577,A,99998.12782,1090853044964663
1774163285793,2026-03-22 07:08:05.793,69166.0,0.04935,A,3413.3421,721299972402221
1774163285793,2026-03-22 07:08:05.793,69166.0,0.2,A,13833.2,83623745262191
1774163285793,2026-03-22 07:08:05.793,69165.0,0.00072,A,49.7988,85066191406547
1774163285793,2026-03-22 07:08:05.793,69165.0,1.08454,A,75012.20910000001,186084139404422
1774163285793,2026-03-22 07:08:05.793,69164.0,0.34883,A,24126.47812,762237030169599
1774163285793,2026-03-22 07:08:05.793,69164.0,0.003,A,207.492,932562826241808
1774163285793,2026-03-22 07:08:05.793,69164.0,0.08124,A,5618.883360000001,349162864441654
1774163285793,2026-03-22 07:08:05.793,69164.0,0.72303,A,50007.64692,363429476618787
1774163285793,2026-03-22 07:08:05.793,69164.0,0.00143,A,98.90452,267839529381949
1774163285793,2026-03-22 07:08:05.793,69164.0,0.95884,A,66317.20976,292165770581459
1774163287102,2026-03-22 07:08:07.102,69161.0,0.00017,B,11.757370000000002,749659766746535
1774163288032,2026-03-22 07:08:08.032,69160.0,0.00021,A,14.5236,252714754904354
1774163288032,2026-03-22 07:08:08.032,69161.0,0.00016,B,11.065760000000001,1066128593798626
1774163288241,2026-03-22 07:08:08.241,69160.0,6e-05,A,4.1496,1046638368962763
1774163288241,2026-03-22 07:08:08.241,69159.0,0.00016,A,11.06544,597628097991091
1774163289218,2026-03-22 07:08:09.218,69156.0,0.00034,A,23.51304,1022637691687465
1774163290720,2026-03-22 07:08:10.720,69155.0,0.005,B,345.77500000000003,744543665652463
1774163293617,2026-03-22 07:08:13.617,69155.0,0.00015,B,10.373249999999999,1060969701223926
1774163294019,2026-03-22 07:08:14.019,69154.0,0.00416,A,287.68064,939568555617969
1774163294019,2026-03-22 07:08:14.019,69154.0,0.00022,A,15.213880000000001,579102369997038
1774163295030,2026-03-22 07:08:15.030,69155.0,0.00057,B,39.41835,1059566072770577
1774163297095,2026-03-22 07:08:17.095,69155.0,0.00933,B,645.21615,469810690515081
1774163297695,2026-03-22 07:08:17.695,69154.0,0.00036,A,24.89544,96010974948311
1774163298973,2026-03-22 07:08:18.973,69154.0,0.00022,A,15.213880000000001,586447449567945
1774163302526,2026-03-22 07:08:22.526,69152.0,0.00016,A,11.06432,735245114855889
1774163302526,2026-03-22 07:08:22.526,69152.0,0.00015,A,10.3728,993559739827820
1774163302526,2026-03-22 07:08:22.526,69152.0,0.3271,A,22619.6192,980393393221609
1774163302526,2026-03-22 07:08:22.526,69152.0,0.01148,A,793.86496,999737514526242
1774163304344,2026-03-22 07:08:24.344,69150.0,1.0,A,69150.0,191522124027877
1774163304344,2026-03-22 07:08:24.344,69150.0,0.00017,A,11.755500000000001,509828345003143
1774163304344,2026-03-22 07:08:24.344,69148.0,0.00016,A,11.063680000000002,911150482557375
1774163304344,2026-03-22 07:08:24.344,69148.0,0.00017,A,11.75516,2269216210920
1774163304344,2026-03-22 07:08:24.344,69146.0,0.003,A,207.43800000000002,842307729964533
1774163304344,2026-03-22 07:08:24.344,69146.0,0.00015,A,10.371899999999998,920973996651089
1774163304344,2026-03-22 07:08:24.344,69146.0,0.00017,A,11.75482,899611627378276
1774163304780,2026-03-22 07:08:24.780,69145.0,0.00016,A,11.0632,20139617077549
1774163304780,2026-03-22 07:08:24.780,69145.0,0.00017,A,11.754650000000002,344890439451169
1774163304780,2026-03-22 07:08:24.780,69144.0,0.00067,A,46.326480000000004,421657677032792
1774163304984,2026-03-22 07:08:24.984,69144.0,0.00233,A,161.10552,288595348981286
1774163304984,2026-03-22 07:08:24.984,69144.0,0.00017,A,11.754480000000001,197407621820211
1774163304984,2026-03-22 07:08:24.984,69143.0,0.00017,A,11.75431,504912376827238
1774163305022,2026-03-22 07:08:25.022,69142.0,0.00017,A,11.754140000000001,849465474459586
1774163305022,2026-03-22 07:08:25.022,69141.0,0.00015,A,10.371149999999998,631330127530430
1774163305022,2026-03-22 07:08:25.022,69141.0,4e-05,A,2.7656400000000003,20781420713283
1774163305299,2026-03-22 07:08:25.299,69141.0,0.00013,A,8.98833,47054758320764
1774163305299,2026-03-22 07:08:25.299,69140.0,0.00017,A,11.7538,563057215527482
1774163305299,2026-03-22 07:08:25.299,69139.0,0.00017,A,11.753630000000001,134769907745049
1774163305299,2026-03-22 07:08:25.299,69138.0,0.00022,A,15.21036,264709242424125
1774163305299,2026-03-22 07:08:25.299,69138.0,0.00017,A,11.75346,786130772953490
1774163305299,2026-03-22 07:08:25.299,69137.0,0.00016,A,11.06192,376000719378871
1774163305299,2026-03-22 07:08:25.299,69137.0,0.00017,A,11.753290000000002,612799135028092
1774163307029,2026-03-22 07:08:27.029,69136.0,0.00017,A,11.753120000000001,716207600800859
1774163307340,2026-03-22 07:08:27.340,69137.0,0.01,B,691.37,232073404024826
1774163307789,2026-03-22 07:08:27.789,69136.0,0.04331,A,2994.2801600000003,667316733333073
1774163308393,2026-03-22 07:08:28.393,69136.0,0.00063,A,43.55568,480929257667086
1774163309509,2026-03-22 07:08:29.509,69136.0,0.00017,A,11.753120000000001,588434258486646
1774163310916,2026-03-22 07:08:30.916,69135.0,0.02,A,1382.7,40973651164278
1774163310916,2026-03-22 07:08:30.916,69135.0,0.00017,A,11.75295,907021488486391
1774163310916,2026-03-22 07:08:30.916,69135.0,0.003,A,207.405,705373752094555
1774163311034,2026-03-22 07:08:31.034,69134.0,0.00016,A,11.061440000000001,69169259001941
1774163311034,2026-03-22 07:08:31.034,69134.0,0.00017,A,11.752780000000001,1073530165380470
1774163311034,2026-03-22 07:08:31.034,69133.0,0.00017,A,11.75261,773127506353333
1774163311034,2026-03-22 07:08:31.034,69133.0,0.00188,A,129.97003999999998,900235145147155
1774163311637,2026-03-22 07:08:31.637,69133.0,0.15457,B,10685.88781,1884436723350
1774163311637,2026-03-22 07:08:31.637,69133.0,0.08123,B,5615.673589999999,213025042121714
1774163311637,2026-03-22 07:08:31.637,69133.0,0.08507,B,5881.144310000001,1005249656705915
1774163311637,2026-03-22 07:08:31.637,69133.0,0.12792,B,8843.49336,309386564385319
1774163311637,2026-03-22 07:08:31.637,69133.0,0.23321,B,16122.50693,997784536008200
1774163311637,2026-03-22 07:08:31.637,69133.0,0.318,B,21984.294,188954793334330
1774163314057,2026-03-22 07:08:34.057,69132.0,0.00017,A,11.75244,449056348091031
1774163314057,2026-03-22 07:08:34.057,69132.0,0.00125,A,86.415,562585115977468
1774163314686,2026-03-22 07:08:34.686,69133.0,0.00028,B,19.357239999999997,244716902317774
1774163318035,2026-03-22 07:08:38.035,69132.0,0.00019,A,13.13508,598307294987385
1774163318035,2026-03-22 07:08:38.035,69133.0,0.00016,B,11.061280000000002,1071146620572411
1774163319591,2026-03-22 07:08:39.591,69132.0,0.02749,A,1900.43868,259107287732532
1774163319591,2026-03-22 07:08:39.591,69132.0,0.14449,A,9988.88268,519449212555712
1774163319591,2026-03-22 07:08:39.591,69132.0,0.1,A,6913.200000000001,789201621708298
1774163319591,2026-03-22 07:08:39.591,69132.0,0.01188,A,821.28816,89770055424446
1774163319591,2026-03-22 07:08:39.591,69132.0,0.00017,A,11.75244,407254927627729
1774163319591,2026-03-22 07:08:39.591,69132.0,0.07683,A,5311.41156,59544431058952
1774163319591,2026-03-22 07:08:39.591,69132.0,0.17798,A,12304.11336,1116005597848971
1774163319591,2026-03-22 07:08:39.591,69132.0,0.06773,A,4682.3103599999995,763485154131416
1774163319591,2026-03-22 07:08:39.591,69132.0,0.07425,A,5133.0509999999995,385406546278985
1774163319591,2026-03-22 07:08:39.591,69132.0,0.07264,A,5021.748479999999,870273262150423
1774163319591,2026-03-22 07:08:39.591,69132.0,0.07496,A,5182.13472,889706320119880
1774163319591,2026-03-22 07:08:39.591,69132.0,0.07675,A,5305.881,503223641917388
1774163319591,2026-03-22 07:08:39.591,69132.0,0.01722,A,1190.4530399999999,1008482130582996
1774163319591,2026-03-22 07:08:39.591,69132.0,0.03709,A,2564.10588,715246274485837
1774163319591,2026-03-22 07:08:39.591,69132.0,0.06075,A,4199.769,109414740108069
1774163319591,2026-03-22 07:08:39.591,69132.0,0.07228,A,4996.86096,634413354582181
1774163319591,2026-03-22 07:08:39.591,69132.0,0.04876,A,3370.87632,780968307227793
1774163319591,2026-03-22 07:08:39.591,69132.0,0.06791,A,4694.75412,875792967760267
1774163319591,2026-03-22 07:08:39.591,69132.0,0.06631,A,4584.142919999999,609035317892166
1774163319591,2026-03-22 07:08:39.591,69132.0,0.09205,A,6363.600600000001,950546944131657
1774163319591,2026-03-22 07:08:39.591,69132.0,0.07218,A,4989.94776,378553158624746
1774163319591,2026-03-22 07:08:39.591,69132.0,0.07581,A,5240.89692,535097688469922
1774163319591,2026-03-22 07:08:39.591,69132.0,0.07532,A,5207.02224,408710105087778
1774163319591,2026-03-22 07:08:39.591,69132.0,0.06662,A,4605.57384,146452432321903
1774163319591,2026-03-22 07:08:39.591,69132.0,0.07793,A,5387.45676,904885417098406
1774163319591,2026-03-22 07:08:39.591,69132.0,0.11571,A,7999.26372,48775738751083
1774163319591,2026-03-22 07:08:39.591,69131.0,0.00017,A,11.752270000000001,852990163007917
1774163319591,2026-03-22 07:08:39.591,69131.0,0.0063,A,435.5253,321818819028007
1774163319591,2026-03-22 07:08:39.591,69130.0,0.00016,A,11.0608,358697620134749
1774163319591,2026-03-22 07:08:39.591,69130.0,0.05179,A,3580.2427000000002,509154447045199
1774163319591,2026-03-22 07:08:39.591,69130.0,0.09497,A,6565.2761,394455027494593
1774163319591,2026-03-22 07:08:39.591,69130.0,0.00017,A,11.7521,658531163681740
1774163319591,2026-03-22 07:08:39.591,69129.0,0.00017,A,11.751930000000002,188515548882643
1774163319591,2026-03-22 07:08:39.591,69128.0,0.00145,A,100.23559999999999,152789549640295
1774163319591,2026-03-22 07:08:39.591,69128.0,0.00017,A,11.75176,40339818412219
1774163319591,2026-03-22 07:08:39.591,69128.0,0.09746,A,6737.21488,467644020573109
1774163319591,2026-03-22 07:08:39.591,69127.0,0.00017,A,11.75159,515522093731242
1774163319591,2026-03-22 07:08:39.591,69127.0,0.05665,A,3916.04455,983026860571631
1774163319591,2026-03-22 07:08:39.591,69127.0,0.00017,A,11.75159,271102999293755
1774163319591,2026-03-22 07:08:39.591,69126.0,0.00016,A,11.060160000000002,425488690154416
1774163319591,2026-03-22 07:08:39.591,69126.0,0.00017,A,11.751420000000001,864997414029475
1774163319591,2026-03-22 07:08:39.591,69126.0,0.14057,A,9717.04182,574071403142720
1774163319591,2026-03-22 07:08:39.591,69126.0,0.003,A,207.37800000000001,757008729947513
1774163319591,2026-03-22 07:08:39.591,69126.0,1.44662,A,99999.05412,12163036778324
1774163319591,2026-03-22 07:08:39.591,69126.0,0.21702,A,15001.72452,1106321273349383
1774163319591,2026-03-22 07:08:39.591,69126.0,0.05606,A,3875.20356,175716073744664
1774163319591,2026-03-22 07:08:39.591,69126.0,0.04394,A,3037.39644,4803845475359
1774163319591,2026-03-22 07:08:39.591,69126.0,0.1,A,6912.6,559515382732882
1774163319591,2026-03-22 07:08:39.591,69125.0,0.00017,A,11.75125,683483493105452
1774163319591,2026-03-22 07:08:39.591,69125.0,0.02119,A,1464.75875,1067384596939695
1774163319591,2026-03-22 07:08:39.591,69125.0,0.02893,A,1999.78625,1008079173385151
1774163319591,2026-03-22 07:08:39.591,69125.0,0.003,A,207.375,498602599118411
1774163319591,2026-03-22 07:08:39.591,69124.0,0.00017,A,11.75108,217991294739825
1774163319591,2026-03-22 07:08:39.591,69124.0,0.02026,A,1400.45224,92889287700446
1774163319591,2026-03-22 07:08:39.591,69124.0,0.72341,A,50004.99284,20269277470007
1774163319591,2026-03-22 07:08:39.591,69123.0,0.00016,A,11.05968,930112616600834
1774163319591,2026-03-22 07:08:39.591,69123.0,0.03426,A,2368.15398,647978315568969
1774163319989,2026-03-22 07:08:39.989,69126.0,0.01275,A,881.3565,1105360154300762
1774163319989,2026-03-22 07:08:39.989,69126.0,0.05606,A,3875.20356,1030806956048361
1774163319989,2026-03-22 07:08:39.989,69126.0,0.03119,A,2156.03994,632600344335770
1774163321038,2026-03-22 07:08:41.038,69129.0,0.00034,B,23.503860000000003,639850763988748
1774163321260,2026-03-22 07:08:41.260,69128.0,0.00028,A,19.355839999999997,481542973878599
1774163322265,2026-03-22 07:08:42.265,69128.0,0.01417,A,979.54376,840310315992922
1774163322265,2026-03-22 07:08:42.265,69128.0,1.75602,A,121390.15056,177758096275048
1774163322265,2026-03-22 07:08:42.265,69128.0,0.1046,A,7230.7888,764090062843827
1774163322265,2026-03-22 07:08:42.265,69128.0,0.00289,A,199.77992,357084442010939
1774163322265,2026-03-22 07:08:42.265,69128.0,0.05569,A,3849.7383200000004,367683564719535
1774163322265,2026-03-22 07:08:42.265,69128.0,0.43114,A,29803.845920000003,236604782162515
1774163322265,2026-03-22 07:08:42.265,69128.0,0.05556,A,3840.75168,552965057678276
1774163322265,2026-03-22 07:08:42.265,69128.0,0.00017,A,11.75176,512544042217036
1774163322265,2026-03-22 07:08:42.265,69128.0,0.01658,A,1146.1422400000001,528129464902638
1774163322265,2026-03-22 07:08:42.265,69128.0,0.1084,A,7493.4752,242963378749650
1774163322265,2026-03-22 07:08:42.265,69128.0,0.5,A,34564.0,356845785173065
1774163322265,2026-03-22 07:08:42.265,69128.0,0.02893,A,1999.87304,621356191902231
1774163322265,2026-03-22 07:08:42.265,69128.0,0.0704,A,4866.6112,361628188965383
1774163322265,2026-03-22 07:08:42.265,69128.0,0.0004,A,27.651200000000003,1042506511315754
1774163322265,2026-03-22 07:08:42.265,69128.0,0.07234,A,5000.719520000001,967943604952701
1774163322265,2026-03-22 07:08:42.265,69128.0,0.03404,A,2353.11712,963132269362439
1774163322265,2026-03-22 07:08:42.265,69128.0,0.14432,A,9976.55296,881978443408117
1774163322265,2026-03-22 07:08:42.265,69128.0,0.1,A,6912.8,43827852158312
1774163322265,2026-03-22 07:08:42.265,69128.0,0.07939,A,5488.07192,655981955748363
1774163322265,2026-03-22 07:08:42.265,69128.0,0.05441,A,3761.25448,653176837646373
1774163322265,2026-03-22 07:08:42.265,69128.0,0.05063,A,3499.95064,166131691247563
1774163322265,2026-03-22 07:08:42.265,69128.0,0.03969,A,2743.69032,551357754588652
1774163322265,2026-03-22 07:08:42.265,69128.0,0.07678,A,5307.64784,188244454053820
1774163322265,2026-03-22 07:08:42.265,69128.0,0.10757,A,7436.09896,376553146745452
1774163322265,2026-03-22 07:08:42.265,69127.0,1.09588,A,75754.89676,41865131934063
1774163322393,2026-03-22 07:08:42.393,69129.0,0.00028,B,19.356119999999997,955436767083813
1774163322998,2026-03-22 07:08:42.998,69128.0,0.00017,A,11.75176,450698455834162
1774163323061,2026-03-22 07:08:43.061,69127.0,0.00017,A,11.75159,445078536005008
1774163323061,2026-03-22 07:08:43.061,69126.0,0.00017,A,11.751420000000001,684890891771486
1774163323679,2026-03-22 07:08:43.679,69125.0,0.00017,A,11.75125,662828717486448
1774163323827,2026-03-22 07:08:43.827,69124.0,0.00017,A,11.75108,631210945116558
1774163323993,2026-03-22 07:08:43.993,69123.0,0.00017,A,11.750910000000001,176394170951054
1774163323993,2026-03-22 07:08:43.993,69123.0,0.00016,A,11.05968,314981198203268
1774163323993,2026-03-22 07:08:43.993,69122.0,0.00017,A,11.75074,861482239607131
1774163323993,2026-03-22 07:08:43.993,69122.0,0.00095,A,65.6659,31082402815000
1774163324062,2026-03-22 07:08:44.062,69122.0,0.00205,A,141.70010000000002,991749234078617
1774163324062,2026-03-22 07:08:44.062,69121.0,0.00017,A,11.750570000000002,784843216856230
1774163324062,2026-03-22 07:08:44.062,69120.0,0.00016,A,11.0592,441081031663376
1774163324062,2026-03-22 07:08:44.062,69120.0,0.00017,A,11.7504,939174129171483
1774163324062,2026-03-22 07:08:44.062,69119.0,0.00016,A,11.059040000000001,57819870163068
1774163324062,2026-03-22 07:08:44.062,69119.0,0.00017,A,11.75023,771802336225691
1774163324062,2026-03-22 07:08:44.062,69118.0,0.00027,A,18.66186,9139184802921
1774163324062,2026-03-22 07:08:44.062,69118.0,0.00017,A,11.750060000000001,384661115088129
1774163324062,2026-03-22 07:08:44.062,69118.0,0.00084,A,58.05912,157570288790778
1774163324644,2026-03-22 07:08:44.644,69118.0,0.00216,A,149.29488,722566288944591
1774163324644,2026-03-22 07:08:44.644,69118.0,0.00049,A,33.86782,12111979440803
1774163325045,2026-03-22 07:08:45.045,69119.0,0.00056,B,38.70664,573849452038890
1774163325045,2026-03-22 07:08:45.045,69118.0,0.00027,A,18.66186,1001509660878073
1774163326915,2026-03-22 07:08:46.915,69118.0,0.00017,A,11.750060000000001,901190545920073
1774163327760,2026-03-22 07:08:47.760,69118.0,0.00072,A,49.76496,129445287160930
1774163328080,2026-03-22 07:08:48.080,69118.0,0.00017,A,11.750060000000001,993544873653118
1774163328652,2026-03-22 07:08:48.652,69118.0,0.00025,A,17.2795,110907582037362
1774163328897,2026-03-22 07:08:48.897,69118.0,0.01,A,691.1800000000001,900610977384548
1774163329570,2026-03-22 07:08:49.570,69119.0,0.00084,B,58.059960000000004,937450873790083
1774163330926,2026-03-22 07:08:50.926,69118.0,0.08121,A,5613.07278,388895804287640
1774163330926,2026-03-22 07:08:50.926,69118.0,0.02893,A,1999.58374,826107892006841
1774163330926,2026-03-22 07:08:50.926,69118.0,0.07406,A,5118.87908,1018069105591758
1774163330926,2026-03-22 07:08:50.926,69118.0,0.21121,A,14598.41278,688019812671434
1774163332176,2026-03-22 07:08:52.176,69119.0,0.0404,B,2792.4076,513555860204146
1774163333153,2026-03-22 07:08:53.153,69119.0,0.00044,B,30.41236,921839324444528
1774163333293,2026-03-22 07:08:53.293,69119.0,0.0824,B,5695.4056,716403833154560
1774163333293,2026-03-22 07:08:53.293,69119.0,0.09417,B,6508.93623,961069552786214
1774163333293,2026-03-22 07:08:53.293,69119.0,0.14369,B,9931.709110000002,1100434994830431
1774163335121,2026-03-22 07:08:55.121,69118.0,0.00036,A,24.88248,1103318715447887
1774163335579,2026-03-22 07:08:55.579,69119.0,0.00145,B,100.22255,276820153301031
1774163337016,2026-03-22 07:08:57.016,69118.0,0.00017,A,11.750060000000001,544910344876020
1774163339429,2026-03-22 07:08:59.429,69118.0,0.00044,A,30.411920000000002,72869900669937
1774163339957,2026-03-22 07:08:59.957,69118.0,0.0006,A,41.4708,403041575826332
1774163341037,2026-03-22 07:09:01.037,69118.0,0.00238,A,164.50084,101240303871121
1774163342043,2026-03-22 07:09:02.043,69119.0,0.01021,B,705.7049900000001,832128928627245
1774163342180,2026-03-22 07:09:02.180,69118.0,7e-05,A,4.83826,7054584925092
1774163342244,2026-03-22 07:09:02.244,69118.0,0.00332,A,229.47176,988231323979184
1774163344056,2026-03-22 07:09:04.056,69118.0,0.00142,A,98.14756,110112640972589
1774163345193,2026-03-22 07:09:05.193,69118.0,0.0644,A,4451.1992,289418603856751
1774163346033,2026-03-22 07:09:06.033,69119.0,0.001,B,69.119,147422273306879
1774163346871,2026-03-22 07:09:06.871,69119.0,7e-05,B,4.83833,649283265697200
1774163348032,2026-03-22 07:09:08.032,69118.0,0.00018,A,12.44124,145138961986656
1774163348032,2026-03-22 07:09:08.032,69119.0,0.00016,B,11.059040000000001,416552986035889
1774163348032,2026-03-22 07:09:08.032,69119.0,0.00035,B,24.19165,754278741339476
1774163348082,2026-03-22 07:09:08.082,69118.0,0.00029,A,20.04422,739917228923623
1774163348173,2026-03-22 07:09:08.173,69119.0,0.05787,B,3999.91653,696171554190111
1774163348343,2026-03-22 07:09:08.343,69118.0,0.00991,A,684.95938,30318194552674
1774163349043,2026-03-22 07:09:09.043,69119.0,0.0207,B,1430.7633,1001821134665598
1774163349589,2026-03-22 07:09:09.589,69118.0,0.00048,A,33.17664,240536013182505
1774163350119,2026-03-22 07:09:10.119,69119.0,0.00016,B,11.059040000000001,480260708257797
1774163350605,2026-03-22 07:09:10.605,69118.0,0.01086,A,750.62148,957633597501089
1774163351815,2026-03-22 07:09:11.815,69118.0,0.14456,A,9991.69808,652441533869483
1774163354031,2026-03-22 07:09:14.031,69118.0,0.00415,A,286.8397,31640039478115
1774163355099,2026-03-22 07:09:15.099,69119.0,0.00057,B,39.39783,319041622107121
1774163357863,2026-03-22 07:09:17.863,69119.0,0.00202,B,139.62038,267205815849572
1774163361160,2026-03-22 07:09:21.160,69119.0,0.00781,B,539.81939,373089610208151
1774163362646,2026-03-22 07:09:22.646,69119.0,0.00015,B,10.367849999999999,698322468674843
1774163365056,2026-03-22 07:09:25.056,69118.0,0.00036,A,24.88248,208955235378808
1774163367097,2026-03-22 07:09:27.097,69118.0,0.00017,A,11.750060000000001,657307219935897
1774163367708,2026-03-22 07:09:27.708,69118.0,0.0092,A,635.8856,1092829436632960
1774163368294,2026-03-22 07:09:28.294,69118.0,0.01,A,691.1800000000001,286774873408043
1774163369296,2026-03-22 07:09:29.296,69118.0,0.0264,A,1824.7152,37348853235426
1774163370726,2026-03-22 07:09:30.726,69119.0,0.00017,B,11.75023,302771088666983
1774163370726,2026-03-22 07:09:30.726,69119.0,0.05683,B,3928.03277,570094127056924
1774163371021,2026-03-22 07:09:31.021,69118.0,0.00238,A,164.50084,516181825196322
1774163372142,2026-03-22 07:09:32.142,69119.0,0.00017,B,11.75023,500338758787004
1774163372570,2026-03-22 07:09:32.570,69118.0,0.004,A,276.472,77129084330010
1774163374036,2026-03-22 07:09:34.036,69118.0,0.00142,A,98.14756,319116669156829
1774163374168,2026-03-22 07:09:34.168,69119.0,0.01789,B,1236.53891,501458314918269
1774163378062,2026-03-22 07:09:38.062,69118.0,0.00017,A,11.750060000000001,197549409962686
1774163383744,2026-03-22 07:09:43.744,69119.0,0.00055,B,38.01545,889171670358876
1774163384146,2026-03-22 07:09:44.146,69118.0,0.00416,A,287.53087999999997,117360246660563
1774163385107,2026-03-22 07:09:45.107,69119.0,0.00057,B,39.39783,1044392751080979
1774163385527,2026-03-22 07:09:45.527,69118.0,0.01002,A,692.56236,117142014528149
1774163387398,2026-03-22 07:09:47.398,69118.0,0.01002,A,692.56236,597627298484905
1774163389202,2026-03-22 07:09:49.202,69118.0,0.01003,A,693.25354,968116749231571
1774163391014,2026-03-22 07:09:51.014,69118.0,0.01002,A,692.56236,1084687803605338
1774163392848,2026-03-22 07:09:52.848,69118.0,0.01003,A,693.25354,347214120932289
1774163394652,2026-03-22 07:09:54.652,69118.0,0.01002,A,692.56236,342164367085516
1774163395033,2026-03-22 07:09:55.033,69118.0,0.00036,A,24.88248,1029193124925088
1774163396307,2026-03-22 07:09:56.307,69118.0,1.04401,A,72159.88318,55962480085461
1774163396307,2026-03-22 07:09:56.307,69118.0,0.18375,A,12700.432499999999,3136153111186
1774163396307,2026-03-22 07:09:56.307,69117.0,0.00017,A,11.74989,346704829608408
1774163396307,2026-03-22 07:09:56.307,69117.0,0.00015,A,10.36755,375245304649290
1774163396307,2026-03-22 07:09:56.307,69116.0,0.00017,A,11.749720000000002,703858350985151
1774163396307,2026-03-22 07:09:56.307,69115.0,0.00016,A,11.0584,751976745122340
1774163396307,2026-03-22 07:09:56.307,69115.0,0.00027,A,18.66105,197630987930358
1774163396307,2026-03-22 07:09:56.307,69115.0,0.00017,A,11.749550000000001,1041648391829130
1774163396307,2026-03-22 07:09:56.307,69114.0,0.00017,A,11.74938,590424044148452
1774163396307,2026-03-22 07:09:56.307,69113.0,0.00017,A,11.749210000000001,893929874079976
1774163396307,2026-03-22 07:09:56.307,69113.0,0.003,A,207.339,1091210437392041
1774163396307,2026-03-22 07:09:56.307,69112.0,0.00016,A,11.057920000000001,887532292659961
1774163396307,2026-03-22 07:09:56.307,69112.0,0.00017,A,11.74904,957279603211445
1774163396307,2026-03-22 07:09:56.307,69112.0,0.00123,A,85.00776,1099021153346147
1774163396307,2026-03-22 07:09:56.307,69111.0,0.00017,A,11.74887,619295628301142
1774163396307,2026-03-22 07:09:56.307,69110.0,0.00017,A,11.748700000000001,150695528046061
1774163396307,2026-03-22 07:09:56.307,69110.0,0.00402,A,277.8222,853367608592233
1774163397622,2026-03-22 07:09:57.622,69111.0,0.006,B,414.666,546722957712595
1774163398095,2026-03-22 07:09:58.095,69110.0,0.00873,A,603.3303,1120663758371189
1774163398095,2026-03-22 07:09:58.095,69110.0,0.00129,A,89.1519,129865606354307
1774163399976,2026-03-22 07:09:59.976,69110.0,0.01003,A,693.1733,852633063668934
1774163400081,2026-03-22 07:10:00.081,69110.0,0.03136,A,2167.2896,569281719808974
1774163400081,2026-03-22 07:10:00.081,69110.0,0.04457,A,3080.2327,619918237248310
1774163400081,2026-03-22 07:10:00.081,69110.0,0.00402,A,277.8222,1077234612310023
1774163400081,2026-03-22 07:10:00.081,69110.0,0.05949,A,4111.3539,166490023085889
1774163400081,2026-03-22 07:10:00.081,69110.0,0.06127,A,4234.3697,289914964199793
1774163400081,2026-03-22 07:10:00.081,69110.0,0.10013,A,6919.9843,1070088661250419
1774163400081,2026-03-22 07:10:00.081,69110.0,0.00129,A,89.1519,856379743959883
1774163400081,2026-03-22 07:10:00.081,69110.0,0.00873,A,603.3303,205361947126712
1774163400081,2026-03-22 07:10:00.081,69109.0,0.00017,A,11.74853,139572106544459
1774163400081,2026-03-22 07:10:00.081,69109.0,0.02893,A,1999.32337,442170002826477
1774163400081,2026-03-22 07:10:00.081,69109.0,0.07519,A,5196.3057100000005,745813117226568
1774163400081,2026-03-22 07:10:00.081,69108.0,0.00016,A,11.05728,540542145054440
1774163400081,2026-03-22 07:10:00.081,69108.0,0.00017,A,11.748360000000002,13082810560556
1774163400081,2026-03-22 07:10:00.081,69108.0,0.003,A,207.324,812924765290673
1774163400081,2026-03-22 07:10:00.081,69108.0,0.0063,A,435.3804,326593474078339
1774163400081,2026-03-22 07:10:00.081,69107.0,0.00017,A,11.748190000000001,84811723810314
1774163400081,2026-03-22 07:10:00.081,69107.0,0.05138,A,3550.7176600000003,1117756668104193
1774163400081,2026-03-22 07:10:00.081,69107.0,0.10106,A,6983.95342,936044927488048
1774163400081,2026-03-22 07:10:00.081,69106.0,0.00017,A,11.74802,736402939432468
1774163400081,2026-03-22 07:10:00.081,69105.0,0.00017,A,11.747850000000001,1021907658768391
1774163400081,2026-03-22 07:10:00.081,69105.0,0.09913,A,6850.37865,305237358172658
1774163400081,2026-03-22 07:10:00.081,69105.0,0.05347,A,3695.0443499999997,726797159998134
1774163400081,2026-03-22 07:10:00.081,69104.0,0.00016,A,11.056640000000002,845004552903132
1774163400081,2026-03-22 07:10:00.081,69104.0,0.00017,A,11.74768,213467531394007
1774163400081,2026-03-22 07:10:00.081,69104.0,0.05665,A,3914.7416,286903770044258
1774163400081,2026-03-22 07:10:00.081,69103.0,0.01338,A,924.59814,797131336240563
1774163400081,2026-03-22 07:10:00.081,69103.0,0.01275,A,881.0632499999999,169494111616047
1774163400081,2026-03-22 07:10:00.081,69103.0,0.02487,A,1718.59161,790496203286184
1774163400081,2026-03-22 07:10:00.081,69103.0,0.05606,A,3873.9141799999998,13542465075428
1774163400081,2026-03-22 07:10:00.081,69103.0,0.04331,A,2992.85093,219388523482716
1774163400081,2026-03-22 07:10:00.081,69103.0,0.01844,A,1274.2593200000001,97431288309342
1774163400081,2026-03-22 07:10:00.081,69103.0,0.05669,A,3917.4490699999997,836212146810021
1774163400081,2026-03-22 07:10:00.081,69103.0,0.04331,A,2992.85093,916679382388024
1774163400081,2026-03-22 07:10:00.081,69103.0,0.01844,A,1274.2593200000001,960474902143131
1774163400081,2026-03-22 07:10:00.081,69103.0,0.00063,A,43.534890000000004,958949061877596
1774163400081,2026-03-22 07:10:00.081,69103.0,0.01275,A,881.0632499999999,855473847954810
1774163400081,2026-03-22 07:10:00.081,69103.0,0.03825,A,2643.18975,1105510089635554
1774163400081,2026-03-22 07:10:00.081,69103.0,0.05543,A,3830.37929,276968622269553
1774163400081,2026-03-22 07:10:00.081,69103.0,0.04331,A,2992.85093,61818957355255
1774163400081,2026-03-22 07:10:00.081,69103.0,0.01844,A,1274.2593200000001,71524214929811
1774163400081,2026-03-22 07:10:00.081,69103.0,0.04394,A,3036.38582,444617964648101
1774163400081,2026-03-22 07:10:00.081,69102.0,0.00022,A,15.202440000000001,910307281994597
1774163400081,2026-03-22 07:10:00.081,69102.0,0.02894,A,1999.81188,536665025766337
1774163400081,2026-03-22 07:10:00.081,69102.0,0.01012,A,699.3122400000001,958776013026780
1774163400081,2026-03-22 07:10:00.081,69102.0,0.21,A,14511.42,700669591617262
1774163401001,2026-03-22 07:10:01.001,69102.0,0.00237,A,163.77174000000002,865689106496208
1774163401917,2026-03-22 07:10:01.917,69102.0,0.01002,A,692.4020399999999,880184010184273
1774163403940,2026-03-22 07:10:03.940,69102.0,0.00017,A,11.747340000000001,527155146240470
1774163404216,2026-03-22 07:10:04.216,69103.0,0.00017,B,11.74751,630228136253007
1774163404216,2026-03-22 07:10:04.216,69104.0,0.00017,B,11.74768,1041603160282311
1774163404216,2026-03-22 07:10:04.216,69105.0,0.00017,B,11.747850000000001,426658217550099
1774163404216,2026-03-22 07:10:04.216,69106.0,0.00017,B,11.74802,329006138201659
1774163404216,2026-03-22 07:10:04.216,69107.0,0.00017,B,11.748190000000001,718915241955643
1774163404216,2026-03-22 07:10:04.216,69108.0,0.00017,B,11.748360000000002,156662674938974
1774163404216,2026-03-22 07:10:04.216,69108.0,0.003,B,207.324,259935674950905
1774163404216,2026-03-22 07:10:04.216,69109.0,0.00017,B,11.74853,919501187876585
1774163404216,2026-03-22 07:10:04.216,69109.0,0.00015,B,10.366349999999999,24327020662444
1774163405023,2026-03-22 07:10:05.023,69109.0,0.00017,A,11.74853,556337225120268
1774163405023,2026-03-22 07:10:05.023,69109.0,0.00125,A,86.38625,152236897264377
1774163406968,2026-03-22 07:10:06.968,69109.0,0.01446,A,999.31614,538580124361758
1774163408045,2026-03-22 07:10:08.045,69109.0,0.00017,A,11.74853,506514998605873
1774163408045,2026-03-22 07:10:08.045,69110.0,0.00016,B,11.0576,593523432638842
1774163411799,2026-03-22 07:10:11.799,69109.0,0.00052,A,35.936679999999996,764733611269796
1774163412558,2026-03-22 07:10:12.558,69110.0,1e-05,B,0.6911,252774755657202
1774163412558,2026-03-22 07:10:12.558,69110.0,0.03617,B,2499.7087,431233968633612
1774163414056,2026-03-22 07:10:14.056,69104.0,0.00016,A,11.056640000000002,821763710243224
1774163414056,2026-03-22 07:10:14.056,69101.0,0.00016,A,11.05616,846052914320331
1774163414056,2026-03-22 07:10:14.056,69100.0,0.00384,A,265.344,578712412270431
1774163414056,2026-03-22 07:10:14.056,69100.0,0.0005,A,34.550000000000004,958282520956820
1774163414056,2026-03-22 07:10:14.056,69100.0,0.00406,A,280.546,282629669664828
1774163414056,2026-03-22 07:10:14.056,69100.0,0.00594,A,410.454,620471498563560
1774163414056,2026-03-22 07:10:14.056,69100.0,0.00144,A,99.504,205639902997801
1774163414056,2026-03-22 07:10:14.056,69100.0,0.003,A,207.3,466437370395196
1774163414121,2026-03-22 07:10:14.121,69099.0,0.00017,A,11.746830000000001,497401541188707
1774163414121,2026-03-22 07:10:14.121,69099.0,0.003,A,207.297,1092169622003595
1774163414333,2026-03-22 07:10:14.333,69097.0,0.00016,A,11.055520000000001,635301582594230
1774163414562,2026-03-22 07:10:14.562,69095.0,0.08,B,5527.6,581926493998405
1774163414562,2026-03-22 07:10:14.562,69095.0,0.27892,B,19271.9774,138108097803380
1774163414562,2026-03-22 07:10:14.562,69095.0,0.04628,B,3197.7166,722988824252507
1774163414750,2026-03-22 07:10:14.750,69094.0,0.003,A,207.282,441953585357648
1774163414750,2026-03-22 07:10:14.750,69093.0,0.00016,A,11.05488,375930524429535
1774163414750,2026-03-22 07:10:14.750,69093.0,0.00723,A,499.54239,279628838849952
1774163414750,2026-03-22 07:10:14.750,69093.0,0.00307,A,212.11551,1113964429464286
1774163414750,2026-03-22 07:10:14.750,69093.0,0.00022,A,15.200460000000001,345163792852149
1774163414750,2026-03-22 07:10:14.750,69092.0,0.01,A,690.92,80758544233507
1774163415063,2026-03-22 07:10:15.063,69091.0,0.00056,B,38.69096,831352230126246
1774163415541,2026-03-22 07:10:15.541,69090.0,0.00028,A,19.3452,767222460631750
1774163415936,2026-03-22 07:10:15.936,69090.0,0.0027,A,186.543,600805909574442
1774163417702,2026-03-22 07:10:17.702,69088.0,0.00145,A,100.1776,1087495409335840
1774163417702,2026-03-22 07:10:17.702,69088.0,0.00263,A,181.70144,247610966566199
1774163417702,2026-03-22 07:10:17.702,69088.0,0.00267,A,184.46496,217645887307251
1774163417702,2026-03-22 07:10:17.702,69088.0,0.00145,A,100.1776,289522993552209
1774163417888,2026-03-22 07:10:17.888,69089.0,0.00028,B,19.34492,1055848545047960
1774163417944,2026-03-22 07:10:17.944,69088.0,0.02074,A,1432.8851200000001,508820137348222
1774163417944,2026-03-22 07:10:17.944,69088.0,0.03812,A,2633.63456,780754376332850
1774163418685,2026-03-22 07:10:18.685,69088.0,0.00017,A,11.74496,346131471832573
1774163420293,2026-03-22 07:10:20.293,69089.0,0.00017,B,11.745130000000001,1024962450159920
1774163420981,2026-03-22 07:10:20.981,69088.0,0.00649,A,448.38112,59014367118247
1774163422574,2026-03-22 07:10:22.574,69088.0,0.00015,A,10.363199999999999,1001493360376931
1774163424789,2026-03-22 07:10:24.789,69089.0,0.00045,B,31.090049999999998,304525183357587
1774163425146,2026-03-22 07:10:25.146,69088.0,0.00036,A,24.87168,79214155685022
1774163427050,2026-03-22 07:10:27.050,69088.0,0.00017,A,11.74496,241832048125345
1774163431038,2026-03-22 07:10:31.038,69086.0,0.00238,A,164.42468000000002,835966739265701
1774163433058,2026-03-22 07:10:33.058,69086.0,0.05229,A,3612.50694,585742004652083
1774163433058,2026-03-22 07:10:33.058,69086.0,0.00436,A,301.21496,884887796698055
1774163434060,2026-03-22 07:10:34.060,69086.0,0.00141,A,97.41126,818316569638032
1774163436482,2026-03-22 07:10:36.482,69086.0,0.00194,A,134.02684,1097401406287710
1774163436648,2026-03-22 07:10:36.648,69086.0,0.00302,A,208.63972,599038002893846
1774163438087,2026-03-22 07:10:38.087,69086.0,0.00017,A,11.744620000000001,732213070457617
1774163438087,2026-03-22 07:10:38.087,69087.0,0.00016,B,11.053920000000002,70036398748702
1774163439292,2026-03-22 07:10:39.292,69087.0,0.0207,B,1430.1009,126119686252935
1774163440294,2026-03-22 07:10:40.294,69087.0,0.16226,B,11210.05662,361886849890982
1774163440294,2026-03-22 07:10:40.294,69087.0,0.12009,B,8296.65783,748051203922634
1774163442855,2026-03-22 07:10:42.855,69087.0,0.00151,B,104.32137,342598781512971
1774163443308,2026-03-22 07:10:43.308,69086.0,0.13994,A,9667.89484,466491611654748
1774163443308,2026-03-22 07:10:43.308,69086.0,0.0063,A,435.2418,147400229496394
1774163443308,2026-03-22 07:10:43.308,69086.0,0.10132,A,6999.793519999999,947266677772532
1774163443308,2026-03-22 07:10:43.308,69085.0,0.02894,A,1999.3199,1100548285785670
1774163443308,2026-03-22 07:10:43.308,69085.0,0.00015,A,10.362749999999998,508872837599546
1774163443308,2026-03-22 07:10:43.308,69084.0,0.00503,A,347.49251999999996,251982400893883
1774163443308,2026-03-22 07:10:43.308,69084.0,0.08994,A,6213.41496,778354984878880
1774163443308,2026-03-22 07:10:43.308,69084.0,0.00503,A,347.49251999999996,649958319751790
1774163443308,2026-03-22 07:10:43.308,69084.0,0.22036,A,15223.35024,619077028940055
1774163443308,2026-03-22 07:10:43.308,69083.0,0.00023,A,15.889090000000001,241356243430212
1774163443308,2026-03-22 07:10:43.308,69082.0,0.00016,A,11.053120000000002,945764737954443
1774163443308,2026-03-22 07:10:43.308,69082.0,0.10163,A,7020.80366,801457374331293
1774163443308,2026-03-22 07:10:43.308,69082.0,0.05182,A,3579.82924,91053474005578
1774163443308,2026-03-22 07:10:43.308,69081.0,0.57717,A,39871.480769999995,1069743399745299
1774163444062,2026-03-22 07:10:44.062,69081.0,0.00416,A,287.37696,1012499979227294
1774163445022,2026-03-22 07:10:45.022,69082.0,0.00057,B,39.37674,894893094189787
1774163445228,2026-03-22 07:10:45.228,69081.0,0.00017,A,11.743770000000001,328895353478222
1774163445832,2026-03-22 07:10:45.832,69081.0,0.01013,A,699.79053,795668355801645
1774163445832,2026-03-22 07:10:45.832,69081.0,0.14843,A,10253.69283,12330612676504
1774163446844,2026-03-22 07:10:46.844,69081.0,0.14259,A,9850.25979,304154401497044
1774163453518,2026-03-22 07:10:53.518,69081.0,0.00257,A,177.53816999999998,587874312525679
1774163454510,2026-03-22 07:10:54.510,69082.0,0.00017,B,11.74394,784367106463539
1774163454510,2026-03-22 07:10:54.510,69082.0,0.08669,B,5988.718580000001,631569840640848
1774163454798,2026-03-22 07:10:54.798,69082.0,0.6273,B,43335.1386,925828286398405
1774163454798,2026-03-22 07:10:54.798,69082.0,0.0029,B,200.3378,756782562276523
1774163454798,2026-03-22 07:10:54.798,69082.0,0.00145,B,100.1689,678867016172801
1774163454798,2026-03-22 07:10:54.798,69082.0,0.01012,B,699.1098400000001,141913502189780
1774163454903,2026-03-22 07:10:54.903,69082.0,0.00684,A,472.52088,772574176291086
1774163455001,2026-03-22 07:10:55.001,69082.0,0.00036,A,24.86952,436118272042313
1774163455323,2026-03-22 07:10:55.323,69083.0,0.00035,B,24.17905,390061555899916
1774163455734,2026-03-22 07:10:55.734,69083.0,0.00025,B,17.27075,800406627833373
1774163456746,2026-03-22 07:10:56.746,69083.0,0.00023,B,15.889090000000001,175672990267512
1774163457009,2026-03-22 07:10:57.009,69082.0,0.00017,A,11.74394,856053128010412
1774163458762,2026-03-22 07:10:58.762,69083.0,0.00543,B,375.12068999999997,58582394263373
1774163458762,2026-03-22 07:10:58.762,69083.0,0.001,B,69.083,385818318778195
1774163460251,2026-03-22 07:11:00.251,69083.0,0.00017,B,11.744110000000001,710814238611266
1774163460251,2026-03-22 07:11:00.251,69084.0,0.00017,B,11.744280000000002,298520532131551
1774163460251,2026-03-22 07:11:00.251,69084.0,0.00015,B,10.362599999999999,679481184428873
1774163460251,2026-03-22 07:11:00.251,69085.0,0.00017,B,11.74445,806513127672008
1774163460251,2026-03-22 07:11:00.251,69085.0,0.00015,B,10.362749999999998,105174755629540
1774163460251,2026-03-22 07:11:00.251,69086.0,0.00017,B,11.744620000000001,717778412847342
1774163460251,2026-03-22 07:11:00.251,69087.0,0.00017,B,11.74479,284976077043950
1774163460251,2026-03-22 07:11:00.251,69087.0,0.00289,B,199.66143000000002,236911078468188
1774163460251,2026-03-22 07:11:00.251,69087.0,0.003,B,207.261,358477899222771
1774163460251,2026-03-22 07:11:00.251,69088.0,0.00017,B,11.74496,948004022927934
1774163460251,2026-03-22 07:11:00.251,69089.0,0.00015,B,10.363349999999999,264716884875614
1774163460251,2026-03-22 07:11:00.251,69089.0,0.00017,B,11.745130000000001,63926051858471
1774163460251,2026-03-22 07:11:00.251,69089.0,0.00016,B,11.05424,641391260346959
1774163460862,2026-03-22 07:11:00.862,69090.0,0.00017,B,11.7453,845518672037654
1774163460862,2026-03-22 07:11:00.862,69090.0,0.00134,B,92.5806,555386931979119
1774163460862,2026-03-22 07:11:00.862,69089.0,0.001,A,69.089,911684844310753
1774163460862,2026-03-22 07:11:00.862,69090.0,0.00805,B,556.1745,815640994477851
1774163461085,2026-03-22 07:11:01.085,69089.0,0.00238,A,164.43182000000002,20414374945886
1774163461380,2026-03-22 07:11:01.380,69091.0,0.00017,B,11.745470000000001,1060619441072631
1774163461380,2026-03-22 07:11:01.380,69092.0,0.00016,B,11.054720000000001,398455961674651
1774163461380,2026-03-22 07:11:01.380,69092.0,0.00017,B,11.745640000000002,854292171477927
1774163461380,2026-03-22 07:11:01.380,69093.0,0.00017,B,11.74581,1012341238110718
1774163461380,2026-03-22 07:11:01.380,69094.0,0.00017,B,11.745980000000001,456134610646750
1774163461380,2026-03-22 07:11:01.380,69095.0,0.00017,B,11.74615,107075137771945
1774163461380,2026-03-22 07:11:01.380,69095.0,0.00015,B,10.364249999999998,550739754710380
1774163461380,2026-03-22 07:11:01.380,69096.0,0.00017,B,11.74632,273641923721139
1774163461380,2026-03-22 07:11:01.380,69096.0,0.003,B,207.288,946722083910293
1774163461380,2026-03-22 07:11:01.380,69096.0,0.00016,B,11.05536,988269999204951
1774163461380,2026-03-22 07:11:01.380,69096.0,0.00148,B,102.26208,342430204281742
1774163461380,2026-03-22 07:11:01.380,69096.0,0.00231,B,159.61176,281974566081338
1774163461380,2026-03-22 07:11:01.380,69096.0,0.07104,B,4908.57984,1068852246963357
1774163462469,2026-03-22 07:11:02.469,69096.0,0.00017,B,11.74632,83326142339748
1774163462675,2026-03-22 07:11:02.675,69096.0,0.00025,B,17.274,1042169273194509
1774163463133,2026-03-22 07:11:03.133,69095.0,0.00072,A,49.748400000000004,124571886213759
1774163464076,2026-03-22 07:11:04.076,69095.0,0.00142,A,98.1149,884805852581072
1774163465689,2026-03-22 07:11:05.689,69096.0,0.00017,B,11.74632,149074989741587
1774163465689,2026-03-22 07:11:05.689,69097.0,0.00015,B,10.36455,282001163421595
1774163465689,2026-03-22 07:11:05.689,69097.0,0.00017,B,11.746490000000001,342610543873607
1774163465689,2026-03-22 07:11:05.689,69098.0,0.00017,B,11.74666,98018112506346
1774163465689,2026-03-22 07:11:05.689,69098.0,0.00015,B,10.3647,974425525181779
1774163465689,2026-03-22 07:11:05.689,69099.0,0.00017,B,11.746830000000001,144374089754414
1774163465689,2026-03-22 07:11:05.689,69099.0,0.00015,B,10.364849999999999,262956902429289
1774163465689,2026-03-22 07:11:05.689,69099.0,0.05665,B,3914.45835,1073124638009886
1774163465689,2026-03-22 07:11:05.689,69100.0,0.00017,B,11.747000000000002,1073296575286081
1774163465689,2026-03-22 07:11:05.689,69100.0,0.00016,B,11.056000000000001,1109625787665473
1774163465689,2026-03-22 07:11:05.689,69100.0,0.003,B,207.3,29905663432199
1774163465689,2026-03-22 07:11:05.689,69101.0,0.00017,B,11.74717,962537086078390
1774163465689,2026-03-22 07:11:05.689,69101.0,0.0176,B,1216.1776,766462773235442
1774163466490,2026-03-22 07:11:06.490,69101.0,0.00795,B,549.3529500000001,133022728710099
1774163466946,2026-03-22 07:11:06.946,69101.0,0.00023,B,15.89323,603766399529292
1774163467586,2026-03-22 07:11:07.586,69101.0,0.00026,B,17.96626,365878584100704
1774163468088,2026-03-22 07:11:08.088,69100.0,0.00018,A,12.438,528558795794534
1774163468088,2026-03-22 07:11:08.088,69101.0,0.00016,B,11.05616,535814479422437
1774163468988,2026-03-22 07:11:08.988,69101.0,0.00017,B,11.74717,138061737115305
1774163468988,2026-03-22 07:11:08.988,69102.0,0.00043,B,29.71386,723804128815962
1774163468988,2026-03-22 07:11:08.988,69102.0,0.00072,B,49.753440000000005,1067721740166377
1774163468988,2026-03-22 07:11:08.988,69102.0,0.00017,B,11.747340000000001,955474036709144
1774163468988,2026-03-22 07:11:08.988,69102.0,0.00121,B,83.61341999999999,777726738997717
1774163469768,2026-03-22 07:11:09.768,69102.0,0.00891,B,615.69882,819720656392166
1774163469768,2026-03-22 07:11:09.768,69102.0,2e-05,B,1.3820400000000002,624655841837350
1774163470011,2026-03-22 07:11:10.011,69102.0,0.00015,B,10.3653,963885722372768
1774163470011,2026-03-22 07:11:10.011,69103.0,0.00022,B,15.20266,1035100280947855
1774163470011,2026-03-22 07:11:10.011,69103.0,0.0405,B,2798.6715,1036459579287798
1774163470011,2026-03-22 07:11:10.011,69104.0,0.00017,B,11.74768,1043379922860948
1774163470011,2026-03-22 07:11:10.011,69104.0,0.0003,B,20.731199999999998,748147577022484
1774163470011,2026-03-22 07:11:10.011,69105.0,0.00017,B,11.747850000000001,71447970009900
1774163470011,2026-03-22 07:11:10.011,69105.0,0.05665,B,3914.79825,317337251647389
1774163470011,2026-03-22 07:11:10.011,69105.0,0.00141,B,97.43805,765772982525708
1774163470011,2026-03-22 07:11:10.011,69106.0,0.00017,B,11.74802,183063425157530
1774163470011,2026-03-22 07:11:10.011,69106.0,0.04502,B,3111.1521199999997,641344139244239
1774163470777,2026-03-22 07:11:10.777,69105.0,0.57887,A,40002.811349999996,340463354630469
1774163470777,2026-03-22 07:11:10.777,69105.0,0.10425,A,7204.19625,408132977050162
1774163470777,2026-03-22 07:11:10.777,69105.0,0.03988,A,2755.9074,709392420271046
1774163470777,2026-03-22 07:11:10.777,69105.0,0.06521,A,4506.33705,167901280814836
1774163470777,2026-03-22 07:11:10.777,69105.0,0.24994,A,17272.1037,294957801780552
1774163470777,2026-03-22 07:11:10.777,69105.0,0.03527,A,2437.3333500000003,69785955611569
1774163470777,2026-03-22 07:11:10.777,69105.0,0.058,A,4008.09,425888649481768
1774163470777,2026-03-22 07:11:10.777,69105.0,0.01526,A,1054.5422999999998,816067910087762
1774163470777,2026-03-22 07:11:10.777,69105.0,0.19901,A,13752.58605,641111206203832
1774163470777,2026-03-22 07:11:10.777,69105.0,0.57887,A,40002.811349999996,412760051359303
1774163470777,2026-03-22 07:11:10.777,69105.0,0.04304,A,2974.2792,713064011300385
1774163470777,2026-03-22 07:11:10.777,69105.0,0.57887,A,40002.811349999996,902254955418745
1774163470777,2026-03-22 07:11:10.777,69105.0,0.12057,A,8331.98985,997751215625979
1774163470777,2026-03-22 07:11:10.777,69105.0,0.57887,A,40002.811349999996,698165295003900
1774163470777,2026-03-22 07:11:10.777,69105.0,0.03787,A,2617.00635,109065662295949
1774163470777,2026-03-22 07:11:10.777,69105.0,0.4504,A,31124.892,720910458005821
1774163472037,2026-03-22 07:11:12.037,69106.0,0.0009,B,62.1954,557953470823808
1774163472334,2026-03-22 07:11:12.334,69105.0,0.04944,A,3416.5512,222075462928077
1774163472334,2026-03-22 07:11:12.334,69105.0,0.08478,A,5858.7219,322003684135359
1774163472334,2026-03-22 07:11:12.334,69105.0,0.08201,A,5667.30105,15891253534316
1774163472334,2026-03-22 07:11:12.334,69105.0,0.03629,A,2507.82045,984625093157012
1774163472334,2026-03-22 07:11:12.334,69105.0,0.05483,A,3789.02715,628544943167844
1774163472334,2026-03-22 07:11:12.334,69105.0,0.15531,A,10732.69755,593214210074998
1774163472334,2026-03-22 07:11:12.334,69105.0,0.02507,A,1732.4623499999998,410397975849543
1774163473654,2026-03-22 07:11:13.654,69105.0,0.00659,A,455.40195,325577427790426
1774163473742,2026-03-22 07:11:13.742,69105.0,0.01224,A,845.8452,374374358322852
1774163473742,2026-03-22 07:11:13.742,69105.0,0.00706,A,487.8813,658705998551085
1774163473742,2026-03-22 07:11:13.742,69105.0,0.00693,A,478.89765000000006,715212324655212
1774163473742,2026-03-22 07:11:13.742,69105.0,0.00476,A,328.93980000000005,237609916940151
1774163473742,2026-03-22 07:11:13.742,69105.0,0.00277,A,191.42085,1676781432005
1774163473742,2026-03-22 07:11:13.742,69105.0,0.00145,A,100.20224999999999,542304518985170
1774163473742,2026-03-22 07:11:13.742,69105.0,0.025,A,1727.625,588997401493469
1774163474053,2026-03-22 07:11:14.053,69105.0,0.00416,A,287.47679999999997,927694597966322
1774163475060,2026-03-22 07:11:15.060,69106.0,0.00056,B,38.69936,820839007801783
1774163475555,2026-03-22 07:11:15.555,69105.0,0.03818,A,2638.4289,1121896485076846
1774163475555,2026-03-22 07:11:15.555,69105.0,0.03489,A,2411.07345,322050230229332
1774163475861,2026-03-22 07:11:15.861,69105.0,0.02033,A,1404.90465,36571324031375
1774163475861,2026-03-22 07:11:15.861,69105.0,0.01616,A,1116.7368000000001,906532461022808
1774163475861,2026-03-22 07:11:15.861,69105.0,0.00289,A,199.71345000000002,831838455245442
1774163475861,2026-03-22 07:11:15.861,69105.0,0.06462,A,4465.5651,661017334039840
1774163476155,2026-03-22 07:11:16.155,69105.0,0.03538,A,2444.9349,79482480579420
1774163476155,2026-03-22 07:11:16.155,69105.0,0.04271,A,2951.47455,762997608989380
1774163476812,2026-03-22 07:11:16.812,69105.0,0.005,A,345.52500000000003,1114614696578368
1774163477238,2026-03-22 07:11:17.238,69105.0,0.03193,A,2206.52265,873012301128296
1774163477426,2026-03-22 07:11:17.426,69106.0,0.00015,B,10.3659,841216827651590
1774163477836,2026-03-22 07:11:17.836,69105.0,0.02172,A,1500.9605999999999,954695296419329
1774163478246,2026-03-22 07:11:18.246,69105.0,0.02969,A,2051.72745,638094820876428
1774163478370,2026-03-22 07:11:18.370,69105.0,0.01253,A,865.8856499999999,834309186783535
1774163478370,2026-03-22 07:11:18.370,69105.0,0.0069,A,476.8245,199698720492225
1774163478370,2026-03-22 07:11:18.370,69105.0,0.05,A,3455.25,156163022437002
1774163478370,2026-03-22 07:11:18.370,69105.0,0.01447,A,999.94935,200296552877532
1774163478370,2026-03-22 07:11:18.370,69105.0,0.03496,A,2415.9107999999997,1102367068294086
1774163478370,2026-03-22 07:11:18.370,69105.0,0.03052,A,2109.0845999999997,448888762678875
1774163478444,2026-03-22 07:11:18.444,69105.0,0.02369,A,1637.09745,752647679204730
1774163479046,2026-03-22 07:11:19.046,69106.0,0.05,B,3455.3,306225691177358
1774163479447,2026-03-22 07:11:19.447,69105.0,0.01969,A,1360.67745,177532447096850
1774163479447,2026-03-22 07:11:19.447,69105.0,0.00571,A,394.58955,574997192878334
1774163479447,2026-03-22 07:11:19.447,69105.0,0.00228,A,157.55939999999998,550804946655436
1774163479577,2026-03-22 07:11:19.577,69105.0,0.00709,A,489.95445,528632683454197
1774163479577,2026-03-22 07:11:19.577,69105.0,0.00679,A,469.22295,559062618242822
1774163479648,2026-03-22 07:11:19.648,69105.0,0.00999,A,690.35895,188400052022382
1774163480863,2026-03-22 07:11:20.863,69106.0,0.00022,B,15.20332,1100184020868446
1774163481266,2026-03-22 07:11:21.266,69105.0,0.01603,A,1107.75315,549111055796202
1774163481266,2026-03-22 07:11:21.266,69105.0,0.13524,A,9345.7602,864642783381923
1774163481266,2026-03-22 07:11:21.266,69105.0,0.00959,A,662.71695,43860712767035
1774163481266,2026-03-22 07:11:21.266,69105.0,0.02894,A,1999.8987,8784242025612
1774163481266,2026-03-22 07:11:21.266,69105.0,0.03617,A,2499.52785,267534512669575
1774163481266,2026-03-22 07:11:21.266,69105.0,0.01365,A,943.2832500000001,188868643059380
1774163481440,2026-03-22 07:11:21.440,69105.0,0.01526,A,1054.5422999999998,1121149749562154
1774163481440,2026-03-22 07:11:21.440,69105.0,0.03233,A,2234.1646499999997,914153939983702
1774163481440,2026-03-22 07:11:21.440,69105.0,0.03629,A,2507.82045,1122445205977531
1774163481440,2026-03-22 07:11:21.440,69105.0,0.00134,A,92.6007,917486484800357
1774163482658,2026-03-22 07:11:22.658,69105.0,0.00029,A,20.04045,623730026874638
1774163483239,2026-03-22 07:11:23.239,69105.0,0.00441,A,304.75305,857894919744868
1774163484464,2026-03-22 07:11:24.464,69105.0,0.00972,A,671.7006,890627652750547
1774163484464,2026-03-22 07:11:24.464,69105.0,0.02821,A,1949.4520499999999,838595892856396
1774163484464,2026-03-22 07:11:24.464,69105.0,0.01345,A,929.46225,966108449442803
1774163485014,2026-03-22 07:11:25.014,69105.0,0.00036,A,24.8778,142795595346645
1774163485820,2026-03-22 07:11:25.820,69106.0,0.02709,B,1872.08154,405367461411947
1774163486010,2026-03-22 07:11:26.010,69105.0,0.00022,A,15.203100000000001,33318760846411
1774163487011,2026-03-22 07:11:27.011,69105.0,0.00017,A,11.747850000000001,1032836745863194
1774163487943,2026-03-22 07:11:27.943,69106.0,0.00045,B,31.0977,964132334860885
1774163488420,2026-03-22 07:11:28.420,69105.0,0.01,A,691.0500000000001,611946501037056
1774163491107,2026-03-22 07:11:31.107,69105.0,0.00238,A,164.46990000000002,93798684563944
1774163491460,2026-03-22 07:11:31.460,69106.0,0.00017,B,11.74802,1024370665505815
1774163491460,2026-03-22 07:11:31.460,69106.0,0.00128,B,88.45568,1063110809473805
1774163493321,2026-03-22 07:11:33.321,69106.0,0.00015,B,10.3659,369406884105070
1774163494075,2026-03-22 07:11:34.075,69105.0,0.00142,A,98.12910000000001,718257733902306
1774163494075,2026-03-22 07:11:34.075,69106.0,0.01446,B,999.2727600000001,152416022576113
1774163498001,2026-03-22 07:11:38.001,69105.0,0.00017,A,11.747850000000001,624984307428851
1774163498001,2026-03-22 07:11:38.001,69106.0,0.00016,B,11.05696,379092539083569
1774163499692,2026-03-22 07:11:39.692,69105.0,0.00521,A,360.03705,721204964007218
1774163501821,2026-03-22 07:11:41.821,69106.0,0.08131,B,5619.00886,890228510140258
1774163501821,2026-03-22 07:11:41.821,69106.0,0.00017,B,11.74802,843413262641981
1774163501821,2026-03-22 07:11:41.821,69106.0,0.04815,B,3327.4539,1086239509142969
1774163503921,2026-03-22 07:11:43.921,69105.0,0.02007,A,1386.9373500000002,420628564101491
1774163504039,2026-03-22 07:11:44.039,69105.0,0.00415,A,286.78575,21670054116599
1774163505045,2026-03-22 07:11:45.045,69106.0,0.00057,B,39.39042,746140246445089
1774163511276,2026-03-22 07:11:51.276,69106.0,0.001,B,69.106,574360355360416
1774163512084,2026-03-22 07:11:52.084,69105.0,0.00013,A,8.983649999999999,988172241944228
1774163512084,2026-03-22 07:11:52.084,69105.0,0.01,A,691.0500000000001,346968534828995
1774163512084,2026-03-22 07:11:52.084,69105.0,0.0579,A,4001.1795,352983310721075
1774163512084,2026-03-22 07:11:52.084,69105.0,0.02894,A,1999.8987,782986041001086
1774163512084,2026-03-22 07:11:52.084,69105.0,0.00303,A,209.38815,703586234636565
1774163513277,2026-03-22 07:11:53.277,69106.0,0.15704,B,10852.40624,895863738010376
1774163513277,2026-03-22 07:11:53.277,69106.0,0.22462,B,15522.58972,1086245923524176
1774163513277,2026-03-22 07:11:53.277,69106.0,0.11373,B,7859.42538,17764247730048
1774163513277,2026-03-22 07:11:53.277,69106.0,0.17113,B,11826.10978,401243279037000
1774163513277,2026-03-22 07:11:53.277,69106.0,0.11099,B,7670.07494,390985363423719
1774163513277,2026-03-22 07:11:53.277,69106.0,0.23602,B,16310.39812,448432134576927
1774163513277,2026-03-22 07:11:53.277,69106.0,0.17364,B,11999.56584,229171561669475
1774163513277,2026-03-22 07:11:53.277,69106.0,0.06921,B,4782.82626,245255333392129
1774163514408,2026-03-22 07:11:54.408,69105.0,0.01446,A,999.2583000000001,967789520837325
1774163515102,2026-03-22 07:11:55.102,69105.0,0.00036,A,24.8778,1020075366805554
1774163517052,2026-03-22 07:11:57.052,69105.0,0.00017,A,11.747850000000001,725853735101051
1774163520269,2026-03-22 07:12:00.269,69106.0,0.00075,B,51.8295,1023008146162948
1774163521066,2026-03-22 07:12:01.066,69105.0,0.00238,A,164.46990000000002,145807021645746
1774163521546,2026-03-22 07:12:01.546,69106.0,0.00017,B,11.74802,245556968182487
1774163521546,2026-03-22 07:12:01.546,69106.0,0.00547,B,378.00982,526942346580077
1774163521734,2026-03-22 07:12:01.734,69106.0,0.00805,B,556.3033,1007069534187232
1774163521734,2026-03-22 07:12:01.734,69106.0,0.01868,B,1290.90008,13008338622284
1774163522423,2026-03-22 07:12:02.423,69108.0,0.00017,B,11.748360000000002,242666008387860
1774163522423,2026-03-22 07:12:02.423,69109.0,0.00017,B,11.74853,509006936808574
1774163522423,2026-03-22 07:12:02.423,69110.0,0.00017,B,11.748700000000001,306971276601042
1774163522423,2026-03-22 07:12:02.423,69110.0,0.01012,B,699.3932000000001,593340614110264
1774163522423,2026-03-22 07:12:02.423,69111.0,0.00017,B,11.74887,115605671707931
1774163522423,2026-03-22 07:12:02.423,69111.0,0.003,B,207.333,1098734058683452
1774163522423,2026-03-22 07:12:02.423,69111.0,0.04049,B,2798.30439,96662136519630
1774163522423,2026-03-22 07:12:02.423,69112.0,0.00017,B,11.74904,41719074270186
1774163522423,2026-03-22 07:12:02.423,69112.0,0.003,B,207.336,654916403866158
1774163522423,2026-03-22 07:12:02.423,69113.0,0.00017,B,11.749210000000001,926182166456427
1774163522423,2026-03-22 07:12:02.423,69113.0,0.02369,B,1637.2869699999999,1083522961953099
1774163522745,2026-03-22 07:12:02.745,69113.0,0.00768,B,530.78784,688383842226291
1774163523481,2026-03-22 07:12:03.481,69113.0,0.00024,B,16.58712,452876742267070
1774163524487,2026-03-22 07:12:04.487,69113.0,0.00022,B,15.20486,349206556954349
1774163524886,2026-03-22 07:12:04.886,69113.0,0.00022,B,15.20486,799240515735449
1774163525087,2026-03-22 07:12:05.087,69112.0,0.00142,A,98.13904000000001,188662283081302
1774163525309,2026-03-22 07:12:05.309,69112.0,0.01712,A,1183.19744,488519350352559
1774163527582,2026-03-22 07:12:07.582,69112.0,7e-05,A,4.83784,462346359097974
1774163528133,2026-03-22 07:12:08.133,69112.0,0.00021,A,14.51352,850077294347639
1774163528133,2026-03-22 07:12:08.133,69113.0,0.00016,B,11.05808,255445310662418
1774163531281,2026-03-22 07:12:11.281,69113.0,0.00041,B,28.33633,409588901711548
1774163532215,2026-03-22 07:12:12.215,69113.0,0.0207,B,1430.6390999999999,554670710207991
1774163533090,2026-03-22 07:12:13.090,69112.0,0.00018,A,12.44016,126017640466443
1774163534025,2026-03-22 07:12:14.025,69112.0,0.00416,A,287.50591999999995,283124757928975
1774163534428,2026-03-22 07:12:14.428,69113.0,7e-05,B,4.83791,1099874513157492
1774163535031,2026-03-22 07:12:15.031,69113.0,0.00056,B,38.70328,168570069210845
1774163540801,2026-03-22 07:12:20.801,69112.0,0.00474,A,327.59088,397899764120658
1774163542743,2026-03-22 07:12:22.743,69113.0,0.00017,B,11.749210000000001,137346163461445
1774163542832,2026-03-22 07:12:22.832,69114.0,0.00015,B,10.367099999999999,378397329606917
1774163543224,2026-03-22 07:12:23.224,69115.0,0.00017,B,11.749550000000001,998411520083892
1774163543224,2026-03-22 07:12:23.224,69115.0,0.00128,B,88.4672,544066591164100
1774163544029,2026-03-22 07:12:24.029,69115.0,0.00884,B,610.9766000000001,310776313404723
1774163544029,2026-03-22 07:12:24.029,69115.0,2e-05,B,1.3823,254366273269854
1774163545045,2026-03-22 07:12:25.045,69114.0,0.00036,A,24.881040000000002,164423419132022
1774163545450,2026-03-22 07:12:25.450,69116.0,0.00017,B,11.749720000000002,904083216473998
1774163545450,2026-03-22 07:12:25.450,69117.0,0.00017,B,11.74989,566173457340031
1774163545450,2026-03-22 07:12:25.450,69118.0,0.00016,B,11.05888,112357165032624
1774163545450,2026-03-22 07:12:25.450,69118.0,0.00017,B,11.750060000000001,616243875751755
1774163545450,2026-03-22 07:12:25.450,69119.0,0.00015,B,10.367849999999999,299843777582035
1774163545450,2026-03-22 07:12:25.450,69119.0,0.00017,B,11.75023,755151576757420
1774163545450,2026-03-22 07:12:25.450,69120.0,0.07322,B,5060.966399999999,653101557919975
1774163545450,2026-03-22 07:12:25.450,69120.0,0.00017,B,11.7504,604677858426428
1774163545450,2026-03-22 07:12:25.450,69120.0,0.01244,B,859.8528,798104687548230
1774163546073,2026-03-22 07:12:26.073,69120.0,0.00217,A,149.9904,83950149656177
1774163546073,2026-03-22 07:12:26.073,69121.0,0.00017,B,11.750570000000002,1053064755409246
1774163546073,2026-03-22 07:12:26.073,69121.0,0.00017,B,11.750570000000002,984302096167911
1774163546469,2026-03-22 07:12:26.469,69121.0,0.00145,B,100.22545,692518632489911
1774163546580,2026-03-22 07:12:26.580,69120.0,0.03571,A,2468.2752,114121382924143
1774163546580,2026-03-22 07:12:26.580,69121.0,0.00491,B,339.38411,123636461739485
1774163546580,2026-03-22 07:12:26.580,69121.0,0.00027,B,18.66267,212808360349827
1774163547071,2026-03-22 07:12:27.071,69120.0,0.00017,A,11.7504,1118085322793591
1774163547591,2026-03-22 07:12:27.591,69121.0,0.01,B,691.21,746398839342649
1774163547677,2026-03-22 07:12:27.677,69120.0,0.09516,A,6577.459199999999,209975040774272
1774163547677,2026-03-22 07:12:27.677,69120.0,0.00064,A,44.2368,758972526703157
1774163547677,2026-03-22 07:12:27.677,69120.0,0.00169,A,116.81280000000001,255673243896285
1774163547677,2026-03-22 07:12:27.677,69120.0,0.04188,A,2894.7456,210527326250735
1774163547677,2026-03-22 07:12:27.677,69120.0,0.00442,A,305.5104,997768639405636
1774163547677,2026-03-22 07:12:27.677,69120.0,0.0036,A,248.832,459685793419578
1774163547677,2026-03-22 07:12:27.677,69120.0,0.00425,A,293.76000000000005,104023956435451
1774163547677,2026-03-22 07:12:27.677,69120.0,0.0057,A,393.98400000000004,628891930844097
1774163547793,2026-03-22 07:12:27.793,69120.0,0.02241,A,1548.9792,365765661648118
1774163547793,2026-03-22 07:12:27.793,69120.0,0.00237,A,163.8144,367452169746048
1774163547793,2026-03-22 07:12:27.793,69120.0,0.00417,A,288.23040000000003,816040847575173
1774163547793,2026-03-22 07:12:27.793,69120.0,0.00444,A,306.8928,415477125631528
1774163547793,2026-03-22 07:12:27.793,69120.0,0.01014,A,700.8768,436305161919930
1774163547793,2026-03-22 07:12:27.793,69120.0,0.00923,A,637.9776,348706876193989
1774163547880,2026-03-22 07:12:27.880,69121.0,0.00077,B,53.223169999999996,473408450652786
1774163547880,2026-03-22 07:12:27.880,69120.0,0.00773,A,534.2976,921333771893356
1774163548600,2026-03-22 07:12:28.600,69121.0,0.00051,B,35.25171,179200088335543
1774163549405,2026-03-22 07:12:29.405,69120.0,0.00326,A,225.3312,37460301948271
1774163549405,2026-03-22 07:12:29.405,69120.0,0.00298,A,205.9776,768085977984516
1774163549405,2026-03-22 07:12:29.405,69120.0,0.00351,A,242.6112,845005370240032
1774163549405,2026-03-22 07:12:29.405,69120.0,0.0069,A,476.928,883204777018235
1774163549405,2026-03-22 07:12:29.405,69120.0,0.0155,A,1071.36,1100179456186791
1774163549489,2026-03-22 07:12:29.489,69120.0,0.00243,A,167.9616,266505160430423
1774163549489,2026-03-22 07:12:29.489,69120.0,0.00596,A,411.9552,509287682515360
1774163549607,2026-03-22 07:12:29.607,69120.0,0.00029,A,20.0448,71999906101262
1774163551026,2026-03-22 07:12:31.026,69120.0,0.00237,A,163.8144,507744786320447
1774163555054,2026-03-22 07:12:35.054,69120.0,0.00142,A,98.1504,394371889499833
1774163555253,2026-03-22 07:12:35.253,69120.0,0.00597,A,412.64639999999997,418618133938815
1774163555253,2026-03-22 07:12:35.253,69120.0,0.02296,A,1586.9952,353143798357099
1774163555253,2026-03-22 07:12:35.253,69120.0,0.00504,A,348.3648,1009983803785534
1774163555343,2026-03-22 07:12:35.343,69120.0,0.00441,A,304.81919999999997,173873045240198
1774163555343,2026-03-22 07:12:35.343,69120.0,0.01006,A,695.3471999999999,635679133265008
1774163555343,2026-03-22 07:12:35.343,69120.0,0.14572,A,10072.1664,645246847078427
1774163555343,2026-03-22 07:12:35.343,69120.0,0.07719,A,5335.372799999999,166706302200778
1774163555343,2026-03-22 07:12:35.343,69120.0,0.00503,A,347.67359999999996,233558590623521
1774163555343,2026-03-22 07:12:35.343,69120.0,0.00503,A,347.67359999999996,673858786799202
1774163555343,2026-03-22 07:12:35.343,69120.0,0.00269,A,185.93280000000001,210561281759392
1774163555746,2026-03-22 07:12:35.746,69119.0,0.02893,A,1999.61267,676981089256161
1774163558062,2026-03-22 07:12:38.062,69115.0,0.0002,A,13.823,204621429850993
1774163558062,2026-03-22 07:12:38.062,69116.0,0.00016,B,11.058560000000002,337731027055441
1774163558771,2026-03-22 07:12:38.771,69115.0,0.00051,A,35.248650000000005,117402544859473
1774163559900,2026-03-22 07:12:39.900,69115.0,0.0026,A,179.69899999999998,845870106265665
1774163563877,2026-03-22 07:12:43.877,69115.0,0.00071,A,49.07165,493651052071489
1774163563931,2026-03-22 07:12:43.931,69116.0,0.00019,B,13.13204,334459389701484
1774163563987,2026-03-22 07:12:43.987,69116.0,0.02061,B,1424.48076,839826115693455
1774163564079,2026-03-22 07:12:44.079,69115.0,0.00416,A,287.5184,879154163069165
1774163565000,2026-03-22 07:12:45.000,69116.0,0.00057,B,39.396119999999996,563558837585009
1774163565245,2026-03-22 07:12:45.245,69115.0,0.04414,A,3050.7361,169901129626865
1774163565245,2026-03-22 07:12:45.245,69115.0,0.10274,A,7100.8751,728401573316545
1774163565245,2026-03-22 07:12:45.245,69115.0,0.1,A,6911.5,72200261115873
1774163565245,2026-03-22 07:12:45.245,69115.0,0.02893,A,1999.49695,831070143717860
1774163565245,2026-03-22 07:12:45.245,69115.0,0.14539,A,10048.62985,661779819950779
1774163565245,2026-03-22 07:12:45.245,69115.0,0.10128,A,6999.9672,385339062555302
1774163565245,2026-03-22 07:12:45.245,69115.0,0.07426,A,5132.4799,480387732331131
1774163565245,2026-03-22 07:12:45.245,69115.0,0.07291,A,5039.17465,760799310628245
1774163565245,2026-03-22 07:12:45.245,69115.0,0.03039,A,2100.40485,202967867940095
1774163565245,2026-03-22 07:12:45.245,69115.0,0.02332,A,1611.7618,675527543595636
1774163566597,2026-03-22 07:12:46.597,69116.0,0.00022,B,15.20552,446173272653374
1774163568261,2026-03-22 07:12:48.261,69116.0,0.00017,B,11.749720000000002,276656223569110
1774163570009,2026-03-22 07:12:50.009,69116.0,0.00017,B,11.749720000000002,444709159046045
1774163570009,2026-03-22 07:12:50.009,69116.0,0.01819,B,1257.2200400000002,429204734248204
1774163571233,2026-03-22 07:12:51.233,69116.0,0.00145,B,100.2182,247450976760862
1774163572368,2026-03-22 07:12:52.368,69115.0,0.00018,A,12.440700000000001,818253638483687
1774163573238,2026-03-22 07:12:53.238,69116.0,0.00017,B,11.749720000000002,363884617572850
1774163575073,2026-03-22 07:12:55.073,69115.0,0.00036,A,24.881400000000003,360592064900926
1774163575188,2026-03-22 07:12:55.188,69116.0,0.00017,B,11.749720000000002,1041051468794248
1774163575188,2026-03-22 07:12:55.188,69116.0,0.00128,B,88.46848000000001,664904868747024
1774163576352,2026-03-22 07:12:56.352,69116.0,0.00017,B,11.749720000000002,907636017829136
1774163576352,2026-03-22 07:12:56.352,69118.0,0.00017,B,11.750060000000001,131251857436373
1774163576352,2026-03-22 07:12:56.352,69119.0,0.04788,B,3309.41772,747395583314002
1774163577016,2026-03-22 07:12:57.016,69118.0,0.00017,A,11.750060000000001,584804288514342
1774163577085,2026-03-22 07:12:57.085,69119.0,0.00896,B,619.30624,815497749008835
1774163578398,2026-03-22 07:12:58.398,69119.0,0.00597,B,412.64043,789550972380408
1774163579689,2026-03-22 07:12:59.689,69119.0,0.00051,B,35.250690000000006,553414567084146
1774163581049,2026-03-22 07:13:01.049,69118.0,0.00238,A,164.50084,659988605336031
1774163581650,2026-03-22 07:13:01.650,69119.0,0.00017,B,11.75023,42691558556567
1774163585028,2026-03-22 07:13:05.028,69118.0,0.00141,A,97.45638,926420346622471
1774163587932,2026-03-22 07:13:07.932,69119.0,0.00017,B,11.75023,635540878768714
1774163587932,2026-03-22 07:13:07.932,69119.0,0.00258,B,178.32701999999998,942551561512894
1774163587932,2026-03-22 07:13:07.932,69119.0,0.002,B,138.238,957466099955260
1774163588064,2026-03-22 07:13:08.064,69118.0,0.00019,A,13.132420000000002,986834929695216
1774163588064,2026-03-22 07:13:08.064,69119.0,0.00016,B,11.059040000000001,660287244847131
1774163588744,2026-03-22 07:13:08.744,69119.0,0.00017,B,11.75023,685604318677841
1774163588744,2026-03-22 07:13:08.744,69121.0,0.00017,B,11.750570000000002,593595059223031
1774163588744,2026-03-22 07:13:08.744,69121.0,0.02797,B,1933.3143699999998,945877662695594
1774163588744,2026-03-22 07:13:08.744,69122.0,0.00016,B,11.059520000000001,1116195185153386
1774163588744,2026-03-22 07:13:08.744,69122.0,0.00017,B,11.75074,750331780414269
1774163588744,2026-03-22 07:13:08.744,69123.0,0.00017,B,11.750910000000001,489466782178738
1774163588744,2026-03-22 07:13:08.744,69123.0,0.0282,B,1949.2685999999999,579824954397516
1774163589825,2026-03-22 07:13:09.825,69123.0,0.00023,B,15.898290000000001,644208739572199
1774163591909,2026-03-22 07:13:11.909,69123.0,0.00017,B,11.750910000000001,388499413912652
1774163591909,2026-03-22 07:13:11.909,69123.0,0.00127,B,87.78621000000001,408052207931808
1774163592113,2026-03-22 07:13:12.113,69123.0,0.001,B,69.123,680769872624492
1774163592311,2026-03-22 07:13:12.311,69123.0,0.0105,B,725.7915,81383496459473
1774163592311,2026-03-22 07:13:12.311,69123.0,0.00436,B,301.37628,337691251648921
1774163592311,2026-03-22 07:13:12.311,69123.0,0.00461,B,318.65703,516387578730933
1774163592311,2026-03-22 07:13:12.311,69124.0,0.00017,B,11.75108,103210799131842
1774163592311,2026-03-22 07:13:12.311,69125.0,0.00016,B,11.06,1118346852028985
1774163592311,2026-03-22 07:13:12.311,69125.0,0.00017,B,11.75125,251400073472580
1774163592311,2026-03-22 07:13:12.311,69126.0,0.00017,B,11.751420000000001,28686645918512
1774163592311,2026-03-22 07:13:12.311,69126.0,0.003,B,207.37800000000001,766806801412107
1774163592844,2026-03-22 07:13:12.844,69127.0,0.00017,B,11.75159,956063204165692
1774163592844,2026-03-22 07:13:12.844,69128.0,0.00017,B,11.75176,244793953879809
1774163593062,2026-03-22 07:13:13.062,69129.0,0.00016,B,11.060640000000001,841543362400955
1774163593062,2026-03-22 07:13:13.062,69129.0,0.00017,B,11.751930000000002,493251085757178
1774163593062,2026-03-22 07:13:13.062,69129.0,0.003,B,207.387,457982779558466
1774163594071,2026-03-22 07:13:14.071,69129.0,0.00051,A,35.255790000000005,294162851670764
1774163594071,2026-03-22 07:13:14.071,69129.0,0.00365,A,252.32085,906119012677487
1774163595049,2026-03-22 07:13:15.049,69130.0,0.00017,B,11.7521,939761221262905
1774163595049,2026-03-22 07:13:15.049,69130.0,0.0004,B,27.652,825182808786334
1774163596198,2026-03-22 07:13:16.198,69130.0,0.00045,B,31.1085,72067381323328
1774163596972,2026-03-22 07:13:16.972,69130.0,0.00022,B,15.2086,415974707780303
1774163605030,2026-03-22 07:13:25.030,69129.0,0.00036,A,24.88644,732192940944330
1774163607035,2026-03-22 07:13:27.035,69129.0,0.00017,A,11.751930000000002,802325130422460
1774163608567,2026-03-22 07:13:28.567,69129.0,0.01,A,691.29,864937178921428
1774163611059,2026-03-22 07:13:31.059,69129.0,0.00238,A,164.52702000000002,813402416591004
1774163614667,2026-03-22 07:13:34.667,69130.0,0.00015,B,10.369499999999999,612993977132425
1774163615004,2026-03-22 07:13:35.004,69129.0,0.00142,A,98.16318,578819104256936
1774163616071,2026-03-22 07:13:36.071,69130.0,0.40377,B,27912.6201,530996917983139
1774163616071,2026-03-22 07:13:36.071,69130.0,0.07027,B,4857.7651,850649969010219
1774163616071,2026-03-22 07:13:36.071,69130.0,0.41498,B,28687.5674,95595399987943
1774163616071,2026-03-22 07:13:36.071,69130.0,0.37046,B,25609.8998,766981874779643
1774163616071,2026-03-22 07:13:36.071,69130.0,0.07208,B,4982.8904,982327164535166
1774163616071,2026-03-22 07:13:36.071,69130.0,0.00017,B,11.7521,247514106501187
1774163616071,2026-03-22 07:13:36.071,69130.0,0.02647,B,1829.8711,877777781150416
1774163616071,2026-03-22 07:13:36.071,69130.0,0.18522,B,12804.2586,193767650187600
1774163616071,2026-03-22 07:13:36.071,69130.0,0.09588,B,6628.1844,1026485033683786
1774163616529,2026-03-22 07:13:36.529,69129.0,0.00029,A,20.04741,478605312544884
1774163617133,2026-03-22 07:13:37.133,69129.0,0.00022,A,15.20838,671535976616840
1774163618076,2026-03-22 07:13:38.076,69129.0,0.00021,A,14.517090000000001,1120680043173140
1774163618076,2026-03-22 07:13:38.076,69130.0,0.00016,B,11.0608,83433992908522
1774163618541,2026-03-22 07:13:38.541,69129.0,0.0005,A,34.5645,303246817125759
1774163619711,2026-03-22 07:13:39.711,69130.0,0.00016,B,11.0608,571907841975221
1774163621639,2026-03-22 07:13:41.639,69130.0,0.0207,B,1430.991,696291212164908
1774163624049,2026-03-22 07:13:44.049,69129.0,0.00416,A,287.57664,766977219221897
1774163625056,2026-03-22 07:13:45.056,69130.0,0.00056,B,38.712799999999994,271920172649274
1774163625872,2026-03-22 07:13:45.872,69129.0,0.00769,A,531.60201,490756657466521
1774163625954,2026-03-22 07:13:45.954,69129.0,0.0076,A,525.3804,109462846070005
1774163626077,2026-03-22 07:13:46.077,69130.0,0.01029,B,711.3477,935160965307892
1774163626303,2026-03-22 07:13:46.303,69129.0,0.00337,A,232.96473,686169129333938
1774163626363,2026-03-22 07:13:46.363,69129.0,0.00629,A,434.82140999999996,34500916758346
1774163627429,2026-03-22 07:13:47.429,69129.0,0.00027,A,18.66483,228314066679224
1774163628094,2026-03-22 07:13:48.094,69129.0,0.00702,A,485.28558000000004,334324467204489
1774163628293,2026-03-22 07:13:48.293,69129.0,0.01157,A,799.82253,1057520295609691
1774163629259,2026-03-22 07:13:49.259,69129.0,0.0091,A,629.0739,814234185770871
1774163630092,2026-03-22 07:13:50.092,69129.0,0.01614,A,1115.74206,723891904034806
1774163630092,2026-03-22 07:13:50.092,69129.0,0.00638,A,441.04302,693191209473787
1774163631524,2026-03-22 07:13:51.524,69130.0,0.00025,B,17.2825,638896186835083
1774163632008,2026-03-22 07:13:52.008,69129.0,0.00658,A,454.86881999999997,7192709069729
1774163632008,2026-03-22 07:13:52.008,69129.0,0.00329,A,227.43440999999999,874820461696745
1774163632008,2026-03-22 07:13:52.008,69129.0,0.00414,A,286.19406,964001855563654
1774163633128,2026-03-22 07:13:53.128,69129.0,0.00608,A,420.30432,863522533280063
1774163634047,2026-03-22 07:13:54.047,69129.0,0.0037,A,255.77730000000003,979249011437988
1774163634118,2026-03-22 07:13:54.118,69129.0,0.00365,A,252.32085,689535331399264
1774163635003,2026-03-22 07:13:55.003,69129.0,0.00036,A,24.88644,50013357784283
1774163637634,2026-03-22 07:13:57.634,69130.0,0.00017,B,11.7521,831045738412501
1774163640629,2026-03-22 07:14:00.629,69132.0,0.00017,B,11.75244,903445746939189
1774163640629,2026-03-22 07:14:00.629,69132.0,0.0002,B,13.826400000000001,580593121319760
1774163641002,2026-03-22 07:14:01.002,69132.0,0.00108,A,74.66256,252698474669017
1774163641002,2026-03-22 07:14:01.002,69132.0,0.0013,A,89.8716,853872438912649
1774163641960,2026-03-22 07:14:01.960,69132.0,0.00723,A,499.82436,75913577220675
1774163645020,2026-03-22 07:14:05.020,69132.0,0.00142,A,98.16744,177864193401058
1774163645973,2026-03-22 07:14:05.973,69133.0,0.0024,B,165.9192,156282732655829
1774163646032,2026-03-22 07:14:06.032,69133.0,0.03809,B,2633.27597,539179657383710
1774163646032,2026-03-22 07:14:06.032,69133.0,0.00017,B,11.75261,569575067470483
1774163646032,2026-03-22 07:14:06.032,69134.0,0.01538,B,1063.28092,418373983479633
1774163646032,2026-03-22 07:14:06.032,69134.0,0.00017,B,11.752780000000001,825264951359971
1774163646032,2026-03-22 07:14:06.032,69135.0,0.00017,B,11.75295,958520742544256
1774163646032,2026-03-22 07:14:06.032,69136.0,0.00016,B,11.061760000000001,1010266224311817
1774163646032,2026-03-22 07:14:06.032,69136.0,0.00017,B,11.753120000000001,506036662994214
1774163646032,2026-03-22 07:14:06.032,69137.0,0.00017,B,11.753290000000002,1099381768021377
1774163646032,2026-03-22 07:14:06.032,69137.0,0.003,B,207.411,754043364190471
1774163646032,2026-03-22 07:14:06.032,69137.0,0.00022,B,15.21014,840310432248095
1774163646032,2026-03-22 07:14:06.032,69137.0,0.00022,B,15.21014,779676170022352
1774163646032,2026-03-22 07:14:06.032,69137.0,0.00022,B,15.21014,131478332161497
1774163646032,2026-03-22 07:14:06.032,69137.0,0.34997,B,24195.87589,455460267267947
1774163646032,2026-03-22 07:14:06.032,69137.0,0.01012,B,699.6664400000001,868027598675123
1774163646032,2026-03-22 07:14:06.032,69138.0,0.00017,B,11.75346,244636483622047
1774163646032,2026-03-22 07:14:06.032,69138.0,0.04048,B,2798.70624,1067610470818190
1774163646032,2026-03-22 07:14:06.032,69139.0,0.00017,B,11.753630000000001,1080153650841046
1774163646032,2026-03-22 07:14:06.032,69139.0,0.003,B,207.417,331260324027818
1774163646032,2026-03-22 07:14:06.032,69139.0,0.00145,B,100.25155,194857671768868
1774163646032,2026-03-22 07:14:06.032,69140.0,0.00016,B,11.0624,622497612140688
1774163646032,2026-03-22 07:14:06.032,69140.0,0.00017,B,11.7538,554711745214867
1774163646032,2026-03-22 07:14:06.032,69140.0,0.00015,B,10.370999999999999,1001045587736185
1774163646032,2026-03-22 07:14:06.032,69140.0,0.58267,B,40285.8038,158001886269053
1774163646032,2026-03-22 07:14:06.032,69140.0,0.05665,B,3916.781,402274071322558
1774163646032,2026-03-22 07:14:06.032,69141.0,0.00017,B,11.75397,389510703917382
1774163646032,2026-03-22 07:14:06.032,69142.0,0.00017,B,11.754140000000001,529884830406178
1774163646032,2026-03-22 07:14:06.032,69142.0,0.001,B,69.142,1034620032733699
1774163646032,2026-03-22 07:14:06.032,69142.0,0.20241,B,13995.032220000001,910830449136327
1774163646032,2026-03-22 07:14:06.032,69142.0,0.33225,B,22972.4295,425408391752369
1774163647105,2026-03-22 07:14:07.105,69143.0,0.00145,B,100.25734999999999,26212123618506
1774163647105,2026-03-22 07:14:07.105,69143.0,0.00026,B,17.977179999999997,1084604647869209
1774163648034,2026-03-22 07:14:08.034,69142.0,0.00018,A,12.44556,407770467704161
1774163648034,2026-03-22 07:14:08.034,69143.0,0.00016,B,11.062880000000002,541439971428616
1774163648651,2026-03-22 07:14:08.651,69143.0,0.02012,B,1391.15716,193892072824430
1774163648651,2026-03-22 07:14:08.651,69143.0,0.39541,B,27339.833629999997,1086168527376392
1774163649117,2026-03-22 07:14:09.117,69142.0,0.06,A,4148.5199999999995,786497045160473
1774163649254,2026-03-22 07:14:09.254,69143.0,0.00017,B,11.75431,226050053729956
1774163651062,2026-03-22 07:14:11.062,69142.0,7e-05,A,4.8399399999999995,1123678178640495
1774163652277,2026-03-22 07:14:12.277,69143.0,0.14456,B,9995.31208,581030616272221
1774163653281,2026-03-22 07:14:13.281,69142.0,0.01157,A,799.97294,86503694029041
1774163654013,2026-03-22 07:14:14.013,69142.0,0.00415,A,286.9393,161433821706896
1774163654686,2026-03-22 07:14:14.686,69143.0,0.00044,B,30.42292,441517891066465
1774163655034,2026-03-22 07:14:15.034,69143.0,0.00057,B,39.41151,808376038805653
1774163658322,2026-03-22 07:14:18.322,69143.0,0.00145,B,100.25734999999999,32891340484379
1774163660939,2026-03-22 07:14:20.939,69142.0,0.00044,A,30.42248,442480678882303
1774163661735,2026-03-22 07:14:21.735,69143.0,7e-05,B,4.8400099999999995,249800558711823
1774163661735,2026-03-22 07:14:21.735,69143.0,0.03863,B,2670.9940899999997,771617521154805
1774163665017,2026-03-22 07:14:25.017,69142.0,0.00036,A,24.89112,235755920541705
1774163667027,2026-03-22 07:14:27.027,69142.0,0.00017,A,11.754140000000001,306267233090488
1774163669517,2026-03-22 07:14:29.517,69142.0,0.006,A,414.85200000000003,837130939506103
1774163671053,2026-03-22 07:14:31.053,69142.0,0.00238,A,164.55796,29623649869421
1774163672408,2026-03-22 07:14:32.408,69142.0,0.00058,A,40.10236,230588067218084
1774163674029,2026-03-22 07:14:34.029,69142.0,0.00142,A,98.18164,676453077503170
1774163674947,2026-03-22 07:14:34.947,69143.0,0.00402,B,277.95486,809498959183483
1774163676048,2026-03-22 07:14:36.048,69143.0,0.96268,B,66562.58323999999,922019359726203
1774163676048,2026-03-22 07:14:36.048,69143.0,0.00289,B,199.82327,935271147232079
1774163676048,2026-03-22 07:14:36.048,69143.0,0.67383,B,46590.62769,867395938827751
1774163676735,2026-03-22 07:14:36.735,69143.0,0.00016,B,11.062880000000002,597109763368137
1774163678052,2026-03-22 07:14:38.052,69142.0,0.00017,A,11.754140000000001,690423550541383
1774163678052,2026-03-22 07:14:38.052,69143.0,0.00016,B,11.062880000000002,142611815090393
1774163683993,2026-03-22 07:14:43.993,69142.0,0.00029,A,20.05118,782788554648248
1774163684130,2026-03-22 07:14:44.130,69142.0,0.00416,A,287.63072,160608856862745
1774163685085,2026-03-22 07:14:45.085,69143.0,0.00056,B,38.720079999999996,173460215245314
1774163686893,2026-03-22 07:14:46.893,69142.0,0.02175,A,1503.8384999999998,127597026376054
1774163690119,2026-03-22 07:14:50.119,69143.0,0.00277,B,191.52611,973229766252095
1774163694727,2026-03-22 07:14:54.727,69143.0,0.00145,B,100.25734999999999,367656677558902
1774163695061,2026-03-22 07:14:55.061,69142.0,0.00036,A,24.89112,869225217235845
1774163695895,2026-03-22 07:14:55.895,69142.0,0.00145,A,100.2559,665523264132610
1774163695895,2026-03-22 07:14:55.895,69142.0,0.04339,A,3000.07138,700659683390651
1774163695895,2026-03-22 07:14:55.895,69142.0,0.00017,A,11.754140000000001,113290525539679
1774163695895,2026-03-22 07:14:55.895,69141.0,0.00023,A,15.90243,410908175900949
1774163695895,2026-03-22 07:14:55.895,69141.0,0.00015,A,10.371149999999998,1117470475888846
1774163695895,2026-03-22 07:14:55.895,69141.0,0.00017,A,11.75397,1036861772053321
1774163695946,2026-03-22 07:14:55.946,69140.0,0.00015,A,10.370999999999999,611683299964921
1774163695946,2026-03-22 07:14:55.946,69140.0,0.00017,A,11.7538,67198168433537
1774163695946,2026-03-22 07:14:55.946,69139.0,0.00017,A,11.753630000000001,496448147380536
1774163695946,2026-03-22 07:14:55.946,69138.0,0.00017,A,11.75346,261644630600440
1774163695946,2026-03-22 07:14:55.946,69137.0,0.003,A,207.411,126823672884104
1774163695946,2026-03-22 07:14:55.946,69137.0,0.00016,A,11.06192,470402101816525
1774163695946,2026-03-22 07:14:55.946,69137.0,0.00017,A,11.753290000000002,535395338683726
1774163695946,2026-03-22 07:14:55.946,69136.0,0.00017,A,11.753120000000001,254107203577166
1774163695946,2026-03-22 07:14:55.946,69135.0,0.00017,A,11.75295,714201234944904
1774163695946,2026-03-22 07:14:55.946,69134.0,0.00016,A,11.061440000000001,848762986337097
1774163695946,2026-03-22 07:14:55.946,69134.0,0.00017,A,11.752780000000001,310224771480124
1774163695946,2026-03-22 07:14:55.946,69133.0,0.02205,A,1524.38265,65223308876104
1774163695946,2026-03-22 07:14:55.946,69133.0,0.00017,A,11.75261,729231601713404
1774163695946,2026-03-22 07:14:55.946,69132.0,0.003,A,207.39600000000002,918651704261539
1774163695946,2026-03-22 07:14:55.946,69132.0,0.00017,A,11.75244,879970970329614
1774163695946,2026-03-22 07:14:55.946,69131.0,0.00017,A,11.752270000000001,895468114066021
1774163695946,2026-03-22 07:14:55.946,69130.0,0.00016,A,11.0608,945355397300657
1774163695946,2026-03-22 07:14:55.946,69130.0,0.00015,A,10.369499999999999,578058848623961
1774163695946,2026-03-22 07:14:55.946,69130.0,0.22363,A,15459.5419,383504830988755
1774163696098,2026-03-22 07:14:56.098,69130.0,0.37637,A,26018.4581,747821134872885
1774163696098,2026-03-22 07:14:56.098,69130.0,0.00017,A,11.7521,1064258621682558
1774163696098,2026-03-22 07:14:56.098,69129.0,0.00017,A,11.751930000000002,380356141835342
1774163696098,2026-03-22 07:14:56.098,69128.0,0.0007,A,48.3896,639546356801169
1774163696098,2026-03-22 07:14:56.098,69128.0,0.00017,A,11.75176,165681006348274
1774163696098,2026-03-22 07:14:56.098,69127.0,0.00017,A,11.75159,132391997221745
1774163696098,2026-03-22 07:14:56.098,69126.0,0.00016,A,11.060160000000002,1080211931112790
1774163696098,2026-03-22 07:14:56.098,69126.0,0.00022,A,15.20772,505051950250556
1774163696098,2026-03-22 07:14:56.098,69126.0,0.00017,A,11.751420000000001,620184645775040
1774163696098,2026-03-22 07:14:56.098,69125.0,0.00015,A,10.368749999999999,117425093440132
1774163696098,2026-03-22 07:14:56.098,69125.0,0.00017,A,11.75125,989512340721319
1774163696098,2026-03-22 07:14:56.098,69124.0,0.00017,A,11.75108,962983481287647
1774163696098,2026-03-22 07:14:56.098,69123.0,0.00016,A,11.05968,1099586711647289
1774163696098,2026-03-22 07:14:56.098,69123.0,0.00017,A,11.750910000000001,667946216644562
1774163696098,2026-03-22 07:14:56.098,69122.0,0.001,A,69.122,724804181971287
1774163696098,2026-03-22 07:14:56.098,69122.0,0.001,A,69.122,1088486540082621
1774163696098,2026-03-22 07:14:56.098,69120.0,0.00015,A,10.367999999999999,856562475274978
1774163696098,2026-03-22 07:14:56.098,69119.0,0.00016,A,11.059040000000001,579433907184751
1774163697023,2026-03-22 07:14:57.023,69112.0,0.00015,A,10.3668,1025600305779667
1774163697023,2026-03-22 07:14:57.023,69110.0,2e-05,A,1.3822,1003961397535229
1774163698343,2026-03-22 07:14:58.343,69110.0,0.00028,A,19.3508,1084630189457423
1774163698343,2026-03-22 07:14:58.343,69110.0,0.00282,A,194.8902,623891803631857
1774163698416,2026-03-22 07:14:58.416,69110.0,0.00017,A,11.748700000000001,86111581511297
1774163698416,2026-03-22 07:14:58.416,69110.0,0.00328,A,226.6808,432342665737295
1774163699015,2026-03-22 07:14:59.015,69110.0,0.00251,A,173.4661,778840622399203
1774163699015,2026-03-22 07:14:59.015,69110.0,0.00262,A,181.0682,693633081974595
1774163699015,2026-03-22 07:14:59.015,69110.0,0.0139,A,960.6289999999999,986637915363812
1774163699220,2026-03-22 07:14:59.220,69110.0,0.01106,A,764.3566000000001,350482533169417
1774163699220,2026-03-22 07:14:59.220,69110.0,0.01836,A,1268.8596,172486502837264
1774163699623,2026-03-22 07:14:59.623,69110.0,0.00034,A,23.497400000000003,759862978427345
1774163699623,2026-03-22 07:14:59.623,69110.0,0.05786,A,3998.7046,818127109888462
1774163700026,2026-03-22 07:15:00.026,69111.0,0.001,B,69.111,617802353396662
1774163701031,2026-03-22 07:15:01.031,69110.0,0.00238,A,164.48180000000002,939884642971924
1774163701233,2026-03-22 07:15:01.233,69110.0,0.00017,A,11.748700000000001,534277839137588
1774163701775,2026-03-22 07:15:01.775,69110.0,0.03184,A,2200.4624,687482255130985
1774163701775,2026-03-22 07:15:01.775,69109.0,0.004,A,276.436,601504675784071
1774163701775,2026-03-22 07:15:01.775,69109.0,0.00017,A,11.74853,958237133959451
1774163702036,2026-03-22 07:15:02.036,69109.0,0.00183,B,126.46947,1088613638814889
1774163703917,2026-03-22 07:15:03.917,69108.0,0.0003,A,20.7324,639901433070138
1774163703917,2026-03-22 07:15:03.917,69108.0,0.00017,A,11.748360000000002,119325968865367
1774163703917,2026-03-22 07:15:03.917,69108.0,0.00266,A,183.82728,981274211856093
1774163704269,2026-03-22 07:15:04.269,69108.0,0.01075,A,742.911,509679240605977
1774163704624,2026-03-22 07:15:04.624,69108.0,0.00346,A,239.11368,967553480240281
1774163704624,2026-03-22 07:15:04.624,69108.0,0.00359,A,248.09771999999998,881362640685597
1774163704624,2026-03-22 07:15:04.624,69108.0,0.00848,A,586.03584,1046448858422849
1774163704624,2026-03-22 07:15:04.624,69108.0,0.01054,A,728.39832,604290884342427
1774163705011,2026-03-22 07:15:05.011,69108.0,0.00142,A,98.13336,964362343909301
1774163706015,2026-03-22 07:15:06.015,69109.0,0.03258,B,2251.57122,1108440356225967
1774163706015,2026-03-22 07:15:06.015,69109.0,1.01287,B,69998.43282999999,1033324383898211
1774163706015,2026-03-22 07:15:06.015,69109.0,0.45457,B,31414.878129999997,565124317447594
1774163706015,2026-03-22 07:15:06.015,69109.0,0.13928,B,9625.50152,626574371692371
1774163707862,2026-03-22 07:15:07.862,69109.0,0.00023,B,15.89507,272639178073946
1774163708067,2026-03-22 07:15:08.067,69108.0,0.00019,A,13.13052,944831832901783
1774163708067,2026-03-22 07:15:08.067,69109.0,0.00016,B,11.057440000000001,112455436795207
1774163708565,2026-03-22 07:15:08.565,69108.0,0.00024,A,16.58592,1057657359404436
1774163709581,2026-03-22 07:15:09.581,69108.0,0.0084,A,580.5072,386031448210129
1774163710698,2026-03-22 07:15:10.698,69109.0,0.00164,B,113.33876,803178000491283
1774163711106,2026-03-22 07:15:11.106,69110.0,0.00015,B,10.366499999999998,521955353158534
1774163711106,2026-03-22 07:15:11.106,69110.0,0.00017,B,11.748700000000001,116210195618828
1774163711106,2026-03-22 07:15:11.106,69111.0,0.00015,B,10.36665,1021527228184367
1774163711106,2026-03-22 07:15:11.106,69111.0,0.00017,B,11.74887,374496458704994
1774163711217,2026-03-22 07:15:11.217,69112.0,0.00723,B,499.67976000000004,776024511532207
1774163711217,2026-03-22 07:15:11.217,69112.0,0.00017,B,11.74904,107634625786981
1774163711217,2026-03-22 07:15:11.217,69112.0,0.00015,B,10.3668,313074977089151
1774163711217,2026-03-22 07:15:11.217,69113.0,0.00017,B,11.749210000000001,849341933495988
1774163711217,2026-03-22 07:15:11.217,69113.0,0.00015,B,10.36695,323873645751123
1774163711217,2026-03-22 07:15:11.217,69114.0,0.00016,B,11.058240000000001,384850858861901
1774163711217,2026-03-22 07:15:11.217,69114.0,0.00017,B,11.74938,693010212454347
1774163711217,2026-03-22 07:15:11.217,69115.0,0.00053,B,36.63095,216847199895244
1774163711746,2026-03-22 07:15:11.746,69115.0,0.00017,B,11.749550000000001,126756628047970
1774163712102,2026-03-22 07:15:12.102,69116.0,0.00017,B,11.749720000000002,852792198603331
1774163712102,2026-03-22 07:15:12.102,69116.0,0.003,B,207.348,760217470815086
1774163712102,2026-03-22 07:15:12.102,69117.0,0.00017,B,11.74989,907307805061972
1774163712102,2026-03-22 07:15:12.102,69118.0,0.00017,B,11.750060000000001,389570380532804
1774163712102,2026-03-22 07:15:12.102,69118.0,0.00016,B,11.05888,935962503975956
1774163712102,2026-03-22 07:15:12.102,69119.0,0.00017,B,11.75023,148472067717965
1774163712102,2026-03-22 07:15:12.102,69119.0,0.00015,B,10.367849999999999,489960226300976
1774163712102,2026-03-22 07:15:12.102,69120.0,0.00017,B,11.7504,416299734280885
1774163712102,2026-03-22 07:15:12.102,69121.0,0.003,B,207.363,848800957148836
1774163712102,2026-03-22 07:15:12.102,69121.0,0.00017,B,11.750570000000002,127575576123614
1774163712102,2026-03-22 07:15:12.102,69121.0,0.02867,B,1981.6990700000001,995283531546586
1774163712305,2026-03-22 07:15:12.305,69121.0,0.00145,B,100.22545,137774232494740
1774163714072,2026-03-22 07:15:14.072,69120.0,0.00416,A,287.5392,836219231418430
1774163714387,2026-03-22 07:15:14.387,69121.0,0.0207,B,1430.8047,506980029152367
1774163714578,2026-03-22 07:15:14.578,69121.0,0.01911,B,1320.90231,1030870038410453
1774163714578,2026-03-22 07:15:14.578,69121.0,0.00607,B,419.56447,168121886139472
1774163714578,2026-03-22 07:15:14.578,69121.0,0.00305,B,210.81905,993994012983900
1774163714578,2026-03-22 07:15:14.578,69121.0,0.01729,B,1195.10209,476136609827086
1774163714578,2026-03-22 07:15:14.578,69121.0,0.03546,B,2451.03066,889999581699856
1774163714678,2026-03-22 07:15:14.678,69121.0,0.06182,B,4273.06022,202592089325061
1774163714678,2026-03-22 07:15:14.678,69121.0,0.03584,B,2477.2966399999996,999256280311934
1774163714678,2026-03-22 07:15:14.678,69121.0,0.07126,B,4925.56246,937985342103509
1774163714719,2026-03-22 07:15:14.719,69121.0,0.0336,B,2322.4656,100982126972413
1774163715083,2026-03-22 07:15:15.083,69121.0,0.00057,B,39.39897,646955437827853
1774163715083,2026-03-22 07:15:15.083,69121.0,0.00016,B,11.059360000000002,699512992274929
1774163716866,2026-03-22 07:15:16.866,69120.0,0.00047,A,32.486399999999996,759539210255562
1774163716930,2026-03-22 07:15:16.930,69121.0,1e-05,B,0.6912100000000001,490687070866803
1774163716930,2026-03-22 07:15:16.930,69121.0,0.03869,B,2674.29149,154517014875343
1774163721308,2026-03-22 07:15:21.308,69120.0,0.00156,A,107.8272,532016714339951
1774163724366,2026-03-22 07:15:24.366,69121.0,0.00045,B,31.10445,908429533609430
1774163725046,2026-03-22 07:15:25.046,69120.0,0.00036,A,24.883200000000002,118470047469657
1774163727073,2026-03-22 07:15:27.073,69120.0,0.00017,A,11.7504,1049137930527079
1774163727177,2026-03-22 07:15:27.177,69121.0,0.00016,B,11.059360000000002,916973810325712
1774163728586,2026-03-22 07:15:28.586,69120.0,0.00022,A,15.2064,319179993513421
1774163729388,2026-03-22 07:15:29.388,69121.0,0.00067,B,46.31107,1124693613462014
1774163730681,2026-03-22 07:15:30.681,69120.0,0.009,A,622.0799999999999,725082798142719
1774163730681,2026-03-22 07:15:30.681,69120.0,0.00365,A,252.288,531245966713966
1774163730730,2026-03-22 07:15:30.730,69120.0,0.09467,A,6543.5904,745677347051142
1774163730879,2026-03-22 07:15:30.879,69120.0,0.03632,A,2510.4384,17861894684766
1774163730879,2026-03-22 07:15:30.879,69120.0,0.00145,A,100.22399999999999,953338182744576
1774163730879,2026-03-22 07:15:30.879,69120.0,0.00145,A,100.22399999999999,634562611629630
1774163730879,2026-03-22 07:15:30.879,69120.0,0.00145,A,100.22399999999999,337580577658311
1774163730879,2026-03-22 07:15:30.879,69120.0,0.00145,A,100.22399999999999,456069999919413
1774163730879,2026-03-22 07:15:30.879,69120.0,0.00145,A,100.22399999999999,558294406333348
1774163730879,2026-03-22 07:15:30.879,69120.0,0.00145,A,100.22399999999999,178196088155507
1774163730879,2026-03-22 07:15:30.879,69120.0,0.03787,A,2617.5744,1038504494642864
1774163730879,2026-03-22 07:15:30.879,69120.0,0.00036,A,24.883200000000002,300337618126908
1774163731080,2026-03-22 07:15:31.080,69119.0,0.00015,A,10.367849999999999,1111731789133179
1774163731080,2026-03-22 07:15:31.080,69115.0,0.00016,A,11.0584,728771148975878
1774163731080,2026-03-22 07:15:31.080,69115.0,0.00206,A,142.3769,715346463842294
1774163734038,2026-03-22 07:15:34.038,69115.0,0.00017,A,11.749550000000001,710585599528596
1774163734038,2026-03-22 07:15:34.038,69115.0,0.00124,A,85.7026,69193531600244
1774163735877,2026-03-22 07:15:35.877,69115.0,0.00017,A,11.749550000000001,917893783225065
1774163736006,2026-03-22 07:15:36.006,69116.0,0.15295,B,10571.2922,405900009062019
1774163736006,2026-03-22 07:15:36.006,69116.0,0.15148,B,10469.69168,501239775888651
1774163736006,2026-03-22 07:15:36.006,69116.0,0.0943,B,6517.6388,1063492442912128
1774163736006,2026-03-22 07:15:36.006,69116.0,0.15273,B,10556.08668,793253160803083
1774163736006,2026-03-22 07:15:36.006,69116.0,0.13852,B,9573.94832,155991558483738
1774163736006,2026-03-22 07:15:36.006,69116.0,0.36361,B,25131.26876,984580343981332
1774163736006,2026-03-22 07:15:36.006,69116.0,0.30514,B,21090.05624,655659969732480
1774163736006,2026-03-22 07:15:36.006,69116.0,0.28067,B,19398.787719999997,1119800721247549
1774163737119,2026-03-22 07:15:37.119,69116.0,1e-05,B,0.6911600000000001,740968893689537
1774163737369,2026-03-22 07:15:37.369,69116.0,0.00038,B,26.26408,680498035166544
1774163738016,2026-03-22 07:15:38.016,69115.0,0.00017,A,11.749550000000001,650953525329515
1774163738016,2026-03-22 07:15:38.016,69116.0,0.00016,B,11.058560000000002,1077599203740727
1774163744034,2026-03-22 07:15:44.034,69115.0,0.00416,A,287.5184,748492114896277
1774163745044,2026-03-22 07:15:45.044,69116.0,0.00056,B,38.70496,1006528077878497
1774163747653,2026-03-22 07:15:47.653,69116.0,0.00774,B,534.95784,428873232455897
1774163749198,2026-03-22 07:15:49.198,69115.0,0.01832,A,1266.1868,85953387626054
1774163749604,2026-03-22 07:15:49.604,69115.0,0.009,A,622.035,231236346634309
1774163750071,2026-03-22 07:15:50.071,69115.0,0.00015,A,10.367249999999999,131357887604429
1774163750672,2026-03-22 07:15:50.672,69115.0,0.00029,A,20.04335,904812658310080
1774163751686,2026-03-22 07:15:51.686,69116.0,0.01427,B,986.28532,836295065024023
1774163754693,2026-03-22 07:15:54.693,69115.0,0.01453,A,1004.24095,690682764309077
1774163755041,2026-03-22 07:15:55.041,69115.0,0.00036,A,24.881400000000003,524569522120391
1774163755719,2026-03-22 07:15:55.719,69116.0,0.03957,B,2734.92012,706680200017416
1774163755719,2026-03-22 07:15:55.719,69116.0,0.02043,B,1412.03988,460326385478469
1774163756499,2026-03-22 07:15:56.499,69116.0,0.01,B,691.16,69078590381546
1774163756914,2026-03-22 07:15:56.914,69115.0,0.09749,A,6738.02135,839566238290354
1774163756914,2026-03-22 07:15:56.914,69115.0,0.00017,A,11.749550000000001,683201790388076
1774163756914,2026-03-22 07:15:56.914,69115.0,0.01809,A,1250.29035,94333632917815
1774163757046,2026-03-22 07:15:57.046,69115.0,0.00017,A,11.749550000000001,592853066111555
1774163757115,2026-03-22 07:15:57.115,69115.0,0.007,A,483.805,1064485407653786
1774163758106,2026-03-22 07:15:58.106,69116.0,0.00016,B,11.058560000000002,286026738308361
1774163761071,2026-03-22 07:16:01.071,69115.0,0.00238,A,164.49370000000002,1089559820612223
1774163761733,2026-03-22 07:16:01.733,69115.0,0.02998,A,2072.0677,630856549387932
1774163765022,2026-03-22 07:16:05.022,69115.0,0.00142,A,98.1433,695871204120685
1774163766030,2026-03-22 07:16:06.030,69116.0,0.17941,B,12400.10156,1124239936619066
1774163766030,2026-03-22 07:16:06.030,69116.0,0.39804,B,27510.93264,122975089796618
1774163766030,2026-03-22 07:16:06.030,69116.0,0.17561,B,12137.46076,1053807213879646
1774163766030,2026-03-22 07:16:06.030,69116.0,0.51965,B,35916.1294,515392943187491
1774163766030,2026-03-22 07:16:06.030,69116.0,0.00145,B,100.2182,427424531563230
1774163766030,2026-03-22 07:16:06.030,69116.0,0.36514,B,25237.01624,1039939067332354
1774163767406,2026-03-22 07:16:07.406,69115.0,0.02856,A,1973.9243999999999,993346038770529
1774163768036,2026-03-22 07:16:08.036,69115.0,0.00021,A,14.51415,676749275289094
1774163772379,2026-03-22 07:16:12.379,69116.0,0.00145,B,100.2182,893961030144182
1774163772379,2026-03-22 07:16:12.379,69116.0,0.00036,B,24.88176,735515436066784
1774163772379,2026-03-22 07:16:12.379,69116.0,0.00036,B,24.88176,1035123475485871
1774163772379,2026-03-22 07:16:12.379,69116.0,0.00036,B,24.88176,438475505288992
1774163772379,2026-03-22 07:16:12.379,69116.0,0.01012,B,699.45392,1017436315260298
1774163773587,2026-03-22 07:16:13.587,69118.0,0.00611,B,422.31098,288080036799116
1774163773587,2026-03-22 07:16:13.587,69118.0,0.00704,B,486.59072000000003,37512246602414
1774163773587,2026-03-22 07:16:13.587,69118.0,0.00417,B,288.22206,714659896313210
1774163774081,2026-03-22 07:16:14.081,69117.0,0.00416,A,287.52671999999995,999019117460191
1774163774391,2026-03-22 07:16:14.391,69118.0,0.01409,B,973.87262,246187398269793
1774163774391,2026-03-22 07:16:14.391,69118.0,0.00908,B,627.5914399999999,249701998467428
1774163774391,2026-03-22 07:16:14.391,69118.0,0.00017,B,11.750060000000001,472346694043072
1774163774391,2026-03-22 07:16:14.391,69118.0,0.00028,B,19.35304,722759278599261
1774163774484,2026-03-22 07:16:14.484,69118.0,0.00308,B,212.88343999999998,591403232918497
1774163774590,2026-03-22 07:16:14.590,69118.0,0.00259,B,179.01561999999998,26583611853623
1774163774685,2026-03-22 07:16:14.685,69118.0,0.00417,B,288.22206,522062851615611
1774163775087,2026-03-22 07:16:15.087,69118.0,0.00015,B,10.3677,682903904442375
1774163775087,2026-03-22 07:16:15.087,69118.0,0.00017,B,11.750060000000001,705275625483758
1774163775087,2026-03-22 07:16:15.087,69119.0,0.00025,B,17.27975,231846862067014
1774163775087,2026-03-22 07:16:15.087,69118.0,7e-05,A,4.83826,911173674749931
1774163778202,2026-03-22 07:16:18.202,69119.0,0.00329,B,227.40151,846260052545642
1774163778202,2026-03-22 07:16:18.202,69119.0,0.00232,B,160.35608,690672083560707
1774163778202,2026-03-22 07:16:18.202,69119.0,0.00541,B,373.93379,830410064187168
1774163778202,2026-03-22 07:16:18.202,69119.0,0.00958,B,662.16002,495088475911547
1774163778202,2026-03-22 07:16:18.202,69119.0,9e-05,B,6.22071,460589136312423
1774163778400,2026-03-22 07:16:18.400,69119.0,0.00022,B,15.20618,695801280804975
1774163778503,2026-03-22 07:16:18.503,69119.0,0.01971,B,1362.33549,210711526470341
1774163778602,2026-03-22 07:16:18.602,69119.0,0.00022,B,15.20618,957488641540390
1774163779871,2026-03-22 07:16:19.871,69119.0,7e-05,B,4.83833,579923257699691
1774163785037,2026-03-22 07:16:25.037,69118.0,0.00036,A,24.88248,504674019784413
1774163785517,2026-03-22 07:16:25.517,69119.0,0.0765,B,5287.6035,1109705051646168
1774163787044,2026-03-22 07:16:27.044,69118.0,0.00017,A,11.750060000000001,864050199765545
1774163787709,2026-03-22 07:16:27.709,69119.0,0.00017,B,11.75023,631139330934550
1774163790368,2026-03-22 07:16:30.368,69119.0,0.00017,B,11.75023,234138579926393
1774163790368,2026-03-22 07:16:30.368,69119.0,0.00027,B,18.66213,4054459697914
1774163790572,2026-03-22 07:16:30.572,69119.0,0.00118,B,81.56042000000001,995289871740743
1774163790572,2026-03-22 07:16:30.572,69119.0,0.00036,B,24.88284,660888370879597
1774163790572,2026-03-22 07:16:30.572,69119.0,0.00036,B,24.88284,246633803771789
1774163790572,2026-03-22 07:16:30.572,69119.0,0.00036,B,24.88284,455694908259962
1774163790572,2026-03-22 07:16:30.572,69120.0,0.00017,B,11.7504,172396234243576
1774163790572,2026-03-22 07:16:30.572,69121.0,0.00017,B,11.750570000000002,622040849067755
1774163790572,2026-03-22 07:16:30.572,69121.0,0.003,B,207.363,371783558406646
1774163790572,2026-03-22 07:16:30.572,69122.0,0.00016,B,11.059520000000001,97041068514344
1774163790572,2026-03-22 07:16:30.572,69122.0,0.0001,B,6.9122,704942770313641
1774163790572,2026-03-22 07:16:30.572,69122.0,7e-05,B,4.838539999999999,381040843732105
1774163790572,2026-03-22 07:16:30.572,69123.0,0.00017,B,11.750910000000001,355159063742057
1774163790572,2026-03-22 07:16:30.572,69124.0,0.00017,B,11.75108,557461776852505
1774163790572,2026-03-22 07:16:30.572,69124.0,0.00015,B,10.368599999999999,145495569526222
1774163790572,2026-03-22 07:16:30.572,69124.0,0.05644,B,3901.3585599999997,735543572260366
1774163791087,2026-03-22 07:16:31.087,69123.0,0.00238,A,164.51274,162043647479139
1774163791883,2026-03-22 07:16:31.883,69124.0,0.00019,B,13.133560000000001,439464167783416
1774163794900,2026-03-22 07:16:34.900,69124.0,0.00151,B,104.37724,689409233948877
1774163795038,2026-03-22 07:16:35.038,69123.0,0.00142,A,98.15466,875399280941633
1774163796065,2026-03-22 07:16:36.065,69124.0,0.42944,B,29684.61056,929381112972010
1774163796065,2026-03-22 07:16:36.065,69124.0,0.01446,B,999.53304,681025996960377
1774163796065,2026-03-22 07:16:36.065,69124.0,0.04049,B,2798.83076,202916839006901
1774163796065,2026-03-22 07:16:36.065,69124.0,0.01012,B,699.53488,1123978622936602
1774163796065,2026-03-22 07:16:36.065,69124.0,0.00017,B,11.75108,359879072067786
1774163796065,2026-03-22 07:16:36.065,69124.0,0.36953,B,25543.391720000003,1029372938005028
1774163796065,2026-03-22 07:16:36.065,69124.0,0.11732,B,8109.62768,55668071168209
1774163796065,2026-03-22 07:16:36.065,69124.0,0.00454,B,313.82295999999997,227449264516072
1774163796065,2026-03-22 07:16:36.065,69124.0,0.36974,B,25557.907760000002,912464750463855
1774163796065,2026-03-22 07:16:36.065,69124.0,0.07253,B,5013.56372,176954110313606
1774163796065,2026-03-22 07:16:36.065,69124.0,0.09638,B,6662.17112,1011008901841344
1774163796065,2026-03-22 07:16:36.065,69124.0,0.07281,B,5032.91844,539247313346620
1774163796065,2026-03-22 07:16:36.065,69124.0,0.04187,B,2894.2218799999996,63164760610734
1774163796525,2026-03-22 07:16:36.525,69123.0,0.00044,A,30.41412,1031418918300814
1774163796606,2026-03-22 07:16:36.606,69124.0,0.00072,B,49.76928,790979814393013
1774163796794,2026-03-22 07:16:36.794,69124.0,0.03988,B,2756.66512,1077120298245723
1774163796794,2026-03-22 07:16:36.794,69124.0,0.03245,B,2243.0738,429123680601359
1774163798079,2026-03-22 07:16:38.079,69123.0,0.00019,A,13.133370000000001,329854168720902
1774163798079,2026-03-22 07:16:38.079,69124.0,0.00016,B,11.059840000000001,390423619217057
1774163798196,2026-03-22 07:16:38.196,69123.0,0.01029,A,711.27567,130785543217624
1774163799830,2026-03-22 07:16:39.830,69124.0,0.00178,B,123.04072,1062878472786525
1774163804017,2026-03-22 07:16:44.017,69123.0,0.00415,A,286.86045,1087926445260519
1774163804758,2026-03-22 07:16:44.758,69124.0,0.0207,B,1430.8668,241108674408016
1774163805064,2026-03-22 07:16:45.064,69124.0,0.00057,B,39.40068,964947034026209
1774163808973,2026-03-22 07:16:48.973,69123.0,0.00022,A,15.20706,885981327032950
1774163808973,2026-03-22 07:16:48.973,69123.0,0.25,A,17280.75,12126188221966
1774163812435,2026-03-22 07:16:52.435,69124.0,0.05786,B,3999.5146400000003,416440021900114
1774163813048,2026-03-22 07:16:53.048,69123.0,0.00271,A,187.32333,755701458019842
1774163814646,2026-03-22 07:16:54.646,69123.0,0.02026,A,1400.43198,808253426782719
1774163814646,2026-03-22 07:16:54.646,69123.0,0.14556,A,10061.54388,476522584862841
1774163814646,2026-03-22 07:16:54.646,69123.0,0.00945,A,653.21235,280270631479403
1774163814646,2026-03-22 07:16:54.646,69123.0,0.10127,A,7000.0862099999995,29898278678769
1774163814646,2026-03-22 07:16:54.646,69123.0,0.01271,A,878.5533300000001,641766688317033
1774163815002,2026-03-22 07:16:55.002,69123.0,0.00036,A,24.88428,317014423623732
1774163815196,2026-03-22 07:16:55.196,69123.0,0.05638,A,3897.15474,502321086633626
1774163815196,2026-03-22 07:16:55.196,69123.0,0.00217,A,149.99691,29938343365019
1774163815196,2026-03-22 07:16:55.196,69123.0,0.05,A,3456.15,458110309257270
1774163815196,2026-03-22 07:16:55.196,69123.0,0.05091,A,3519.0519299999996,724666079763213
1774163815311,2026-03-22 07:16:55.311,69123.0,0.14466,A,9999.333180000001,574121319321958
1774163817002,2026-03-22 07:16:57.002,69123.0,0.00017,A,11.750910000000001,145584305878914
1774163817067,2026-03-22 07:16:57.067,69123.0,0.00029,A,20.04567,513878891114956
1774163817463,2026-03-22 07:16:57.463,69123.0,0.01,A,691.23,96310243378559
1774163817870,2026-03-22 07:16:57.870,69123.0,0.1384,A,9566.6232,707753987216526
1774163817870,2026-03-22 07:16:57.870,69123.0,0.06957,A,4808.887110000001,510893894929744
1774163817870,2026-03-22 07:16:57.870,69123.0,0.36136,A,24978.28728,915658223000045
1774163817870,2026-03-22 07:16:57.870,69123.0,0.07061,A,4880.775030000001,973923039805168
1774163817870,2026-03-22 07:16:57.870,69123.0,0.0829,A,5730.2967,749004663494898
1774163817870,2026-03-22 07:16:57.870,69123.0,0.14221,A,9829.98183,893370914186467
1774163817870,2026-03-22 07:16:57.870,69123.0,0.12299,A,8501.43777,166493029604122
1774163817870,2026-03-22 07:16:57.870,69123.0,0.12296,A,8499.36408,409673747819095
1774163817870,2026-03-22 07:16:57.870,69123.0,0.11302,A,7812.281459999999,252976121109755
1774163817870,2026-03-22 07:16:57.870,69123.0,0.08591,A,5938.35693,789879030250268
1774163819733,2026-03-22 07:16:59.733,69124.0,0.00044,B,30.41456,968784851798837
1774163821046,2026-03-22 07:17:01.046,69123.0,0.00238,A,164.51274,268097965832393
1774163821551,2026-03-22 07:17:01.551,69123.0,0.00289,A,199.76547000000002,17021109871085
1774163823578,2026-03-22 07:17:03.578,69124.0,0.0114,B,788.0136,885278807631854
1774163824065,2026-03-22 07:17:04.065,69123.0,0.00103,A,71.19669,627806703764032
1774163824065,2026-03-22 07:17:04.065,69123.0,0.00039,A,26.95797,809781368916405
1774163825276,2026-03-22 07:17:05.276,69124.0,0.01001,B,691.93124,142594038675327
1774163825741,2026-03-22 07:17:05.741,69124.0,0.0188,B,1299.5312000000001,320610959010497
1774163825876,2026-03-22 07:17:05.876,69123.0,0.00044,A,30.41412,296237553633813
1774163826048,2026-03-22 07:17:06.048,69124.0,0.03028,B,2093.07472,159170858057072
1774163826048,2026-03-22 07:17:06.048,69124.0,0.12793,B,8843.033319999999,945674971877572
1774163826048,2026-03-22 07:17:06.048,69124.0,0.14563,B,10066.52812,678006508719291
1774163826048,2026-03-22 07:17:06.048,69124.0,0.13518,B,9344.18232,82338911790416
1774163826048,2026-03-22 07:17:06.048,69124.0,0.13617,B,9412.615080000001,151757359452717
1774163826048,2026-03-22 07:17:06.048,69124.0,0.12377,B,8555.47748,779758397089065
1774163826048,2026-03-22 07:17:06.048,69124.0,0.13321,B,9208.008039999999,216716811075116
1774163826048,2026-03-22 07:17:06.048,69124.0,0.07332,B,5068.1716799999995,211118182243288
1774163826048,2026-03-22 07:17:06.048,69124.0,0.10656,B,7365.85344,845420220304472
1774163826048,2026-03-22 07:17:06.048,69124.0,0.066,B,4562.184,733272084541192
1774163826048,2026-03-22 07:17:06.048,69124.0,0.08792,B,6077.38208,7498074955164
1774163826048,2026-03-22 07:17:06.048,69124.0,0.07741,B,5350.8888400000005,553108714996039
1774163826048,2026-03-22 07:17:06.048,69124.0,0.01446,B,999.53304,79170097360722
1774163826048,2026-03-22 07:17:06.048,69124.0,0.10645,B,7358.2498000000005,234176611052311
1774163826048,2026-03-22 07:17:06.048,69124.0,0.06653,B,4598.81972,828464572332500
1774163826048,2026-03-22 07:17:06.048,69124.0,0.00017,B,11.75108,585880902964533
1774163826048,2026-03-22 07:17:06.048,69124.0,0.20831,B,14399.22044,209243367539745
1774163828004,2026-03-22 07:17:08.004,69123.0,0.00017,A,11.750910000000001,186423548147640
1774163828004,2026-03-22 07:17:08.004,69124.0,0.00016,B,11.059840000000001,910255913934591
1774163832501,2026-03-22 07:17:12.501,69123.0,0.0005,A,34.5615,639118981523086
1774163834044,2026-03-22 07:17:14.044,69123.0,0.00416,A,287.55168,300379635994885
1774163835050,2026-03-22 07:17:15.050,69124.0,0.00056,B,38.709439999999994,1005998603695255
1774163836057,2026-03-22 07:17:16.057,69124.0,0.1605,B,11094.402,627151958995520
1774163836057,2026-03-22 07:17:16.057,69124.0,0.06969,B,4817.25156,256085719724269
1774163836057,2026-03-22 07:17:16.057,69124.0,0.14639,B,10119.06236,542734885568226
1774163836809,2026-03-22 07:17:16.809,69123.0,0.01447,A,1000.2098100000001,569232763336679
1774163836809,2026-03-22 07:17:16.809,69123.0,0.00019,A,13.133370000000001,452088004103351
1774163838014,2026-03-22 07:17:18.014,69120.0,0.001,B,69.12,151719073361818
1774163838935,2026-03-22 07:17:18.935,69120.0,0.00482,B,333.1584,328952165514223
1774163845054,2026-03-22 07:17:25.054,69119.0,0.00036,A,24.88284,883756474077451
1774163847049,2026-03-22 07:17:27.049,69119.0,0.00017,A,11.75023,125675567156324
1774163848628,2026-03-22 07:17:28.628,69120.0,0.00017,B,11.7504,413587035571673
1774163848628,2026-03-22 07:17:28.628,69120.0,0.00346,B,239.1552,792781257614614
1774163848628,2026-03-22 07:17:28.628,69120.0,0.01012,B,699.4944,332960516389131
1774163848936,2026-03-22 07:17:28.936,69121.0,0.00017,B,11.750570000000002,213288445967273
1774163848936,2026-03-22 07:17:28.936,69121.0,0.00382,B,264.04222,186800959529467
1774163849692,2026-03-22 07:17:29.692,69121.0,0.0083,B,573.7043,488612843479041
1774163849752,2026-03-22 07:17:29.752,69121.0,0.01524,B,1053.40404,811775468865062
1774163849752,2026-03-22 07:17:29.752,69121.0,0.00248,B,171.42008,1121366672580568
1774163849752,2026-03-22 07:17:29.752,69121.0,0.00257,B,177.64096999999998,331334596095175
1774163849752,2026-03-22 07:17:29.752,69121.0,0.00748,B,517.02508,151786851269836
1774163850545,2026-03-22 07:17:30.545,69121.0,0.0006,B,41.4726,1101777261147122
1774163850545,2026-03-22 07:17:30.545,69121.0,0.01012,B,699.5045200000001,200212651497616
1774163850545,2026-03-22 07:17:30.545,69121.0,0.00017,B,11.750570000000002,704501890919209
1774163850545,2026-03-22 07:17:30.545,69122.0,0.00017,B,11.75074,453234670786221
1774163851036,2026-03-22 07:17:31.036,69122.0,2e-05,A,1.3824400000000001,536167886369527
1774163851036,2026-03-22 07:17:31.036,69122.0,0.00236,A,163.12792000000002,370685291712573
1774163851901,2026-03-22 07:17:31.901,69123.0,0.0024,B,165.8952,709440161579489
1774163851901,2026-03-22 07:17:31.901,69123.0,0.00592,B,409.20816,1044571716466644
1774163851901,2026-03-22 07:17:31.901,69123.0,0.00188,B,129.95123999999998,165374116611162
1774163851901,2026-03-22 07:17:31.901,69123.0,0.00567,B,391.92740999999995,1065471686450270
1774163851901,2026-03-22 07:17:31.901,69123.0,0.02182,B,1508.26386,445688063163910
1774163854036,2026-03-22 07:17:34.036,69122.0,0.00141,A,97.46202,141092243869167
1774163856123,2026-03-22 07:17:36.123,69123.0,1.05773,B,73113.47079,224820778221845
1774163856123,2026-03-22 07:17:36.123,69123.0,0.04049,B,2798.79027,804930112475887
1774163856123,2026-03-22 07:17:36.123,69123.0,0.01012,B,699.52476,540296659642121
1774163856123,2026-03-22 07:17:36.123,69123.0,0.00017,B,11.750910000000001,638323295557565
1774163856123,2026-03-22 07:17:36.123,69123.0,0.0124,B,857.1252,563087857413408
1774163856123,2026-03-22 07:17:36.123,69123.0,0.00142,B,98.15466,444302439780387
1774163856123,2026-03-22 07:17:36.123,69124.0,0.01446,B,999.53304,536060550662313
1774163856123,2026-03-22 07:17:36.123,69124.0,0.00017,B,11.75108,825294520746924
1774163856123,2026-03-22 07:17:36.123,69125.0,0.00016,B,11.06,1002340919724583
1774163856123,2026-03-22 07:17:36.123,69125.0,0.00017,B,11.75125,719895318967621
1774163856123,2026-03-22 07:17:36.123,69125.0,0.00212,B,146.545,520164226414255
1774163856123,2026-03-22 07:17:36.123,69125.0,0.49989,B,34554.89625,189168579624980
1774163858061,2026-03-22 07:17:38.061,69124.0,0.00017,A,11.75108,828015456677539
1774163858061,2026-03-22 07:17:38.061,69125.0,0.00016,B,11.06,615655886780309
1774163858338,2026-03-22 07:17:38.338,69125.0,0.03991,B,2758.77875,564952726616334
1774163860276,2026-03-22 07:17:40.276,69124.0,0.00017,A,11.75108,194605265897900
1774163864026,2026-03-22 07:17:44.026,69124.0,0.00416,A,287.55584,291444921159230
1774163865033,2026-03-22 07:17:45.033,69125.0,0.00057,B,39.40125,416439342682187
1774163867327,2026-03-22 07:17:47.327,69125.0,0.00312,B,215.67,816877622165374
1774163871070,2026-03-22 07:17:51.070,69124.0,0.00036,A,24.88464,421183277484227
1774163875001,2026-03-22 07:17:55.001,69124.0,0.00036,A,24.88464,930615208333940
1774163875001,2026-03-22 07:17:55.001,69124.0,0.00743,A,513.59132,1102782709878793
1774163876014,2026-03-22 07:17:56.014,69125.0,0.00015,B,10.368749999999999,811873778396663
1774163877005,2026-03-22 07:17:57.005,69124.0,0.00017,A,11.75108,860592099836080
1774163881038,2026-03-22 07:18:01.038,69124.0,0.00237,A,163.82388,794771690684465
1774163883327,2026-03-22 07:18:03.327,69124.0,0.00029,A,20.04596,189882960828036
1774163884060,2026-03-22 07:18:04.060,69124.0,0.00142,A,98.15608,767941304760728
1774163885272,2026-03-22 07:18:05.272,69125.0,0.35346,B,24432.9225,610958707163726
1774163886010,2026-03-22 07:18:06.010,69125.0,0.43114,B,29802.5525,531302778797991
1774163886010,2026-03-22 07:18:06.010,69125.0,0.01399,B,967.05875,216452795900983
1774163886010,2026-03-22 07:18:06.010,69125.0,0.06858,B,4740.5925,235523672772820
1774163886010,2026-03-22 07:18:06.010,69125.0,0.00017,B,11.75125,389654097549201
1774163886010,2026-03-22 07:18:06.010,69125.0,0.12873,B,8898.46125,61593219784025
1774163886010,2026-03-22 07:18:06.010,69125.0,0.08188,B,5659.955,998028692922965
1774163886010,2026-03-22 07:18:06.010,69125.0,0.09308,B,6434.155,96111088215681
1774163886010,2026-03-22 07:18:06.010,69125.0,0.14112,B,9754.92,48760757159449
1774163886010,2026-03-22 07:18:06.010,69125.0,0.12546,B,8672.422499999999,12523729777855
1774163886010,2026-03-22 07:18:06.010,69125.0,0.12975,B,8968.96875,228858553995556
1774163886010,2026-03-22 07:18:06.010,69125.0,0.07877,B,5444.976250000001,781984247830602
1774163886010,2026-03-22 07:18:06.010,69125.0,0.12944,B,8947.54,1017583163803676
1774163886010,2026-03-22 07:18:06.010,69125.0,0.14098,B,9745.2425,813163250110365
1774163886010,2026-03-22 07:18:06.010,69125.0,0.07631,B,5274.92875,1021542526080451
1774163888087,2026-03-22 07:18:08.087,69124.0,0.00017,A,11.75108,685918588579480
1774163888087,2026-03-22 07:18:08.087,69125.0,0.00016,B,11.06,939809876940285
1774163892292,2026-03-22 07:18:12.292,69122.0,0.00027,A,18.66294,957532846587687
1774163892292,2026-03-22 07:18:12.292,69121.0,0.00015,A,10.36815,584057633715341
1774163892292,2026-03-22 07:18:12.292,69120.0,1.0,A,69120.0,798810155716380
1774163892292,2026-03-22 07:18:12.292,69120.0,0.00015,A,10.367999999999999,86166586755187
1774163892292,2026-03-22 07:18:12.292,69120.0,0.5,A,34560.0,174874867609467
1774163892292,2026-03-22 07:18:12.292,69119.0,0.00016,A,11.059040000000001,566208744606822
1774163892292,2026-03-22 07:18:12.292,69118.0,0.174,A,12026.532,1118293610680503
1774163892292,2026-03-22 07:18:12.292,69118.0,0.00173,A,119.57414,343500326259645
1774163892692,2026-03-22 07:18:12.692,69115.0,0.00017,A,11.749550000000001,1079197060467299
1774163892692,2026-03-22 07:18:12.692,69114.0,0.00017,A,11.74938,320167984913037
1774163892692,2026-03-22 07:18:12.692,69114.0,0.003,A,207.342,778443177590792
1774163892692,2026-03-22 07:18:12.692,69114.0,0.0405,A,2799.117,10132684554583
1774163892692,2026-03-22 07:18:12.692,69113.0,0.00017,A,11.749210000000001,340810100387023
1774163892692,2026-03-22 07:18:12.692,69113.0,0.10599,A,7325.28687,53221683905471
1774163892692,2026-03-22 07:18:12.692,69113.0,0.003,A,207.339,314136598953418
1774163892692,2026-03-22 07:18:12.692,69112.0,0.00016,A,11.057920000000001,239599640315823
1774163892692,2026-03-22 07:18:12.692,69112.0,0.00017,A,11.74904,319399387810501
1774163892692,2026-03-22 07:18:12.692,69111.0,0.00017,A,11.74887,978052321526422
1774163892692,2026-03-22 07:18:12.692,69110.0,0.00017,A,11.748700000000001,1015940554688386
1774163892692,2026-03-22 07:18:12.692,69110.0,0.00015,A,10.366499999999998,35283348838821
1774163893287,2026-03-22 07:18:13.287,69110.0,0.0207,B,1430.577,1105713480038899
1774163894092,2026-03-22 07:18:14.092,69109.0,0.00017,A,11.74853,1063155866643794
1774163894092,2026-03-22 07:18:14.092,69109.0,0.00399,A,275.74490999999995,805803022943080
1774163895101,2026-03-22 07:18:15.101,69110.0,0.00056,B,38.7016,649087553719018
1774163895298,2026-03-22 07:18:15.298,69110.0,0.00257,B,177.6127,342232280014420
1774163896208,2026-03-22 07:18:16.208,69110.0,0.00016,B,11.0576,537882276139814
1774163896411,2026-03-22 07:18:16.411,69110.0,0.01852,B,1279.9171999999999,324341313333838
1774163898421,2026-03-22 07:18:18.421,69109.0,7e-05,A,4.83763,934166126601477
1774163899730,2026-03-22 07:18:19.730,69109.0,0.00036,A,24.879240000000003,612843939874991
1774163901325,2026-03-22 07:18:21.325,69109.0,0.01001,A,691.78109,560300579562070
1774163903227,2026-03-22 07:18:23.227,69110.0,7e-05,B,4.8377,338661698564046
1774163904539,2026-03-22 07:18:24.539,69110.0,0.00022,B,15.2042,43523781865512
1774163905049,2026-03-22 07:18:25.049,69109.0,3e-05,A,2.07327,96774378796463
1774163905049,2026-03-22 07:18:25.049,69109.0,0.00033,A,22.80597,1002622085509071
1774163905640,2026-03-22 07:18:25.640,69109.0,0.00723,A,499.65807,630921246409234
1774163905949,2026-03-22 07:18:25.949,69110.0,0.00015,B,10.366499999999998,120845499802020
1774163906933,2026-03-22 07:18:26.933,69110.0,0.00145,B,100.20949999999999,613907557554238
1774163906933,2026-03-22 07:18:26.933,69110.0,0.00145,B,100.20949999999999,153928550971330
1774163906933,2026-03-22 07:18:26.933,69110.0,0.00145,B,100.20949999999999,821685690099416
1774163906933,2026-03-22 07:18:26.933,69110.0,0.00145,B,100.20949999999999,587514574704905
1774163906933,2026-03-22 07:18:26.933,69110.0,0.00145,B,100.20949999999999,787815627406919
1774163906933,2026-03-22 07:18:26.933,69110.0,0.00145,B,100.20949999999999,784061219312053
1774163906933,2026-03-22 07:18:26.933,69110.0,0.00145,B,100.20949999999999,374673113636026
1774163906933,2026-03-22 07:18:26.933,69110.0,0.00021,B,14.513100000000001,694736214999553
1774163906933,2026-03-22 07:18:26.933,69110.0,0.00124,B,85.6964,1118409215969805
1774163906933,2026-03-22 07:18:26.933,69110.0,0.00036,B,24.8796,921050196023951
1774163906933,2026-03-22 07:18:26.933,69110.0,0.00017,B,11.748700000000001,463985672368872
1774163906933,2026-03-22 07:18:26.933,69111.0,0.00015,B,10.36665,1044704723890294
1774163906933,2026-03-22 07:18:26.933,69111.0,0.00017,B,11.74887,1015211996155336
1774163907064,2026-03-22 07:18:27.064,69109.0,0.00017,A,11.74853,731964883162374
1774163907064,2026-03-22 07:18:27.064,69112.0,0.00017,B,11.74904,773252265489316
1774163907064,2026-03-22 07:18:27.064,69113.0,0.00017,B,11.749210000000001,402381517379070
1774163907064,2026-03-22 07:18:27.064,69113.0,0.00015,B,10.36695,2994907211528
1774163907064,2026-03-22 07:18:27.064,69114.0,0.00017,B,11.74938,882064613557583
1774163907064,2026-03-22 07:18:27.064,69115.0,0.003,B,207.345,67569304925669
1774163907064,2026-03-22 07:18:27.064,69115.0,0.00017,B,11.749550000000001,1033569163595508
1774163907064,2026-03-22 07:18:27.064,69116.0,0.00017,B,11.749720000000002,253716226612669
1774163907064,2026-03-22 07:18:27.064,69117.0,0.00017,B,11.74989,312569706565040
1774163907064,2026-03-22 07:18:27.064,69118.0,0.00016,B,11.05888,961513657195933
1774163907064,2026-03-22 07:18:27.064,69118.0,0.00017,B,11.750060000000001,283204751345931
1774163907064,2026-03-22 07:18:27.064,69118.0,0.002,B,138.236,1078080126397819
1774163907064,2026-03-22 07:18:27.064,69119.0,0.00015,B,10.367849999999999,158628921342544
1774163907064,2026-03-22 07:18:27.064,69119.0,0.00017,B,11.75023,396276257998149
1774163907064,2026-03-22 07:18:27.064,69119.0,0.03675,B,2540.1232499999996,729894252178635
1774163908190,2026-03-22 07:18:28.190,69119.0,0.00017,B,11.75023,205477512999304
1774163908967,2026-03-22 07:18:28.967,69120.0,0.04049,B,2798.6688,412137388932421
1774163908967,2026-03-22 07:18:28.967,69120.0,0.16204,B,11200.2048,307928840686902
1774163909699,2026-03-22 07:18:29.699,69121.0,0.0002,B,13.824200000000001,769231262415137
1774163909903,2026-03-22 07:18:29.903,69121.0,0.0028,B,193.5388,859073095118616
1774163909903,2026-03-22 07:18:29.903,69121.0,0.00017,B,11.750570000000002,333771975943149
1774163909903,2026-03-22 07:18:29.903,69122.0,0.00016,B,11.059520000000001,925673529416755
1774163909903,2026-03-22 07:18:29.903,69122.0,0.00017,B,11.75074,465683564000892
1774163909903,2026-03-22 07:18:29.903,69123.0,0.00017,B,11.750910000000001,861162875402487
1774163911013,2026-03-22 07:18:31.013,69123.0,0.00022,A,15.20706,405857918479911
1774163911013,2026-03-22 07:18:31.013,69123.0,0.00216,A,149.30568,367474505284133
1774163914038,2026-03-22 07:18:34.038,69123.0,0.00142,A,98.15466,520843957194261
1774163914498,2026-03-22 07:18:34.498,69123.0,1.00916,A,69756.16668000001,750758555836137
1774163914498,2026-03-22 07:18:34.498,69123.0,0.20821,A,14392.099830000001,859315007419245
1774163914498,2026-03-22 07:18:34.498,69123.0,0.03816,A,2637.73368,194836044882073
1774163914498,2026-03-22 07:18:34.498,69123.0,0.0764,A,5280.9972,134930776194809
1774163914498,2026-03-22 07:18:34.498,69123.0,0.13415,A,9272.85045,1119709606953973
1774163914498,2026-03-22 07:18:34.498,69123.0,0.21213,A,14663.06199,987149664881890
1774163914498,2026-03-22 07:18:34.498,69123.0,0.06878,A,4754.279939999999,349393038716651
1774163914498,2026-03-22 07:18:34.498,69123.0,0.12,A,8294.76,366300073120891
1774163914498,2026-03-22 07:18:34.498,69123.0,0.02561,A,1770.2400300000002,442496413006333
1774163914498,2026-03-22 07:18:34.498,69123.0,0.1303,A,9006.7269,36876623635557
1774163914498,2026-03-22 07:18:34.498,69123.0,0.07565,A,5229.15495,554550852970665
1774163914498,2026-03-22 07:18:34.498,69123.0,0.07849,A,5425.46427,206292550621953
1774163914498,2026-03-22 07:18:34.498,69123.0,0.07351,A,5081.23173,510771063619149
1774163914498,2026-03-22 07:18:34.498,69123.0,0.06454,A,4461.19842,807542740329017
1774163914498,2026-03-22 07:18:34.498,69123.0,0.12243,A,8462.72889,711714841632008
1774163914498,2026-03-22 07:18:34.498,69123.0,0.13,A,8985.99,711753633721005
1774163914498,2026-03-22 07:18:34.498,69123.0,0.00145,A,100.22834999999999,698453993357769
1774163914498,2026-03-22 07:18:34.498,69123.0,0.13871,A,9588.05133,1042987398382644
1774163914498,2026-03-22 07:18:34.498,69123.0,0.11924,A,8242.22652,734594782325104
1774163914498,2026-03-22 07:18:34.498,69123.0,0.12249,A,8466.87627,82017435893529
1774163914498,2026-03-22 07:18:34.498,69123.0,0.13141,A,9083.45343,21628369043370
1774163914498,2026-03-22 07:18:34.498,69123.0,0.26101,A,18041.794230000003,1119351430917732
1774163914498,2026-03-22 07:18:34.498,69123.0,0.26077,A,18025.20471,783123736417055
1774163914498,2026-03-22 07:18:34.498,69123.0,0.21,A,14515.83,909527888588340
1774163914498,2026-03-22 07:18:34.498,69123.0,0.0955,A,6601.2465,790871257715052
1774163914498,2026-03-22 07:18:34.498,69123.0,0.14324,A,9901.178520000001,941214372309415
1774163914498,2026-03-22 07:18:34.498,69123.0,0.19099,A,13201.80177,37264114152780
1774163914498,2026-03-22 07:18:34.498,69123.0,0.43114,A,29801.69022,582929918349656
1774163914498,2026-03-22 07:18:34.498,69123.0,0.35512,A,24546.959759999998,505538639616482
1774163914498,2026-03-22 07:18:34.498,69123.0,0.0649,A,4486.0827,1015108144856230
1774163914498,2026-03-22 07:18:34.498,69123.0,0.00289,A,199.76547000000002,717188654679596
1774163914498,2026-03-22 07:18:34.498,69123.0,0.01,A,691.23,726944379759569
1774163914498,2026-03-22 07:18:34.498,69123.0,0.07434,A,5138.60382,560957303537509
1774163914498,2026-03-22 07:18:34.498,69123.0,0.06894,A,4765.33962,901165607752804
1774163914498,2026-03-22 07:18:34.498,69123.0,0.14977,A,10352.55171,685491075138916
1774163914498,2026-03-22 07:18:34.498,69123.0,0.14977,A,10352.55171,542709576440435
1774163914498,2026-03-22 07:18:34.498,69123.0,0.14977,A,10352.55171,767273429581602
1774163914498,2026-03-22 07:18:34.498,69123.0,0.00945,A,653.21235,64384474154086
1774163914498,2026-03-22 07:18:34.498,69123.0,0.03484,A,2408.24532,451149382334575
1774163914498,2026-03-22 07:18:34.498,69123.0,0.03484,A,2408.24532,1110861841552042
1774163914498,2026-03-22 07:18:34.498,69123.0,0.03484,A,2408.24532,799226601079567
1774163914498,2026-03-22 07:18:34.498,69123.0,0.04626,A,3197.62998,111203908263657
1774163914498,2026-03-22 07:18:34.498,69123.0,0.35163,A,24305.72049,874284306737802
1774163914498,2026-03-22 07:18:34.498,69123.0,0.12,A,8294.76,477215672328035
1774163914498,2026-03-22 07:18:34.498,69123.0,0.12,A,8294.76,537795858328544
1774163914498,2026-03-22 07:18:34.498,69123.0,0.1,A,6912.3,151223607267991
1774163914498,2026-03-22 07:18:34.498,69123.0,0.05,A,3456.15,744788799281992
1774163914498,2026-03-22 07:18:34.498,69123.0,0.14448,A,9986.89104,550547863430641
1774163914498,2026-03-22 07:18:34.498,69123.0,0.05063,A,3499.69749,440160524424871
1774163914498,2026-03-22 07:18:34.498,69123.0,0.61265,A,42348.20595,1080003624269270
1774163914498,2026-03-22 07:18:34.498,69123.0,0.09058,A,6261.16134,947158291415990
1774163914498,2026-03-22 07:18:34.498,69123.0,0.0453,A,3131.2719,398986577825082
1774163914498,2026-03-22 07:18:34.498,69123.0,0.02893,A,1999.72839,494262259201709
1774163914498,2026-03-22 07:18:34.498,69121.0,0.18809,A,13000.96889,548265042891625
1774163914498,2026-03-22 07:18:34.498,69121.0,0.00015,A,10.36815,873235222270976
1774163914498,2026-03-22 07:18:34.498,69121.0,0.04399,A,3040.63279,541168632114859
1774163914498,2026-03-22 07:18:34.498,69121.0,0.02893,A,1999.67053,546564303630320
1774163914498,2026-03-22 07:18:34.498,69120.0,0.72348,A,50006.9376,408617970488705
1774163914498,2026-03-22 07:18:34.498,69120.0,0.07262,A,5019.4944000000005,1062130283698492
1774163914498,2026-03-22 07:18:34.498,69120.0,0.08777,A,6066.6624,603329209443339
1774163914498,2026-03-22 07:18:34.498,69119.0,0.066,A,4561.854,832636413253951
1774163914498,2026-03-22 07:18:34.498,69119.0,0.02508,A,1733.5045200000002,771214690176553
1774163914498,2026-03-22 07:18:34.498,69119.0,1.44677,A,99999.29563,757006650431292
1774163914498,2026-03-22 07:18:34.498,69119.0,0.00923,A,637.96837,925836680369317
1774163914498,2026-03-22 07:18:34.498,69119.0,0.0454,A,3138.0026000000003,217303783143960
1774163914498,2026-03-22 07:18:34.498,69119.0,0.00072,A,49.76568,1098710238831463
1774163914498,2026-03-22 07:18:34.498,69119.0,0.01012,A,699.48428,923616693423691
1774163914498,2026-03-22 07:18:34.498,69119.0,0.00016,A,11.059040000000001,122274759202499
1774163914498,2026-03-22 07:18:34.498,69118.0,0.0014,A,96.7652,711218344777980
1774163914498,2026-03-22 07:18:34.498,69118.0,0.001,A,69.118,525079935688644
1774163914498,2026-03-22 07:18:34.498,69118.0,0.001,A,69.118,566833562110263
1774163914498,2026-03-22 07:18:34.498,69118.0,0.08966,A,6197.11988,1090376096021279
1774163914498,2026-03-22 07:18:34.498,69118.0,0.13527,A,9349.59186,100764545295163
1774163914498,2026-03-22 07:18:34.498,69118.0,0.00323,A,223.25114,95394214703832
1774163914498,2026-03-22 07:18:34.498,69118.0,1.08528,A,75012.38304,357741525934212
1774163914498,2026-03-22 07:18:34.498,69118.0,0.04049,A,2798.5878199999997,744035519189640
1774163914498,2026-03-22 07:18:34.498,69118.0,0.003,A,207.354,976344728859307
1774163914498,2026-03-22 07:18:34.498,69117.0,0.05665,A,3915.4780499999997,716724841963104
1774163914498,2026-03-22 07:18:34.498,69117.0,0.066,A,4561.722000000001,99517213174975
1774163914498,2026-03-22 07:18:34.498,69117.0,0.02137,A,1477.03029,933886331803064
1774163914498,2026-03-22 07:18:34.498,69117.0,1.44701,A,100012.99016999999,1045507651166141
1774163914498,2026-03-22 07:18:34.498,69117.0,0.02166,A,1497.07422,943466284931429
1774163914498,2026-03-22 07:18:34.498,69116.0,0.01648,A,1139.03168,347674091762795
1774163914498,2026-03-22 07:18:34.498,69116.0,1.08531,A,75012.28596,1043015662744110
1774163914498,2026-03-22 07:18:34.498,69116.0,0.5,A,34558.0,854858368997732
1774163914498,2026-03-22 07:18:34.498,69116.0,0.00145,A,100.2182,836134574542645
1774163914498,2026-03-22 07:18:34.498,69116.0,1.30234,A,90012.53144,576364398425562
1774163914498,2026-03-22 07:18:34.498,69116.0,0.50646,A,35004.48936,73882120039313
1774163914498,2026-03-22 07:18:34.498,69115.0,0.28325,A,19576.82375,515202732048089
1774163915529,2026-03-22 07:18:35.529,69120.0,0.08083,A,5586.9696,118371342858553
1774163916040,2026-03-22 07:18:36.040,69121.0,0.00017,B,11.750570000000002,271261187648960
1774163916040,2026-03-22 07:18:36.040,69121.0,0.07355,B,5083.84955,955497295478223
1774163916040,2026-03-22 07:18:36.040,69122.0,0.00017,B,11.75074,767614741398869
1774163916040,2026-03-22 07:18:36.040,69123.0,0.00017,B,11.750910000000001,518030440098281
1774163916040,2026-03-22 07:18:36.040,69124.0,0.00017,B,11.75108,318995523999473
1774163916040,2026-03-22 07:18:36.040,69124.0,1.08521,B,75014.05604,777265237013689
1774163916040,2026-03-22 07:18:36.040,69124.0,0.43114,B,29802.12136,98979757975506
1774163916040,2026-03-22 07:18:36.040,69124.0,0.04872,B,3367.7212799999998,1054642364338874
1774163916262,2026-03-22 07:18:36.262,69123.0,0.00202,A,139.62846000000002,1026184793777630
1774163918058,2026-03-22 07:18:38.058,69123.0,0.00019,A,13.133370000000001,486105271108576
1774163918058,2026-03-22 07:18:38.058,69124.0,0.00016,B,11.059840000000001,97377428812273
1774163918159,2026-03-22 07:18:38.159,69123.0,0.00042,A,29.031660000000002,1043268304723223
1774163919164,2026-03-22 07:18:39.164,69123.0,0.00273,A,188.70578999999998,201007561617237
1774163919355,2026-03-22 07:18:39.355,69123.0,0.0093,A,642.8439,771853149572016
1774163919461,2026-03-22 07:18:39.461,69123.0,0.00271,A,187.32333,1039217657873393
1774163920263,2026-03-22 07:18:40.263,69123.0,0.00055,A,38.01765,925287550380113
1774163920467,2026-03-22 07:18:40.467,69123.0,0.00015,A,10.36845,1125744703587052
1774163922076,2026-03-22 07:18:42.076,69123.0,0.00027,A,18.66321,453936670806037
1774163922677,2026-03-22 07:18:42.677,69123.0,0.01415,A,978.0904499999999,784183280235185
1774163923480,2026-03-22 07:18:43.480,69123.0,0.01189,A,821.87247,511409086640018
1774163923665,2026-03-22 07:18:43.665,69123.0,0.01268,A,876.47964,706417764616748
1774163923787,2026-03-22 07:18:43.787,69123.0,0.00042,A,29.031660000000002,365774061801971
1774163924085,2026-03-22 07:18:44.085,69123.0,0.00416,A,287.55168,939676464202737
1774163925080,2026-03-22 07:18:45.080,69124.0,0.00057,B,39.40068,205589740734568
1774163925485,2026-03-22 07:18:45.485,69123.0,0.00024,A,16.58952,379674242621674
1774163927007,2026-03-22 07:18:47.007,69123.0,0.00026,A,17.97198,956569295186288
1774163927470,2026-03-22 07:18:47.470,69123.0,0.012,A,829.476,165163545357909
1774163927670,2026-03-22 07:18:47.670,69123.0,0.01189,A,821.87247,662764705116500
1774163928760,2026-03-22 07:18:48.760,69123.0,0.00015,A,10.36845,440925145754465
1774163930477,2026-03-22 07:18:50.477,69123.0,0.00016,A,11.05968,295090830649043
1774163930548,2026-03-22 07:18:50.548,69123.0,0.00326,A,225.34098,675346646279456
1774163931999,2026-03-22 07:18:51.999,69123.0,0.00015,A,10.36845,109147899744872
1774163933376,2026-03-22 07:18:53.376,69123.0,0.00024,A,16.58952,240352589186683
1774163934834,2026-03-22 07:18:54.834,69123.0,0.00026,A,17.97198,537796469357467
1774163935035,2026-03-22 07:18:55.035,69123.0,0.00036,A,24.88428,262018620287752
1774163936330,2026-03-22 07:18:56.330,69123.0,0.00028,A,19.354439999999997,299376053954085
1774163937936,2026-03-22 07:18:57.936,69123.0,0.00024,A,16.58952,991040006289624
1774163938029,2026-03-22 07:18:58.029,69124.0,0.0095,B,656.678,563001111398765
1774163939447,2026-03-22 07:18:59.447,69123.0,0.00024,A,16.58952,546057867722444
1774163939637,2026-03-22 07:18:59.637,69124.0,0.00017,B,11.75108,454113644147058
1774163939637,2026-03-22 07:18:59.637,69125.0,0.00016,B,11.06,868436836463193
1774163939637,2026-03-22 07:18:59.637,69125.0,0.00017,B,11.75125,776904902389422
1774163939637,2026-03-22 07:18:59.637,69126.0,0.00017,B,11.751420000000001,666325536546484
1774163939637,2026-03-22 07:18:59.637,69127.0,0.00017,B,11.75159,499808886836060
1774163939637,2026-03-22 07:18:59.637,69127.0,0.01567,B,1083.22009,310097062643740
1774163939637,2026-03-22 07:18:59.637,69128.0,0.00017,B,11.75176,669548922661326
1774163939637,2026-03-22 07:18:59.637,69128.0,0.00282,B,194.94096,406390628755951
1774163939637,2026-03-22 07:18:59.637,69129.0,0.01157,B,799.82253,468843677027598
1774163939637,2026-03-22 07:18:59.637,69129.0,0.00016,B,11.060640000000001,292409606866720
1774163939637,2026-03-22 07:18:59.637,69129.0,0.00017,B,11.751930000000002,681417446395305
1774163939637,2026-03-22 07:18:59.637,69129.0,0.00015,B,10.369349999999999,255695323132511
1774163939637,2026-03-22 07:18:59.637,69129.0,0.003,B,207.387,1041267963435026
1774163939637,2026-03-22 07:18:59.637,69129.0,0.00646,B,446.57334,100950883187761
1774163939637,2026-03-22 07:18:59.637,69129.0,0.05019,B,3469.5845099999997,808511948751542
1774163939637,2026-03-22 07:18:59.637,69129.0,0.001,B,69.129,870913383676772
1774163939637,2026-03-22 07:18:59.637,69130.0,0.00017,B,11.7521,282565986643355
1774163939637,2026-03-22 07:18:59.637,69130.0,0.03545,B,2450.6585,635856254988352
1774163941042,2026-03-22 07:19:01.042,69129.0,0.00238,A,164.52702000000002,545094661008876
1774163941042,2026-03-22 07:19:01.042,69130.0,0.00038,B,26.2694,902736225870826
1774163941093,2026-03-22 07:19:01.093,69129.0,0.00322,A,222.59538,335729846677040
1774163941174,2026-03-22 07:19:01.174,69129.0,0.0032,A,221.21280000000002,761371488729113
1774163941385,2026-03-22 07:19:01.385,69129.0,0.00026,A,17.97354,651617302776055
1774163942778,2026-03-22 07:19:02.778,69130.0,0.00145,B,100.23849999999999,384836732060603
1774163943274,2026-03-22 07:19:03.274,69129.0,0.00052,A,35.94708,160779939752155
1774163943672,2026-03-22 07:19:03.672,69129.0,0.00036,A,24.88644,1007791593765753
1774163943672,2026-03-22 07:19:03.672,69129.0,0.001,A,69.129,481832592493652
1774163944063,2026-03-22 07:19:04.063,69129.0,0.00142,A,98.16318,953649815318022
1774163944469,2026-03-22 07:19:04.469,69129.0,0.01145,A,791.52705,641692716089857
1774163944870,2026-03-22 07:19:04.870,69129.0,0.00052,A,35.94708,643647591752909
1774163945118,2026-03-22 07:19:05.118,69129.0,0.00304,A,210.15216,565609305118780
1774163945494,2026-03-22 07:19:05.494,69129.0,0.00289,A,199.78281,20579794717523
1774163946002,2026-03-22 07:19:06.002,69130.0,0.36222,B,25040.2686,751365187982287
1774163946002,2026-03-22 07:19:06.002,69130.0,0.01012,B,699.5956,519271817386458
1774163946002,2026-03-22 07:19:06.002,69130.0,0.43114,B,29804.7082,134332151484520
1774163946002,2026-03-22 07:19:06.002,69130.0,0.83592,B,57787.1496,1021256219136808
1774163946605,2026-03-22 07:19:06.605,69129.0,0.00042,A,29.034180000000003,23542029073128
1774163946605,2026-03-22 07:19:06.605,69130.0,0.07195,B,4973.9035,969897073157930
1774163948084,2026-03-22 07:19:08.084,69129.0,0.00017,A,11.751930000000002,661298609792131
1774163948084,2026-03-22 07:19:08.084,69130.0,0.00016,B,11.0608,1036419798519899
1774163948282,2026-03-22 07:19:08.282,69129.0,0.00019,A,13.13451,625485410812574
1774163949199,2026-03-22 07:19:09.199,69129.0,0.00079,A,54.61191,316964165441230
1774163949503,2026-03-22 07:19:09.503,69129.0,0.00076,A,52.53804,914567772557951
1774163949878,2026-03-22 07:19:09.878,69129.0,0.00029,A,20.04741,24392801389718
1774163950307,2026-03-22 07:19:10.307,69129.0,0.00029,A,20.04741,797978567857574
1774163951510,2026-03-22 07:19:11.510,69129.0,0.00038,A,26.26902,1028081359682300
1774163953036,2026-03-22 07:19:13.036,69129.0,0.00086,A,59.450939999999996,596953557401300
1774163953920,2026-03-22 07:19:13.920,69129.0,0.00022,A,15.20838,183856084842554
1774163954037,2026-03-22 07:19:14.037,69129.0,0.00415,A,286.88535,711623641417409
1774163954717,2026-03-22 07:19:14.717,69129.0,0.00071,A,49.08159,899330053479495
1774163955043,2026-03-22 07:19:15.043,69130.0,0.00056,B,38.712799999999994,142319162218613
1774163956480,2026-03-22 07:19:16.480,69129.0,0.00015,A,10.369349999999999,487859165688619
1774163958367,2026-03-22 07:19:18.367,69129.0,0.0003,A,20.738699999999998,474830207788705
1774163959756,2026-03-22 07:19:19.756,69129.0,0.00307,A,212.22602999999998,158597220706935
1774163960092,2026-03-22 07:19:20.092,69129.0,0.0003,A,20.738699999999998,1014565673520621
1774163961163,2026-03-22 07:19:21.163,69129.0,0.06178,A,4270.7896200000005,649172029788579
1774163961697,2026-03-22 07:19:21.697,69129.0,0.0003,A,20.738699999999998,586239632822923
1774163963300,2026-03-22 07:19:23.300,69129.0,0.0007,A,48.390299999999996,283978647845641
1774163964177,2026-03-22 07:19:24.177,69130.0,0.00108,B,74.6604,279285081341386
1774163964712,2026-03-22 07:19:24.712,69129.0,0.00024,A,16.59096,436119465875439
1774163965030,2026-03-22 07:19:25.030,69129.0,0.00036,A,24.88644,769843103123284
1774163966384,2026-03-22 07:19:26.384,69129.0,0.00024,A,16.59096,591539886913042
1774163967041,2026-03-22 07:19:27.041,69129.0,0.00017,A,11.751930000000002,703744097671666
1774163967994,2026-03-22 07:19:27.994,69129.0,0.0002,A,13.825800000000001,907716466481779
1774163969209,2026-03-22 07:19:29.209,69129.0,0.01447,A,1000.29663,39139138981173
1774163969633,2026-03-22 07:19:29.633,69129.0,0.00029,A,20.04741,858283324238647
1774163969834,2026-03-22 07:19:29.834,69130.0,0.00017,B,11.7521,729224716219579
1774163969834,2026-03-22 07:19:29.834,69130.0,0.00083,B,57.377900000000004,1073427774959714
1774163970432,2026-03-22 07:19:30.432,69130.0,0.01363,B,942.2419,528602252856476
1774163970432,2026-03-22 07:19:30.432,69130.0,0.00017,B,11.7521,756019483018962
1774163970432,2026-03-22 07:19:30.432,69132.0,0.00017,B,11.75244,127476628745706
1774163970432,2026-03-22 07:19:30.432,69133.0,0.00016,B,11.061280000000002,288718813866494
1774163970432,2026-03-22 07:19:30.432,69133.0,0.00017,B,11.75261,343929563798933
1774163970432,2026-03-22 07:19:30.432,69133.0,0.00015,B,10.36995,929942177657454
1774163970432,2026-03-22 07:19:30.432,69134.0,0.00017,B,11.752780000000001,70750909122361
1774163970432,2026-03-22 07:19:30.432,69134.0,0.003,B,207.40200000000002,397347314567743
1774163971049,2026-03-22 07:19:31.049,69134.0,0.00238,A,164.53892000000002,498694150084247
1774163971446,2026-03-22 07:19:31.446,69130.0,0.00015,A,10.369499999999999,373485628346642
1774163971446,2026-03-22 07:19:31.446,69129.0,0.00108,A,74.65932,29134064645274
1774163971648,2026-03-22 07:19:31.648,69129.0,0.00596,A,412.00884,106524920183200
1774163971762,2026-03-22 07:19:31.762,69129.0,0.00256,A,176.97024000000002,766468420694593
1774163971822,2026-03-22 07:19:31.822,69129.0,0.25,A,17282.25,858194292399791
1774163971870,2026-03-22 07:19:31.870,69129.0,0.12143,A,8394.33447,409942746695081
1774163971870,2026-03-22 07:19:31.870,69129.0,0.12857,A,8887.915529999998,978622218192776
1774163972057,2026-03-22 07:19:32.057,69129.0,0.37143,A,25676.584469999998,140674017816345
1774163972057,2026-03-22 07:19:32.057,69129.0,0.00017,A,11.751930000000002,811559862255496
1774163972057,2026-03-22 07:19:32.057,69129.0,0.003,A,207.387,4294968972663
1774163972057,2026-03-22 07:19:32.057,69128.0,0.00016,A,11.06048,31693509397105
1774163972057,2026-03-22 07:19:32.057,69128.0,0.00017,A,11.75176,731363825994152
1774163972057,2026-03-22 07:19:32.057,69127.0,0.00017,A,11.75159,497592862684777
1774163972057,2026-03-22 07:19:32.057,69126.0,0.00016,A,11.060160000000002,898847625185025
1774163972057,2026-03-22 07:19:32.057,69126.0,0.00017,A,11.751420000000001,1077037988624185
1774163972057,2026-03-22 07:19:32.057,69125.0,0.00017,A,11.75125,248467169216642
1774163972057,2026-03-22 07:19:32.057,69124.0,0.003,A,207.372,649860712119732
1774163972057,2026-03-22 07:19:32.057,69124.0,0.00017,A,11.75108,642112701218550
1774163972057,2026-03-22 07:19:32.057,69123.0,0.00016,A,11.05968,277563549891234
1774163972057,2026-03-22 07:19:32.057,69123.0,0.00017,A,11.750910000000001,826041340597505
1774163972057,2026-03-22 07:19:32.057,69122.0,0.00017,A,11.75074,582323396157555
1774163972057,2026-03-22 07:19:32.057,69121.0,0.00017,A,11.750570000000002,970378187336258
1774163972057,2026-03-22 07:19:32.057,69120.0,0.00015,A,10.367999999999999,600697528278398
1774163972057,2026-03-22 07:19:32.057,69120.0,0.00017,A,11.7504,85144181427858
1774163972057,2026-03-22 07:19:32.057,69119.0,0.00016,A,11.059040000000001,85327005155232
1774163972057,2026-03-22 07:19:32.057,69119.0,0.00017,A,11.75023,1086842314623353
1774163972057,2026-03-22 07:19:32.057,69119.0,0.00063,A,43.54497,12293874959753
1774163972921,2026-03-22 07:19:32.921,69120.0,0.00579,B,400.2048,865828042548543
1774163973254,2026-03-22 07:19:33.254,69119.0,0.00018,A,12.44142,1096549660816870
1774163974065,2026-03-22 07:19:34.065,69119.0,0.00142,A,98.14898000000001,919187450023435
1774163975268,2026-03-22 07:19:35.268,69119.0,0.00038,A,26.265220000000003,89486859204475
1774163976070,2026-03-22 07:19:36.070,69120.0,0.26377,B,18231.7824,847833176355834
1774163976070,2026-03-22 07:19:36.070,69120.0,0.09265,B,6403.968,953281249688128
1774163976070,2026-03-22 07:19:36.070,69120.0,0.21,B,14515.199999999999,259847196550136
1774163976070,2026-03-22 07:19:36.070,69120.0,0.42,B,29030.399999999998,177429573814670
1774163976070,2026-03-22 07:19:36.070,69120.0,0.33514,B,23164.8768,577017549953168
1774163976070,2026-03-22 07:19:36.070,69120.0,0.21,B,14515.199999999999,458013344064541
1774163976070,2026-03-22 07:19:36.070,69120.0,0.10774,B,7446.9888,874550654383092
1774163977207,2026-03-22 07:19:37.207,69119.0,0.00145,A,100.22255,783612298490899
1774163978011,2026-03-22 07:19:38.011,69119.0,0.00019,A,13.132610000000001,462854413564917
1774163978011,2026-03-22 07:19:38.011,69120.0,0.00016,B,11.0592,399477307276493
1774163978614,2026-03-22 07:19:38.614,69119.0,0.00015,A,10.367849999999999,693672873667467
1774163980228,2026-03-22 07:19:40.228,69119.0,0.00413,A,285.46147,754686822968632
1774163980228,2026-03-22 07:19:40.228,69119.0,0.14531,A,10043.68189,357647923453030
1774163980228,2026-03-22 07:19:40.228,69118.0,0.05665,A,3915.5346999999997,574233065906135
1774163980228,2026-03-22 07:19:40.228,69118.0,0.00017,A,11.750060000000001,316168949048232
1774163980228,2026-03-22 07:19:40.228,69118.0,0.00015,A,10.3677,82149087160754
1774163980228,2026-03-22 07:19:40.228,69118.0,0.02893,A,1999.58374,571520387050685
1774163980228,2026-03-22 07:19:40.228,69117.0,0.00017,A,11.74989,161209883158625
1774163980288,2026-03-22 07:19:40.288,69116.0,0.00017,A,11.749720000000002,566250706903887
1774163980288,2026-03-22 07:19:40.288,69116.0,1e-05,A,0.6911600000000001,191074837171578
1774163981532,2026-03-22 07:19:41.532,69116.0,0.0024,A,165.8784,359437934159630
1774163981934,2026-03-22 07:19:41.934,69116.0,0.00289,A,199.74524000000002,1123436028004030
1774163982881,2026-03-22 07:19:42.881,69116.0,0.0207,B,1430.7012,609044581684353
1774163982881,2026-03-22 07:19:42.881,69115.0,0.00017,A,11.749550000000001,730775378585145
1774163982881,2026-03-22 07:19:42.881,69114.0,0.00017,A,11.74938,554333278392563
1774163982881,2026-03-22 07:19:42.881,69114.0,0.003,A,207.342,863860862297187
1774163982881,2026-03-22 07:19:42.881,69113.0,0.00017,A,11.749210000000001,902230228190742
1774163982940,2026-03-22 07:19:42.940,69112.0,0.00016,A,11.057920000000001,476802330744058
1774163982940,2026-03-22 07:19:42.940,69112.0,0.00017,A,11.74904,1096411270596062
1774163982940,2026-03-22 07:19:42.940,69111.0,0.00017,A,11.74887,635660762684826
1774163982940,2026-03-22 07:19:42.940,69110.0,0.00015,A,10.366499999999998,859252948311710
1774163982940,2026-03-22 07:19:42.940,69110.0,0.00017,A,11.748700000000001,423932747543175
1774163982940,2026-03-22 07:19:42.940,69110.0,0.00063,A,43.539300000000004,557970481984819
1774163983732,2026-03-22 07:19:43.732,69111.0,0.001,B,69.111,317903666802275
1774163984000,2026-03-22 07:19:44.000,69110.0,0.00416,A,287.4976,865476242265180
1774163984142,2026-03-22 07:19:44.142,69110.0,0.00018,A,12.4398,653082602485244
1774163985092,2026-03-22 07:19:45.092,69111.0,0.00057,B,39.39327,730247740855653
1774163985753,2026-03-22 07:19:45.753,69110.0,0.00027,A,18.6597,180411409288867
1774163987305,2026-03-22 07:19:47.305,69110.0,0.0012,A,82.93199999999999,488122422896258
1774163988771,2026-03-22 07:19:48.771,69110.0,0.00087,A,60.1257,383892242046250
1774163995018,2026-03-22 07:19:55.018,69110.0,0.00036,A,24.8796,429873693104990
1774163997025,2026-03-22 07:19:57.025,69110.0,0.00017,A,11.748700000000001,1122946399269103
1774163997228,2026-03-22 07:19:57.228,69111.0,0.00251,B,173.46861,1094313803314467
1774163998164,2026-03-22 07:19:58.164,69111.0,0.00015,B,10.36665,916286310743276
1774164000187,2026-03-22 07:20:00.187,69110.0,0.00024,A,16.5864,819459437135093
1774164001015,2026-03-22 07:20:01.015,69110.0,0.00238,A,164.48180000000002,656972338741887
1774164002017,2026-03-22 07:20:02.017,69110.0,0.00015,A,10.366499999999998,987636152395819
1774164002017,2026-03-22 07:20:02.017,69109.0,0.001,A,69.109,760995629404608
1774164002017,2026-03-22 07:20:02.017,69109.0,0.001,A,69.109,304772730636675
1774164002017,2026-03-22 07:20:02.017,69109.0,0.003,A,207.327,530032558863225
1774164002017,2026-03-22 07:20:02.017,69109.0,0.00017,A,11.74853,1095515166148951
1774164002017,2026-03-22 07:20:02.017,69109.0,0.00015,A,10.366349999999999,963906212487167
1774164002017,2026-03-22 07:20:02.017,69108.0,0.00016,A,11.05728,471442569686753
1774164002017,2026-03-22 07:20:02.017,69108.0,0.00017,A,11.748360000000002,677473214036141
1774164002017,2026-03-22 07:20:02.017,69108.0,0.00015,A,10.3662,141957045604270
1774164002017,2026-03-22 07:20:02.017,69108.0,2e-05,A,1.38216,991512091837296
1774164002737,2026-03-22 07:20:02.737,69109.0,0.00017,B,11.74853,121006291004317
1774164003952,2026-03-22 07:20:03.952,69108.0,0.01018,A,703.51944,282332753703984
1774164005036,2026-03-22 07:20:05.036,69108.0,0.00141,A,97.44228,525984077372353
1774164005358,2026-03-22 07:20:05.358,69108.0,0.00048,A,33.17184,618145940116824
1774164006030,2026-03-22 07:20:06.030,69109.0,0.20983,B,14501.141469999999,911495028754976
1774164006030,2026-03-22 07:20:06.030,69109.0,0.12,B,8293.08,919487334542518
1774164006030,2026-03-22 07:20:06.030,69109.0,0.12,B,8293.08,718997655938526
1774164006030,2026-03-22 07:20:06.030,69109.0,0.35,B,24188.149999999998,38255471670995
1774164006030,2026-03-22 07:20:06.030,69109.0,0.42,B,29025.78,533997716480947
1774164006030,2026-03-22 07:20:06.030,69109.0,0.08194,B,5662.79146,343274449115012
1774164006030,2026-03-22 07:20:06.030,69109.0,0.21,B,14512.89,601867107117492
1774164006030,2026-03-22 07:20:06.030,69109.0,0.12763,B,8820.381669999999,510149237286893
1774164007076,2026-03-22 07:20:07.076,69108.0,0.00019,A,13.13052,512085268178953
1774164007180,2026-03-22 07:20:07.180,69108.0,0.0095,A,656.526,790625537123034
1774164008055,2026-03-22 07:20:08.055,69108.0,0.00019,A,13.13052,191456306850902
1774164008055,2026-03-22 07:20:08.055,69109.0,0.00016,B,11.057440000000001,656484666536767
1774164008586,2026-03-22 07:20:08.586,69108.0,0.00015,B,10.3662,562171522113323
1774164013233,2026-03-22 07:20:13.233,69107.0,0.00017,A,11.748190000000001,63618672013268
1774164013233,2026-03-22 07:20:13.233,69107.0,0.01321,A,912.90347,375944414730567
1774164014030,2026-03-22 07:20:14.030,69107.0,0.00416,A,287.48512,974356949334115
1774164015034,2026-03-22 07:20:15.034,69108.0,0.00057,B,39.39156,311534510614607
1774164017060,2026-03-22 07:20:17.060,69107.0,0.00029,A,20.04103,911243178428255
1774164017533,2026-03-22 07:20:17.533,69106.0,0.00017,A,11.74802,144899424727648
1774164017533,2026-03-22 07:20:17.533,69106.0,0.00018,A,12.43908,538982257359259
1774164017671,2026-03-22 07:20:17.671,69105.0,0.00017,A,11.747850000000001,30767287838153
1774164017929,2026-03-22 07:20:17.929,69104.0,0.001,A,69.104,787964902216276
1774164017929,2026-03-22 07:20:17.929,69104.0,0.001,A,69.104,33306193448016
1774164017929,2026-03-22 07:20:17.929,69104.0,0.00017,A,11.74768,826267011553646
1774164017929,2026-03-22 07:20:17.929,69103.0,0.001,A,69.103,80401515997992
1774164017929,2026-03-22 07:20:17.929,69103.0,0.001,A,69.103,261327495538372
1774164017929,2026-03-22 07:20:17.929,69103.0,0.001,A,69.103,826861610000576
1774164017929,2026-03-22 07:20:17.929,69103.0,0.00017,A,11.74751,77377433132151
1774164017929,2026-03-22 07:20:17.929,69102.0,0.001,A,69.102,473769304963022
1774164017929,2026-03-22 07:20:17.929,69102.0,0.00257,A,177.59213999999997,241125047666205
1774164017929,2026-03-22 07:20:17.929,69102.0,0.00017,A,11.747340000000001,810382034916175
1774164017929,2026-03-22 07:20:17.929,69102.0,0.00103,A,71.17506,329273062823621
1774164018002,2026-03-22 07:20:18.002,69102.0,0.00527,A,364.16754000000003,1000995705253445
1774164018002,2026-03-22 07:20:18.002,69101.0,0.00016,A,11.05616,499236563293813
1774164018002,2026-03-22 07:20:18.002,69101.0,0.00017,A,11.74717,248330297760693
1774164018002,2026-03-22 07:20:18.002,69100.0,0.001,A,69.10000000000001,30637290650782
1774164018002,2026-03-22 07:20:18.002,69100.0,0.00017,A,11.747000000000002,699048318746505
1774164018002,2026-03-22 07:20:18.002,69100.0,0.003,A,207.3,433007698521579
1774164018002,2026-03-22 07:20:18.002,69100.0,0.01233,A,852.003,975446561777934
1774164019726,2026-03-22 07:20:19.726,69099.0,0.001,A,69.099,18943299682479
1774164019726,2026-03-22 07:20:19.726,69099.0,0.00045,A,31.094549999999998,64110213866460
1774164019726,2026-03-22 07:20:19.726,69099.0,0.00055,A,38.004450000000006,961210109885492
1774164019726,2026-03-22 07:20:19.726,69099.0,0.00017,A,11.746830000000001,413869766444828
1774164019726,2026-03-22 07:20:19.726,69099.0,0.00218,A,150.63582,1074011306608537
1774164019726,2026-03-22 07:20:19.726,69099.0,0.00145,A,100.19354999999999,772982208839650
1774164021267,2026-03-22 07:20:21.267,69100.0,0.00017,B,11.747000000000002,1113347499728618
1774164021267,2026-03-22 07:20:21.267,69100.0,0.00238,B,164.458,658540116541834
1774164021344,2026-03-22 07:20:21.344,69100.0,0.00145,B,100.195,1099957714604753
1774164022461,2026-03-22 07:20:22.461,69101.0,7e-05,A,4.83707,258266524189145
1774164022586,2026-03-22 07:20:22.586,69102.0,0.00017,B,11.747340000000001,87461964482409
1774164023556,2026-03-22 07:20:23.556,69103.0,0.00045,B,31.096349999999997,764099694348803
1774164025093,2026-03-22 07:20:25.093,69102.0,0.00035,A,24.1857,382131845596265
1774164027112,2026-03-22 07:20:27.112,69102.0,0.00017,A,11.747340000000001,374484028779320
1774164027709,2026-03-22 07:20:27.709,69102.0,0.00076,A,52.517520000000005,449523374204628
1774164027709,2026-03-22 07:20:27.709,69102.0,0.13199,A,9120.77298,921634553449061
1774164028718,2026-03-22 07:20:28.718,69102.0,0.00022,A,15.202440000000001,674498397188348
1774164030531,2026-03-22 07:20:30.531,69103.0,0.00022,B,15.20266,290675400382411
1774164031053,2026-03-22 07:20:31.053,69102.0,0.00237,A,163.77174000000002,219367079538016
1774164034033,2026-03-22 07:20:34.033,69102.0,0.00142,A,98.12484,93035631412105
1774164035029,2026-03-22 07:20:35.029,69102.0,0.00031,A,21.42162,923891360436776
1774164035829,2026-03-22 07:20:35.829,69103.0,0.00017,B,11.74751,816436460236112
1774164035829,2026-03-22 07:20:35.829,69103.0,0.00043,B,29.71429,994731797749776
1774164036031,2026-03-22 07:20:36.031,69103.0,0.36456,B,25192.18968,46968882188250
1774164036031,2026-03-22 07:20:36.031,69103.0,0.04049,B,2797.98047,205873679955544
1774164036031,2026-03-22 07:20:36.031,69103.0,0.01012,B,699.32236,224479604845902
1774164036031,2026-03-22 07:20:36.031,69104.0,0.00017,B,11.74768,265962186460530
1774164036031,2026-03-22 07:20:36.031,69104.0,0.00015,B,10.365599999999999,210406686505383
1774164036031,2026-03-22 07:20:36.031,69105.0,0.00017,B,11.747850000000001,220759750822759
1774164036031,2026-03-22 07:20:36.031,69105.0,0.20249,B,13993.07145,1072305925401114
1774164036031,2026-03-22 07:20:36.031,69105.0,0.00015,B,10.365749999999998,138957292861779
1774164036031,2026-03-22 07:20:36.031,69106.0,0.003,B,207.318,960638391902253
1774164036031,2026-03-22 07:20:36.031,69106.0,0.00017,B,11.74802,372840507786852
1774164036031,2026-03-22 07:20:36.031,69106.0,0.00015,B,10.3659,983661057925840
1774164036031,2026-03-22 07:20:36.031,69106.0,0.05665,B,3914.8549,418943984049415
1774164036031,2026-03-22 07:20:36.031,69107.0,0.00016,B,11.057120000000001,148765148380788
1774164036031,2026-03-22 07:20:36.031,69107.0,0.00017,B,11.748190000000001,970421269690382
1774164036031,2026-03-22 07:20:36.031,69107.0,0.54168,B,37433.87976,1009353535731392
1774164036031,2026-03-22 07:20:36.031,69107.0,0.00072,B,49.75704,416777480358991
1774164036031,2026-03-22 07:20:36.031,69108.0,0.00017,B,11.748360000000002,884818643253727
1774164036031,2026-03-22 07:20:36.031,69108.0,0.02894,B,1999.98552,537284622634090
1774164036031,2026-03-22 07:20:36.031,69108.0,0.25312,B,17492.61696,539520141300514
1774164036031,2026-03-22 07:20:36.031,69108.0,0.13607,B,9403.52556,179987716322928
1774164038030,2026-03-22 07:20:38.030,69107.0,0.00022,A,15.20354,492742982337157
1774164038030,2026-03-22 07:20:38.030,69108.0,0.00016,B,11.05728,1056174761186239
1774164040368,2026-03-22 07:20:40.368,69108.0,0.00017,B,11.748360000000002,209992998031767
1774164040368,2026-03-22 07:20:40.368,69109.0,0.00027,B,18.65943,487553960293950
1774164040368,2026-03-22 07:20:40.368,69109.0,0.00017,B,11.74853,343955822600499
1774164040368,2026-03-22 07:20:40.368,69109.0,0.00169,B,116.79421,915829906108717
1774164040368,2026-03-22 07:20:40.368,69109.0,0.00015,B,10.366349999999999,236729636408993
1774164040368,2026-03-22 07:20:40.368,69110.0,0.00017,B,11.748700000000001,495867429990119
1774164041078,2026-03-22 07:20:41.078,69110.0,2e-05,A,1.3822,40928087259712
1774164041078,2026-03-22 07:20:41.078,69110.0,0.00017,A,11.748700000000001,628326570756211
1774164041584,2026-03-22 07:20:41.584,69111.0,7e-05,B,4.83777,203390579174085
1774164041888,2026-03-22 07:20:41.888,69111.0,0.0001,B,6.9111,938767995179101
1774164041888,2026-03-22 07:20:41.888,69111.0,0.00095,B,65.65545,1047023757722638
1774164044005,2026-03-22 07:20:44.005,69110.0,0.00416,A,287.4976,523876399835072
1774164045006,2026-03-22 07:20:45.006,69111.0,0.00056,B,38.70216,1118552377242391
1774164046517,2026-03-22 07:20:46.517,69110.0,0.16926,A,11697.5586,541162910909012
1774164047013,2026-03-22 07:20:47.013,69111.0,0.01948,B,1346.2822800000001,294231860177817
1774164047013,2026-03-22 07:20:47.013,69111.0,0.00017,B,11.74887,516463725687757
1774164047833,2026-03-22 07:20:47.833,69112.0,0.00017,B,11.74904,447213178878549
1774164048022,2026-03-22 07:20:48.022,69112.0,0.00727,A,502.44424000000004,20161864223643
1774164048722,2026-03-22 07:20:48.722,69113.0,0.00017,B,11.749210000000001,485748396285553
1774164048722,2026-03-22 07:20:48.722,69113.0,0.01012,B,699.4235600000001,1064451457381133
1774164048722,2026-03-22 07:20:48.722,69113.0,2e-05,B,1.38226,1014750079001568
1774164049427,2026-03-22 07:20:49.427,69112.0,0.00287,A,198.35144,594661478674818
1774164049427,2026-03-22 07:20:49.427,69112.0,0.01055,A,729.1316,497165178221604
1774164049628,2026-03-22 07:20:49.628,69113.0,0.00018,B,12.44034,779603065549786
1774164049628,2026-03-22 07:20:49.628,69113.0,0.00017,B,11.749210000000001,489998642862818
1774164049628,2026-03-22 07:20:49.628,69113.0,0.00178,B,123.02113999999999,940520776024728
1774164050361,2026-03-22 07:20:50.361,69113.0,0.00834,B,576.40242,57408465304081
1774164050361,2026-03-22 07:20:50.361,69114.0,0.00017,B,11.74938,886793246909494
1774164055035,2026-03-22 07:20:55.035,69114.0,2e-05,A,1.3822800000000002,831456782924879
1774164055035,2026-03-22 07:20:55.035,69114.0,0.00034,A,23.49876,188092087466397
1774164055685,2026-03-22 07:20:55.685,69115.0,0.00017,B,11.749550000000001,850651468065807
1774164055685,2026-03-22 07:20:55.685,69115.0,0.001,B,69.115,630298050393756
1774164055685,2026-03-22 07:20:55.685,69116.0,0.00017,B,11.749720000000002,61341557092158
1774164056757,2026-03-22 07:20:56.757,69116.0,1e-05,A,0.6911600000000001,844098716973628
1774164057015,2026-03-22 07:20:57.015,69116.0,0.0001,A,6.9116,725381214025636
1774164057015,2026-03-22 07:20:57.015,69116.0,7e-05,A,4.83812,589577517929208
1774164061107,2026-03-22 07:21:01.107,69116.0,0.00238,A,164.49608,515683045036992
1774164061721,2026-03-22 07:21:01.721,69117.0,0.00017,B,11.74989,1071363266219459
1774164061721,2026-03-22 07:21:01.721,69117.0,0.00043,B,29.720309999999998,595448717654481
1774164064028,2026-03-22 07:21:04.028,69116.0,0.00142,A,98.14472,936122234486874
1774164065047,2026-03-22 07:21:05.047,69116.0,0.00022,A,15.20552,963536527436245
1774164066056,2026-03-22 07:21:06.056,69117.0,0.01012,B,699.4640400000001,719299690385961
1774164066056,2026-03-22 07:21:06.056,69117.0,0.00017,B,11.74989,355101202451657
1774164066056,2026-03-22 07:21:06.056,69118.0,0.00016,B,11.05888,305478846979733
1774164066056,2026-03-22 07:21:06.056,69118.0,0.00017,B,11.750060000000001,632158071113759
1774164066056,2026-03-22 07:21:06.056,69118.0,0.003,B,207.354,860511955485330
1774164066056,2026-03-22 07:21:06.056,69119.0,0.00017,B,11.75023,768253041743313
1774164066056,2026-03-22 07:21:06.056,69119.0,0.04049,B,2798.62831,189325264548833
1774164066056,2026-03-22 07:21:06.056,69119.0,0.00144,B,99.53136,199353100211280
1774164066056,2026-03-22 07:21:06.056,69120.0,0.00017,B,11.7504,705266216768190
1774164066056,2026-03-22 07:21:06.056,69120.0,0.00015,B,10.367999999999999,680245236745401
1774164066056,2026-03-22 07:21:06.056,69121.0,0.00017,B,11.750570000000002,643594931483443
1774164066056,2026-03-22 07:21:06.056,69122.0,0.00016,B,11.059520000000001,933669069981506
1774164066056,2026-03-22 07:21:06.056,69122.0,0.00017,B,11.75074,38787175078230
1774164066056,2026-03-22 07:21:06.056,69122.0,0.39566,B,27348.81052,76118199224913
1774164066056,2026-03-22 07:21:06.056,69122.0,0.20246,B,13994.44012,813119264838804
1774164066056,2026-03-22 07:21:06.056,69123.0,0.00017,B,11.750910000000001,561254615802922
1774164066056,2026-03-22 07:21:06.056,69123.0,0.05665,B,3915.81795,1046316154997871
1774164066056,2026-03-22 07:21:06.056,69123.0,0.066,B,4562.118,430673411736467
1774164066056,2026-03-22 07:21:06.056,69123.0,0.75976,B,52516.89048,758005374146271
1774164066056,2026-03-22 07:21:06.056,69123.0,0.10216,B,7061.60568,1038310952934751
1774164066223,2026-03-22 07:21:06.223,69122.0,0.02831,A,1956.8438199999998,512434585431488
1774164068009,2026-03-22 07:21:08.009,69122.0,0.00017,A,11.75074,119652685207388
1774164068009,2026-03-22 07:21:08.009,69123.0,0.00016,B,11.05968,853243286398991
1774164068009,2026-03-22 07:21:08.009,69123.0,1e-05,B,0.69123,862422135655688
1774164068562,2026-03-22 07:21:08.562,69124.0,0.00017,B,11.75108,427933867783613
1774164068562,2026-03-22 07:21:08.562,69124.0,0.0002,B,13.824800000000002,1089341363213227
1774164068562,2026-03-22 07:21:08.562,69125.0,0.00016,B,11.06,153888871972576
1774164068562,2026-03-22 07:21:08.562,69125.0,0.00017,B,11.75125,457328042062158
1774164068562,2026-03-22 07:21:08.562,69126.0,0.00017,B,11.751420000000001,51100665428399
1774164068562,2026-03-22 07:21:08.562,69127.0,0.00017,B,11.75159,116452649607969
1774164068562,2026-03-22 07:21:08.562,69127.0,0.003,B,207.381,336537719070281
1774164068562,2026-03-22 07:21:08.562,69128.0,0.00016,B,11.06048,56718738231740
1774164068863,2026-03-22 07:21:08.863,69128.0,1e-05,B,0.69128,167369502121556
1774164068863,2026-03-22 07:21:08.863,69129.0,0.00016,B,11.060640000000001,35623059959048
1774164068863,2026-03-22 07:21:08.863,69129.0,0.00017,B,11.751930000000002,869107887279739
1774164068863,2026-03-22 07:21:08.863,69129.0,0.00015,B,10.369349999999999,308670532528486
1774164068863,2026-03-22 07:21:08.863,69130.0,0.00017,B,11.7521,332493745524206
1774164068863,2026-03-22 07:21:08.863,69131.0,0.00017,B,11.752270000000001,481137214108732
1774164068863,2026-03-22 07:21:08.863,69131.0,0.00022,B,15.208820000000001,691207454772060
1774164068863,2026-03-22 07:21:08.863,69132.0,0.00017,B,11.75244,1484041467159
1774164068863,2026-03-22 07:21:08.863,69133.0,0.00016,B,11.061280000000002,911673338183738
1774164068863,2026-03-22 07:21:08.863,69133.0,0.00017,B,11.75261,823714427113969
1774164068863,2026-03-22 07:21:08.863,69133.0,0.003,B,207.399,144543410156892
1774164068863,2026-03-22 07:21:08.863,69133.0,0.00419,B,289.66727000000003,510169376039915
1774164071089,2026-03-22 07:21:11.089,69132.0,0.00019,A,13.13508,1117326482618740
1774164072430,2026-03-22 07:21:12.430,69133.0,0.0207,B,1431.0531,927961488243447
1774164072830,2026-03-22 07:21:12.830,69133.0,0.0156,B,1078.4748,665926127280717
1774164072830,2026-03-22 07:21:12.830,69133.0,0.00766,B,529.55878,15295906976839
1774164074053,2026-03-22 07:21:14.053,69132.0,0.00416,A,287.58912,1124473175867181
1774164075049,2026-03-22 07:21:15.049,69133.0,0.00057,B,39.405809999999995,96037569563691
1774164080118,2026-03-22 07:21:20.118,69133.0,0.00032,B,22.122560000000004,563134232299224
1774164082525,2026-03-22 07:21:22.525,69133.0,0.00015,B,10.36995,601362396618265
1774164083731,2026-03-22 07:21:23.731,69132.0,0.00029,A,20.048280000000002,1083197509190761
1774164085069,2026-03-22 07:21:25.069,69132.0,0.00036,A,24.887520000000002,247054830848425
1774164087064,2026-03-22 07:21:27.064,69132.0,0.00017,A,11.75244,522391568580687
1774164087161,2026-03-22 07:21:27.161,69132.0,0.00767,A,530.24244,186118851157251
1774164090163,2026-03-22 07:21:30.163,69133.0,0.3,B,20739.899999999998,465201829141872
1774164091087,2026-03-22 07:21:31.087,69132.0,0.00238,A,164.53416,606960938835567
1774164092304,2026-03-22 07:21:32.304,69130.0,0.00016,A,11.0608,53084866621933
1774164092304,2026-03-22 07:21:32.304,69129.0,0.00015,A,10.369349999999999,1092418926561834
1774164093578,2026-03-22 07:21:33.578,69129.0,0.00114,B,78.80705999999999,991685754501675
1774164093578,2026-03-22 07:21:33.578,69129.0,0.01332,B,920.79828,177195693987463
1774164094033,2026-03-22 07:21:34.033,69128.0,0.00142,A,98.16176,368292935675621
1774164095039,2026-03-22 07:21:35.039,69128.0,0.00038,A,26.26864,567859052177498
1774164095039,2026-03-22 07:21:35.039,69129.0,0.03377,B,2334.48633,601419387548937
1774164095392,2026-03-22 07:21:35.392,69129.0,0.01768,B,1222.20072,399982190702092
1774164096047,2026-03-22 07:21:36.047,69129.0,0.94778,B,65519.08362,761915770743627
1774164096047,2026-03-22 07:21:36.047,69129.0,0.13247,B,9157.51863,703226689630720
1774164096047,2026-03-22 07:21:36.047,69129.0,0.13938,B,9635.20002,71472856987761
1774164096047,2026-03-22 07:21:36.047,69129.0,0.13021,B,9001.28709,1013487482367201
1774164096047,2026-03-22 07:21:36.047,69129.0,0.14016,B,9689.120640000001,911998628209471
1774164096047,2026-03-22 07:21:36.047,69129.0,0.09041,B,6249.9528900000005,808619135786655
1774164096047,2026-03-22 07:21:36.047,69129.0,0.05889,B,4071.00681,342503251866878
1774164098059,2026-03-22 07:21:38.059,69128.0,0.00018,A,12.443040000000002,1046053089112240
1774164098059,2026-03-22 07:21:38.059,69129.0,0.00016,B,11.060640000000001,255575864530982
1774164101010,2026-03-22 07:21:41.010,69128.0,0.00019,A,13.13432,1118693922887606
1774164104044,2026-03-22 07:21:44.044,69128.0,0.00415,A,286.8812,174351127430545
1774164105012,2026-03-22 07:21:45.012,69129.0,0.00056,B,38.712239999999994,466068731339802
1774164108521,2026-03-22 07:21:48.521,69129.0,0.00021,B,14.517090000000001,329680075385909
1774164111196,2026-03-22 07:21:51.196,69129.0,0.00051,B,35.255790000000005,833260189936528
1774164112404,2026-03-22 07:21:52.404,69129.0,0.00043,B,29.725469999999998,511422172534191
1774164112603,2026-03-22 07:21:52.603,69129.0,0.00017,B,11.751930000000002,768621143305357
1774164113604,2026-03-22 07:21:53.604,69128.0,0.00043,A,29.72504,883410179777848
1774164115015,2026-03-22 07:21:55.015,69128.0,0.00036,A,24.886080000000003,244289204361478
1774164117017,2026-03-22 07:21:57.017,69128.0,0.00017,A,11.75176,489953603321292
1774164117017,2026-03-22 07:21:57.017,69129.0,0.01,B,691.29,259307961208050
1774164117442,2026-03-22 07:21:57.442,69129.0,0.0036,B,248.8644,90869493184676
1774164118966,2026-03-22 07:21:58.966,69129.0,0.0036,B,248.8644,932985727687522
1774164119669,2026-03-22 07:21:59.669,69129.0,0.00106,B,73.27674,311851254966872
1774164119669,2026-03-22 07:21:59.669,69129.0,0.05594,B,3867.07626,296219178899772
1774164120460,2026-03-22 07:22:00.460,69129.0,0.25694,B,17762.00526,515872713078366
1774164121065,2026-03-22 07:22:01.065,69128.0,0.00238,A,164.52464,506437807596417
1774164121065,2026-03-22 07:22:01.065,69129.0,0.00021,B,14.517090000000001,1122578435433794
1774164122270,2026-03-22 07:22:02.270,69128.0,0.00775,A,535.742,1098554465656622
1774164122872,2026-03-22 07:22:02.872,69129.0,0.01618,B,1118.50722,155740375015058
1774164124086,2026-03-22 07:22:04.086,69128.0,0.00142,A,98.16176,610659676888799
1774164125102,2026-03-22 07:22:05.102,69128.0,0.00023,A,15.89944,884550160899111
1774164125102,2026-03-22 07:22:05.102,69129.0,0.01416,B,978.8666400000001,1122430789945873
1774164126101,2026-03-22 07:22:06.101,69129.0,0.26435,B,18274.251149999996,329993896667109
1774164126101,2026-03-22 07:22:06.101,69129.0,0.14197,B,9814.244130000001,264609140091582
1774164126101,2026-03-22 07:22:06.101,69129.0,0.11402,B,7882.08858,530292087837599
1774164126101,2026-03-22 07:22:06.101,69129.0,0.28681,B,19826.88849,46441229648176
1774164126101,2026-03-22 07:22:06.101,69129.0,0.46324,B,32023.31796,931695180283100
1774164126101,2026-03-22 07:22:06.101,69129.0,0.12594,B,8706.10626,388090884334710
1774164126101,2026-03-22 07:22:06.101,69129.0,0.0764,B,5281.455599999999,50895448282061
1774164126101,2026-03-22 07:22:06.101,69129.0,0.13297,B,9192.08313,459112925184097
1774164126101,2026-03-22 07:22:06.101,69129.0,0.0336,B,2322.7344,965140137325382
1774164126491,2026-03-22 07:22:06.491,69129.0,0.0036,B,248.8644,167877478690754
1774164127370,2026-03-22 07:22:07.370,69129.0,0.0217,B,1500.0993,1081624821989733
1774164128005,2026-03-22 07:22:08.005,69128.0,0.00017,A,11.75176,1065333375309508
1774164128619,2026-03-22 07:22:08.619,69129.0,0.3506,B,24236.6274,71624138111754
1774164128904,2026-03-22 07:22:08.904,69129.0,0.00039,B,26.96031,239341531814001
1774164131023,2026-03-22 07:22:11.023,69128.0,0.00019,A,13.13432,840125152251383
1774164133029,2026-03-22 07:22:13.029,69128.0,0.00115,A,79.49719999999999,90065690451364
1774164134018,2026-03-22 07:22:14.018,69128.0,0.00416,A,287.57248,1101597315948123
1774164135048,2026-03-22 07:22:15.048,69129.0,0.00057,B,39.403529999999996,522945588852797
1774164137172,2026-03-22 07:22:17.172,69129.0,0.00145,B,100.23705,621270321024510
1774164139981,2026-03-22 07:22:19.981,69129.0,0.00044,B,30.41676,375232838603834
1774164145012,2026-03-22 07:22:25.012,69128.0,0.00036,A,24.886080000000003,832649736453737
1774164145211,2026-03-22 07:22:25.211,69128.0,0.00384,A,265.45152,332059675953639
1774164145211,2026-03-22 07:22:25.211,69128.0,0.0701,A,4845.8728,846679361486977
1774164145211,2026-03-22 07:22:25.211,69128.0,0.14587,A,10083.70136,521208148488160
1774164145211,2026-03-22 07:22:25.211,69128.0,0.13429,A,9283.19912,309415754531940
1774164145413,2026-03-22 07:22:25.413,69128.0,7e-05,A,4.838959999999999,746552610438553
1774164145972,2026-03-22 07:22:25.972,69128.0,0.00044,A,30.416320000000002,467981665992466
1774164147028,2026-03-22 07:22:27.028,69128.0,0.00017,A,11.75176,195570875739656
1774164150286,2026-03-22 07:22:30.286,69129.0,7e-05,B,4.839029999999999,954977457192882
1774164150676,2026-03-22 07:22:30.676,69128.0,0.00029,A,20.04712,144813991760367
1774164151026,2026-03-22 07:22:31.026,69128.0,0.00238,A,164.52464,137886445657585
1774164153298,2026-03-22 07:22:33.298,69129.0,0.04591,B,3173.71239,103045804912294
1774164153298,2026-03-22 07:22:33.298,69129.0,0.20112,B,13903.224479999999,299700765385018
1774164153298,2026-03-22 07:22:33.298,69129.0,0.08337,B,5763.28473,1066366707875024
1774164154091,2026-03-22 07:22:34.091,69128.0,0.00141,A,97.47048,726843980741369
1774164154293,2026-03-22 07:22:34.293,69129.0,0.00145,B,100.23705,698040193361917
1774164154505,2026-03-22 07:22:34.505,69129.0,0.01336,B,923.56344,1109348619782997
1774164154505,2026-03-22 07:22:34.505,69129.0,0.05922,B,4093.81938,758884812340146
1774164155000,2026-03-22 07:22:35.000,69128.0,0.00023,A,15.89944,1033115675845830
1774164156025,2026-03-22 07:22:36.025,69129.0,0.04274,B,2954.57346,817009916933066
1774164156025,2026-03-22 07:22:36.025,69129.0,0.05069,B,3504.14901,900949035581885
1774164156025,2026-03-22 07:22:36.025,69129.0,0.36985,B,25567.360650000002,955571086223905
1774164156025,2026-03-22 07:22:36.025,69129.0,0.21,B,14517.09,125539905724497
1774164156025,2026-03-22 07:22:36.025,69129.0,0.35,B,24195.149999999998,114819885971563
1774164156025,2026-03-22 07:22:36.025,69129.0,0.61612,B,42591.75948,495634959011229
1774164158019,2026-03-22 07:22:38.019,69128.0,0.0002,A,13.825600000000001,1114711744854317
1774164158019,2026-03-22 07:22:38.019,69129.0,0.00016,B,11.060640000000001,167941563472110
1774164161028,2026-03-22 07:22:41.028,69128.0,0.00019,A,13.13432,112770608747320
1774164163447,2026-03-22 07:22:43.447,69129.0,0.0207,B,1430.9703,765577932151455
1774164163533,2026-03-22 07:22:43.533,69129.0,0.00041,B,28.34289,406169662864917
1774164164052,2026-03-22 07:22:44.052,69128.0,0.00416,A,287.57248,306094494361015
1774164165009,2026-03-22 07:22:45.009,69129.0,0.00056,B,38.712239999999994,72572156023847
1774164166851,2026-03-22 07:22:46.851,69128.0,0.00022,A,15.208160000000001,498566266262889
1774164167068,2026-03-22 07:22:47.068,69129.0,0.03742,B,2586.8071800000002,205040973325095
1774164171073,2026-03-22 07:22:51.073,69128.0,0.03742,A,2586.76976,734703523823530
1774164171073,2026-03-22 07:22:51.073,69129.0,0.00145,B,100.23705,1036788068276877
1774164171864,2026-03-22 07:22:51.864,69128.0,0.00022,A,15.208160000000001,587545797298089
1774164177022,2026-03-22 07:22:57.022,69128.0,0.00017,A,11.75176,38802259651257
1774164178072,2026-03-22 07:22:58.072,69128.0,0.01,A,691.28,319439746789847
1774164180687,2026-03-22 07:23:00.687,69128.0,1e-05,A,0.69128,1087511470847194
1774164181019,2026-03-22 07:23:01.019,69128.0,0.00238,A,164.52464,595698054825341
1774164182636,2026-03-22 07:23:02.636,69129.0,0.5,B,34564.5,612041064330672
1774164184039,2026-03-22 07:23:04.039,69128.0,0.00142,A,98.16176,375485822736194
1774164186053,2026-03-22 07:23:06.053,69129.0,0.10583,B,7315.92207,48050165999559
1774164186053,2026-03-22 07:23:06.053,69129.0,0.37195,B,25712.53155,236358293718157
1774164186053,2026-03-22 07:23:06.053,69129.0,0.21,B,14517.09,280880296313861
1774164186053,2026-03-22 07:23:06.053,69129.0,0.5,B,34564.5,833064521916631
1774164186053,2026-03-22 07:23:06.053,69129.0,0.36807,B,25444.31103,369832730218539
1774164186053,2026-03-22 07:23:06.053,69129.0,0.08345,B,5768.81505,11899712181017
1774164186663,2026-03-22 07:23:06.663,69128.0,0.00305,A,210.84040000000002,950747489097575
1774164186980,2026-03-22 07:23:06.980,69129.0,0.00145,B,100.23705,569238008239049
1774164188041,2026-03-22 07:23:08.041,69129.0,0.00016,B,11.060640000000001,970104849915022
1774164194034,2026-03-22 07:23:14.034,69128.0,0.00416,A,287.57248,379994272570562
1774164195032,2026-03-22 07:23:15.032,69129.0,0.00057,B,39.403529999999996,875964945286669
1774164196638,2026-03-22 07:23:16.638,69128.0,0.00709,A,490.11752,515858011447779
1774164203211,2026-03-22 07:23:23.211,69129.0,0.00101,B,69.82029,23931441694332
1774164205581,2026-03-22 07:23:25.581,69129.0,0.00036,B,24.88644,275479218969134
1774164205581,2026-03-22 07:23:25.581,69129.0,0.00036,B,24.88644,504082268822884
1774164205581,2026-03-22 07:23:25.581,69129.0,0.00036,B,24.88644,255277955564874
1774164205581,2026-03-22 07:23:25.581,69129.0,0.00036,B,24.88644,365069062186503
1774164205581,2026-03-22 07:23:25.581,69129.0,0.0002,B,13.825800000000001,219740649725801
1774164205581,2026-03-22 07:23:25.581,69129.0,0.00145,B,100.23705,754675209297644
1774164205581,2026-03-22 07:23:25.581,69129.0,0.00017,B,11.751930000000002,552210096273591
1774164205581,2026-03-22 07:23:25.581,69130.0,0.00021,B,14.5173,543680576806756
1774164205581,2026-03-22 07:23:25.581,69130.0,0.00017,B,11.7521,14034405522722
1774164205581,2026-03-22 07:23:25.581,69131.0,0.00017,B,11.752270000000001,346032169442590
1774164205702,2026-03-22 07:23:25.702,69132.0,0.00017,B,11.75244,864506354056381
1774164205702,2026-03-22 07:23:25.702,69133.0,0.00017,B,11.75261,420002874837075
1774164205702,2026-03-22 07:23:25.702,69134.0,0.00017,B,11.752780000000001,808507215556498
1774164205702,2026-03-22 07:23:25.702,69134.0,0.003,B,207.40200000000002,252213408299035
1774164205702,2026-03-22 07:23:25.702,69135.0,0.00017,B,11.75295,904767541740639
1774164205702,2026-03-22 07:23:25.702,69136.0,0.00016,B,11.061760000000001,567809912912727
1774164205702,2026-03-22 07:23:25.702,69136.0,0.00017,B,11.753120000000001,89123641409193
1774164205702,2026-03-22 07:23:25.702,69137.0,0.00072,B,49.77864,538559868400239
1774164205702,2026-03-22 07:23:25.702,69137.0,0.00017,B,11.753290000000002,51980770544263
1774164205702,2026-03-22 07:23:25.702,69138.0,0.00033,B,22.81554,599273274994329
1774164205702,2026-03-22 07:23:25.702,69138.0,0.00017,B,11.75346,666091491592445
1774164205702,2026-03-22 07:23:25.702,69139.0,0.00017,B,11.753630000000001,889669216597772
1774164205702,2026-03-22 07:23:25.702,69139.0,0.003,B,207.417,107831478895050
1774164205702,2026-03-22 07:23:25.702,69139.0,0.01012,B,699.68668,259984433495426
1774164205702,2026-03-22 07:23:25.702,69140.0,0.00016,B,11.0624,231883138111242
1774164205702,2026-03-22 07:23:25.702,69140.0,0.00017,B,11.7538,769635650825414
1774164205702,2026-03-22 07:23:25.702,69140.0,0.00015,B,10.370999999999999,962104741549495
1774164205702,2026-03-22 07:23:25.702,69140.0,0.01406,B,972.1084,521953170183519
1774164208990,2026-03-22 07:23:28.990,69139.0,0.00042,A,29.03838,578698811722010
1774164209242,2026-03-22 07:23:29.242,69139.0,0.00017,A,11.753630000000001,903258859021542
1774164210678,2026-03-22 07:23:30.678,69139.0,0.03323,A,2297.4889700000003,374557934790953
1774164211068,2026-03-22 07:23:31.068,69139.0,0.00237,A,163.85943,36081470984412
1774164212074,2026-03-22 07:23:32.074,69140.0,0.00903,B,624.3342,1062624039538179
1774164214028,2026-03-22 07:23:34.028,69139.0,0.00142,A,98.17738,292813749922885
1774164215239,2026-03-22 07:23:35.239,69140.0,0.01739,B,1202.3446,794610822229669
1774164215239,2026-03-22 07:23:35.239,69140.0,0.00489,B,338.0946,401858178437110
1774164216042,2026-03-22 07:23:36.042,69140.0,0.19841,B,13718.0674,10189622310710
1774164216042,2026-03-22 07:23:36.042,69140.0,0.35452,B,24511.5128,598642728658903
1774164216042,2026-03-22 07:23:36.042,69140.0,0.00017,B,11.7538,740071385986886
1774164216042,2026-03-22 07:23:36.042,69140.0,0.06815,B,4711.8910000000005,175323140918482
1774164216042,2026-03-22 07:23:36.042,69140.0,0.0726,B,5019.564,317455456189577
1774164216042,2026-03-22 07:23:36.042,69140.0,0.00417,B,288.3138,1051130120407433
1774164216042,2026-03-22 07:23:36.042,69140.0,0.07647,B,5287.1358,463175470164677
1774164216042,2026-03-22 07:23:36.042,69140.0,0.12231,B,8456.5134,304717142064457
1774164216042,2026-03-22 07:23:36.042,69140.0,0.07366,B,5092.852400000001,739894345260067
1774164216042,2026-03-22 07:23:36.042,69140.0,0.10026,B,6931.9764000000005,179545647085097
1774164216042,2026-03-22 07:23:36.042,69140.0,0.01012,B,699.6968,798619134206045
1774164216042,2026-03-22 07:23:36.042,69140.0,0.12606,B,8715.788400000001,714627281106306
1774164216042,2026-03-22 07:23:36.042,69140.0,0.07524,B,5202.0936,386998380583142
1774164216042,2026-03-22 07:23:36.042,69140.0,0.10374,B,7172.5836,555997223130406
1774164216042,2026-03-22 07:23:36.042,69140.0,0.10752,B,7433.9328000000005,950824495413063
1774164216042,2026-03-22 07:23:36.042,69140.0,0.11427,B,7900.6278,822102685087833
1774164216042,2026-03-22 07:23:36.042,69140.0,0.00036,B,24.890400000000003,718153046046987
1774164216042,2026-03-22 07:23:36.042,69140.0,0.00036,B,24.890400000000003,625892398391817
1774164216042,2026-03-22 07:23:36.042,69140.0,0.03101,B,2144.0314,79856804099889
1774164218069,2026-03-22 07:23:38.069,69140.0,0.00015,B,10.370999999999999,1010615425944647
1774164218069,2026-03-22 07:23:38.069,69140.0,1e-05,B,0.6914,478569956664760
1774164218470,2026-03-22 07:23:38.470,69139.0,0.00029,A,20.05031,545099223211895
1774164219275,2026-03-22 07:23:39.275,69140.0,0.00017,B,11.7538,504833643413501
1774164219275,2026-03-22 07:23:39.275,69140.0,0.00139,B,96.10459999999999,241139646314747
1774164219434,2026-03-22 07:23:39.434,69140.0,0.00873,B,603.5922,69500919899463
1774164219434,2026-03-22 07:23:39.434,69141.0,0.00017,B,11.75397,483409459092851
1774164219434,2026-03-22 07:23:39.434,69141.0,0.04048,B,2798.8276800000003,625650470997023
1774164219434,2026-03-22 07:23:39.434,69142.0,0.00017,B,11.754140000000001,818845477363049
1774164219434,2026-03-22 07:23:39.434,69142.0,0.0002,B,13.8284,258743699832817
1774164219434,2026-03-22 07:23:39.434,69143.0,0.00017,B,11.75431,1085181052497945
1774164219434,2026-03-22 07:23:39.434,69144.0,0.00016,B,11.06304,994059374122326
1774164219434,2026-03-22 07:23:39.434,69144.0,0.00017,B,11.754480000000001,749236849167256
1774164219434,2026-03-22 07:23:39.434,69144.0,0.00033,B,22.81752,113913937457785
1774164219434,2026-03-22 07:23:39.434,69144.0,0.72323,B,50007.015120000004,953601787448849
1774164219434,2026-03-22 07:23:39.434,69145.0,0.00017,B,11.754650000000002,279832817856366
1774164219434,2026-03-22 07:23:39.434,69145.0,0.00022,B,15.2119,622392410561796
1774164219434,2026-03-22 07:23:39.434,69145.0,0.00015,B,10.371749999999999,365388344595341
1774164219434,2026-03-22 07:23:39.434,69145.0,0.066,B,4563.570000000001,535769641207865
1774164219434,2026-03-22 07:23:39.434,69145.0,0.003,B,207.435,1048967227954790
1774164219434,2026-03-22 07:23:39.434,69145.0,0.2024,B,13994.948,798083777674136
1774164219434,2026-03-22 07:23:39.434,69146.0,0.00356,B,246.15975999999998,717317668067211
1774164219434,2026-03-22 07:23:39.434,69146.0,0.00017,B,11.75482,784017558717435
1774164219434,2026-03-22 07:23:39.434,69146.0,0.41837,B,28928.61202,648523728055732
1774164219434,2026-03-22 07:23:39.434,69146.0,0.05665,B,3917.1209,21002409941056
1774164219434,2026-03-22 07:23:39.434,69147.0,0.00016,B,11.06352,395046372891580
1774164219434,2026-03-22 07:23:39.434,69147.0,0.00017,B,11.754990000000001,838141916006747
1774164219434,2026-03-22 07:23:39.434,69147.0,1.08485,B,75014.12295,165384151438645
1774164219434,2026-03-22 07:23:39.434,69147.0,1.44642,B,100015.60374,933747708789408
1774164219434,2026-03-22 07:23:39.434,69147.0,1.68779,B,116705.61512999999,89617196344937
1774164219434,2026-03-22 07:23:39.434,69148.0,0.00017,B,11.75516,502833298053046
1774164219434,2026-03-22 07:23:39.434,69148.0,0.55291,B,38232.62068,1078739743997893
1774164219434,2026-03-22 07:23:39.434,69148.0,0.02239,B,1548.22372,810002328673250
1774164219434,2026-03-22 07:23:39.434,69148.0,0.02892,B,1999.76016,538639065807763
1774164219434,2026-03-22 07:23:39.434,69148.0,0.02341,B,1618.75468,145557982772078
1774164219434,2026-03-22 07:23:39.434,69148.0,0.001,B,69.148,809231767402536
1774164219434,2026-03-22 07:23:39.434,69148.0,0.21696,B,15002.350079999998,451185794038272
1774164219434,2026-03-22 07:23:39.434,69148.0,1.06035,B,73321.0818,1044484808080898
1774164220498,2026-03-22 07:23:40.498,69148.0,4e-05,B,2.7659200000000004,739334023526044
1774164220951,2026-03-22 07:23:40.951,69148.0,0.00013,B,8.989239999999999,823808383230973
1774164220951,2026-03-22 07:23:40.951,69149.0,3e-05,B,2.0744700000000003,225138579777639
1774164221151,2026-03-22 07:23:41.151,69149.0,0.00014,B,9.68086,655971427069238
1774164221151,2026-03-22 07:23:41.151,69150.0,0.002,B,138.3,356514028604808
1774164221151,2026-03-22 07:23:41.151,69150.0,0.00017,B,11.755500000000001,438542068445437
1774164221151,2026-03-22 07:23:41.151,69150.0,0.003,B,207.45000000000002,144084541386559
1774164221151,2026-03-22 07:23:41.151,69151.0,0.00016,B,11.064160000000001,326347293990460
1774164221151,2026-03-22 07:23:41.151,69151.0,0.00017,B,11.75567,990454305000798
1774164221151,2026-03-22 07:23:41.151,69151.0,0.00156,B,107.87556,1029667146209651
1774164222049,2026-03-22 07:23:42.049,69151.0,0.00855,B,591.24105,96005169399840
1774164222049,2026-03-22 07:23:42.049,69151.0,2e-05,B,1.3830200000000001,296098238184530
1774164223112,2026-03-22 07:23:43.112,69151.0,0.00051,B,35.26701,488778693352267
1774164224013,2026-03-22 07:23:44.013,69150.0,0.00416,A,287.664,999537154228122
1774164224117,2026-03-22 07:23:44.117,69151.0,0.00051,B,35.26701,89281402840443
1774164224180,2026-03-22 07:23:44.180,69150.0,0.04125,A,2852.4375,1092986525699637
1774164224873,2026-03-22 07:23:44.873,69151.0,0.01343,B,928.6979299999999,1004846246151764
1774164224873,2026-03-22 07:23:44.873,69151.0,0.00017,B,11.75567,479402396085968
1774164224873,2026-03-22 07:23:44.873,69151.0,0.00036,B,24.894360000000002,435889496411831
1774164225019,2026-03-22 07:23:45.019,69151.0,0.00057,B,39.41607,217591810648014
1774164225221,2026-03-22 07:23:45.221,69150.0,0.10367,A,7168.7805,131493989244075
1774164225221,2026-03-22 07:23:45.221,69150.0,0.06617,A,4575.655500000001,797888198387154
1774164229597,2026-03-22 07:23:49.597,69152.0,0.01011,B,699.12672,229646436056560
1774164229597,2026-03-22 07:23:49.597,69152.0,0.00017,B,11.755840000000001,894032668051992
1774164229597,2026-03-22 07:23:49.597,69152.0,0.0002,B,13.830400000000001,747784613337258
1774164229597,2026-03-22 07:23:49.597,69152.0,0.00019,B,13.13888,354729563445618
1774164231634,2026-03-22 07:23:51.634,69151.0,0.00071,A,49.097210000000004,486890776501199
1774164236340,2026-03-22 07:23:56.340,69152.0,0.00017,B,11.755840000000001,382865342963099
1774164236340,2026-03-22 07:23:56.340,69152.0,0.01011,B,699.12672,1090839577798393
1774164236340,2026-03-22 07:23:56.340,69153.0,0.00017,B,11.756010000000002,406758245910174
1774164236593,2026-03-22 07:23:56.593,69154.0,4e-05,B,2.76616,10206037975443
1774164237077,2026-03-22 07:23:57.077,69153.0,2e-05,A,1.3830600000000002,777692665210099
1774164237077,2026-03-22 07:23:57.077,69153.0,0.00015,A,10.37295,485326535544671
1774164238004,2026-03-22 07:23:58.004,69154.0,0.00233,B,161.12882,710968616167430
1774164238004,2026-03-22 07:23:58.004,69154.0,0.00017,B,11.75618,702219224963360
1774164238004,2026-03-22 07:23:58.004,69154.0,0.00077,B,53.24858,826007083612058
1774164238424,2026-03-22 07:23:58.424,69154.0,0.00095,B,65.6963,683704080749522
1774164238680,2026-03-22 07:23:58.680,69154.0,0.02964,B,2049.72456,12143099952632
1774164241063,2026-03-22 07:24:01.063,69153.0,0.00238,A,164.58414000000002,528036460496712
1774164243936,2026-03-22 07:24:03.936,69154.0,0.00072,B,49.79088,264928229461631
1774164244140,2026-03-22 07:24:04.140,69153.0,0.00142,A,98.19726,733816801457169
1774164246015,2026-03-22 07:24:06.015,69154.0,0.23847,B,16491.15438,891448004792794
1774164246015,2026-03-22 07:24:06.015,69154.0,0.04047,B,2798.6623799999998,1085030618053687
1774164246015,2026-03-22 07:24:06.015,69154.0,0.06517,B,4506.7661800000005,122491644611483
1774164246015,2026-03-22 07:24:06.015,69154.0,0.10137,B,7010.14098,828832319262456
1774164246015,2026-03-22 07:24:06.015,69154.0,0.00385,B,266.2429,1022029883966919
1774164246015,2026-03-22 07:24:06.015,69154.0,0.00289,B,199.85506,1035735201577769
1774164246015,2026-03-22 07:24:06.015,69154.0,0.08778,B,6070.338119999999,180317858123582
1774164246015,2026-03-22 07:24:06.015,69154.0,0.0938,B,6486.6452,806378497040518
1774164246015,2026-03-22 07:24:06.015,69154.0,0.24311,B,16812.02894,934231364177919
1774164246015,2026-03-22 07:24:06.015,69154.0,0.51306,B,35480.15124,904572597377157
1774164246015,2026-03-22 07:24:06.015,69154.0,0.08798,B,6084.16892,39861820443958
1774164246015,2026-03-22 07:24:06.015,69154.0,0.0765,B,5290.281,379929308082576
1774164246015,2026-03-22 07:24:06.015,69154.0,0.08485,B,5867.716899999999,970804272813400
1774164248036,2026-03-22 07:24:08.036,69154.0,0.00016,B,11.06464,84543208773409
1774164248235,2026-03-22 07:24:08.235,69154.0,0.00015,B,10.373099999999999,319331952029710
1774164250981,2026-03-22 07:24:10.981,69154.0,0.10324,B,7139.45896,818254617258808
1774164250981,2026-03-22 07:24:10.981,69154.0,0.09676,B,6691.34104,174881240557282
1774164252657,2026-03-22 07:24:12.657,69154.0,0.0207,B,1431.4877999999999,683530790196870
1774164252868,2026-03-22 07:24:12.868,69154.0,0.0019,B,131.3926,890076045161892
1774164253524,2026-03-22 07:24:13.524,69154.0,1e-05,B,0.69154,303391111564117
1774164254062,2026-03-22 07:24:14.062,69153.0,0.00415,A,286.98495,770149995673394
1774164255065,2026-03-22 07:24:15.065,69154.0,0.00056,B,38.72624,82202474850512
1774164255286,2026-03-22 07:24:15.286,69154.0,0.00139,B,96.12406,142462296692935
1774164255902,2026-03-22 07:24:15.902,69154.0,0.01415,B,978.5291,795168599974130
1774164258163,2026-03-22 07:24:18.163,69154.0,0.01021,B,706.0623400000001,448247748244408
1774164258310,2026-03-22 07:24:18.310,69153.0,0.03787,A,2618.82411,722686033131811
1774164258310,2026-03-22 07:24:18.310,69154.0,0.00022,B,15.213880000000001,14141544158206
1774164264791,2026-03-22 07:24:24.791,69154.0,0.00015,B,10.373099999999999,980917229378796
1774164267007,2026-03-22 07:24:27.007,69153.0,0.00017,A,11.756010000000002,740231231963177
1774164268034,2026-03-22 07:24:28.034,69154.0,0.00328,B,226.82512,933879417314037
1774164268034,2026-03-22 07:24:28.034,69154.0,0.00166,B,114.79564,834240486229670
1774164269237,2026-03-22 07:24:29.237,69153.0,7e-05,A,4.84071,257104854383821
1774164269438,2026-03-22 07:24:29.438,69154.0,0.05784,B,3999.86736,403671884125314
1774164271044,2026-03-22 07:24:31.044,69153.0,0.00238,A,164.58414000000002,470214107595297
1774164273661,2026-03-22 07:24:33.661,69153.0,0.00018,A,12.44754,855323730406579
1774164273661,2026-03-22 07:24:33.661,69153.0,0.0029,A,200.54369999999997,861577140449307
1774164273661,2026-03-22 07:24:33.661,69153.0,0.00019,A,13.13907,760228742611432
1774164273661,2026-03-22 07:24:33.661,69153.0,0.00015,A,10.37295,1048419670818949
1774164273661,2026-03-22 07:24:33.661,69153.0,0.00017,A,11.756010000000002,339974429399297
1774164273661,2026-03-22 07:24:33.661,69153.0,0.00042,A,29.04426,445632938298953
1774164274065,2026-03-22 07:24:34.065,69153.0,0.00142,A,98.19726,1054446250800327
1774164274065,2026-03-22 07:24:34.065,69154.0,7e-05,B,4.84078,761347272288125
1774164275582,2026-03-22 07:24:35.582,69154.0,0.00019,B,13.13926,394454676903838
1774164276070,2026-03-22 07:24:36.070,69154.0,0.29091,B,20117.59014,706294373995441
1774164276070,2026-03-22 07:24:36.070,69154.0,0.00017,B,11.75618,971140411554507
1774164276070,2026-03-22 07:24:36.070,69154.0,0.25303,B,17498.03662,927300847480061
1774164276070,2026-03-22 07:24:36.070,69154.0,0.11293,B,7809.5612200000005,551325087005746
1774164276070,2026-03-22 07:24:36.070,69154.0,0.06581,B,4551.02474,1108225700788791
1774164276070,2026-03-22 07:24:36.070,69154.0,0.07241,B,5007.44114,925774088052213
1774164276070,2026-03-22 07:24:36.070,69154.0,0.43114,B,29815.05556,666498551038174
1774164276070,2026-03-22 07:24:36.070,69154.0,0.07357,B,5087.65978,750168502489054
1774164276070,2026-03-22 07:24:36.070,69154.0,0.07524,B,5203.14696,96278179915206
1774164276070,2026-03-22 07:24:36.070,69154.0,0.00383,B,264.85982,437914515646447
1774164276070,2026-03-22 07:24:36.070,69154.0,0.10312,B,7131.1604800000005,755774376630359
1774164276070,2026-03-22 07:24:36.070,69154.0,0.07909,B,5469.389859999999,810407688641763
1774164276070,2026-03-22 07:24:36.070,69154.0,0.07815,B,5404.3850999999995,924096008020402
1774164276070,2026-03-22 07:24:36.070,69153.0,0.00487,A,336.77511000000004,443306016415698
1774164278094,2026-03-22 07:24:38.094,69153.0,2e-05,B,1.3830600000000002,173832476639711
1774164278094,2026-03-22 07:24:38.094,69153.0,0.00014,B,9.68142,944413718095201
1774164281140,2026-03-22 07:24:41.140,69152.0,0.00025,A,17.288,1061672980503785
1774164281140,2026-03-22 07:24:41.140,69152.0,0.00694,A,479.91488,686045916211834
1774164281508,2026-03-22 07:24:41.508,69151.0,0.00664,A,459.16264,16028387711842
1774164284061,2026-03-22 07:24:44.061,69151.0,0.00416,A,287.66816,548072815163131
1774164285067,2026-03-22 07:24:45.067,69152.0,2e-05,B,1.38304,757456078734535
1774164285067,2026-03-22 07:24:45.067,69152.0,0.00055,B,38.0336,29603380999794
1774164285724,2026-03-22 07:24:45.724,69151.0,0.00029,A,20.05379,273715977809475
1774164287963,2026-03-22 07:24:47.963,69150.0,0.00015,A,10.372499999999999,969255202168675
1774164287963,2026-03-22 07:24:47.963,69150.0,0.00024,A,16.596,599399436009469
1774164288112,2026-03-22 07:24:48.112,69149.0,0.00015,A,10.372349999999999,647235339762502
1774164288165,2026-03-22 07:24:48.165,69148.0,0.00016,A,11.063680000000002,945067102375557
1774164288165,2026-03-22 07:24:48.165,69148.0,0.003,A,207.44400000000002,551581824721900
1774164288352,2026-03-22 07:24:48.352,69145.0,0.00016,A,11.0632,1120331142940629
1774164288352,2026-03-22 07:24:48.352,69145.0,0.00017,A,11.754650000000002,309757645441997
1774164288352,2026-03-22 07:24:48.352,69144.0,0.00017,A,11.754480000000001,442390222978076
1774164288352,2026-03-22 07:24:48.352,69143.0,0.00017,A,11.75431,566181539297637
1774164288536,2026-03-22 07:24:48.536,69142.0,0.00017,A,11.754140000000001,1045016273041027
1774164288536,2026-03-22 07:24:48.536,69141.0,0.00016,A,11.062560000000001,134514618518986
1774164288536,2026-03-22 07:24:48.536,69141.0,0.00015,A,10.371149999999998,306197406472847
1774164288536,2026-03-22 07:24:48.536,69141.0,0.00017,A,11.75397,693492284458404
1774164289607,2026-03-22 07:24:49.607,69140.0,0.00017,A,11.7538,889230238122013
1774164289961,2026-03-22 07:24:49.961,69139.0,0.00017,A,11.753630000000001,359519079338724
1774164289961,2026-03-22 07:24:49.961,69138.0,0.00017,A,11.75346,976885435932542
1774164290896,2026-03-22 07:24:50.896,69137.0,0.00022,A,15.21014,412095630299817
1774164290896,2026-03-22 07:24:50.896,69137.0,0.00017,A,11.753290000000002,1054521718445747
1774164293966,2026-03-22 07:24:53.966,69136.0,0.00017,A,11.753120000000001,62536405025276
1774164293966,2026-03-22 07:24:53.966,69135.0,0.00017,A,11.75295,546819185810330
1774164293966,2026-03-22 07:24:53.966,69135.0,9e-05,A,6.22215,146608176391346
1774164294823,2026-03-22 07:24:54.823,69136.0,0.00017,B,11.753120000000001,787238882624725
1774164296455,2026-03-22 07:24:56.455,69135.0,0.00017,A,11.75295,296410309292648
1774164296775,2026-03-22 07:24:56.775,69134.0,0.00017,A,11.752780000000001,1042295690236134
1774164296775,2026-03-22 07:24:56.775,69133.0,0.001,A,69.133,1009214824906262
1774164296775,2026-03-22 07:24:56.775,69133.0,0.001,A,69.133,149711845987986
1774164296775,2026-03-22 07:24:56.775,69133.0,0.001,A,69.133,1001529424728269
1774164296775,2026-03-22 07:24:56.775,69133.0,0.00017,A,11.75261,473499177047037
1774164296775,2026-03-22 07:24:56.775,69133.0,0.00015,A,10.36995,345189618485011
1774164296775,2026-03-22 07:24:56.775,69132.0,0.00017,A,11.75244,235079333540626
1774164296775,2026-03-22 07:24:56.775,69131.0,0.001,A,69.131,975012985653013
1774164296775,2026-03-22 07:24:56.775,69131.0,0.00017,A,11.752270000000001,329706628074569
1774164296775,2026-03-22 07:24:56.775,69131.0,0.001,A,69.131,587113377224050
1774164296775,2026-03-22 07:24:56.775,69130.0,0.00016,A,11.0608,943315069540251
1774164296775,2026-03-22 07:24:56.775,69130.0,0.00017,A,11.7521,806507890577784
1774164296775,2026-03-22 07:24:56.775,69130.0,0.00039,A,26.9607,738953720016598
1774164297056,2026-03-22 07:24:57.056,69130.0,0.00017,A,11.7521,678016892288180
1774164300348,2026-03-22 07:25:00.348,69130.0,0.0001,A,6.913,586504271557816
1774164301031,2026-03-22 07:25:01.031,69130.0,7e-05,A,4.839099999999999,227141121788419
1774164301031,2026-03-22 07:25:01.031,69130.0,0.00231,A,159.6903,1019141239625714
1774164303074,2026-03-22 07:25:03.074,69130.0,0.00339,A,234.3507,316203677628134
1774164304068,2026-03-22 07:25:04.068,69130.0,0.00141,A,97.4733,574048134294358
1774164304270,2026-03-22 07:25:04.270,69130.0,0.00887,A,613.1831,131495265390509
1774164306065,2026-03-22 07:25:06.065,69131.0,0.13749,B,9504.82119,408128190869787
1774164306065,2026-03-22 07:25:06.065,69131.0,0.06551,B,4528.77181,338765100373684
1774164306065,2026-03-22 07:25:06.065,69131.0,0.29587,B,20453.78897,774648176270348
1774164306065,2026-03-22 07:25:06.065,69131.0,0.05745,B,3971.57595,582791103506880
1774164306065,2026-03-22 07:25:06.065,69131.0,0.06937,B,4795.61747,135809062713417
1774164306065,2026-03-22 07:25:06.065,69131.0,0.09982,B,6900.65642,813139785006963
1774164306065,2026-03-22 07:25:06.065,69131.0,0.22461,B,15527.51391,52362348586133
1774164306065,2026-03-22 07:25:06.065,69131.0,0.11723,B,8104.22713,84160133845222
1774164306065,2026-03-22 07:25:06.065,69131.0,0.23899,B,16521.61769,542972665625499
1774164306065,2026-03-22 07:25:06.065,69131.0,0.07463,B,5159.24653,238690663238253
1774164306065,2026-03-22 07:25:06.065,69131.0,0.08093,B,5594.77183,781691590041021
1774164306065,2026-03-22 07:25:06.065,69131.0,0.08018,B,5542.92358,737872548792886
1774164306065,2026-03-22 07:25:06.065,69131.0,0.09722,B,6720.91582,967148407060713
1774164308116,2026-03-22 07:25:08.116,69131.0,0.00016,B,11.060960000000001,1043879288622869
1774164310228,2026-03-22 07:25:10.228,69130.0,0.00017,A,11.7521,1039675599951203
1774164310228,2026-03-22 07:25:10.228,69129.0,0.00017,A,11.751930000000002,73088254190510
1774164310228,2026-03-22 07:25:10.228,69129.0,0.00015,A,10.369349999999999,1055386139405002
1774164310228,2026-03-22 07:25:10.228,69128.0,0.03512,A,2427.77536,813262106304177
1774164310331,2026-03-22 07:25:10.331,69129.0,0.00096,B,66.36384,654006731840930
1774164310331,2026-03-22 07:25:10.331,69129.0,0.01231,B,850.97799,876334311464597
1774164311030,2026-03-22 07:25:11.030,69128.0,0.00041,A,28.34248,998423012864861
1774164312137,2026-03-22 07:25:12.137,69129.0,0.57338,B,39637.18602,512259056166206
1774164314040,2026-03-22 07:25:14.040,69128.0,0.00416,A,287.57248,521714662949205
1774164315040,2026-03-22 07:25:15.040,69129.0,0.00056,B,38.712239999999994,1000176927622838
1774164316050,2026-03-22 07:25:16.050,69129.0,0.0021,B,145.1709,510481834502187
1774164316529,2026-03-22 07:25:16.529,69129.0,0.00047,B,32.490629999999996,652892923013178
1774164323085,2026-03-22 07:25:23.085,69129.0,0.00045,B,31.10805,875423539138775
1774164325815,2026-03-22 07:25:25.815,69129.0,0.02572,B,1777.99788,286186624434080
1774164327022,2026-03-22 07:25:27.022,69128.0,0.00017,A,11.75176,1125875060597222
1774164331094,2026-03-22 07:25:31.094,69128.0,0.00238,A,164.52464,92039564391045
1774164332204,2026-03-22 07:25:32.204,69129.0,0.00016,B,11.060640000000001,186282706184601
1774164333008,2026-03-22 07:25:33.008,69128.0,0.00339,A,234.34392,312329528241926
1774164334033,2026-03-22 07:25:34.033,69128.0,0.00142,A,98.16176,724455722554537
1774164335453,2026-03-22 07:25:35.453,69128.0,0.00098,A,67.74544,651134276746196
1774164335453,2026-03-22 07:25:35.453,69129.0,0.0207,B,1430.9703,561665764423797
1774164336060,2026-03-22 07:25:36.060,69129.0,0.07539,B,5211.63531,1079842696046072
1774164336060,2026-03-22 07:25:36.060,69129.0,0.0624,B,4313.6496,215092939870309
1774164336060,2026-03-22 07:25:36.060,69129.0,0.07779,B,5377.54491,12778257057543
1774164336060,2026-03-22 07:25:36.060,69129.0,0.1436,B,9926.9244,498949621659669
1774164336060,2026-03-22 07:25:36.060,69129.0,0.17817,B,12316.71393,1008523578081904
1774164336060,2026-03-22 07:25:36.060,69129.0,0.21,B,14517.09,83149684295951
1774164336060,2026-03-22 07:25:36.060,69129.0,0.05296,B,3661.07184,446123238274972
1774164336060,2026-03-22 07:25:36.060,69129.0,0.20801,B,14379.52329,1102590685029710
1774164336060,2026-03-22 07:25:36.060,69129.0,0.12,B,8295.48,1095336165496352
1774164336060,2026-03-22 07:25:36.060,69129.0,0.31568,B,21822.64272,383263711397263
1774164336060,2026-03-22 07:25:36.060,69129.0,0.078,B,5392.062,721341909442809
1774164336060,2026-03-22 07:25:36.060,69129.0,0.1174,B,8115.7446,628206599364206
1774164336598,2026-03-22 07:25:36.598,69129.0,0.00145,B,100.23705,937945896692883
1774164336598,2026-03-22 07:25:36.598,69129.0,0.00145,B,100.23705,545997775994029
1774164336598,2026-03-22 07:25:36.598,69129.0,0.00145,B,100.23705,425575060800796
1774164336598,2026-03-22 07:25:36.598,69129.0,0.00017,B,11.751930000000002,277662546009945
1774164336758,2026-03-22 07:25:36.758,69130.0,0.00015,B,10.369499999999999,428708468473351
1774164336758,2026-03-22 07:25:36.758,69130.0,0.00017,B,11.7521,1016996693168803
1774164337273,2026-03-22 07:25:37.273,69131.0,0.00021,B,14.517510000000001,329114115882075
1774164337273,2026-03-22 07:25:37.273,69131.0,0.00021,B,14.517510000000001,315811975432016
1774164337273,2026-03-22 07:25:37.273,69131.0,0.00017,B,11.752270000000001,1043643174978443
1774164337360,2026-03-22 07:25:37.360,69132.0,0.00017,B,11.75244,136082585662528
1774164337360,2026-03-22 07:25:37.360,69133.0,0.00017,B,11.75261,772739651126118
1774164337360,2026-03-22 07:25:37.360,69134.0,0.00017,B,11.752780000000001,986838442656783
1774164337360,2026-03-22 07:25:37.360,69135.0,0.00025,B,17.28375,586461804192490
1774164337360,2026-03-22 07:25:37.360,69135.0,0.00017,B,11.75295,849442157679980
1774164337360,2026-03-22 07:25:37.360,69136.0,0.00016,B,11.061760000000001,387603499417726
1774164337360,2026-03-22 07:25:37.360,69136.0,0.003,B,207.40800000000002,1019446592459671
1774164337360,2026-03-22 07:25:37.360,69136.0,0.00017,B,11.753120000000001,1036587008576235
1774164337360,2026-03-22 07:25:37.360,69137.0,0.00017,B,11.753290000000002,1110754402413658
1774164338084,2026-03-22 07:25:38.084,69138.0,0.00016,B,11.062080000000002,677833991974314
1774164338166,2026-03-22 07:25:38.166,69138.0,1e-05,B,0.6913800000000001,574003805056153
1774164338166,2026-03-22 07:25:38.166,69138.0,0.00142,B,98.17596,638421664084987
1774164338166,2026-03-22 07:25:38.166,69138.0,0.00018,B,12.444840000000001,128484018723917
1774164339380,2026-03-22 07:25:39.380,69138.0,0.00022,B,15.21036,248774017416812
1774164339380,2026-03-22 07:25:39.380,69138.0,0.00022,B,15.21036,613883548739497
1774164339493,2026-03-22 07:25:39.493,69137.0,0.00108,A,74.66796000000001,223458914493534
1774164339493,2026-03-22 07:25:39.493,69137.0,0.0017,A,117.5329,687328149773207
1774164341012,2026-03-22 07:25:41.012,69137.0,0.00032,A,22.12384,790872021027058
1774164344004,2026-03-22 07:25:44.004,69137.0,0.00416,A,287.60992,290931852733341
1774164345010,2026-03-22 07:25:45.010,69138.0,0.00017,B,11.75346,9755048425767
1774164345010,2026-03-22 07:25:45.010,69138.0,0.0004,B,27.6552,819883583745806
1774164345423,2026-03-22 07:25:45.423,69138.0,0.00132,B,91.26216,570853793101691
1774164347263,2026-03-22 07:25:47.263,69138.0,0.42982,B,29716.89516,987329453634713
1774164347263,2026-03-22 07:25:47.263,69138.0,0.00017,B,11.75346,1031169378279912
1774164347263,2026-03-22 07:25:47.263,69138.0,0.75955,B,52513.7679,684973004859823
1774164347850,2026-03-22 07:25:47.850,69137.0,0.00115,A,79.50755,55017782785658
1774164349917,2026-03-22 07:25:49.917,69138.0,0.00406,B,280.70028,310682550046778
1774164350364,2026-03-22 07:25:50.364,69138.0,0.00015,B,10.3707,457214060687604
1774164352541,2026-03-22 07:25:52.541,69136.0,0.00026,A,17.97536,1121303213262956
1774164352541,2026-03-22 07:25:52.541,69135.0,3e-05,A,2.07405,164127012038477
1774164356094,2026-03-22 07:25:56.094,69136.0,0.00163,B,112.69167999999999,705091742732199
1774164357006,2026-03-22 07:25:57.006,69135.0,0.00017,A,11.75295,82471338448735
1774164361029,2026-03-22 07:26:01.029,69135.0,0.00237,A,163.84995,459750852677106
1774164361431,2026-03-22 07:26:01.431,69135.0,0.05408,A,3738.8208000000004,715282323940536
1774164361431,2026-03-22 07:26:01.431,69135.0,0.00017,A,11.75295,92205102080688
1774164361431,2026-03-22 07:26:01.431,69135.0,0.00031,A,21.43185,466674765838563
1774164361431,2026-03-22 07:26:01.431,69132.0,0.003,A,207.39600000000002,782909633182199
1774164361431,2026-03-22 07:26:01.431,69132.0,0.02893,A,1999.98876,389236872700775
1774164361431,2026-03-22 07:26:01.431,69131.0,0.00841,A,581.3917100000001,705756054073491
1774164362838,2026-03-22 07:26:02.838,69131.0,2e-05,A,1.3826200000000002,1030182053689014
1774164363034,2026-03-22 07:26:03.034,69131.0,0.00339,A,234.35408999999999,27156471279766
1774164363171,2026-03-22 07:26:03.171,69132.0,0.00259,B,179.05187999999998,895451041632376
1774164363372,2026-03-22 07:26:03.372,69131.0,0.00022,A,15.208820000000001,534942260434728
1774164364044,2026-03-22 07:26:04.044,69131.0,0.00142,A,98.16602,43853270756481
1774164364044,2026-03-22 07:26:04.044,69131.0,0.06532,A,4515.63692,355077068523088
1774164364044,2026-03-22 07:26:04.044,69131.0,0.0504,A,3484.2024,403855269759907
1774164364778,2026-03-22 07:26:04.778,69131.0,0.08648,A,5978.44888,809219429301960
1774164366057,2026-03-22 07:26:06.057,69132.0,0.0467,B,3228.4644,166862835753800
1774164366057,2026-03-22 07:26:06.057,69132.0,0.57857,B,39997.70124,312806258400916
1774164366057,2026-03-22 07:26:06.057,69132.0,0.06882,B,4757.66424,210724326880534
1774164366057,2026-03-22 07:26:06.057,69132.0,0.06026,B,4165.89432,349386771335433
1774164366057,2026-03-22 07:26:06.057,69132.0,0.05128,B,3545.08896,843192931924452
1774164366057,2026-03-22 07:26:06.057,69132.0,0.09788,B,6766.64016,72796142454995
1774164366057,2026-03-22 07:26:06.057,69132.0,0.30299,B,20946.304679999997,1083538954185067
1774164366057,2026-03-22 07:26:06.057,69132.0,0.19916,B,13768.32912,192330528042532
1774164366057,2026-03-22 07:26:06.057,69132.0,0.05157,B,3565.13724,297110276230296
1774164366057,2026-03-22 07:26:06.057,69132.0,0.12617,B,8722.38444,87245884262913
1774164366057,2026-03-22 07:26:06.057,69132.0,0.0559,B,3864.4788,671261168743192
1774164368065,2026-03-22 07:26:08.065,69132.0,0.00016,B,11.06112,698741414146405
1774164371024,2026-03-22 07:26:11.024,69131.0,0.00042,A,29.035020000000003,79331644925867
1774164371221,2026-03-22 07:26:11.221,69132.0,0.02493,B,1723.4607600000002,355510020124759
1774164371221,2026-03-22 07:26:11.221,69132.0,0.12,B,8295.84,1098604357897859
1774164371221,2026-03-22 07:26:11.221,69132.0,0.01507,B,1041.81924,557309015505072
1774164373051,2026-03-22 07:26:13.051,69131.0,0.01446,A,999.63426,730310290962127
1774164374055,2026-03-22 07:26:14.055,69131.0,0.00416,A,287.58495999999997,983547450272984
1774164374396,2026-03-22 07:26:14.396,69131.0,0.17049,A,11786.14419,466003601852875
1774164375008,2026-03-22 07:26:15.008,69131.0,0.00056,B,38.713359999999994,103294145893196
1774164377112,2026-03-22 07:26:17.112,69131.0,0.00145,B,100.23995,549195834289247
1774164377112,2026-03-22 07:26:17.112,69131.0,0.00145,B,100.23995,322964983221502
1774164377112,2026-03-22 07:26:17.112,69131.0,0.00017,B,11.752270000000001,256193738515611
1774164377112,2026-03-22 07:26:17.112,69132.0,0.00017,B,11.75244,334398656416546
1774164377112,2026-03-22 07:26:17.112,69133.0,0.00017,B,11.75261,936729265074013
1774164377112,2026-03-22 07:26:17.112,69133.0,0.00015,B,10.36995,564139727088412
1774164377112,2026-03-22 07:26:17.112,69134.0,0.00017,B,11.752780000000001,700785247841146
1774164377112,2026-03-22 07:26:17.112,69134.0,0.00052,B,35.949679999999994,589684255765919
1774164377112,2026-03-22 07:26:17.112,69134.0,0.15,B,10370.1,59933294732687
1774164377112,2026-03-22 07:26:17.112,69135.0,0.00017,B,11.75295,587662016290548
1774164377112,2026-03-22 07:26:17.112,69136.0,0.00017,B,11.753120000000001,920992029502781
1774164377112,2026-03-22 07:26:17.112,69136.0,0.00016,B,11.061760000000001,294293005620421
1774164377112,2026-03-22 07:26:17.112,69136.0,0.003,B,207.40800000000002,209992412962829
1774164377112,2026-03-22 07:26:17.112,69137.0,0.00017,B,11.753290000000002,127288652298583
1774164377112,2026-03-22 07:26:17.112,69138.0,0.00017,B,11.75346,463374002615088
1774164377112,2026-03-22 07:26:17.112,69139.0,0.00017,B,11.753630000000001,587062715795119
1774164377112,2026-03-22 07:26:17.112,69140.0,0.00017,B,11.7538,1103082632768322
1774164377112,2026-03-22 07:26:17.112,69140.0,0.00016,B,11.0624,1048682112085883
1774164377112,2026-03-22 07:26:17.112,69141.0,0.00017,B,11.75397,1025995973108701
1774164377112,2026-03-22 07:26:17.112,69141.0,0.001,B,69.141,300128584118051
1774164377112,2026-03-22 07:26:17.112,69142.0,0.00017,B,11.754140000000001,558443591757659
1774164377112,2026-03-22 07:26:17.112,69142.0,0.003,B,207.42600000000002,227575549433233
1774164377112,2026-03-22 07:26:17.112,69143.0,0.00017,B,11.75431,163036829476598
1774164377112,2026-03-22 07:26:17.112,69144.0,0.00017,B,11.754480000000001,688735075168768
1774164377112,2026-03-22 07:26:17.112,69144.0,0.00016,B,11.06304,311507938914647
1774164377112,2026-03-22 07:26:17.112,69144.0,0.001,B,69.144,145248818078328
1774164377112,2026-03-22 07:26:17.112,69145.0,0.00017,B,11.754650000000002,428432464276457
1774164377112,2026-03-22 07:26:17.112,69145.0,0.00015,B,10.371749999999999,693639303168224
1774164377443,2026-03-22 07:26:17.443,69146.0,0.00017,B,11.75482,302269371397437
1774164377443,2026-03-22 07:26:17.443,69146.0,0.00029,B,20.05234,318795100013225
1774164377443,2026-03-22 07:26:17.443,69147.0,0.00016,B,11.06352,1095526381371868
1774164377443,2026-03-22 07:26:17.443,69147.0,0.00017,B,11.754990000000001,76806041086590
1774164378037,2026-03-22 07:26:18.037,69148.0,0.00017,B,11.75516,808969903005740
1774164378037,2026-03-22 07:26:18.037,69149.0,0.00017,B,11.75533,626391084202987
1774164378037,2026-03-22 07:26:18.037,69150.0,0.00015,B,10.372499999999999,531305653567795
1774164378037,2026-03-22 07:26:18.037,69150.0,0.00017,B,11.755500000000001,440141493139407
1774164378037,2026-03-22 07:26:18.037,69151.0,0.00017,B,11.75567,1026190509617306
1774164378037,2026-03-22 07:26:18.037,69151.0,0.00016,B,11.064160000000001,144838823203081
1774164378037,2026-03-22 07:26:18.037,69152.0,0.00017,B,11.755840000000001,203015879848530
1774164378037,2026-03-22 07:26:18.037,69153.0,0.00017,B,11.756010000000002,102550083005328
1774164378037,2026-03-22 07:26:18.037,69154.0,0.00081,B,56.014739999999996,987980182526321
1774164378106,2026-03-22 07:26:18.106,69154.0,0.00245,B,169.4273,640769586103584
1774164378449,2026-03-22 07:26:18.449,69153.0,0.00022,A,15.21366,251875209580541
1774164378449,2026-03-22 07:26:18.449,69155.0,0.00016,B,11.064800000000002,977464002683633
1774164378449,2026-03-22 07:26:18.449,69155.0,6e-05,B,4.1493,887073495714554
1774164378651,2026-03-22 07:26:18.651,69155.0,9e-05,B,6.22395,376688559425035
1774164378651,2026-03-22 07:26:18.651,69156.0,0.00242,B,167.35752,213137747020407
1774164379119,2026-03-22 07:26:19.119,69156.0,0.00481,B,332.64036,178345330956915
1774164379119,2026-03-22 07:26:19.119,69156.0,0.00017,B,11.75652,951997283826109
1774164379768,2026-03-22 07:26:19.768,69158.0,0.00016,B,11.065280000000001,531428587256251
1774164379768,2026-03-22 07:26:19.768,69158.0,0.0021,B,145.2318,61850812603538
1774164379768,2026-03-22 07:26:19.768,69158.0,0.00017,B,11.756860000000001,509410533031590
1774164379768,2026-03-22 07:26:19.768,69158.0,0.003,B,207.47400000000002,536362844984951
1774164379768,2026-03-22 07:26:19.768,69158.0,0.00217,B,150.07286,679835805123830
1774164380142,2026-03-22 07:26:20.142,69158.0,0.0017,B,117.56859999999999,916873152807007
1774164383359,2026-03-22 07:26:23.359,69158.0,3e-05,B,2.0747400000000003,31242589395301
1774164384980,2026-03-22 07:26:24.980,69158.0,0.00017,B,11.756860000000001,952670683506617
1774164384980,2026-03-22 07:26:24.980,69158.0,0.10844,B,7499.49352,965052884692129
1774164384980,2026-03-22 07:26:24.980,69158.0,0.43114,B,29816.780120000003,997657349884617
1774164384980,2026-03-22 07:26:24.980,69158.0,0.7231,B,50008.1498,412153187491233
1774164384980,2026-03-22 07:26:24.980,69158.0,0.05061,B,3500.08638,787108424497521
1774164384980,2026-03-22 07:26:24.980,69158.0,0.1446,B,10000.2468,976458192887854
1774164384980,2026-03-22 07:26:24.980,69158.0,0.00394,B,272.48252,794665153241797
1774164384980,2026-03-22 07:26:24.980,69158.0,0.55616,B,38462.91328,691631124674236
1774164386041,2026-03-22 07:26:26.041,69158.0,0.00164,B,113.41911999999999,47699853132533
1774164386177,2026-03-22 07:26:26.177,69158.0,0.06163,B,4262.207539999999,362412896869341
1774164386177,2026-03-22 07:26:26.177,69158.0,0.04746,B,3282.23868,70169253426560
1774164386177,2026-03-22 07:26:26.177,69158.0,0.06017,B,4161.23686,314592384150990
1774164386177,2026-03-22 07:26:26.177,69158.0,0.27724,B,19173.36392,704982921151468
1774164386177,2026-03-22 07:26:26.177,69158.0,0.1535,B,10615.753,572614213105304
1774164387052,2026-03-22 07:26:27.052,69157.0,0.00017,A,11.75669,401898444315778
1774164391099,2026-03-22 07:26:31.099,69157.0,0.00238,A,164.59366,669062667988751
1774164392814,2026-03-22 07:26:32.814,69157.0,7e-05,A,4.84099,347700537620508
1774164393104,2026-03-22 07:26:33.104,69157.0,0.0034,A,235.13379999999998,682627331926605
1774164394130,2026-03-22 07:26:34.130,69157.0,0.00142,A,98.20294,759012834253603
1774164396019,2026-03-22 07:26:36.019,69158.0,0.3465,B,23963.247,260300906096373
1774164396019,2026-03-22 07:26:36.019,69158.0,0.04446,B,3074.7646799999998,900007542924715
1774164396019,2026-03-22 07:26:36.019,69158.0,0.05771,B,3991.1081799999997,952724987560218
1774164396019,2026-03-22 07:26:36.019,69158.0,0.13917,B,9624.718859999999,812856270120690
1774164396019,2026-03-22 07:26:36.019,69158.0,0.066,B,4564.428,198486958789250
1774164396019,2026-03-22 07:26:36.019,69158.0,0.05788,B,4002.86504,476466310000949
1774164396019,2026-03-22 07:26:36.019,69158.0,0.05743,B,3971.7439400000003,84967804142104
1774164396019,2026-03-22 07:26:36.019,69158.0,0.07389,B,5110.08462,947430194241437
1774164396019,2026-03-22 07:26:36.019,69158.0,0.06782,B,4690.2955600000005,365454039641329
1774164396019,2026-03-22 07:26:36.019,69158.0,0.07302,B,5049.91716,1049438569994480
1774164396019,2026-03-22 07:26:36.019,69158.0,0.07033,B,4863.882140000001,334410113170792
1774164396019,2026-03-22 07:26:36.019,69158.0,0.06585,B,4554.054300000001,632423673014204
1774164396019,2026-03-22 07:26:36.019,69158.0,0.06647,B,4596.9322600000005,15163462243213
1774164396019,2026-03-22 07:26:36.019,69158.0,0.06349,B,4390.841420000001,676755950158865
1774164396019,2026-03-22 07:26:36.019,69158.0,0.04437,B,3068.54046,459643869300311
1774164396019,2026-03-22 07:26:36.019,69158.0,0.05055,B,3495.9368999999997,240606842485131
1774164396019,2026-03-22 07:26:36.019,69158.0,0.12805,B,8855.6819,1072859097688893
1774164396019,2026-03-22 07:26:36.019,69158.0,0.08279,B,5725.59082,328701389526426
1774164396019,2026-03-22 07:26:36.019,69158.0,0.04171,B,2884.58018,290037882606462
1774164396019,2026-03-22 07:26:36.019,69158.0,0.04181,B,2891.49598,614701177071917
1774164398052,2026-03-22 07:26:38.052,69158.0,0.00016,B,11.065280000000001,271215131859898
1774164400385,2026-03-22 07:26:40.385,69158.0,0.00172,B,118.95176,625900820586955
1774164401067,2026-03-22 07:26:41.067,69157.0,0.0004,A,27.6628,370359750261765
1774164401794,2026-03-22 07:26:41.794,69158.0,7e-05,B,4.84106,19388320289834
1774164404000,2026-03-22 07:26:44.000,69157.0,0.00415,A,287.00155,62783719022758
1774164405023,2026-03-22 07:26:45.023,69158.0,0.00057,B,39.42006,240535534068827
1774164416092,2026-03-22 07:26:56.092,69158.0,0.00164,B,113.41911999999999,735030509564157
1774164416092,2026-03-22 07:26:56.092,69157.0,0.00015,A,10.37355,1110633640466532
1774164416555,2026-03-22 07:26:56.555,69158.0,0.01068,B,738.60744,809552018041236
1774164417098,2026-03-22 07:26:57.098,69157.0,0.00017,A,11.75669,432399890107220
1774164419196,2026-03-22 07:26:59.196,69157.0,0.1,A,6915.700000000001,168414655071703
1774164419805,2026-03-22 07:26:59.805,69157.0,0.00029,A,20.05553,341927396491743
1774164421022,2026-03-22 07:27:01.022,69157.0,0.00238,A,164.59366,508727524574695
1774164422669,2026-03-22 07:27:02.669,69158.0,2e-05,B,1.3831600000000002,256061915779472
1774164423062,2026-03-22 07:27:03.062,69157.0,0.00339,A,234.44223,516496088567714
1774164424077,2026-03-22 07:27:04.077,69157.0,0.00142,A,98.20294,281711003559481
1774164425189,2026-03-22 07:27:05.189,69158.0,0.0207,B,1431.5706,408460516873933
1774164426085,2026-03-22 07:27:06.085,69158.0,0.03038,B,2101.02004,154021898646219
1774164426085,2026-03-22 07:27:06.085,69158.0,0.26194,B,18115.24652,102729116016636
1774164426085,2026-03-22 07:27:06.085,69158.0,0.10809,B,7475.28822,998799593700732
1774164426085,2026-03-22 07:27:06.085,69158.0,0.7231,B,50008.1498,1035771431549840
1774164426085,2026-03-22 07:27:06.085,69158.0,0.0039,B,269.7162,3401447925987
1774164426085,2026-03-22 07:27:06.085,69158.0,0.05791,B,4004.93978,316354995831345
1774164426085,2026-03-22 07:27:06.085,69158.0,0.04342,B,3002.84036,148718398642928
1774164426085,2026-03-22 07:27:06.085,69158.0,0.04933,B,3411.56414,653802953867118
1774164426085,2026-03-22 07:27:06.085,69158.0,0.00145,B,100.2791,110317315375187
1774164426085,2026-03-22 07:27:06.085,69158.0,0.00015,B,10.3737,597300916954445
1774164426085,2026-03-22 07:27:06.085,69158.0,0.00015,B,10.3737,961505378338574
1774164426085,2026-03-22 07:27:06.085,69158.0,0.00015,B,10.3737,286997306059021
1774164426085,2026-03-22 07:27:06.085,69158.0,0.04486,B,3102.4278799999997,924525369766677
1774164426085,2026-03-22 07:27:06.085,69158.0,0.07338,B,5074.81404,703482789500308
1774164426085,2026-03-22 07:27:06.085,69158.0,0.06562,B,4538.14796,457481689491706
1774164426085,2026-03-22 07:27:06.085,69158.0,0.05225,B,3613.5054999999998,397240919792111
1774164426085,2026-03-22 07:27:06.085,69158.0,0.0477,B,3298.8366,749923662900032
1774164426085,2026-03-22 07:27:06.085,69158.0,0.03839,B,2654.97562,329648484108482
1774164426085,2026-03-22 07:27:06.085,69158.0,0.03723,B,2574.75234,382992994170871
1774164426598,2026-03-22 07:27:06.598,69157.0,0.00019,A,13.13983,877027314009178
1774164426598,2026-03-22 07:27:06.598,69157.0,0.001,A,69.157,149291379242817
1774164428109,2026-03-22 07:27:08.109,69157.0,0.00016,B,11.06512,448538114628166
1774164430844,2026-03-22 07:27:10.844,69156.0,0.00031,A,21.43836,236920943798333
1774164430844,2026-03-22 07:27:10.844,69156.0,0.00017,A,11.75652,644554287717428
1774164430844,2026-03-22 07:27:10.844,69156.0,0.0063,A,435.6828,749372847576517
1774164430844,2026-03-22 07:27:10.844,69156.0,0.00084,A,58.09104,733868330302415
1774164430923,2026-03-22 07:27:10.923,69156.0,0.00762,A,526.96872,459108846252436
1774164431045,2026-03-22 07:27:11.045,69156.0,0.00029,A,20.05524,550599329870800
1774164434039,2026-03-22 07:27:14.039,69156.0,0.00017,A,11.75652,39295515185410
1774164434039,2026-03-22 07:27:14.039,69155.0,0.00015,A,10.373249999999999,724447878518012
1774164434039,2026-03-22 07:27:14.039,69155.0,0.00018,A,12.4479,350677149733113
1774164434039,2026-03-22 07:27:14.039,69155.0,0.00017,A,11.756350000000001,868181826870715
1774164434039,2026-03-22 07:27:14.039,69155.0,0.00016,A,11.064800000000002,94096141224555
1774164434039,2026-03-22 07:27:14.039,69154.0,0.00017,A,11.75618,799078619270306
1774164434039,2026-03-22 07:27:14.039,69153.0,0.00017,A,11.756010000000002,497989706994864
1774164434039,2026-03-22 07:27:14.039,69152.0,0.00016,A,11.06432,468601062200795
1774164434039,2026-03-22 07:27:14.039,69152.0,0.00017,A,11.755840000000001,369228655367191
1774164434039,2026-03-22 07:27:14.039,69151.0,0.00017,A,11.75567,321182167517826
1774164434039,2026-03-22 07:27:14.039,69150.0,0.00249,A,172.1835,678080942098454
1774164435038,2026-03-22 07:27:15.038,69151.0,0.00057,B,39.41607,389502846779787
1774164435105,2026-03-22 07:27:15.105,69150.0,0.001,A,69.15,392041582080294
1774164435105,2026-03-22 07:27:15.105,69150.0,0.00017,A,11.755500000000001,811967038319718
1774164435105,2026-03-22 07:27:15.105,69150.0,0.00109,A,75.3735,648229221865554
1774164435190,2026-03-22 07:27:15.190,69150.0,0.00168,A,116.17200000000001,134998155504725
1774164435545,2026-03-22 07:27:15.545,69151.0,0.00017,B,11.75567,412458909084839
1774164439156,2026-03-22 07:27:19.156,69150.0,0.00184,A,127.236,289714014432984
1774164439661,2026-03-22 07:27:19.661,69150.0,0.00184,A,127.236,822162548578052
1774164439965,2026-03-22 07:27:19.965,69151.0,0.0048,B,331.92479999999995,542828455965130
1774164440574,2026-03-22 07:27:20.574,69151.0,0.00015,B,10.372649999999998,360436187840704
1774164440674,2026-03-22 07:27:20.674,69150.0,0.0025,A,172.875,661172369705244
1774164440674,2026-03-22 07:27:20.674,69150.0,0.00017,A,11.755500000000001,228435791448523
1774164440674,2026-03-22 07:27:20.674,69150.0,0.00636,A,439.79400000000004,683802866154134
1774164443204,2026-03-22 07:27:23.204,69150.0,0.00185,A,127.92750000000001,341944283764681
1774164443204,2026-03-22 07:27:23.204,69150.0,0.00186,A,128.619,432671049354686
1774164443884,2026-03-22 07:27:23.884,69151.0,0.00054,B,37.34154,600020721878227
1774164446014,2026-03-22 07:27:26.014,69151.0,0.00164,B,113.40764,746759710391124
1774164447217,2026-03-22 07:27:27.217,69150.0,0.00064,A,44.256,359974685490562
1774164447217,2026-03-22 07:27:27.217,69150.0,0.00064,A,44.256,1086835580698491
1774164447421,2026-03-22 07:27:27.421,69150.0,0.00023,A,15.9045,186950442183127
1774164447512,2026-03-22 07:27:27.512,69151.0,0.09494,B,6565.19594,277351247700106
1774164447512,2026-03-22 07:27:27.512,69151.0,0.03759,B,2599.38609,147263588921865
1774164451063,2026-03-22 07:27:31.063,69150.0,0.00238,A,164.577,1096217677221167
1774164453076,2026-03-22 07:27:33.076,69150.0,0.00339,A,234.4185,462965226752939
1774164454024,2026-03-22 07:27:34.024,69150.0,0.00141,A,97.50150000000001,424965689845973
1774164456047,2026-03-22 07:27:36.047,69151.0,0.54081,B,37397.55231,884907459291706
1774164456047,2026-03-22 07:27:36.047,69151.0,0.22209,B,15357.74559,340576888263080
1774164456047,2026-03-22 07:27:36.047,69151.0,0.2366,B,16361.1266,262297233525937
1774164456047,2026-03-22 07:27:36.047,69151.0,0.04075,B,2817.9032500000003,1116701225517025
1774164456047,2026-03-22 07:27:36.047,69151.0,0.03382,B,2338.6868200000004,213834549501640
1774164456047,2026-03-22 07:27:36.047,69151.0,0.13249,B,9161.81599,635080294202945
1774164456047,2026-03-22 07:27:36.047,69151.0,0.21,B,14521.71,426183863152933
1774164456047,2026-03-22 07:27:36.047,69151.0,0.11979,B,8283.59829,941710770955266
1774164456047,2026-03-22 07:27:36.047,69151.0,0.10295,B,7119.09545,544743493470614
1774164457265,2026-03-22 07:27:37.265,69150.0,0.00019,A,13.1385,885734866561569
1774164457467,2026-03-22 07:27:37.467,69151.0,0.00824,B,569.80424,987982686139871
1774164458062,2026-03-22 07:27:38.062,69151.0,0.00016,B,11.064160000000001,409642736595944
1774164461006,2026-03-22 07:27:41.006,69150.0,0.00039,A,26.9685,711830129815230
1774164462410,2026-03-22 07:27:42.410,69151.0,0.00044,B,30.42644,714820005055704
1774164463414,2026-03-22 07:27:43.414,69150.0,0.00017,A,11.755500000000001,850707908501426
1774164463414,2026-03-22 07:27:43.414,69150.0,0.19391,A,13408.8765,922595208720735
1774164464012,2026-03-22 07:27:44.012,69150.0,0.00416,A,287.664,312505966812134
1774164465012,2026-03-22 07:27:45.012,69151.0,0.00056,B,38.72456,580131494564731
1774164465754,2026-03-22 07:27:45.754,69151.0,0.00687,B,475.06737000000004,54359866160933
1774164468429,2026-03-22 07:27:48.429,69150.0,0.00044,A,30.426000000000002,83904932186618
1774164476026,2026-03-22 07:27:56.026,69151.0,0.00164,B,113.40764,184128711962812
1774164476272,2026-03-22 07:27:56.272,69150.0,0.00147,A,101.6505,391950128226512
1774164477061,2026-03-22 07:27:57.061,69150.0,0.00017,A,11.755500000000001,643586481681463
1774164478688,2026-03-22 07:27:58.688,69150.0,0.13002,A,8990.883,847409767963033
1774164478688,2026-03-22 07:27:58.688,69150.0,0.16,A,11064.0,38750753046461
1774164478688,2026-03-22 07:27:58.688,69150.0,0.00017,A,11.755500000000001,487811792474681
1774164478688,2026-03-22 07:27:58.688,69150.0,0.05687,A,3932.5604999999996,170324353981260
1774164479893,2026-03-22 07:27:59.893,69151.0,0.00023,B,15.90473,7264578601295
1774164481029,2026-03-22 07:28:01.029,69150.0,0.00238,A,164.577,422255495346098
1774164483036,2026-03-22 07:28:03.036,69150.0,0.0034,A,235.10999999999999,149988249001722
1774164484072,2026-03-22 07:28:04.072,69150.0,0.00142,A,98.193,490214463383988
1774164486082,2026-03-22 07:28:06.082,69151.0,0.22891,B,15829.35541,659192732169065
1774164486082,2026-03-22 07:28:06.082,69151.0,0.35,B,24202.85,354452793474961
1774164486082,2026-03-22 07:28:06.082,69151.0,0.04192,B,2898.80992,180885994757705
1774164486082,2026-03-22 07:28:06.082,69151.0,0.5,B,34575.5,197810539869774
1774164486082,2026-03-22 07:28:06.082,69151.0,0.14995,B,10369.19245,458389243717007
1774164486082,2026-03-22 07:28:06.082,69151.0,0.21,B,14521.71,1105745399743940
1774164486082,2026-03-22 07:28:06.082,69151.0,0.08939,B,6181.4078899999995,178101102183081
1774164486082,2026-03-22 07:28:06.082,69151.0,0.06923,B,4787.32373,546993286553073
1774164487491,2026-03-22 07:28:07.491,69150.0,0.00029,A,20.0535,489420644196413
1774164491028,2026-03-22 07:28:11.028,69150.0,0.00046,A,31.809,29304137275121
1774164494063,2026-03-22 07:28:14.063,69150.0,0.00416,A,287.664,144681561605925
1774164495055,2026-03-22 07:28:15.055,69151.0,0.00057,B,39.41607,353442251812806
1774164495584,2026-03-22 07:28:15.584,69151.0,0.0103,B,712.2553,1114437242444210
1774164502674,2026-03-22 07:28:22.674,69151.0,0.00015,B,10.372649999999998,1060621967694782
1774164502674,2026-03-22 07:28:22.674,69151.0,0.00017,B,11.75567,180587921634460
1774164502674,2026-03-22 07:28:22.674,69151.0,0.00015,B,10.372649999999998,659874328294888
1774164502674,2026-03-22 07:28:22.674,69151.0,0.00015,B,10.372649999999998,141549053864426
1774164502674,2026-03-22 07:28:22.674,69151.0,0.00015,B,10.372649999999998,838199150188468
1774164502674,2026-03-22 07:28:22.674,69151.0,0.00015,B,10.372649999999998,707482050851684
1774164502674,2026-03-22 07:28:22.674,69151.0,0.00145,B,100.26894999999999,1023119289971954
1774164502674,2026-03-22 07:28:22.674,69151.0,0.00051,B,35.26701,158297738601807
1774164502674,2026-03-22 07:28:22.674,69151.0,0.0004,B,27.660400000000003,490934974106372
1774164502674,2026-03-22 07:28:22.674,69151.0,0.00024,B,16.59624,549904780889640
1774164502674,2026-03-22 07:28:22.674,69151.0,0.00016,B,11.064160000000001,383555362435748
1774164502674,2026-03-22 07:28:22.674,69152.0,0.00017,B,11.755840000000001,56529512460106
1774164502674,2026-03-22 07:28:22.674,69153.0,0.00017,B,11.756010000000002,779225895535353
1774164502674,2026-03-22 07:28:22.674,69153.0,0.03637,B,2515.09461,776449474154228
1774164502674,2026-03-22 07:28:22.674,69153.0,0.00016,B,11.064480000000001,598515643089062
1774164502674,2026-03-22 07:28:22.674,69154.0,0.00017,B,11.75618,845446120495640
1774164502674,2026-03-22 07:28:22.674,69155.0,0.00017,B,11.756350000000001,370967109029372
1774164502674,2026-03-22 07:28:22.674,69156.0,0.00183,B,126.55548,807419105613509
1774164503559,2026-03-22 07:28:23.559,69156.0,0.00117,B,80.91252,627138926198224
1774164503559,2026-03-22 07:28:23.559,69156.0,0.00166,B,114.79896000000001,1087611145059433
1774164505169,2026-03-22 07:28:25.169,69156.0,0.00017,B,11.75652,383108487786893
1774164505169,2026-03-22 07:28:25.169,69156.0,0.00207,B,143.15292,401587472424117
1774164506084,2026-03-22 07:28:26.084,69156.0,0.00164,B,113.41584,788627343231758
1774164507098,2026-03-22 07:28:27.098,69155.0,0.00017,A,11.756350000000001,369891486439968
1774164507580,2026-03-22 07:28:27.580,69155.0,0.00019,A,13.13945,198939724544326
1774164507580,2026-03-22 07:28:27.580,69156.0,0.00055,B,38.0358,474622000256920
1774164511077,2026-03-22 07:28:31.077,69155.0,0.00237,A,163.89735000000002,717444600742239
1774164512151,2026-03-22 07:28:32.151,69155.0,0.20423,A,14123.52565,1087234355271261
1774164512151,2026-03-22 07:28:32.151,69155.0,0.35,A,24204.25,813722602656713
1774164512151,2026-03-22 07:28:32.151,69155.0,0.36118,A,24977.4029,77502978646754
1774164512151,2026-03-22 07:28:32.151,69155.0,0.5,A,34577.5,411343937430626
1774164512151,2026-03-22 07:28:32.151,69155.0,0.21,A,14522.55,967135211141121
1774164512151,2026-03-22 07:28:32.151,69155.0,0.31613,A,21861.97015,119456763625945
1774164512151,2026-03-22 07:28:32.151,69155.0,0.37321,A,25809.33755,626040906466837
1774164512151,2026-03-22 07:28:32.151,69155.0,0.42,A,29045.1,36987771863928
1774164512151,2026-03-22 07:28:32.151,69155.0,0.21,A,14522.55,437724588728457
1774164512151,2026-03-22 07:28:32.151,69155.0,0.22961,A,15878.67955,75213735536738
1774164512151,2026-03-22 07:28:32.151,69155.0,0.21,A,14522.55,252158973493397
1774164512151,2026-03-22 07:28:32.151,69155.0,0.52803,A,36515.91465,299685110984491
1774164512151,2026-03-22 07:28:32.151,69155.0,0.08761,A,6058.66955,331658630586806
1774164513001,2026-03-22 07:28:33.001,69155.0,0.00339,A,234.43544999999997,1040092049202667
1774164513202,2026-03-22 07:28:33.202,69156.0,0.00022,B,15.21432,898014977699367
1774164515022,2026-03-22 07:28:35.022,69155.0,0.00142,A,98.2001,851385308043993
1774164515224,2026-03-22 07:28:35.224,69155.0,0.32646,A,22576.341299999996,990987146887702
1774164515224,2026-03-22 07:28:35.224,69155.0,0.35,A,24204.25,831000254432323
1774164515224,2026-03-22 07:28:35.224,69155.0,0.21,A,14522.55,1019147997365567
1774164515224,2026-03-22 07:28:35.224,69155.0,0.56218,A,38877.5579,106507632468334
1774164515224,2026-03-22 07:28:35.224,69155.0,1.17853,A,81501.24215,53567589822885
1774164515224,2026-03-22 07:28:35.224,69155.0,0.08,A,5532.400000000001,440286327563041
1774164515224,2026-03-22 07:28:35.224,69155.0,0.21,A,14522.55,602650078847330
1774164515224,2026-03-22 07:28:35.224,69155.0,0.05665,A,3917.63075,264627210565528
1774164515224,2026-03-22 07:28:35.224,69155.0,0.01446,A,999.9813,869322462564646
1774164515224,2026-03-22 07:28:35.224,69155.0,0.14597,A,10094.555349999999,77159962672782
1774164515224,2026-03-22 07:28:35.224,69155.0,0.38434,A,26579.0327,792114599420736
1774164515224,2026-03-22 07:28:35.224,69155.0,0.07185,A,4968.78675,1125210349601424
1774164515224,2026-03-22 07:28:35.224,69155.0,0.21265,A,14705.81075,205007847049033
1774164515224,2026-03-22 07:28:35.224,69155.0,0.19691,A,13617.31105,503692193879408
1774164516023,2026-03-22 07:28:36.023,69156.0,0.86313,B,59690.618279999995,456514892516568
1774164516023,2026-03-22 07:28:36.023,69156.0,0.12023,B,8314.62588,525191993600228
1774164516023,2026-03-22 07:28:36.023,69156.0,0.00368,B,254.49408,502727670639873
1774164516023,2026-03-22 07:28:36.023,69156.0,0.07143,B,4939.81308,657189509049013
1774164516023,2026-03-22 07:28:36.023,69156.0,0.07237,B,5004.81972,1047281790980870
1774164516023,2026-03-22 07:28:36.023,69156.0,0.50846,B,35163.059760000004,880490029397226
1774164516424,2026-03-22 07:28:36.424,69155.0,7e-05,A,4.84085,55652793424301
1774164517745,2026-03-22 07:28:37.745,69156.0,0.57623,B,39849.76188,2731002350637
1774164517745,2026-03-22 07:28:37.745,69156.0,0.04047,B,2798.74332,103399996263885
1774164517745,2026-03-22 07:28:37.745,69156.0,0.01011,B,699.16716,885725543697474
1774164517745,2026-03-22 07:28:37.745,69156.0,0.00145,B,100.27619999999999,594574243348781
1774164517745,2026-03-22 07:28:37.745,69156.0,0.07174,B,4961.25144,801905902415870
1774164518030,2026-03-22 07:28:38.030,69156.0,0.00016,B,11.064960000000001,738554171852420
1774164519351,2026-03-22 07:28:39.351,69156.0,0.00022,B,15.21432,974257065514635
1774164519553,2026-03-22 07:28:39.553,69156.0,0.00022,B,15.21432,1079876618833109
1774164520442,2026-03-22 07:28:40.442,69156.0,0.0002,B,13.8312,1035626498849599
1774164520954,2026-03-22 07:28:40.954,69156.0,7e-05,B,4.84092,14047135293105
1774164521047,2026-03-22 07:28:41.047,69155.0,0.0003,A,20.746499999999997,738786901646825
1774164522456,2026-03-22 07:28:42.456,69155.0,0.0013,A,89.9015,53806911309802
1774164522922,2026-03-22 07:28:42.922,69156.0,0.0207,B,1431.5292,771285329613573
1774164522980,2026-03-22 07:28:42.980,69156.0,0.00524,B,362.37744,662154960063915
1774164524000,2026-03-22 07:28:44.000,69155.0,0.00416,A,287.6848,541223988972705
1774164525070,2026-03-22 07:28:45.070,69156.0,0.00056,B,38.72736,856512822348441
1774164527314,2026-03-22 07:28:47.314,69156.0,0.37245,B,25757.1522,880618727415648
1774164527314,2026-03-22 07:28:47.314,69156.0,1.08469,B,75012.82164,999697298035993
1774164527314,2026-03-22 07:28:47.314,69156.0,0.20235,B,13993.7166,612306582509087
1774164527314,2026-03-22 07:28:47.314,69156.0,0.04047,B,2798.74332,1115059503541716
1774164527314,2026-03-22 07:28:47.314,69156.0,0.07362,B,5091.26472,243726587979466
1774164527314,2026-03-22 07:28:47.314,69156.0,0.07799,B,5393.47644,118380027460505
1774164527314,2026-03-22 07:28:47.314,69156.0,0.11062,B,7650.03672,696382179858897
1774164527314,2026-03-22 07:28:47.314,69156.0,0.01011,B,699.16716,142423446044122
1774164527314,2026-03-22 07:28:47.314,69156.0,0.00347,B,239.97132,444926742967207
1774164527314,2026-03-22 07:28:47.314,69156.0,0.10989,B,7599.55284,734890712919819
1774164527314,2026-03-22 07:28:47.314,69156.0,0.04779,B,3304.96524,871190187978063
1774164527314,2026-03-22 07:28:47.314,69156.0,0.05176,B,3579.51456,855939189820381
1774164527314,2026-03-22 07:28:47.314,69156.0,0.03898,B,2695.70088,350547925550222
1774164527314,2026-03-22 07:28:47.314,69156.0,0.22134,B,15306.98904,731746313222152
1774164527314,2026-03-22 07:28:47.314,69156.0,0.00105,B,72.6138,915612413171844
1774164528985,2026-03-22 07:28:48.985,69156.0,0.1312,B,9073.2672,408570369853154
1774164528985,2026-03-22 07:28:48.985,69156.0,0.05227,B,3614.78412,256079624301014
1774164528985,2026-03-22 07:28:48.985,69156.0,0.00145,B,100.27619999999999,425114972232804
1774164528985,2026-03-22 07:28:48.985,69156.0,0.10172,B,7034.548320000001,684077544784571
1774164528985,2026-03-22 07:28:48.985,69156.0,0.0675,B,4668.030000000001,817447749742604
1774164528985,2026-03-22 07:28:48.985,69156.0,0.07609,B,5262.080040000001,312478722574343
1774164528985,2026-03-22 07:28:48.985,69156.0,0.0534,B,3692.9304,114076148941998
1774164528985,2026-03-22 07:28:48.985,69156.0,0.06451,B,4461.25356,1105920115861985
1774164528985,2026-03-22 07:28:48.985,69156.0,0.04888,B,3380.34528,52772005708058
1774164528985,2026-03-22 07:28:48.985,69156.0,0.07484,B,5175.63504,326968514165533
1774164528985,2026-03-22 07:28:48.985,69156.0,0.07369,B,5096.105640000001,454767044744525
1774164528985,2026-03-22 07:28:48.985,69156.0,0.05061,B,3499.98516,646772310372333
1774164528985,2026-03-22 07:28:48.985,69156.0,0.04769,B,3298.04964,179890350854034
1774164528985,2026-03-22 07:28:48.985,69156.0,1.60168,B,110765.78208,284766140423633
1774164531001,2026-03-22 07:28:51.001,69156.0,0.71195,B,49235.614199999996,1052504882775204
1774164531001,2026-03-22 07:28:51.001,69156.0,0.72308,B,50005.320479999995,745502932302313
1774164531001,2026-03-22 07:28:51.001,69156.0,1.01046,B,69879.37176,47324213606286
1774164536045,2026-03-22 07:28:56.045,69156.0,0.00164,B,113.41584,805522358256022
1774164537063,2026-03-22 07:28:57.063,69155.0,0.00017,A,11.756350000000001,248264693252389
1774164537325,2026-03-22 07:28:57.325,69156.0,0.00016,B,11.064960000000001,329207875207509
1774164541060,2026-03-22 07:29:01.060,69155.0,0.00238,A,164.58890000000002,815993338982833
1774164542603,2026-03-22 07:29:02.603,69156.0,0.00145,B,100.27619999999999,991166975702215
1774164543000,2026-03-22 07:29:03.000,69155.0,0.00339,A,234.43544999999997,203286503744352
1774164544025,2026-03-22 07:29:04.025,69155.0,0.00142,A,98.2001,1052215082564487
1774164544076,2026-03-22 07:29:04.076,69155.0,0.00041,A,28.35355,55015721738192
1774164544391,2026-03-22 07:29:04.391,69155.0,0.0002,A,13.831000000000001,906270592776973
1774164545561,2026-03-22 07:29:05.561,69155.0,0.0194,A,1341.607,214356037694405
1774164546033,2026-03-22 07:29:06.033,69156.0,0.06767,B,4679.78652,903313059563936
1774164546033,2026-03-22 07:29:06.033,69156.0,0.07075,B,4892.786999999999,765931339105889
1774164546033,2026-03-22 07:29:06.033,69156.0,0.0474,B,3277.9944,131456645217105
1774164546033,2026-03-22 07:29:06.033,69156.0,0.03569,B,2468.17764,1106820579496050
1774164546033,2026-03-22 07:29:06.033,69156.0,0.09158,B,6333.306479999999,1044330499479480
1774164546033,2026-03-22 07:29:06.033,69156.0,0.04377,B,3026.9581200000002,590940721805333
1774164546033,2026-03-22 07:29:06.033,69156.0,1.08469,B,75012.82164,885593143735373
1774164546033,2026-03-22 07:29:06.033,69156.0,0.00341,B,235.82196,731852130007784
1774164546033,2026-03-22 07:29:06.033,69156.0,0.19444,B,13446.69264,877223191084168
1774164548050,2026-03-22 07:29:08.050,69156.0,0.00016,B,11.064960000000001,491151619841410
1774164551054,2026-03-22 07:29:11.054,69155.0,0.00041,A,28.35355,477275692405841
1774164551267,2026-03-22 07:29:11.267,69156.0,0.00016,B,11.064960000000001,705941392834770
1774164551371,2026-03-22 07:29:11.371,69155.0,0.04733,A,3273.1061499999996,1070267871843216
1774164551371,2026-03-22 07:29:11.371,69155.0,0.11009,A,7613.27395,487269218941610
1774164551371,2026-03-22 07:29:11.371,69155.0,0.10556,A,7300.0018,762723640271051
1774164551371,2026-03-22 07:29:11.371,69155.0,0.18602,A,12864.213099999999,942790795191971
1774164551371,2026-03-22 07:29:11.371,69155.0,0.38426,A,26573.5003,976528602819008
1774164551371,2026-03-22 07:29:11.371,69155.0,0.2084,A,14411.902,197891587483773
1774164551371,2026-03-22 07:29:11.371,69155.0,0.10109,A,6990.87895,165061659633382
1774164551371,2026-03-22 07:29:11.371,69155.0,0.17806,A,12313.7393,919308948012352
1774164551371,2026-03-22 07:29:11.371,69155.0,0.11406,A,7887.819299999999,147327025064222
1774164551371,2026-03-22 07:29:11.371,69155.0,0.12093,A,8362.91415,800490688885141
1774164551371,2026-03-22 07:29:11.371,69155.0,0.5,A,34577.5,994600115828269
1774164551371,2026-03-22 07:29:11.371,69155.0,0.21121,A,14606.227550000001,162284520710741
1774164551371,2026-03-22 07:29:11.371,69155.0,0.28048,A,19396.5944,465201110425397
1774164551371,2026-03-22 07:29:11.371,69155.0,0.0738,A,5103.639,735119089357856
1774164551371,2026-03-22 07:29:11.371,69155.0,0.02892,A,1999.9626,1099648775454830
1774164551371,2026-03-22 07:29:11.371,69155.0,0.16338,A,11298.5439,660817562511288
1774164551371,2026-03-22 07:29:11.371,69155.0,0.14316,A,9900.229800000001,658660059422135
1774164551371,2026-03-22 07:29:11.371,69155.0,0.22487,A,15550.884849999999,424915000688773
1774164551371,2026-03-22 07:29:11.371,69155.0,0.46804,A,32367.3062,540291070379658
1774164551371,2026-03-22 07:29:11.371,69155.0,0.07153,A,4946.65715,596424172449840
1774164551371,2026-03-22 07:29:11.371,69155.0,0.27881,A,19281.10555,396688714048216
1774164554073,2026-03-22 07:29:14.073,69155.0,0.00415,A,286.99325,83975806075588
1774164554173,2026-03-22 07:29:14.173,69155.0,0.00029,A,20.05495,347923588706484
1774164554783,2026-03-22 07:29:14.783,69156.0,0.02325,B,1607.877,1013308006275983
1774164555081,2026-03-22 07:29:15.081,69156.0,0.00057,B,39.41892,685612552044926
1774164566053,2026-03-22 07:29:26.053,69156.0,0.00164,B,113.41584,897944072210625
1774164567038,2026-03-22 07:29:27.038,69155.0,0.00017,A,11.756350000000001,1002674028168620
1774164568981,2026-03-22 07:29:28.981,69156.0,0.00075,B,51.867000000000004,876185755268656
1774164569396,2026-03-22 07:29:29.396,69155.0,0.35398,A,24479.4869,495847481913662
1774164569396,2026-03-22 07:29:29.396,69155.0,0.00015,A,10.373249999999999,742901661927060
1774164569396,2026-03-22 07:29:29.396,69155.0,0.00015,A,10.373249999999999,522863532559527
1774164569396,2026-03-22 07:29:29.396,69155.0,0.00032,A,22.129600000000003,73767808515457
1774164571087,2026-03-22 07:29:31.087,69153.0,0.001,A,69.153,150777761008661
1774164571087,2026-03-22 07:29:31.087,69153.0,0.00026,A,17.979779999999998,149571390076609
1774164571087,2026-03-22 07:29:31.087,69152.0,0.00015,A,10.3728,795833419539239
1774164571087,2026-03-22 07:29:31.087,69150.0,0.00097,A,67.0755,191291490971934
1774164571402,2026-03-22 07:29:31.402,69151.0,0.01461,B,1010.29611,278811645868289
1774164571619,2026-03-22 07:29:31.619,69151.0,0.00054,B,37.34154,471883950693173
1774164572380,2026-03-22 07:29:32.380,69150.0,0.00903,A,624.4245,567001274154930
1774164572380,2026-03-22 07:29:32.380,69150.0,0.00017,A,11.755500000000001,296795580605032
1774164572380,2026-03-22 07:29:32.380,69150.0,0.25,A,17287.5,691471279969483
1774164572380,2026-03-22 07:29:32.380,69149.0,0.00017,A,11.75533,698995269971675
1774164572380,2026-03-22 07:29:32.380,69149.0,0.00015,A,10.372349999999999,37308350593571
1774164572380,2026-03-22 07:29:32.380,69148.0,0.00016,A,11.063680000000002,270607261267222
1774164572380,2026-03-22 07:29:32.380,69148.0,0.00017,A,11.75516,151888302389891
1774164572380,2026-03-22 07:29:32.380,69148.0,0.00237,A,163.88076,898479297715092
1774164573030,2026-03-22 07:29:33.030,69147.0,0.00017,A,11.754990000000001,740512298219942
1774164573030,2026-03-22 07:29:33.030,69146.0,0.00017,A,11.75482,382695369662270
1774164573030,2026-03-22 07:29:33.030,69145.0,0.00016,A,11.0632,731656996702787
1774164573030,2026-03-22 07:29:33.030,69145.0,0.00017,A,11.754650000000002,457544971473106
1774164573030,2026-03-22 07:29:33.030,69145.0,0.00273,A,188.76584999999997,7594726781064
1774164574041,2026-03-22 07:29:34.041,69144.0,0.00017,A,11.754480000000001,788255813998370
1774164574041,2026-03-22 07:29:34.041,69144.0,0.00125,A,86.43,916287718501792
1774164574257,2026-03-22 07:29:34.257,69144.0,0.00075,B,51.858000000000004,955871356982078
1774164576049,2026-03-22 07:29:36.049,69144.0,0.0438,B,3028.5072,410989598021611
1774164576049,2026-03-22 07:29:36.049,69144.0,0.21,B,14520.24,912908530107905
1774164576049,2026-03-22 07:29:36.049,69144.0,0.57851,B,40000.49544,996272888733309
1774164576049,2026-03-22 07:29:36.049,69144.0,0.09818,B,6788.55792,596324680029327
1774164576049,2026-03-22 07:29:36.049,69144.0,0.18933,B,13091.033519999999,775594667750195
1774164576049,2026-03-22 07:29:36.049,69144.0,0.10138,B,7009.81872,794044542566891
1774164576049,2026-03-22 07:29:36.049,69144.0,0.12367,B,8551.03848,757710555541802
1774164576049,2026-03-22 07:29:36.049,69144.0,0.05937,B,4105.07928,838416587882557
1774164576049,2026-03-22 07:29:36.049,69144.0,0.12052,B,8333.23488,261095017726031
1774164576049,2026-03-22 07:29:36.049,69144.0,0.07911,B,5469.98184,348038569450386
1774164576049,2026-03-22 07:29:36.049,69144.0,0.03543,B,2449.77192,137226331371284
1774164577789,2026-03-22 07:29:37.789,69144.0,0.0138,B,954.1872,371679852704693
1774164578031,2026-03-22 07:29:38.031,69144.0,0.00016,B,11.06304,434427084795082
1774164581067,2026-03-22 07:29:41.067,69143.0,0.00017,A,11.75431,26462131469641
1774164581067,2026-03-22 07:29:41.067,69143.0,0.00026,A,17.977179999999997,406764901015777
1774164583015,2026-03-22 07:29:43.015,69143.0,0.00145,A,100.25734999999999,574747590532691
1774164583564,2026-03-22 07:29:43.564,69144.0,0.02923,B,2021.0791199999999,807274268082317
1774164584020,2026-03-22 07:29:44.020,69143.0,0.00416,A,287.63487999999995,103151118403034
1774164585034,2026-03-22 07:29:45.034,69144.0,0.00056,B,38.720639999999996,904731527820836
1774164585921,2026-03-22 07:29:45.921,69143.0,0.00017,A,11.75431,37813816364879
1774164585921,2026-03-22 07:29:45.921,69142.0,0.00017,A,11.754140000000001,189839450268747
1774164585921,2026-03-22 07:29:45.921,69142.0,7e-05,A,4.8399399999999995,1052005957236567
1774164586783,2026-03-22 07:29:46.783,69141.0,0.00016,A,11.062560000000001,345038806480804
1774164586783,2026-03-22 07:29:46.783,69141.0,0.00017,A,11.75397,965135595832722
1774164586783,2026-03-22 07:29:46.783,69140.0,0.00013,A,8.988199999999999,795961625744987
1774164587060,2026-03-22 07:29:47.060,69141.0,0.05,B,3457.05,584510837936327
1774164592606,2026-03-22 07:29:52.606,69140.0,4e-05,A,2.7656,955620020636499
1774164592606,2026-03-22 07:29:52.606,69140.0,0.00033,A,22.8162,372451299250357
1774164592606,2026-03-22 07:29:52.606,69140.0,0.00087,A,60.1518,728165463451101
1774164596018,2026-03-22 07:29:56.018,69141.0,0.00164,B,113.39124,780232111447831
1774164597040,2026-03-22 07:29:57.040,69140.0,0.00017,A,11.7538,971506399471785
1774164600000,2026-03-22 07:30:00.000,69140.0,8e-05,A,5.5312,386361593064456
1774164600363,2026-03-22 07:30:00.363,69140.0,0.01951,A,1348.9214,597355498951884
1774164601019,2026-03-22 07:30:01.019,69140.0,0.00238,A,164.5532,504804904883158
1774164601622,2026-03-22 07:30:01.622,69140.0,0.00017,A,11.7538,984213089909243
1774164601622,2026-03-22 07:30:01.622,69140.0,0.001,A,69.14,74383192977624
1774164602403,2026-03-22 07:30:02.403,69139.0,0.00017,A,11.753630000000001,953520289882234
1774164602471,2026-03-22 07:30:02.471,69139.0,0.00045,B,31.11255,1078505827117119
1774164603050,2026-03-22 07:30:03.050,69138.0,0.00017,A,11.75346,894389408164654
1774164603050,2026-03-22 07:30:03.050,69138.0,0.00025,A,17.2845,844591650405790
1774164603050,2026-03-22 07:30:03.050,69137.0,0.00016,A,11.06192,9785118316711
1774164603050,2026-03-22 07:30:03.050,69137.0,0.001,A,69.137,338066605518676
1774164603050,2026-03-22 07:30:03.050,69137.0,0.001,A,69.137,1028679787066186
1774164603050,2026-03-22 07:30:03.050,69137.0,0.00081,A,56.000969999999995,704680164047339
1774164603275,2026-03-22 07:30:03.275,69137.0,0.00019,A,13.13603,538338700138396
1774164603275,2026-03-22 07:30:03.275,69137.0,0.001,A,69.137,846651472744544
1774164603275,2026-03-22 07:30:03.275,69137.0,0.00017,A,11.753290000000002,49954467728551
1774164603275,2026-03-22 07:30:03.275,69136.0,0.00017,A,11.753120000000001,606988016143400
1774164604031,2026-03-22 07:30:04.031,69135.0,0.00017,A,11.75295,32752340138388
1774164604031,2026-03-22 07:30:04.031,69134.0,0.00016,A,11.061440000000001,485452894226412
1774164604031,2026-03-22 07:30:04.031,69134.0,0.00017,A,11.752780000000001,185079071816102
1774164604031,2026-03-22 07:30:04.031,69134.0,0.00091,A,62.91194,641141424695076
1774164605085,2026-03-22 07:30:05.085,69134.0,0.00209,A,144.49006,707283525132781
1774164605085,2026-03-22 07:30:05.085,69134.0,0.00386,A,266.85724,1042480596303358
1774164606019,2026-03-22 07:30:06.019,69134.0,0.21,B,14518.14,1110046294967065
1774164606019,2026-03-22 07:30:06.019,69134.0,0.09895,B,6840.8093,1012922117150452
1774164606019,2026-03-22 07:30:06.019,69134.0,0.04928,B,3406.92352,352001997061481
1774164606019,2026-03-22 07:30:06.019,69134.0,0.12,B,8296.08,500908590108239
1774164606019,2026-03-22 07:30:06.019,69134.0,0.06493,B,4488.87062,1082479799533182
1774164606019,2026-03-22 07:30:06.019,69134.0,0.18718,B,12940.502120000001,331197720261728
1774164606019,2026-03-22 07:30:06.019,69134.0,0.21,B,14518.14,839829414542429
1774164606019,2026-03-22 07:30:06.019,69134.0,0.2232,B,15430.7088,624102861584774
1774164606019,2026-03-22 07:30:06.019,69134.0,0.47586,B,32898.10524,1073256623246562
1774164606289,2026-03-22 07:30:06.289,69134.0,0.0207,B,1431.0738,249138705733429
1774164607299,2026-03-22 07:30:07.299,69133.0,0.00017,A,11.75261,135892462956101
1774164607299,2026-03-22 07:30:07.299,69132.0,3e-05,A,2.07396,731029970672905
1774164608029,2026-03-22 07:30:08.029,69133.0,0.00016,B,11.061280000000002,1092935368031925
1774164610122,2026-03-22 07:30:10.122,69133.0,0.02314,B,1599.73762,566052594086258
1774164610469,2026-03-22 07:30:10.469,69132.0,0.00014,A,9.678479999999999,455181599281314
1774164610469,2026-03-22 07:30:10.469,69131.0,0.00073,A,50.46563,1060851717367461
1774164611070,2026-03-22 07:30:11.070,69131.0,0.00039,A,26.96109,978914791002625
1774164611600,2026-03-22 07:30:11.600,69131.0,0.00258,A,178.35798,159625774699551
1774164613090,2026-03-22 07:30:13.090,69131.0,0.00824,A,569.63944,1082368006116916
1774164614006,2026-03-22 07:30:14.006,69131.0,0.00416,A,287.58495999999997,34093772175870
1774164614006,2026-03-22 07:30:14.006,69132.0,0.00043,B,29.72676,1078397776546721
1774164614006,2026-03-22 07:30:14.006,69131.0,0.002,A,138.262,687484369201773
1774164614900,2026-03-22 07:30:14.900,69131.0,0.00022,A,15.208820000000001,800689067491899
1774164615040,2026-03-22 07:30:15.040,69132.0,0.00057,B,39.40524,781730602128973
1774164616994,2026-03-22 07:30:16.994,69131.0,0.0002,A,13.8262,466565086181556
1774164617474,2026-03-22 07:30:17.474,69132.0,0.05423,B,3749.0283600000002,678472746173609
1774164618477,2026-03-22 07:30:18.477,69132.0,0.007,B,483.92400000000004,163801795549962
1774164619976,2026-03-22 07:30:19.976,69131.0,0.00608,A,420.31648,314914638225260
1774164619976,2026-03-22 07:30:19.976,69131.0,0.00017,A,11.752270000000001,1062436802174505
1774164619976,2026-03-22 07:30:19.976,69131.0,0.12052,A,8331.66812,768520744891023
1774164619976,2026-03-22 07:30:19.976,69131.0,0.06779,A,4686.39049,984438336611419
1774164619976,2026-03-22 07:30:19.976,69131.0,0.06978,A,4823.961179999999,893785903384513
1774164619976,2026-03-22 07:30:19.976,69131.0,0.11683,A,8076.57473,191803112446369
1774164619976,2026-03-22 07:30:19.976,69131.0,0.14242,A,9845.63702,1102359931741573
1774164619976,2026-03-22 07:30:19.976,69131.0,0.37208,A,25722.26248,544640837733026
1774164619976,2026-03-22 07:30:19.976,69131.0,0.35259,A,24374.89929,750641572267044
1774164619976,2026-03-22 07:30:19.976,69131.0,0.16459,A,11378.271289999999,70068415688312
1774164619976,2026-03-22 07:30:19.976,69131.0,0.10829,A,7486.19599,272662293154086
1774164619976,2026-03-22 07:30:19.976,69131.0,0.10235,A,7075.55785,118445396427142
1774164619976,2026-03-22 07:30:19.976,69131.0,0.18927,A,13084.424369999999,652421610590760
1774164619976,2026-03-22 07:30:19.976,69131.0,0.1042,A,7203.4502,201893483275596
1774164619976,2026-03-22 07:30:19.976,69131.0,0.14775,A,10214.105249999999,964557614120779
1774164619976,2026-03-22 07:30:19.976,69131.0,0.18512,A,12797.53072,179420503230640
1774164619976,2026-03-22 07:30:19.976,69131.0,0.10848,A,7499.3308799999995,96423237863242
1774164620037,2026-03-22 07:30:20.037,69130.0,0.00016,A,11.0608,638172440544881
1774164620037,2026-03-22 07:30:20.037,69130.0,0.001,A,69.13,245380762043745
1774164620037,2026-03-22 07:30:20.037,69130.0,0.00017,A,11.7521,932032462221958
1774164620037,2026-03-22 07:30:20.037,69130.0,0.00015,A,10.369499999999999,419591450031909
1774164620037,2026-03-22 07:30:20.037,69129.0,0.00017,A,11.751930000000002,505082809585973
1774164620037,2026-03-22 07:30:20.037,69128.0,0.04897,A,3385.19816,581734422939410
1774164620431,2026-03-22 07:30:20.431,69129.0,0.00015,B,10.369349999999999,560719988132448
1774164621526,2026-03-22 07:30:21.526,69128.0,0.00029,A,20.04712,379242599798297
1774164625355,2026-03-22 07:30:25.355,69129.0,0.00045,B,31.10805,1043413828042518
1774164626037,2026-03-22 07:30:26.037,69129.0,0.00164,B,113.37156,274715730225724
1774164627062,2026-03-22 07:30:27.062,69128.0,0.00017,A,11.75176,479773457377783
1774164631044,2026-03-22 07:30:31.044,69128.0,0.00238,A,164.52464,797714000634922
1774164633039,2026-03-22 07:30:33.039,69128.0,0.00339,A,234.34392,736482897836455
1774164634056,2026-03-22 07:30:34.056,69128.0,0.00142,A,98.16176,1062893443424828
1774164634919,2026-03-22 07:30:34.919,69129.0,0.00016,B,11.060640000000001,687757905884886
1774164635521,2026-03-22 07:30:35.521,69128.0,0.00077,A,53.228559999999995,889447892273536
1774164636004,2026-03-22 07:30:36.004,69129.0,0.05602,B,3872.60658,740940379303508
1774164636004,2026-03-22 07:30:36.004,69129.0,0.05332,B,3685.95828,963920471455981
1774164636004,2026-03-22 07:30:36.004,69129.0,0.05649,B,3905.09721,302858306548479
1774164636004,2026-03-22 07:30:36.004,69129.0,0.09721,B,6720.03009,1036701399293580
1774164636004,2026-03-22 07:30:36.004,69129.0,0.09292,B,6423.46668,255665570477326
1774164636004,2026-03-22 07:30:36.004,69129.0,0.08243,B,5698.30347,807110550089872
1774164636004,2026-03-22 07:30:36.004,69129.0,0.0818,B,5654.7522,69229910006215
1774164636004,2026-03-22 07:30:36.004,69129.0,0.04291,B,2966.32539,316986258577804
1774164636004,2026-03-22 07:30:36.004,69129.0,1.0762,B,74396.62980000001,44927420399398
1774164637419,2026-03-22 07:30:37.419,69128.0,0.00072,A,49.77216000000001,151231034819196
1774164637419,2026-03-22 07:30:37.419,69128.0,0.34492,A,23843.62976,320141586092065
1774164637419,2026-03-22 07:30:37.419,69128.0,0.00017,A,11.75176,601253392599755
1774164637419,2026-03-22 07:30:37.419,69128.0,0.00017,A,11.75176,866851800103522
1774164638027,2026-03-22 07:30:38.027,69128.0,0.00016,B,11.06048,856457113282888
1774164641066,2026-03-22 07:30:41.066,69127.0,0.00017,A,11.75159,1103042957141459
1774164641066,2026-03-22 07:30:41.066,69127.0,0.00017,A,11.75159,572879819393019
1774164641066,2026-03-22 07:30:41.066,69127.0,3e-05,A,2.07381,770655366443009
1774164644105,2026-03-22 07:30:44.105,69127.0,0.00017,A,11.75159,460422253892211
1774164644105,2026-03-22 07:30:44.105,69127.0,0.00399,A,275.81672999999995,541185556332755
1774164645088,2026-03-22 07:30:45.088,69128.0,0.00057,B,39.40296,382250622375687
1774164646033,2026-03-22 07:30:46.033,69127.0,0.00261,A,180.42147,87933471915118
1774164646317,2026-03-22 07:30:46.317,69128.0,0.03193,B,2207.25704,16396299138232
1774164650151,2026-03-22 07:30:50.151,69127.0,0.00033,A,22.81191,461289268846003
1774164650353,2026-03-22 07:30:50.353,69127.0,0.00149,A,102.99923,1043112409430746
1774164652569,2026-03-22 07:30:52.569,69127.0,0.00015,A,10.36905,140298518385117
1774164653570,2026-03-22 07:30:53.570,69128.0,0.00256,B,176.96768,523826481590695
1774164654490,2026-03-22 07:30:54.490,69127.0,0.0008,A,55.3016,327061168872657
1774164656061,2026-03-22 07:30:56.061,69128.0,0.00164,B,113.36992,632271799722323
1774164657111,2026-03-22 07:30:57.111,69127.0,0.00017,A,11.75159,459582484275989
1774164660014,2026-03-22 07:31:00.014,69127.0,0.00017,A,11.75159,698229658610780
1774164660014,2026-03-22 07:31:00.014,69127.0,0.00016,A,11.06032,143857618782416
1774164660338,2026-03-22 07:31:00.338,69127.0,7e-05,A,4.838889999999999,432686427939454
1774164661018,2026-03-22 07:31:01.018,69127.0,0.00238,A,164.52226000000002,675103396386193
1774164661809,2026-03-22 07:31:01.809,69127.0,2e-05,A,1.38254,562077276424445
1774164661809,2026-03-22 07:31:01.809,69128.0,0.29516,B,20403.82048,407608104660860
1774164661809,2026-03-22 07:31:01.809,69128.0,0.02893,B,1999.87304,846070378570852
1774164661809,2026-03-22 07:31:01.809,69128.0,0.00862,B,595.8833599999999,791188334059544
1774164663018,2026-03-22 07:31:03.018,69127.0,0.0034,A,235.03179999999998,741618449384907
1774164663961,2026-03-22 07:31:03.961,69128.0,0.00585,B,404.3988,399916133773497
1774164663961,2026-03-22 07:31:03.961,69128.0,0.00145,B,100.23559999999999,251347314653689
1774164663961,2026-03-22 07:31:03.961,69128.0,0.00145,B,100.23559999999999,686459375965336
1774164663961,2026-03-22 07:31:03.961,69128.0,0.00145,B,100.23559999999999,753876746822107
1774164663961,2026-03-22 07:31:03.961,69128.0,0.00017,B,11.75176,205413275897978
1774164663961,2026-03-22 07:31:03.961,69128.0,0.00145,B,100.23559999999999,481753386021196
1774164663961,2026-03-22 07:31:03.961,69128.0,0.03,B,2073.84,988203694106318
1774164663961,2026-03-22 07:31:03.961,69128.0,0.00109,B,75.34952,206457524638136
1774164664820,2026-03-22 07:31:04.820,69129.0,0.00024,B,16.59096,657297787277779
1774164664820,2026-03-22 07:31:04.820,69129.0,0.00016,B,11.060640000000001,987177604918834
1774164664820,2026-03-22 07:31:04.820,69129.0,0.00105,A,72.58545,752609714373779
1774164664820,2026-03-22 07:31:04.820,69129.0,0.15529,A,10735.04241,136673418039788
1774164665041,2026-03-22 07:31:05.041,69129.0,0.00142,A,98.16318,746519187787070
1774164665041,2026-03-22 07:31:05.041,69130.0,0.00015,B,10.369499999999999,925990975223525
1774164665041,2026-03-22 07:31:05.041,69130.0,0.00017,B,11.7521,308821549441264
1774164665041,2026-03-22 07:31:05.041,69130.0,0.00017,B,11.7521,20135822987817
1774164665041,2026-03-22 07:31:05.041,69130.0,0.00079,B,54.612700000000004,841077197510823
1774164665233,2026-03-22 07:31:05.233,69130.0,0.00782,B,540.5966000000001,798640960270731
1774164665233,2026-03-22 07:31:05.233,69130.0,0.00586,B,405.10179999999997,757845568731474
1774164665844,2026-03-22 07:31:05.844,69131.0,0.00024,B,16.591440000000002,935587657301060
1774164665844,2026-03-22 07:31:05.844,69131.0,0.00017,B,11.752270000000001,479272278480289
1774164665844,2026-03-22 07:31:05.844,69132.0,0.00017,B,11.75244,617774395102427
1774164665844,2026-03-22 07:31:05.844,69133.0,0.00017,B,11.75261,777370432228971
1774164665844,2026-03-22 07:31:05.844,69133.0,0.00016,B,11.061280000000002,890291028337542
1774164665844,2026-03-22 07:31:05.844,69133.0,0.01513,B,1045.98229,1051534930190536
1774164666049,2026-03-22 07:31:06.049,69133.0,0.02535,B,1752.5215500000002,267206165579197
1774164666049,2026-03-22 07:31:06.049,69134.0,0.003,B,207.40200000000002,478925134277780
1774164666049,2026-03-22 07:31:06.049,69134.0,0.00017,B,11.752780000000001,169452095091392
1774164666049,2026-03-22 07:31:06.049,69134.0,0.00145,B,100.2443,295468358097981
1774164666049,2026-03-22 07:31:06.049,69135.0,0.00017,B,11.75295,141872667746855
1774164666049,2026-03-22 07:31:06.049,69136.0,0.00016,B,11.061760000000001,563756825813560
1774164666049,2026-03-22 07:31:06.049,69136.0,0.00017,B,11.753120000000001,394569796642250
1774164666049,2026-03-22 07:31:06.049,69136.0,0.03399,B,2349.93264,1034006383353609
1774164666049,2026-03-22 07:31:06.049,69136.0,0.26121,B,18059.01456,554776384274608
1774164666049,2026-03-22 07:31:06.049,69137.0,0.00017,B,11.753290000000002,315680573362813
1774164666049,2026-03-22 07:31:06.049,69137.0,0.02381,B,1646.1519700000001,511381094571912
1774164666049,2026-03-22 07:31:06.049,69137.0,0.10896,B,7533.16752,40412799952633
1774164666049,2026-03-22 07:31:06.049,69137.0,0.43027,B,29747.576989999998,1012504505372953
1774164666049,2026-03-22 07:31:06.049,69137.0,0.05665,B,3916.61105,480140766272368
1774164666049,2026-03-22 07:31:06.049,69138.0,0.00017,B,11.75346,813536892078106
1774164666049,2026-03-22 07:31:06.049,69138.0,0.04142,B,2863.69596,326270710708439
1774164666049,2026-03-22 07:31:06.049,69138.0,0.55295,B,38229.8571,185497136414009
1774164666049,2026-03-22 07:31:06.049,69138.0,0.00052,B,35.95176,151322068047160
1774164666049,2026-03-22 07:31:06.049,69138.0,0.09871,B,6824.611980000001,772464865108217
1774164668061,2026-03-22 07:31:08.061,69138.0,0.00016,B,11.062080000000002,443720406432790
1774164671073,2026-03-22 07:31:11.073,69137.0,0.00041,A,28.34617,120225819033423
1774164674041,2026-03-22 07:31:14.041,69137.0,0.00416,A,287.60992,330065507190120
1774164675103,2026-03-22 07:31:15.103,69138.0,0.00056,B,38.717279999999995,563724244495415
1774164681014,2026-03-22 07:31:21.014,69138.0,0.001,B,69.138,265971555687123
1774164684561,2026-03-22 07:31:24.561,69138.0,0.00207,B,143.11566,306684611939746
1774164685167,2026-03-22 07:31:25.167,69137.0,0.00072,A,49.77864,317782327446354
1774164686045,2026-03-22 07:31:26.045,69138.0,0.00164,B,113.38632,1029331687722171
1774164687100,2026-03-22 07:31:27.100,69137.0,0.00017,A,11.753290000000002,171218974578974
1774164687702,2026-03-22 07:31:27.702,69137.0,0.1406,A,9720.6622,809599701105196
1774164687702,2026-03-22 07:31:27.702,69137.0,0.11068,A,7652.08316,928853881169080
1774164687702,2026-03-22 07:31:27.702,69137.0,0.21,A,14518.769999999999,908151015967963
1774164687702,2026-03-22 07:31:27.702,69137.0,0.10849,A,7500.67313,976329226752520
1774164687702,2026-03-22 07:31:27.702,69137.0,0.32618,A,22551.10666,235589128833893
1774164687702,2026-03-22 07:31:27.702,69137.0,0.09276,A,6413.14812,877043002668312
1774164687702,2026-03-22 07:31:27.702,69137.0,0.14644,A,10124.422279999999,224971382544629
1774164687702,2026-03-22 07:31:27.702,69137.0,0.26182,A,18101.44934,235688448525066
1774164688382,2026-03-22 07:31:28.382,69137.0,0.00029,A,20.04973,539136456515160
1774164689589,2026-03-22 07:31:29.589,69137.0,0.06861,A,4743.489570000001,865501449027534
1774164689589,2026-03-22 07:31:29.589,69137.0,0.48692,A,33664.18804,491422003769558
1774164689589,2026-03-22 07:31:29.589,69137.0,0.13297,A,9193.14689,269616675157606
1774164689589,2026-03-22 07:31:29.589,69137.0,0.09795,A,6771.96915,915266458752823
1774164689589,2026-03-22 07:31:29.589,69137.0,0.21014,A,14528.44918,808296483421244
1774164689589,2026-03-22 07:31:29.589,69137.0,0.12262,A,8477.578940000001,653465189815027
1774164689589,2026-03-22 07:31:29.589,69137.0,0.12054,A,8333.77398,349528035646704
1774164689589,2026-03-22 07:31:29.589,69137.0,0.13372,A,9244.99964,296125983772686
1774164689589,2026-03-22 07:31:29.589,69137.0,0.0235,A,1624.7195,960854280574512
1774164691045,2026-03-22 07:31:31.045,69137.0,0.00237,A,163.85469,810802657531494
1774164691513,2026-03-22 07:31:31.513,69137.0,0.07189,A,4970.25893,929113654342980
1774164691513,2026-03-22 07:31:31.513,69137.0,0.5,A,34568.5,314149565766690
1774164691513,2026-03-22 07:31:31.513,69137.0,0.21,A,14518.769999999999,543467785081145
1774164691513,2026-03-22 07:31:31.513,69137.0,0.09415,A,6509.24855,206739806777070
1774164691513,2026-03-22 07:31:31.513,69137.0,0.19141,A,13233.51317,804779663071691
1774164691513,2026-03-22 07:31:31.513,69137.0,0.32952,A,22782.02424,512496082774377
1774164693064,2026-03-22 07:31:33.064,69137.0,0.00339,A,234.37443,840487185309848
1774164694817,2026-03-22 07:31:34.817,69138.0,0.001,B,69.138,710280935535203
1774164695018,2026-03-22 07:31:35.018,69137.0,0.00142,A,98.17454000000001,199410870249492
1774164695625,2026-03-22 07:31:35.625,69138.0,0.0207,B,1431.1566,1030651795060210
1774164696019,2026-03-22 07:31:36.019,69138.0,0.00179,B,123.75702,256098158485170
1774164696019,2026-03-22 07:31:36.019,69138.0,0.00017,B,11.75346,684234242257575
1774164696019,2026-03-22 07:31:36.019,69138.0,0.20242,B,13994.91396,549388289588060
1774164696019,2026-03-22 07:31:36.019,69138.0,0.04048,B,2798.70624,352698866928792
1774164696019,2026-03-22 07:31:36.019,69138.0,0.00145,B,100.25009999999999,1086988708776778
1774164696019,2026-03-22 07:31:36.019,69138.0,0.01012,B,699.67656,208174767140720
1774164696019,2026-03-22 07:31:36.019,69138.0,0.35518,B,24556.434839999998,498191733370239
1774164696019,2026-03-22 07:31:36.019,69138.0,0.36264,B,25072.20432,1050840458897663
1774164696019,2026-03-22 07:31:36.019,69138.0,0.00379,B,262.03302,734537240701099
1774164696019,2026-03-22 07:31:36.019,69138.0,0.07536,B,5210.23968,280099068157299
1774164696019,2026-03-22 07:31:36.019,69138.0,0.07072,B,4889.43936,783250740990067
1774164696019,2026-03-22 07:31:36.019,69138.0,0.10737,B,7423.347059999999,779186662286364
1774164696019,2026-03-22 07:31:36.019,69138.0,0.06419,B,4437.96822,1054848601405431
1774164696019,2026-03-22 07:31:36.019,69138.0,0.06816,B,4712.44608,692856923069571
1774164696019,2026-03-22 07:31:36.019,69138.0,0.00145,B,100.25009999999999,391554317748945
1774164696019,2026-03-22 07:31:36.019,69138.0,0.00145,B,100.25009999999999,1026680136314517
1774164696019,2026-03-22 07:31:36.019,69138.0,0.06195,B,4283.099099999999,1033503865472383
1774164696019,2026-03-22 07:31:36.019,69138.0,0.21071,B,14568.06798,378808433865332
1774164698037,2026-03-22 07:31:38.037,69138.0,0.00016,B,11.062080000000002,1107281012777885
1774164698037,2026-03-22 07:31:38.037,69138.0,0.00129,B,89.18802,762631523536124
1774164698037,2026-03-22 07:31:38.037,69138.0,0.00145,B,100.25009999999999,236968278248838
1774164698037,2026-03-22 07:31:38.037,69138.0,0.00017,B,11.75346,44111185622133
1774164698037,2026-03-22 07:31:38.037,69138.0,0.00018,B,12.444840000000001,110189094062167
1774164699392,2026-03-22 07:31:39.392,69137.0,0.00417,A,288.30129,821856429031424
1774164701005,2026-03-22 07:31:41.005,69137.0,0.00027,A,18.666990000000002,976463615808120
1774164702061,2026-03-22 07:31:42.061,69137.0,7e-05,A,4.839589999999999,931829543383202
1774164704036,2026-03-22 07:31:44.036,69137.0,0.00415,A,286.91855,226662234301142
1774164705080,2026-03-22 07:31:45.080,69138.0,0.00057,B,39.40866,1025045201361468
1774164707275,2026-03-22 07:31:47.275,69137.0,0.00701,A,484.65037,64807477808596
1774164707275,2026-03-22 07:31:47.275,69137.0,0.01833,A,1267.2812099999999,1004093371909300
1774164708822,2026-03-22 07:31:48.822,69138.0,7e-05,B,4.839659999999999,157664159307204
1774164716029,2026-03-22 07:31:56.029,69138.0,0.00164,B,113.38632,829551675699573
1774164721092,2026-03-22 07:32:01.092,69137.0,0.00238,A,164.54606,124229169576196
1774164721955,2026-03-22 07:32:01.955,69137.0,0.01461,A,1010.0915699999999,832905901342088
1774164721955,2026-03-22 07:32:01.955,69137.0,0.00029,A,20.04973,699270373879608
1774164721955,2026-03-22 07:32:01.955,69137.0,0.00023,A,15.90151,1057755461740105
1774164721955,2026-03-22 07:32:01.955,69136.0,0.00015,A,10.370399999999998,1104401561222207
1774164721955,2026-03-22 07:32:01.955,69136.0,0.00023,A,15.90128,722715394206765
1774164722003,2026-03-22 07:32:02.003,69134.0,0.00015,A,10.370099999999999,410944003250599
1774164722003,2026-03-22 07:32:02.003,69134.0,0.00017,A,11.752780000000001,780563728492028
1774164722030,2026-03-22 07:32:02.030,69132.0,0.003,A,207.39600000000002,86408169850406
1774164722157,2026-03-22 07:32:02.157,69130.0,0.00016,A,11.0608,891385494053418
1774164722763,2026-03-22 07:32:02.763,69128.0,2e-05,B,1.38256,1082322371735848
1774164723047,2026-03-22 07:32:03.047,69127.0,0.00017,A,11.75159,476450653449693
1774164723047,2026-03-22 07:32:03.047,69126.0,0.00016,A,11.060160000000002,42404418345135
1774164723047,2026-03-22 07:32:03.047,69126.0,0.00017,A,11.751420000000001,681325702806122
1774164723047,2026-03-22 07:32:03.047,69126.0,0.00017,A,11.751420000000001,832744802323158
1774164723047,2026-03-22 07:32:03.047,69125.0,0.00017,A,11.75125,785265510724290
1774164723047,2026-03-22 07:32:03.047,69125.0,0.00255,A,176.26875,799848110403404
1774164724049,2026-03-22 07:32:04.049,69125.0,0.00045,A,31.10625,678217989479181
1774164724049,2026-03-22 07:32:04.049,69124.0,0.00017,A,11.75108,24250758450251
1774164724049,2026-03-22 07:32:04.049,69124.0,0.00017,A,11.75108,822549536819088
1774164724049,2026-03-22 07:32:04.049,69124.0,0.00062,A,42.85688,381593152126070
1774164724252,2026-03-22 07:32:04.252,69124.0,0.00906,A,626.2634400000001,522634683327912
1774164726038,2026-03-22 07:32:06.038,69125.0,1.44666,B,100000.3725,675604313534067
1774164726038,2026-03-22 07:32:06.038,69125.0,0.19264,B,13316.24,228091502067837
1774164727877,2026-03-22 07:32:07.877,69124.0,0.00016,A,11.059840000000001,566273781959081
1774164727969,2026-03-22 07:32:07.969,69123.0,0.00016,A,11.05968,887706137944006
1774164727969,2026-03-22 07:32:07.969,69123.0,0.00017,A,11.750910000000001,306915080855833
1774164727969,2026-03-22 07:32:07.969,69123.0,0.00017,A,11.750910000000001,1099963948955233
1774164728079,2026-03-22 07:32:08.079,69123.0,0.00016,B,11.05968,376061156688349
1774164731106,2026-03-22 07:32:11.106,69122.0,0.00017,A,11.75074,500366138667378
1774164731106,2026-03-22 07:32:11.106,69122.0,0.00017,A,11.75074,6101627107340
1774164731106,2026-03-22 07:32:11.106,69122.0,0.00012,A,8.29464,658656160227209
1774164732176,2026-03-22 07:32:12.176,69123.0,0.00017,B,11.750910000000001,147638419846331
1774164734050,2026-03-22 07:32:14.050,69122.0,0.0001,A,6.9122,759908921230479
1774164734050,2026-03-22 07:32:14.050,69122.0,0.00017,A,11.75074,52598639303139
1774164734050,2026-03-22 07:32:14.050,69121.0,0.00017,A,11.750570000000002,104021548386587
1774164734050,2026-03-22 07:32:14.050,69121.0,0.00017,A,11.750570000000002,91416376180361
1774164734050,2026-03-22 07:32:14.050,69121.0,0.00022,A,15.206620000000001,554912237825329
1774164734050,2026-03-22 07:32:14.050,69120.0,0.00017,A,11.7504,348951192058925
1774164734050,2026-03-22 07:32:14.050,69119.0,0.00016,A,11.059040000000001,99654198600334
1774164734050,2026-03-22 07:32:14.050,69119.0,0.001,A,69.119,273856464554207
1774164734050,2026-03-22 07:32:14.050,69119.0,0.00017,A,11.75023,605077921482009
1774164734050,2026-03-22 07:32:14.050,69118.0,0.00017,A,11.750060000000001,791236776556778
1774164734050,2026-03-22 07:32:14.050,69118.0,0.00166,A,114.73588,1100417729505931
1774164735055,2026-03-22 07:32:15.055,69119.0,0.00056,B,38.70664,1076215947878366
1774164735388,2026-03-22 07:32:15.388,69118.0,0.05499,A,3800.79882,902935930847252
1774164735388,2026-03-22 07:32:15.388,69118.0,0.07241,A,5004.83438,138795288681885
1774164735388,2026-03-22 07:32:15.388,69118.0,0.34422,A,23791.797960000004,129793958925182
1774164735388,2026-03-22 07:32:15.388,69118.0,0.0818,A,5653.8524,451358251912764
1774164735388,2026-03-22 07:32:15.388,69118.0,0.07583,A,5241.2179399999995,486506598498426
1774164735388,2026-03-22 07:32:15.388,69118.0,0.13361,A,9234.85598,213156357026789
1774164736461,2026-03-22 07:32:16.461,69118.0,0.00261,A,180.39798,871139557760809
1774164737336,2026-03-22 07:32:17.336,69118.0,0.20179,A,13947.32122,321029020106277
1774164737336,2026-03-22 07:32:17.336,69118.0,0.07681,A,5308.95358,397614765121349
1774164737336,2026-03-22 07:32:17.336,69118.0,0.24791,A,17135.04338,737477566549872
1774164737336,2026-03-22 07:32:17.336,69118.0,0.06821,A,4714.538780000001,394379352527691
1774164737336,2026-03-22 07:32:17.336,69118.0,0.15439,A,10671.12802,983552053745291
1774164737336,2026-03-22 07:32:17.336,69118.0,0.01375,A,950.3725000000001,810177336565245
1774164739332,2026-03-22 07:32:19.332,69119.0,0.001,B,69.119,819904612097345
1774164740414,2026-03-22 07:32:20.414,69118.0,0.01618,A,1118.32924,777364481278300
1774164743446,2026-03-22 07:32:23.446,69119.0,0.00017,B,11.75023,375874287769486
1774164743446,2026-03-22 07:32:23.446,69120.0,0.00015,B,10.367999999999999,662036119667207
1774164743446,2026-03-22 07:32:23.446,69120.0,0.00017,B,11.7504,643973152334706
1774164743446,2026-03-22 07:32:23.446,69121.0,0.00017,B,11.750570000000002,439350037338494
1774164743847,2026-03-22 07:32:23.847,69123.0,0.00017,B,11.750910000000001,852569572764522
1774164744043,2026-03-22 07:32:24.043,69124.0,0.00017,B,11.75108,1102035785684667
1774164744263,2026-03-22 07:32:24.263,69125.0,0.00017,B,11.75125,216441437115785
1774164744670,2026-03-22 07:32:24.670,69125.0,0.00015,B,10.368749999999999,1002321268824534
1774164744670,2026-03-22 07:32:24.670,69125.0,0.00016,B,11.06,117562646633978
1774164744670,2026-03-22 07:32:24.670,69125.0,0.00017,B,11.75125,461030912469444
1774164744670,2026-03-22 07:32:24.670,69125.0,0.001,B,69.125,688315729107673
1774164744870,2026-03-22 07:32:24.870,69125.0,0.00465,B,321.43125,206700451854538
1774164745673,2026-03-22 07:32:25.673,69125.0,0.00015,B,10.368749999999999,231105473669637
1774164746077,2026-03-22 07:32:26.077,69125.0,0.00164,B,113.365,956489884346203
1774164747007,2026-03-22 07:32:27.007,69124.0,0.00017,A,11.75108,427133558454574
1774164749828,2026-03-22 07:32:29.828,69125.0,0.00017,B,11.75125,162535338219722
1774164749828,2026-03-22 07:32:29.828,69125.0,0.00147,B,101.61375,180516644662997
1774164749828,2026-03-22 07:32:29.828,69125.0,0.00016,B,11.06,109502181448559
1774164749828,2026-03-22 07:32:29.828,69126.0,0.00017,B,11.751420000000001,785614922526956
1774164749828,2026-03-22 07:32:29.828,69126.0,0.00015,B,10.368899999999998,227060368432752
1774164749828,2026-03-22 07:32:29.828,69127.0,0.00017,B,11.75159,359726418260344
1774164749828,2026-03-22 07:32:29.828,69127.0,0.00015,B,10.36905,474109820232678
1774164750201,2026-03-22 07:32:30.201,69128.0,0.00017,B,11.75176,111688767575494
1774164750201,2026-03-22 07:32:30.201,69129.0,0.003,B,207.387,836733551678686
1774164750201,2026-03-22 07:32:30.201,69129.0,0.00017,B,11.751930000000002,52800714711976
1774164750608,2026-03-22 07:32:30.608,69131.0,0.00017,B,11.752270000000001,256895199220382
1774164750608,2026-03-22 07:32:30.608,69131.0,0.00015,B,10.369649999999998,207620759579929
1774164751048,2026-03-22 07:32:31.048,69131.0,0.00238,A,164.53178,787519734034026
1774164753077,2026-03-22 07:32:33.077,69126.0,0.00016,A,11.060160000000002,816807610442652
1774164753077,2026-03-22 07:32:33.077,69126.0,0.003,A,207.37800000000001,515535490838778
1774164753077,2026-03-22 07:32:33.077,69126.0,0.00024,A,16.59024,944461205089433
1774164755041,2026-03-22 07:32:35.041,69125.0,0.00142,A,98.1575,143630229328173
1774164755512,2026-03-22 07:32:35.512,69125.0,0.00029,A,20.04625,79290803479745
1774164756069,2026-03-22 07:32:36.069,69126.0,0.06569,B,4540.88694,531958176075960
1774164756069,2026-03-22 07:32:36.069,69126.0,0.0639,B,4417.1514,915042917560806
1774164756069,2026-03-22 07:32:36.069,69126.0,0.5,B,34563.0,197722332612692
1774164756069,2026-03-22 07:32:36.069,69126.0,0.21,B,14516.46,312238356381273
1774164756069,2026-03-22 07:32:36.069,69126.0,0.26487,B,18309.40362,504470780083117
1774164756069,2026-03-22 07:32:36.069,69126.0,0.43891,B,30340.092660000002,354319299822830
1774164756069,2026-03-22 07:32:36.069,69126.0,0.09603,B,6638.16978,839813058107760
1774164758061,2026-03-22 07:32:38.061,69124.0,0.00016,B,11.059840000000001,344499547556196
1774164761027,2026-03-22 07:32:41.027,69123.0,0.00039,A,26.95797,871113758600985
1774164762121,2026-03-22 07:32:42.121,69124.0,0.00474,B,327.64776,193083303042435
1774164763304,2026-03-22 07:32:43.304,69124.0,0.12744,B,8809.16256,134331645936695
1774164763304,2026-03-22 07:32:43.304,69124.0,0.01971,B,1362.4340399999999,91982636793491
1774164763401,2026-03-22 07:32:43.401,69123.0,0.0007,A,48.3861,295805474453557
1774164764004,2026-03-22 07:32:44.004,69123.0,0.00416,A,287.55168,1095028603304613
1774164764922,2026-03-22 07:32:44.922,69123.0,0.00115,B,79.49145,282787331367474
1774164765006,2026-03-22 07:32:45.006,69123.0,0.00057,B,39.40011,770890347512668
1774164767339,2026-03-22 07:32:47.339,69123.0,0.08507,B,5880.293610000001,802832341526585
1774164767339,2026-03-22 07:32:47.339,69123.0,0.1104,B,7631.1792,1020998529407798
1774164767339,2026-03-22 07:32:47.339,69123.0,0.12,B,8294.76,999496066866318
1774164767339,2026-03-22 07:32:47.339,69123.0,0.06392,B,4418.34216,191197720724698
1774164767339,2026-03-22 07:32:47.339,69123.0,0.06013,B,4156.36599,1046987677115819
1774164767339,2026-03-22 07:32:47.339,69123.0,0.06048,B,4180.55904,369990602618390
1774164769515,2026-03-22 07:32:49.515,69122.0,0.0004,B,27.6488,593525028761875
1774164770648,2026-03-22 07:32:50.648,69121.0,0.00072,A,49.767120000000006,817462322120394
1774164771045,2026-03-22 07:32:51.045,69122.0,0.1196,B,8266.9912,797978444184416
1774164771045,2026-03-22 07:32:51.045,69122.0,0.01932,B,1335.43704,144577391654014
1774164776006,2026-03-22 07:32:56.006,69122.0,0.00164,B,113.36008,1086382415395575
1774164777013,2026-03-22 07:32:57.013,69121.0,0.00017,A,11.750570000000002,1084058792068532
1774164780105,2026-03-22 07:33:00.105,69121.0,9e-05,A,6.220890000000001,1008189711523739
1774164781006,2026-03-22 07:33:01.006,69121.0,0.00052,A,35.942919999999994,672923773897589
1774164781006,2026-03-22 07:33:01.006,69120.0,0.00015,A,10.367999999999999,399020434561572
1774164781006,2026-03-22 07:33:01.006,69119.0,0.00016,A,11.059040000000001,305781645947409
1774164781006,2026-03-22 07:33:01.006,69119.0,0.00155,A,107.13445,386005044268755
1774164782247,2026-03-22 07:33:02.247,69120.0,0.00044,B,30.4128,137641320602683
1774164783022,2026-03-22 07:33:03.022,69119.0,0.00339,A,234.31340999999998,734995860451692
1774164783217,2026-03-22 07:33:03.217,69120.0,0.0006,B,41.471999999999994,338529846951184
1774164784319,2026-03-22 07:33:04.319,69120.0,0.0207,B,1430.7839999999999,232870893964002
1774164785053,2026-03-22 07:33:05.053,69119.0,0.00142,A,98.14898000000001,383689692239012
1774164786062,2026-03-22 07:33:06.062,69120.0,0.03586,B,2478.6432000000004,397376407991782
1774164786062,2026-03-22 07:33:06.062,69120.0,0.06947,B,4801.7664,2659522246125
1774164786062,2026-03-22 07:33:06.062,69120.0,0.11537,B,7974.3744,393365136818656
1774164786062,2026-03-22 07:33:06.062,69120.0,0.32245,B,22287.744000000002,727052044330775
1774164786062,2026-03-22 07:33:06.062,69120.0,0.0557,B,3849.984,83870480265721
1774164786062,2026-03-22 07:33:06.062,69120.0,0.27796,B,19212.5952,787476874107454
1774164786062,2026-03-22 07:33:06.062,69120.0,0.12,B,8294.4,395641706851188
1774164786062,2026-03-22 07:33:06.062,69120.0,0.14065,B,9721.728,31473838457230
1774164786062,2026-03-22 07:33:06.062,69120.0,0.14316,B,9895.219200000001,246612090266712
1774164786062,2026-03-22 07:33:06.062,69120.0,0.12,B,8294.4,859698350896961
1774164786062,2026-03-22 07:33:06.062,69120.0,0.05771,B,3988.9152,1065331179769210
1774164786062,2026-03-22 07:33:06.062,69120.0,0.09784,B,6762.7008,369662502008073
1774164786062,2026-03-22 07:33:06.062,69120.0,0.05423,B,3748.3776,53021340688808
1774164786062,2026-03-22 07:33:06.062,69120.0,0.0289,B,1997.568,438812395756287
1774164786328,2026-03-22 07:33:06.328,69119.0,0.00022,A,15.20618,188248392195094
1774164788132,2026-03-22 07:33:08.132,69120.0,0.00016,B,11.0592,1017517708083228
1774164788360,2026-03-22 07:33:08.360,69119.0,0.00044,A,30.41236,868219307782030
1774164791102,2026-03-22 07:33:11.102,69119.0,0.00036,A,24.88284,935070256016796
1774164794118,2026-03-22 07:33:14.118,69119.0,0.00416,A,287.53504,849908635220387
1774164795017,2026-03-22 07:33:15.017,69119.0,0.00056,B,38.70664,140258159920032
1774164796426,2026-03-22 07:33:16.426,69118.0,0.00017,A,11.750060000000001,59109303263675
1774164796426,2026-03-22 07:33:16.426,69117.0,0.001,A,69.117,923662642061094
1774164796426,2026-03-22 07:33:16.426,69117.0,0.00017,A,11.74989,827085938378070
1774164796426,2026-03-22 07:33:16.426,69117.0,0.00015,A,10.36755,997748602827739
1774164796426,2026-03-22 07:33:16.426,69117.0,0.00016,A,11.058720000000001,872383546642211
1774164796426,2026-03-22 07:33:16.426,69116.0,0.00017,A,11.749720000000002,354443386929733
1774164796426,2026-03-22 07:33:16.426,69116.0,0.003,A,207.348,1042279812108957
1774164796426,2026-03-22 07:33:16.426,69116.0,0.00015,A,10.3674,977541921357013
1774164796426,2026-03-22 07:33:16.426,69115.0,0.00016,A,11.0584,303392868501581
1774164796426,2026-03-22 07:33:16.426,69115.0,0.00017,A,11.749550000000001,161439097943833
1774164796426,2026-03-22 07:33:16.426,69114.0,0.00017,A,11.74938,3722047388329
1774164796426,2026-03-22 07:33:16.426,69114.0,0.01157,A,799.64898,981431467245606
1774164796426,2026-03-22 07:33:16.426,69113.0,0.00017,A,11.749210000000001,10299331281701
1774164796426,2026-03-22 07:33:16.426,69112.0,0.00016,A,11.057920000000001,983044960107137
1774164796426,2026-03-22 07:33:16.426,69112.0,0.001,A,69.112,521432601676446
1774164796426,2026-03-22 07:33:16.426,69112.0,0.001,A,69.112,260888699026486
1774164796426,2026-03-22 07:33:16.426,69112.0,0.00017,A,11.74904,944031589893725
1774164796426,2026-03-22 07:33:16.426,69112.0,0.05665,A,3915.1947999999998,872005513356162
1774164796426,2026-03-22 07:33:16.426,69112.0,0.02459,A,1699.46408,1105240704032569
1774164796426,2026-03-22 07:33:16.426,69112.0,0.001,A,69.112,33820326282367
1774164796426,2026-03-22 07:33:16.426,69111.0,0.001,A,69.111,570002482388743
1774164796426,2026-03-22 07:33:16.426,69111.0,0.00017,A,11.74887,488597884324013
1774164796426,2026-03-22 07:33:16.426,69111.0,0.003,A,207.333,889590366655089
1774164796426,2026-03-22 07:33:16.426,69111.0,0.02175,A,1503.1642499999998,1052604183915720
1774164796426,2026-03-22 07:33:16.426,69110.0,0.001,A,69.11,850340696992573
1774164796426,2026-03-22 07:33:16.426,69110.0,0.00015,A,10.366499999999998,309060557626325
1774164796426,2026-03-22 07:33:16.426,69110.0,0.00017,A,11.748700000000001,962960538219801
1774164796426,2026-03-22 07:33:16.426,69110.0,0.08033,A,5551.6062999999995,927274849464805
1774164796426,2026-03-22 07:33:16.426,69110.0,0.02893,A,1999.3523,770373102099684
1774164796426,2026-03-22 07:33:16.426,69110.0,0.01172,A,809.9692,68417169511313
1774164798238,2026-03-22 07:33:18.238,69110.0,0.0026,A,179.68599999999998,829997887045742
1774164798238,2026-03-22 07:33:18.238,69110.0,0.00261,A,180.37709999999998,424949844307382
1774164798561,2026-03-22 07:33:18.561,69111.0,0.00254,B,175.54194,748486363089388
1774164800321,2026-03-22 07:33:20.321,69110.0,0.00085,A,58.7435,25485740650180
1774164801536,2026-03-22 07:33:21.536,69110.0,0.00085,A,58.7435,438005125973110
1774164801536,2026-03-22 07:33:21.536,69110.0,0.00015,A,10.366499999999998,548837507022888
1774164804341,2026-03-22 07:33:24.341,69110.0,0.00017,A,11.748700000000001,14818382686024
1774164804341,2026-03-22 07:33:24.341,69109.0,0.00017,A,11.74853,1033361962354315
1774164804341,2026-03-22 07:33:24.341,69108.0,0.00016,A,11.05728,913790640887489
1774164804341,2026-03-22 07:33:24.341,69108.0,0.001,A,69.108,799555769839791
1774164804341,2026-03-22 07:33:24.341,69108.0,0.001,A,69.108,331309762277420
1774164804341,2026-03-22 07:33:24.341,69108.0,9e-05,A,6.219720000000001,39351608612302
1774164804341,2026-03-22 07:33:24.341,69111.0,0.03459,B,2390.5494900000003,241214949921222
1774164805983,2026-03-22 07:33:25.983,69108.0,0.00091,A,62.88828,936949803358367
1774164805983,2026-03-22 07:33:25.983,69108.0,0.001,A,69.108,494384096913866
1774164805983,2026-03-22 07:33:25.983,69108.0,0.001,A,69.108,1067067630582483
1774164805983,2026-03-22 07:33:25.983,69108.0,0.001,A,69.108,27714882826972
1774164805983,2026-03-22 07:33:25.983,69108.0,0.001,A,69.108,704596232575727
1774164805983,2026-03-22 07:33:25.983,69108.0,0.001,A,69.108,757556424568315
1774164805983,2026-03-22 07:33:25.983,69108.0,0.001,A,69.108,855501026444934
1774164805983,2026-03-22 07:33:25.983,69108.0,0.00017,A,11.748360000000002,385915578032773
1774164805983,2026-03-22 07:33:25.983,69108.0,0.00016,A,11.05728,97209276832297
1774164805983,2026-03-22 07:33:25.983,69107.0,0.00017,A,11.748190000000001,433921690003617
1774164805983,2026-03-22 07:33:25.983,69106.0,0.00017,A,11.74802,570832878020391
1774164805983,2026-03-22 07:33:25.983,69105.0,0.00022,A,15.203100000000001,727755878096046
1774164805983,2026-03-22 07:33:25.983,69105.0,0.00017,A,11.747850000000001,25897606049758
1774164805983,2026-03-22 07:33:25.983,69105.0,0.07811,A,5397.79155,1088042110463882
1774164805983,2026-03-22 07:33:25.983,69105.0,0.0404,A,2791.842,424047433005021
1774164805983,2026-03-22 07:33:25.983,69104.0,0.00016,A,11.056640000000002,757113436168872
1774164805983,2026-03-22 07:33:25.983,69104.0,0.00017,A,11.74768,399850455503407
1774164805983,2026-03-22 07:33:25.983,69104.0,0.1,A,6910.400000000001,343557436758384
1774164805983,2026-03-22 07:33:25.983,69103.0,0.00017,A,11.74751,17653523654251
1774164805983,2026-03-22 07:33:25.983,69103.0,0.08083,A,5585.59549,466061024055637
1774164805983,2026-03-22 07:33:25.983,69103.0,0.02894,A,1999.8408200000001,82148522721481
1774164805983,2026-03-22 07:33:25.983,69103.0,0.04051,A,2799.36253,310807487292936
1774164805983,2026-03-22 07:33:25.983,69103.0,0.05665,A,3914.68495,857001843693017
1774164805983,2026-03-22 07:33:25.983,69102.0,0.00237,A,163.77174000000002,122291365655707
1774164805983,2026-03-22 07:33:25.983,69102.0,0.00017,A,11.747340000000001,187033177707633
1774164805983,2026-03-22 07:33:25.983,69102.0,1.36675,A,94445.15849999999,808965427372252
1774164806088,2026-03-22 07:33:26.088,69109.0,0.00163,B,112.64766999999999,635613184143905
1774164807093,2026-03-22 07:33:27.093,69102.0,0.00017,A,11.747340000000001,537346282532379
1774164807190,2026-03-22 07:33:27.190,69103.0,0.00015,B,10.36545,67882582264692
1774164807590,2026-03-22 07:33:27.590,69103.0,0.001,B,69.103,1115134392125408
1774164807860,2026-03-22 07:33:27.860,69102.0,0.00256,A,176.90112000000002,1058838972949953
1774164809798,2026-03-22 07:33:29.798,69102.0,0.00033,A,22.80366,414051640681003
1774164809798,2026-03-22 07:33:29.798,69102.0,0.01446,A,999.21492,314571203872259
1774164809798,2026-03-22 07:33:29.798,69102.0,0.01201,A,829.91502,645412602382120
1774164810602,2026-03-22 07:33:30.602,69102.0,0.01068,A,738.00936,773965392996018
1774164811008,2026-03-22 07:33:31.008,69102.0,0.00017,A,11.747340000000001,876392106144990
1774164811008,2026-03-22 07:33:31.008,69102.0,0.00221,A,152.71542000000002,612085766841056
1774164811008,2026-03-22 07:33:31.008,69102.0,0.00029,A,20.03958,855499403060951
1774164813020,2026-03-22 07:33:33.020,69102.0,0.00339,A,234.25578,302035156613579
1774164813834,2026-03-22 07:33:33.834,69102.0,0.00259,A,178.97418,344686797934133
1774164813979,2026-03-22 07:33:33.979,69103.0,0.00018,B,12.438540000000001,893299443537226
1774164814072,2026-03-22 07:33:34.072,69102.0,0.00142,A,98.12484,973193928529569
1774164816003,2026-03-22 07:33:36.003,69103.0,0.12365,B,8544.58595,605492299942149
1774164816003,2026-03-22 07:33:36.003,69103.0,0.04049,B,2797.98047,541270987852380
1774164816003,2026-03-22 07:33:36.003,69103.0,0.01012,B,699.32236,527728377489657
1774164816003,2026-03-22 07:33:36.003,69103.0,0.06728,B,4649.24984,813194784349800
1774164816003,2026-03-22 07:33:36.003,69103.0,0.06652,B,4596.731559999999,518105809211605
1774164816003,2026-03-22 07:33:36.003,69103.0,0.00363,B,250.84389,311503808644611
1774164816003,2026-03-22 07:33:36.003,69103.0,0.07386,B,5103.94758,379049666936671
1774164816003,2026-03-22 07:33:36.003,69103.0,0.36004,B,24879.84412,791929966614740
1774164816003,2026-03-22 07:33:36.003,69103.0,0.07113,B,4915.2963899999995,471687652543327
1774164816003,2026-03-22 07:33:36.003,69103.0,0.35663,B,24644.20289,33311428395963
1774164816003,2026-03-22 07:33:36.003,69103.0,0.12363,B,8543.20389,319218675326828
1774164816003,2026-03-22 07:33:36.003,69103.0,0.05024,B,3471.73472,516326321830236
1774164816003,2026-03-22 07:33:36.003,69103.0,0.08649,B,5976.71847,1010174048199307
1774164816003,2026-03-22 07:33:36.003,69103.0,0.05449,B,3765.42247,1015089720435159
1774164816003,2026-03-22 07:33:36.003,69103.0,0.07197,B,4973.34291,966300137439629
1774164816003,2026-03-22 07:33:36.003,69103.0,0.07923,B,5475.03069,1079945123778828
1774164816482,2026-03-22 07:33:36.482,69102.0,0.00017,A,11.747340000000001,836532928156752
1774164816482,2026-03-22 07:33:36.482,69101.0,0.00016,A,11.05616,1062048997141150
1774164816482,2026-03-22 07:33:36.482,69101.0,0.00017,A,11.74717,261513670551646
1774164816482,2026-03-22 07:33:36.482,69101.0,0.00015,A,10.36515,299003459641172
1774164818018,2026-03-22 07:33:38.018,69101.0,0.00016,B,11.05616,715126645002639
1774164818162,2026-03-22 07:33:38.162,69100.0,0.00017,A,11.747000000000002,1123662309370907
1774164818162,2026-03-22 07:33:38.162,69099.0,0.00017,A,11.746830000000001,419682275089486
1774164818162,2026-03-22 07:33:38.162,69099.0,0.00017,A,11.746830000000001,966077536946239
1774164818162,2026-03-22 07:33:38.162,69098.0,0.001,A,69.098,221268027559849
1774164818162,2026-03-22 07:33:38.162,69098.0,0.001,A,69.098,48353456363940
1774164818162,2026-03-22 07:33:38.162,69098.0,0.00017,A,11.74666,915275595882141
1774164818226,2026-03-22 07:33:38.226,69097.0,0.00016,A,11.055520000000001,280807064494386
1774164818226,2026-03-22 07:33:38.226,69097.0,0.00017,A,11.746490000000001,822224197408401
1774164818226,2026-03-22 07:33:38.226,69096.0,0.001,A,69.096,1063517134733645
1774164818226,2026-03-22 07:33:38.226,69096.0,0.00316,A,218.34336,178044681721300
1774164818226,2026-03-22 07:33:38.226,69096.0,0.00017,A,11.74632,800091072138567
1774164818226,2026-03-22 07:33:38.226,69095.0,0.001,A,69.095,315265348115125
1774164818226,2026-03-22 07:33:38.226,69095.0,0.001,A,69.095,386945867979268
1774164818226,2026-03-22 07:33:38.226,69095.0,0.001,A,69.095,871008398871046
1774164818226,2026-03-22 07:33:38.226,69095.0,0.001,A,69.095,513417149289185
1774164818226,2026-03-22 07:33:38.226,69095.0,0.00017,A,11.74615,673895396385886
1774164818363,2026-03-22 07:33:38.363,69094.0,0.00015,A,10.364099999999999,565068336391637
1774164818363,2026-03-22 07:33:38.363,69094.0,0.00017,A,11.745980000000001,934806035887671
1774164818363,2026-03-22 07:33:38.363,69094.0,0.33301,A,23008.992939999996,925544508734738
1774164818363,2026-03-22 07:33:38.363,69094.0,0.00115,A,79.4581,328571137808789
1774164818363,2026-03-22 07:33:38.363,69094.0,0.25,A,17273.5,404548029347737
1774164818442,2026-03-22 07:33:38.442,69094.0,0.01584,A,1094.44896,239665651881866
1774164818641,2026-03-22 07:33:38.641,69093.0,0.00016,A,11.05488,79916109728250
1774164818641,2026-03-22 07:33:38.641,69093.0,0.00017,A,11.74581,257251810514136
1774164818975,2026-03-22 07:33:38.975,69092.0,0.01,A,690.92,640445408791488
1774164818975,2026-03-22 07:33:38.975,69092.0,0.00017,A,11.745640000000002,752462725600672
1774164818975,2026-03-22 07:33:38.975,69092.0,0.003,A,207.276,642128271591958
1774164818975,2026-03-22 07:33:38.975,69091.0,0.00017,A,11.745470000000001,933219684899683
1774164818975,2026-03-22 07:33:38.975,69090.0,0.00016,A,11.054400000000001,972768476441681
1774164818975,2026-03-22 07:33:38.975,69090.0,0.001,A,69.09,226368358135548
1774164818975,2026-03-22 07:33:38.975,69090.0,0.001,A,69.09,677583235947251
1774164818975,2026-03-22 07:33:38.975,69090.0,0.001,A,69.09,456603249218777
1774164818975,2026-03-22 07:33:38.975,69090.0,0.00017,A,11.7453,453438143818476
1774164818975,2026-03-22 07:33:38.975,69090.0,0.003,A,207.27,940445734069891
1774164818975,2026-03-22 07:33:38.975,69089.0,0.001,A,69.089,560421591184115
1774164818975,2026-03-22 07:33:38.975,69089.0,0.00015,A,10.363349999999999,870590490263965
1774164818975,2026-03-22 07:33:38.975,69089.0,0.00017,A,11.745130000000001,79367678360846
1774164819246,2026-03-22 07:33:39.246,69088.0,0.00356,A,245.95327999999998,1031651733061342
1774164819246,2026-03-22 07:33:39.246,69088.0,0.001,A,69.08800000000001,1097958852991332
1774164819246,2026-03-22 07:33:39.246,69088.0,0.00017,A,11.74496,1010405950282224
1774164819246,2026-03-22 07:33:39.246,69087.0,0.001,A,69.087,903572394206892
1774164819246,2026-03-22 07:33:39.246,69087.0,0.00017,A,11.74479,977987192745522
1774164819379,2026-03-22 07:33:39.379,69086.0,0.00016,A,11.05376,151948045601806
1774164819379,2026-03-22 07:33:39.379,69086.0,0.00022,A,15.198920000000001,677821032662879
1774164819379,2026-03-22 07:33:39.379,69086.0,0.00017,A,11.744620000000001,517490362753691
1774164819379,2026-03-22 07:33:39.379,69085.0,0.00017,A,11.74445,215999157238268
1774164819442,2026-03-22 07:33:39.442,69084.0,0.00017,A,11.744280000000002,985116313146504
1774164819442,2026-03-22 07:33:39.442,69083.0,0.00017,A,11.744110000000001,890873959069392
1774164819442,2026-03-22 07:33:39.442,69082.0,0.00016,A,11.053120000000002,1013162446731251
1774164819442,2026-03-22 07:33:39.442,69082.0,0.001,A,69.08200000000001,13122483687906
1774164819442,2026-03-22 07:33:39.442,69082.0,0.00017,A,11.74394,601701137139580
1774164819632,2026-03-22 07:33:39.632,69081.0,0.00017,A,11.743770000000001,416806138853245
1774164819632,2026-03-22 07:33:39.632,69080.0,0.00016,A,11.052800000000001,698759082281562
1774164819632,2026-03-22 07:33:39.632,69080.0,0.00017,A,11.7436,421071660310988
1774164819632,2026-03-22 07:33:39.632,69079.0,0.00038,A,26.250020000000003,187593549852345
1774164819632,2026-03-22 07:33:39.632,69079.0,0.00016,A,11.05264,938693267587587
1774164819632,2026-03-22 07:33:39.632,69079.0,0.00017,A,11.74343,172623546182490
1774164819632,2026-03-22 07:33:39.632,69078.0,0.00017,A,11.743260000000001,221008930325734
1774164819632,2026-03-22 07:33:39.632,69077.0,0.00017,A,11.74309,817485210780724
1774164819632,2026-03-22 07:33:39.632,69076.0,0.00027,A,18.65052,1069720026694562
1774164819632,2026-03-22 07:33:39.632,69076.0,0.09973,A,6888.94948,855481143459623
1774164819632,2026-03-22 07:33:39.632,69076.0,0.0775,A,5353.39,886873127913074
1774164819632,2026-03-22 07:33:39.632,69076.0,0.00017,A,11.742920000000002,684764422847053
1774164819632,2026-03-22 07:33:39.632,69075.0,0.00016,A,11.052000000000001,692004977197058
1774164819632,2026-03-22 07:33:39.632,69075.0,0.00017,A,11.742750000000001,102490420631187
1774164819899,2026-03-22 07:33:39.899,69074.0,0.00043,A,29.701819999999998,291553516062133
1774164819899,2026-03-22 07:33:39.899,69074.0,0.00072,A,49.73328,303216505843693
1774164819899,2026-03-22 07:33:39.899,69074.0,0.00017,A,11.74258,1062777824365336
1774164819899,2026-03-22 07:33:39.899,69073.0,0.00016,A,11.051680000000001,70122396456154
1774164819899,2026-03-22 07:33:39.899,69073.0,0.00017,A,11.742410000000001,58305619699677
1774164819903,2026-03-22 07:33:39.903,69070.0,0.002,A,138.14000000000001,760093022202178
1774164819903,2026-03-22 07:33:39.903,69069.0,0.00054,A,37.29726,13510579958675
1774164819903,2026-03-22 07:33:39.903,69069.0,0.00013,A,8.978969999999999,271727687966264
1774164820215,2026-03-22 07:33:40.215,69069.0,0.00233,A,160.93077,8614841823779
1774164820215,2026-03-22 07:33:40.215,69068.0,0.00016,A,11.050880000000001,102678163520788
1774164820215,2026-03-22 07:33:40.215,69067.0,0.00057,A,39.36819,721957791861280
1774164820215,2026-03-22 07:33:40.215,69064.0,0.00016,A,11.05024,734422865653019
1774164820215,2026-03-22 07:33:40.215,69064.0,0.00017,A,11.74088,50907015023936
1774164820215,2026-03-22 07:33:40.215,69063.0,0.001,A,69.063,505296503005148
1774164821060,2026-03-22 07:33:41.060,69062.0,0.00037,A,25.55294,306756936342843
1774164821262,2026-03-22 07:33:41.262,69062.0,0.00262,A,180.94244,725952296958501
1774164821262,2026-03-22 07:33:41.262,69062.0,0.00017,A,11.740540000000001,191093417462486
1774164821471,2026-03-22 07:33:41.471,69060.0,0.00016,A,11.049600000000002,12471546600538
1774164821650,2026-03-22 07:33:41.650,69058.0,0.00017,A,11.73986,99046520242670
1774164821734,2026-03-22 07:33:41.734,69059.0,0.00043,B,29.69537,72146764417235
1774164821850,2026-03-22 07:33:41.850,69059.0,0.001,B,69.059,474323395286319
1774164822948,2026-03-22 07:33:42.948,69059.0,0.00043,B,29.69537,282538223124689
1774164822948,2026-03-22 07:33:42.948,69058.0,0.00157,A,108.42106,260950185406815
1774164822948,2026-03-22 07:33:42.948,69058.0,0.00028,A,19.336239999999997,1078081121960987
1774164822948,2026-03-22 07:33:42.948,69058.0,0.00017,A,11.73986,537147147509415
1774164822948,2026-03-22 07:33:42.948,69058.0,0.00605,A,417.8009,781645587543900
1774164822948,2026-03-22 07:33:42.948,69059.0,0.03,B,2071.77,1019795735999697
1774164822948,2026-03-22 07:33:42.948,69058.0,0.00114,A,78.72612,449538219585290
1774164822948,2026-03-22 07:33:42.948,69058.0,0.01188,A,820.40904,522023162364332
1774164822948,2026-03-22 07:33:42.948,69058.0,0.07314,A,5050.90212,288976948402899
1774164822948,2026-03-22 07:33:42.948,69058.0,0.10978,A,7581.18724,364562981681707
1774164822948,2026-03-22 07:33:42.948,69058.0,0.01857,A,1282.40706,172462258741141
1774164823493,2026-03-22 07:33:43.493,69058.0,0.00028,A,19.336239999999997,232672282079431
1774164824032,2026-03-22 07:33:44.032,69058.0,0.00416,A,287.28128,504699242249127
1774164824558,2026-03-22 07:33:44.558,69058.0,0.00034,A,23.47972,342631015197462
1774164825057,2026-03-22 07:33:45.057,69059.0,0.00057,B,39.36363,704844261748189
1774164826132,2026-03-22 07:33:46.132,69058.0,0.12981,A,8964.41898,902085618234209
1774164826132,2026-03-22 07:33:46.132,69058.0,0.19011,A,13128.61638,863878304874694
1774164826132,2026-03-22 07:33:46.132,69058.0,0.17658,A,12194.261639999999,775920374457556
1774164827547,2026-03-22 07:33:47.547,69058.0,0.00196,A,135.35368,610384338236230
1774164828234,2026-03-22 07:33:48.234,69058.0,0.05,A,3452.9,507135532803079
1774164828234,2026-03-22 07:33:48.234,69058.0,0.17581,A,12141.08698,101768739218913
1774164828234,2026-03-22 07:33:48.234,69058.0,0.00499,A,344.59941999999995,944811549707577
1774164829977,2026-03-22 07:33:49.977,69058.0,0.06044,A,4173.86552,843599981194674
1774164829977,2026-03-22 07:33:49.977,69058.0,0.01188,A,820.40904,290175576566308
1774164829977,2026-03-22 07:33:49.977,69057.0,0.00016,A,11.04912,56448113928844
1774164829977,2026-03-22 07:33:49.977,69057.0,0.003,A,207.171,135209013275307
1774164829977,2026-03-22 07:33:49.977,69057.0,0.00017,A,11.739690000000001,841279640221623
1774164829977,2026-03-22 07:33:49.977,69057.0,0.00206,A,142.25742000000002,643778970893942
1774164829977,2026-03-22 07:33:49.977,69057.0,0.00634,A,437.82138000000003,385889568648522
1774164829977,2026-03-22 07:33:49.977,69056.0,0.00017,A,11.73952,124498107422126
1774164829977,2026-03-22 07:33:49.977,69055.0,0.00017,A,11.739350000000002,590900636400416
1774164829977,2026-03-22 07:33:49.977,69054.0,0.00016,A,11.04864,753869836059015
1774164829977,2026-03-22 07:33:49.977,69054.0,0.00017,A,11.739180000000001,255875194412425
1774164829977,2026-03-22 07:33:49.977,69053.0,0.00017,A,11.73901,54504545923058
1774164829977,2026-03-22 07:33:49.977,69052.0,0.00017,A,11.738840000000001,300353329726667
1774164829977,2026-03-22 07:33:49.977,69052.0,0.003,A,207.156,45604352389635
1774164829977,2026-03-22 07:33:49.977,69051.0,0.00306,A,211.29605999999998,366596526045202
1774164829977,2026-03-22 07:33:49.977,69051.0,0.00017,A,11.73867,296504026151364
1774164829977,2026-03-22 07:33:49.977,69051.0,0.00248,A,171.24648,639307777208095
1774164829977,2026-03-22 07:33:49.977,69051.0,0.00018,A,12.42918,536043657648671
1774164829977,2026-03-22 07:33:49.977,69051.0,0.1,A,6905.1,132159896716176
1774164829977,2026-03-22 07:33:49.977,69051.0,0.02896,A,1999.71696,321215882720588
1774164829977,2026-03-22 07:33:49.977,69050.0,0.1098,A,7581.69,742723800408120
1774164830358,2026-03-22 07:33:50.358,69050.0,0.00144,A,99.432,633788339155247
1774164831793,2026-03-22 07:33:51.793,69051.0,0.00138,B,95.29038,843211225589700
1774164832364,2026-03-22 07:33:52.364,69050.0,0.004,A,276.2,747546641603280
1774164832465,2026-03-22 07:33:52.465,69051.0,0.00017,B,11.73867,705839441963674
1774164832810,2026-03-22 07:33:52.810,69051.0,0.00017,A,11.73867,783117946128779
1774164833019,2026-03-22 07:33:53.019,69051.0,0.00065,A,44.88315,1086564059071082
1774164833019,2026-03-22 07:33:53.019,69051.0,0.00174,A,120.14874,377040688497176
1774164833019,2026-03-22 07:33:53.019,69053.0,0.00017,B,11.73901,533045456757389
1774164833019,2026-03-22 07:33:53.019,69054.0,0.00017,B,11.739180000000001,189729437928267
1774164833019,2026-03-22 07:33:53.019,69055.0,0.00017,B,11.739350000000002,853978870789323
1774164833019,2026-03-22 07:33:53.019,69056.0,0.00017,B,11.73952,165554501577719
1774164833019,2026-03-22 07:33:53.019,69056.0,0.003,B,207.168,794059091856583
1774164833019,2026-03-22 07:33:53.019,69056.0,0.00016,B,11.048960000000001,361637684088998
1774164833019,2026-03-22 07:33:53.019,69057.0,0.00017,B,11.739690000000001,126669966877930
1774164833791,2026-03-22 07:33:53.791,69057.0,0.0005,A,34.5285,1008515796569463
1774164833791,2026-03-22 07:33:53.791,69057.0,0.0785,A,5420.9745,569271596259540
1774164834203,2026-03-22 07:33:54.203,69058.0,0.00017,B,11.73986,269685854897495
1774164834203,2026-03-22 07:33:54.203,69058.0,0.00055,B,37.9819,289526560140691
1774164836044,2026-03-22 07:33:56.044,69054.0,0.00164,B,113.24856,1012049279105247
1774164836351,2026-03-22 07:33:56.351,69053.0,0.00017,A,11.73901,1073048577639962
1774164836454,2026-03-22 07:33:56.454,69053.0,0.0022,A,151.91660000000002,853747255645792
1774164837056,2026-03-22 07:33:57.056,69053.0,0.00017,A,11.73901,1057292727515370
1774164838277,2026-03-22 07:33:58.277,69053.0,0.1448,A,9998.8744,839395531305517
1774164840053,2026-03-22 07:34:00.053,69052.0,0.0005,A,34.526,390471612557543
1774164840353,2026-03-22 07:34:00.353,69052.0,0.01993,A,1376.20636,119599258646287
1774164841073,2026-03-22 07:34:01.073,69052.0,0.00237,A,163.65324,1044042177444708
1774164842187,2026-03-22 07:34:02.187,69053.0,0.00024,B,16.57272,134699246922244
1774164842654,2026-03-22 07:34:02.654,69052.0,0.00072,A,49.71744,1081073427585097
1774164843003,2026-03-22 07:34:03.003,69052.0,0.0034,A,234.77679999999998,902823799796015
1774164843798,2026-03-22 07:34:03.798,69052.0,0.12862,A,8881.46824,515794918268641
1774164844417,2026-03-22 07:34:04.417,69050.0,0.00212,A,146.386,547020292406107
1774164845022,2026-03-22 07:34:05.022,69050.0,0.00142,A,98.051,824954986087683
1774164845022,2026-03-22 07:34:05.022,69051.0,0.26875,B,18557.45625,588876068668560
1774164845022,2026-03-22 07:34:05.022,69051.0,0.06431,B,4440.66981,385014229291371
1774164845208,2026-03-22 07:34:05.208,69050.0,0.014,A,966.7,380456675089924
1774164845623,2026-03-22 07:34:05.623,69050.0,0.002,A,138.1,444841424849535
1774164846016,2026-03-22 07:34:06.016,69051.0,0.35,B,24167.85,41874235458938
1774164846016,2026-03-22 07:34:06.016,69051.0,0.21,B,14500.71,1021151100074559
1774164846016,2026-03-22 07:34:06.016,69051.0,0.36239,B,25023.39189,240553265949455
1774164846016,2026-03-22 07:34:06.016,69051.0,0.35,B,24167.85,424371710231484
1774164846016,2026-03-22 07:34:06.016,69051.0,0.11847,B,8180.4719700000005,583072149337932
1774164846016,2026-03-22 07:34:06.016,69051.0,0.21,B,14500.71,572803303647225
1774164846016,2026-03-22 07:34:06.016,69051.0,0.03844,B,2654.32044,734839230032973
1774164846803,2026-03-22 07:34:06.803,69050.0,0.00302,A,208.531,1068200193381862
1774164846803,2026-03-22 07:34:06.803,69051.0,0.00017,B,11.73867,298114312296019
1774164846803,2026-03-22 07:34:06.803,69051.0,0.08266,B,5707.75566,82819380089909
1774164846803,2026-03-22 07:34:06.803,69052.0,0.00015,B,10.3578,467134186326572
1774164846803,2026-03-22 07:34:06.803,69052.0,0.00017,B,11.738840000000001,95182376492459
1774164846803,2026-03-22 07:34:06.803,69053.0,0.001,B,69.053,954329423884335
1774164846803,2026-03-22 07:34:06.803,69053.0,0.00017,B,11.73901,630896231506311
1774164846803,2026-03-22 07:34:06.803,69053.0,0.00015,B,10.357949999999999,694636438817337
1774164846803,2026-03-22 07:34:06.803,69053.0,1.08632,B,75013.65496,953221947857288
1774164846803,2026-03-22 07:34:06.803,69054.0,0.00017,B,11.739180000000001,692341438151147
1774164846803,2026-03-22 07:34:06.803,69054.0,0.05665,B,3911.9091,667009473506297
1774164848040,2026-03-22 07:34:08.040,69055.0,0.00016,B,11.048800000000002,525204220492656
1774164848502,2026-03-22 07:34:08.502,69050.0,0.0055,A,379.775,362275373411677
1774164849819,2026-03-22 07:34:09.819,69050.0,0.00145,A,100.12249999999999,1049177667210562
1774164849893,2026-03-22 07:34:09.893,69051.0,0.00238,B,164.34138000000002,496585166341341
1774164849893,2026-03-22 07:34:09.893,69050.0,0.00266,A,183.673,378184386327032
1774164849893,2026-03-22 07:34:09.893,69050.0,0.0246,A,1698.63,622683505322050
1774164850967,2026-03-22 07:34:10.967,69051.0,0.00017,B,11.73867,428687509627673
1774164851030,2026-03-22 07:34:11.030,69050.0,0.00042,A,29.001,580476899679760
1774164852924,2026-03-22 07:34:12.924,69050.0,0.37658,A,26002.849000000002,189111548087275
1774164854069,2026-03-22 07:34:14.069,69050.0,0.00415,A,286.5575,869287972008788
1774164854978,2026-03-22 07:34:14.978,69051.0,0.00016,B,11.048160000000001,597412366926517
1774164855076,2026-03-22 07:34:15.076,69051.0,0.00057,B,39.359069999999996,295012300860993
1774164856706,2026-03-22 07:34:16.706,69050.0,0.01448,A,999.8439999999999,974915619401949
1774164858476,2026-03-22 07:34:18.476,69050.0,0.07241,A,4999.9105,218946889869436
1774164859694,2026-03-22 07:34:19.694,69051.0,0.02969,B,2050.12419,219114431455936
1774164859883,2026-03-22 07:34:19.883,69050.0,0.10089,A,6966.4545,520320252960513
1774164863243,2026-03-22 07:34:23.243,69051.0,0.00893,B,616.62543,837543599699120
1774164863243,2026-03-22 07:34:23.243,69051.0,0.00024,B,16.57224,11011371183440
1774164863243,2026-03-22 07:34:23.243,69052.0,0.00015,B,10.3578,566466156399628
1774164863243,2026-03-22 07:34:23.243,69052.0,0.00016,B,11.04832,916574204267289
1774164863243,2026-03-22 07:34:23.243,69053.0,0.00024,B,16.57272,724847022209961
1774164864200,2026-03-22 07:34:24.200,69053.0,0.00053,A,36.59809,834445149582963
1774164864200,2026-03-22 07:34:24.200,69053.0,0.00347,A,239.61391,521869411218085
1774164864516,2026-03-22 07:34:24.516,69053.0,0.73305,A,50619.30165,149226931845118
1774164864823,2026-03-22 07:34:24.823,69053.0,0.00017,A,11.73901,1009975377976184
1774164866014,2026-03-22 07:34:26.014,69054.0,0.00164,B,113.24856,689005644478157
1774164866257,2026-03-22 07:34:26.257,69053.0,0.0001,A,6.9053,854602276225823
1774164867012,2026-03-22 07:34:27.012,69053.0,0.00017,A,11.73901,1008579018784591
1774164868018,2026-03-22 07:34:28.018,69054.0,0.00017,B,11.739180000000001,783148753317379
1774164869224,2026-03-22 07:34:29.224,69054.0,0.00128,A,88.38912,121349164503683
1774164869224,2026-03-22 07:34:29.224,69054.0,0.00039,A,26.93106,491354716081528
1774164870931,2026-03-22 07:34:30.931,69055.0,0.0002,B,13.811,1032547980315198
1774164870931,2026-03-22 07:34:30.931,69055.0,0.00017,B,11.739350000000002,585862540282474
1774164870931,2026-03-22 07:34:30.931,69056.0,0.00017,B,11.73952,474325261823760
1774164870931,2026-03-22 07:34:30.931,69056.0,0.00016,B,11.048960000000001,627042922039142
1774164870931,2026-03-22 07:34:30.931,69056.0,0.003,B,207.168,757931884240391
1774164870931,2026-03-22 07:34:30.931,69056.0,0.00016,B,11.048960000000001,570102268102604
1774164870931,2026-03-22 07:34:30.931,69056.0,0.00015,B,10.3584,708076399685158
1774164871036,2026-03-22 07:34:31.036,69056.0,2e-05,A,1.3811200000000001,430092930922819
1774164871036,2026-03-22 07:34:31.036,69056.0,0.00236,A,162.97216,590323154198935
1774164873038,2026-03-22 07:34:33.038,69056.0,0.00339,A,234.09983999999997,175561884028873
1774164873862,2026-03-22 07:34:33.862,69057.0,0.21358,B,14749.19406,1012950681506234
1774164874102,2026-03-22 07:34:34.102,69056.0,0.00141,A,97.36896,444338645738892
1774164875289,2026-03-22 07:34:35.289,69056.0,0.01925,A,1329.328,423107762898449
1774164875766,2026-03-22 07:34:35.766,69057.0,0.00017,B,11.739690000000001,476521659350033
1774164875766,2026-03-22 07:34:35.766,69057.0,0.02053,B,1417.74021,541239191002310
1774164876114,2026-03-22 07:34:36.114,69057.0,0.05947,B,4106.8197900000005,913090218961064
1774164876114,2026-03-22 07:34:36.114,69058.0,0.00017,B,11.73986,950593500782281
1774164876114,2026-03-22 07:34:36.114,69058.0,0.00234,B,161.59572,878224047390421
1774164876114,2026-03-22 07:34:36.114,69058.0,0.00015,B,10.358699999999999,1012234881766369
1774164876114,2026-03-22 07:34:36.114,69058.0,1.08625,B,75014.2525,524107038440792
1774164876114,2026-03-22 07:34:36.114,69059.0,0.00016,B,11.04944,123469294503676
1774164876114,2026-03-22 07:34:36.114,69059.0,0.00017,B,11.74003,469360037927759
1774164876114,2026-03-22 07:34:36.114,69059.0,0.39794,B,27481.338460000003,187518333243095
1774164876114,2026-03-22 07:34:36.114,69059.0,0.09275,B,6405.22225,655097751217340
1774164876114,2026-03-22 07:34:36.114,69059.0,0.001,B,69.059,406953195217970
1774164878329,2026-03-22 07:34:38.329,69058.0,0.001,A,69.058,323925638147765
1774164878329,2026-03-22 07:34:38.329,69059.0,0.00017,B,11.74003,950222578061191
1774164878329,2026-03-22 07:34:38.329,69060.0,0.00017,B,11.740200000000002,208176258012237
1774164878329,2026-03-22 07:34:38.329,69060.0,0.00015,B,10.358999999999998,179949798618132
1774164878329,2026-03-22 07:34:38.329,69061.0,0.00017,B,11.74037,553604177318914
1774164878329,2026-03-22 07:34:38.329,69061.0,0.00021,B,14.50281,187875306873839
1774164878524,2026-03-22 07:34:38.524,69060.0,0.004,A,276.24,16817995751131
1774164878658,2026-03-22 07:34:38.658,69061.0,0.00279,B,192.68019,211233348210632
1774164878658,2026-03-22 07:34:38.658,69062.0,0.00017,B,11.740540000000001,1104784580424310
1774164878658,2026-03-22 07:34:38.658,69062.0,0.00015,B,10.3593,1102288170630572
1774164880871,2026-03-22 07:34:40.871,69062.0,0.00194,A,133.98028,526157407706906
1774164880871,2026-03-22 07:34:40.871,69062.0,0.19806,A,13678.419720000002,1018769142252166
1774164881071,2026-03-22 07:34:41.071,69062.0,0.00039,A,26.934179999999998,437351922357327
1774164882553,2026-03-22 07:34:42.553,69064.0,0.00017,B,11.74088,785486729354009
1774164882553,2026-03-22 07:34:42.553,69064.0,0.0002,B,13.812800000000001,674741445250306
1774164882907,2026-03-22 07:34:42.907,69064.0,0.00025,A,17.266000000000002,715896874765505
1774164883913,2026-03-22 07:34:43.913,69065.0,0.00017,B,11.741050000000001,761334548649805
1774164883913,2026-03-22 07:34:43.913,69065.0,0.00876,B,605.0094,903403502399977
1774164884106,2026-03-22 07:34:44.106,69064.0,0.00416,A,287.30624,63902937865733
1774164885041,2026-03-22 07:34:45.041,69065.0,0.00056,B,38.676399999999994,332124050477526
1774164885441,2026-03-22 07:34:45.441,69065.0,0.68917,B,47597.52604999999,283587902148768
1774164886858,2026-03-22 07:34:46.858,69064.0,7e-05,A,4.834479999999999,464154883244851
1774164887370,2026-03-22 07:34:47.370,69065.0,0.00017,B,11.741050000000001,608329811629442
1774164887370,2026-03-22 07:34:47.370,69065.0,0.00145,B,100.14425,364219522510741
1774164887370,2026-03-22 07:34:47.370,69065.0,0.00145,B,100.14425,75025063214380
1774164887677,2026-03-22 07:34:47.677,69066.0,0.00017,B,11.74122,674469365352607
1774164887677,2026-03-22 07:34:47.677,69067.0,0.00017,B,11.74139,87128249348129
1774164887677,2026-03-22 07:34:47.677,69068.0,0.00017,B,11.741560000000002,23991331568626
1774164887677,2026-03-22 07:34:47.677,69069.0,0.00017,B,11.74173,434314775244161
1774164888672,2026-03-22 07:34:48.672,69070.0,0.0022,B,151.954,891424408873890
1774164888672,2026-03-22 07:34:48.672,69070.0,0.004,B,276.28000000000003,288339288074268
1774164888672,2026-03-22 07:34:48.672,69070.0,0.18684,B,12905.0388,79064736288473
1774164888672,2026-03-22 07:34:48.672,69070.0,0.00017,B,11.741900000000001,487894043389538
1774164888672,2026-03-22 07:34:48.672,69070.0,0.00145,B,100.1515,63729797629514
1774164888672,2026-03-22 07:34:48.672,69070.0,0.00145,B,100.1515,519109097606234
1774164888672,2026-03-22 07:34:48.672,69070.0,0.00145,B,100.1515,138803963070327
1774164888672,2026-03-22 07:34:48.672,69070.0,0.00145,B,100.1515,1545536085615
1774164888672,2026-03-22 07:34:48.672,69071.0,0.00017,B,11.74207,945767203478691
1774164888672,2026-03-22 07:34:48.672,69072.0,0.00017,B,11.74224,939723410167492
1774164888672,2026-03-22 07:34:48.672,69072.0,0.03765,B,2600.5608,989253997830846
1774164890873,2026-03-22 07:34:50.873,69071.0,0.00028,A,19.339879999999997,627916006478919
1774164891176,2026-03-22 07:34:51.176,69071.0,0.0008,A,55.256800000000005,707031949251572
1774164891278,2026-03-22 07:34:51.278,69072.0,0.00144,B,99.46368000000001,108370068620033
1774164892476,2026-03-22 07:34:52.476,69071.0,0.00072,A,49.731120000000004,885732218208084
1774164896034,2026-03-22 07:34:56.034,69072.0,0.00164,B,113.27808,556050937748538
1774164897041,2026-03-22 07:34:57.041,69071.0,0.00017,A,11.74207,919462288583980
1774164897325,2026-03-22 07:34:57.325,69071.0,0.01768,A,1221.1752800000002,27239229282320
1774164897644,2026-03-22 07:34:57.644,69072.0,7e-05,B,4.835039999999999,419489418959810
1774164898386,2026-03-22 07:34:58.386,69072.0,0.00017,B,11.74224,1027469958218162
1774164898386,2026-03-22 07:34:58.386,69072.0,0.00015,B,10.3608,262872124584906
1774164898386,2026-03-22 07:34:58.386,69072.0,0.00015,B,10.3608,1006113695818495
1774164898386,2026-03-22 07:34:58.386,69072.0,0.00015,B,10.3608,1035657535328110
1774164898449,2026-03-22 07:34:58.449,69073.0,0.00017,B,11.742410000000001,1065836757234436
1774164898449,2026-03-22 07:34:58.449,69073.0,0.003,B,207.219,887585235880618
1774164898449,2026-03-22 07:34:58.449,69074.0,0.00072,B,49.73328,567182582711049
1774164898449,2026-03-22 07:34:58.449,69074.0,0.00017,B,11.74258,1107452013773553
1774164898449,2026-03-22 07:34:58.449,69074.0,0.00017,B,11.74258,141544462449320
1774164898968,2026-03-22 07:34:58.968,69075.0,0.00017,B,11.742750000000001,1074746677320462
1774164898968,2026-03-22 07:34:58.968,69076.0,0.00017,B,11.742920000000002,214984050172458
1774164898968,2026-03-22 07:34:58.968,69077.0,0.00017,B,11.74309,199426954760153
1774164899749,2026-03-22 07:34:59.749,69077.0,0.00423,A,292.19571,858549321974300
1774164900478,2026-03-22 07:35:00.478,69079.0,0.00022,B,15.19738,28944230074304
1774164900478,2026-03-22 07:35:00.478,69079.0,0.00017,B,11.74343,471913746105545
1774164900478,2026-03-22 07:35:00.478,69079.0,0.0002,B,13.815800000000001,570363155941889
1774164900478,2026-03-22 07:35:00.478,69080.0,0.00017,B,11.7436,155942898034205
1774164900478,2026-03-22 07:35:00.478,69080.0,0.003,B,207.24,887564565311607
1774164900478,2026-03-22 07:35:00.478,69081.0,0.00017,B,11.743770000000001,142529416346392
1774164900478,2026-03-22 07:35:00.478,69082.0,0.00016,B,11.053120000000002,204371488709757
1774164900732,2026-03-22 07:35:00.732,69081.0,0.00302,A,208.62462000000002,447602835739969
1774164901027,2026-03-22 07:35:01.027,69081.0,0.00238,A,164.41278,165810707089519
1774164902502,2026-03-22 07:35:02.502,69080.0,0.01464,A,1011.3312,243404654936040
1774164903040,2026-03-22 07:35:03.040,69080.0,0.00339,A,234.1812,1013035757482130
1774164903193,2026-03-22 07:35:03.193,69081.0,0.0005,B,34.5405,1093788951709095
1774164904049,2026-03-22 07:35:04.049,69080.0,0.00142,A,98.09360000000001,1094768142029572
1774164904330,2026-03-22 07:35:04.330,69082.0,1e-05,B,0.6908200000000001,404308490305887
1774164904330,2026-03-22 07:35:04.330,69082.0,0.0002,B,13.8164,1035848011509772
1774164904330,2026-03-22 07:35:04.330,69083.0,0.00017,B,11.744110000000001,309962013913200
1774164904330,2026-03-22 07:35:04.330,69084.0,0.00017,B,11.744280000000002,240333112927004
1774164904330,2026-03-22 07:35:04.330,69084.0,0.00015,B,10.362599999999999,249272412691462
1774164904330,2026-03-22 07:35:04.330,69084.0,0.00075,B,51.813,780961947699448
1774164905181,2026-03-22 07:35:05.181,69083.0,0.00034,A,23.488220000000002,318106823723984
1774164906078,2026-03-22 07:35:06.078,69084.0,0.39382,B,27206.66088,287604701425156
1774164906078,2026-03-22 07:35:06.078,69084.0,0.00017,B,11.744280000000002,1017661712920473
1774164906078,2026-03-22 07:35:06.078,69084.0,1.24531,B,86030.99604,422137625812455
1774164908001,2026-03-22 07:35:08.001,69085.0,0.00016,B,11.053600000000001,495647493035766
1774164908818,2026-03-22 07:35:08.818,69084.0,0.00043,A,29.70612,427935061552152
1774164910612,2026-03-22 07:35:10.612,69084.0,0.13644,A,9425.820960000001,1116140228709502
1774164910612,2026-03-22 07:35:10.612,69084.0,0.09186,A,6346.05624,226566227083130
1774164911030,2026-03-22 07:35:11.030,69084.0,0.00037,A,25.56108,1062294674914111
1774164911449,2026-03-22 07:35:11.449,69085.0,0.00017,B,11.74445,992903356441577
1774164911449,2026-03-22 07:35:11.449,69085.0,0.00289,B,199.65565,791663690272330
1774164913330,2026-03-22 07:35:13.330,69086.0,0.00017,B,11.744620000000001,367150081815775
1774164913330,2026-03-22 07:35:13.330,69086.0,0.05665,B,3913.7219,305864720420925
1774164913330,2026-03-22 07:35:13.330,69086.0,0.13737,B,9490.34382,346815602974410
1774164913330,2026-03-22 07:35:13.330,69086.0,0.03411,B,2356.52346,52035736401653
1774164913719,2026-03-22 07:35:13.719,69086.0,0.00205,B,141.62630000000001,800646055367441
1774164914042,2026-03-22 07:35:14.042,69085.0,2e-05,A,1.3817000000000002,277443876084759
1774164914042,2026-03-22 07:35:14.042,69085.0,0.00414,A,286.01189999999997,67636920595238
1774164914042,2026-03-22 07:35:14.042,69086.0,0.01545,B,1067.3787,521586605098213
1774164914533,2026-03-22 07:35:14.533,69085.0,0.004,A,276.34000000000003,238710508575699
1774164914768,2026-03-22 07:35:14.768,69085.0,0.0022,A,151.98700000000002,634177773145538
1774164915047,2026-03-22 07:35:15.047,69086.0,0.00057,B,39.37902,809837591390167
1774164915335,2026-03-22 07:35:15.335,69085.0,0.13985,A,9661.53725,184323851437868
1774164916861,2026-03-22 07:35:16.861,69086.0,0.0022,B,151.9892,220696544810376
1774164916861,2026-03-22 07:35:16.861,69086.0,0.004,B,276.344,128410572125147
1774164917426,2026-03-22 07:35:17.426,69086.0,0.00017,B,11.744620000000001,778254457024551
1774164917426,2026-03-22 07:35:17.426,69087.0,5e-05,B,3.4543500000000003,519851077483664
1774164918129,2026-03-22 07:35:18.129,69088.0,0.00017,B,11.74496,220717834735872
1774164918129,2026-03-22 07:35:18.129,69088.0,0.0002,B,13.8176,44443222819584
1774164918329,2026-03-22 07:35:18.329,69089.0,0.00017,B,11.745130000000001,1051565170755211
1774164918329,2026-03-22 07:35:18.329,69089.0,0.00016,B,11.05424,1005893109474498
1774164919958,2026-03-22 07:35:19.958,69090.0,0.00087,A,60.1083,951824303137356
1774164919958,2026-03-22 07:35:19.958,69091.0,0.00017,B,11.745470000000001,917504142359645
1774164919958,2026-03-22 07:35:19.958,69091.0,0.0002,B,13.818200000000001,1017996841116758
1774164919958,2026-03-22 07:35:19.958,69091.0,0.00252,B,174.10932,229886701836002
1774164920332,2026-03-22 07:35:20.332,69091.0,0.00145,B,100.18194999999999,645916715107106
1774164920665,2026-03-22 07:35:20.665,69090.0,0.00028,A,19.3452,592497881872450
1774164922362,2026-03-22 07:35:22.362,69091.0,0.34708,B,23980.10428,647088519649380
1774164923772,2026-03-22 07:35:23.772,69090.0,0.01525,A,1053.6225,134779806622781
1774164926104,2026-03-22 07:35:26.104,69091.0,0.00017,B,11.745470000000001,618397462538454
1774164926104,2026-03-22 07:35:26.104,69091.0,0.00147,B,101.56376999999999,494770414772108
1774164926552,2026-03-22 07:35:26.552,69090.0,0.01525,A,1053.6225,848238929818493
1774164927009,2026-03-22 07:35:27.009,69090.0,0.00017,A,11.7453,399839128838950
1774164929202,2026-03-22 07:35:29.202,69091.0,0.03615,B,2497.63965,555323622361357
1774164931054,2026-03-22 07:35:31.054,69090.0,0.00238,A,164.4342,60995790810175
1774164931172,2026-03-22 07:35:31.172,69092.0,0.00017,B,11.745640000000002,623804383410715
1774164931172,2026-03-22 07:35:31.172,69092.0,0.0002,B,13.8184,534717302321766
1774164931172,2026-03-22 07:35:31.172,69093.0,0.00017,B,11.74581,544251408943339
1774164931172,2026-03-22 07:35:31.172,69093.0,0.00016,B,11.05488,14644451104976
1774164931172,2026-03-22 07:35:31.172,69094.0,0.00017,B,11.745980000000001,464641113100292
1774164931172,2026-03-22 07:35:31.172,69094.0,0.003,B,207.282,48661401562855
1774164931172,2026-03-22 07:35:31.172,69095.0,0.00017,B,11.74615,121400982403968
1774164931172,2026-03-22 07:35:31.172,69095.0,0.01012,B,699.2414,901653334870555
1774164931172,2026-03-22 07:35:31.172,69096.0,0.00017,B,11.74632,782413779668821
1774164931172,2026-03-22 07:35:31.172,69096.0,0.00032,B,22.11072,515544194533325
1774164931172,2026-03-22 07:35:31.172,69096.0,0.02894,B,1999.63824,595248980137192
1774164931172,2026-03-22 07:35:31.172,69096.0,0.001,B,69.096,576853967650738
1774164931172,2026-03-22 07:35:31.172,69096.0,0.00016,B,11.05536,348048192520899
1774164931172,2026-03-22 07:35:31.172,69096.0,0.00876,B,605.28096,482550716924138
1774164931255,2026-03-22 07:35:31.255,69096.0,0.00016,B,11.05536,802185793139878
1774164932260,2026-03-22 07:35:32.260,69096.0,0.00027,B,18.655920000000002,15151423604698
1774164932378,2026-03-22 07:35:32.378,69096.0,0.00273,B,188.63207999999997,565547709409336
1774164932574,2026-03-22 07:35:32.574,69098.0,0.00017,B,11.74666,671442082471041
1774164932865,2026-03-22 07:35:32.865,69099.0,0.00017,B,11.746830000000001,363326931390665
1774164932865,2026-03-22 07:35:32.865,69100.0,0.00016,B,11.056000000000001,504526852704978
1774164932865,2026-03-22 07:35:32.865,69100.0,0.00017,B,11.747000000000002,35391757648536
1774164933066,2026-03-22 07:35:33.066,69100.0,0.00319,A,220.429,822991809761455
1774164933066,2026-03-22 07:35:33.066,69100.0,0.00021,A,14.511000000000001,471514342626529
1774164933339,2026-03-22 07:35:33.339,69101.0,0.01188,B,820.91988,445219689949047
1774164933339,2026-03-22 07:35:33.339,69101.0,0.003,B,207.303,426169459204171
1774164933339,2026-03-22 07:35:33.339,69102.0,0.00017,B,11.747340000000001,298580970089768
1774164933339,2026-03-22 07:35:33.339,69102.0,0.00022,B,15.202440000000001,742750956509328
1774164933339,2026-03-22 07:35:33.339,69103.0,0.00016,B,11.05648,986694152291006
1774164933339,2026-03-22 07:35:33.339,69103.0,0.00017,B,11.74751,916234537270600
1774164933339,2026-03-22 07:35:33.339,69104.0,0.00043,B,29.71472,340832921177606
1774164933339,2026-03-22 07:35:33.339,69104.0,0.00017,B,11.74768,296735138369560
1774164933339,2026-03-22 07:35:33.339,69105.0,0.00017,B,11.747850000000001,568580255434998
1774164933339,2026-03-22 07:35:33.339,69105.0,0.05628,B,3889.2293999999997,322351597022948
1774164933397,2026-03-22 07:35:33.397,69106.0,0.00051,B,35.244060000000005,158777630970884
1774164934190,2026-03-22 07:35:34.190,69104.0,0.00015,A,10.365599999999999,703368320196876
1774164934190,2026-03-22 07:35:34.190,69101.0,0.06487,A,4482.58187,379366540419832
1774164934364,2026-03-22 07:35:34.364,69097.0,0.00016,A,11.055520000000001,854531802165850
1774164934364,2026-03-22 07:35:34.364,69095.0,0.003,A,207.285,744761289875825
1774164934364,2026-03-22 07:35:34.364,69095.0,0.001,A,69.095,1053849036617149
1774164935078,2026-03-22 07:35:35.078,69093.0,0.00016,A,11.05488,653976635094659
1774164935078,2026-03-22 07:35:35.078,69092.0,0.00015,A,10.3638,736184987495134
1774164935078,2026-03-22 07:35:35.078,69090.0,0.00016,A,11.054400000000001,714334836557542
1774164935078,2026-03-22 07:35:35.078,69090.0,0.00095,A,65.6355,611167965304082
1774164935078,2026-03-22 07:35:35.078,69091.0,0.00029,B,20.03639,195249605282522
1774164935333,2026-03-22 07:35:35.333,69090.0,0.00205,A,141.6345,562965831289845
1774164935333,2026-03-22 07:35:35.333,69090.0,0.00015,A,10.363499999999998,1044323183582333
1774164935333,2026-03-22 07:35:35.333,69090.0,0.00114,A,78.76259999999999,316067668480899
1774164935397,2026-03-22 07:35:35.397,69090.0,0.00017,A,11.7453,669329340877828
1774164936083,2026-03-22 07:35:36.083,69091.0,0.20508,B,14169.18228,1004931490417044
1774164936083,2026-03-22 07:35:36.083,69091.0,0.14683,B,10144.631529999999,448140321552143
1774164936083,2026-03-22 07:35:36.083,69091.0,0.35767,B,24711.77797,869528746432367
1774164936083,2026-03-22 07:35:36.083,69091.0,0.12128,B,8379.35648,1112659040183837
1774164936083,2026-03-22 07:35:36.083,69091.0,0.08013,B,5536.26183,632708794456169
1774164936083,2026-03-22 07:35:36.083,69091.0,0.12395,B,8563.829450000001,262127099160737
1774164936083,2026-03-22 07:35:36.083,69091.0,0.06139,B,4241.49649,1094378753161206
1774164936083,2026-03-22 07:35:36.083,69091.0,0.42,B,29018.219999999998,538968209217532
1774164936083,2026-03-22 07:35:36.083,69091.0,0.12297,B,8496.12027,141842814082776
1774164937246,2026-03-22 07:35:37.246,69090.0,0.00034,A,23.4906,825222316886379
1774164937453,2026-03-22 07:35:37.453,69090.0,0.00603,A,416.61269999999996,90695208957185
1774164938004,2026-03-22 07:35:38.004,69091.0,0.00016,B,11.05456,302014480386322
1774164939007,2026-03-22 07:35:39.007,69090.0,0.0022,A,151.99800000000002,1011142144931912
1774164939268,2026-03-22 07:35:39.268,69090.0,0.06462,A,4464.5958,416985964858994
1774164939268,2026-03-22 07:35:39.268,69090.0,0.0502,A,3468.318,296663955912925
1774164939268,2026-03-22 07:35:39.268,69090.0,0.11148,A,7702.1532,562805375908496
1774164939342,2026-03-22 07:35:39.342,69090.0,0.004,A,276.36,854485685822798
1774164941015,2026-03-22 07:35:41.015,69090.0,0.00033,A,22.7997,391250053012168
1774164941129,2026-03-22 07:35:41.129,69091.0,0.0022,B,152.0002,603548993849348
1774164941129,2026-03-22 07:35:41.129,69091.0,0.004,B,276.36400000000003,158975879661160
1774164941129,2026-03-22 07:35:41.129,69091.0,0.09017,B,6229.93547,489768247447577
1774164941129,2026-03-22 07:35:41.129,69091.0,0.13613,B,9405.35783,251514766977979
1774164943730,2026-03-22 07:35:43.730,69090.0,0.00028,A,19.3452,655662968415256
1774164944038,2026-03-22 07:35:44.038,69090.0,0.00416,A,287.4144,767884936991190
1774164945046,2026-03-22 07:35:45.046,69091.0,0.00056,B,38.69096,31065756543980
1774164947812,2026-03-22 07:35:47.812,69090.0,0.00022,A,15.1998,700779229295317
1774164949503,2026-03-22 07:35:49.503,69090.0,0.00071,A,49.0539,951796214521141
1774164954522,2026-03-22 07:35:54.522,69091.0,0.00382,B,263.92762,180171027068601
1774164954731,2026-03-22 07:35:54.731,69090.0,0.0008,A,55.272000000000006,745718400301257
1774164956046,2026-03-22 07:35:56.046,69091.0,0.00164,B,113.30924,1018925734463052
1774164957752,2026-03-22 07:35:57.752,69090.0,0.00028,A,19.3452,500612642960755
1774164957752,2026-03-22 07:35:57.752,69090.0,0.00022,A,15.1998,975974030992887
1774164959695,2026-03-22 07:35:59.695,69091.0,0.00017,B,11.745470000000001,1029770924044941
1774164959896,2026-03-22 07:35:59.896,69091.0,0.0207,B,1430.1837,956083993519526
1774164961030,2026-03-22 07:36:01.030,69090.0,0.00016,A,11.054400000000001,82606125350887
1774164961030,2026-03-22 07:36:01.030,69090.0,0.00018,A,12.436200000000001,921102037663277
1774164961030,2026-03-22 07:36:01.030,69090.0,0.00204,A,140.9436,58850141777570
1774164963035,2026-03-22 07:36:03.035,69089.0,0.00339,A,234.21170999999998,21830681788849
1774164963743,2026-03-22 07:36:03.743,69090.0,0.0056,B,386.904,436298870097778
1774164964047,2026-03-22 07:36:04.047,69089.0,0.00142,A,98.10638,592004722159458
1774164966008,2026-03-22 07:36:06.008,69090.0,0.18293,B,12638.6337,136494684421174
1774164966008,2026-03-22 07:36:06.008,69090.0,0.01936,B,1337.5824,97540032764516
1774164966008,2026-03-22 07:36:06.008,69090.0,0.15219,B,10514.8071,4583955705834
1774164966008,2026-03-22 07:36:06.008,69090.0,0.10842,B,7490.7378,1026464355664174
1774164966008,2026-03-22 07:36:06.008,69090.0,0.08426,B,5821.5234,501839812601496
1774164966008,2026-03-22 07:36:06.008,69090.0,0.12,B,8290.8,947485577422299
1774164966008,2026-03-22 07:36:06.008,69090.0,0.11044,B,7630.299599999999,1108113282995668
1774164966008,2026-03-22 07:36:06.008,69090.0,0.0464,B,3205.776,846803672570207
1774164966008,2026-03-22 07:36:06.008,69090.0,0.10231,B,7068.5979,32289896119568
1774164966008,2026-03-22 07:36:06.008,69090.0,0.07192,B,4968.9528,624191033932128
1774164966008,2026-03-22 07:36:06.008,69090.0,0.12,B,8290.8,557641829545964
1774164966008,2026-03-22 07:36:06.008,69090.0,0.12,B,8290.8,348534191702291
1774164966008,2026-03-22 07:36:06.008,69090.0,0.05426,B,3748.8234,656593326815038
1774164966008,2026-03-22 07:36:06.008,69090.0,0.12,B,8290.8,407142000884145
1774164966008,2026-03-22 07:36:06.008,69090.0,0.0463,B,3198.867,551379781675089
1774164966008,2026-03-22 07:36:06.008,69090.0,0.10855,B,7499.719499999999,333534167518080
1774164966008,2026-03-22 07:36:06.008,69090.0,0.07206,B,4978.6254,1029732116255088
1774164966954,2026-03-22 07:36:06.954,69089.0,0.00019,A,13.12691,505824401221243
1774164966954,2026-03-22 07:36:06.954,69089.0,0.00348,A,240.42972,417943117692135
1774164968039,2026-03-22 07:36:08.039,69090.0,0.00016,B,11.054400000000001,363084678194988
1774164968251,2026-03-22 07:36:08.251,69089.0,0.00026,A,17.96314,984183695785561
1774164968251,2026-03-22 07:36:08.251,69089.0,0.00017,A,11.745130000000001,622669954570850
1774164969154,2026-03-22 07:36:09.154,69088.0,0.00033,A,22.79904,72565418413087
1774164969154,2026-03-22 07:36:09.154,69088.0,0.00018,A,12.43584,203114420137539
1774164969154,2026-03-22 07:36:09.154,69088.0,0.22379,A,15461.20352,376726374135138
1774164969212,2026-03-22 07:36:09.212,69089.0,0.00102,B,70.47078,969499690743772
1774164969212,2026-03-22 07:36:09.212,69089.0,0.22328,B,15426.191920000001,1062987234857279
1774164970244,2026-03-22 07:36:10.244,69088.0,0.2,A,13817.6,792889680980996
1774164970244,2026-03-22 07:36:10.244,69088.0,0.74638,A,51565.90144,781865944280668
1774164970365,2026-03-22 07:36:10.365,69087.0,0.003,A,207.261,431573796540626
1774164970365,2026-03-22 07:36:10.365,69087.0,0.00015,A,10.36305,451078354649659
1774164970365,2026-03-22 07:36:10.365,69087.0,0.00018,A,12.43566,297732423715004
1774164970365,2026-03-22 07:36:10.365,69086.0,0.00016,A,11.05376,674347284405939
1774164970365,2026-03-22 07:36:10.365,69086.0,0.00043,A,29.706979999999998,523905305923123
1774164970365,2026-03-22 07:36:10.365,69086.0,0.00015,A,10.3629,781258030584365
1774164970365,2026-03-22 07:36:10.365,69086.0,0.00015,A,10.3629,920701251171341
1774164971060,2026-03-22 07:36:11.060,69084.0,0.0004,A,27.6336,939895468135650
1774164971060,2026-03-22 07:36:11.060,69084.0,0.00237,A,163.72908,430120499137094
1774164971060,2026-03-22 07:36:11.060,69082.0,0.00016,A,11.053120000000002,886892759161274
1774164971060,2026-03-22 07:36:11.060,69081.0,0.00027,A,18.65187,145807931691767
1774164971060,2026-03-22 07:36:11.060,69080.0,0.003,A,207.24,175656178698390
1774164971060,2026-03-22 07:36:11.060,69079.0,0.00016,A,11.05264,687828819826012
1774164971060,2026-03-22 07:36:11.060,69079.0,0.00015,A,10.361849999999999,1049113096142052
1774164971158,2026-03-22 07:36:11.158,69078.0,0.00852,A,588.5445599999999,459114925395220
1774164971158,2026-03-22 07:36:11.158,69078.0,0.003,A,207.234,122254335272783
1774164971158,2026-03-22 07:36:11.158,69077.0,0.00053,A,36.61081,181318291469433
1774164971158,2026-03-22 07:36:11.158,69076.0,0.00242,A,167.16392,1082135744172143
1774164972028,2026-03-22 07:36:12.028,69076.0,0.05423,A,3745.99148,450632883066365
1774164972028,2026-03-22 07:36:12.028,69076.0,0.07462,A,5154.451120000001,492469436393124
1774164973658,2026-03-22 07:36:13.658,69077.0,0.00016,B,11.052320000000002,325426942871570
1774164973658,2026-03-22 07:36:13.658,69077.0,0.00015,B,10.36155,340638297654130
1774164974058,2026-03-22 07:36:14.058,69076.0,0.00416,A,287.35616,514561998757782
1774164974964,2026-03-22 07:36:14.964,69076.0,0.004,A,276.30400000000003,661280508036316
1774164975071,2026-03-22 07:36:15.071,69077.0,0.00057,B,39.373889999999996,929199043395284
1774164975071,2026-03-22 07:36:15.071,69076.0,0.0022,A,151.96720000000002,145039932193828
1774164976365,2026-03-22 07:36:16.365,69077.0,0.0022,B,151.9694,853750877594927
1774164976365,2026-03-22 07:36:16.365,69077.0,0.004,B,276.308,379567679582460
1774164980909,2026-03-22 07:36:20.909,69076.0,0.09213,A,6363.97188,779813931740853
1774164981712,2026-03-22 07:36:21.712,69076.0,0.01525,A,1053.4089999999999,1016811975237026
1774164982903,2026-03-22 07:36:22.903,69076.0,0.15677,A,10829.04452,985111917742868
1774164982903,2026-03-22 07:36:22.903,69076.0,0.06563,A,4533.45788,1047158426356262
1774164985510,2026-03-22 07:36:25.510,69077.0,0.11813,B,8160.06601,700081443182263
1774164985510,2026-03-22 07:36:25.510,69077.0,0.04682,B,3234.18514,998833362376247
1774164985510,2026-03-22 07:36:25.510,69077.0,0.05745,B,3968.47365,453948722000779
1774164986035,2026-03-22 07:36:26.035,69076.0,0.00164,B,113.28464,786179866843295
1774164986035,2026-03-22 07:36:26.035,69075.0,0.00016,A,11.052000000000001,405918506365439
1774164986035,2026-03-22 07:36:26.035,69075.0,0.00715,A,493.88625,413636593522720
1774164986237,2026-03-22 07:36:26.237,69075.0,0.00731,A,504.93825,1072566375209955
1774164987053,2026-03-22 07:36:27.053,69075.0,0.00017,A,11.742750000000001,870042229938153
1774164987756,2026-03-22 07:36:27.756,69075.0,0.00087,A,60.09525,258040876056383
1774164988587,2026-03-22 07:36:28.587,69075.0,0.01525,A,1053.39375,171222560897719
1774164988853,2026-03-22 07:36:28.853,69075.0,0.00016,A,11.052000000000001,536747178073827
1774164989853,2026-03-22 07:36:29.853,69073.0,0.00025,A,17.268250000000002,680498815099881
1774164989853,2026-03-22 07:36:29.853,69071.0,0.00016,A,11.05136,333268240041032
1774164989943,2026-03-22 07:36:29.943,69069.0,0.00116,A,80.12004,975825119786608
1774164989943,2026-03-22 07:36:29.943,69068.0,0.00016,A,11.050880000000001,1023078104905625
1774164989943,2026-03-22 07:36:29.943,69068.0,0.00015,A,10.360199999999999,49278951418343
1774164989943,2026-03-22 07:36:29.943,69066.0,0.003,A,207.198,1080514843205036
1774164989943,2026-03-22 07:36:29.943,69066.0,0.04395,A,3035.4507000000003,651102933353766
1774164989943,2026-03-22 07:36:29.943,69065.0,0.01188,A,820.4922,682628162642432
1774164989943,2026-03-22 07:36:29.943,69065.0,0.003,A,207.195,303761830172644
1774164989943,2026-03-22 07:36:29.943,69064.0,0.00016,A,11.05024,770682613535178
1774164989943,2026-03-22 07:36:29.943,69064.0,0.00634,A,437.86576,603114442943899
1774164989943,2026-03-22 07:36:29.943,69064.0,0.00258,A,178.18511999999998,1042657865437594
1774164991059,2026-03-22 07:36:31.059,69064.0,0.00017,A,11.74088,437687750182457
1774164991059,2026-03-22 07:36:31.059,69064.0,0.0022,A,151.9408,653828767779320
1774164991155,2026-03-22 07:36:31.155,69064.0,0.00145,A,100.1428,29899511289900
1774164991155,2026-03-22 07:36:31.155,69064.0,0.00145,A,100.1428,313970889775006
1774164993018,2026-03-22 07:36:33.018,69064.0,0.00339,A,234.12696,875775591080250
1774164994094,2026-03-22 07:36:34.094,69064.0,0.00142,A,98.07088,178206050765413
1774164994399,2026-03-22 07:36:34.399,69065.0,0.00036,B,24.863400000000002,776786935373343
1774164994399,2026-03-22 07:36:34.399,69065.0,0.00145,B,100.14425,387293991646743
1774164994399,2026-03-22 07:36:34.399,69065.0,0.00015,B,10.359749999999998,1066828448320635
1774164994399,2026-03-22 07:36:34.399,69065.0,0.00036,B,24.863400000000002,709841133567467
1774164994399,2026-03-22 07:36:34.399,69065.0,0.00145,B,100.14425,696127592566320
1774164994399,2026-03-22 07:36:34.399,69065.0,0.00017,B,11.741050000000001,932791668882374
1774164994399,2026-03-22 07:36:34.399,69066.0,0.00015,B,10.3599,139560278019163
1774164994399,2026-03-22 07:36:34.399,69066.0,0.00017,B,11.74122,79839569919093
1774164994992,2026-03-22 07:36:34.992,69068.0,0.00017,B,11.741560000000002,483191207129863
1774164994992,2026-03-22 07:36:34.992,69069.0,0.00017,B,11.74173,26626479469190
1774164994992,2026-03-22 07:36:34.992,69070.0,0.003,B,207.21,1023391611656185
1774164994992,2026-03-22 07:36:34.992,69070.0,0.00016,B,11.051200000000001,1068926906996606
1774164994992,2026-03-22 07:36:34.992,69070.0,0.00017,B,11.741900000000001,390414237246567
1774164994992,2026-03-22 07:36:34.992,69071.0,0.00017,B,11.74207,576232219242734
1774164994992,2026-03-22 07:36:34.992,69072.0,0.00017,B,11.74224,563184885082727
1774164994992,2026-03-22 07:36:34.992,69073.0,0.00015,B,10.360949999999999,370450172528594
1774164994992,2026-03-22 07:36:34.992,69073.0,0.00017,B,11.742410000000001,746197214876832
1774164994992,2026-03-22 07:36:34.992,69073.0,0.0046,B,317.7358,46497947586899
1774164996020,2026-03-22 07:36:36.020,69073.0,1.08141,B,74696.23293,1071135623403419
1774164996020,2026-03-22 07:36:36.020,69073.0,0.24823,B,17145.99079,1035879554899466
1774164996020,2026-03-22 07:36:36.020,69073.0,0.00017,B,11.742410000000001,1012990989895008
1774164996020,2026-03-22 07:36:36.020,69074.0,0.05665,B,3913.0421,1017359359613087
1774164996020,2026-03-22 07:36:36.020,69074.0,0.00017,B,11.74258,750931462299308
1774164996020,2026-03-22 07:36:36.020,69074.0,0.19332,B,13353.38568,92236305975291
1774164996020,2026-03-22 07:36:36.020,69075.0,0.003,B,207.225,552958235863586
1774164996020,2026-03-22 07:36:36.020,69075.0,0.00017,B,11.742750000000001,1111304596330724
1774164996020,2026-03-22 07:36:36.020,69076.0,0.05618,B,3880.68968,382376454161107
1774164996612,2026-03-22 07:36:36.612,69071.0,0.00015,A,10.36065,619187577122800
1774164996612,2026-03-22 07:36:36.612,69069.0,0.05665,A,3912.7588499999997,194713532361690
1774164996612,2026-03-22 07:36:36.612,69068.0,0.02166,A,1496.01288,454249367975100
1774164996612,2026-03-22 07:36:36.612,69068.0,0.00016,A,11.050880000000001,115677829570671
1774164996612,2026-03-22 07:36:36.612,69067.0,0.003,A,207.201,507603206127714
1774164996612,2026-03-22 07:36:36.612,69065.0,0.02345,A,1619.57425,701491493580623
1774164996612,2026-03-22 07:36:36.612,69064.0,0.04043,A,2792.25752,931174775641326
1774164996612,2026-03-22 07:36:36.612,69064.0,0.00016,A,11.05024,920355779597539
1774164996612,2026-03-22 07:36:36.612,69064.0,0.001,A,69.06400000000001,371465406028358
1774164996612,2026-03-22 07:36:36.612,69063.0,0.00017,A,11.74071,519689890141605
1774164996612,2026-03-22 07:36:36.612,69063.0,0.02282,A,1576.01766,287358105751823
1774164996612,2026-03-22 07:36:36.612,69063.0,0.59386,A,41013.75318000001,658695910020621
1774164998007,2026-03-22 07:36:38.007,69064.0,0.00016,B,11.05024,15919426834002
1774164998239,2026-03-22 07:36:38.239,69063.0,0.00017,A,11.74071,176322495901853
1774164998239,2026-03-22 07:36:38.239,69062.0,0.00017,A,11.740540000000001,885316385735820
1774164998239,2026-03-22 07:36:38.239,69061.0,0.00017,A,11.74037,117951840686885
1774164998239,2026-03-22 07:36:38.239,69060.0,0.00016,A,11.049600000000002,21048562911876
1774164998239,2026-03-22 07:36:38.239,69060.0,0.00022,A,15.193200000000001,870752486417005
1774164998239,2026-03-22 07:36:38.239,69060.0,0.00017,A,11.740200000000002,43916429646004
1774164998239,2026-03-22 07:36:38.239,69059.0,0.00017,A,11.74003,620698447855393
1774164998239,2026-03-22 07:36:38.239,69058.0,0.00017,A,11.73986,324589093168995
1774164998239,2026-03-22 07:36:38.239,69058.0,0.00015,A,10.358699999999999,207884792258728
1774164998239,2026-03-22 07:36:38.239,69058.0,0.003,A,207.174,495228973666782
1774164998239,2026-03-22 07:36:38.239,69057.0,0.00016,A,11.04912,187578142169728
1774164998239,2026-03-22 07:36:38.239,69057.0,0.00017,A,11.739690000000001,449337907903061
1774164998239,2026-03-22 07:36:38.239,69056.0,0.00017,A,11.73952,160138252234360
1774164998385,2026-03-22 07:36:38.385,69055.0,0.00017,A,11.739350000000002,854604536620349
1774164998385,2026-03-22 07:36:38.385,69054.0,0.00017,A,11.739180000000001,482240086064490
1774164998385,2026-03-22 07:36:38.385,69053.0,0.00016,A,11.048480000000001,706934487839089
1774164998385,2026-03-22 07:36:38.385,69053.0,0.00017,A,11.73901,417492879405548
1774164998385,2026-03-22 07:36:38.385,69053.0,0.00015,A,10.357949999999999,46308250793731
1774164998385,2026-03-22 07:36:38.385,69053.0,0.003,A,207.159,536223241719606
1774164998385,2026-03-22 07:36:38.385,69051.0,0.00248,A,171.24648,299250365477918
1774164999633,2026-03-22 07:36:39.633,69050.0,3.88131,A,268004.4555,753512294455189
1774165001041,2026-03-22 07:36:41.041,69050.0,0.00031,A,21.4055,248148660669520
1774165001041,2026-03-22 07:36:41.041,69050.0,0.004,A,276.2,186346541978142
1774165001041,2026-03-22 07:36:41.041,69050.0,0.0022,A,151.91,400363756826682
1774165001260,2026-03-22 07:36:41.260,69050.0,0.00999,A,689.8095000000001,833380603970560
1774165001845,2026-03-22 07:36:41.845,69050.0,0.2,A,13810.0,915837818482415
1774165002445,2026-03-22 07:36:42.445,69051.0,0.00107,B,73.88457,431486650880439
1774165003875,2026-03-22 07:36:43.875,69050.0,0.01448,A,999.8439999999999,821044459654336
1774165004073,2026-03-22 07:36:44.073,69050.0,0.00415,A,286.5575,968090904508531
1774165005078,2026-03-22 07:36:45.078,69051.0,0.00056,B,38.66856,323034550624581
1774165011220,2026-03-22 07:36:51.220,69051.0,0.001,B,69.051,1108909031649631
1774165012514,2026-03-22 07:36:52.514,69050.0,4.43018,A,305903.929,151864777664342
1774165012623,2026-03-22 07:36:52.623,69050.0,0.71244,A,49193.981999999996,266605136746199
1774165012623,2026-03-22 07:36:52.623,69050.0,0.00017,A,11.7385,137898682153069
1774165013243,2026-03-22 07:36:53.243,69049.0,0.00017,A,11.738330000000001,405124154947194
1774165013243,2026-03-22 07:36:53.243,69049.0,0.07003,A,4835.501469999999,879349120774222
1774165013243,2026-03-22 07:36:53.243,69049.0,0.1504,A,10384.9696,291851363629272
1774165014647,2026-03-22 07:36:54.647,69050.0,0.11421,B,7886.200500000001,948377016049435
1774165014647,2026-03-22 07:36:54.647,69050.0,0.17376,B,11998.128,155611652610315
1774165014647,2026-03-22 07:36:54.647,69050.0,0.05055,B,3490.4775,353898081378002
1774165014647,2026-03-22 07:36:54.647,69050.0,0.04734,B,3268.827,611635415120368
1774165014647,2026-03-22 07:36:54.647,69050.0,0.04459,B,3078.9395,167031079182661
1774165014647,2026-03-22 07:36:54.647,69050.0,0.12,B,8286.0,370510611247945
1774165014647,2026-03-22 07:36:54.647,69050.0,0.04325,B,2986.4125,143845782198557
1774165014647,2026-03-22 07:36:54.647,69050.0,0.0916,B,6324.9800000000005,378564128428474
1774165014647,2026-03-22 07:36:54.647,69050.0,0.12,B,8286.0,1024588927938106
1774165014647,2026-03-22 07:36:54.647,69050.0,0.1947,B,13444.035000000002,935369531029298
1774165015140,2026-03-22 07:36:55.140,69049.0,0.0228,A,1574.3172,436406091527440
1774165015646,2026-03-22 07:36:55.646,69050.0,0.00144,B,99.432,384187832818892
1774165015646,2026-03-22 07:36:55.646,69050.0,0.00028,B,19.334,713653839010113
1774165015848,2026-03-22 07:36:55.848,69050.0,0.00017,B,11.7385,964676478862499
1774165015848,2026-03-22 07:36:55.848,69049.0,0.00382,A,263.76718,669587099136597
1774165016050,2026-03-22 07:36:56.050,69050.0,0.00164,B,113.242,667812913314316
1774165017048,2026-03-22 07:36:57.048,69049.0,0.00017,A,11.738330000000001,781690924166168
1774165017742,2026-03-22 07:36:57.742,69049.0,0.00152,A,104.95448,599617151116853
1774165017742,2026-03-22 07:36:57.742,69049.0,0.00017,A,11.738330000000001,1039088956237629
1774165017742,2026-03-22 07:36:57.742,69048.0,0.00029,A,20.02392,267937903211380
1774165017742,2026-03-22 07:36:57.742,69048.0,0.00017,A,11.73816,218508897770745
1774165017742,2026-03-22 07:36:57.742,69048.0,0.00016,A,11.047680000000001,1054250160892611
1774165017742,2026-03-22 07:36:57.742,69048.0,0.00015,A,10.357199999999999,6509921671041
1774165017742,2026-03-22 07:36:57.742,69047.0,0.00017,A,11.737990000000002,171010049879421
1774165017742,2026-03-22 07:36:57.742,69046.0,0.00017,A,11.737820000000001,673391857155465
1774165018364,2026-03-22 07:36:58.364,69045.0,0.00017,A,11.73765,930165443017946
1774165018364,2026-03-22 07:36:58.364,69045.0,0.003,A,207.135,980341110828582
1774165018661,2026-03-22 07:36:58.661,69044.0,0.00017,A,11.737480000000001,722816674625110
1774165018661,2026-03-22 07:36:58.661,69043.0,0.00017,A,11.73731,300840122915557
1774165018661,2026-03-22 07:36:58.661,69042.0,0.00016,A,11.04672,1113379747020775
1774165018661,2026-03-22 07:36:58.661,69042.0,0.00072,A,49.710240000000006,1084269352706596
1774165018661,2026-03-22 07:36:58.661,69042.0,0.00017,A,11.73714,637671436038154
1774165018661,2026-03-22 07:36:58.661,69042.0,0.00016,A,11.04672,387110119602613
1774165018661,2026-03-22 07:36:58.661,69041.0,0.00017,A,11.736970000000001,628388851288048
1774165018661,2026-03-22 07:36:58.661,69040.0,0.00289,A,199.52560000000003,58518132620713
1774165018661,2026-03-22 07:36:58.661,69040.0,0.003,A,207.12,800647530084671
1774165018661,2026-03-22 07:36:58.661,69040.0,0.00017,A,11.7368,852524657646710
1774165019066,2026-03-22 07:36:59.066,69040.0,0.00177,B,122.2008,696580873800624
1774165019256,2026-03-22 07:36:59.256,69039.0,0.00017,A,11.736630000000002,960853816453250
1774165019256,2026-03-22 07:36:59.256,69039.0,0.00764,A,527.45796,51878284745392
1774165019460,2026-03-22 07:36:59.460,69039.0,0.01023,A,706.26897,844478292135210
1774165019782,2026-03-22 07:36:59.782,69039.0,0.00145,A,100.10655,962358965417698
1774165021086,2026-03-22 07:37:01.086,69039.0,0.00238,A,164.31282000000002,658518390920420
1774165021275,2026-03-22 07:37:01.275,69039.0,0.84737,A,58501.57743,880479647517467
1774165021275,2026-03-22 07:37:01.275,69039.0,0.00017,A,11.736630000000002,967728137436576
1774165021275,2026-03-22 07:37:01.275,69039.0,0.10863,A,7499.70657,147912580836980
1774165021275,2026-03-22 07:37:01.275,69039.0,0.10718,A,7399.60002,89992843458603
1774165021275,2026-03-22 07:37:01.275,69039.0,0.12123,A,8369.59797,526855081109955
1774165021275,2026-03-22 07:37:01.275,69039.0,0.43114,A,29765.47446,248371558025801
1774165021275,2026-03-22 07:37:01.275,69039.0,0.07358,A,5079.889620000001,611407187529178
1774165021275,2026-03-22 07:37:01.275,69039.0,0.06585,A,4546.218150000001,520237477024039
1774165021275,2026-03-22 07:37:01.275,69039.0,0.21501,A,14844.07539,801343129096714
1774165021275,2026-03-22 07:37:01.275,69039.0,0.37279,A,25737.04881,870928731652855
1774165021275,2026-03-22 07:37:01.275,69039.0,0.07021,A,4847.22819,965746265051163
1774165021275,2026-03-22 07:37:01.275,69039.0,0.14585,A,10069.338150000001,13637081580041
1774165021275,2026-03-22 07:37:01.275,69039.0,0.07781,A,5371.9245900000005,517339989130188
1774165021275,2026-03-22 07:37:01.275,69039.0,0.06512,A,4495.81968,525118301485483
1774165021275,2026-03-22 07:37:01.275,69039.0,0.06452,A,4454.39628,263835379446390
1774165021275,2026-03-22 07:37:01.275,69039.0,0.16812,A,11606.836679999999,317930917663707
1774165021275,2026-03-22 07:37:01.275,69039.0,0.13308,A,9187.71012,502993035698750
1774165021275,2026-03-22 07:37:01.275,69039.0,0.07088,A,4893.48432,918459317727769
1774165021275,2026-03-22 07:37:01.275,69039.0,0.07044,A,4863.1071600000005,256416422182487
1774165021275,2026-03-22 07:37:01.275,69039.0,0.06413,A,4427.4710700000005,740733977182865
1774165021275,2026-03-22 07:37:01.275,69039.0,0.07312,A,5048.13168,182275990863348
1774165021275,2026-03-22 07:37:01.275,69039.0,0.07256,A,5009.46984,519964689125800
1774165021275,2026-03-22 07:37:01.275,69039.0,0.06141,A,4239.68499,656586610427390
1774165021551,2026-03-22 07:37:01.551,69040.0,0.0002,B,13.808,1058124355782888
1774165021551,2026-03-22 07:37:01.551,69040.0,0.00035,B,24.164,538451812439182
1774165021710,2026-03-22 07:37:01.710,69039.0,0.00017,A,11.736630000000002,1005602708739109
1774165022086,2026-03-22 07:37:02.086,69040.0,0.0009,B,62.135999999999996,561389556586456
1774165022086,2026-03-22 07:37:02.086,69040.0,0.00145,B,100.10799999999999,500388772055684
1774165022086,2026-03-22 07:37:02.086,69040.0,0.00145,B,100.10799999999999,225570122310690
1774165022086,2026-03-22 07:37:02.086,69040.0,0.00036,B,24.854400000000002,795774345452566
1774165022086,2026-03-22 07:37:02.086,69040.0,0.00017,B,11.7368,333498440809352
1774165022086,2026-03-22 07:37:02.086,69041.0,0.00015,B,10.35615,82436853381800
1774165022086,2026-03-22 07:37:02.086,69041.0,0.00017,B,11.736970000000001,1011467999915853
1774165022086,2026-03-22 07:37:02.086,69042.0,0.00017,B,11.73714,123407566036335
1774165022086,2026-03-22 07:37:02.086,69043.0,0.00017,B,11.73731,453279386264491
1774165022086,2026-03-22 07:37:02.086,69044.0,0.00017,B,11.737480000000001,522677242997320
1774165022086,2026-03-22 07:37:02.086,69045.0,0.003,B,207.135,466953598460386
1774165022086,2026-03-22 07:37:02.086,69045.0,0.00016,B,11.0472,176036763310395
1774165022086,2026-03-22 07:37:02.086,69045.0,0.00017,B,11.73765,819128545553723
1774165022086,2026-03-22 07:37:02.086,69046.0,0.00017,B,11.737820000000001,979085449208422
1774165022132,2026-03-22 07:37:02.132,69047.0,0.00017,B,11.737990000000002,515106997431460
1774165022132,2026-03-22 07:37:02.132,69048.0,0.00016,B,11.047680000000001,389511415970841
1774165022132,2026-03-22 07:37:02.132,69048.0,0.00017,B,11.73816,189025593718583
1774165022132,2026-03-22 07:37:02.132,69049.0,0.00017,B,11.738330000000001,704075235412526
1774165022313,2026-03-22 07:37:02.313,69050.0,0.003,B,207.15,1078048259595134
1774165022313,2026-03-22 07:37:02.313,69050.0,0.00017,B,11.7385,471649579533922
1774165022313,2026-03-22 07:37:02.313,69051.0,0.00016,B,11.048160000000001,203568705333625
1774165022313,2026-03-22 07:37:02.313,69051.0,0.00016,B,11.048160000000001,545967652485998
1774165022313,2026-03-22 07:37:02.313,69051.0,0.00017,B,11.73867,308464712779048
1774165022399,2026-03-22 07:37:02.399,69052.0,0.00016,B,11.04832,109330325930972
1774165022399,2026-03-22 07:37:02.399,69052.0,0.00031,B,21.40612,806109035481919
1774165022399,2026-03-22 07:37:02.399,69052.0,0.00015,B,10.3578,628953881218346
1774165022399,2026-03-22 07:37:02.399,69052.0,0.00016,B,11.04832,314395703958407
1774165022399,2026-03-22 07:37:02.399,69052.0,0.00017,B,11.738840000000001,346232156937206
1774165022399,2026-03-22 07:37:02.399,69051.0,0.00028,A,19.33428,851504563180273
1774165022399,2026-03-22 07:37:02.399,69053.0,0.00017,B,11.73901,490315094168259
1774165022690,2026-03-22 07:37:02.690,69054.0,0.00017,B,11.739180000000001,435083772054559
1774165022690,2026-03-22 07:37:02.690,69055.0,0.00017,B,11.739350000000002,758185537756237
1774165022690,2026-03-22 07:37:02.690,69056.0,0.00016,B,11.048960000000001,343547165532079
1774165022690,2026-03-22 07:37:02.690,69056.0,0.00017,B,11.73952,896276719070476
1774165022690,2026-03-22 07:37:02.690,69057.0,0.00015,B,10.35855,207136355692610
1774165022690,2026-03-22 07:37:02.690,69057.0,0.00017,B,11.739690000000001,145172359050587
1774165022690,2026-03-22 07:37:02.690,69058.0,0.00017,B,11.73986,362526745259779
1774165022740,2026-03-22 07:37:02.740,69058.0,0.00022,A,15.19276,668156768767027
1774165023000,2026-03-22 07:37:03.000,69058.0,0.0034,A,234.79719999999998,365993198668361
1774165023463,2026-03-22 07:37:03.463,69059.0,0.00017,B,11.74003,686552944961882
1774165023463,2026-03-22 07:37:03.463,69061.0,5e-05,B,3.45305,365442294251618
1774165024009,2026-03-22 07:37:04.009,69061.0,0.00024,B,16.57464,1096510841293731
1774165024009,2026-03-22 07:37:04.009,69061.0,0.00121,B,83.56380999999999,442612038066745
1774165024126,2026-03-22 07:37:04.126,69061.0,0.00033,B,22.79013,1043974816855244
1774165025014,2026-03-22 07:37:05.014,69060.0,0.00141,A,97.3746,738015296999929
1774165025014,2026-03-22 07:37:05.014,69060.0,0.00028,A,19.336799999999997,119195728227128
1774165026019,2026-03-22 07:37:06.019,69061.0,1.08466,B,74907.70426,81661747684739
1774165026019,2026-03-22 07:37:06.019,69061.0,0.00017,B,11.74037,143142837272330
1774165026019,2026-03-22 07:37:06.019,69062.0,0.00017,B,11.740540000000001,643801434383689
1774165026019,2026-03-22 07:37:06.019,69062.0,0.00015,B,10.3593,457648668882391
1774165026019,2026-03-22 07:37:06.019,69062.0,0.17112,B,11817.889439999999,336979024166031
1774165026019,2026-03-22 07:37:06.019,69063.0,0.38313,B,26460.107190000002,394690429595373
1774165026997,2026-03-22 07:37:06.997,69063.0,0.00216,B,149.17608,310169636055122
1774165028006,2026-03-22 07:37:08.006,69063.0,0.00016,B,11.050080000000001,851003142393161
1774165031023,2026-03-22 07:37:11.023,69062.0,0.00046,A,31.768520000000002,264786311724048
1774165033324,2026-03-22 07:37:13.324,69063.0,0.00645,B,445.45635,133508515814868
1774165034065,2026-03-22 07:37:14.065,69062.0,0.00416,A,287.29792,115206467238941
1774165035072,2026-03-22 07:37:15.072,69063.0,0.00057,B,39.36591,432213061063733
1774165035613,2026-03-22 07:37:15.613,69063.0,0.01157,B,799.0589100000001,379730281479082
1774165035962,2026-03-22 07:37:15.962,69062.0,0.00881,A,608.43622,785328910004391
1774165038028,2026-03-22 07:37:18.028,69062.0,0.00037,A,25.55294,29804595161587
1774165038028,2026-03-22 07:37:18.028,69059.0,0.00018,A,12.430620000000001,359888959658051
1774165038028,2026-03-22 07:37:18.028,69059.0,0.00017,A,11.74003,179589436836980
1774165038028,2026-03-22 07:37:18.028,69057.0,0.00016,A,11.04912,690832111984920
1774165038028,2026-03-22 07:37:18.028,69056.0,0.00017,A,11.73952,46813366711965
1774165038028,2026-03-22 07:37:18.028,69054.0,0.00429,A,296.24166,985752114145711
1774165038145,2026-03-22 07:37:18.145,69054.0,0.00022,A,15.191880000000001,478860087128442
1774165041060,2026-03-22 07:37:21.060,69055.0,0.00248,B,171.2564,453746619241441
1774165043617,2026-03-22 07:37:23.617,69054.0,0.01013,A,699.51702,297668980748070
1774165043617,2026-03-22 07:37:23.617,69054.0,0.00017,A,11.739180000000001,550881620494506
1774165043617,2026-03-22 07:37:23.617,69054.0,0.00357,A,246.52277999999998,346936049417206
1774165046034,2026-03-22 07:37:26.034,69055.0,0.00164,B,113.25019999999999,179252116057395
1774165047009,2026-03-22 07:37:27.009,69054.0,0.00017,A,11.739180000000001,508084139706688
1774165048752,2026-03-22 07:37:28.752,69054.0,0.1,A,6905.400000000001,1078774561917363
1774165049241,2026-03-22 07:37:29.241,69054.0,0.00017,A,11.739180000000001,496193812927367
1774165050363,2026-03-22 07:37:30.363,69055.0,0.0207,B,1429.4385,205869486534042
1774165051042,2026-03-22 07:37:31.042,69054.0,0.00238,A,164.34852,814464926931675
1774165052262,2026-03-22 07:37:32.262,69054.0,0.00017,A,11.739180000000001,657775288482007
1774165052262,2026-03-22 07:37:32.262,69054.0,0.2247,A,15516.4338,483361556717547
1774165052262,2026-03-22 07:37:32.262,69054.0,0.32886,A,22709.098439999998,1711451646608
1774165052316,2026-03-22 07:37:32.316,69054.0,0.22487,A,15528.17298,1027770671750529
1774165053059,2026-03-22 07:37:33.059,69054.0,0.00339,A,234.09305999999998,530388989994787
1774165054078,2026-03-22 07:37:34.078,69054.0,0.00142,A,98.05668,526859706421398
1774165054878,2026-03-22 07:37:34.878,69054.0,0.0734,A,5068.5636,345036521609542
1774165055077,2026-03-22 07:37:35.077,69054.0,0.14336,A,9899.58144,471240949286000
1774165055077,2026-03-22 07:37:35.077,69054.0,0.00017,A,11.739180000000001,841299198347776
1774165055077,2026-03-22 07:37:35.077,69053.0,0.003,A,207.159,597904451656946
1774165055077,2026-03-22 07:37:35.077,69053.0,0.00016,A,11.048480000000001,596254785840449
1774165055077,2026-03-22 07:37:35.077,69053.0,0.00017,A,11.73901,949595999895457
1774165055077,2026-03-22 07:37:35.077,69053.0,0.00015,A,10.357949999999999,928748275175773
1774165055077,2026-03-22 07:37:35.077,69052.0,0.00017,A,11.738840000000001,137877395211495
1774165055077,2026-03-22 07:37:35.077,69052.0,0.00032,A,22.09664,820287663271120
1774165055717,2026-03-22 07:37:35.717,69052.0,0.00016,B,11.04832,439081181450740
1774165055919,2026-03-22 07:37:35.919,69051.0,0.00017,A,11.73867,458486704706219
1774165056021,2026-03-22 07:37:36.021,69051.0,0.00128,B,88.38528000000001,495665276224810
1774165056021,2026-03-22 07:37:36.021,69051.0,1.01369,B,69996.30819,607724652930028
1774165056021,2026-03-22 07:37:36.021,69052.0,0.11984,B,8275.19168,881810985727264
1774165056021,2026-03-22 07:37:36.021,69052.0,0.12072,B,8335.95744,710507767481861
1774165056021,2026-03-22 07:37:36.021,69052.0,0.38377,B,26500.08604,805274195347740
1774165057505,2026-03-22 07:37:37.505,69050.0,0.42143,A,29099.7415,1000691720386893
1774165057505,2026-03-22 07:37:37.505,69050.0,0.00017,A,11.7385,751517723590770
1774165058004,2026-03-22 07:37:38.004,69050.0,0.00016,B,11.048,597685419237891
1774165058537,2026-03-22 07:37:38.537,69049.0,0.00017,A,11.738330000000001,453479887918999
1774165058537,2026-03-22 07:37:38.537,69049.0,0.06458,A,4459.18442,782141522201462
1774165058537,2026-03-22 07:37:38.537,69049.0,0.03525,A,2433.97725,434582938621485
1774165058814,2026-03-22 07:37:38.814,69049.0,0.00348,B,240.29052000000001,130830262370916
1774165060346,2026-03-22 07:37:40.346,69048.0,0.00017,A,11.73816,805704302469007
1774165060346,2026-03-22 07:37:40.346,69047.0,0.00017,A,11.737990000000002,441753072307013
1774165060346,2026-03-22 07:37:40.346,69046.0,0.00016,A,11.047360000000001,550015940401759
1774165060346,2026-03-22 07:37:40.346,69046.0,0.00017,A,11.737820000000001,985264117442129
1774165060346,2026-03-22 07:37:40.346,69045.0,0.00017,A,11.73765,916368674052747
1774165060346,2026-03-22 07:37:40.346,69044.0,0.00017,A,11.737480000000001,821295651686946
1774165060346,2026-03-22 07:37:40.346,69043.0,0.00017,A,11.73731,1057116141059197
1774165060346,2026-03-22 07:37:40.346,69043.0,0.01013,A,699.40559,855840603992022
1774165060346,2026-03-22 07:37:40.346,69042.0,0.00072,A,49.710240000000006,825469029738645
1774165060346,2026-03-22 07:37:40.346,69042.0,0.00016,A,11.04672,982879734519294
1774165060346,2026-03-22 07:37:40.346,69042.0,0.00015,A,10.3563,381665610323827
1774165060346,2026-03-22 07:37:40.346,69042.0,0.00017,A,11.73714,786921238770269
1774165060346,2026-03-22 07:37:40.346,69041.0,0.00017,A,11.736970000000001,506064528471245
1774165060346,2026-03-22 07:37:40.346,69041.0,0.003,A,207.123,497841397190685
1774165060346,2026-03-22 07:37:40.346,69041.0,0.02896,A,1999.42736,978358439891149
1774165060346,2026-03-22 07:37:40.346,69041.0,0.04052,A,2797.54132,116213562207090
1774165060346,2026-03-22 07:37:40.346,69040.0,0.00017,A,11.7368,445674870906774
1774165060346,2026-03-22 07:37:40.346,69040.0,0.05665,A,3911.116,933419388729147
1774165060346,2026-03-22 07:37:40.346,69040.0,0.003,A,207.12,186671098183428
1774165060346,2026-03-22 07:37:40.346,69040.0,0.08242,A,5690.2768,421734150171147
1774165060346,2026-03-22 07:37:40.346,69040.0,0.00143,A,98.72720000000001,645438070508259
1774165060346,2026-03-22 07:37:40.346,69039.0,0.00017,A,11.736630000000002,168388362755280
1774165060346,2026-03-22 07:37:40.346,69039.0,0.04298,A,2967.2962199999997,1042127793051366
1774165060346,2026-03-22 07:37:40.346,69038.0,0.00016,A,11.046080000000002,1063190962060883
1774165060346,2026-03-22 07:37:40.346,69038.0,0.00017,A,11.736460000000001,292224699601341
1774165060346,2026-03-22 07:37:40.346,69038.0,0.06424,A,4435.001120000001,899891660056095
1774165061026,2026-03-22 07:37:41.026,69038.0,0.00039,A,26.92482,989711374993255
1774165062434,2026-03-22 07:37:42.434,69039.0,0.00145,B,100.10655,360322985491085
1774165062434,2026-03-22 07:37:42.434,69039.0,0.00015,B,10.355849999999998,978329503723488
1774165062434,2026-03-22 07:37:42.434,69039.0,0.00015,B,10.355849999999998,113855353929653
1774165062434,2026-03-22 07:37:42.434,69039.0,0.00015,B,10.355849999999998,821782677826618
1774165062434,2026-03-22 07:37:42.434,69039.0,0.00015,B,10.355849999999998,17326179560448
1774165062434,2026-03-22 07:37:42.434,69039.0,0.00042,B,28.996380000000002,134437081762550
1774165062573,2026-03-22 07:37:42.573,69039.0,0.00103,B,71.11017000000001,1110271927233294
1774165062573,2026-03-22 07:37:42.573,69039.0,0.00036,B,24.85404,422897414272212
1774165062573,2026-03-22 07:37:42.573,69039.0,0.00145,B,100.10655,365295617075202
1774165062573,2026-03-22 07:37:42.573,69039.0,0.00145,B,100.10655,997180658850580
1774165062573,2026-03-22 07:37:42.573,69039.0,0.00036,B,24.85404,874923450288508
1774165062573,2026-03-22 07:37:42.573,69039.0,0.00145,B,100.10655,808694336509776
1774165062573,2026-03-22 07:37:42.573,69039.0,0.00015,B,10.355849999999998,829176560382930
1774165062780,2026-03-22 07:37:42.780,69040.0,0.00015,B,10.356,189798428463282
1774165062780,2026-03-22 07:37:42.780,69041.0,0.00015,B,10.35615,537170873172003
1774165062780,2026-03-22 07:37:42.780,69044.0,0.00015,B,10.356599999999998,940895186347942
1774165063374,2026-03-22 07:37:43.374,69045.0,0.00016,B,11.0472,1047945310775757
1774165063374,2026-03-22 07:37:43.374,69046.0,0.00017,B,11.737820000000001,20281685623766
1774165063374,2026-03-22 07:37:43.374,69047.0,0.00015,B,10.35705,286752566599903
1774165063374,2026-03-22 07:37:43.374,69047.0,0.00017,B,11.737990000000002,11378689655665
1774165063374,2026-03-22 07:37:43.374,69048.0,0.00016,B,11.047680000000001,463404535697239
1774165063374,2026-03-22 07:37:43.374,69049.0,0.003,B,207.147,355017010375402
1774165063374,2026-03-22 07:37:43.374,69049.0,0.00017,B,11.738330000000001,692987624856606
1774165063374,2026-03-22 07:37:43.374,69050.0,0.00017,B,11.7385,649511659477987
1774165063374,2026-03-22 07:37:43.374,69051.0,0.00017,B,11.73867,973461949611068
1774165063374,2026-03-22 07:37:43.374,69052.0,0.00017,B,11.738840000000001,994197084454630
1774165063374,2026-03-22 07:37:43.374,69052.0,0.00016,B,11.04832,1013465975149467
1774165063374,2026-03-22 07:37:43.374,69052.0,0.00017,B,11.738840000000001,113906696611307
1774165063374,2026-03-22 07:37:43.374,69052.0,0.00015,B,10.3578,157675809827763
1774165063374,2026-03-22 07:37:43.374,69052.0,0.01023,B,706.4019599999999,68916848372250
1774165063577,2026-03-22 07:37:43.577,69048.0,0.00017,B,11.73816,591095501701058
1774165063577,2026-03-22 07:37:43.577,69052.0,0.00895,B,618.0154,473548719370969
1774165063577,2026-03-22 07:37:43.577,69052.0,0.00144,B,99.43488,971356408272423
1774165063795,2026-03-22 07:37:43.795,69051.0,0.1,A,6905.1,1111012509380309
1774165063981,2026-03-22 07:37:43.981,69052.0,0.00022,B,15.19144,205670981165283
1774165064042,2026-03-22 07:37:44.042,69051.0,0.00416,A,287.25215999999995,1122036789327986
1774165065002,2026-03-22 07:37:45.002,69052.0,0.00057,B,39.35964,73029970485660
1774165065002,2026-03-22 07:37:45.002,69052.0,0.01387,B,957.75124,922681751743460
1774165072267,2026-03-22 07:37:52.267,69051.0,7e-05,A,4.83357,940323906150902
1774165076041,2026-03-22 07:37:56.041,69052.0,0.00164,B,113.24528,248425129872654
1774165077045,2026-03-22 07:37:57.045,69051.0,0.00017,A,11.73867,1020453930950765
1774165078920,2026-03-22 07:37:58.920,69052.0,0.00022,B,15.19144,461658181410696
1774165079919,2026-03-22 07:37:59.919,69052.0,0.001,B,69.052,912987792349181
1774165081023,2026-03-22 07:38:01.023,69051.0,0.00238,A,164.34138000000002,957105845748585
1774165081682,2026-03-22 07:38:01.682,69052.0,0.00017,B,11.738840000000001,46902257251160
1774165081682,2026-03-22 07:38:01.682,69052.0,0.24983,B,17251.26116,327987928118712
1774165081915,2026-03-22 07:38:01.915,69052.0,0.25,B,17263.0,622034923932167
1774165081915,2026-03-22 07:38:01.915,69052.0,0.2,B,13810.400000000001,695667125867496
1774165081915,2026-03-22 07:38:01.915,69052.0,0.33333,B,23017.103160000002,569880634825280
1774165081915,2026-03-22 07:38:01.915,69052.0,0.33333,B,23017.103160000002,91125092205704
1774165081915,2026-03-22 07:38:01.915,69052.0,0.26666,B,18413.406320000002,434583877018818
1774165081915,2026-03-22 07:38:01.915,69052.0,0.33333,B,23017.103160000002,727602085605725
1774165081915,2026-03-22 07:38:01.915,69052.0,0.33333,B,23017.103160000002,345956297893184
1774165081915,2026-03-22 07:38:01.915,69052.0,0.26666,B,18413.406320000002,881086188993359
1774165081915,2026-03-22 07:38:01.915,69052.0,0.25,B,17263.0,415688463192918
1774165081915,2026-03-22 07:38:01.915,69052.0,0.00331,B,228.56212,112813801124058
1774165081915,2026-03-22 07:38:01.915,69052.0,0.01314,B,907.34328,498310684938415
1774165081915,2026-03-22 07:38:01.915,69052.0,0.26132,B,18044.66864,1003912852775092
1774165081915,2026-03-22 07:38:01.915,69053.0,0.00017,B,11.73901,646397683779429
1774165081915,2026-03-22 07:38:01.915,69054.0,0.00017,B,11.739180000000001,695744228093557
1774165081915,2026-03-22 07:38:01.915,69054.0,0.00015,B,10.358099999999999,728918846263348
1774165081915,2026-03-22 07:38:01.915,69054.0,0.00031,B,21.40674,101188242828472
1774165081915,2026-03-22 07:38:01.915,69055.0,0.01448,B,999.9164,913288580715546
1774165081915,2026-03-22 07:38:01.915,69055.0,0.00017,B,11.739350000000002,125805442403023
1774165081915,2026-03-22 07:38:01.915,69055.0,0.00035,B,24.169249999999998,331085539420086
1774165082548,2026-03-22 07:38:02.548,69055.0,0.00265,B,182.99575,306022534916311
1774165082548,2026-03-22 07:38:02.548,69056.0,0.00017,B,11.73952,71754130126866
1774165082548,2026-03-22 07:38:02.548,69057.0,0.00017,B,11.739690000000001,648477148306133
1774165082548,2026-03-22 07:38:02.548,69058.0,0.00017,B,11.73986,1101040338822809
1774165082548,2026-03-22 07:38:02.548,69059.0,0.00017,B,11.74003,706202257012524
1774165082548,2026-03-22 07:38:02.548,69059.0,0.00016,B,11.04944,336055763301136
1774165082548,2026-03-22 07:38:02.548,69060.0,0.00017,B,11.740200000000002,651417060092274
1774165082548,2026-03-22 07:38:02.548,69061.0,0.00017,B,11.74037,1056470145571258
1774165082548,2026-03-22 07:38:02.548,69061.0,0.00023,B,15.884030000000001,532848485310737
1774165082719,2026-03-22 07:38:02.719,69061.0,0.01,B,690.61,792389108705292
1774165083122,2026-03-22 07:38:03.122,69060.0,0.00339,A,234.11339999999998,899738668080620
1774165084117,2026-03-22 07:38:04.117,69060.0,0.00142,A,98.0652,724063324340264
1774165084743,2026-03-22 07:38:04.743,69062.0,0.00017,B,11.740540000000001,708184395220242
1774165084743,2026-03-22 07:38:04.743,69062.0,0.003,B,207.186,274895649547426
1774165084743,2026-03-22 07:38:04.743,69062.0,0.0002,B,13.8124,1087410707391290
1774165084945,2026-03-22 07:38:04.945,69063.0,0.00016,B,11.050080000000001,603187542577145
1774165084945,2026-03-22 07:38:04.945,69063.0,0.00017,B,11.74071,1110189102406027
1774165085254,2026-03-22 07:38:05.254,69064.0,0.00017,B,11.74088,782606742291688
1774165085254,2026-03-22 07:38:05.254,69065.0,0.00017,B,11.741050000000001,257724901045644
1774165085254,2026-03-22 07:38:05.254,69066.0,0.00017,B,11.74122,620061762393101
1774165085254,2026-03-22 07:38:05.254,69067.0,0.00022,B,15.194740000000001,139302029711560
1774165085254,2026-03-22 07:38:05.254,69067.0,0.00017,B,11.74139,863902830261885
1774165085254,2026-03-22 07:38:05.254,69067.0,0.00015,B,10.36005,215100723717741
1774165085254,2026-03-22 07:38:05.254,69067.0,0.00388,B,267.97996,67415898819473
1774165086060,2026-03-22 07:38:06.060,69067.0,1.08221,B,74744.99806999999,588340635391588
1774165086060,2026-03-22 07:38:06.060,69067.0,0.00017,B,11.74139,275985731404674
1774165086060,2026-03-22 07:38:06.060,69068.0,0.00017,B,11.741560000000002,396162374043257
1774165086060,2026-03-22 07:38:06.060,69069.0,0.00072,B,49.72968,427184021409230
1774165086060,2026-03-22 07:38:06.060,69069.0,0.00017,B,11.74173,440703727238502
1774165086060,2026-03-22 07:38:06.060,69069.0,0.05291,B,3654.44079,247321400096240
1774165086060,2026-03-22 07:38:06.060,69069.0,0.50305,B,34745.16045,866683924330390
1774165086060,2026-03-22 07:38:06.060,69069.0,0.0022,B,151.95180000000002,273006885434462
1774165086060,2026-03-22 07:38:06.060,69069.0,0.004,B,276.276,877353280163051
1774165086060,2026-03-22 07:38:06.060,69069.0,0.2206,B,15236.6214,662511330730799
1774165087250,2026-03-22 07:38:07.250,69068.0,0.00026,A,17.95768,50594008933285
1774165087483,2026-03-22 07:38:07.483,69068.0,0.00027,A,18.64836,836468625693679
1774165088064,2026-03-22 07:38:08.064,69069.0,0.00016,B,11.05104,899333142224315
1774165088298,2026-03-22 07:38:08.298,69069.0,0.00051,B,35.225190000000005,769200717180434
1774165089914,2026-03-22 07:38:09.914,69068.0,0.2918,A,20154.0424,543046714647870
1774165089914,2026-03-22 07:38:09.914,69068.0,0.06188,A,4273.927839999999,469311352290535
1774165089980,2026-03-22 07:38:09.980,69068.0,0.00216,A,149.18688,802271126441064
1774165090237,2026-03-22 07:38:10.237,69068.0,0.00034,A,23.483120000000003,88303127428436
1774165090316,2026-03-22 07:38:10.316,69068.0,0.01285,A,887.5238,681896040620387
1774165090316,2026-03-22 07:38:10.316,69068.0,0.05303,A,3662.67604,862147059211705
1774165090316,2026-03-22 07:38:10.316,69068.0,0.07619,A,5262.2909199999995,433959117070088
1774165090316,2026-03-22 07:38:10.316,69068.0,0.14073,A,9719.939639999999,1110665500236912
1774165090316,2026-03-22 07:38:10.316,69068.0,0.00677,A,467.59036,753410225345949
1774165090597,2026-03-22 07:38:10.597,69068.0,0.00406,A,280.41608,927180522431955
1774165090908,2026-03-22 07:38:10.908,69068.0,0.02228,A,1538.8350400000002,231947322744188
1774165091108,2026-03-22 07:38:11.108,69068.0,0.00039,A,26.936519999999998,939950139677712
1774165091330,2026-03-22 07:38:11.330,69068.0,0.00028,A,19.339039999999997,917343283421358
1774165091481,2026-03-22 07:38:11.481,69068.0,0.00022,A,15.19496,651189964848942
1774165091481,2026-03-22 07:38:11.481,69068.0,0.00039,A,26.936519999999998,328102815228328
1774165091592,2026-03-22 07:38:11.592,69068.0,0.00072,A,49.72896,497929086771739
1774165092113,2026-03-22 07:38:12.113,69069.0,0.00041,B,28.31829,157376767923828
1774165094018,2026-03-22 07:38:14.018,69066.0,0.00015,A,10.3599,42885783047526
1774165094018,2026-03-22 07:38:14.018,69066.0,0.00032,A,22.10112,472060896529598
1774165094018,2026-03-22 07:38:14.018,69064.0,0.00016,A,11.05024,787699287560967
1774165094018,2026-03-22 07:38:14.018,69062.0,0.00353,A,243.78886,981415635475752
1774165095049,2026-03-22 07:38:15.049,69063.0,0.00056,B,38.675279999999994,682764275683720
1774165095049,2026-03-22 07:38:15.049,69063.0,0.09651,B,6665.27013,303848184217501
1774165095049,2026-03-22 07:38:15.049,69063.0,0.00349,B,241.02987000000002,846661439508788
1774165096232,2026-03-22 07:38:16.232,69063.0,0.0005,B,34.5315,830076249536436
1774165096615,2026-03-22 07:38:16.615,69063.0,0.12005,B,8291.01315,1025072325740577
1774165096615,2026-03-22 07:38:16.615,69063.0,0.1892,B,13066.7196,47280419419852
1774165097058,2026-03-22 07:38:17.058,69062.0,0.00135,A,93.2337,1056230687315864
1774165097147,2026-03-22 07:38:17.147,69063.0,7e-05,B,4.834409999999999,231101959708937
1774165099150,2026-03-22 07:38:19.150,69062.0,0.0256,A,1767.9872,935313059888271
1774165102315,2026-03-22 07:38:22.315,69062.0,0.0022,A,151.93640000000002,57526114187061
1774165102780,2026-03-22 07:38:22.780,69063.0,0.00044,B,30.38772,557489483586112
1774165105386,2026-03-22 07:38:25.386,69063.0,0.00543,B,375.01209,209968780222226
1774165106066,2026-03-22 07:38:26.066,69063.0,0.00164,B,113.26332,935611638313369
1774165106189,2026-03-22 07:38:26.189,69062.0,0.00029,A,20.02798,987077869071495
1774165107075,2026-03-22 07:38:27.075,69062.0,0.00017,A,11.740540000000001,40724229426445
1774165108398,2026-03-22 07:38:28.398,69062.0,0.00044,A,30.38728,599496040481638
1774165111041,2026-03-22 07:38:31.041,69059.0,0.00017,A,11.74003,848525563528879
1774165111041,2026-03-22 07:38:31.041,69057.0,0.00221,A,152.61597,513827192099717
1774165113044,2026-03-22 07:38:33.044,69055.0,0.003,A,207.165,369137280365968
1774165113044,2026-03-22 07:38:33.044,69054.0,0.00015,A,10.358099999999999,776093983245955
1774165113044,2026-03-22 07:38:33.044,69053.0,0.00016,A,11.048480000000001,1010235749224443
1774165113044,2026-03-22 07:38:33.044,69052.0,8e-05,A,5.52416,598968381088170
1774165113249,2026-03-22 07:38:33.249,69052.0,0.00064,A,44.19328,143756178229228
1774165113249,2026-03-22 07:38:33.249,69052.0,0.00022,A,15.19144,944240407017008
1774165113249,2026-03-22 07:38:33.249,69052.0,0.00015,A,10.3578,11882552553952
1774165113249,2026-03-22 07:38:33.249,69049.0,0.00016,A,11.04784,998976457092817
1774165113249,2026-03-22 07:38:33.249,69048.0,0.00248,A,171.23904,980420527271675
1774165113249,2026-03-22 07:38:33.249,69048.0,0.00035,A,24.1668,818919758235288
1774165114055,2026-03-22 07:38:34.055,69048.0,0.00142,A,98.04816,165538258992310
1774165114474,2026-03-22 07:38:34.474,69048.0,0.00836,A,577.24128,158610410307970
1774165114474,2026-03-22 07:38:34.474,69048.0,0.04816,A,3325.35168,63713643894038
1774165115852,2026-03-22 07:38:35.852,69049.0,0.00819,B,565.51131,451697337485409
1774165116051,2026-03-22 07:38:36.051,69049.0,0.06662,B,4600.04438,966165479147303
1774165116051,2026-03-22 07:38:36.051,69049.0,0.23906,B,16506.85394,581850905680378
1774165116051,2026-03-22 07:38:36.051,69049.0,0.07769,B,5364.41681,410048751324012
1774165116051,2026-03-22 07:38:36.051,69049.0,0.13823,B,9544.643269999999,531732032951668
1774165116051,2026-03-22 07:38:36.051,69049.0,0.17104,B,11810.14096,599195053841361
1774165116051,2026-03-22 07:38:36.051,69049.0,0.07318,B,5053.005819999999,319892973246139
1774165116051,2026-03-22 07:38:36.051,69049.0,0.0615,B,4246.5135,453610617121004
1774165116051,2026-03-22 07:38:36.051,69049.0,0.00145,B,100.12105,993039196608489
1774165116051,2026-03-22 07:38:36.051,69049.0,0.10339,B,7138.97611,251887895353776
1774165116051,2026-03-22 07:38:36.051,69049.0,0.5,B,34524.5,1106423874841318
1774165116051,2026-03-22 07:38:36.051,69049.0,0.10842,B,7486.29258,338526834607079
1774165116051,2026-03-22 07:38:36.051,69049.0,0.09872,B,6816.51728,856481500443962
1774165118059,2026-03-22 07:38:38.059,69049.0,0.00016,B,11.04784,891356482031739
1774165121001,2026-03-22 07:38:41.001,69048.0,0.00028,A,19.33344,769239884314510
1774165123700,2026-03-22 07:38:43.700,69049.0,0.01107,B,764.37243,1101465696911148
1774165123700,2026-03-22 07:38:43.700,69049.0,0.00725,B,500.60525,807606537867766
1774165124000,2026-03-22 07:38:44.000,69048.0,0.00416,A,287.23967999999996,232940494640726
1774165124087,2026-03-22 07:38:44.087,69048.0,0.00022,A,15.190560000000001,860150784467968
1774165125029,2026-03-22 07:38:45.029,69049.0,0.00057,B,39.357929999999996,270052221829404
1774165126560,2026-03-22 07:38:46.560,69048.0,0.00041,A,28.30968,1045190051011047
1774165128107,2026-03-22 07:38:48.107,69048.0,0.05052,A,3488.3049600000004,938639193287804
1774165128107,2026-03-22 07:38:48.107,69048.0,0.26501,A,18298.410480000002,232785757920288
1774165133371,2026-03-22 07:38:53.371,69049.0,0.00142,B,98.04958,754095370005440
1774165133787,2026-03-22 07:38:53.787,69049.0,3e-05,B,2.07147,516092999875348
1774165133787,2026-03-22 07:38:53.787,69049.0,0.00145,B,100.12105,364211604014466
1774165133787,2026-03-22 07:38:53.787,69049.0,0.00145,B,100.12105,790960842538662
1774165133787,2026-03-22 07:38:53.787,69049.0,0.00145,B,100.12105,759150910053127
1774165133787,2026-03-22 07:38:53.787,69049.0,0.00145,B,100.12105,1052259828030265
1774165133787,2026-03-22 07:38:53.787,69049.0,0.00145,B,100.12105,690788652597822
1774165133787,2026-03-22 07:38:53.787,69049.0,0.00145,B,100.12105,604506081232720
1774165133787,2026-03-22 07:38:53.787,69049.0,0.00017,B,11.738330000000001,15179684525499
1774165133787,2026-03-22 07:38:53.787,69050.0,0.00017,B,11.7385,972428492256999
1774165133787,2026-03-22 07:38:53.787,69050.0,0.00025,B,17.2625,378904482282973
1774165133787,2026-03-22 07:38:53.787,69050.0,0.00015,B,10.3575,667489454566828
1774165133912,2026-03-22 07:38:53.912,69051.0,0.00017,B,11.73867,295480588145088
1774165133912,2026-03-22 07:38:53.912,69052.0,0.00017,B,11.738840000000001,316405601772700
1774165133912,2026-03-22 07:38:53.912,69053.0,0.00017,B,11.73901,232640430763586
1774165133912,2026-03-22 07:38:53.912,69054.0,0.003,B,207.162,1084333289088811
1774165133912,2026-03-22 07:38:53.912,69054.0,0.00017,B,11.739180000000001,1120103493527473
1774165134118,2026-03-22 07:38:54.118,69055.0,0.00017,B,11.739350000000002,887338137296578
1774165134118,2026-03-22 07:38:54.118,69056.0,0.00016,B,11.048960000000001,39287744477699
1774165134118,2026-03-22 07:38:54.118,69056.0,8e-05,B,5.5244800000000005,296748972966726
1774165134118,2026-03-22 07:38:54.118,69056.0,9e-05,B,6.21504,936382244428374
1774165134202,2026-03-22 07:38:54.202,69056.0,0.01448,A,999.93088,2945186963626
1774165134315,2026-03-22 07:38:54.315,69057.0,0.00015,B,10.35855,805827342559148
1774165134315,2026-03-22 07:38:54.315,69057.0,0.0039,B,269.3223,1082471853752371
1774165134315,2026-03-22 07:38:54.315,69057.0,0.00017,B,11.739690000000001,350523776561985
1774165134530,2026-03-22 07:38:54.530,69057.0,0.01467,A,1013.06619,293497960718458
1774165134530,2026-03-22 07:38:54.530,69057.0,1.01378,A,70008.60545999999,273072468215265
1774165134530,2026-03-22 07:38:54.530,69057.0,0.35,A,24169.949999999997,1105990767374965
1774165134530,2026-03-22 07:38:54.530,69057.0,0.16807,A,11606.40999,826379584557931
1774165134530,2026-03-22 07:38:54.530,69057.0,0.33004,A,22791.57228,568203232443443
1774165134810,2026-03-22 07:38:54.810,69058.0,0.00017,B,11.73986,330290616057319
1774165134810,2026-03-22 07:38:54.810,69059.0,0.00016,B,11.04944,163048417358118
1774165134810,2026-03-22 07:38:54.810,69059.0,0.00017,B,11.74003,76912389876963
1774165134810,2026-03-22 07:38:54.810,69060.0,0.00017,B,11.740200000000002,422805821544207
1774165135747,2026-03-22 07:38:55.747,69060.0,0.00144,A,99.44640000000001,1056024120029515
1774165136007,2026-03-22 07:38:56.007,69061.0,0.00164,B,113.26004,622974065958392
1774165136817,2026-03-22 07:38:56.817,69061.0,0.0238,B,1643.6518,364749478277847
1774165137070,2026-03-22 07:38:57.070,69060.0,0.00017,A,11.740200000000002,853773814194773
1774165138135,2026-03-22 07:38:58.135,69061.0,0.01,B,690.61,884933606079307
1774165138135,2026-03-22 07:38:58.135,69060.0,1e-05,A,0.6906000000000001,521062875740426
1774165141047,2026-03-22 07:39:01.047,69060.0,0.00237,A,163.6722,893134452822438
1774165142459,2026-03-22 07:39:02.459,69061.0,0.0207,B,1429.5627,825244263172881
1774165143064,2026-03-22 07:39:03.064,69060.0,0.0034,A,234.80399999999997,364077852701904
1774165144076,2026-03-22 07:39:04.076,69060.0,0.00142,A,98.0652,397212824199680
1774165146081,2026-03-22 07:39:06.081,69061.0,1.03005,B,71136.28305,945915850935078
1774165146081,2026-03-22 07:39:06.081,69061.0,0.003,B,207.183,181006770987802
1774165146081,2026-03-22 07:39:06.081,69061.0,0.00017,B,11.74037,1021688218210080
1774165146081,2026-03-22 07:39:06.081,69061.0,0.15111,B,10435.80771,684372682076517
1774165146081,2026-03-22 07:39:06.081,69061.0,0.12606,B,8705.829660000001,1004509977153644
1774165146081,2026-03-22 07:39:06.081,69061.0,0.32901,B,22721.75961,721088438830593
1774165146884,2026-03-22 07:39:06.884,69060.0,0.0057,A,393.642,330802985738453
1774165148085,2026-03-22 07:39:08.085,69061.0,0.00016,B,11.049760000000001,402467578825236
1774165149031,2026-03-22 07:39:09.031,69061.0,0.00021,B,14.50281,604320482188155
1774165151011,2026-03-22 07:39:11.011,69060.0,0.00042,A,29.005200000000002,512761945844210
1774165151615,2026-03-22 07:39:11.615,69061.0,0.00051,B,35.22111,301757076483921
1774165152521,2026-03-22 07:39:12.521,69058.0,0.00018,A,12.43044,580782159938726
1774165152521,2026-03-22 07:39:12.521,69057.0,0.00017,A,11.739690000000001,859150772622827
1774165152521,2026-03-22 07:39:12.521,69057.0,0.00015,A,10.35855,274601717970263
1774165152521,2026-03-22 07:39:12.521,69056.0,0.00017,A,11.73952,184716888629514
1774165152521,2026-03-22 07:39:12.521,69054.0,0.00017,A,11.739180000000001,743789946751402
1774165152615,2026-03-22 07:39:12.615,69054.0,0.00043,B,29.69322,574393717319016
1774165153290,2026-03-22 07:39:13.290,69053.0,0.01013,A,699.50689,785928010740031
1774165153290,2026-03-22 07:39:13.290,69053.0,0.00017,A,11.73901,362392239620709
1774165153290,2026-03-22 07:39:13.290,69053.0,0.00335,A,231.32755,394253414292334
1774165153290,2026-03-22 07:39:13.290,69054.0,0.00015,B,10.358099999999999,36159047927962
1774165153623,2026-03-22 07:39:13.623,69053.0,0.00043,A,29.69279,97764162025752
1774165154017,2026-03-22 07:39:14.017,69053.0,0.00415,A,286.56995,205167742873493
1774165154223,2026-03-22 07:39:14.223,69053.0,0.00022,A,15.19166,431864219184916
1774165155021,2026-03-22 07:39:15.021,69054.0,3e-05,B,2.0716200000000002,55916941897656
1774165155021,2026-03-22 07:39:15.021,69054.0,0.00053,B,36.59862,127731458507026
1774165158645,2026-03-22 07:39:18.645,69053.0,0.00028,A,19.33484,1034374055069503
1774165160155,2026-03-22 07:39:20.155,69054.0,0.02071,B,1430.10834,1103901604428859
1774165161671,2026-03-22 07:39:21.671,69054.0,0.0004,B,27.6216,434741956309556
1774165163887,2026-03-22 07:39:23.887,69054.0,0.00036,B,24.859440000000003,760160971305337
1774165163887,2026-03-22 07:39:23.887,69054.0,0.00036,B,24.859440000000003,472967013717715
1774165163887,2026-03-22 07:39:23.887,69054.0,0.00145,B,100.1283,115634378141222
1774165163887,2026-03-22 07:39:23.887,69054.0,0.00036,B,24.859440000000003,223827180227907
1774165163887,2026-03-22 07:39:23.887,69054.0,0.00017,B,11.739180000000001,443437591812732
1774165163887,2026-03-22 07:39:23.887,69055.0,0.00015,B,10.35825,251876303996857
1774165163887,2026-03-22 07:39:23.887,69055.0,0.00017,B,11.739350000000002,250381547958425
1774165163887,2026-03-22 07:39:23.887,69055.0,2e-05,B,1.3811000000000002,210956346712034
1774165164087,2026-03-22 07:39:24.087,69055.0,0.00015,B,10.35825,273373540362172
1774165164087,2026-03-22 07:39:24.087,69056.0,0.00017,B,11.73952,787627955793142
1774165164087,2026-03-22 07:39:24.087,69056.0,0.00024,B,16.57344,232316747101057
1774165164087,2026-03-22 07:39:24.087,69057.0,0.00017,B,11.739690000000001,1035739035797542
1774165166046,2026-03-22 07:39:26.046,69058.0,0.00017,B,11.73986,1005252613720297
1774165166046,2026-03-22 07:39:26.046,69058.0,0.00147,B,101.51526,1113167286217420
1774165167054,2026-03-22 07:39:27.054,69057.0,0.00017,A,11.739690000000001,715176920348148
1774165168803,2026-03-22 07:39:28.803,69057.0,0.00289,A,199.57473000000002,423911243815610
1774165168803,2026-03-22 07:39:28.803,69057.0,0.00336,A,232.03152,490626701949926
1774165169407,2026-03-22 07:39:29.407,69059.0,0.00075,B,51.79425,1089615458045195
1774165169947,2026-03-22 07:39:29.947,69058.0,0.09345,A,6453.4701000000005,496428516222120
1774165169947,2026-03-22 07:39:29.947,69058.0,0.09345,A,6453.4701000000005,453629208798246
1774165169947,2026-03-22 07:39:29.947,69058.0,0.07039,A,4860.99262,1084393411131137
1774165169947,2026-03-22 07:39:29.947,69057.0,0.5,A,34528.5,192432088281963
1774165169947,2026-03-22 07:39:29.947,69056.0,0.00015,A,10.3584,290046796855599
1774165169947,2026-03-22 07:39:29.947,69054.0,0.00016,A,11.04864,85727184101223
1774165169947,2026-03-22 07:39:29.947,69053.0,0.00021,A,14.50113,786184060598232
1774165169947,2026-03-22 07:39:29.947,69053.0,0.17812,A,12299.72036,590886286189949
1774165169947,2026-03-22 07:39:29.947,69053.0,0.00016,A,11.048480000000001,1043209735872569
1774165169947,2026-03-22 07:39:29.947,69052.0,0.003,A,207.156,327139590366106
1774165169947,2026-03-22 07:39:29.947,69052.0,0.00017,A,11.738840000000001,248646530584862
1774165171079,2026-03-22 07:39:31.079,69051.0,0.00017,A,11.73867,647347272538519
1774165171079,2026-03-22 07:39:31.079,69051.0,0.00221,A,152.60271,600026497257332
1774165171349,2026-03-22 07:39:31.349,69051.0,0.0002,A,13.8102,802812925510717
1774165171546,2026-03-22 07:39:31.546,69052.0,0.00017,B,11.738840000000001,788599999089082
1774165171837,2026-03-22 07:39:31.837,69052.0,0.08304,B,5734.07808,452603762135936
1774165171837,2026-03-22 07:39:31.837,69052.0,0.11696,B,8076.321919999999,1033669574632659
1774165173015,2026-03-22 07:39:33.015,69051.0,0.00339,A,234.08289,987694769595363
1774165174057,2026-03-22 07:39:34.057,69051.0,0.00141,A,97.36191,578213831363589
1774165176051,2026-03-22 07:39:36.051,69052.0,0.3703,B,25569.9556,1097841943653739
1774165176051,2026-03-22 07:39:36.051,69052.0,0.08322,B,5746.50744,30558054348812
1774165176051,2026-03-22 07:39:36.051,69052.0,0.06042,B,4172.12184,287613162275958
1774165176051,2026-03-22 07:39:36.051,69052.0,0.13106,B,9049.95512,367818943512535
1774165176051,2026-03-22 07:39:36.051,69052.0,0.0502,B,3466.4104,533099093156813
1774165176051,2026-03-22 07:39:36.051,69052.0,0.09984,B,6894.15168,566653246417472
1774165176051,2026-03-22 07:39:36.051,69052.0,0.08,B,5524.16,945479885593963
1774165176051,2026-03-22 07:39:36.051,69052.0,0.09951,B,6871.36452,1051676671164561
1774165176051,2026-03-22 07:39:36.051,69052.0,0.13784,B,9518.12768,452726558701583
1774165176051,2026-03-22 07:39:36.051,69052.0,0.01331,B,919.08212,117177502112474
1774165176051,2026-03-22 07:39:36.051,69052.0,0.22209,B,15335.75868,1087293595817530
1774165176051,2026-03-22 07:39:36.051,69052.0,0.11558,B,7981.03016,328948855512033
1774165176051,2026-03-22 07:39:36.051,69052.0,0.17593,B,12148.31836,103631312884224
1774165176892,2026-03-22 07:39:36.892,69051.0,0.00017,A,11.73867,375293736559433
1774165176892,2026-03-22 07:39:36.892,69050.0,0.00017,A,11.7385,1030459971544973
1774165176892,2026-03-22 07:39:36.892,69050.0,0.00015,A,10.3575,975516162367161
1774165177025,2026-03-22 07:39:37.025,69049.0,0.00016,A,11.04784,172233731649020
1774165177025,2026-03-22 07:39:37.025,69049.0,0.00017,A,11.738330000000001,190002513025735
1774165177025,2026-03-22 07:39:37.025,69049.0,0.01419,A,979.80531,109576166498157
1774165177025,2026-03-22 07:39:37.025,69049.0,0.00015,A,10.357349999999999,126591436971332
1774165177025,2026-03-22 07:39:37.025,69048.0,0.00017,A,11.73816,424294552976365
1774165177299,2026-03-22 07:39:37.299,69047.0,0.00017,A,11.737990000000002,139586221278530
1774165177299,2026-03-22 07:39:37.299,69046.0,3e-05,A,2.07138,340853231851370
1774165177496,2026-03-22 07:39:37.496,69046.0,0.00013,A,8.97598,891662549500623
1774165177496,2026-03-22 07:39:37.496,69046.0,0.00017,A,11.737820000000001,786457547507533
1774165177496,2026-03-22 07:39:37.496,69045.0,0.00017,A,11.73765,990128879559069
1774165177496,2026-03-22 07:39:37.496,69044.0,0.00017,A,11.737480000000001,88541842853157
1774165177496,2026-03-22 07:39:37.496,69043.0,0.00017,A,11.73731,1040512571524757
1774165177496,2026-03-22 07:39:37.496,69043.0,0.003,A,207.129,386674497210490
1774165177496,2026-03-22 07:39:37.496,69042.0,0.00016,A,11.04672,905948591354212
1774165177496,2026-03-22 07:39:37.496,69042.0,0.00015,A,10.3563,573892907352890
1774165177496,2026-03-22 07:39:37.496,69042.0,0.00017,A,11.73714,871941405421784
1774165177496,2026-03-22 07:39:37.496,69041.0,0.00017,A,11.736970000000001,740094766776870
1774165177496,2026-03-22 07:39:37.496,69041.0,0.003,A,207.123,941165418076600
1774165177496,2026-03-22 07:39:37.496,69041.0,0.01619,A,1117.77379,707556797800996
1774165177776,2026-03-22 07:39:37.776,69041.0,0.02433,A,1679.76753,855785996918610
1774165177776,2026-03-22 07:39:37.776,69040.0,0.00017,A,11.7368,385911160787241
1774165177776,2026-03-22 07:39:37.776,69039.0,0.00017,A,11.736630000000002,1079432864110324
1774165177776,2026-03-22 07:39:37.776,69038.0,0.00016,A,11.046080000000002,398684251279729
1774165177776,2026-03-22 07:39:37.776,69038.0,0.00017,A,11.736460000000001,751042157371803
1774165177776,2026-03-22 07:39:37.776,69038.0,0.104,A,7179.951999999999,557074193937224
1774165178002,2026-03-22 07:39:38.002,69039.0,0.00016,B,11.046240000000001,759485139177615
1774165178286,2026-03-22 07:39:38.286,69038.0,0.01469,A,1014.16822,85672231854153
1774165179605,2026-03-22 07:39:39.605,69039.0,0.00247,B,170.52633,144866186365538
1774165180523,2026-03-22 07:39:40.523,69038.0,0.01448,A,999.67024,952870704289482
1774165181016,2026-03-22 07:39:41.016,69038.0,0.0004,A,27.6152,163444194768126
1774165182228,2026-03-22 07:39:42.228,69039.0,0.01021,B,704.88819,267072022652456
1774165183756,2026-03-22 07:39:43.756,69038.0,0.00043,A,29.686339999999998,881437453543864
1774165184016,2026-03-22 07:39:44.016,69038.0,0.00416,A,287.19807999999995,220381172463989
1774165185016,2026-03-22 07:39:45.016,69039.0,0.00057,B,39.35223,424515247193340
1774165187151,2026-03-22 07:39:47.151,69038.0,0.07649,A,5280.71662,1003495393951600
1774165188748,2026-03-22 07:39:48.748,69038.0,1e-05,A,0.6903800000000001,1034544740279225
1774165191485,2026-03-22 07:39:51.485,69038.0,0.31709,A,21891.25942,344874779422057
1774165191485,2026-03-22 07:39:51.485,69038.0,0.11752,A,8113.34576,102741257577304
1774165191485,2026-03-22 07:39:51.485,69038.0,0.36922,A,25490.21036,342339202125288
1774165191485,2026-03-22 07:39:51.485,69038.0,0.22509,A,15539.763420000001,473121061990499
1774165191485,2026-03-22 07:39:51.485,69038.0,0.5,A,34519.0,384580062866776
1774165191485,2026-03-22 07:39:51.485,69038.0,0.10339,A,7137.83882,12416350566067
1774165191485,2026-03-22 07:39:51.485,69038.0,0.14577,A,10063.66926,143970951996544
1774165191485,2026-03-22 07:39:51.485,69037.0,0.00017,A,11.73629,709331609156741
1774165191485,2026-03-22 07:39:51.485,69037.0,0.00022,A,15.18814,188221408273081
1774165191485,2026-03-22 07:39:51.485,69036.0,0.01,A,690.36,162653638153415
1774165191485,2026-03-22 07:39:51.485,69036.0,0.00016,A,11.045760000000001,712860868705611
1774165191485,2026-03-22 07:39:51.485,69036.0,0.00017,A,11.736120000000001,79934113104905
1774165191485,2026-03-22 07:39:51.485,69036.0,0.003,A,207.108,405067838925603
1774165191485,2026-03-22 07:39:51.485,69035.0,0.00724,A,499.8134,247498580458767
1774165191485,2026-03-22 07:39:51.485,69035.0,0.00017,A,11.73595,1067523962107291
1774165191485,2026-03-22 07:39:51.485,69035.0,0.04655,A,3213.5792500000002,166376899283392
1774165191485,2026-03-22 07:39:51.485,69035.0,0.08907,A,6148.94745,550607829181712
1774165191485,2026-03-22 07:39:51.485,69034.0,0.00017,A,11.73578,377487340503507
1774165191485,2026-03-22 07:39:51.485,69034.0,0.01315,A,907.7971,898758425000679
1774165191485,2026-03-22 07:39:51.485,69034.0,0.00072,A,49.704480000000004,671532712190307
1774165191485,2026-03-22 07:39:51.485,69033.0,0.00306,A,211.24097999999998,3038358863844
1774165191485,2026-03-22 07:39:51.485,69033.0,0.00017,A,11.735610000000001,974359050760251
1774165191485,2026-03-22 07:39:51.485,69033.0,0.42702,A,29478.47166,448994823699233
1774165191485,2026-03-22 07:39:51.485,69033.0,0.001,A,69.033,834510569607535
1774165191485,2026-03-22 07:39:51.485,69033.0,0.0459,A,3168.6147,959325876258729
1774165191485,2026-03-22 07:39:51.485,69032.0,0.01,A,690.32,22270277406750
1774165191485,2026-03-22 07:39:51.485,69032.0,0.003,A,207.096,1020390978074851
1774165191485,2026-03-22 07:39:51.485,69032.0,0.00017,A,11.73544,15710775794177
1774165191485,2026-03-22 07:39:51.485,69032.0,0.38926,A,26871.39632,102941083563473
1774165191485,2026-03-22 07:39:51.485,69032.0,0.09169,A,6329.54408,328837102446693
1774165191485,2026-03-22 07:39:51.485,69032.0,0.00015,A,10.3548,724853761519054
1774165191485,2026-03-22 07:39:51.485,69032.0,0.13364,A,9225.43648,946616132607146
1774165191485,2026-03-22 07:39:51.485,69031.0,0.01188,A,820.0882799999999,755951994089000
1774165191485,2026-03-22 07:39:51.485,69031.0,0.00016,A,11.044960000000001,277079597360602
1774165191485,2026-03-22 07:39:51.485,69031.0,0.003,A,207.09300000000002,547120321734759
1774165191485,2026-03-22 07:39:51.485,69031.0,0.00033,A,22.78023,892922176560680
1774165191485,2026-03-22 07:39:51.485,69031.0,0.0319,A,2202.0888999999997,578909355341666
1774165192565,2026-03-22 07:39:52.565,69031.0,0.02595,A,1791.35445,117684092203363
1774165193530,2026-03-22 07:39:53.530,69030.0,0.0002,A,13.806000000000001,537872714745428
1774165193530,2026-03-22 07:39:53.530,69030.0,0.01758,A,1213.5474,1064805501938661
1774165193530,2026-03-22 07:39:53.530,69030.0,0.00015,A,10.3545,502608470269878
1774165193530,2026-03-22 07:39:53.530,69028.0,0.01,A,690.28,118587630141706
1774165193530,2026-03-22 07:39:53.530,69027.0,0.00016,A,11.04432,8400599541786
1774165193530,2026-03-22 07:39:53.530,69026.0,0.00028,A,19.32728,120071218827469
1774165193530,2026-03-22 07:39:53.530,69026.0,0.003,A,207.078,590303345097512
1774165193530,2026-03-22 07:39:53.530,69025.0,0.1,A,6902.5,825100507820544
1774165193530,2026-03-22 07:39:53.530,69025.0,0.14662,A,10120.4455,757479171251726
1774165193530,2026-03-22 07:39:53.530,69025.0,0.1,A,6902.5,224895814301741
1774165193530,2026-03-22 07:39:53.530,69025.0,0.33333,A,23008.10325,447063383636003
1774165193611,2026-03-22 07:39:53.611,69025.0,0.1,A,6902.5,964540620328091
1774165193611,2026-03-22 07:39:53.611,69025.0,0.1,A,6902.5,678493483988598
1774165193611,2026-03-22 07:39:53.611,69025.0,0.1,A,6902.5,221573999508997
1774165193611,2026-03-22 07:39:53.611,69025.0,0.00611,A,421.74275,1024370223983817
1774165193611,2026-03-22 07:39:53.611,69025.0,0.1,A,6902.5,309574975772853
1774165193611,2026-03-22 07:39:53.611,69025.0,0.1,A,6902.5,891157984429485
1774165193611,2026-03-22 07:39:53.611,69025.0,0.25,A,17256.25,938718572773987
1774165193611,2026-03-22 07:39:53.611,69025.0,0.04338,A,2994.3045,250924600018452
1774165193611,2026-03-22 07:39:53.611,69025.0,0.14164,A,9776.701,1070148174420956
1774165193611,2026-03-22 07:39:53.611,69024.0,0.00016,A,11.043840000000001,436790048725000
1774165193611,2026-03-22 07:39:53.611,69023.0,0.00071,A,49.00633,1099475186958890
1774165193611,2026-03-22 07:39:53.611,69022.0,0.00306,A,211.20731999999998,41657639669597
1774165193611,2026-03-22 07:39:53.611,69022.0,0.00015,A,10.353299999999999,469658605403391
1774165193611,2026-03-22 07:39:53.611,69021.0,0.1,A,6902.1,666249464485502
1774165193611,2026-03-22 07:39:53.611,69021.0,0.0279,A,1925.6859000000002,187769590286129
1774165193611,2026-03-22 07:39:53.611,69021.0,0.08463,A,5841.24723,966153355988312
1774165193764,2026-03-22 07:39:53.764,69021.0,0.05508,A,3801.6766799999996,375438678559212
1774165193764,2026-03-22 07:39:53.764,69021.0,0.19492,A,13453.573320000001,234779221911420
1774165193764,2026-03-22 07:39:53.764,69021.0,0.09272,A,6399.62712,277300190395420
1774165193764,2026-03-22 07:39:53.764,69021.0,0.1,A,6902.1,951597143580965
1774165193764,2026-03-22 07:39:53.764,69021.0,0.1784,A,12313.3464,478950606895820
1774165193764,2026-03-22 07:39:53.764,69021.0,0.25,A,17255.25,526291286884210
1774165193764,2026-03-22 07:39:53.764,69021.0,5.68382,A,392302.94022,17584089523497
1774165193764,2026-03-22 07:39:53.764,69021.0,0.00434,A,299.55114000000003,900554567544713
1774165193764,2026-03-22 07:39:53.764,69021.0,0.003,A,207.06300000000002,664045687149107
1774165193764,2026-03-22 07:39:53.764,69020.0,0.008,A,552.16,904904623265293
1774165193764,2026-03-22 07:39:53.764,69020.0,0.25,A,17255.0,568836712371854
1774165193764,2026-03-22 07:39:53.764,69020.0,0.00016,A,11.0432,96585994193249
1774165193764,2026-03-22 07:39:53.764,69019.0,0.003,A,207.05700000000002,493369853497869
1774165193764,2026-03-22 07:39:53.764,69018.0,0.00016,A,11.04288,451214681452252
1774165193764,2026-03-22 07:39:53.764,69015.0,0.01608,A,1109.7612000000001,569573705479633
1774165193764,2026-03-22 07:39:53.764,69015.0,0.00017,A,11.732550000000002,628730729797900
1774165193764,2026-03-22 07:39:53.764,69015.0,0.00295,A,203.59425,1018884081729974
1774165193764,2026-03-22 07:39:53.764,69014.0,0.0004,A,27.605600000000003,1053650389919379
1774165193764,2026-03-22 07:39:53.764,69013.0,0.00016,A,11.04208,306131950934970
1774165193764,2026-03-22 07:39:53.764,69012.0,0.01014,A,699.7816799999999,263335213661145
1774165193764,2026-03-22 07:39:53.764,69010.0,0.001,A,69.01,420652707226097
1774165193764,2026-03-22 07:39:53.764,69010.0,0.00054,A,37.2654,927070295431834
1774165193764,2026-03-22 07:39:53.764,69009.0,0.00016,A,11.041440000000001,145211350540867
1774165193764,2026-03-22 07:39:53.764,69009.0,0.00016,A,11.041440000000001,974921328440622
1774165193764,2026-03-22 07:39:53.764,69008.0,0.00295,A,203.5736,766122136212080
1774165193764,2026-03-22 07:39:53.764,69008.0,0.02327,A,1605.8161599999999,973068979097433
1774165193764,2026-03-22 07:39:53.764,69007.0,0.00017,A,11.731190000000002,572230249191944
1774165193764,2026-03-22 07:39:53.764,69006.0,0.00067,A,46.23402,545943857027325
1774165193764,2026-03-22 07:39:53.764,69006.0,0.00016,A,11.04096,848210859250771
1774165193764,2026-03-22 07:39:53.764,69005.0,0.02117,A,1460.8358500000002,613843317117526
1774165193764,2026-03-22 07:39:53.764,69005.0,0.022,A,1518.11,434134568909031
1774165193764,2026-03-22 07:39:53.764,69005.0,0.022,A,1518.11,878678982084315
1774165193764,2026-03-22 07:39:53.764,69005.0,0.022,A,1518.11,183993410119133
1774165193820,2026-03-22 07:39:53.820,69005.0,0.01887,A,1302.12435,370403611626702
1774165193820,2026-03-22 07:39:53.820,69005.0,0.00313,A,215.98565,377386643123042
1774165193820,2026-03-22 07:39:53.820,69005.0,0.022,A,1518.11,474326609916443
1774165193820,2026-03-22 07:39:53.820,69005.0,0.022,A,1518.11,462041528222659
1774165193820,2026-03-22 07:39:53.820,69005.0,0.022,A,1518.11,144807218143554
1774165193894,2026-03-22 07:39:53.894,69005.0,0.022,A,1518.11,493716083675341
1774165193894,2026-03-22 07:39:53.894,69005.0,0.022,A,1518.11,466950844474189
1774165193894,2026-03-22 07:39:53.894,69005.0,0.022,A,1518.11,656460940666835
1774165193894,2026-03-22 07:39:53.894,69005.0,0.022,A,1518.11,1116526665853829
1774165193894,2026-03-22 07:39:53.894,69005.0,0.022,A,1518.11,792617952018244
1774165193894,2026-03-22 07:39:53.894,69005.0,0.022,A,1518.11,766311237238721
1774165193958,2026-03-22 07:39:53.958,69005.0,0.005,A,345.02500000000003,1029484573950527
1774165193958,2026-03-22 07:39:53.958,69005.0,0.022,A,1518.11,494125579202570
1774165193958,2026-03-22 07:39:53.958,69005.0,0.016,A,1104.08,303326982157221
1774165193958,2026-03-22 07:39:53.958,69005.0,0.02348,A,1620.2374,503033198755331
1774165193958,2026-03-22 07:39:53.958,69005.0,0.00016,A,11.0408,264977628623415
1774165193958,2026-03-22 07:39:53.958,69005.0,0.02103,A,1451.17515,568898456668081
1774165193958,2026-03-22 07:39:53.958,69004.0,0.25,A,17251.0,634602768375156
1774165193958,2026-03-22 07:39:53.958,69003.0,0.00016,A,11.04048,204567079477368
1774165193958,2026-03-22 07:39:53.958,69003.0,0.001,A,69.003,55126328117171
1774165193958,2026-03-22 07:39:53.958,69002.0,0.00016,A,11.040320000000001,952909235158055
1774165194011,2026-03-22 07:39:54.011,69000.0,0.01,A,690.0,824649749333304
1774165194011,2026-03-22 07:39:54.011,69000.0,0.00142,A,97.98,77980197674936
1774165194011,2026-03-22 07:39:54.011,69000.0,0.00087,A,60.03,40155366732180
1774165194011,2026-03-22 07:39:54.011,69000.0,0.00022,A,15.18,1057251253707558
1774165194011,2026-03-22 07:39:54.011,69000.0,0.00047,A,32.43,346977916931332
1774165194011,2026-03-22 07:39:54.011,69000.0,0.0005,A,34.5,923613707032959
1774165194011,2026-03-22 07:39:54.011,69000.0,0.00072,A,49.68,1022865469604362
1774165194011,2026-03-22 07:39:54.011,69000.0,0.00025,A,17.25,902941925925738
1774165194011,2026-03-22 07:39:54.011,69000.0,0.00755,A,520.95,314851731616285
1774165194080,2026-03-22 07:39:54.080,69000.0,0.00493,A,340.17,276207130850675
1774165194080,2026-03-22 07:39:54.080,69000.0,0.005,A,345.0,148848183366612
1774165194080,2026-03-22 07:39:54.080,69000.0,0.00182,A,125.58,289915014642159
1774165194080,2026-03-22 07:39:54.080,69000.0,0.002,A,138.0,1042329831648302
1774165194080,2026-03-22 07:39:54.080,69000.0,0.14484,A,9993.96,121906522129630
1774165194080,2026-03-22 07:39:54.080,69000.0,0.03853,A,2658.57,997843918297670
1774165194080,2026-03-22 07:39:54.080,69000.0,0.03393,A,2341.17,248327228251247
1774165194080,2026-03-22 07:39:54.080,69000.0,0.00579,A,399.51,993350182658145
1774165194080,2026-03-22 07:39:54.080,69000.0,0.00088,A,60.72,879489982919253
1774165194080,2026-03-22 07:39:54.080,69000.0,0.03136,A,2163.84,1028152538099959
1774165194080,2026-03-22 07:39:54.080,69000.0,0.01318,A,909.4200000000001,662206809184910
1774165194080,2026-03-22 07:39:54.080,69000.0,0.10754,A,7420.26,615903892754614
1774165194080,2026-03-22 07:39:54.080,69000.0,0.00086,A,59.339999999999996,336121608881767
1774165194080,2026-03-22 07:39:54.080,69000.0,0.001,A,69.0,837526687215844
1774165194080,2026-03-22 07:39:54.080,69000.0,0.00021,A,14.49,297904749421381
1774165194080,2026-03-22 07:39:54.080,69000.0,0.00289,A,199.41000000000003,149365800624293
1774165194080,2026-03-22 07:39:54.080,69000.0,0.00962,A,663.78,763122898805169
1774165194080,2026-03-22 07:39:54.080,69000.0,0.03536,A,2439.84,465600272819290
1774165194080,2026-03-22 07:39:54.080,69000.0,0.01712,A,1181.28,896500740164069
1774165194080,2026-03-22 07:39:54.080,69000.0,0.06222,A,4293.179999999999,932137946352332
1774165194195,2026-03-22 07:39:54.195,69000.0,0.08778,A,6056.82,228383816911879
1774165194195,2026-03-22 07:39:54.195,69000.0,0.001,A,69.0,764716602413128
1774165194195,2026-03-22 07:39:54.195,69000.0,1.36055,A,93877.95,735542034427395
1774165194195,2026-03-22 07:39:54.195,69000.0,0.25,A,17250.0,155227774971609
1774165194195,2026-03-22 07:39:54.195,69000.0,1.44935,A,100005.15,642279709563506
1774165194195,2026-03-22 07:39:54.195,69000.0,0.1,A,6900.0,105009984580209
1774165194195,2026-03-22 07:39:54.195,69000.0,1.98874,A,137223.06,1008342521937517
1774165194195,2026-03-22 07:39:54.195,69000.0,0.1,A,6900.0,367038631335476
1774165194195,2026-03-22 07:39:54.195,69000.0,0.20601,A,14214.69,1057238572232603
1774165194195,2026-03-22 07:39:54.195,69000.0,0.68673,A,47384.369999999995,845372168226239
1774165194195,2026-03-22 07:39:54.195,69000.0,0.40466,A,27921.54,956508603332639
1774165194195,2026-03-22 07:39:54.195,69000.0,1.34887,A,93072.03,759927812450437
1774165194195,2026-03-22 07:39:54.195,69000.0,0.02895,A,1997.55,697579765464877
1774165194195,2026-03-22 07:39:54.195,69000.0,0.00482,A,332.58,509656035725563
1774165194195,2026-03-22 07:39:54.195,69000.0,0.28397,A,19593.93,526447610794740
1774165194195,2026-03-22 07:39:54.195,69000.0,0.5,A,34500.0,222480886758730
1774165194195,2026-03-22 07:39:54.195,69000.0,0.018,A,1242.0,309111712066535
1774165194195,2026-03-22 07:39:54.195,69000.0,1.26935,A,87585.15,642436043654595
1774165194195,2026-03-22 07:39:54.195,68999.0,0.00016,A,11.039840000000002,444310351715808
1774165194195,2026-03-22 07:39:54.195,68999.0,0.02362,A,1629.7563799999998,61178707862279
1774165194195,2026-03-22 07:39:54.195,68998.0,0.00097,A,66.92806,16807350617199
1774165194195,2026-03-22 07:39:54.195,68997.0,0.00028,A,19.319159999999997,890391191950743
1774165194195,2026-03-22 07:39:54.195,68995.0,0.00016,A,11.039200000000001,891113003131663
1774165194195,2026-03-22 07:39:54.195,68995.0,0.00016,A,11.039200000000001,33844052006767
1774165194195,2026-03-22 07:39:54.195,68995.0,0.001,A,68.995,513037148571527
1774165194195,2026-03-22 07:39:54.195,68992.0,0.00348,A,240.09216,437224800159003
1774165194195,2026-03-22 07:39:54.195,68991.0,0.003,A,206.973,887425102051401
1774165194195,2026-03-22 07:39:54.195,68991.0,0.00018,A,12.41838,78024463075783
1774165194195,2026-03-22 07:39:54.195,68991.0,0.00184,A,126.94344000000001,698923865616135
1774165194195,2026-03-22 07:39:54.195,68991.0,0.00016,A,11.03856,532480208996076
1774165194195,2026-03-22 07:39:54.195,68991.0,0.001,A,68.991,66289420662086
1774165194195,2026-03-22 07:39:54.195,68991.0,0.002,A,137.982,302480840137462
1774165194195,2026-03-22 07:39:54.195,68990.0,0.00634,A,437.39660000000003,584206506100450
1774165194195,2026-03-22 07:39:54.195,68990.0,0.029,A,2000.71,928170045126660
1774165194195,2026-03-22 07:39:54.195,68990.0,0.012,A,827.88,338114244132847
1774165194195,2026-03-22 07:39:54.195,68990.0,0.00266,A,183.5134,204408165912293
1774165194195,2026-03-22 07:39:54.195,68990.0,0.001,A,68.99,671777465828242
1774165194195,2026-03-22 07:39:54.195,68990.0,0.02634,A,1817.1966,901944809249090
1774165194333,2026-03-22 07:39:54.333,68990.0,0.029,A,2000.71,879208108548369
1774165194333,2026-03-22 07:39:54.333,68990.0,0.03,A,2069.7,967767529118592
1774165194333,2026-03-22 07:39:54.333,68990.0,0.029,A,2000.71,811582582370547
1774165194333,2026-03-22 07:39:54.333,68990.0,0.022,A,1517.78,257177925938560
1774165194333,2026-03-22 07:39:54.333,68990.0,0.04112,A,2836.8687999999997,1030845385763531
1774165194333,2026-03-22 07:39:54.333,68989.0,0.26761,A,18462.14629,166146632568095
1774165194333,2026-03-22 07:39:54.333,68989.0,0.001,A,68.989,396664039142994
1774165194333,2026-03-22 07:39:54.333,68988.0,0.25,A,17247.0,104563963287294
1774165194333,2026-03-22 07:39:54.333,68988.0,0.00567,A,391.16195999999997,381129839282860
1774165194333,2026-03-22 07:39:54.333,68988.0,0.0214,A,1476.3432,239814218026418
1774165194333,2026-03-22 07:39:54.333,68987.0,0.00016,A,11.037920000000002,1076111552270162
1774165194333,2026-03-22 07:39:54.333,68987.0,0.00055,A,37.94285,455859464401947
1774165194333,2026-03-22 07:39:54.333,68985.0,0.001,A,68.985,563034498152088
1774165194333,2026-03-22 07:39:54.333,68985.0,0.0023,A,158.6655,873645506445536
1774165194333,2026-03-22 07:39:54.333,68984.0,0.00016,A,11.03744,189388080176974
1774165194333,2026-03-22 07:39:54.333,68984.0,0.002,A,137.968,962594685778255
1774165194333,2026-03-22 07:39:54.333,68984.0,0.00703,A,484.95752,249633497130730
1774165194333,2026-03-22 07:39:54.333,68984.0,0.00745,A,513.9308,1025528502928772
1774165194333,2026-03-22 07:39:54.333,68983.0,0.00055,A,37.940650000000005,801220840498614
1774165194333,2026-03-22 07:39:54.333,68983.0,0.00239,A,164.86937,37664159716217
1774165194333,2026-03-22 07:39:54.333,68982.0,0.00018,A,12.41676,485602601079657
1774165194333,2026-03-22 07:39:54.333,68982.0,0.001,A,68.982,613671376413687
1774165194333,2026-03-22 07:39:54.333,68982.0,0.00307,A,211.77473999999998,4559765938277
1774165194333,2026-03-22 07:39:54.333,68982.0,0.001,A,68.982,464318837373182
1774165194333,2026-03-22 07:39:54.333,68981.0,0.00016,A,11.03696,770192163589481
1774165194333,2026-03-22 07:39:54.333,68980.0,0.00016,A,11.036800000000001,99805917171019
1774165194333,2026-03-22 07:39:54.333,68980.0,4e-05,A,2.7592000000000003,96115637328
1774165194333,2026-03-22 07:39:54.333,68980.0,0.00096,A,66.2208,910434026328392
1774165194333,2026-03-22 07:39:54.333,68980.0,0.00087,A,60.0126,628756373795049
1774165194333,2026-03-22 07:39:54.333,68979.0,0.00309,A,213.14511,810522727951281
1774165194333,2026-03-22 07:39:54.333,68977.0,0.001,A,68.977,581805418936377
1774165194333,2026-03-22 07:39:54.333,68977.0,0.00208,A,143.47215999999997,81122103717903
1774165194333,2026-03-22 07:39:54.333,68977.0,0.00101,A,69.66677,939286803560906
1774165194333,2026-03-22 07:39:54.333,68976.0,0.00016,A,11.03616,970115954667824
1774165194333,2026-03-22 07:39:54.333,68975.0,0.001,A,68.97500000000001,747344525098423
1774165194333,2026-03-22 07:39:54.333,68975.0,0.01583,A,1091.87425,758686090474953
1774165194416,2026-03-22 07:39:54.416,68977.0,0.00072,B,49.66344,359139999165083
1774165194515,2026-03-22 07:39:54.515,68974.0,0.0186,A,1282.9163999999998,192001325921546
1774165194515,2026-03-22 07:39:54.515,68973.0,0.00037,A,25.52001,250231577431962
1774165194515,2026-03-22 07:39:54.515,68973.0,0.00283,A,195.19359,385981633367642
1774165194515,2026-03-22 07:39:54.515,68973.0,0.00033,A,22.76109,460195799709618
1774165194515,2026-03-22 07:39:54.515,68973.0,0.00069,A,47.59137,947716150816526
1774165194515,2026-03-22 07:39:54.515,68973.0,0.001,A,68.973,648141801046218
1774165194515,2026-03-22 07:39:54.515,68973.0,0.00106,A,73.11138,1021029904803255
1774165194515,2026-03-22 07:39:54.515,68977.0,0.00121,B,83.46217,693742188244889
1774165194515,2026-03-22 07:39:54.515,68977.0,0.00162,B,111.74274,519669247589001
1774165194515,2026-03-22 07:39:54.515,68973.0,0.00247,A,170.36330999999998,549540551129835
1774165194515,2026-03-22 07:39:54.515,68973.0,0.00247,A,170.36330999999998,689977724891430
1774165194515,2026-03-22 07:39:54.515,68973.0,0.00248,A,171.05304,168704392132341
1774165194515,2026-03-22 07:39:54.515,68973.0,0.00248,A,171.05304,755506825812958
1774165194515,2026-03-22 07:39:54.515,68973.0,0.00248,A,171.05304,304811445787443
1774165194515,2026-03-22 07:39:54.515,68973.0,0.00248,A,171.05304,477982217570611
1774165194515,2026-03-22 07:39:54.515,68973.0,0.00316,A,217.95468,451307846568282
1774165194515,2026-03-22 07:39:54.515,68973.0,0.00578,A,398.66394,329193252173711
1774165194515,2026-03-22 07:39:54.515,68973.0,0.00742,A,511.77966000000004,125506702730137
1774165194515,2026-03-22 07:39:54.515,68973.0,0.00752,A,518.67696,1094161194628862
1774165194515,2026-03-22 07:39:54.515,68973.0,0.01157,A,798.01761,661296851480522
1774165194515,2026-03-22 07:39:54.515,68973.0,0.01408,A,971.13984,323408308692117
1774165194515,2026-03-22 07:39:54.515,68973.0,0.01441,A,993.9009299999999,73527865955798
1774165194515,2026-03-22 07:39:54.515,68973.0,0.01449,A,999.41877,102711810581694
1774165194515,2026-03-22 07:39:54.515,68973.0,0.015,A,1034.595,275416889476867
1774165194515,2026-03-22 07:39:54.515,68973.0,0.02,A,1379.46,298771889557459
1774165194515,2026-03-22 07:39:54.515,68973.0,0.02522,A,1739.4990599999999,501727321227912
1774165194515,2026-03-22 07:39:54.515,68973.0,0.02713,A,1871.23749,896328089056554
1774165194515,2026-03-22 07:39:54.515,68973.0,0.02976,A,2052.63648,982690796730314
1774165194515,2026-03-22 07:39:54.515,68977.0,0.04308,B,2971.52916,764977282044099
1774165194515,2026-03-22 07:39:54.515,68973.0,0.05095,A,3514.1743500000002,876184750364658
1774165194515,2026-03-22 07:39:54.515,68977.0,0.0483,B,3331.5891,98034577789275
1774165194515,2026-03-22 07:39:54.515,68977.0,0.00925,B,638.03725,541889642673866
1774165194515,2026-03-22 07:39:54.515,68973.0,0.00035,A,24.14055,463249750377193
1774165194515,2026-03-22 07:39:54.515,68973.0,0.00016,A,11.035680000000001,275490626327753
1774165194515,2026-03-22 07:39:54.515,68973.0,0.05291,A,3649.36143,672035097971030
1774165194515,2026-03-22 07:39:54.515,68973.0,0.0023,A,158.6379,17384327855243
1774165194515,2026-03-22 07:39:54.515,68972.0,0.00019,A,13.10468,678590785585561
1774165194515,2026-03-22 07:39:54.515,68972.0,0.00016,A,11.035520000000002,332404391771208
1774165194515,2026-03-22 07:39:54.515,68972.0,0.03611,A,2490.5789200000004,328664341531795
1774165194515,2026-03-22 07:39:54.515,68972.0,0.05299,A,3654.82628,908394649064416
1774165194515,2026-03-22 07:39:54.515,68971.0,0.04103,A,2829.88013,779164513550255
1774165194515,2026-03-22 07:39:54.515,68977.0,0.07075,B,4880.1227499999995,187283990903822
1774165194515,2026-03-22 07:39:54.515,68977.0,0.03513,B,2423.16201,46026414759015
1774165194515,2026-03-22 07:39:54.515,68971.0,0.11514,A,7941.3209400000005,643845490546019
1774165194515,2026-03-22 07:39:54.515,68971.0,0.09383,A,6471.54893,479642825266403
1774165194515,2026-03-22 07:39:54.515,68971.0,0.00046,A,31.726660000000003,1114217359817005
1774165194515,2026-03-22 07:39:54.515,68970.0,0.00029,A,20.0013,317767471519138
1774165194515,2026-03-22 07:39:54.515,68970.0,0.001,A,68.97,38333886431415
1774165194515,2026-03-22 07:39:54.515,68970.0,0.04752,A,3277.4544,114204435143544
1774165194515,2026-03-22 07:39:54.515,68967.0,0.00145,A,100.00214999999999,762197850012396
1774165194515,2026-03-22 07:39:54.515,68965.0,0.00018,A,12.4137,864745122336682
1774165194515,2026-03-22 07:39:54.515,68965.0,0.001,A,68.965,1000215481851724
1774165194515,2026-03-22 07:39:54.515,68965.0,0.00016,A,11.034400000000002,151217577409751
1774165194515,2026-03-22 07:39:54.515,68964.0,0.00016,A,11.03424,858569695415849
1774165194515,2026-03-22 07:39:54.515,68964.0,0.00016,A,11.03424,922484854916086
1774165194515,2026-03-22 07:39:54.515,68964.0,0.00029,A,19.99956,681225579734207
1774165194515,2026-03-22 07:39:54.515,68963.0,0.00029,A,19.99927,961209828904237
1774165194515,2026-03-22 07:39:54.515,68963.0,0.0131,A,903.4153,328684328119235
1774165194515,2026-03-22 07:39:54.515,68963.0,0.11575,A,7982.467250000001,452840900522266
1774165194515,2026-03-22 07:39:54.515,68962.0,0.01188,A,819.26856,736196897382483
1774165194515,2026-03-22 07:39:54.515,68962.0,0.00016,A,11.03392,274467084960290
1774165194515,2026-03-22 07:39:54.515,68962.0,0.12706,A,8762.31172,184658959235190
1774165194515,2026-03-22 07:39:54.515,68962.0,0.06342,A,4373.5700400000005,138867940231600
1774165194515,2026-03-22 07:39:54.515,68962.0,0.01608,A,1108.90896,1089007419393164
1774165194515,2026-03-22 07:39:54.515,68962.0,0.2,A,13792.400000000001,630444439996554
1774165194515,2026-03-22 07:39:54.515,68961.0,0.0009,A,62.0649,681544718243056
1774165194515,2026-03-22 07:39:54.515,68961.0,0.00307,A,211.71026999999998,1092883203504100
1774165194515,2026-03-22 07:39:54.515,68960.0,0.001,A,68.96000000000001,818502239179034
1774165194515,2026-03-22 07:39:54.515,68960.0,0.01616,A,1114.3936,138932835015524
1774165194515,2026-03-22 07:39:54.515,68960.0,0.001,A,68.96000000000001,817183454009464
1774165194515,2026-03-22 07:39:54.515,68959.0,0.04545,A,3134.18655,933681581220940
1774165194515,2026-03-22 07:39:54.515,68959.0,0.17209,A,11867.15431,1073940942860921
1774165194515,2026-03-22 07:39:54.515,68959.0,0.32791,A,22612.34569,463837901180102
1774165194515,2026-03-22 07:39:54.515,68977.0,0.00741,B,511.11957,46195784313408
1774165194515,2026-03-22 07:39:54.515,68978.0,0.09493,B,6548.08154,512721993556983
1774165194515,2026-03-22 07:39:54.515,68978.0,0.08,B,5518.24,365045501491256
1774165194515,2026-03-22 07:39:54.515,68978.0,0.04254,B,2934.32412,357204623667290
1774165194515,2026-03-22 07:39:54.515,68979.0,0.09493,B,6548.17647,729025728133539
1774165194515,2026-03-22 07:39:54.515,68979.0,0.6607,B,45574.425299999995,83399476381205
1774165194515,2026-03-22 07:39:54.515,68959.0,1.05655,A,72858.63145,272589465270865
1774165194515,2026-03-22 07:39:54.515,68959.0,0.00289,A,199.29151000000002,787720470429599
1774165194515,2026-03-22 07:39:54.515,68959.0,0.01722,A,1187.47398,76390385863862
1774165194515,2026-03-22 07:39:54.515,68958.0,0.00016,A,11.033280000000001,282602109936291
1774165194515,2026-03-22 07:39:54.515,68958.0,0.73668,A,50799.97944,821684477834802
1774165194515,2026-03-22 07:39:54.515,68957.0,0.00041,A,28.27237,946732938865341
1774165194515,2026-03-22 07:39:54.515,68957.0,0.26761,A,18453.58277,140016319204662
1774165194515,2026-03-22 07:39:54.515,68956.0,0.01616,A,1114.32896,629119242613553
1774165194515,2026-03-22 07:39:54.515,68956.0,0.02161,A,1490.13916,531029034520129
1774165194515,2026-03-22 07:39:54.515,68955.0,0.25,A,17238.75,19532300172556
1774165194515,2026-03-22 07:39:54.515,68955.0,0.001,A,68.955,641669995144456
1774165194515,2026-03-22 07:39:54.515,68955.0,0.04127,A,2845.7728500000003,1045346525970014
1774165194515,2026-03-22 07:39:54.515,68955.0,0.0003,A,20.6865,647443152426894
1774165194515,2026-03-22 07:39:54.515,68954.0,0.00174,A,119.97996,816707742797843
1774165194515,2026-03-22 07:39:54.515,68954.0,0.00016,A,11.03264,503302128053174
1774165194515,2026-03-22 07:39:54.515,68953.0,0.00658,A,453.71074,562162209342054
1774165194515,2026-03-22 07:39:54.515,68953.0,0.00016,A,11.032480000000001,872799000673370
1774165194515,2026-03-22 07:39:54.515,68953.0,0.09592,A,6613.97176,4530917701748
1774165194515,2026-03-22 07:39:54.515,68952.0,0.01498,A,1032.90096,487222229565902
1774165194515,2026-03-22 07:39:54.515,68952.0,0.00118,A,81.36336,785468658311855
1774165194515,2026-03-22 07:39:54.515,68952.0,1.50921,A,104063.04792,403674553302237
1774165194515,2026-03-22 07:39:54.515,68951.0,0.13755,A,9484.21005,55144163635886
1774165194515,2026-03-22 07:39:54.515,68951.0,0.17314,A,11938.17614,738529498139850
1774165194515,2026-03-22 07:39:54.515,68951.0,2.68948,A,185442.33548,942442942316884
1774165194515,2026-03-22 07:39:54.515,68951.0,0.28948,A,19959.93548,126451416022180
1774165194515,2026-03-22 07:39:54.515,68951.0,0.0003,A,20.685299999999998,119986922817514
1774165194515,2026-03-22 07:39:54.515,68950.0,0.00255,A,175.82250000000002,1102076875710616
1774165194515,2026-03-22 07:39:54.515,68950.0,0.01819,A,1254.2005000000001,828278134282422
1774165194515,2026-03-22 07:39:54.515,68950.0,3.12623,A,215553.5585,514230104656751
1774165194794,2026-03-22 07:39:54.794,68968.0,0.022,A,1517.2959999999998,777463392547365
1774165194895,2026-03-22 07:39:54.895,68968.0,0.03578,A,2467.67504,729312151228800
1774165195767,2026-03-22 07:39:55.767,68968.0,0.00023,A,15.86264,947591036991064
1774165195983,2026-03-22 07:39:55.983,68968.0,7e-05,A,4.82776,541491970649932
1774165196036,2026-03-22 07:39:56.036,68969.0,0.00164,B,113.10916,723010421454224
1774165196036,2026-03-22 07:39:56.036,68968.0,0.00289,A,199.31752,619010849574922
1774165196243,2026-03-22 07:39:56.243,68968.0,0.00039,A,26.89752,736280825519215
1774165196432,2026-03-22 07:39:56.432,68968.0,0.00028,A,19.31104,467597801351274
1774165196833,2026-03-22 07:39:56.833,68968.0,0.26851,A,18518.597680000003,272539201601447
1774165196833,2026-03-22 07:39:56.833,68968.0,0.23149,A,15965.40232,206419718507036
1774165196833,2026-03-22 07:39:56.833,68969.0,0.00235,B,162.07715000000002,413669524054552
1774165196833,2026-03-22 07:39:56.833,68968.0,0.00042,A,28.96656,502760312736860
1774165197074,2026-03-22 07:39:57.074,68969.0,0.00688,B,474.50672,584606242314985
1774165197226,2026-03-22 07:39:57.226,68968.0,0.00724,A,499.32832,732502892117836
1774165197410,2026-03-22 07:39:57.410,68969.0,0.00046,B,31.725740000000002,799442480568709
1774165197410,2026-03-22 07:39:57.410,68969.0,0.00144,B,99.31536000000001,953242982198234
1774165197410,2026-03-22 07:39:57.410,68969.0,0.00151,B,104.14319,846770508250800
1774165197410,2026-03-22 07:39:57.410,68968.0,0.00165,A,113.7972,1027731234917505
1774165197410,2026-03-22 07:39:57.410,68969.0,0.0045,B,310.3605,400365865965156
1774165197410,2026-03-22 07:39:57.410,68968.0,0.01853,A,1277.97704,467081420904151
1774165197410,2026-03-22 07:39:57.410,68969.0,0.0268,B,1848.3692,640982899486694
1774165197410,2026-03-22 07:39:57.410,68968.0,0.0305,A,2103.524,774795354728290
1774165197410,2026-03-22 07:39:57.410,68968.0,0.03745,A,2582.8516,1025130431009974
1774165197410,2026-03-22 07:39:57.410,68968.0,0.00448,A,308.97664,485452048120666
1774165197410,2026-03-22 07:39:57.410,68968.0,0.03543,A,2443.5362400000004,391829146862538
1774165197410,2026-03-22 07:39:57.410,68968.0,0.04116,A,2838.7228800000003,963084154520236
1774165197410,2026-03-22 07:39:57.410,68968.0,0.03195,A,2203.5276,580847657357584
1774165197410,2026-03-22 07:39:57.410,68968.0,0.01066,A,735.1988799999999,968764571366340
1774165197410,2026-03-22 07:39:57.410,68968.0,0.05406,A,3728.4100799999997,987745872662501
1774165197410,2026-03-22 07:39:57.410,68968.0,0.05423,A,3740.13464,604029620612368
1774165197410,2026-03-22 07:39:57.410,68968.0,0.07221,A,4980.179279999999,564527051587993
1774165197410,2026-03-22 07:39:57.410,68968.0,0.12898,A,8895.49264,736499676192684
1774165197410,2026-03-22 07:39:57.410,68968.0,0.17986,A,12404.58448,78063160576353
1774165197410,2026-03-22 07:39:57.410,68968.0,0.02014,A,1389.0155200000002,642512298881141
1774165197619,2026-03-22 07:39:57.619,68969.0,0.00144,B,99.31536000000001,760763611934914
1774165197619,2026-03-22 07:39:57.619,68969.0,0.00026,B,17.931939999999997,827094763423832
1774165197836,2026-03-22 07:39:57.836,68968.0,0.00025,A,17.242,468663910336652
1774165197935,2026-03-22 07:39:57.935,68968.0,0.00034,A,23.44912,466965868999377
1774165198534,2026-03-22 07:39:58.534,68969.0,0.00865,B,596.58185,810047271185164
1774165198971,2026-03-22 07:39:58.971,68966.0,0.00041,A,28.27606,126658113209976
1774165198971,2026-03-22 07:39:58.971,68965.0,0.0004,A,27.586000000000002,198313151853068
1774165199125,2026-03-22 07:39:59.125,68965.0,0.0026,A,179.309,726628825048189
1774165199125,2026-03-22 07:39:59.125,68964.0,0.0074,A,510.33360000000005,449334255354506
1774165199683,2026-03-22 07:39:59.683,68962.0,0.00724,A,499.28488,250930859864437
1774165199986,2026-03-22 07:39:59.986,68962.0,0.00442,A,304.81204,300350991853047
1774165200499,2026-03-22 07:40:00.499,68962.0,0.00042,A,28.96404,290047337510289
1774165200499,2026-03-22 07:40:00.499,68962.0,0.00018,A,12.413160000000001,781716306113294
1774165200667,2026-03-22 07:40:00.667,68963.0,0.00022,B,15.17186,176150112790184
1774165200740,2026-03-22 07:40:00.740,68962.0,0.00055,A,37.929100000000005,544893115294854
1774165200872,2026-03-22 07:40:00.872,68962.0,0.01449,A,999.25938,678316071860242
1774165201061,2026-03-22 07:40:01.061,68962.0,0.00238,A,164.12956,135252414749319
1774165201463,2026-03-22 07:40:01.463,68962.0,0.00015,A,10.344299999999999,466424510157935
1774165201793,2026-03-22 07:40:01.793,68963.0,0.00017,B,11.72371,769092867241847
1774165201793,2026-03-22 07:40:01.793,68963.0,0.00145,B,99.99634999999999,285887106033043
1774165201793,2026-03-22 07:40:01.793,68963.0,0.00145,B,99.99634999999999,340954585007005
1774165201793,2026-03-22 07:40:01.793,68963.0,0.00145,B,99.99634999999999,78307787214746
1774165201793,2026-03-22 07:40:01.793,68963.0,0.00145,B,99.99634999999999,719801939732706
1774165201793,2026-03-22 07:40:01.793,68963.0,0.00145,B,99.99634999999999,363637975485822
1774165201793,2026-03-22 07:40:01.793,68963.0,0.00145,B,99.99634999999999,93552661299841
1774165201872,2026-03-22 07:40:01.872,68964.0,0.00015,B,10.3446,397102983520385
1774165201872,2026-03-22 07:40:01.872,68964.0,0.00017,B,11.723880000000001,766703001130423
1774165201962,2026-03-22 07:40:01.962,68965.0,0.00017,B,11.72405,916857951531049
1774165201962,2026-03-22 07:40:01.962,68966.0,0.00017,B,11.72422,230259474388882
1774165201962,2026-03-22 07:40:01.962,68967.0,0.00017,B,11.724390000000001,234269166124367
1774165201962,2026-03-22 07:40:01.962,68968.0,0.003,B,206.904,353226643307042
1774165201962,2026-03-22 07:40:01.962,68968.0,0.00017,B,11.72456,718658756369436
1774165202047,2026-03-22 07:40:02.047,68969.0,0.19332,B,13333.08708,207460454802794
1774165202047,2026-03-22 07:40:02.047,68969.0,0.00017,B,11.724730000000001,242918624688963
1774165202047,2026-03-22 07:40:02.047,68970.0,0.00017,B,11.724900000000002,1116062739305131
1774165202047,2026-03-22 07:40:02.047,68971.0,0.00016,B,11.03536,171200791863957
1774165202047,2026-03-22 07:40:02.047,68971.0,0.00017,B,11.72507,443343151249092
1774165202047,2026-03-22 07:40:02.047,68972.0,0.00017,B,11.725240000000001,389892906388605
1774165202047,2026-03-22 07:40:02.047,68973.0,0.00017,B,11.72541,311927525880879
1774165202047,2026-03-22 07:40:02.047,68974.0,0.003,B,206.922,361850158886187
1774165202047,2026-03-22 07:40:02.047,68974.0,0.00435,B,300.0369,739957073848420
1774165202047,2026-03-22 07:40:02.047,68974.0,0.00017,B,11.72558,711430102867874
1774165202047,2026-03-22 07:40:02.047,68974.0,0.00015,B,10.3461,124738031018187
1774165202047,2026-03-22 07:40:02.047,68975.0,0.00017,B,11.725750000000001,445979067707059
1774165202047,2026-03-22 07:40:02.047,68976.0,0.00017,B,11.72592,736615384603715
1774165202047,2026-03-22 07:40:02.047,68977.0,0.00017,B,11.726090000000001,644483829532027
1774165202047,2026-03-22 07:40:02.047,68978.0,0.00016,B,11.036480000000001,637756245734416
1774165202047,2026-03-22 07:40:02.047,68978.0,0.01,B,689.78,131391410557120
1774165202047,2026-03-22 07:40:02.047,68978.0,0.00017,B,11.726260000000002,964666971084620
1774165202047,2026-03-22 07:40:02.047,68979.0,0.00015,B,10.34685,511831955961460
1774165202047,2026-03-22 07:40:02.047,68979.0,0.00017,B,11.72643,548639398697731
1774165202047,2026-03-22 07:40:02.047,68980.0,0.00017,B,11.726600000000001,885164442350379
1774165202118,2026-03-22 07:40:02.118,68981.0,0.00017,B,11.72677,368141915341089
1774165202118,2026-03-22 07:40:02.118,68981.0,0.01,B,689.8100000000001,373307804285304
1774165202118,2026-03-22 07:40:02.118,68982.0,0.00017,B,11.72694,418383511948489
1774165202118,2026-03-22 07:40:02.118,68983.0,0.00017,B,11.727110000000001,288565043693388
1774165202118,2026-03-22 07:40:02.118,68984.0,0.00017,B,11.72728,897801749577826
1774165202118,2026-03-22 07:40:02.118,68984.0,0.04732,B,3264.32288,232414109706378
1774165202728,2026-03-22 07:40:02.728,68985.0,7e-05,B,4.82895,523653562447774
1774165202823,2026-03-22 07:40:02.823,68984.0,0.10965,A,7564.0956,240598675688096
1774165202938,2026-03-22 07:40:02.938,68985.0,0.0001,B,6.8985,319132257128125
1774165202938,2026-03-22 07:40:02.938,68985.0,0.00022,B,15.1767,93822570793322
1774165202938,2026-03-22 07:40:02.938,68986.0,0.00016,B,11.03776,244960409642152
1774165202938,2026-03-22 07:40:02.938,68990.0,0.00016,B,11.038400000000001,792129953529484
1774165203046,2026-03-22 07:40:03.046,68990.0,0.00339,A,233.87609999999998,293064917246423
1774165203249,2026-03-22 07:40:03.249,68991.0,0.00261,A,180.06651,896796074087891
1774165203542,2026-03-22 07:40:03.542,68992.0,0.00015,B,10.348799999999999,779670491023743
1774165203542,2026-03-22 07:40:03.542,68992.0,0.00024,B,16.55808,781606298614890
1774165203542,2026-03-22 07:40:03.542,68991.0,0.16572,A,11433.18852,849798044667266
1774165203542,2026-03-22 07:40:03.542,68991.0,0.02756,A,1901.3919600000002,964146343985687
1774165204038,2026-03-22 07:40:04.038,68991.0,0.00142,A,97.96722,96714810738154
1774165204178,2026-03-22 07:40:04.178,68991.0,0.00015,A,10.34865,60181316556498
1774165204311,2026-03-22 07:40:04.311,68988.0,0.00015,A,10.348199999999999,806211293133278
1774165204311,2026-03-22 07:40:04.311,68985.0,0.00062,A,42.7707,997869923624688
1774165204546,2026-03-22 07:40:04.546,68986.0,0.00022,B,15.17692,327477624618611
1774165205175,2026-03-22 07:40:05.175,68986.0,0.00022,B,15.17692,1087119178206472
1774165205355,2026-03-22 07:40:05.355,68985.0,2.06285,A,142305.70725,267626099616055
1774165205756,2026-03-22 07:40:05.756,68985.0,0.00031,A,21.38535,703556418774166
1774165205964,2026-03-22 07:40:05.964,68986.0,0.00061,B,42.08146,759372729380782
1774165206097,2026-03-22 07:40:06.097,68986.0,0.074,B,5104.964,571443497442165
1774165206097,2026-03-22 07:40:06.097,68986.0,0.06468,B,4462.01448,1064968138547922
1774165206097,2026-03-22 07:40:06.097,68986.0,0.04498,B,3102.99028,1095308661644850
1774165206097,2026-03-22 07:40:06.097,68986.0,0.08298,B,5724.45828,472961136533924
1774165206097,2026-03-22 07:40:06.097,68986.0,0.19944,B,13758.56784,1090140282251757
1774165206097,2026-03-22 07:40:06.097,68986.0,0.13261,B,9148.233460000001,901190396138075
1774165206097,2026-03-22 07:40:06.097,68986.0,0.32829,B,22647.413940000002,604774677501879
1774165206097,2026-03-22 07:40:06.097,68986.0,0.05098,B,3516.9062799999997,1115414242408272
1774165206097,2026-03-22 07:40:06.097,68986.0,0.06756,B,4660.69416,552314630937064
1774165206097,2026-03-22 07:40:06.097,68986.0,0.28743,B,19828.64598,733787579336485
1774165206097,2026-03-22 07:40:06.097,68986.0,0.11315,B,7805.7659,160954477013442
1774165206097,2026-03-22 07:40:06.097,68986.0,0.1932,B,13328.095200000002,58715672069996
1774165207033,2026-03-22 07:40:07.033,68979.0,0.00087,A,60.01173,716005352666653
1774165207033,2026-03-22 07:40:07.033,68980.0,0.001,B,68.98,1117116666158603
1774165207499,2026-03-22 07:40:07.499,68979.0,0.00213,A,146.92526999999998,273481413784962
1774165207594,2026-03-22 07:40:07.594,68976.0,0.00282,B,194.51232,517362577908377
1774165207958,2026-03-22 07:40:07.958,68975.0,0.003,A,206.925,747081763966980
1774165207958,2026-03-22 07:40:07.958,68975.0,0.0023,A,158.64249999999998,127549257367162
1774165208068,2026-03-22 07:40:08.068,68976.0,0.00016,B,11.03616,413580651625024
1774165208068,2026-03-22 07:40:08.068,68975.0,0.18547,A,12792.79325,205382625001539
1774165208068,2026-03-22 07:40:08.068,68975.0,0.18547,A,12792.79325,558860827817810
1774165208068,2026-03-22 07:40:08.068,68974.0,0.00029,A,20.00246,861715455015896
1774165208068,2026-03-22 07:40:08.068,68974.0,0.00016,A,11.03584,664630557758486
1774165208068,2026-03-22 07:40:08.068,68973.0,0.00125,A,86.21625,715075426324612
1774165208068,2026-03-22 07:40:08.068,68973.0,0.28664,A,19770.420720000002,922721284369874
1774165208848,2026-03-22 07:40:08.848,68973.0,0.0006,A,41.383799999999994,225086898850439
1774165209242,2026-03-22 07:40:09.242,68973.0,0.01449,A,999.41877,419798358241890
1774165209242,2026-03-22 07:40:09.242,68974.0,0.13593,B,9375.63582,247971632594594
1774165209622,2026-03-22 07:40:09.622,68973.0,0.0001,A,6.8973,245986711249461
1774165210574,2026-03-22 07:40:10.574,68973.0,0.00155,A,106.90814999999999,296484887193610
1774165211036,2026-03-22 07:40:11.036,68973.0,0.00046,A,31.72758,566719121398639
1774165211036,2026-03-22 07:40:11.036,68973.0,0.02034,A,1402.91082,370175084717902
1774165211526,2026-03-22 07:40:11.526,68971.0,0.02632,A,1815.31672,603717367905895
1774165211756,2026-03-22 07:40:11.756,68972.0,0.002,B,137.94400000000002,364185308324432
1774165213460,2026-03-22 07:40:13.460,68971.0,0.00077,A,53.10767,627682701382920
1774165214070,2026-03-22 07:40:14.070,68971.0,0.00416,A,286.91936,287208434815378
1774165214833,2026-03-22 07:40:14.833,68971.0,0.00521,A,359.33891,824780428965051
1774165214833,2026-03-22 07:40:14.833,68971.0,0.20282,A,13988.69822,126638281586546
1774165214833,2026-03-22 07:40:14.833,68971.0,0.00146,A,100.69766,1101458984946588
1774165215034,2026-03-22 07:40:15.034,68968.0,0.00056,B,38.62208,212158942564916
1774165216256,2026-03-22 07:40:16.256,68967.0,0.60619,A,41807.10573,1036992044950873
1774165217360,2026-03-22 07:40:17.360,68967.0,0.01449,A,999.33183,274363925306558
1774165218764,2026-03-22 07:40:18.764,68968.0,0.006,B,413.808,383517886136592
1774165219547,2026-03-22 07:40:19.547,68967.0,0.05,A,3448.3500000000004,401305494212324
1774165219618,2026-03-22 07:40:19.618,68966.0,0.05291,A,3648.99106,254475533535988
1774165219618,2026-03-22 07:40:19.618,68963.0,0.00022,A,15.17186,453360859156083
1774165219692,2026-03-22 07:40:19.692,68963.0,0.00022,A,15.17186,494713487641932
1774165219692,2026-03-22 07:40:19.692,68963.0,0.00256,A,176.54528000000002,81661541446813
1774165219773,2026-03-22 07:40:19.773,68963.0,0.002,B,137.92600000000002,268594871506757
1774165220181,2026-03-22 07:40:20.181,68963.0,0.00649,B,447.56987,33212159843465
1774165220181,2026-03-22 07:40:20.181,68962.0,0.0013,A,89.6506,1110045350733050
1774165220181,2026-03-22 07:40:20.181,68962.0,0.0145,A,999.9490000000001,712477227831993
1774165220181,2026-03-22 07:40:20.181,68962.0,0.00017,A,11.723540000000002,453831353376357
1774165220181,2026-03-22 07:40:20.181,68961.0,0.00168,A,115.85448000000001,816742012416923
1774165220181,2026-03-22 07:40:20.181,68961.0,0.00132,A,91.02852,371898718534794
1774165220181,2026-03-22 07:40:20.181,68961.0,0.00017,A,11.723370000000001,1112471543782734
1774165220181,2026-03-22 07:40:20.181,68960.0,0.00015,A,10.344,999563809555074
1774165220181,2026-03-22 07:40:20.181,68960.0,0.00017,A,11.7232,671108655346555
1774165220181,2026-03-22 07:40:20.181,68959.0,0.05749,A,3964.45291,489950735117494
1774165221447,2026-03-22 07:40:21.447,68960.0,0.00017,B,11.7232,496390083969973
1774165221520,2026-03-22 07:40:21.520,68959.0,0.00017,A,11.723030000000001,924622661261963
1774165221520,2026-03-22 07:40:21.520,68959.0,0.00146,A,100.68014,223527167718610
1774165221520,2026-03-22 07:40:21.520,68958.0,0.00016,A,11.033280000000001,97419505204681
1774165221520,2026-03-22 07:40:21.520,68958.0,0.00017,A,11.72286,127240565691794
1774165221520,2026-03-22 07:40:21.520,68957.0,0.00017,A,11.72269,431374398465326
1774165221520,2026-03-22 07:40:21.520,68957.0,0.003,A,206.871,776676324685227
1774165221520,2026-03-22 07:40:21.520,68956.0,0.00017,A,11.722520000000001,644696219613806
1774165221520,2026-03-22 07:40:21.520,68955.0,0.00015,A,10.34325,980611279625806
1774165221520,2026-03-22 07:40:21.520,68955.0,0.00017,A,11.72235,874409074161528
1774165221520,2026-03-22 07:40:21.520,68954.0,0.00016,A,11.03264,583527129505584
1774165221520,2026-03-22 07:40:21.520,68954.0,0.00017,A,11.722180000000002,17744155510087
1774165221520,2026-03-22 07:40:21.520,68954.0,0.00219,A,151.00926,818265001952432
1774165221780,2026-03-22 07:40:21.780,68955.0,0.00231,B,159.28605,410240907131977
1774165221978,2026-03-22 07:40:21.978,68955.0,0.00199,B,137.22045,682674763943838
1774165222531,2026-03-22 07:40:22.531,68954.0,0.00435,A,299.94989999999996,826522004369419
1774165222531,2026-03-22 07:40:22.531,68955.0,0.00045,B,31.02975,627011020752790
1774165223179,2026-03-22 07:40:23.179,68955.0,0.00035,B,24.134249999999998,529605312219266
1774165223179,2026-03-22 07:40:23.179,68954.0,0.01192,A,821.93168,291771831485093
1774165223179,2026-03-22 07:40:23.179,68954.0,0.02863,A,1974.15302,2005337816849
1774165223179,2026-03-22 07:40:23.179,68954.0,0.13878,A,9569.436119999998,623290593428037
1774165223179,2026-03-22 07:40:23.179,68954.0,0.07248,A,4997.78592,832605541705251
1774165223179,2026-03-22 07:40:23.179,68953.0,0.00017,A,11.722010000000001,925564483971008
1774165223179,2026-03-22 07:40:23.179,68953.0,0.10261,A,7075.267330000001,975990872073110
1774165223179,2026-03-22 07:40:23.179,68952.0,0.00022,A,15.16944,506139687790186
1774165223179,2026-03-22 07:40:23.179,68952.0,0.00017,A,11.72184,272110168387723
1774165223179,2026-03-22 07:40:23.179,68951.0,0.00016,A,11.032160000000001,1106926125448199
1774165223179,2026-03-22 07:40:23.179,68951.0,0.00017,A,11.721670000000001,1120307847348338
1774165223179,2026-03-22 07:40:23.179,68951.0,0.00021,A,14.47971,519657495365328
1774165223179,2026-03-22 07:40:23.179,68951.0,0.42373,A,29216.60723,966974111402881
1774165223337,2026-03-22 07:40:23.337,68951.0,0.01125,A,775.69875,961067571202908
1774165223680,2026-03-22 07:40:23.680,68951.0,0.11727,A,8085.88377,225652882869357
1774165223680,2026-03-22 07:40:23.680,68951.0,0.07239,A,4991.362889999999,124015085632279
1774165224376,2026-03-22 07:40:24.376,68951.0,0.1004,A,6922.6804,1051820474880542
1774165225411,2026-03-22 07:40:25.411,68951.0,3e-05,A,2.06853,246479720752280
1774165225804,2026-03-22 07:40:25.804,68950.0,0.03626,A,2500.127,530940425527558
1774165225901,2026-03-22 07:40:25.901,68951.0,0.00029,B,19.99579,620929980845578
1774165226014,2026-03-22 07:40:26.014,68951.0,0.00164,B,113.07964,966003799198612
1774165226162,2026-03-22 07:40:26.162,68951.0,0.00031,B,21.37481,110132467651261
1774165226529,2026-03-22 07:40:26.529,68950.0,0.00028,A,19.305999999999997,610868447987985
1774165227007,2026-03-22 07:40:27.007,68950.0,0.00017,A,11.7215,366109623686613
1774165227311,2026-03-22 07:40:27.311,68950.0,0.00015,A,10.3425,836418494423769
1774165227311,2026-03-22 07:40:27.311,68950.0,0.10617,A,7320.4215,166993309295985
1774165228104,2026-03-22 07:40:28.104,68950.0,1.75636,A,121101.022,648447713684746
1774165228377,2026-03-22 07:40:28.377,68950.0,0.00021,A,14.4795,1120415577473427
1774165229233,2026-03-22 07:40:29.233,68951.0,0.0002,B,13.7902,1053594162864619
1774165229864,2026-03-22 07:40:29.864,68950.0,0.38906,A,26825.687,851065753234599
1774165229864,2026-03-22 07:40:29.864,68950.0,1.5881,A,109499.49500000001,824376710208960
1774165229864,2026-03-22 07:40:29.864,68950.0,2.97882,A,205389.639,998888769695142
1774165229864,2026-03-22 07:40:29.864,68950.0,0.00075,A,51.7125,1096964921723408
1774165229864,2026-03-22 07:40:29.864,68950.0,0.00664,A,457.82800000000003,181976826944777
1774165229864,2026-03-22 07:40:29.864,68950.0,0.0003,A,20.685,320967824355473
1774165229864,2026-03-22 07:40:29.864,68950.0,0.00017,A,11.7215,366720380677560
1774165229864,2026-03-22 07:40:29.864,68950.0,0.00112,A,77.22399999999999,347542261765973
1774165229864,2026-03-22 07:40:29.864,68950.0,0.10765,A,7422.4675,101592417885344
1774165229864,2026-03-22 07:40:29.864,68950.0,0.19441,A,13404.5695,733426736539048
1774165229864,2026-03-22 07:40:29.864,68950.0,0.16647,A,11478.1065,711999581354452
1774165229864,2026-03-22 07:40:29.864,68950.0,0.14955,A,10311.4725,400506925106071
1774165229864,2026-03-22 07:40:29.864,68950.0,0.42602,A,29374.079,160661644300398
1774165229864,2026-03-22 07:40:29.864,68950.0,0.29462,A,20314.049,48234453869223
1774165229864,2026-03-22 07:40:29.864,68950.0,0.06421,A,4427.279500000001,983107058918390
1774165229864,2026-03-22 07:40:29.864,68950.0,0.09354,A,6449.583,759296639986612
1774165229864,2026-03-22 07:40:29.864,68950.0,0.03156,A,2176.062,661986698613562
1774165229864,2026-03-22 07:40:29.864,68950.0,0.0145,A,999.7750000000001,407548363815385
1774165229864,2026-03-22 07:40:29.864,68950.0,0.02433,A,1677.5535,755969653265969
1774165229864,2026-03-22 07:40:29.864,68950.0,0.09621,A,6633.6795,92326629644506
1774165229864,2026-03-22 07:40:29.864,68949.0,0.00109,A,75.15441,338922947179620
1774165229864,2026-03-22 07:40:29.864,68949.0,0.00144,A,99.28656000000001,1011412497333170
1774165229864,2026-03-22 07:40:29.864,68949.0,0.00017,A,11.72133,67685922471017
1774165229864,2026-03-22 07:40:29.864,68949.0,0.001,A,68.949,685882143078195
1774165229864,2026-03-22 07:40:29.864,68949.0,0.00072,A,49.643280000000004,736119334527526
1774165229864,2026-03-22 07:40:29.864,68949.0,0.00017,A,11.72133,268040020161491
1774165229864,2026-03-22 07:40:29.864,68949.0,0.003,A,206.847,987257061500180
1774165229864,2026-03-22 07:40:29.864,68948.0,0.00017,A,11.721160000000001,2599336567854
1774165229864,2026-03-22 07:40:29.864,68947.0,0.00016,A,11.03152,796636939789485
1774165229864,2026-03-22 07:40:29.864,68947.0,0.00017,A,11.72099,885072233504518
1774165229864,2026-03-22 07:40:29.864,68946.0,0.00017,A,11.720820000000002,826628717559241
1774165229864,2026-03-22 07:40:29.864,68945.0,0.00017,A,11.720650000000001,464275752870315
1774165229864,2026-03-22 07:40:29.864,68944.0,0.001,A,68.944,230387387602506
1774165229864,2026-03-22 07:40:29.864,68944.0,0.00016,A,11.03104,450587814674378
1774165229864,2026-03-22 07:40:29.864,68944.0,0.00043,A,29.64592,554600012835647
1774165229864,2026-03-22 07:40:29.864,68944.0,0.00017,A,11.72048,143240419114329
1774165229864,2026-03-22 07:40:29.864,68944.0,0.003,A,206.832,342513402604608
1774165229864,2026-03-22 07:40:29.864,68943.0,0.00189,A,130.30227,418386774401867
1774165229864,2026-03-22 07:40:29.864,68943.0,0.001,A,68.943,405501910016310
1774165229864,2026-03-22 07:40:29.864,68943.0,0.00017,A,11.720310000000001,1072003334078746
1774165229864,2026-03-22 07:40:29.864,68942.0,0.03254,A,2243.37268,43104982648937
1774165229864,2026-03-22 07:40:29.864,68942.0,0.00017,A,11.72014,710411346192335
1774165229864,2026-03-22 07:40:29.864,68941.0,0.01,A,689.41,885043654946349
1774165229864,2026-03-22 07:40:29.864,68941.0,0.00017,A,11.71997,831371953416062
1774165229864,2026-03-22 07:40:29.864,68941.0,1.19181,A,82164.57321,187856182743569
1774165230025,2026-03-22 07:40:30.025,68942.0,0.00015,B,10.341299999999999,963744808841596
1774165231000,2026-03-22 07:40:31.000,68941.0,0.00238,A,164.07958000000002,744361361025685
1774165232029,2026-03-22 07:40:32.029,68941.0,0.00017,A,11.71997,747371459343919
1774165232029,2026-03-22 07:40:32.029,68941.0,0.1031,A,7107.8171,203971404304810
1774165232250,2026-03-22 07:40:32.250,68941.0,0.00049,A,33.78109,534191283970415
1774165232250,2026-03-22 07:40:32.250,68942.0,0.0006,B,41.365199999999994,349679954221946
1774165232359,2026-03-22 07:40:32.359,68942.0,0.00014,B,9.651879999999998,479010103040010
1774165232427,2026-03-22 07:40:32.427,68942.0,0.08026,B,5533.28492,983090138102672
1774165232427,2026-03-22 07:40:32.427,68943.0,0.00015,B,10.341449999999998,601637380014599
1774165232427,2026-03-22 07:40:32.427,68943.0,0.15,B,10341.449999999999,618325194371323
1774165232478,2026-03-22 07:40:32.478,68946.0,0.0014,A,96.5244,35570254283462
1774165232853,2026-03-22 07:40:32.853,68947.0,0.003,B,206.841,567905982762418
1774165232920,2026-03-22 07:40:32.920,68948.0,0.00015,B,10.342199999999998,126786490224652
1774165233027,2026-03-22 07:40:33.027,68947.0,0.0034,A,234.41979999999998,383178115167455
1774165233027,2026-03-22 07:40:33.027,68950.0,0.00016,B,11.032,656367561466033
1774165233027,2026-03-22 07:40:33.027,68950.0,0.00017,B,11.7215,453996072865819
1774165233027,2026-03-22 07:40:33.027,68951.0,0.00017,B,11.721670000000001,709189136668467
1774165233027,2026-03-22 07:40:33.027,68952.0,0.00017,B,11.72184,14496022052453
1774165233027,2026-03-22 07:40:33.027,68952.0,0.003,B,206.856,1100058529326102
1774165233027,2026-03-22 07:40:33.027,68953.0,0.00017,B,11.722010000000001,1020962148416431
1774165233027,2026-03-22 07:40:33.027,68953.0,0.00016,B,11.032480000000001,344242108751784
1774165233027,2026-03-22 07:40:33.027,68954.0,0.00017,B,11.722180000000002,481064863765070
1774165233027,2026-03-22 07:40:33.027,68954.0,0.00015,B,10.3431,661629337996723
1774165233027,2026-03-22 07:40:33.027,68955.0,0.00017,B,11.72235,62359724046126
1774165233027,2026-03-22 07:40:33.027,68956.0,0.00017,B,11.722520000000001,366073829903677
1774165233027,2026-03-22 07:40:33.027,68957.0,0.00017,B,11.72269,1066892571269015
1774165233027,2026-03-22 07:40:33.027,68957.0,0.00016,B,11.03312,1030765863001010
1774165233864,2026-03-22 07:40:33.864,68958.0,0.00017,B,11.72286,176739438701018
1774165233864,2026-03-22 07:40:33.864,68959.0,0.00017,B,11.723030000000001,200580658470142
1774165233864,2026-03-22 07:40:33.864,68960.0,0.02036,B,1404.0256,247375109586714
1774165234061,2026-03-22 07:40:34.061,68957.0,0.00142,A,97.91894,860412885097055
1774165234664,2026-03-22 07:40:34.664,68959.0,0.00086,A,59.304739999999995,17261060887596
1774165235269,2026-03-22 07:40:35.269,68960.0,0.17299,B,11929.3904,588147464106185
1774165235269,2026-03-22 07:40:35.269,68960.0,0.00017,B,11.7232,56758028575519
1774165235269,2026-03-22 07:40:35.269,68961.0,0.00016,B,11.033760000000001,516767969352734
1774165235269,2026-03-22 07:40:35.269,68961.0,0.00017,B,11.723370000000001,118181125504486
1774165235269,2026-03-22 07:40:35.269,68962.0,0.00017,B,11.723540000000002,130851148294904
1774165235269,2026-03-22 07:40:35.269,68963.0,0.00017,B,11.72371,8036222093758
1774165235269,2026-03-22 07:40:35.269,68963.0,0.00015,B,10.344449999999998,1102627622365830
1774165235269,2026-03-22 07:40:35.269,68964.0,0.00016,B,11.03424,50200426740920
1774165235269,2026-03-22 07:40:35.269,68959.0,0.14103,A,9725.287769999999,587801625632128
1774165235269,2026-03-22 07:40:35.269,68964.0,0.00017,B,11.723880000000001,843486747689427
1774165235269,2026-03-22 07:40:35.269,68965.0,0.00017,B,11.72405,1059713698297509
1774165235269,2026-03-22 07:40:35.269,68965.0,0.003,B,206.895,441083016387653
1774165235269,2026-03-22 07:40:35.269,68966.0,0.00017,B,11.72422,102201983313938
1774165235269,2026-03-22 07:40:35.269,68967.0,0.00017,B,11.724390000000001,1030652465041097
1774165235269,2026-03-22 07:40:35.269,68968.0,0.00016,B,11.034880000000001,1049454137486906
1774165235269,2026-03-22 07:40:35.269,68968.0,0.00016,B,11.034880000000001,343323277404190
1774165235269,2026-03-22 07:40:35.269,68968.0,0.00016,B,11.034880000000001,844742146113662
1774165235269,2026-03-22 07:40:35.269,68968.0,0.00017,B,11.72456,716566346973626
1774165235269,2026-03-22 07:40:35.269,68968.0,0.002,B,137.936,893350685980519
1774165235269,2026-03-22 07:40:35.269,68969.0,0.00015,B,10.34535,274639922722196
1774165235269,2026-03-22 07:40:35.269,68969.0,0.00017,B,11.724730000000001,683845203573413
1774165235459,2026-03-22 07:40:35.459,68970.0,0.00016,B,11.035200000000001,947543835995197
1774165235459,2026-03-22 07:40:35.459,68970.0,0.00017,B,11.724900000000002,134015504432283
1774165235459,2026-03-22 07:40:35.459,68970.0,0.003,B,206.91,435390961165482
1774165235674,2026-03-22 07:40:35.674,68970.0,0.00124,A,85.5228,1049430150559465
1774165235884,2026-03-22 07:40:35.884,68970.0,0.08174,A,5637.6078,556777576913623
1774165235884,2026-03-22 07:40:35.884,68970.0,0.15418,A,10633.794600000001,363409587400912
1774165235884,2026-03-22 07:40:35.884,68970.0,0.12192,A,8408.822400000001,874103032630355
1774165236074,2026-03-22 07:40:36.074,68971.0,0.00087,B,60.00477,170463285547458
1774165236074,2026-03-22 07:40:36.074,68971.0,0.00017,B,11.72507,103183312635749
1774165236074,2026-03-22 07:40:36.074,68971.0,0.10874,B,7499.90654,585298098819597
1774165236074,2026-03-22 07:40:36.074,68971.0,0.2,B,13794.2,1110543298427746
1774165236074,2026-03-22 07:40:36.074,68972.0,0.00016,B,11.035520000000002,1071519399105191
1774165236074,2026-03-22 07:40:36.074,68972.0,0.00017,B,11.725240000000001,949497710642008
1774165236074,2026-03-22 07:40:36.074,68973.0,0.00029,B,20.00217,471906600413128
1774165236074,2026-03-22 07:40:36.074,68973.0,0.00017,B,11.72541,599699605911534
1774165236074,2026-03-22 07:40:36.074,68973.0,0.00144,B,99.32112000000001,531105465368156
1774165236074,2026-03-22 07:40:36.074,68973.0,0.00144,B,99.32112000000001,99454040918350
1774165236074,2026-03-22 07:40:36.074,68974.0,0.00017,B,11.72558,770240266238916
1774165236074,2026-03-22 07:40:36.074,68974.0,0.00015,B,10.3461,262415603778448
1774165236074,2026-03-22 07:40:36.074,68974.0,0.00144,B,99.32256000000001,291224067982546
1774165236074,2026-03-22 07:40:36.074,68975.0,0.00016,B,11.036000000000001,695371736496224
1774165236074,2026-03-22 07:40:36.074,68975.0,0.00017,B,11.725750000000001,14312142601944
1774165236074,2026-03-22 07:40:36.074,68975.0,0.2175,B,15002.0625,146316660638627
1774165236074,2026-03-22 07:40:36.074,68975.0,0.28948,B,19966.883,689198317526885
1774165236074,2026-03-22 07:40:36.074,68975.0,0.5075,B,35004.8125,905863527742374
1774165236074,2026-03-22 07:40:36.074,68975.0,0.066,B,4552.35,472983682252707
1774165236074,2026-03-22 07:40:36.074,68975.0,0.00289,B,199.33775000000003,599242107533741
1774165236074,2026-03-22 07:40:36.074,68975.0,0.00434,B,299.3515,849524224683034
1774165236074,2026-03-22 07:40:36.074,68976.0,0.00017,B,11.72592,474756506256080
1774165236074,2026-03-22 07:40:36.074,68976.0,0.05665,B,3907.4904,995129640562700
1774165236074,2026-03-22 07:40:36.074,68976.0,0.17933,B,12369.46608,441266722107614
1774165236074,2026-03-22 07:40:36.074,68975.0,0.00022,A,15.1745,498023683698061
1774165236275,2026-03-22 07:40:36.275,68975.0,0.04886,A,3370.1185,438531346772118
1774165236275,2026-03-22 07:40:36.275,68975.0,0.04908,A,3385.293,516286979639992
1774165236275,2026-03-22 07:40:36.275,68975.0,0.09538,A,6578.8355,42501716966763
1774165237745,2026-03-22 07:40:37.745,68974.0,0.00015,A,10.3461,123865245969836
1774165237745,2026-03-22 07:40:37.745,68970.0,0.00017,A,11.724900000000002,483509812495195
1774165237745,2026-03-22 07:40:37.745,68970.0,0.003,A,206.91,956591426528781
1774165237745,2026-03-22 07:40:37.745,68969.0,0.00017,A,11.724730000000001,290153875626126
1774165237745,2026-03-22 07:40:37.745,68968.0,0.00017,A,11.72456,983841902175794
1774165237745,2026-03-22 07:40:37.745,68967.0,0.00017,A,11.724390000000001,299093699551984
1774165237745,2026-03-22 07:40:37.745,68965.0,0.003,A,206.895,424783785114220
1774165237745,2026-03-22 07:40:37.745,68965.0,0.00015,A,10.34475,652863561577528
1774165237942,2026-03-22 07:40:37.942,68962.0,0.00016,A,11.03392,1045468843481378
1774165238554,2026-03-22 07:40:38.554,68958.0,0.00017,A,11.72286,485231341758794
1774165238554,2026-03-22 07:40:38.554,68958.0,0.00016,A,11.033280000000001,92533831548584
1774165238554,2026-03-22 07:40:38.554,68957.0,0.00017,A,11.72269,798388352412640
1774165238554,2026-03-22 07:40:38.554,68956.0,0.00017,A,11.722520000000001,463863539797471
1774165238554,2026-03-22 07:40:38.554,68955.0,0.00017,A,11.72235,708659507966328
1774165238554,2026-03-22 07:40:38.554,68955.0,0.00015,A,10.34325,850228180502248
1774165238554,2026-03-22 07:40:38.554,68954.0,0.00016,A,11.03264,365366360409354
1774165238554,2026-03-22 07:40:38.554,68954.0,0.00017,A,11.722180000000002,401178499816752
1774165238554,2026-03-22 07:40:38.554,68953.0,0.00017,A,11.722010000000001,967960337771234
1774165238554,2026-03-22 07:40:38.554,68952.0,0.00017,A,11.72184,780540329141046
1774165238554,2026-03-22 07:40:38.554,68951.0,0.00017,A,11.721670000000001,227790298333068
1774165238554,2026-03-22 07:40:38.554,68950.0,0.00017,A,11.7215,183736838413143
1774165238554,2026-03-22 07:40:38.554,68950.0,0.00631,A,435.0745,996164181874845
1774165239053,2026-03-22 07:40:39.053,68950.0,0.00235,A,162.0325,370326758057241
1774165239053,2026-03-22 07:40:39.053,68950.0,0.01789,A,1233.5155,719985679134802
1774165239053,2026-03-22 07:40:39.053,68950.0,0.04715,A,3250.9925,960525104354919
1774165239053,2026-03-22 07:40:39.053,68950.0,0.0499,A,3440.605,5553284217898
1774165239053,2026-03-22 07:40:39.053,68950.0,0.20253,A,13964.4435,648870534450311
1774165240132,2026-03-22 07:40:40.132,68949.0,0.00017,A,11.72133,704670624710383
1774165240132,2026-03-22 07:40:40.132,68949.0,0.00015,A,10.34235,354300823387210
1774165240379,2026-03-22 07:40:40.379,68948.0,0.00017,A,11.721160000000001,161120040848673
1774165240379,2026-03-22 07:40:40.379,68947.0,0.00016,A,11.03152,222370740228583
1774165240379,2026-03-22 07:40:40.379,68947.0,0.00017,A,11.72099,108599853804937
1774165240379,2026-03-22 07:40:40.379,68946.0,0.00016,A,11.031360000000001,1068877556868670
1774165240379,2026-03-22 07:40:40.379,68946.0,0.00017,A,11.720820000000002,675981389105958
1774165240379,2026-03-22 07:40:40.379,68945.0,0.00017,A,11.720650000000001,558362389159510
1774165240379,2026-03-22 07:40:40.379,68945.0,0.003,A,206.835,27887849703067
1774165240379,2026-03-22 07:40:40.379,68944.0,0.00017,A,11.72048,53942879264868
1774165240379,2026-03-22 07:40:40.379,68943.0,0.00017,A,11.720310000000001,783419970937583
1774165240379,2026-03-22 07:40:40.379,68942.0,0.00017,A,11.72014,544788345012700
1774165240379,2026-03-22 07:40:40.379,68942.0,0.00029,A,19.99318,1056514232626566
1774165240546,2026-03-22 07:40:40.546,68941.0,0.00022,A,15.16702,27555372448137
1774165240546,2026-03-22 07:40:40.546,68941.0,0.00017,A,11.71997,1042667189240752
1774165240546,2026-03-22 07:40:40.546,68941.0,0.00029,A,19.99289,694427163162301
1774165240944,2026-03-22 07:40:40.944,68941.0,0.005,B,344.705,619982673329310
1774165240944,2026-03-22 07:40:40.944,68941.0,0.02887,B,1990.32667,921107086166827
1774165241088,2026-03-22 07:40:41.088,68940.0,0.00027,A,18.6138,620027014286862
1774165241174,2026-03-22 07:40:41.174,68940.0,0.00059,A,40.674600000000005,680041270079232
1774165241174,2026-03-22 07:40:41.174,68941.0,0.0046,B,317.1286,1034185527348809
1774165241174,2026-03-22 07:40:41.174,68941.0,0.00208,B,143.39728,408282571843034
1774165242357,2026-03-22 07:40:42.357,68945.0,0.1934,A,13333.963,133391209033620
1774165242561,2026-03-22 07:40:42.561,68945.0,0.06825,A,4705.49625,604523710187037
1774165242760,2026-03-22 07:40:42.760,68946.0,0.0002,B,13.789200000000001,933944471143763
1774165242760,2026-03-22 07:40:42.760,68946.0,0.00015,B,10.341899999999999,1120426712158013
1774165242953,2026-03-22 07:40:42.953,68949.0,0.00071,B,48.95379,748674466505596
1774165243623,2026-03-22 07:40:43.623,68948.0,0.00282,A,194.43336,213185148507967
1774165243623,2026-03-22 07:40:43.623,68948.0,0.01168,A,805.31264,1049276590030106
1774165243780,2026-03-22 07:40:43.780,68949.0,0.00079,B,54.46971,120628396215489
1774165244024,2026-03-22 07:40:44.024,68948.0,0.00416,A,286.82367999999997,498755708639345
1774165245025,2026-03-22 07:40:45.025,68949.0,0.00057,B,39.30093,515375992106887
1774165245790,2026-03-22 07:40:45.790,68948.0,0.0116,A,799.7968,666248126912881
1774165246201,2026-03-22 07:40:46.201,68948.0,0.00068,A,46.884640000000005,406525187716185
1774165247017,2026-03-22 07:40:47.017,68948.0,0.107,A,7377.436,373637250275133
1774165247194,2026-03-22 07:40:47.194,68948.0,0.0039,A,268.8972,1110911634719028
1774165247996,2026-03-22 07:40:47.996,68948.0,0.18803,A,12964.292440000001,206999663081674
1774165248678,2026-03-22 07:40:48.678,68948.0,0.0098,A,675.6904,991839341079689
1774165249225,2026-03-22 07:40:49.225,68948.0,0.04307,A,2969.5903599999997,685195473191096
1774165249612,2026-03-22 07:40:49.612,68948.0,0.00021,A,14.47908,489442783749000
1774165251114,2026-03-22 07:40:51.114,68949.0,0.00057,B,39.30093,947051182529937
1774165252666,2026-03-22 07:40:52.666,68943.0,0.003,A,206.829,883859527017592
1774165252666,2026-03-22 07:40:52.666,68943.0,0.00017,A,11.720310000000001,15585015779836
1774165252666,2026-03-22 07:40:52.666,68942.0,0.00017,A,11.72014,1110261721721031
1774165252666,2026-03-22 07:40:52.666,68941.0,0.00233,A,160.63253,7096375915221
1774165253098,2026-03-22 07:40:53.098,68941.0,1e-05,A,0.6894100000000001,275832355518024
1774165253098,2026-03-22 07:40:53.098,68941.0,0.00017,A,11.71997,609034718535088
1774165253098,2026-03-22 07:40:53.098,68941.0,0.00038,A,26.197580000000002,514035328282236
1774165254357,2026-03-22 07:40:54.357,68947.0,0.00217,B,149.61499,667511762452995
1774165255770,2026-03-22 07:40:55.770,68947.0,0.00083,B,57.22601,525146919664711
1774165255770,2026-03-22 07:40:55.770,68947.0,0.00017,B,11.72099,866786191358819
1774165255770,2026-03-22 07:40:55.770,68947.0,0.00045,B,31.026149999999998,421667495362940
1774165256072,2026-03-22 07:40:56.072,68947.0,0.001,B,68.947,88326044733476
1774165256072,2026-03-22 07:40:56.072,68947.0,0.00063,B,43.43661,574265644274290
1774165256672,2026-03-22 07:40:56.672,68947.0,0.00082,B,56.53654,1092039886589937
1774165256672,2026-03-22 07:40:56.672,68947.0,0.00145,B,99.97314999999999,728401225210602
1774165256672,2026-03-22 07:40:56.672,68948.0,0.00017,B,11.721160000000001,158460208397337
1774165256672,2026-03-22 07:40:56.672,68948.0,0.00015,B,10.342199999999998,91036522975585
1774165257143,2026-03-22 07:40:57.143,68948.0,0.00017,A,11.721160000000001,7375896040058
1774165257541,2026-03-22 07:40:57.541,68949.0,0.00353,B,243.38997,1099185927735742
1774165260489,2026-03-22 07:41:00.489,68949.0,0.14383,B,9916.93467,1082848514283874
1774165260489,2026-03-22 07:41:00.489,68949.0,0.003,B,206.847,783142106503437
1774165260489,2026-03-22 07:41:00.489,68949.0,0.00017,B,11.72133,1093795145237454
1774165260489,2026-03-22 07:41:00.489,68949.0,0.00218,B,150.30882,614835343571080
1774165260489,2026-03-22 07:41:00.489,68949.0,0.00145,B,99.97604999999999,376304590225463
1774165260489,2026-03-22 07:41:00.489,68950.0,0.09937,B,6851.5615,234200168070483
1774165260594,2026-03-22 07:41:00.594,68950.0,0.05063,B,3490.9385,585230572745617
1774165260594,2026-03-22 07:41:00.594,68950.0,0.00017,B,11.7215,107183368146154
1774165260594,2026-03-22 07:41:00.594,68950.0,0.00016,B,11.032,800031619579576
1774165260594,2026-03-22 07:41:00.594,68950.0,0.00015,B,10.3425,881716002322715
1774165260594,2026-03-22 07:41:00.594,68951.0,0.00017,B,11.721670000000001,299131081295572
1774165260594,2026-03-22 07:41:00.594,68952.0,0.00017,B,11.72184,30199225177692
1774165260594,2026-03-22 07:41:00.594,68952.0,0.00015,B,10.342799999999999,285200659981819
1774165260803,2026-03-22 07:41:00.803,68952.0,0.29442,A,20300.847840000002,992826472570829
1774165260803,2026-03-22 07:41:00.803,68953.0,0.00016,B,11.032480000000001,1099280214009823
1774165260803,2026-03-22 07:41:00.803,68953.0,0.00017,B,11.722010000000001,184621273689005
1774165260803,2026-03-22 07:41:00.803,68953.0,0.003,B,206.859,823838495396317
1774165260803,2026-03-22 07:41:00.803,68954.0,0.00017,B,11.722180000000002,32755189817640
1774165260803,2026-03-22 07:41:00.803,68955.0,0.00017,B,11.72235,411682808341016
1774165260803,2026-03-22 07:41:00.803,68956.0,0.00017,B,11.722520000000001,60779883150593
1774165261099,2026-03-22 07:41:01.099,68956.0,0.00238,A,164.11528,776111892103163
1774165261496,2026-03-22 07:41:01.496,68957.0,0.00017,B,11.72269,230280142335425
1774165261496,2026-03-22 07:41:01.496,68957.0,0.003,B,206.871,384496586081254
1774165261496,2026-03-22 07:41:01.496,68958.0,0.00017,B,11.72286,583469699690113
1774165261496,2026-03-22 07:41:01.496,68958.0,0.00016,B,11.033280000000001,1053514033845878
1774165261496,2026-03-22 07:41:01.496,68959.0,0.00017,B,11.723030000000001,98094363489017
1774165261496,2026-03-22 07:41:01.496,68960.0,0.00017,B,11.7232,435601232671402
1774165261496,2026-03-22 07:41:01.496,68961.0,0.00017,B,11.723370000000001,487184862319492
1774165261496,2026-03-22 07:41:01.496,68961.0,0.00016,B,11.033760000000001,1038683199386754
1774165261496,2026-03-22 07:41:01.496,68962.0,0.00017,B,11.723540000000002,21633423684106
1774165261496,2026-03-22 07:41:01.496,68963.0,0.00017,B,11.72371,344304034471432
1774165261496,2026-03-22 07:41:01.496,68963.0,0.00717,B,494.46471,521389047579300
1774165262018,2026-03-22 07:41:02.018,68963.0,0.02183,B,1505.46229,298046950129771
1774165262018,2026-03-22 07:41:02.018,68963.0,0.02609,B,1799.2446699999998,888837851757920
1774165263015,2026-03-22 07:41:03.015,68962.0,0.00339,A,233.78117999999998,554070847009550
1774165264025,2026-03-22 07:41:04.025,68962.0,0.00142,A,97.92604,505220616602838
1774165264329,2026-03-22 07:41:04.329,68964.0,0.00017,B,11.723880000000001,255162295334920
1774165264329,2026-03-22 07:41:04.329,68964.0,0.0002,B,13.792800000000002,1001228937866430
1774165264329,2026-03-22 07:41:04.329,68965.0,0.00017,B,11.72405,594775525951644
1774165265224,2026-03-22 07:41:05.224,68966.0,0.00017,B,11.72422,376576086340531
1774165265224,2026-03-22 07:41:05.224,68967.0,5e-05,B,3.44835,1077589808512647
1774165265224,2026-03-22 07:41:05.224,68967.0,0.00012,B,8.27604,56396500244739
1774165265224,2026-03-22 07:41:05.224,68968.0,0.00016,B,11.034880000000001,1060833288271454
1774165265224,2026-03-22 07:41:05.224,68968.0,0.00017,B,11.72456,811939386074817
1774165265224,2026-03-22 07:41:05.224,68969.0,9e-05,B,6.207210000000001,483578490029710
1774165265825,2026-03-22 07:41:05.825,68968.0,0.0039,A,268.9752,917528003171480
1774165266002,2026-03-22 07:41:06.002,68969.0,0.00017,B,11.724730000000001,1042516224762018
1774165266002,2026-03-22 07:41:06.002,68969.0,0.06539,B,4509.88291,904056692844110
1774165266002,2026-03-22 07:41:06.002,68969.0,0.43114,B,29735.294660000003,660406349032617
1774165266002,2026-03-22 07:41:06.002,68969.0,0.35725,B,24639.17525,561268209014596
1774165266002,2026-03-22 07:41:06.002,68969.0,0.07491,B,5166.467790000001,995137036040441
1774165266002,2026-03-22 07:41:06.002,68969.0,0.06501,B,4483.67469,829419698213348
1774165266002,2026-03-22 07:41:06.002,68969.0,0.06491,B,4476.77779,1009394877188517
1774165266002,2026-03-22 07:41:06.002,68969.0,0.06423,B,4429.87887,123493854401873
1774165266002,2026-03-22 07:41:06.002,68969.0,0.07283,B,5023.01227,950738457928512
1774165266002,2026-03-22 07:41:06.002,68969.0,0.07968,B,5495.44992,295445203888
1774165266002,2026-03-22 07:41:06.002,68970.0,0.00017,B,11.724900000000002,971085149103641
1774165266002,2026-03-22 07:41:06.002,68970.0,0.002,B,137.94,221871366294678
1774165266002,2026-03-22 07:41:06.002,68970.0,0.36161,B,24940.2417,5973726959185
1774165266002,2026-03-22 07:41:06.002,68970.0,0.05644,B,3892.6668,54892796806025
1774165266002,2026-03-22 07:41:06.002,68970.0,0.02899,B,1999.4403,1024700213359743
1774165266002,2026-03-22 07:41:06.002,68970.0,0.16457,B,11350.392899999999,171540417449638
1774165266225,2026-03-22 07:41:06.225,68969.0,0.0203,A,1400.0707,601975864262219
1774165268008,2026-03-22 07:41:08.008,68970.0,0.00016,B,11.035200000000001,537606506648825
1774165268208,2026-03-22 07:41:08.208,68970.0,0.00055,B,37.9335,470026446267671
1774165271042,2026-03-22 07:41:11.042,68969.0,0.00036,A,24.828840000000003,293634936696945
1774165271351,2026-03-22 07:41:11.351,68969.0,0.00053,A,36.55357,218426122023571
1774165271444,2026-03-22 07:41:11.444,68970.0,0.25,B,17242.5,569179077835031
1774165272446,2026-03-22 07:41:12.446,68970.0,0.01001,B,690.3897,401141187560063
1774165272647,2026-03-22 07:41:12.647,68970.0,0.00016,B,11.035200000000001,450675939271154
1774165274052,2026-03-22 07:41:14.052,68969.0,0.00416,A,286.91103999999996,63791278241591
1774165274172,2026-03-22 07:41:14.172,68969.0,0.00073,A,50.34737,569720531986734
1774165274851,2026-03-22 07:41:14.851,68969.0,0.05662,A,3905.0247799999997,1011058842550249
1774165275055,2026-03-22 07:41:15.055,68970.0,0.00057,B,39.3129,523942473428191
1774165275995,2026-03-22 07:41:15.995,68970.0,0.001,B,68.97,725162768841780
1774165276275,2026-03-22 07:41:16.275,68970.0,0.00434,B,299.32980000000003,1034475283485090
1774165276677,2026-03-22 07:41:16.677,68969.0,0.01574,A,1085.57206,669908964796367
1774165277720,2026-03-22 07:41:17.720,68969.0,0.02907,A,2004.9288299999998,367019049070910
1774165278094,2026-03-22 07:41:18.094,68970.0,0.00814,B,561.4158,197149111323124
1774165279226,2026-03-22 07:41:19.226,68967.0,0.00024,A,16.55208,918349355045994
1774165279226,2026-03-22 07:41:19.226,68967.0,0.00016,A,11.03472,5781727945838
1774165279226,2026-03-22 07:41:19.226,68967.0,0.00015,A,10.345049999999999,229371129382798
1774165279226,2026-03-22 07:41:19.226,68967.0,0.00017,A,11.724390000000001,433488421594168
1774165279226,2026-03-22 07:41:19.226,68966.0,0.00017,A,11.72422,466721729986042
1774165279226,2026-03-22 07:41:19.226,68965.0,0.00016,A,11.034400000000002,443530168901772
1774165279226,2026-03-22 07:41:19.226,68965.0,0.00017,A,11.72405,521841074317605
1774165279226,2026-03-22 07:41:19.226,68964.0,0.003,A,206.892,889474933320455
1774165279226,2026-03-22 07:41:19.226,68964.0,0.00017,A,11.723880000000001,1046804293332892
1774165279226,2026-03-22 07:41:19.226,68963.0,0.00017,A,11.72371,13068336484205
1774165279226,2026-03-22 07:41:19.226,68962.0,0.00016,A,11.03392,617550676762179
1774165279226,2026-03-22 07:41:19.226,68962.0,0.00017,A,11.723540000000002,1029583685527041
1774165279297,2026-03-22 07:41:19.297,68961.0,0.00017,A,11.723370000000001,114752019922863
1774165279297,2026-03-22 07:41:19.297,68960.0,0.00015,A,10.344,541658020572810
1774165279297,2026-03-22 07:41:19.297,68960.0,0.00982,A,677.1872000000001,883440953037423
1774165279538,2026-03-22 07:41:19.538,68961.0,0.00086,B,59.30646,573344679499475
1774165279946,2026-03-22 07:41:19.946,68961.0,0.11177,B,7707.77097,324026406071913
1774165279946,2026-03-22 07:41:19.946,68961.0,0.07296,B,5031.39456,912225692173290
1774165279946,2026-03-22 07:41:19.946,68961.0,0.29004,B,20001.44844,915918173883441
1774165279946,2026-03-22 07:41:19.946,68961.0,0.22545,B,15547.257450000001,375483045973005
1774165279946,2026-03-22 07:41:19.946,68961.0,0.05841,B,4028.01201,668687521530215
1774165279946,2026-03-22 07:41:19.946,68961.0,0.21,B,14481.81,133185825187273
1774165279946,2026-03-22 07:41:19.946,68961.0,0.03137,B,2163.30657,926092207159669
1774165280431,2026-03-22 07:41:20.431,68960.0,0.00017,A,11.7232,924888659892955
1774165280431,2026-03-22 07:41:20.431,68960.0,0.00128,A,88.26880000000001,794773426519791
1774165280658,2026-03-22 07:41:20.658,68960.0,0.00435,A,299.976,712863049740326
1774165283028,2026-03-22 07:41:23.028,68960.0,0.01449,A,999.2303999999999,475094339462919
1774165283970,2026-03-22 07:41:23.970,68961.0,0.00016,B,11.033760000000001,620613889449840
1774165284249,2026-03-22 07:41:24.249,68960.0,0.00272,A,187.5712,374294118419695
1774165284373,2026-03-22 07:41:24.373,68961.0,0.00017,B,11.723370000000001,487018373525831
1774165284373,2026-03-22 07:41:24.373,68962.0,0.00017,B,11.723540000000002,164423198465997
1774165284373,2026-03-22 07:41:24.373,68963.0,0.00015,B,10.344449999999998,1088765436015601
1774165284373,2026-03-22 07:41:24.373,68963.0,0.00017,B,11.72371,1061078280038178
1774165284373,2026-03-22 07:41:24.373,68964.0,0.00015,B,10.3446,317282693728089
1774165284373,2026-03-22 07:41:24.373,68964.0,0.001,B,68.964,426224238089052
1774165284373,2026-03-22 07:41:24.373,68964.0,0.00017,B,11.723880000000001,821800594126347
1774165284467,2026-03-22 07:41:24.467,68965.0,0.00017,B,11.72405,1115286606405342
1774165284467,2026-03-22 07:41:24.467,68966.0,0.003,B,206.898,707151067604157
1774165284467,2026-03-22 07:41:24.467,68966.0,0.00017,B,11.72422,180085439759874
1774165284467,2026-03-22 07:41:24.467,68967.0,0.00017,B,11.724390000000001,570190129603324
1774165284467,2026-03-22 07:41:24.467,68968.0,0.00016,B,11.034880000000001,914562749683497
1774165284467,2026-03-22 07:41:24.467,68968.0,0.00017,B,11.72456,838461806934596
1774165284467,2026-03-22 07:41:24.467,68969.0,0.00015,B,10.34535,626460445243266
1774165284467,2026-03-22 07:41:24.467,68969.0,0.00017,B,11.724730000000001,370058300587518
1774165284467,2026-03-22 07:41:24.467,68970.0,0.00017,B,11.724900000000002,631074589524406
1774165284467,2026-03-22 07:41:24.467,68971.0,0.00017,B,11.72507,431739680219872
1774165284467,2026-03-22 07:41:24.467,68972.0,0.00016,B,11.035520000000002,1061835049217475
1774165284467,2026-03-22 07:41:24.467,68972.0,0.00017,B,11.725240000000001,604201625774805
1774165284467,2026-03-22 07:41:24.467,68972.0,0.00024,B,16.55328,847865636533871
1774165284467,2026-03-22 07:41:24.467,68972.0,0.10399,B,7172.39828,1045320412567881
1774165284467,2026-03-22 07:41:24.467,68973.0,0.003,B,206.919,953402196901827
1774165284467,2026-03-22 07:41:24.467,68973.0,0.00017,B,11.72541,875058498447626
1774165285256,2026-03-22 07:41:25.256,68974.0,0.00017,B,11.72558,32338596974648
1774165285256,2026-03-22 07:41:25.256,68974.0,0.00128,B,88.28672,55471867919932
1774165285256,2026-03-22 07:41:25.256,68974.0,0.00022,B,15.174280000000001,594544452734595
1774165286032,2026-03-22 07:41:26.032,68974.0,0.00164,B,113.11735999999999,634730330560763
1774165286301,2026-03-22 07:41:26.301,68973.0,0.00015,A,10.345949999999998,330492681816833
1774165287071,2026-03-22 07:41:27.071,68973.0,0.00017,A,11.72541,924020577911805
1774165287071,2026-03-22 07:41:27.071,68974.0,0.00051,B,35.17674,401549079297060
1774165287329,2026-03-22 07:41:27.329,68974.0,0.0555,B,3828.0570000000002,47787672742555
1774165287329,2026-03-22 07:41:27.329,68973.0,0.0002,A,13.7946,697910169103741
1774165287718,2026-03-22 07:41:27.718,68974.0,0.025,B,1724.3500000000001,827991041470337
1774165291003,2026-03-22 07:41:31.003,68973.0,0.00238,A,164.15574,800792390949516
1774165292393,2026-03-22 07:41:32.393,68973.0,0.00265,A,182.77845,627533010798905
1774165292469,2026-03-22 07:41:32.469,68973.0,0.01321,A,911.13333,501999290380124
1774165292967,2026-03-22 07:41:32.967,68974.0,0.025,B,1724.3500000000001,541046404024275
1774165293020,2026-03-22 07:41:33.020,68973.0,0.00339,A,233.81847,773488490290156
1774165293909,2026-03-22 07:41:33.909,68973.0,0.00028,A,19.31244,939880325376482
1774165294831,2026-03-22 07:41:34.831,68974.0,0.0432,B,2979.6768,1048380707404202
1774165295027,2026-03-22 07:41:35.027,68973.0,0.00142,A,97.94166,577358000387488
1774165296033,2026-03-22 07:41:36.033,68974.0,0.13389,B,9234.92886,849709035434167
1774165296033,2026-03-22 07:41:36.033,68974.0,0.00017,B,11.72558,156533750746251
1774165296033,2026-03-22 07:41:36.033,68974.0,0.05997,B,4136.37078,102841857298486
1774165296033,2026-03-22 07:41:36.033,68974.0,0.00483,B,333.14442,391187393118944
1774165296033,2026-03-22 07:41:36.033,68974.0,0.35991,B,24824.43234,443750008642479
1774165296033,2026-03-22 07:41:36.033,68974.0,0.06639,B,4579.18386,637219288737827
1774165296033,2026-03-22 07:41:36.033,68974.0,0.06523,B,4499.1740199999995,22491942844030
1774165296033,2026-03-22 07:41:36.033,68974.0,0.05114,B,3527.33036,767904031929886
1774165296033,2026-03-22 07:41:36.033,68974.0,0.09833,B,6782.21342,655865443998312
1774165296033,2026-03-22 07:41:36.033,68974.0,0.04099,B,2827.24426,368569668654109
1774165296033,2026-03-22 07:41:36.033,68974.0,0.0912,B,6290.428800000001,630850442749541
1774165296033,2026-03-22 07:41:36.033,68974.0,0.07053,B,4864.73622,458192144049156
1774165296033,2026-03-22 07:41:36.033,68974.0,0.10767,B,7426.43058,579702254314070
1774165296033,2026-03-22 07:41:36.033,68974.0,0.3536,B,24389.206400000003,288214765907570
1774165296033,2026-03-22 07:41:36.033,68974.0,0.04343,B,2995.54082,916511651940844
1774165296033,2026-03-22 07:41:36.033,68974.0,0.09212,B,6353.88488,602946158075954
1774165296549,2026-03-22 07:41:36.549,68973.0,0.02133,A,1471.19409,382658839672328
1774165296549,2026-03-22 07:41:36.549,68973.0,0.02656,A,1831.92288,381139230475248
1774165297307,2026-03-22 07:41:37.307,68973.0,0.00041,A,28.27893,464296073246213
1774165297307,2026-03-22 07:41:37.307,68973.0,8e-05,A,5.5178400000000005,132188038788182
1774165297851,2026-03-22 07:41:37.851,68973.0,0.0432,A,2979.6336,129634525931363
1774165298037,2026-03-22 07:41:38.037,68974.0,0.00016,B,11.03584,128384036802934
1774165298618,2026-03-22 07:41:38.618,68974.0,0.00234,B,161.39916,408247954177240
1774165300467,2026-03-22 07:41:40.467,68973.0,0.00602,A,415.21746,187325745903214
1774165300670,2026-03-22 07:41:40.670,68973.0,0.02193,A,1512.57789,687607610922474
1774165301071,2026-03-22 07:41:41.071,68973.0,0.00049,A,33.79677,386414175675894
1774165304034,2026-03-22 07:41:44.034,68973.0,0.00415,A,286.23795,444976766914694
1774165305023,2026-03-22 07:41:45.023,68974.0,0.00056,B,38.62544,65365453928104
1774165305236,2026-03-22 07:41:45.236,68974.0,0.08061,B,5559.99414,269539149555305
1774165306302,2026-03-22 07:41:46.302,68974.0,0.00048,B,33.10752,145929223997640
1774165306906,2026-03-22 07:41:46.906,68973.0,0.06516,A,4494.28068,130989969802082
1774165311282,2026-03-22 07:41:51.282,68973.0,0.00047,A,32.41731,429974427094538
1774165311680,2026-03-22 07:41:51.680,68974.0,0.07201,B,4966.81774,651856253260345
1774165311680,2026-03-22 07:41:51.680,68974.0,0.00066,B,45.52284,376974663831336
1774165312335,2026-03-22 07:41:52.335,68974.0,0.07183,B,4954.40242,664638887570022
1774165312335,2026-03-22 07:41:52.335,68974.0,0.07249,B,4999.92526,378859289299141
1774165312335,2026-03-22 07:41:52.335,68974.0,0.00017,B,11.72558,433411906071705
1774165312335,2026-03-22 07:41:52.335,68974.0,0.0145,B,1000.123,203434724224663
1774165312335,2026-03-22 07:41:52.335,68974.0,0.0145,B,1000.123,335815072608503
1774165312335,2026-03-22 07:41:52.335,68974.0,0.0145,B,1000.123,828712093693212
1774165312335,2026-03-22 07:41:52.335,68974.0,0.00145,B,100.0123,372502648893808
1774165312335,2026-03-22 07:41:52.335,68974.0,0.00145,B,100.0123,1106012901640264
1774165312335,2026-03-22 07:41:52.335,68974.0,0.00145,B,100.0123,528785599674028
1774165312335,2026-03-22 07:41:52.335,68974.0,0.00059,B,40.69466,1108740022901280
1774165312335,2026-03-22 07:41:52.335,68975.0,0.00016,B,11.036000000000001,51043443069171
1774165312335,2026-03-22 07:41:52.335,68975.0,0.00017,B,11.725750000000001,625027628606381
1774165312335,2026-03-22 07:41:52.335,68976.0,0.00017,B,11.72592,882587604844287
1774165312335,2026-03-22 07:41:52.335,68976.0,0.00016,B,11.03616,1099747780809934
1774165312335,2026-03-22 07:41:52.335,68976.0,0.00016,B,11.03616,963873576451449
1774165312495,2026-03-22 07:41:52.495,68977.0,0.00017,B,11.726090000000001,44603245349685
1774165312740,2026-03-22 07:41:52.740,68978.0,0.00017,B,11.726260000000002,163111035231709
1774165312740,2026-03-22 07:41:52.740,68979.0,0.00016,B,11.03664,466307187274017
1774165312740,2026-03-22 07:41:52.740,68979.0,0.00013,B,8.96727,707492505463246
1774165313105,2026-03-22 07:41:53.105,68979.0,4e-05,B,2.75916,588678055260458
1774165313105,2026-03-22 07:41:53.105,68979.0,0.003,B,206.937,710414736448492
1774165313105,2026-03-22 07:41:53.105,68979.0,0.0002,B,13.7958,265279103993837
1774165313105,2026-03-22 07:41:53.105,68980.0,0.00017,B,11.726600000000001,314917756155961
1774165313105,2026-03-22 07:41:53.105,68980.0,0.00035,B,24.143,586850468286159
1774165313105,2026-03-22 07:41:53.105,68981.0,0.00017,B,11.72677,499239779058291
1774165313105,2026-03-22 07:41:53.105,68982.0,0.00017,B,11.72694,270233448313641
1774165313105,2026-03-22 07:41:53.105,68983.0,0.00016,B,11.03728,1023477553719518
1774165313105,2026-03-22 07:41:53.105,68983.0,0.00017,B,11.727110000000001,360996675549213
1774165313105,2026-03-22 07:41:53.105,68984.0,0.003,B,206.952,658751370798159
1774165313105,2026-03-22 07:41:53.105,68984.0,0.00017,B,11.72728,765336417425134
1774165313105,2026-03-22 07:41:53.105,68985.0,0.00015,B,10.34775,1104306190341747
1774165313105,2026-03-22 07:41:53.105,68985.0,0.00017,B,11.727450000000001,989842834928437
1774165313105,2026-03-22 07:41:53.105,68986.0,0.00016,B,11.03776,672128970365658
1774165313105,2026-03-22 07:41:53.105,68986.0,0.00017,B,11.727620000000002,1101714411219877
1774165313105,2026-03-22 07:41:53.105,68987.0,0.00017,B,11.72779,313887555567432
1774165313439,2026-03-22 07:41:53.439,68988.0,0.00017,B,11.727960000000001,251603971217920
1774165313439,2026-03-22 07:41:53.439,68989.0,0.00017,B,11.72813,438309690584062
1774165313638,2026-03-22 07:41:53.638,68989.0,0.00901,A,621.5908900000001,397248625497860
1774165313638,2026-03-22 07:41:53.638,68989.0,0.01375,A,948.59875,534638891669552
1774165314351,2026-03-22 07:41:54.351,68989.0,0.00903,A,622.97067,592872810413290
1774165314351,2026-03-22 07:41:54.351,68989.0,0.00977,A,674.02253,486765087627175
1774165314535,2026-03-22 07:41:54.535,68989.0,0.00977,A,674.02253,854881420882142
1774165314937,2026-03-22 07:41:54.937,68990.0,0.00017,B,11.7283,617837959513245
1774165314937,2026-03-22 07:41:54.937,68990.0,0.00013,B,8.968699999999998,146001184396116
1774165315258,2026-03-22 07:41:55.258,68990.0,9e-05,B,6.2091,871328453760110
1774165315258,2026-03-22 07:41:55.258,68990.0,0.00027,B,18.6273,958279204738257
1774165315343,2026-03-22 07:41:55.343,68989.0,0.00022,A,15.17758,222742462473799
1774165315343,2026-03-22 07:41:55.343,68989.0,0.00022,A,15.17758,53870548732487
1774165316003,2026-03-22 07:41:56.003,68990.0,0.00164,B,113.14359999999999,48502235717521
1774165316958,2026-03-22 07:41:56.958,68990.0,0.0011,B,75.88900000000001,390846077607963
1774165317081,2026-03-22 07:41:57.081,68989.0,0.00017,A,11.72813,519899343409176
1774165317156,2026-03-22 07:41:57.156,68989.0,0.01004,A,692.6495600000001,240541249225723
1774165318576,2026-03-22 07:41:58.576,68989.0,0.00933,A,643.66737,601017128365515
1774165318695,2026-03-22 07:41:58.695,68989.0,0.00933,A,643.66737,217010849268300
1774165319380,2026-03-22 07:41:59.380,68989.0,0.00025,A,17.24725,208551746112228
1774165319584,2026-03-22 07:41:59.584,68988.0,0.00015,A,10.348199999999999,148353562628126
1774165319584,2026-03-22 07:41:59.584,68988.0,0.01014,A,699.53832,988196134391052
1774165319988,2026-03-22 07:41:59.988,68986.0,0.00373,A,257.31777999999997,911422818838734
1774165320309,2026-03-22 07:42:00.309,68984.0,0.003,A,206.952,909616711077444
1774165320309,2026-03-22 07:42:00.309,68984.0,0.00016,A,11.03744,1010403415756639
1774165320309,2026-03-22 07:42:00.309,68984.0,0.00015,A,10.3476,48761207980351
1774165320914,2026-03-22 07:42:00.914,68980.0,7e-05,A,4.8286,312091085817701
1774165321115,2026-03-22 07:42:01.115,68980.0,0.0001,A,6.898000000000001,193663909252985
1774165321115,2026-03-22 07:42:01.115,68980.0,0.00227,A,156.5846,357681448614358
1774165321115,2026-03-22 07:42:01.115,68980.0,0.00852,A,587.7096,942773954181029
1774165321243,2026-03-22 07:42:01.243,68980.0,0.02978,A,2054.2244,160991607575728
1774165321243,2026-03-22 07:42:01.243,68980.0,0.01014,A,699.4572,363588151366806
1774165321243,2026-03-22 07:42:01.243,68979.0,0.003,A,206.937,815466484685682
1774165321243,2026-03-22 07:42:01.243,68979.0,0.00017,A,11.72643,963488110661034
1774165321243,2026-03-22 07:42:01.243,68979.0,0.00015,A,10.34685,632216545113727
1774165321243,2026-03-22 07:42:01.243,68978.0,0.00017,A,11.726260000000002,192076020680975
1774165321243,2026-03-22 07:42:01.243,68977.0,0.00088,A,60.699760000000005,409814370558371
1774165321243,2026-03-22 07:42:01.243,68977.0,0.00017,A,11.726090000000001,858568179949759
1774165321243,2026-03-22 07:42:01.243,68977.0,0.20285,A,13991.98445,581735060636130
1774165321243,2026-03-22 07:42:01.243,68977.0,0.00015,A,10.346549999999999,55175906267130
1774165321243,2026-03-22 07:42:01.243,68976.0,0.00016,A,11.03616,440334626279497
1774165321243,2026-03-22 07:42:01.243,68976.0,0.75238,A,51896.16288,432805921686139
1774165322107,2026-03-22 07:42:02.107,68976.0,0.00098,A,67.59648,955473504447408
1774165322107,2026-03-22 07:42:02.107,68976.0,0.00017,A,11.72592,527464004326003
1774165322107,2026-03-22 07:42:02.107,68976.0,0.003,A,206.928,607540034430354
1774165322107,2026-03-22 07:42:02.107,68976.0,0.00036,A,24.83136,159710100306048
1774165323058,2026-03-22 07:42:03.058,68976.0,0.0034,A,234.51839999999999,1037488925285408
1774165323845,2026-03-22 07:42:03.845,68977.0,0.00045,B,31.039649999999998,389297882562132
1774165324071,2026-03-22 07:42:04.071,68976.0,0.00141,A,97.25616,539363582488825
1774165324172,2026-03-22 07:42:04.172,68977.0,0.00334,B,230.38318,491887990007501
1774165324342,2026-03-22 07:42:04.342,68977.0,0.0207,B,1427.8238999999999,15111919125361
1774165324406,2026-03-22 07:42:04.406,68977.0,0.01001,B,690.4597699999999,209103435167701
1774165324755,2026-03-22 07:42:04.755,68976.0,0.00044,A,30.34944,985998316931486
1774165325745,2026-03-22 07:42:05.745,68976.0,0.03496,A,2411.40096,231624043505383
1774165325745,2026-03-22 07:42:05.745,68976.0,0.01014,A,699.41664,408998428222968
1774165325745,2026-03-22 07:42:05.745,68976.0,0.00017,A,11.72592,68104038204020
1774165325745,2026-03-22 07:42:05.745,68976.0,0.00289,A,199.34064,85811274578441
1774165325745,2026-03-22 07:42:05.745,68975.0,0.00017,A,11.725750000000001,301866546360741
1774165325745,2026-03-22 07:42:05.745,68975.0,0.00015,A,10.34625,970233485688676
1774165325745,2026-03-22 07:42:05.745,68975.0,0.0014,A,96.565,743005902877900
1774165325745,2026-03-22 07:42:05.745,68974.0,0.00017,A,11.72558,722890668560195
1774165325745,2026-03-22 07:42:05.745,68974.0,0.20285,A,13991.375900000001,535935425956845
1774165325745,2026-03-22 07:42:05.745,68974.0,0.2,A,13794.800000000001,810789861344624
1774165325745,2026-03-22 07:42:05.745,68973.0,0.00016,A,11.035680000000001,555323137281975
1774165325745,2026-03-22 07:42:05.745,68973.0,0.13497,A,9309.285810000001,1117455262130920
1774165325745,2026-03-22 07:42:05.745,68973.0,0.00017,A,11.72541,528112484096551
1774165325745,2026-03-22 07:42:05.745,68973.0,0.25356,A,17488.79388,598674442871220
1774165325745,2026-03-22 07:42:05.745,68973.0,0.00015,A,10.345949999999998,627741134089635
1774165325745,2026-03-22 07:42:05.745,68972.0,0.00016,A,11.035520000000002,740708547370385
1774165325745,2026-03-22 07:42:05.745,68972.0,0.00017,A,11.725240000000001,924691146858319
1774165325745,2026-03-22 07:42:05.745,68972.0,0.001,A,68.97200000000001,798895575675994
1774165325745,2026-03-22 07:42:05.745,68971.0,0.00017,A,11.72507,200846657982458
1774165325745,2026-03-22 07:42:05.745,68971.0,0.00017,A,11.72507,1099620159069844
1774165325745,2026-03-22 07:42:05.745,68971.0,0.05665,A,3907.2071499999997,81058382866980
1774165325745,2026-03-22 07:42:05.745,68970.0,0.00018,A,12.4146,653505044184350
1774165325745,2026-03-22 07:42:05.745,68970.0,0.00017,A,11.724900000000002,863947950300133
1774165325745,2026-03-22 07:42:05.745,68970.0,0.09942,A,6856.997399999999,607801371270589
1774165326015,2026-03-22 07:42:06.015,68971.0,0.04525,B,3120.93775,541633018488751
1774165326015,2026-03-22 07:42:06.015,68971.0,0.08715,B,6010.82265,1011211852254433
1774165326015,2026-03-22 07:42:06.015,68971.0,0.12081,B,8332.38651,993210874013550
1774165326015,2026-03-22 07:42:06.015,68971.0,0.08251,B,5690.79721,150820159599488
1774165326015,2026-03-22 07:42:06.015,68971.0,0.07343,B,5064.540529999999,35695188773993
1774165326015,2026-03-22 07:42:06.015,68971.0,0.09265,B,6390.163149999999,110544948229809
1774165326015,2026-03-22 07:42:06.015,68971.0,0.05922,B,4084.4626200000002,125013562250936
1774165326015,2026-03-22 07:42:06.015,68971.0,0.12357,B,8522.74647,264994634534907
1774165326015,2026-03-22 07:42:06.015,68971.0,0.05816,B,4011.35336,941628560072927
1774165326015,2026-03-22 07:42:06.015,68971.0,0.12081,B,8332.38651,182650176243818
1774165326015,2026-03-22 07:42:06.015,68971.0,0.06231,B,4297.583009999999,806366854942943
1774165326015,2026-03-22 07:42:06.015,68971.0,0.05873,B,4050.6668299999997,695901408171077
1774165326015,2026-03-22 07:42:06.015,68971.0,0.08251,B,5690.79721,498636307678085
1774165326015,2026-03-22 07:42:06.015,68971.0,0.04525,B,3120.93775,387020435237764
1774165326015,2026-03-22 07:42:06.015,68971.0,0.05922,B,4084.4626200000002,323615458843691
1774165326015,2026-03-22 07:42:06.015,68971.0,0.12081,B,8332.38651,1091301587370863
1774165326015,2026-03-22 07:42:06.015,68971.0,0.05922,B,4084.4626200000002,781847039699601
1774165326015,2026-03-22 07:42:06.015,68971.0,0.00145,B,100.00795,863057180061845
1774165326015,2026-03-22 07:42:06.015,68971.0,0.05922,B,4084.4626200000002,117797676478017
1774165326015,2026-03-22 07:42:06.015,68971.0,0.07343,B,5064.540529999999,286085345822433
1774165326015,2026-03-22 07:42:06.015,68971.0,0.15359,B,10593.25589,134619697351149
1774165328093,2026-03-22 07:42:08.093,68971.0,0.00016,B,11.03536,484703624937381
1774165329564,2026-03-22 07:42:09.564,68971.0,7e-05,B,4.82797,238165648038976
1774165330786,2026-03-22 07:42:10.786,68971.0,0.01243,B,857.30953,1018949211250546
1774165330786,2026-03-22 07:42:10.786,68971.0,0.00497,B,342.78587,381307656814056
1774165331040,2026-03-22 07:42:11.040,68970.0,0.00026,A,17.932199999999998,1117779823632131
1774165331376,2026-03-22 07:42:11.376,68970.0,0.20459,A,14110.5723,61280581843435
1774165331376,2026-03-22 07:42:11.376,68970.0,0.07668,A,5288.6196,868858007520562
1774165331376,2026-03-22 07:42:11.376,68970.0,0.00017,A,11.724900000000002,422575362193288
1774165331376,2026-03-22 07:42:11.376,68970.0,0.15727,A,10846.9119,1033338739627724
1774165331376,2026-03-22 07:42:11.376,68970.0,0.3061,A,21111.717,990366245289926
1774165331376,2026-03-22 07:42:11.376,68970.0,0.18754,A,12934.633800000001,932613383641916
1774165331376,2026-03-22 07:42:11.376,68970.0,0.06765,A,4665.8205,544727973306586
1774165334052,2026-03-22 07:42:14.052,68970.0,0.00416,A,286.91519999999997,227821338052390
1774165335068,2026-03-22 07:42:15.068,68971.0,0.00057,B,39.313469999999995,381330470340059
1774165336134,2026-03-22 07:42:16.134,68970.0,0.35566,A,24529.870199999998,146234243467957
1774165336134,2026-03-22 07:42:16.134,68970.0,0.20285,A,13990.5645,466462169915869
1774165336134,2026-03-22 07:42:16.134,68970.0,0.04057,A,2798.1129,854866019025627
1774165336134,2026-03-22 07:42:16.134,68970.0,0.16,A,11035.2,444385098241077
1774165336134,2026-03-22 07:42:16.134,68970.0,0.01014,A,699.3557999999999,453978225392425
1774165336134,2026-03-22 07:42:16.134,68970.0,0.23078,A,15916.8966,193746829248521
1774165336345,2026-03-22 07:42:16.345,68971.0,0.05383,B,3712.7089300000002,694356510465985
1774165336345,2026-03-22 07:42:16.345,68971.0,0.00017,B,11.72507,962587833585769
1774165336345,2026-03-22 07:42:16.345,68972.0,0.00015,B,10.345799999999999,628969614388419
1774165336345,2026-03-22 07:42:16.345,68972.0,0.02899,B,1999.4982799999998,1003756096766706
1774165336345,2026-03-22 07:42:16.345,68972.0,0.00017,B,11.725240000000001,434290137003820
1774165336345,2026-03-22 07:42:16.345,68973.0,0.00015,B,10.345949999999998,1074880483961985
1774165336345,2026-03-22 07:42:16.345,68973.0,0.59091,B,40756.83543000001,137487289941213
1774165336345,2026-03-22 07:42:16.345,68973.0,0.05055,B,3486.58515,320920423630614
1774165336937,2026-03-22 07:42:16.937,68972.0,0.00016,A,11.035520000000002,1043298461955287
1774165337187,2026-03-22 07:42:17.187,68972.0,0.00072,A,49.65984,954558139457398
1774165337544,2026-03-22 07:42:17.544,68974.0,0.00015,B,10.3461,1085310170028560
1774165338285,2026-03-22 07:42:18.285,68975.0,0.00017,B,11.725750000000001,28532961052752
1774165338285,2026-03-22 07:42:18.285,68975.0,0.00015,B,10.34625,238993745237573
1774165338285,2026-03-22 07:42:18.285,68975.0,0.0002,B,13.795,369215459363010
1774165338285,2026-03-22 07:42:18.285,68976.0,0.003,B,206.928,1110163278821374
1774165338285,2026-03-22 07:42:18.285,68976.0,0.00017,B,11.72592,32884090928408
1774165338482,2026-03-22 07:42:18.482,68977.0,0.00017,B,11.726090000000001,888425998218749
1774165338482,2026-03-22 07:42:18.482,68978.0,0.00017,B,11.726260000000002,789241258219335
1774165338482,2026-03-22 07:42:18.482,68979.0,0.00016,B,11.03664,744163823317081
1774165338482,2026-03-22 07:42:18.482,68979.0,0.00017,B,11.72643,800120380028472
1774165338482,2026-03-22 07:42:18.482,68980.0,0.00017,B,11.726600000000001,253972806515129
1774165338759,2026-03-22 07:42:18.759,68981.0,0.003,B,206.943,413533272244359
1774165338759,2026-03-22 07:42:18.759,68981.0,0.00017,B,11.72677,286533859359700
1774165339044,2026-03-22 07:42:19.044,68982.0,0.00017,B,11.72694,215418657241312
1774165339442,2026-03-22 07:42:19.442,68983.0,0.00017,B,11.727110000000001,987269057365595
1774165339442,2026-03-22 07:42:19.442,68984.0,0.00017,B,11.72728,690995811738435
1774165339442,2026-03-22 07:42:19.442,68985.0,0.00015,B,10.34775,463807508059261
1774165339442,2026-03-22 07:42:19.442,68985.0,0.00017,B,11.727450000000001,675501397396560
1774165339442,2026-03-22 07:42:19.442,68986.0,0.00016,B,11.03776,63327828666109
1774165339442,2026-03-22 07:42:19.442,68986.0,0.00017,B,11.727620000000002,955706001855412
1774165339442,2026-03-22 07:42:19.442,68987.0,0.00017,B,11.72779,205586676766933
1774165339442,2026-03-22 07:42:19.442,68987.0,0.003,B,206.961,881698146743054
1774165341152,2026-03-22 07:42:21.152,68988.0,0.00017,B,11.727960000000001,866561100853869
1774165341152,2026-03-22 07:42:21.152,68988.0,0.00025,B,17.247,869680834718679
1774165341759,2026-03-22 07:42:21.759,68987.0,0.00052,A,35.873239999999996,177066488011175
1774165341759,2026-03-22 07:42:21.759,68987.0,0.99948,A,68951.12676,92121257564564
1774165341863,2026-03-22 07:42:21.863,68988.0,0.00043,B,29.664839999999998,166015337309515
1774165343064,2026-03-22 07:42:23.064,68987.0,0.0603,A,4159.9161,1101927720279253
1774165343964,2026-03-22 07:42:23.964,68988.0,0.001,B,68.988,938389876284143
1774165344296,2026-03-22 07:42:24.296,68988.0,0.00725,B,500.163,23665497833143
1774165346031,2026-03-22 07:42:26.031,68988.0,0.00164,B,113.14032,1074701637447847
1774165346824,2026-03-22 07:42:26.824,68987.0,0.00022,A,15.177140000000001,832204160460034
1774165347134,2026-03-22 07:42:27.134,68987.0,0.00017,A,11.72779,828049342429923
1774165347445,2026-03-22 07:42:27.445,68987.0,0.00042,A,28.97454,227043310754918
1774165347541,2026-03-22 07:42:27.541,68987.0,0.00247,A,170.39789,48697525989240
1774165349066,2026-03-22 07:42:29.066,68984.0,0.01014,A,699.49776,1092492400649497
1774165349066,2026-03-22 07:42:29.066,68984.0,0.06776,A,4674.35584,351141825305329
1774165349066,2026-03-22 07:42:29.066,68984.0,0.11391,A,7857.967439999999,890247386028911
1774165349066,2026-03-22 07:42:29.066,68984.0,0.35166,A,24258.913439999997,400195925169600
1774165349066,2026-03-22 07:42:29.066,68984.0,0.19283,A,13302.18472,247635835332643
1774165349066,2026-03-22 07:42:29.066,68984.0,0.2637,A,18191.0808,688340969915571
1774165349066,2026-03-22 07:42:29.066,68984.0,0.01016,A,700.8774400000001,459117169530061
1774165351013,2026-03-22 07:42:31.013,68984.0,0.00238,A,164.18192000000002,1066144754827571
1774165351824,2026-03-22 07:42:31.824,68984.0,0.01014,A,699.49776,744696051310016
1774165351824,2026-03-22 07:42:31.824,68984.0,2e-05,A,1.37968,852303358676474
1774165352501,2026-03-22 07:42:32.501,68985.0,0.06103,B,4210.15455,812226764250978
1774165352501,2026-03-22 07:42:32.501,68985.0,0.00647,B,446.33295,1002713728929752
1774165352702,2026-03-22 07:42:32.702,68984.0,0.00145,A,100.0268,499179591778619
1774165353045,2026-03-22 07:42:33.045,68984.0,0.00339,A,233.85575999999998,561315347419621
1774165354046,2026-03-22 07:42:34.046,68984.0,0.00142,A,97.95728,564190614826090
1774165354321,2026-03-22 07:42:34.321,68984.0,0.00015,A,10.3476,987692410378108
1774165354321,2026-03-22 07:42:34.321,68984.0,0.0029,A,200.0536,384285579978721
1774165354321,2026-03-22 07:42:34.321,68984.0,0.00017,A,11.72728,890678205950704
1774165354321,2026-03-22 07:42:34.321,68983.0,0.00015,A,10.347449999999998,773619914213479
1774165354321,2026-03-22 07:42:34.321,68983.0,0.00017,A,11.727110000000001,980007901858457
1774165354321,2026-03-22 07:42:34.321,68982.0,0.003,A,206.946,759389957186230
1774165354321,2026-03-22 07:42:34.321,68982.0,0.00015,A,10.347299999999999,208276619104766
1774165354321,2026-03-22 07:42:34.321,68982.0,0.00017,A,11.72694,988214082274323
1774165354321,2026-03-22 07:42:34.321,68981.0,0.00017,A,11.72677,784865047406346
1774165354321,2026-03-22 07:42:34.321,68980.0,0.00016,A,11.036800000000001,973057207102099
1774165354321,2026-03-22 07:42:34.321,68980.0,0.00017,A,11.726600000000001,817356483544607
1774165354321,2026-03-22 07:42:34.321,68979.0,0.00017,A,11.72643,867533256282820
1774165354321,2026-03-22 07:42:34.321,68978.0,0.00017,A,11.726260000000002,232520379465039
1774165354321,2026-03-22 07:42:34.321,68977.0,0.003,A,206.931,696998815374288
1774165354321,2026-03-22 07:42:34.321,68977.0,0.00017,A,11.726090000000001,410506536885099
1774165354321,2026-03-22 07:42:34.321,68976.0,0.00016,A,11.03616,931020109919758
1774165354321,2026-03-22 07:42:34.321,68976.0,0.00017,A,11.72592,122624116528152
1774165354321,2026-03-22 07:42:34.321,68975.0,0.00015,A,10.34625,200878763946894
1774165354321,2026-03-22 07:42:34.321,68975.0,0.00017,A,11.725750000000001,206456495779756
1774165354321,2026-03-22 07:42:34.321,68974.0,0.00017,A,11.72558,721247335416705
1774165354321,2026-03-22 07:42:34.321,68973.0,0.00016,A,11.035680000000001,727994899287479
1774165354321,2026-03-22 07:42:34.321,68973.0,0.00017,A,11.72541,912807520660255
1774165354321,2026-03-22 07:42:34.321,68972.0,0.00017,A,11.725240000000001,677659504132326
1774165354321,2026-03-22 07:42:34.321,68971.0,0.00022,A,15.17362,461717663288778
1774165354321,2026-03-22 07:42:34.321,68971.0,0.00017,A,11.72507,339389615355332
1774165354321,2026-03-22 07:42:34.321,68970.0,0.00017,A,11.724900000000002,349046576690209
1774165354321,2026-03-22 07:42:34.321,68970.0,0.00015,A,10.3455,828070101347652
1774165354321,2026-03-22 07:42:34.321,68969.0,0.00016,A,11.03504,281241332323709
1774165354321,2026-03-22 07:42:34.321,68969.0,0.00017,A,11.724730000000001,485811913532369
1774165354321,2026-03-22 07:42:34.321,68969.0,0.0003,A,20.6907,40008399314501
1774165354321,2026-03-22 07:42:34.321,68968.0,0.00017,A,11.72456,980283448654019
1774165354321,2026-03-22 07:42:34.321,68968.0,0.00023,A,15.86264,746407327347649
1774165354448,2026-03-22 07:42:34.448,68967.0,0.00017,A,11.724390000000001,409950596123265
1774165354448,2026-03-22 07:42:34.448,68967.0,0.00234,A,161.38278,390249869893595
1774165354448,2026-03-22 07:42:34.448,68966.0,0.00017,A,11.72422,266103541218624
1774165354448,2026-03-22 07:42:34.448,68966.0,0.00016,A,11.03456,169455101621295
1774165354448,2026-03-22 07:42:34.448,68965.0,0.00016,A,11.034400000000002,1064530350900920
1774165354448,2026-03-22 07:42:34.448,68965.0,0.00015,A,10.34475,947616945670998
1774165354448,2026-03-22 07:42:34.448,68965.0,0.00017,A,11.72405,804466552654693
1774165354448,2026-03-22 07:42:34.448,68964.0,0.6,A,41378.4,1099766455879487
1774165354448,2026-03-22 07:42:34.448,68962.0,0.00016,A,11.03392,998751808912452
1774165354448,2026-03-22 07:42:34.448,68959.0,0.01978,A,1364.00902,81957935688162
1774165354448,2026-03-22 07:42:34.448,68959.0,0.05498,A,3791.36582,62752627452210
1774165354448,2026-03-22 07:42:34.448,68959.0,0.1,A,6895.900000000001,533989899836125
1774165354448,2026-03-22 07:42:34.448,68959.0,2e-05,A,1.37918,466045634001322
1774165354448,2026-03-22 07:42:34.448,68959.0,0.00276,A,190.32684,713523075318272
1774165354448,2026-03-22 07:42:34.448,68958.0,0.00016,A,11.033280000000001,852328820491300
1774165354448,2026-03-22 07:42:34.448,68954.0,0.00016,A,11.03264,163504983175324
1774165354448,2026-03-22 07:42:34.448,68953.0,0.00118,A,81.36454,228121925011026
1774165354448,2026-03-22 07:42:34.448,68952.0,0.00016,A,11.03232,127367691344477
1774165354448,2026-03-22 07:42:34.448,68951.0,0.00016,A,11.032160000000001,862473896373478
1774165354448,2026-03-22 07:42:34.448,68949.0,0.00046,A,31.716540000000002,1073491992549804
1774165354542,2026-03-22 07:42:34.542,68947.0,0.00016,A,11.03152,176762377572236
1774165354542,2026-03-22 07:42:34.542,68943.0,0.00016,A,11.030880000000002,470701096847809
1774165354542,2026-03-22 07:42:34.542,68943.0,0.00092,A,63.42756,414743278168157
1774165354542,2026-03-22 07:42:34.542,68940.0,0.00792,A,546.0048,959337184792557
1774165354741,2026-03-22 07:42:34.741,68940.0,0.006,A,413.64,547627986320556
1774165354741,2026-03-22 07:42:34.741,68940.0,0.004,A,275.76,245911174972259
1774165354782,2026-03-22 07:42:34.782,68940.0,0.24883,A,17154.3402,622390192257461
1774165354782,2026-03-22 07:42:34.782,68940.0,0.00016,A,11.0304,1106524647754995
1774165354782,2026-03-22 07:42:34.782,68939.0,0.009,A,620.4509999999999,771263182863764
1774165354782,2026-03-22 07:42:34.782,68939.0,0.006,A,413.634,513633521915661
1774165354782,2026-03-22 07:42:34.782,68939.0,0.009,A,620.4509999999999,267733077547747
1774165354782,2026-03-22 07:42:34.782,68939.0,0.008,A,551.5120000000001,493079848289739
1774165354853,2026-03-22 07:42:34.853,68939.0,0.00234,A,161.31726,685999091783498
1774165354853,2026-03-22 07:42:34.853,68939.0,0.00234,A,161.31726,539332650108778
1774165354853,2026-03-22 07:42:34.853,68941.0,0.00305,B,210.27005000000003,353324120021740
1774165354955,2026-03-22 07:42:34.955,68939.0,0.21332,A,14706.067480000002,86020510154576
1774165354955,2026-03-22 07:42:34.955,68939.0,0.001,A,68.93900000000001,980892572921500
1774165354955,2026-03-22 07:42:34.955,68938.0,0.00018,A,12.408840000000001,131057338875162
1774165354955,2026-03-22 07:42:34.955,68937.0,0.01,A,689.37,755779404652188
1774165354955,2026-03-22 07:42:34.955,68936.0,0.00016,A,11.029760000000001,225549621814256
1774165354955,2026-03-22 07:42:34.955,68935.0,0.00308,A,212.3198,607351609527305
1774165354955,2026-03-22 07:42:34.955,68934.0,0.001,A,68.934,511448934086537
1774165354955,2026-03-22 07:42:34.955,68933.0,0.01,A,689.33,1081289906871894
1774165354955,2026-03-22 07:42:34.955,68932.0,0.00016,A,11.02912,1102383174969774
1774165354955,2026-03-22 07:42:34.955,68930.0,0.00332,A,228.8476,241551505146627
1774165354955,2026-03-22 07:42:34.955,68930.0,0.001,A,68.93,926904893923829
1774165354955,2026-03-22 07:42:34.955,68929.0,0.00016,A,11.028640000000001,520285740272185
1774165354955,2026-03-22 07:42:34.955,68929.0,0.001,A,68.929,344653709776943
1774165354955,2026-03-22 07:42:34.955,68929.0,0.00567,A,390.82743,856959381740219
1774165354955,2026-03-22 07:42:34.955,68928.0,0.00021,A,14.47488,265810974856696
1774165354955,2026-03-22 07:42:34.955,68928.0,0.0002,A,13.7856,858970310480867
1774165354955,2026-03-22 07:42:34.955,68928.0,0.01758,A,1211.75424,402214762176678
1774165354955,2026-03-22 07:42:34.955,68928.0,0.00231,A,159.22368,686973468974343
1774165354955,2026-03-22 07:42:34.955,68927.0,0.01188,A,818.85276,701920851876686
1774165354955,2026-03-22 07:42:34.955,68927.0,0.00307,A,211.60589,88805336261533
1774165354955,2026-03-22 07:42:34.955,68927.0,0.00051,A,35.152770000000004,286344428506212
1774165354955,2026-03-22 07:42:34.955,68926.0,0.01014,A,698.90964,1037974429666279
1774165354955,2026-03-22 07:42:34.955,68926.0,0.04056,A,2795.63856,632424353689967
1774165354955,2026-03-22 07:42:34.955,68925.0,0.00309,A,212.97825,602222227820822
1774165354955,2026-03-22 07:42:34.955,68925.0,0.00016,A,11.028,509358224703730
1774165354955,2026-03-22 07:42:34.955,68925.0,0.00016,A,11.028,942598606167551
1774165354955,2026-03-22 07:42:34.955,68925.0,0.0199,A,1371.6075,845036998495592
1774165354955,2026-03-22 07:42:34.955,68925.0,0.04891,A,3371.1217500000002,1010519812615015
1774165354955,2026-03-22 07:42:34.955,68924.0,0.26761,A,18444.751640000002,761155619159056
1774165354955,2026-03-22 07:42:34.955,68924.0,0.001,A,68.924,10516129098883
1774165354955,2026-03-22 07:42:34.955,68924.0,0.0942,A,6492.6408,1027764384749743
1774165354955,2026-03-22 07:42:34.955,68923.0,0.22846,A,15746.14858,900073643620769
1774165354979,2026-03-22 07:42:34.979,68923.0,0.008,A,551.384,458016120836854
1774165354979,2026-03-22 07:42:34.979,68923.0,0.006,A,413.538,294474505837228
1774165355387,2026-03-22 07:42:35.387,68923.0,0.00754,A,519.6794199999999,393816848369828
1774165355387,2026-03-22 07:42:35.387,68923.0,0.00146,A,100.62758,695719858466545
1774165355518,2026-03-22 07:42:35.518,68923.0,0.009,A,620.3069999999999,1026910829762410
1774165355581,2026-03-22 07:42:35.581,68923.0,0.009,A,620.3069999999999,394938648095188
1774165355958,2026-03-22 07:42:35.958,68924.0,0.052,B,3584.048,709961140413206
1774165355958,2026-03-22 07:42:35.958,68924.0,0.00441,B,303.95484,834250201055714
1774165355958,2026-03-22 07:42:35.958,68924.0,0.02361,B,1627.2956399999998,1052276884737779
1774165356033,2026-03-22 07:42:36.033,68924.0,0.01529,B,1053.84796,693282757697414
1774165356033,2026-03-22 07:42:36.033,68925.0,0.052,B,3584.1,127512248131563
1774165356033,2026-03-22 07:42:36.033,68925.0,1.57211,B,108357.68174999999,226153547106084
1774165356388,2026-03-22 07:42:36.388,68924.0,0.0032,A,220.5568,1102817822568592
1774165356536,2026-03-22 07:42:36.536,68925.0,0.00015,B,10.33875,1048533532245305
1774165356536,2026-03-22 07:42:36.536,68925.0,4e-05,B,2.757,863620128547526
1774165357600,2026-03-22 07:42:37.600,68925.0,0.00017,B,11.717250000000002,714295948654316
1774165357600,2026-03-22 07:42:37.600,68925.0,0.00257,B,177.13725,645677732095687
1774165357872,2026-03-22 07:42:37.872,68924.0,0.00059,A,40.66516,838996028698104
1774165357872,2026-03-22 07:42:37.872,68924.0,0.00152,A,104.76448,738611514868145
1774165357872,2026-03-22 07:42:37.872,68924.0,0.00226,A,155.76824,819090645023986
1774165357872,2026-03-22 07:42:37.872,68925.0,0.00273,B,188.16525,978762823173377
1774165357872,2026-03-22 07:42:37.872,68924.0,0.00793,A,546.56732,203608442515363
1774165357872,2026-03-22 07:42:37.872,68924.0,0.03655,A,2519.1722,338399401545189
1774165358002,2026-03-22 07:42:38.002,68925.0,0.00016,B,11.028,260120539357295
1774165358145,2026-03-22 07:42:38.145,68925.0,0.05,B,3446.25,959748702326897
1774165358363,2026-03-22 07:42:38.363,68926.0,0.00015,B,10.338899999999999,201426375670556
1774165358363,2026-03-22 07:42:38.363,68926.0,0.17143,B,11815.98418,700713618384394
1774165358363,2026-03-22 07:42:38.363,68927.0,0.00017,B,11.717590000000001,833583958487009
1774165358567,2026-03-22 07:42:38.567,68928.0,0.00017,B,11.71776,1005071477799506
1774165358567,2026-03-22 07:42:38.567,68929.0,0.00017,B,11.71793,865719571848862
1774165358567,2026-03-22 07:42:38.567,68930.0,0.00017,B,11.718100000000002,52724352312017
1774165358567,2026-03-22 07:42:38.567,68930.0,0.003,B,206.79,373376142270754
1774165358567,2026-03-22 07:42:38.567,68931.0,0.00017,B,11.71827,216769820496114
1774165358567,2026-03-22 07:42:38.567,68932.0,0.00017,B,11.718440000000001,113884784880040
1774165358567,2026-03-22 07:42:38.567,68933.0,0.00015,B,10.33995,192573556671211
1774165358567,2026-03-22 07:42:38.567,68933.0,0.00017,B,11.71861,154734855371032
1774165358567,2026-03-22 07:42:38.567,68933.0,0.05665,B,3905.05445,1082889735020242
1774165358567,2026-03-22 07:42:38.567,68934.0,0.00017,B,11.71878,797446929719969
1774165358567,2026-03-22 07:42:38.567,68934.0,0.001,B,68.934,424792905678864
1774165358567,2026-03-22 07:42:38.567,68935.0,0.00016,B,11.0296,846186697701951
1774165358567,2026-03-22 07:42:38.567,68935.0,0.00017,B,11.718950000000001,730576261753821
1774165358567,2026-03-22 07:42:38.567,68935.0,0.003,B,206.805,47018675830304
1774165358567,2026-03-22 07:42:38.567,68935.0,0.15317,B,10558.77395,1012584575909199
1774165358772,2026-03-22 07:42:38.772,68936.0,0.00017,B,11.71912,1031893238635412
1774165358772,2026-03-22 07:42:38.772,68936.0,0.00025,B,17.234,351206773434976
1774165358772,2026-03-22 07:42:38.772,68935.0,0.00217,A,149.58895,213969298013399
1774165358975,2026-03-22 07:42:38.975,68936.0,0.00803,B,553.5560800000001,305262113210038
1774165359092,2026-03-22 07:42:39.092,68936.0,0.001,B,68.936,1063738806241386
1774165359582,2026-03-22 07:42:39.582,68935.0,0.00015,A,10.34025,899875382553328
1774165360302,2026-03-22 07:42:40.302,68936.0,0.00017,B,11.71912,200935911171670
1774165360302,2026-03-22 07:42:40.302,68937.0,0.00017,B,11.71929,287289430631802
1774165360302,2026-03-22 07:42:40.302,68937.0,0.00182,B,125.46534,847712147705839
1774165361016,2026-03-22 07:42:41.016,68936.0,0.00044,A,30.33184,361270052005809
1774165361184,2026-03-22 07:42:41.184,68937.0,0.00034,B,23.43858,1037232435797693
1774165361241,2026-03-22 07:42:41.241,68936.0,0.0071,A,489.4456,782165822207980
1774165361405,2026-03-22 07:42:41.405,68936.0,0.00028,A,19.302079999999997,152972994326282
1774165361600,2026-03-22 07:42:41.600,68936.0,0.27116,A,18692.68576,430060596477128
1774165361600,2026-03-22 07:42:41.600,68936.0,0.15462,A,10658.884320000001,737086388802584
1774165361600,2026-03-22 07:42:41.600,68936.0,0.10131,A,6983.9061599999995,985833690467365
1774165361600,2026-03-22 07:42:41.600,68936.0,0.09283,A,6399.32888,141742724668861
1774165361600,2026-03-22 07:42:41.600,68936.0,0.12549,A,8650.778639999999,549345426946864
1774165361600,2026-03-22 07:42:41.600,68936.0,0.25459,A,17550.41624,646752367168358
1774165361600,2026-03-22 07:42:41.600,68937.0,0.00017,B,11.71929,310245676217826
1774165361600,2026-03-22 07:42:41.600,68937.0,0.0002,B,13.7874,1061686143769663
1774165361600,2026-03-22 07:42:41.600,68938.0,0.00015,B,10.340699999999998,555289909710302
1774165361600,2026-03-22 07:42:41.600,68938.0,0.00017,B,11.719460000000002,551763952152025
1774165362999,2026-03-22 07:42:42.999,68939.0,0.00042,A,28.95438,122912619840544
1774165363518,2026-03-22 07:42:43.518,68940.0,0.04351,B,2999.5794,752182002968841
1774165363720,2026-03-22 07:42:43.720,68939.0,0.00762,A,525.31518,588432325158450
1774165364034,2026-03-22 07:42:44.034,68939.0,0.00416,A,286.78623999999996,197787528473668
1774165365039,2026-03-22 07:42:45.039,68940.0,0.00017,B,11.719800000000001,881565025253834
1774165365039,2026-03-22 07:42:45.039,68940.0,0.0002,B,13.788,838148690632538
1774165365039,2026-03-22 07:42:45.039,68940.0,0.00019,B,13.098600000000001,561553750222570
1774165365331,2026-03-22 07:42:45.331,68940.0,0.01135,B,782.469,69982076865778
1774165365532,2026-03-22 07:42:45.532,68939.0,0.01199,A,826.57861,273112299879442
1774165367141,2026-03-22 07:42:47.141,68939.0,0.33801,A,23302.071389999997,737782338390345
1774165367141,2026-03-22 07:42:47.141,68939.0,0.21,A,14477.189999999999,263459057883003
1774165367141,2026-03-22 07:42:47.141,68939.0,0.22808,A,15723.60712,756335240255713
1774165367141,2026-03-22 07:42:47.141,68939.0,0.21797,A,15026.63383,696898453127497
1774165367141,2026-03-22 07:42:47.141,68939.0,0.00594,A,409.49766,138255894149486
1774165368364,2026-03-22 07:42:48.364,68940.0,0.00022,B,15.1668,394778542331256
1774165371369,2026-03-22 07:42:51.369,68939.0,0.0259,A,1785.5201,539328398475992
1774165373308,2026-03-22 07:42:53.308,68939.0,0.29871,A,20592.768689999997,762855219201468
1774165373308,2026-03-22 07:42:53.308,68939.0,0.35,A,24128.649999999998,1113637061159034
1774165373308,2026-03-22 07:42:53.308,68939.0,0.35129,A,24217.581309999998,904631234719065
1774165375551,2026-03-22 07:42:55.551,68939.0,0.06871,A,4736.79869,252434507773429
1774165375551,2026-03-22 07:42:55.551,68939.0,0.16129,A,11119.17131,1001967825018522
1774165376062,2026-03-22 07:42:56.062,68940.0,0.00017,B,11.719800000000001,361982098189562
1774165376062,2026-03-22 07:42:56.062,68940.0,0.00147,B,101.34179999999999,666805307175408
1774165376127,2026-03-22 07:42:56.127,68940.0,0.00041,B,28.2654,1115314630335578
1774165377101,2026-03-22 07:42:57.101,68939.0,0.00017,A,11.71963,242602730958682
1774165377503,2026-03-22 07:42:57.503,68939.0,0.0145,A,999.6155,479785838146
1774165378297,2026-03-22 07:42:58.297,68939.0,0.03404,A,2346.68356,606051515179266
1774165378297,2026-03-22 07:42:58.297,68939.0,0.10098,A,6961.46022,513809897018214
1774165378297,2026-03-22 07:42:58.297,68939.0,0.09358,A,6451.3116199999995,766629346790592
1774165378297,2026-03-22 07:42:58.297,68939.0,0.21,A,14477.189999999999,14004396492829
1774165378297,2026-03-22 07:42:58.297,68939.0,0.21,A,14477.189999999999,764928546581024
1774165378297,2026-03-22 07:42:58.297,68939.0,0.42,A,28954.379999999997,1021616105633404
1774165378297,2026-03-22 07:42:58.297,68939.0,0.03151,A,2172.26789,983394260839803
1774165379506,2026-03-22 07:42:59.506,68939.0,0.17849,A,12304.922110000001,233895114037366
1774165379506,2026-03-22 07:42:59.506,68939.0,0.13702,A,9446.021780000001,1039483464400180
1774165379506,2026-03-22 07:42:59.506,68939.0,0.12972,A,8942.76708,645194350865562
1774165379506,2026-03-22 07:42:59.506,68939.0,0.07191,A,4957.40349,680704911761102
1774165379506,2026-03-22 07:42:59.506,68939.0,0.48286,A,33287.88554,949131746570030
1774165380712,2026-03-22 07:43:00.712,68939.0,0.00039,A,26.88621,946491710207331
1774165381003,2026-03-22 07:43:01.003,68939.0,0.00238,A,164.07482000000002,257996571496329
1774165381921,2026-03-22 07:43:01.921,68939.0,0.3847,A,26520.8333,23269408873720
1774165381921,2026-03-22 07:43:01.921,68939.0,0.06932,A,4778.85148,164219921681039
1774165381921,2026-03-22 07:43:01.921,68939.0,0.01,A,689.39,450296170891689
1774165381921,2026-03-22 07:43:01.921,68939.0,0.53598,A,36949.92522,1088614479622659
1774165382009,2026-03-22 07:43:02.009,68940.0,0.2,B,13788.0,167076155209132
1774165382009,2026-03-22 07:43:02.009,68940.0,0.01957,B,1349.1558,383461025227228
1774165382009,2026-03-22 07:43:02.009,68940.0,0.00017,B,11.719800000000001,648342460495917
1774165382009,2026-03-22 07:43:02.009,68940.0,0.00016,B,11.0304,456002629111599
1774165382009,2026-03-22 07:43:02.009,68941.0,0.00015,B,10.341149999999999,787690925196973
1774165382009,2026-03-22 07:43:02.009,68941.0,0.00016,B,11.030560000000001,619922947165738
1774165382009,2026-03-22 07:43:02.009,68941.0,0.00017,B,11.71997,128444869255707
1774165382809,2026-03-22 07:43:02.809,68942.0,0.00016,B,11.03072,1101642192473921
1774165382809,2026-03-22 07:43:02.809,68943.0,0.00017,B,11.720310000000001,248298372869916
1774165382809,2026-03-22 07:43:02.809,68944.0,0.00017,B,11.72048,701332576347116
1774165382809,2026-03-22 07:43:02.809,68945.0,0.00017,B,11.720650000000001,159411907450138
1774165382809,2026-03-22 07:43:02.809,68946.0,0.00017,B,11.720820000000002,336273213142919
1774165382809,2026-03-22 07:43:02.809,68946.0,0.003,B,206.838,337527621264144
1774165382809,2026-03-22 07:43:02.809,68946.0,0.00016,B,11.031360000000001,662007233058599
1774165382809,2026-03-22 07:43:02.809,68947.0,0.00017,B,11.72099,1007725491775960
1774165382809,2026-03-22 07:43:02.809,68947.0,0.003,B,206.841,814145237686719
1774165382962,2026-03-22 07:43:02.962,68948.0,0.00017,B,11.721160000000001,314073699157785
1774165382962,2026-03-22 07:43:02.962,68948.0,0.00015,B,10.342199999999998,526089180694877
1774165383018,2026-03-22 07:43:03.018,68948.0,0.00339,A,233.73371999999998,1114178518207251
1774165383353,2026-03-22 07:43:03.353,68948.0,0.00412,A,284.06576,874651084220719
1774165383353,2026-03-22 07:43:03.353,68948.0,0.00488,A,336.46623999999997,183775685020067
1774165383480,2026-03-22 07:43:03.480,68949.0,0.00098,B,67.57002,29913353314305
1774165384036,2026-03-22 07:43:04.036,68948.0,0.00142,A,97.90616,902766523170332
1774165385845,2026-03-22 07:43:05.845,68948.0,0.00625,A,430.925,246831903173430
1774165386046,2026-03-22 07:43:06.046,68949.0,0.56287,B,38809.32363,247598933376416
1774165386046,2026-03-22 07:43:06.046,68949.0,0.43774,B,30181.73526,808639781443520
1774165386046,2026-03-22 07:43:06.046,68949.0,0.00017,B,11.72133,900601518890940
1774165386046,2026-03-22 07:43:06.046,68950.0,0.00017,B,11.7215,577531884907770
1774165386046,2026-03-22 07:43:06.046,68950.0,0.00016,B,11.032,704839548939309
1774165386046,2026-03-22 07:43:06.046,68950.0,0.029,B,1999.5500000000002,651551259127735
1774165386046,2026-03-22 07:43:06.046,68950.0,0.60919,B,42003.6505,204085657892226
1774165388070,2026-03-22 07:43:08.070,68950.0,0.00016,B,11.032,573426677783372
1774165391010,2026-03-22 07:43:11.010,68949.0,0.00036,A,24.821640000000002,737268486911529
1774165392286,2026-03-22 07:43:12.286,68949.0,0.2,A,13789.800000000001,284192460289680
1774165392392,2026-03-22 07:43:12.392,68950.0,0.00016,B,11.032,739742925283358
1774165392485,2026-03-22 07:43:12.485,68949.0,0.01174,A,809.46126,276589667630408
1774165392790,2026-03-22 07:43:12.790,68950.0,0.00038,B,26.201,280014215460224
1774165393395,2026-03-22 07:43:13.395,68950.0,0.02901,B,2000.2395000000001,323908277004169
1774165393395,2026-03-22 07:43:13.395,68949.0,0.00193,A,133.07157,776761786537966
1774165393596,2026-03-22 07:43:13.596,68950.0,0.0109,B,751.555,94684410096968
1774165394011,2026-03-22 07:43:14.011,68949.0,0.00416,A,286.82784,1005446472340955
1774165394287,2026-03-22 07:43:14.287,68950.0,0.00016,B,11.032,633595572545813
1774165394407,2026-03-22 07:43:14.407,68949.0,0.00072,A,49.643280000000004,93946807875018
1774165395004,2026-03-22 07:43:15.004,68950.0,0.00017,B,11.7215,357771105205129
1774165395004,2026-03-22 07:43:15.004,68951.0,0.00017,B,11.721670000000001,362389190395921
1774165395004,2026-03-22 07:43:15.004,68951.0,0.00015,B,10.342649999999999,487962954626886
1774165395004,2026-03-22 07:43:15.004,68952.0,8e-05,B,5.51616,446799114608030
1774165395609,2026-03-22 07:43:15.609,68952.0,0.00145,A,99.98039999999999,705986907355420
1774165395609,2026-03-22 07:43:15.609,68952.0,0.77338,A,53326.09776,345180789276188
1774165397423,2026-03-22 07:43:17.423,68952.0,0.1,A,6895.200000000001,24044705044901
1774165397526,2026-03-22 07:43:17.526,68953.0,0.00029,B,19.99637,844867609648466
1774165397526,2026-03-22 07:43:17.526,68953.0,4e-05,B,2.7581200000000003,544200514313827
1774165397645,2026-03-22 07:43:17.645,68952.0,0.14186,A,9781.53072,777337929799423
1774165397645,2026-03-22 07:43:17.645,68952.0,0.05814,A,4008.86928,1063773614164739
1774165398013,2026-03-22 07:43:18.013,68953.0,0.00013,B,8.96389,1017922662439887
1774165398013,2026-03-22 07:43:18.013,68953.0,0.00022,B,15.16966,70466684093547
1774165399017,2026-03-22 07:43:19.017,68952.0,0.00018,A,12.41136,466298401223828
1774165400951,2026-03-22 07:43:20.951,68953.0,0.00022,B,15.16966,245434085363531
1774165401019,2026-03-22 07:43:21.019,68952.0,0.00073,A,50.334959999999995,959664376292568
1774165402637,2026-03-22 07:43:22.637,68952.0,0.00037,A,25.51224,390620033616740
1774165402637,2026-03-22 07:43:22.637,68952.0,0.0116,A,799.8431999999999,182268071326791
1774165402766,2026-03-22 07:43:22.766,68952.0,0.15517,A,10699.28184,327321236138261
1774165402766,2026-03-22 07:43:22.766,68952.0,0.04483,A,3091.11816,902493667102947
1774165403066,2026-03-22 07:43:23.066,68952.0,0.00625,A,430.95000000000005,161222941099378
1774165403066,2026-03-22 07:43:23.066,68953.0,0.02459,B,1695.55427,70533686276448
1774165403255,2026-03-22 07:43:23.255,68953.0,1e-05,B,0.6895300000000001,1081389091596515
1774165404248,2026-03-22 07:43:24.248,68953.0,0.0002,B,13.790600000000001,50734525903608
1774165404971,2026-03-22 07:43:24.971,68952.0,0.06257,A,4314.32664,988856338339170
1774165404971,2026-03-22 07:43:24.971,68952.0,0.13743,A,9476.07336,548071132649386
1774165405172,2026-03-22 07:43:25.172,68953.0,0.00376,B,259.26328,590457229746185
1774165405172,2026-03-22 07:43:25.172,68953.0,0.0002,B,13.790600000000001,591595199061228
1774165405172,2026-03-22 07:43:25.172,68953.0,0.00036,B,24.82308,191508489514610
1774165405172,2026-03-22 07:43:25.172,68953.0,0.04565,B,3147.70445,222583157939368
1774165405172,2026-03-22 07:43:25.172,68953.0,0.00036,B,24.82308,956704014539095
1774165405172,2026-03-22 07:43:25.172,68953.0,0.00017,B,11.722010000000001,793843687942914
1774165405172,2026-03-22 07:43:25.172,68953.0,0.02196,B,1514.20788,282348310173516
1774165406040,2026-03-22 07:43:26.040,68953.0,0.00164,B,113.08292,137432519216469
1774165406184,2026-03-22 07:43:26.184,68952.0,0.02453,A,1691.39256,393967223092421
1774165406184,2026-03-22 07:43:26.184,68952.0,0.00488,A,336.48575999999997,1098331576951308
1774165406184,2026-03-22 07:43:26.184,68952.0,0.01652,A,1139.08704,139782757892725
1774165406184,2026-03-22 07:43:26.184,68952.0,0.00699,A,481.97447999999997,887944235790249
1774165406242,2026-03-22 07:43:26.242,68952.0,0.00363,A,250.29576,1103415483823290
1774165406242,2026-03-22 07:43:26.242,68952.0,0.003,A,206.856,649147420043519
1774165406242,2026-03-22 07:43:26.242,68952.0,0.00179,A,123.42407999999999,111627182802536
1774165406303,2026-03-22 07:43:26.303,68952.0,0.0027,A,186.1704,661233098899950
1774165406303,2026-03-22 07:43:26.303,68952.0,0.02926,A,2017.5355200000001,1076298027570277
1774165406583,2026-03-22 07:43:26.583,68953.0,0.00579,B,399.23787,898486899355386
1774165406850,2026-03-22 07:43:26.850,68953.0,0.00021,B,14.48013,901434646535372
1774165406907,2026-03-22 07:43:26.907,68953.0,0.00101,B,69.64253000000001,510137492845899
1774165407061,2026-03-22 07:43:27.061,68952.0,0.00017,A,11.72184,45791315729130
1774165407061,2026-03-22 07:43:27.061,68953.0,0.03089,B,2129.95817,955855548094724
1774165407385,2026-03-22 07:43:27.385,68953.0,0.04726,B,3258.71878,236825409375093
1774165407385,2026-03-22 07:43:27.385,68953.0,0.00076,B,52.40428,1084359690555159
1774165407385,2026-03-22 07:43:27.385,68953.0,0.00999,B,688.8404700000001,131063142423775
1774165407866,2026-03-22 07:43:27.866,68952.0,0.00625,A,430.95000000000005,665986705938379
1774165407967,2026-03-22 07:43:27.967,68953.0,0.00101,B,69.64253000000001,102158391141954
1774165408064,2026-03-22 07:43:28.064,68953.0,0.02564,B,1767.95492,121428875121681
1774165408314,2026-03-22 07:43:28.314,68953.0,0.00023,B,15.85919,445157208227525
1774165409241,2026-03-22 07:43:29.241,68952.0,0.01919,A,1323.18888,894228908153016
1774165409297,2026-03-22 07:43:29.297,68953.0,0.00017,B,11.722010000000001,617292910146611
1774165409629,2026-03-22 07:43:29.629,68953.0,0.00158,B,108.94574,617440483311146
1774165409629,2026-03-22 07:43:29.629,68953.0,0.00017,B,11.722010000000001,397198703379383
1774165409629,2026-03-22 07:43:29.629,68953.0,0.00325,B,224.09725,670040259027101
1774165410101,2026-03-22 07:43:30.101,68953.0,0.00035,B,24.13355,523970979724307
1774165410291,2026-03-22 07:43:30.291,68952.0,0.0005,A,34.476,333550134880450
1774165411006,2026-03-22 07:43:31.006,68952.0,0.00238,A,164.10576,1027869210827302
1774165412102,2026-03-22 07:43:32.102,68953.0,0.00101,B,69.64253000000001,178220637161076
1774165412102,2026-03-22 07:43:32.102,68953.0,0.0655,B,4516.4215,1013250519437093
1774165412102,2026-03-22 07:43:32.102,68953.0,0.00696,B,479.91288000000003,963581957187322
1774165412102,2026-03-22 07:43:32.102,68952.0,0.05308,A,3659.9721600000003,22407523653046
1774165412102,2026-03-22 07:43:32.102,68952.0,0.07236,A,4989.36672,143100874043976
1774165412102,2026-03-22 07:43:32.102,68952.0,0.07456,A,5141.06112,1049153744869331
1774165412703,2026-03-22 07:43:32.703,68953.0,0.001,B,68.953,645192411737193
1774165413013,2026-03-22 07:43:33.013,68952.0,0.0034,A,234.43679999999998,949739579401150
1774165413325,2026-03-22 07:43:33.325,68952.0,0.00023,B,15.85896,985364009865074
1774165413518,2026-03-22 07:43:33.518,68951.0,0.00015,A,10.342649999999999,368829300782205
1774165413518,2026-03-22 07:43:33.518,68951.0,0.00039,A,26.89089,101553726236488
1774165413518,2026-03-22 07:43:33.518,68950.0,0.00016,A,11.032,24652928127329
1774165413518,2026-03-22 07:43:33.518,68950.0,0.00024,A,16.548000000000002,549535329593335
1774165413518,2026-03-22 07:43:33.518,68950.0,0.00015,A,10.3425,774452810314679
1774165413518,2026-03-22 07:43:33.518,68948.0,0.09136,A,6299.08928,542157483533865
1774165413518,2026-03-22 07:43:33.518,68947.0,0.00016,A,11.03152,676728950389955
1774165413917,2026-03-22 07:43:33.917,68946.0,0.00021,B,14.478660000000001,1048226698147349
1774165414296,2026-03-22 07:43:34.296,68945.0,0.01014,A,699.1023,13294036423417
1774165414296,2026-03-22 07:43:34.296,68945.0,0.00146,A,100.6597,850198826254661
1774165414296,2026-03-22 07:43:34.296,68944.0,0.04058,A,2797.74752,983467609824914
1774165414296,2026-03-22 07:43:34.296,68943.0,0.00016,A,11.030880000000002,366426413051951
1774165414296,2026-03-22 07:43:34.296,68943.0,0.003,A,206.829,535052033519441
1774165414296,2026-03-22 07:43:34.296,68942.0,0.003,A,206.826,407124074020563
1774165414296,2026-03-22 07:43:34.296,68942.0,0.00015,A,10.341299999999999,857388983990715
1774165414296,2026-03-22 07:43:34.296,68940.0,0.00016,A,11.0304,1027809075152930
1774165414296,2026-03-22 07:43:34.296,68940.0,0.04145,A,2857.563,85604098743751
1774165414500,2026-03-22 07:43:34.500,68941.0,0.0207,B,1427.0787,612471339119553
1774165414500,2026-03-22 07:43:34.500,68940.0,0.16148,A,11132.4312,568487570937952
1774165414500,2026-03-22 07:43:34.500,68939.0,0.03852,A,2655.53028,733542315440543
1774165415064,2026-03-22 07:43:35.064,68939.0,0.00142,A,97.89338000000001,352292911349607
1774165415064,2026-03-22 07:43:35.064,68939.0,0.00072,A,49.63608,652945695022199
1774165415748,2026-03-22 07:43:35.748,68939.0,0.00034,A,23.43926,619805307010938
1774165416054,2026-03-22 07:43:36.054,68940.0,0.21,B,14477.4,947264406644262
1774165416054,2026-03-22 07:43:36.054,68940.0,0.04231,B,2916.8514,283572681643654
1774165416054,2026-03-22 07:43:36.054,68940.0,0.06857,B,4727.215800000001,1098066609117542
1774165416054,2026-03-22 07:43:36.054,68940.0,0.13016,B,8973.2304,1016549330619656
1774165416054,2026-03-22 07:43:36.054,68940.0,0.21,B,14477.4,129992005212758
1774165416054,2026-03-22 07:43:36.054,68940.0,0.1129,B,7783.326,913949867925088
1774165416054,2026-03-22 07:43:36.054,68940.0,0.19268,B,13283.359199999999,369630088216759
1774165416054,2026-03-22 07:43:36.054,68940.0,0.21,B,14477.4,1035920686661799
1774165416054,2026-03-22 07:43:36.054,68940.0,0.08,B,5515.2,765377935884458
1774165416054,2026-03-22 07:43:36.054,68940.0,0.00145,B,99.963,1121925433932089
1774165416054,2026-03-22 07:43:36.054,68940.0,0.14296,B,9855.662400000001,538848608477742
1774165416054,2026-03-22 07:43:36.054,68940.0,0.23837,B,16433.2278,151691597843222
1774165416150,2026-03-22 07:43:36.150,68939.0,0.0029,A,199.92309999999998,375405931134155
1774165416267,2026-03-22 07:43:36.267,68939.0,0.00241,A,166.14299,786567346095761
1774165416363,2026-03-22 07:43:36.363,68939.0,0.00932,A,642.51148,937557164832289
1774165416757,2026-03-22 07:43:36.757,68939.0,0.00187,A,128.91593,242678587450432
1774165416864,2026-03-22 07:43:36.864,68939.0,0.00263,A,181.30957,1076950465827221
1774165417054,2026-03-22 07:43:37.054,68939.0,0.00586,A,403.98254,74672099903268
1774165417265,2026-03-22 07:43:37.265,68939.0,0.00396,A,272.99844,751024514127084
1774165417469,2026-03-22 07:43:37.469,68939.0,0.00245,A,168.90054999999998,199865395609315
1774165417544,2026-03-22 07:43:37.544,68939.0,0.02397,A,1652.46783,641786900622501
1774165417544,2026-03-22 07:43:37.544,68939.0,0.17603,A,12135.33217,97634653709869
1774165417668,2026-03-22 07:43:37.668,68939.0,0.00334,A,230.25626,926931473507937
1774165417668,2026-03-22 07:43:37.668,68939.0,0.00656,A,452.23984,953179935227973
1774165417746,2026-03-22 07:43:37.746,68940.0,0.00101,B,69.6294,812486890400719
1774165417806,2026-03-22 07:43:37.806,68939.0,0.00338,A,233.01382,1004050711283500
1774165417943,2026-03-22 07:43:37.943,68939.0,0.00496,A,341.93744,108268612037254
1774165418064,2026-03-22 07:43:38.064,68940.0,0.00016,B,11.0304,118815582463465
1774165418271,2026-03-22 07:43:38.271,68939.0,0.01219,A,840.36641,50298478935798
1774165418355,2026-03-22 07:43:38.355,68939.0,0.01862,A,1283.64418,270728942326359
1774165418472,2026-03-22 07:43:38.472,68939.0,0.01533,A,1056.83487,953612406080919
1774165418472,2026-03-22 07:43:38.472,68939.0,0.0132,A,909.9947999999999,764455537355886
1774165420279,2026-03-22 07:43:40.279,68939.0,0.00396,A,272.99844,910962970246045
1774165420356,2026-03-22 07:43:40.356,68939.0,0.0262,A,1806.2018,390654057937030
1774165420356,2026-03-22 07:43:40.356,68939.0,0.01896,A,1307.08344,371946812673945
1774165420356,2026-03-22 07:43:40.356,68939.0,0.00745,A,513.59555,295642780113709
1774165420972,2026-03-22 07:43:40.972,68939.0,0.00542,A,373.64938,1070830123813040
1774165421088,2026-03-22 07:43:41.088,68939.0,0.00038,A,26.196820000000002,699065988798061
1774165421103,2026-03-22 07:43:41.103,68939.0,0.00437,A,301.26342999999997,464240726789123
1774165421176,2026-03-22 07:43:41.176,68939.0,0.04271,A,2944.38469,1005712168126014
1774165421176,2026-03-22 07:43:41.176,68939.0,0.06786,A,4678.20054,466271934839629
1774165422195,2026-03-22 07:43:42.195,68938.0,0.00015,A,10.340699999999998,968165625925645
1774165422195,2026-03-22 07:43:42.195,68937.0,0.00015,A,10.340549999999999,1058513869823734
1774165422195,2026-03-22 07:43:42.195,68936.0,0.1997,A,13766.519199999999,202538527160577
1774165422354,2026-03-22 07:43:42.354,68937.0,0.00762,B,525.29994,964585877210331
1774165423389,2026-03-22 07:43:43.389,68936.0,0.03505,A,2416.2068,327104456090809
1774165423389,2026-03-22 07:43:43.389,68936.0,0.00022,A,15.16592,801946813434741
1774165423389,2026-03-22 07:43:43.389,68936.0,0.02503,A,1725.46808,569817449612466
1774165423682,2026-03-22 07:43:43.682,68937.0,0.00044,B,30.33228,644733300076968
1774165424087,2026-03-22 07:43:44.087,68936.0,0.00416,A,286.77376,89035785768749
1774165425102,2026-03-22 07:43:45.102,68937.0,0.00056,B,38.60471999999999,822441369819843
1774165426315,2026-03-22 07:43:46.315,68936.0,0.00871,A,600.4325600000001,828854848102595
1774165426406,2026-03-22 07:43:46.406,68936.0,0.00248,A,170.96128,907585806351766
1774165426406,2026-03-22 07:43:46.406,68936.0,0.00632,A,435.67552,490509905315098
1774165426619,2026-03-22 07:43:46.619,68937.0,0.00033,B,22.74921,226803346099214
1774165427751,2026-03-22 07:43:47.751,68936.0,0.06912,A,4764.85632,737146420756162
1774165427751,2026-03-22 07:43:47.751,68936.0,0.0678,A,4673.8608,236117758934733
1774165427751,2026-03-22 07:43:47.751,68936.0,0.06308,A,4348.48288,759341694260826
1774165428320,2026-03-22 07:43:48.320,68936.0,0.00028,A,19.302079999999997,904407251894755
1774165429431,2026-03-22 07:43:49.431,68936.0,0.00031,A,21.37016,122815068666276
1774165429431,2026-03-22 07:43:49.431,68936.0,0.00044,A,30.33184,977217179467646
1774165429973,2026-03-22 07:43:49.973,68936.0,0.2,A,13787.2,644435935136155
1774165431641,2026-03-22 07:43:51.641,68936.0,0.00841,A,579.7517600000001,390821452953923
1774165432249,2026-03-22 07:43:52.249,68936.0,0.2,A,13787.2,1100207398935506
1774165435833,2026-03-22 07:43:55.833,68936.0,0.01425,A,982.3380000000001,943101162291061
1774165435885,2026-03-22 07:43:55.885,68936.0,0.00485,A,334.3396,880935903063114
1774165435885,2026-03-22 07:43:55.885,68936.0,0.01347,A,928.56792,444589399293535
1774165435885,2026-03-22 07:43:55.885,68936.0,0.01855,A,1278.7628,947955858094037
1774165436038,2026-03-22 07:43:56.038,68937.0,0.00164,B,113.05668,896386598090761
1774165436986,2026-03-22 07:43:56.986,68935.0,0.35,B,24127.25,311195153231446
1774165436986,2026-03-22 07:43:56.986,68935.0,0.12,B,8272.199999999999,589774247021881
1774165436986,2026-03-22 07:43:56.986,68935.0,0.35,B,24127.25,585648498470401
1774165436986,2026-03-22 07:43:56.986,68935.0,0.29014,B,20000.800900000002,761729883610685
1774165436986,2026-03-22 07:43:56.986,68935.0,0.88861,B,61256.330350000004,1065132767248861
1774165437648,2026-03-22 07:43:57.648,68934.0,0.003,A,206.802,622890647560174
1774165437648,2026-03-22 07:43:57.648,68934.0,0.01014,A,698.99076,639985238482528
1774165437648,2026-03-22 07:43:57.648,68933.0,0.04059,A,2797.99047,726079845602107
1774165437648,2026-03-22 07:43:57.648,68932.0,0.00016,A,11.02912,748448492075064
1774165438152,2026-03-22 07:43:58.152,68930.0,0.00231,A,159.2283,268164616311013
1774165438152,2026-03-22 07:43:58.152,68930.0,0.01183,A,815.4419,153957359158375
1774165438152,2026-03-22 07:43:58.152,68929.0,0.00016,A,11.028640000000001,187583062722505
1774165438152,2026-03-22 07:43:58.152,68929.0,0.003,A,206.787,81970209561861
1774165438152,2026-03-22 07:43:58.152,68929.0,0.1827,A,12593.3283,1014503542090633
1774165438353,2026-03-22 07:43:58.353,68930.0,0.05705,B,3932.4565,305303087368435
1774165438353,2026-03-22 07:43:58.353,68930.0,0.04289,B,2956.4076999999997,97079419892210
1774165438461,2026-03-22 07:43:58.461,68930.0,0.03681,B,2537.3133000000003,305624590663149
1774165439061,2026-03-22 07:43:59.061,68925.0,0.00016,A,11.028,461454235707631
1774165439061,2026-03-22 07:43:59.061,68925.0,0.00026,A,17.920499999999997,353952692207399
1774165439469,2026-03-22 07:43:59.469,68924.0,0.003,A,206.772,83464997608240
1774165439622,2026-03-22 07:43:59.622,68922.0,0.00234,A,161.27748,409962064325141
1774165441041,2026-03-22 07:44:01.041,68922.0,0.00238,A,164.03436000000002,691972135916065
1774165441647,2026-03-22 07:44:01.647,68922.0,0.01132,A,780.19704,427036115619576
1774165441647,2026-03-22 07:44:01.647,68922.0,0.00027,A,18.60894,21420448184019
1774165441717,2026-03-22 07:44:01.717,68922.0,0.00377,A,259.83594,346862819125635
1774165441717,2026-03-22 07:44:01.717,68922.0,0.00393,A,270.86346000000003,1047260488093901
1774165442604,2026-03-22 07:44:02.604,68922.0,0.02961,A,2040.78042,86135225962659
1774165442604,2026-03-22 07:44:02.604,68923.0,0.00033,B,22.74459,794795700614812
1774165442604,2026-03-22 07:44:02.604,68923.0,0.08724,B,6012.84252,32170628858396
1774165442604,2026-03-22 07:44:02.604,68922.0,0.09805,A,6757.8021,39146391088786
1774165443006,2026-03-22 07:44:03.006,68922.0,0.00024,A,16.54128,31312608481338
1774165443006,2026-03-22 07:44:03.006,68921.0,0.00016,A,11.027360000000002,230747706809714
1774165443006,2026-03-22 07:44:03.006,68920.0,0.00023,A,15.851600000000001,707436352291217
1774165443006,2026-03-22 07:44:03.006,68920.0,0.00101,A,69.6092,945902331662240
1774165443006,2026-03-22 07:44:03.006,68919.0,0.001,A,68.919,351897605899934
1774165443006,2026-03-22 07:44:03.006,68918.0,0.00075,A,51.6885,532300739486910
1774165443006,2026-03-22 07:44:03.006,68918.0,7e-05,A,4.82426,153762811292699
1774165443006,2026-03-22 07:44:03.006,68918.0,0.14481,A,9980.01558,916171575575416
1774165443006,2026-03-22 07:44:03.006,68918.0,0.00016,A,11.02688,60964531988886
1774165443006,2026-03-22 07:44:03.006,68918.0,0.00015,A,10.3377,129880779524569
1774165443006,2026-03-22 07:44:03.006,68916.0,0.00047,A,32.39052,207880560760410
1774165443006,2026-03-22 07:44:03.006,68916.0,0.0023,A,158.5068,255467095914336
1774165443006,2026-03-22 07:44:03.006,68915.0,0.00032,A,22.0528,494191616090334
1774165443006,2026-03-22 07:44:03.006,68915.0,0.003,A,206.745,489054231596017
1774165443006,2026-03-22 07:44:03.006,68914.0,0.001,A,68.914,795828902876620
1774165443006,2026-03-22 07:44:03.006,68914.0,0.00016,A,11.026240000000001,708420992479927
1774165443006,2026-03-22 07:44:03.006,68913.0,0.00314,A,216.38682,218463721306294
1774165443006,2026-03-22 07:44:03.006,68913.0,0.00015,A,10.33695,953284702291019
1774165443006,2026-03-22 07:44:03.006,68912.0,0.003,A,206.73600000000002,395896095245137
1774165443006,2026-03-22 07:44:03.006,68912.0,0.0008,A,55.1296,197090631726903
1774165443006,2026-03-22 07:44:03.006,68912.0,0.003,A,206.73600000000002,387944991466199
1774165443006,2026-03-22 07:44:03.006,68911.0,0.001,A,68.911,704125301537098
1774165443006,2026-03-22 07:44:03.006,68910.0,0.00656,A,452.0496,525427027136606
1774165443006,2026-03-22 07:44:03.006,68910.0,0.00016,A,11.0256,208584683499386
1774165443006,2026-03-22 07:44:03.006,68910.0,0.02902,A,1999.7682,200401833754341
1774165443006,2026-03-22 07:44:03.006,68909.0,0.0008,A,55.1272,856155275014179
1774165443612,2026-03-22 07:44:03.612,68909.0,0.0002,A,13.7818,1111119314930350
1774165443612,2026-03-22 07:44:03.612,68909.0,0.00013,A,8.958169999999999,228482857858141
1774165443680,2026-03-22 07:44:03.680,68910.0,0.0003,B,20.673,360513186633923
1774165443725,2026-03-22 07:44:03.725,68909.0,0.00016,A,11.025440000000001,413269416938189
1774165443725,2026-03-22 07:44:03.725,68909.0,0.00017,A,11.714530000000002,1092647356890757
1774165443725,2026-03-22 07:44:03.725,68908.0,0.24967,A,17204.26036,1019869037272312
1774165443984,2026-03-22 07:44:03.984,68908.0,0.01669,A,1150.07452,331532237226460
1774165443984,2026-03-22 07:44:03.984,68908.0,0.00125,A,86.135,114002788364040
1774165443984,2026-03-22 07:44:03.984,68908.0,0.00016,A,11.02528,1056262828154451
1774165443984,2026-03-22 07:44:03.984,68908.0,0.05433,A,3743.7716400000004,698238487334538
1774165443984,2026-03-22 07:44:03.984,68908.0,0.00017,A,11.714360000000001,252943923968505
1774165443984,2026-03-22 07:44:03.984,68907.0,0.25,A,17226.75,854288308774698
1774165443984,2026-03-22 07:44:03.984,68907.0,0.00435,A,299.74545,665790808190114
1774165443984,2026-03-22 07:44:03.984,68907.0,0.00016,A,11.025120000000001,1081930926526634
1774165443984,2026-03-22 07:44:03.984,68907.0,1e-05,A,0.6890700000000001,803311920471069
1774165443984,2026-03-22 07:44:03.984,68906.0,0.00028,A,19.29368,386403722445497
1774165443984,2026-03-22 07:44:03.984,68906.0,0.0002,A,13.7812,725687206308016
1774165443984,2026-03-22 07:44:03.984,68906.0,0.0003,A,20.671799999999998,1070827343534145
1774165443984,2026-03-22 07:44:03.984,68906.0,0.00017,A,11.714020000000001,196851763917960
1774165443984,2026-03-22 07:44:03.984,68905.0,0.00017,A,11.71385,653324614803023
1774165443984,2026-03-22 07:44:03.984,68904.0,0.00357,A,245.98728,548870158695949
1774165443984,2026-03-22 07:44:03.984,68904.0,0.01611,A,1110.04344,766031491048127
1774165443984,2026-03-22 07:44:03.984,68904.0,0.00015,A,10.3356,769044122313353
1774165443984,2026-03-22 07:44:03.984,68904.0,0.001,A,68.904,939042760244864
1774165443984,2026-03-22 07:44:03.984,68904.0,0.00017,A,11.71368,821939291186792
1774165443984,2026-03-22 07:44:03.984,68903.0,0.00017,A,11.713510000000001,234079301419777
1774165443984,2026-03-22 07:44:03.984,68903.0,0.00016,A,11.02448,930405690136995
1774165443984,2026-03-22 07:44:03.984,68903.0,0.00017,A,11.713510000000001,830542084851611
1774165443984,2026-03-22 07:44:03.984,68902.0,0.00017,A,11.71334,128249323576392
1774165443984,2026-03-22 07:44:03.984,68902.0,0.00015,A,10.335299999999998,75511705725427
1774165443984,2026-03-22 07:44:03.984,68902.0,0.00204,A,140.56008,123154009869010
1774165443984,2026-03-22 07:44:03.984,68902.0,0.00017,A,11.71334,976760192265482
1774165443984,2026-03-22 07:44:03.984,68901.0,0.0029,A,199.81289999999998,62208256417630
1774165443984,2026-03-22 07:44:03.984,68901.0,0.00017,A,11.713170000000002,826128642542731
1774165443984,2026-03-22 07:44:03.984,68901.0,0.00029,A,19.98129,713661345582236
1774165443984,2026-03-22 07:44:03.984,68900.0,0.01,A,689.0,532197831116980
1774165443984,2026-03-22 07:44:03.984,68900.0,0.0002,A,13.780000000000001,937849549074796
1774165443984,2026-03-22 07:44:03.984,68900.0,0.00105,A,72.345,883554451936356
1774165443984,2026-03-22 07:44:03.984,68900.0,0.00082,A,56.498,437129025700101
1774165443984,2026-03-22 07:44:03.984,68900.0,0.00073,A,50.297,406079642124856
1774165443984,2026-03-22 07:44:03.984,68900.0,0.00053,A,36.516999999999996,365069292134342
1774165443984,2026-03-22 07:44:03.984,68900.0,0.00144,A,99.21600000000001,968423467599174
1774165443984,2026-03-22 07:44:03.984,68900.0,0.00387,A,266.64300000000003,369838439381244
1774165443984,2026-03-22 07:44:03.984,68900.0,0.00153,A,105.41699999999999,672817413588431
1774165443984,2026-03-22 07:44:03.984,68900.0,0.0023,A,158.47,674515034887539
1774165443984,2026-03-22 07:44:03.984,68900.0,0.0171,A,1178.19,108291694598127
1774165443984,2026-03-22 07:44:03.984,68900.0,0.50989,A,35131.420999999995,809410576840838
1774165443984,2026-03-22 07:44:03.984,68900.0,0.29011,A,19988.578999999998,947744631471454
1774165443984,2026-03-22 07:44:03.984,68900.0,0.71647,A,49364.783,341621812648886
1774165443984,2026-03-22 07:44:03.984,68900.0,1.91741,A,132109.549,651084912341284
1774165443984,2026-03-22 07:44:03.984,68900.0,1.55858,A,107386.16200000001,303927203906048
1774165443984,2026-03-22 07:44:03.984,68900.0,1.7735,A,122194.15000000001,179700578667803
1774165443984,2026-03-22 07:44:03.984,68900.0,1.43329,A,98753.681,678768090698060
1774165443984,2026-03-22 07:44:03.984,68900.0,1.57147,A,108274.283,698359453820162
1774165443984,2026-03-22 07:44:03.984,68900.0,0.87396,A,60215.844,157024370326255
1774165443984,2026-03-22 07:44:03.984,68900.0,0.15532,A,10701.548,105264989691251
1774165443984,2026-03-22 07:44:03.984,68900.0,0.00016,A,11.024000000000001,935615787335472
1774165443984,2026-03-22 07:44:03.984,68900.0,0.58055,A,39999.895000000004,1102288270741387
1774165443984,2026-03-22 07:44:03.984,68900.0,0.00017,A,11.713000000000001,1110106724312949
1774165443984,2026-03-22 07:44:03.984,68899.0,0.001,A,68.899,391490761867500
1774165443984,2026-03-22 07:44:03.984,68899.0,0.00017,A,11.71283,1108470115330698
1774165444089,2026-03-22 07:44:04.089,68898.0,0.00016,A,11.02368,68846457351289
1774165444089,2026-03-22 07:44:04.089,68898.0,0.00017,A,11.712660000000001,871462779055333
1774165444089,2026-03-22 07:44:04.089,68897.0,0.00015,A,10.334549999999998,1109198304858159
1774165444089,2026-03-22 07:44:04.089,68897.0,0.00094,A,64.76317999999999,359383957358663
1774165444089,2026-03-22 07:44:04.089,68897.0,0.022,A,1515.734,207744473870481
1774165444089,2026-03-22 07:44:04.089,68897.0,0.022,A,1515.734,405374411406360
1774165444089,2026-03-22 07:44:04.089,68897.0,0.022,A,1515.734,604195680790648
1774165444190,2026-03-22 07:44:04.190,68897.0,0.00017,A,11.71249,566448668121771
1774165444190,2026-03-22 07:44:04.190,68897.0,0.02183,A,1504.0215099999998,725727756290610
1774165444190,2026-03-22 07:44:04.190,68897.0,0.022,A,1515.734,776116484578811
1774165444190,2026-03-22 07:44:04.190,68897.0,0.022,A,1515.734,889469941165679
1774165444190,2026-03-22 07:44:04.190,68897.0,0.008,A,551.176,875759283956743
1774165444190,2026-03-22 07:44:04.190,68897.0,0.02104,A,1449.59288,517549861553018
1774165444190,2026-03-22 07:44:04.190,68897.0,0.00096,A,66.14112,777203964334212
1774165444190,2026-03-22 07:44:04.190,68897.0,0.0005,A,34.4485,362159860745215
1774165444190,2026-03-22 07:44:04.190,68896.0,0.00017,A,11.71232,815261678625965
1774165444190,2026-03-22 07:44:04.190,68895.0,0.003,A,206.685,979011786714716
1774165444190,2026-03-22 07:44:04.190,68895.0,0.01182,A,814.3389000000001,227905510615916
1774165444190,2026-03-22 07:44:04.190,68895.0,0.00015,A,10.334249999999999,1059918213014723
1774165444190,2026-03-22 07:44:04.190,68895.0,0.00636,A,438.17220000000003,684645862485686
1774165444190,2026-03-22 07:44:04.190,68895.0,0.022,A,1515.6899999999998,55484114100038
1774165444190,2026-03-22 07:44:04.190,68895.0,0.009,A,620.055,544622730653652
1774165444190,2026-03-22 07:44:04.190,68895.0,0.00029,A,19.97955,367888635711958
1774165444291,2026-03-22 07:44:04.291,68895.0,0.022,A,1515.6899999999998,176816963091600
1774165444291,2026-03-22 07:44:04.291,68896.0,0.00101,B,69.58496000000001,833657744338605
1774165444291,2026-03-22 07:44:04.291,68895.0,0.022,A,1515.6899999999998,244958420489391
1774165444291,2026-03-22 07:44:04.291,68895.0,0.01254,A,863.9433,869775313641949
1774165444965,2026-03-22 07:44:04.965,68896.0,0.00029,B,19.97984,1071119768361459
1774165445300,2026-03-22 07:44:05.300,68895.0,0.00017,A,11.712150000000001,550767926927693
1774165445401,2026-03-22 07:44:05.401,68894.0,0.001,A,68.894,1114862868602974
1774165445401,2026-03-22 07:44:05.401,68894.0,0.001,A,68.894,199550322165125
1774165445401,2026-03-22 07:44:05.401,68894.0,0.00017,A,11.71198,813408408551526
1774165445401,2026-03-22 07:44:05.401,68893.0,0.00017,A,11.711810000000002,442617687174338
1774165445541,2026-03-22 07:44:05.541,68892.0,0.02815,A,1939.3098,289119850727292
1774165445785,2026-03-22 07:44:05.785,68893.0,0.00072,B,49.60296,643936080884806
1774165445858,2026-03-22 07:44:05.858,68893.0,5e-05,B,3.44465,977706842274548
1774165445858,2026-03-22 07:44:05.858,68893.0,0.00042,B,28.93506,116576005512897
1774165445858,2026-03-22 07:44:05.858,68893.0,0.00043,B,29.62399,110919769187396
1774165445858,2026-03-22 07:44:05.858,68893.0,0.00046,B,31.69078,241581115048265
1774165445858,2026-03-22 07:44:05.858,68893.0,0.00048,B,33.06864,911020607202388
1774165445858,2026-03-22 07:44:05.858,68893.0,0.00052,B,35.82436,889567127596669
1774165445858,2026-03-22 07:44:05.858,68893.0,0.00066,B,45.46938,18175746702448
1774165445858,2026-03-22 07:44:05.858,68893.0,0.00068,B,46.847240000000006,304028254419367
1774165445858,2026-03-22 07:44:05.858,68893.0,0.00076,B,52.35868,811651569687999
1774165445858,2026-03-22 07:44:05.858,68892.0,0.00098,A,67.51416,708741686499493
1774165445858,2026-03-22 07:44:05.858,68892.0,0.001,A,68.892,613311840308827
1774165445858,2026-03-22 07:44:05.858,68893.0,0.00194,B,133.65242,600174592593120
1774165445858,2026-03-22 07:44:05.858,68892.0,0.00217,A,149.49564,1095045056028586
1774165445858,2026-03-22 07:44:05.858,68892.0,0.0023,A,158.45159999999998,488068741597430
1774165445858,2026-03-22 07:44:05.858,68892.0,0.00231,A,159.14052,886964845378799
1774165445858,2026-03-22 07:44:05.858,68893.0,0.00234,B,161.20962,985389083032404
1774165445858,2026-03-22 07:44:05.858,68893.0,0.00238,B,163.96534,1120210958414585
1774165445858,2026-03-22 07:44:05.858,68892.0,0.0024,A,165.34079999999997,696114468822474
1774165445858,2026-03-22 07:44:05.858,68893.0,0.00373,B,256.97089,629313794824834
1774165445858,2026-03-22 07:44:05.858,68893.0,0.00426,B,293.48418,952881051141179
1774165445858,2026-03-22 07:44:05.858,68893.0,0.00475,B,327.24174999999997,937447716767749
1774165445858,2026-03-22 07:44:05.858,68892.0,0.00524,A,360.99408,797066338088382
1774165445858,2026-03-22 07:44:05.858,68892.0,0.00579,A,398.88468,138108246842992
1774165445858,2026-03-22 07:44:05.858,68892.0,0.0077,A,530.4684,563319598349311
1774165445858,2026-03-22 07:44:05.858,68893.0,0.0116,B,799.1587999999999,23991376526059
1774165445858,2026-03-22 07:44:05.858,68893.0,0.02015,B,1388.19395,941984014207861
1774165445858,2026-03-22 07:44:05.858,68892.0,0.02524,A,1738.8340799999999,731808906628481
1774165445858,2026-03-22 07:44:05.858,68892.0,0.03289,A,2265.85788,939444818683362
1774165445858,2026-03-22 07:44:05.858,68892.0,0.045,A,3100.14,298539040998818
1774165445858,2026-03-22 07:44:05.858,68893.0,0.02737,B,1885.60141,114906090352097
1774165445858,2026-03-22 07:44:05.858,68893.0,0.02169,B,1494.28917,393938123998534
1774165445858,2026-03-22 07:44:05.858,68892.0,0.10644,A,7332.86448,317454455015222
1774165445858,2026-03-22 07:44:05.858,68892.0,0.00294,A,202.54247999999998,668961490886607
1774165445858,2026-03-22 07:44:05.858,68892.0,0.00017,A,11.711640000000001,14030234635317
1774165445858,2026-03-22 07:44:05.858,68892.0,0.00045,A,31.0014,640916855671724
1774165445858,2026-03-22 07:44:05.858,68892.0,0.11566,A,7968.04872,778863453603498
1774165445858,2026-03-22 07:44:05.858,68891.0,0.00611,A,420.92401,518957747879991
1774165445858,2026-03-22 07:44:05.858,68891.0,0.14522,A,10004.35102,771094368215641
1774165445858,2026-03-22 07:44:05.858,68891.0,0.09867,A,6797.474969999999,644178628935628
1774165445858,2026-03-22 07:44:05.858,68891.0,0.00017,A,11.71147,936523189774783
1774165445858,2026-03-22 07:44:05.858,68890.0,0.00017,A,11.711300000000001,473934502881765
1774165445858,2026-03-22 07:44:05.858,68890.0,0.003,A,206.67000000000002,901730449226554
1774165445858,2026-03-22 07:44:05.858,68889.0,0.00016,A,11.02224,550583537563697
1774165445858,2026-03-22 07:44:05.858,68889.0,0.001,A,68.889,362666500718697
1774165445858,2026-03-22 07:44:05.858,68889.0,0.00017,A,11.71113,988747821415403
1774165445858,2026-03-22 07:44:05.858,68888.0,0.08758,A,6033.21104,250975319182306
1774165445858,2026-03-22 07:44:05.858,68893.0,0.37941,B,26138.693130000003,898503389317138
1774165445858,2026-03-22 07:44:05.858,68888.0,0.41242,A,28410.78896,967219586107919
1774165445858,2026-03-22 07:44:05.858,68888.0,0.25,A,17222.0,238018619743375
1774165445858,2026-03-22 07:44:05.858,68888.0,0.00205,A,141.2204,1069663335317786
1774165445858,2026-03-22 07:44:05.858,68888.0,0.00017,A,11.71096,1114743014919677
1774165445858,2026-03-22 07:44:05.858,68887.0,0.00017,A,11.710790000000001,765796676515358
1774165445858,2026-03-22 07:44:05.858,68887.0,0.00015,A,10.333049999999998,1083676345389080
1774165445858,2026-03-22 07:44:05.858,68886.0,0.00016,A,11.02176,50756601875332
1774165445858,2026-03-22 07:44:05.858,68886.0,0.00017,A,11.71062,718422535685041
1774165445858,2026-03-22 07:44:05.858,68885.0,0.00016,A,11.021600000000001,926662403960873
1774165445858,2026-03-22 07:44:05.858,68885.0,0.00017,A,11.710450000000002,809235974090115
1774165445858,2026-03-22 07:44:05.858,68885.0,0.003,A,206.655,970247050591582
1774165445858,2026-03-22 07:44:05.858,68884.0,0.00018,A,12.39912,524664178818456
1774165445858,2026-03-22 07:44:05.858,68884.0,0.001,A,68.884,1110836962927905
1774165445858,2026-03-22 07:44:05.858,68884.0,0.05665,A,3902.2786,711729840587941
1774165445858,2026-03-22 07:44:05.858,68884.0,0.00017,A,11.710280000000001,505553977420036
1774165445858,2026-03-22 07:44:05.858,68883.0,0.00017,A,11.71011,1050657310354831
1774165445858,2026-03-22 07:44:05.858,68883.0,0.04745,A,3268.49835,303836095170427
1774165445858,2026-03-22 07:44:05.858,68883.0,0.09732,A,6703.693560000001,636876868359095
1774165445858,2026-03-22 07:44:05.858,68882.0,0.00017,A,11.709940000000001,1095762528698201
1774165445858,2026-03-22 07:44:05.858,68881.0,0.00016,A,11.02096,1085597007496084
1774165445858,2026-03-22 07:44:05.858,68881.0,0.00017,A,11.70977,159596840153705
1774165445858,2026-03-22 07:44:05.858,68881.0,0.04882,A,3362.7704200000003,37310134733820
1774165445858,2026-03-22 07:44:05.858,68881.0,0.0946,A,6516.1426,252436198776446
1774165445858,2026-03-22 07:44:05.858,68881.0,0.21779,A,15001.592990000001,780902831462488
1774165445858,2026-03-22 07:44:05.858,68880.0,0.00016,A,11.020800000000001,283289042662278
1774165445858,2026-03-22 07:44:05.858,68880.0,0.00079,A,54.4152,634782621036129
1774165445858,2026-03-22 07:44:05.858,68880.0,0.00017,A,11.7096,157908603461106
1774165445858,2026-03-22 07:44:05.858,68879.0,0.00017,A,11.709430000000001,1104785561663509
1774165445858,2026-03-22 07:44:05.858,68879.0,0.001,A,68.879,320547385548217
1774165445858,2026-03-22 07:44:05.858,68879.0,0.00017,A,11.709430000000001,1027146961222484
1774165445858,2026-03-22 07:44:05.858,68879.0,0.02065,A,1422.3513500000001,12941851898885
1774165445858,2026-03-22 07:44:05.858,68879.0,0.00216,A,148.77864,334509310998512
1774165446013,2026-03-22 07:44:06.013,68880.0,0.00046,B,31.6848,174165589843614
1774165446893,2026-03-22 07:44:06.893,68880.0,0.10775,B,7421.82,377675095720423
1774165446893,2026-03-22 07:44:06.893,68882.0,0.10775,B,7422.0355,343293722904122
1774165446893,2026-03-22 07:44:06.893,68882.0,0.10775,B,7422.0355,98271689334555
1774165446893,2026-03-22 07:44:06.893,68883.0,0.00015,B,10.33245,903228853449816
1774165446893,2026-03-22 07:44:06.893,68884.0,0.10775,B,7422.251,914372230979407
1774165446893,2026-03-22 07:44:06.893,68884.0,0.10775,B,7422.251,243974581937500
1774165446893,2026-03-22 07:44:06.893,68885.0,0.18516,B,12754.746599999999,974623229127240
1774165446893,2026-03-22 07:44:06.893,68885.0,0.10775,B,7422.35875,742601755370944
1774165446893,2026-03-22 07:44:06.893,68885.0,0.10775,B,7422.35875,639659131601257
1774165446893,2026-03-22 07:44:06.893,68886.0,0.10775,B,7422.4664999999995,974520621975529
1774165446893,2026-03-22 07:44:06.893,68886.0,0.10775,B,7422.4664999999995,576792298437452
1774165446893,2026-03-22 07:44:06.893,68886.0,0.10775,B,7422.4664999999995,2218445297563
1774165446893,2026-03-22 07:44:06.893,68886.0,0.00015,B,10.332899999999999,865659415848362
1774165446893,2026-03-22 07:44:06.893,68888.0,0.13626,B,9386.67888,341345655494725
1774165446893,2026-03-22 07:44:06.893,68890.0,0.04408,B,3036.6712,803655145349098
1774165446893,2026-03-22 07:44:06.893,68891.0,0.00137,B,94.38067,119328215382984
1774165446946,2026-03-22 07:44:06.946,68893.0,0.00016,B,11.02288,746652292298935
1774165446946,2026-03-22 07:44:06.946,68893.0,0.00017,B,11.711810000000002,837225344219134
1774165447633,2026-03-22 07:44:07.633,68893.0,0.00073,A,50.291889999999995,147776639012786
1774165447754,2026-03-22 07:44:07.754,68895.0,0.00017,B,11.712150000000001,458315113278472
1774165447754,2026-03-22 07:44:07.754,68896.0,0.00017,B,11.71232,515906148258710
1774165448044,2026-03-22 07:44:08.044,68897.0,0.00016,B,11.023520000000001,1114008935369374
1774165448044,2026-03-22 07:44:08.044,68897.0,1e-05,B,0.6889700000000001,999045922518469
1774165448044,2026-03-22 07:44:08.044,68897.0,0.00015,B,10.334549999999998,1101435870173544
1774165448158,2026-03-22 07:44:08.158,68897.0,0.00098,A,67.51906,389247539901511
1774165448158,2026-03-22 07:44:08.158,68898.0,7e-05,B,4.8228599999999995,64790361287009
1774165448445,2026-03-22 07:44:08.445,68898.0,0.00018,B,12.40164,1063428961378835
1774165448849,2026-03-22 07:44:08.849,68898.0,0.19327,B,13315.91646,1091735214414554
1774165448849,2026-03-22 07:44:08.849,68898.0,0.00017,B,11.712660000000001,306921047214115
1774165448849,2026-03-22 07:44:08.849,68898.0,0.0002,B,13.7796,717742617293526
1774165448849,2026-03-22 07:44:08.849,68899.0,0.00017,B,11.71283,408508310274836
1774165448849,2026-03-22 07:44:08.849,68899.0,0.003,B,206.697,374312937665774
1774165448849,2026-03-22 07:44:08.849,68900.0,0.13652,B,9406.228000000001,172378821066137
1774165448849,2026-03-22 07:44:08.849,68900.0,0.1,B,6890.0,850068331328386
1774165448849,2026-03-22 07:44:08.849,68900.0,0.05166,B,3559.374,367735852305358
1774165448849,2026-03-22 07:44:08.849,68900.0,0.00017,B,11.713000000000001,714802946223692
1774165448849,2026-03-22 07:44:08.849,68901.0,0.00017,B,11.713170000000002,867246189544237
1774165448849,2026-03-22 07:44:08.849,68901.0,0.00015,B,10.335149999999999,23259405413996
1774165448849,2026-03-22 07:44:08.849,68902.0,0.00017,B,11.71334,258811699069961
1774165448849,2026-03-22 07:44:08.849,68902.0,0.00015,B,10.335299999999998,1103017457784383
1774165448849,2026-03-22 07:44:08.849,68903.0,0.00017,B,11.713510000000001,80067418253878
1774165448952,2026-03-22 07:44:08.952,68904.0,0.00017,B,11.71368,439979914817310
1774165448952,2026-03-22 07:44:08.952,68904.0,0.0012,B,82.6848,588085448296392
1774165449136,2026-03-22 07:44:09.136,68904.0,0.00079,B,54.43416,736224360323775
1774165449467,2026-03-22 07:44:09.467,68903.0,0.06871,A,4734.325129999999,257874926402344
1774165449467,2026-03-22 07:44:09.467,68903.0,0.13129,A,9046.27487,1068811823891582
1774165449467,2026-03-22 07:44:09.467,68904.0,0.00029,B,19.98216,137688076535002
1774165449961,2026-03-22 07:44:09.961,68904.0,0.00072,B,49.61088,271907773175571
1774165449961,2026-03-22 07:44:09.961,68904.0,0.00017,B,11.71368,1037764134991996
1774165449961,2026-03-22 07:44:09.961,68905.0,0.00017,B,11.71385,601320647764208
1774165449961,2026-03-22 07:44:09.961,68906.0,0.00017,B,11.714020000000001,551090394675117
1774165449961,2026-03-22 07:44:09.961,68906.0,0.00016,B,11.02496,85192921584512
1774165449961,2026-03-22 07:44:09.961,68907.0,0.00017,B,11.71419,868627939374981
1774165449961,2026-03-22 07:44:09.961,68908.0,0.00017,B,11.714360000000001,345898314389305
1774165449961,2026-03-22 07:44:09.961,68908.0,0.00014,B,9.64712,874822276695156
1774165450080,2026-03-22 07:44:10.080,68907.0,0.37503,A,25842.192209999997,342750480207114
1774165450080,2026-03-22 07:44:10.080,68907.0,0.0786,A,5416.090200000001,1044504843677596
1774165450080,2026-03-22 07:44:10.080,68907.0,0.11938,A,8226.11766,328592810243868
1774165450080,2026-03-22 07:44:10.080,68907.0,0.35,A,24117.449999999997,565819160807018
1774165450080,2026-03-22 07:44:10.080,68907.0,0.37503,A,25842.192209999997,642711007642059
1774165450080,2026-03-22 07:44:10.080,68907.0,0.35,A,24117.449999999997,998289979635048
1774165450080,2026-03-22 07:44:10.080,68907.0,0.21,A,14470.47,636474901091119
1774165450080,2026-03-22 07:44:10.080,68907.0,0.05477,A,3774.0363899999998,143436759553362
1774165450080,2026-03-22 07:44:10.080,68907.0,0.04874,A,3358.52718,33947300363731
1774165450080,2026-03-22 07:44:10.080,68907.0,0.15564,A,10724.68548,393145449198006
1774165450080,2026-03-22 07:44:10.080,68907.0,0.27558,A,18989.391059999998,459559348883631
1774165450080,2026-03-22 07:44:10.080,68907.0,0.05477,A,3774.0363899999998,859170714162354
1774165450080,2026-03-22 07:44:10.080,68907.0,0.04874,A,3358.52718,668583269150840
1774165450080,2026-03-22 07:44:10.080,68907.0,0.21,A,14470.47,21578568633968
1774165450080,2026-03-22 07:44:10.080,68907.0,0.09379,A,6462.78753,774498588171844
1774165450080,2026-03-22 07:44:10.080,68907.0,0.19993,A,13776.576509999999,94314131773434
1774165451018,2026-03-22 07:44:11.018,68908.0,0.00041,A,28.25228,178435262832701
1774165451238,2026-03-22 07:44:11.238,68908.0,0.02102,A,1448.44616,139189137513011
1774165451358,2026-03-22 07:44:11.358,68909.0,0.00022,B,15.159980000000001,441744463096125
1774165451358,2026-03-22 07:44:11.358,68909.0,0.00022,B,15.159980000000001,489010228951157
1774165451358,2026-03-22 07:44:11.358,68909.0,0.00022,B,15.159980000000001,157749869099145
1774165451978,2026-03-22 07:44:11.978,68909.0,0.00145,B,99.91805,571183219647141
1774165452480,2026-03-22 07:44:12.480,68907.0,0.00015,A,10.336049999999998,86120092620329
1774165452480,2026-03-22 07:44:12.480,68903.0,0.003,A,206.709,114852375835514
1774165452480,2026-03-22 07:44:12.480,68902.0,0.05665,A,3903.2983,1047913528971858
1774165452480,2026-03-22 07:44:12.480,68900.0,0.049,A,3376.1,107365127707151
1774165452480,2026-03-22 07:44:12.480,68899.0,0.09346,A,6439.30054,1119565336718022
1774165452480,2026-03-22 07:44:12.480,68898.0,0.003,A,206.69400000000002,305848158637830
1774165452480,2026-03-22 07:44:12.480,68898.0,0.00015,A,10.3347,576419131595823
1774165452480,2026-03-22 07:44:12.480,68898.0,0.04773,A,3288.50154,574577121175016
1774165452480,2026-03-22 07:44:12.480,68897.0,0.066,A,4547.202,1020770880444997
1774165452480,2026-03-22 07:44:12.480,68897.0,0.001,A,68.897,348067394390874
1774165452480,2026-03-22 07:44:12.480,68897.0,0.0969,A,6676.1193,412739824289957
1774165452480,2026-03-22 07:44:12.480,68896.0,0.066,A,4547.136,236793020626002
1774165452480,2026-03-22 07:44:12.480,68896.0,0.00016,A,11.02336,839860500367711
1774165452480,2026-03-22 07:44:12.480,68896.0,0.21008,A,14473.67168,491961893622899
1774165453158,2026-03-22 07:44:13.158,68895.0,0.00052,A,35.825399999999995,256088431698924
1774165453385,2026-03-22 07:44:13.385,68896.0,0.00098,B,67.51808,341636816921225
1774165453462,2026-03-22 07:44:13.462,68896.0,0.00023,B,15.84608,1003772238595845
1774165453788,2026-03-22 07:44:13.788,68895.0,0.11344,A,7815.4488,131422082326960
1774165454070,2026-03-22 07:44:14.070,68895.0,0.00415,A,285.91425,111958154246008
1774165454965,2026-03-22 07:44:14.965,68895.0,0.00186,B,128.1447,773418220674813
1774165455039,2026-03-22 07:44:15.039,68895.0,0.00057,B,39.27015,276049007946219
1774165455369,2026-03-22 07:44:15.369,68893.0,0.00043,A,29.62399,744881676915775
1774165455369,2026-03-22 07:44:15.369,68892.0,0.00016,A,11.022720000000001,267123638137340
1774165455369,2026-03-22 07:44:15.369,68890.0,0.003,A,206.67000000000002,196582310299960
1774165455369,2026-03-22 07:44:15.369,68889.0,0.00016,A,11.02224,973521745964753
1774165455369,2026-03-22 07:44:15.369,68887.0,0.00015,A,10.333049999999998,698871947827424
1774165455369,2026-03-22 07:44:15.369,68887.0,0.00029,A,19.97723,680550246199444
1774165455369,2026-03-22 07:44:15.369,68886.0,0.00029,A,19.97694,148553485503282
1774165455369,2026-03-22 07:44:15.369,68885.0,0.00031,A,21.35435,365719126108304
1774165455369,2026-03-22 07:44:15.369,68885.0,0.00016,A,11.021600000000001,264584805615598
1774165455369,2026-03-22 07:44:15.369,68885.0,0.003,A,206.655,365021944670555
1774165455369,2026-03-22 07:44:15.369,68884.0,0.01468,A,1011.21712,857486272811107
1774165455803,2026-03-22 07:44:15.803,68884.0,0.01661,A,1144.16324,608449761209954
1774165455915,2026-03-22 07:44:15.915,68884.0,0.00067,A,46.152280000000005,825696993864222
1774165455915,2026-03-22 07:44:15.915,68885.0,0.00095,B,65.44075,1024207822961718
1774165455915,2026-03-22 07:44:15.915,68884.0,0.00694,A,478.05496,468013071629266
1774165455915,2026-03-22 07:44:15.915,68884.0,0.0611,A,4208.8124,998063332320982
1774165455915,2026-03-22 07:44:15.915,68884.0,0.00599,A,412.61516,999562276969786
1774165455915,2026-03-22 07:44:15.915,68885.0,0.17324,B,11933.6374,444417698458388
1774165455915,2026-03-22 07:44:15.915,68884.0,0.05066,A,3489.66344,334369884345031
1774165455915,2026-03-22 07:44:15.915,68884.0,1.36173,A,93801.40932,287785502787166
1774165455915,2026-03-22 07:44:15.915,68884.0,0.60039,A,41357.26476,626830690068238
1774165455915,2026-03-22 07:44:15.915,68884.0,0.27058,A,18638.632719999998,997621013542059
1774165455915,2026-03-22 07:44:15.915,68884.0,0.0145,A,998.8180000000001,318523189334737
1774165455915,2026-03-22 07:44:15.915,68884.0,0.07658,A,5275.1367199999995,56296851955102
1774165455915,2026-03-22 07:44:15.915,68884.0,0.07441,A,5125.65844,369978210011409
1774165455915,2026-03-22 07:44:15.915,68884.0,0.07254,A,4996.845359999999,167937028817719
1774165455915,2026-03-22 07:44:15.915,68884.0,1.5072,A,103821.9648,1101925594806717
1774165456322,2026-03-22 07:44:16.322,68884.0,0.01188,A,818.34192,558611674236478
1774165456322,2026-03-22 07:44:16.322,68884.0,0.01368,A,942.33312,1072763886688076
1774165456656,2026-03-22 07:44:16.656,68884.0,0.02032,A,1399.72288,123342924017930
1774165456750,2026-03-22 07:44:16.750,68885.0,0.00021,B,14.465850000000001,925478421997156
1774165456750,2026-03-22 07:44:16.750,68885.0,0.00017,B,11.710450000000002,273423829370293
1774165457975,2026-03-22 07:44:17.975,68884.0,0.2,A,13776.800000000001,700686642897950
1774165458078,2026-03-22 07:44:18.078,68885.0,0.00017,B,11.710450000000002,482785452635493
1774165458078,2026-03-22 07:44:18.078,68885.0,0.00166,B,114.3491,419328810070455
1774165458078,2026-03-22 07:44:18.078,68885.0,0.0037,B,254.8745,293552547134651
1774165458178,2026-03-22 07:44:18.178,68884.0,0.01451,A,999.50684,592005538035044
1774165460300,2026-03-22 07:44:20.300,68884.0,0.00194,A,133.63496,216488227881077
1774165460607,2026-03-22 07:44:20.607,68885.0,0.00041,B,28.24285,262392283902048
1774165460680,2026-03-22 07:44:20.680,68885.0,0.00028,B,19.287799999999997,725621604820164
1774165461073,2026-03-22 07:44:21.073,68884.0,0.00724,A,498.72016,232586862652733
1774165461921,2026-03-22 07:44:21.921,68885.0,0.00017,B,11.710450000000002,739747076991104
1774165461921,2026-03-22 07:44:21.921,68886.0,0.00015,B,10.332899999999999,861255324768137
1774165461921,2026-03-22 07:44:21.921,68886.0,0.00017,B,11.71062,989032787732551
1774165461921,2026-03-22 07:44:21.921,68887.0,0.00017,B,11.710790000000001,291221480125407
1774165461921,2026-03-22 07:44:21.921,68887.0,0.00015,B,10.333049999999998,548032668961675
1774165461921,2026-03-22 07:44:21.921,68887.0,0.02903,B,1999.78961,155176546221052
1774165462127,2026-03-22 07:44:22.127,68887.0,0.00161,A,110.90807000000001,249371849511215
1774165462667,2026-03-22 07:44:22.667,68889.0,0.00017,B,11.71113,1075034632471407
1774165462667,2026-03-22 07:44:22.667,68890.0,0.00017,B,11.711300000000001,347663993263354
1774165462667,2026-03-22 07:44:22.667,68890.0,0.003,B,206.67000000000002,32957422474508
1774165462667,2026-03-22 07:44:22.667,68891.0,0.00017,B,11.71147,510976304367645
1774165462667,2026-03-22 07:44:22.667,68891.0,0.00016,B,11.02256,1095296429250333
1774165462667,2026-03-22 07:44:22.667,68891.0,0.00015,B,10.333649999999999,78661016957754
1774165462869,2026-03-22 07:44:22.869,68892.0,0.00017,B,11.711640000000001,782232486814773
1774165462869,2026-03-22 07:44:22.869,68893.0,0.00017,B,11.711810000000002,253440923068756
1774165462869,2026-03-22 07:44:22.869,68894.0,0.00017,B,11.71198,60696165412125
1774165462869,2026-03-22 07:44:22.869,68895.0,0.00017,B,11.712150000000001,19358123964342
1774165462869,2026-03-22 07:44:22.869,68895.0,0.00016,B,11.023200000000001,1058053279261442
1774165462869,2026-03-22 07:44:22.869,68895.0,0.003,B,206.685,510467710869766
1774165462869,2026-03-22 07:44:22.869,68895.0,0.0177,B,1219.4415000000001,388271011329087
1774165463236,2026-03-22 07:44:23.236,68895.0,0.00015,B,10.334249999999999,866512033240496
1774165463916,2026-03-22 07:44:23.916,68896.0,0.00017,B,11.71232,299098638233402
1774165463916,2026-03-22 07:44:23.916,68896.0,0.00017,B,11.71232,24954882963401
1774165463916,2026-03-22 07:44:23.916,68896.0,0.0002,B,13.779200000000001,236217594824101
1774165463916,2026-03-22 07:44:23.916,68897.0,0.00023,B,15.84631,1021003505899453
1774165463916,2026-03-22 07:44:23.916,68897.0,0.00017,B,11.71249,1059268552934822
1774165463916,2026-03-22 07:44:23.916,68898.0,0.00025,B,17.2245,481037970251700
1774165463916,2026-03-22 07:44:23.916,68898.0,0.00017,B,11.712660000000001,570509527434499
1774165463916,2026-03-22 07:44:23.916,68898.0,0.00062,B,42.71676,977769745827130
1774165464855,2026-03-22 07:44:24.855,68897.0,0.00255,A,175.68735,1105295955578690
1774165465456,2026-03-22 07:44:25.456,68897.0,0.0032,A,220.4704,765501653285103
1774165466056,2026-03-22 07:44:26.056,68898.0,0.00164,B,112.99271999999999,1025719861808593
1774165466056,2026-03-22 07:44:26.056,68898.0,0.00136,B,93.70128000000001,20763738953184
1774165466056,2026-03-22 07:44:26.056,68898.0,0.00017,B,11.712660000000001,320732523414727
1774165466056,2026-03-22 07:44:26.056,68898.0,0.02447,B,1685.9340599999998,599734939476770
1774165466369,2026-03-22 07:44:26.369,68898.0,0.00041,B,28.248179999999998,836177724113345
1774165466573,2026-03-22 07:44:26.573,68897.0,0.00022,A,15.157340000000001,8702685591545
1774165466573,2026-03-22 07:44:26.573,68897.0,0.00022,A,15.157340000000001,442252089445630
1774165467465,2026-03-22 07:44:27.465,68893.0,0.00464,A,319.66352,479203465857221
1774165467465,2026-03-22 07:44:27.465,68892.0,0.0001,A,6.889200000000001,400684782290308
1774165468780,2026-03-22 07:44:28.780,68893.0,0.00468,B,322.41924,436001428884460
1774165470925,2026-03-22 07:44:30.925,68892.0,0.00027,A,18.60084,1121335658389199
1774165471080,2026-03-22 07:44:31.080,68892.0,0.00237,A,163.27404,232617136849016
1774165472298,2026-03-22 07:44:32.298,68892.0,0.00649,A,447.10908,279971046204970
1774165473058,2026-03-22 07:44:33.058,68892.0,0.00339,A,233.54387999999997,162740980197777
1774165473965,2026-03-22 07:44:33.965,68892.0,0.00048,A,33.06816,318058893941319
1774165474066,2026-03-22 07:44:34.066,68892.0,0.00141,A,97.13772,757361322868386
1774165474472,2026-03-22 07:44:34.472,68893.0,0.00017,B,11.711810000000002,684012859849786
1774165474472,2026-03-22 07:44:34.472,68894.0,0.00017,B,11.71198,776687331296774
1774165474472,2026-03-22 07:44:34.472,68894.0,0.05019,B,3457.78986,933951574620270
1774165474472,2026-03-22 07:44:34.472,68895.0,0.00017,B,11.712150000000001,225099736572504
1774165474472,2026-03-22 07:44:34.472,68895.0,0.00016,B,11.023200000000001,229715008801906
1774165474472,2026-03-22 07:44:34.472,68896.0,0.00017,B,11.71232,999562237645706
1774165474472,2026-03-22 07:44:34.472,68897.0,0.00017,B,11.71249,45430820470526
1774165474472,2026-03-22 07:44:34.472,68897.0,0.00015,B,10.334549999999998,885971578855743
1774165474472,2026-03-22 07:44:34.472,68898.0,0.00017,B,11.712660000000001,80223782292518
1774165474472,2026-03-22 07:44:34.472,68898.0,0.003,B,206.69400000000002,707790068071881
1774165474472,2026-03-22 07:44:34.472,68899.0,0.00017,B,11.71283,753028503933978
1774165474472,2026-03-22 07:44:34.472,68899.0,0.00016,B,11.023840000000002,121399718348786
1774165474472,2026-03-22 07:44:34.472,68900.0,0.00017,B,11.713000000000001,546478744871039
1774165474472,2026-03-22 07:44:34.472,68900.0,0.00298,B,205.322,131365297476462
1774165474776,2026-03-22 07:44:34.776,68899.0,0.00554,A,381.70045999999996,798516509231660
1774165475692,2026-03-22 07:44:35.692,68901.0,0.12793,A,8814.50493,683457504054089
1774165475692,2026-03-22 07:44:35.692,68902.0,0.00017,B,11.71334,335689278931043
1774165476196,2026-03-22 07:44:36.196,68903.0,0.00017,B,11.713510000000001,209649661502816
1774165476196,2026-03-22 07:44:36.196,68903.0,0.0002,B,13.780600000000002,680745485239514
1774165476196,2026-03-22 07:44:36.196,68904.0,0.00017,B,11.71368,206909656811664
1774165477097,2026-03-22 07:44:37.097,68905.0,0.00017,B,11.71385,589768294353276
1774165477097,2026-03-22 07:44:37.097,68905.0,0.001,B,68.905,369263449587030
1774165477097,2026-03-22 07:44:37.097,68905.0,0.00427,B,294.22435,189611538470403
1774165477695,2026-03-22 07:44:37.695,68905.0,0.00025,B,17.22625,874462716128459
1774165478011,2026-03-22 07:44:38.011,68905.0,0.00016,B,11.0248,566478854481838
1774165478409,2026-03-22 07:44:38.409,68905.0,0.02434,B,1677.1477,243034037437521
1774165478409,2026-03-22 07:44:38.409,68905.0,0.001,B,68.905,577269161565324
1774165478409,2026-03-22 07:44:38.409,68905.0,0.05665,B,3903.46825,19574206066331
1774165478409,2026-03-22 07:44:38.409,68905.0,0.08727,B,6013.33935,774469373616126
1774165478409,2026-03-22 07:44:38.409,68905.0,0.00211,B,145.38954999999999,173825841457331
1774165478950,2026-03-22 07:44:38.950,68904.0,0.07068,A,4870.13472,768505155148794
1774165478950,2026-03-22 07:44:38.950,68904.0,0.09269,A,6386.711759999999,507773833740891
1774165478950,2026-03-22 07:44:38.950,68904.0,0.13913,A,9586.61352,749977086255635
1774165478950,2026-03-22 07:44:38.950,68904.0,0.26341,A,18150.00264,580746263726691
1774165480706,2026-03-22 07:44:40.706,68904.0,7e-05,A,4.82328,941173387154251
1774165480756,2026-03-22 07:44:40.756,68904.0,0.09324,A,6424.6089600000005,255808931035134
1774165480756,2026-03-22 07:44:40.756,68904.0,0.16011,A,11032.21944,1113582153170041
1774165481025,2026-03-22 07:44:41.025,68904.0,0.00041,A,28.25064,776520207285307
1774165481025,2026-03-22 07:44:41.025,68905.0,0.001,B,68.905,167960333725924
1774165481240,2026-03-22 07:44:41.240,68904.0,0.00362,A,249.43248,749965930887470
1774165482134,2026-03-22 07:44:42.134,68904.0,0.00023,A,15.84792,456658592670457
1774165483341,2026-03-22 07:44:43.341,68905.0,0.02875,B,1981.0187500000002,528943003575227
1774165484048,2026-03-22 07:44:44.048,68904.0,0.00416,A,286.64063999999996,940243932496901
1774165484261,2026-03-22 07:44:44.261,68905.0,0.32127,B,22137.10935,209930676181104
1774165484261,2026-03-22 07:44:44.261,68905.0,0.00017,B,11.71385,819407954450086
1774165484261,2026-03-22 07:44:44.261,68905.0,0.17856,B,12303.6768,527146274469652
1774165485044,2026-03-22 07:44:45.044,68905.0,0.00057,B,39.27585,337954887846104
1774165486060,2026-03-22 07:44:46.060,68904.0,0.33787,A,23280.59448,454226267562439
1774165486060,2026-03-22 07:44:46.060,68904.0,0.04378,A,3016.61712,141722314530447
1774165486060,2026-03-22 07:44:46.060,68904.0,0.06351,A,4376.09304,297551059662834
1774165488012,2026-03-22 07:44:48.012,68905.0,0.17809,B,12271.29145,1097228313625548
1774165488083,2026-03-22 07:44:48.083,68905.0,0.07251,B,4996.30155,851401656344163
1774165489279,2026-03-22 07:44:49.279,68905.0,0.00021,B,14.47005,275974918582236
1774165490058,2026-03-22 07:44:50.058,68905.0,0.00016,B,11.0248,1076793433430699
1774165490261,2026-03-22 07:44:50.261,68905.0,0.00021,B,14.47005,1077534333989049
1774165491277,2026-03-22 07:44:51.277,68904.0,0.04914,A,3385.9425600000004,233157486645522
1774165491630,2026-03-22 07:44:51.630,68905.0,0.00037,B,25.49485,445427695711877
1774165491884,2026-03-22 07:44:51.884,68904.0,0.00218,A,150.21072,571587524359786
1774165493143,2026-03-22 07:44:53.143,68905.0,0.07251,B,4996.30155,61247779254003
1774165493297,2026-03-22 07:44:53.297,68905.0,0.006,B,413.43,731757272754972
1774165493862,2026-03-22 07:44:53.862,68905.0,0.00021,B,14.47005,324478794486807
1774165494024,2026-03-22 07:44:54.024,68905.0,0.004,B,275.62,575617569334148
1774165494077,2026-03-22 07:44:54.077,68905.0,0.04028,B,2775.4934000000003,312703226445738
1774165494403,2026-03-22 07:44:54.403,68905.0,0.00021,B,14.47005,371609789088551
1774165494708,2026-03-22 07:44:54.708,68904.0,0.00028,A,19.29312,957605464056490
1774165494920,2026-03-22 07:44:54.920,68904.0,0.15148,A,10437.57792,542445682265031
1774165494920,2026-03-22 07:44:54.920,68904.0,0.01015,A,699.3756,584520619041151
1774165494920,2026-03-22 07:44:54.920,68904.0,0.04061,A,2798.19144,250776140434819
1774165494920,2026-03-22 07:44:54.920,68904.0,0.10776,A,7425.095039999999,641672780691477
1774165495122,2026-03-22 07:44:55.122,68905.0,0.02742,B,1889.3751,921056251133255
1774165496024,2026-03-22 07:44:56.024,68905.0,0.00164,B,113.0042,623802448046737
1774165496024,2026-03-22 07:44:56.024,68905.0,0.03951,B,2722.4365500000004,1072488396829359
1774165496334,2026-03-22 07:44:56.334,68905.0,0.00023,B,15.84815,339325650953777
1774165496536,2026-03-22 07:44:56.536,68905.0,0.0002,B,13.781,392416604176817
1774165497027,2026-03-22 07:44:57.027,68904.0,0.00136,A,93.70944,1074506280021897
1774165498449,2026-03-22 07:44:58.449,68904.0,0.00019,A,13.09176,788509876490639
1774165499150,2026-03-22 07:44:59.150,68905.0,0.00148,B,101.9794,295155323056159
1774165499751,2026-03-22 07:44:59.751,68905.0,0.00505,B,347.97024999999996,998912569443717
1774165501061,2026-03-22 07:45:01.061,68904.0,0.00238,A,163.99152,719121547068518
1774165501061,2026-03-22 07:45:01.061,68905.0,0.14502,B,9992.6031,687764048364776
1774165501989,2026-03-22 07:45:01.989,68904.0,0.00053,A,36.51912,466290575878035
1774165501989,2026-03-22 07:45:01.989,68904.0,0.00146,A,100.59984,850888723860328
1774165501989,2026-03-22 07:45:01.989,68903.0,0.00015,A,10.33545,425753456250148
1774165501989,2026-03-22 07:45:01.989,68903.0,0.00015,A,10.33545,68432711363106
1774165502267,2026-03-22 07:45:02.267,68903.0,0.00076,B,52.36628,344996762024461
1774165502596,2026-03-22 07:45:02.596,68902.0,0.00025,A,17.2255,933374288859809
1774165502596,2026-03-22 07:45:02.596,68902.0,0.0012,A,82.68239999999999,945693542581564
1774165502810,2026-03-22 07:45:02.810,68902.0,0.00015,A,10.335299999999998,280853741795055
1774165502810,2026-03-22 07:45:02.810,68903.0,0.00055,B,37.89665,626753753168344
1774165503088,2026-03-22 07:45:03.088,68902.0,0.0034,A,234.2668,412934426576806
1774165503088,2026-03-22 07:45:03.088,68903.0,0.035,B,2411.605,537849964573724
1774165503146,2026-03-22 07:45:03.146,68902.0,0.01485,A,1023.1947,788287214834681
1774165503393,2026-03-22 07:45:03.393,68903.0,0.0207,B,1426.2921,680917181210822
1774165503594,2026-03-22 07:45:03.594,68902.0,0.02236,A,1540.6487200000001,558851547774731
1774165503594,2026-03-22 07:45:03.594,68902.0,0.01015,A,699.3552999999999,204384711378756
1774165503594,2026-03-22 07:45:03.594,68902.0,0.00146,A,100.59692,634923616878442
1774165503594,2026-03-22 07:45:03.594,68901.0,0.04808,A,3312.76008,353880815927461
1774165503594,2026-03-22 07:45:03.594,68901.0,0.19663,A,13548.00363,15203277059424
1774165503996,2026-03-22 07:45:03.996,68902.0,0.00035,B,24.1157,332188348149672
1774165504046,2026-03-22 07:45:04.046,68901.0,0.00142,A,97.83942,743072421186767
1774165504210,2026-03-22 07:45:04.210,68901.0,0.00502,A,345.88302,520130363423908
1774165504210,2026-03-22 07:45:04.210,68901.0,0.02312,A,1592.9911200000001,1067331864191982
1774165504489,2026-03-22 07:45:04.489,68901.0,0.00661,A,455.43561000000005,894047896636846
1774165504806,2026-03-22 07:45:04.806,68901.0,0.00279,A,192.23379,515210707143757
1774165505007,2026-03-22 07:45:05.007,68902.0,0.00197,B,135.73694,492060021084382
1774165505198,2026-03-22 07:45:05.198,68901.0,0.0006,A,41.340599999999995,613476989152736
1774165505596,2026-03-22 07:45:05.596,68902.0,0.00015,B,10.335299999999998,653812956383450
1774165506803,2026-03-22 07:45:06.803,68902.0,0.00435,B,299.72369999999995,923487396735274
1774165507215,2026-03-22 07:45:07.215,68902.0,0.00101,B,69.59102,838115055220852
1774165507368,2026-03-22 07:45:07.368,68901.0,0.00144,A,99.21744000000001,665657302406509
1774165507978,2026-03-22 07:45:07.978,68901.0,0.089,A,6132.188999999999,724032309984961
1774165507978,2026-03-22 07:45:07.978,68901.0,0.02779,A,1914.7587899999999,988993930692308
1774165508069,2026-03-22 07:45:08.069,68902.0,0.00016,B,11.024320000000001,240341885127596
1774165508415,2026-03-22 07:45:08.415,68902.0,0.20201,B,13918.89302,143967596810280
1774165508415,2026-03-22 07:45:08.415,68902.0,0.12595,B,8678.206900000001,287279110449721
1774165508415,2026-03-22 07:45:08.415,68902.0,0.01883,B,1297.42466,987766920526699
1774165508415,2026-03-22 07:45:08.415,68901.0,0.09353,A,6444.31053,851610350596580
1774165508547,2026-03-22 07:45:08.547,68902.0,0.01306,B,899.86012,1071130641510224
1774165508615,2026-03-22 07:45:08.615,68901.0,0.00041,A,28.24941,128988685395305
1774165508615,2026-03-22 07:45:08.615,68902.0,0.00015,B,10.335299999999998,100968164602391
1774165508812,2026-03-22 07:45:08.812,68901.0,0.00034,A,23.426340000000003,307748825748634
1774165509145,2026-03-22 07:45:09.145,68901.0,0.00333,A,229.44033000000002,252058693462760
1774165509241,2026-03-22 07:45:09.241,68902.0,0.00033,B,22.737659999999998,410151798440909
1774165510242,2026-03-22 07:45:10.242,68902.0,0.00018,B,12.402360000000002,454413447747148
1774165510380,2026-03-22 07:45:10.380,68901.0,0.00292,A,201.19091999999998,895273214254817
1774165510702,2026-03-22 07:45:10.702,68902.0,0.0087,B,599.4473999999999,415339407045975
1774165511042,2026-03-22 07:45:11.042,68901.0,0.0003,A,20.670299999999997,342947705745610
1774165512044,2026-03-22 07:45:12.044,68901.0,0.00326,A,224.61726,177984371779795
1774165512044,2026-03-22 07:45:12.044,68901.0,0.00564,A,388.60164000000003,378227986707017
1774165512044,2026-03-22 07:45:12.044,68901.0,0.03497,A,2409.46797,1055915125016142
1774165512044,2026-03-22 07:45:12.044,68901.0,0.20307,A,13991.72607,61808558158077
1774165512044,2026-03-22 07:45:12.044,68901.0,0.05005,A,3448.49505,742349742309654
1774165512044,2026-03-22 07:45:12.044,68901.0,0.01451,A,999.75351,375670402481014
1774165512044,2026-03-22 07:45:12.044,68901.0,0.01,A,689.01,568963302469872
1774165512044,2026-03-22 07:45:12.044,68901.0,0.02046,A,1409.71446,803987831013322
1774165512245,2026-03-22 07:45:12.245,68901.0,0.03591,A,2474.2349099999997,970807262598504
1774165512449,2026-03-22 07:45:12.449,68902.0,0.0502,B,3458.8804,698279820052266
1774165512651,2026-03-22 07:45:12.651,68902.0,0.01886,B,1299.49172,235960842663606
1774165513184,2026-03-22 07:45:13.184,68901.0,0.00017,A,11.713170000000002,232381024648793
1774165513451,2026-03-22 07:45:13.451,68902.0,0.01826,B,1258.15052,54393090483257
1774165514059,2026-03-22 07:45:14.059,68901.0,0.00416,A,286.62816,169296987409806
1774165514194,2026-03-22 07:45:14.194,68901.0,0.00145,A,99.90644999999999,982994567992974
1774165514263,2026-03-22 07:45:14.263,68902.0,0.00688,B,474.04576,1091043745172788
1774165514842,2026-03-22 07:45:14.842,68901.0,0.00044,A,30.31644,242798335828760
1774165515049,2026-03-22 07:45:15.049,68902.0,0.00056,B,38.585119999999996,464126975215345
1774165515252,2026-03-22 07:45:15.252,68901.0,0.00105,A,72.34604999999999,279506908198093
1774165515556,2026-03-22 07:45:15.556,68902.0,0.00015,B,10.335299999999998,593425551302059
1774165521128,2026-03-22 07:45:21.128,68900.0,0.01333,A,918.437,778178567034005
1774165521128,2026-03-22 07:45:21.128,68900.0,0.00525,A,361.725,703474061817256
1774165522127,2026-03-22 07:45:22.127,68900.0,0.0049,A,337.61,140130607159285
1774165522531,2026-03-22 07:45:22.531,68899.0,0.00015,A,10.33485,858803387207773
1774165522531,2026-03-22 07:45:22.531,68899.0,0.00031,A,21.35869,968973140594725
1774165522531,2026-03-22 07:45:22.531,68899.0,0.01333,A,918.42367,710520691065652
1774165524199,2026-03-22 07:45:24.199,68900.0,2e-05,B,1.3780000000000001,1124380066535562
1774165524199,2026-03-22 07:45:24.199,68900.0,0.01478,B,1018.342,522638929017504
1774165525289,2026-03-22 07:45:25.289,68900.0,0.00035,B,24.115,138398469312191
1774165526035,2026-03-22 07:45:26.035,68900.0,0.00164,B,112.996,654862275701780
1774165527198,2026-03-22 07:45:27.198,68900.0,0.00016,B,11.024000000000001,832356005348819
1774165527271,2026-03-22 07:45:27.271,68899.0,0.00254,A,175.00346000000002,1049613860783139
1774165528181,2026-03-22 07:45:28.181,68898.0,0.00015,A,10.3347,461124669270223
1774165528181,2026-03-22 07:45:28.181,68897.0,0.00016,A,11.023520000000001,284145927692130
1774165528181,2026-03-22 07:45:28.181,68896.0,0.003,A,206.68800000000002,1034504332604304
1774165528181,2026-03-22 07:45:28.181,68896.0,0.00016,A,11.02336,223029175191824
1774165528181,2026-03-22 07:45:28.181,68896.0,0.00015,A,10.334399999999999,163468721121936
1774165528615,2026-03-22 07:45:28.615,68892.0,0.13469,A,9279.06348,488094929939986
1774165528615,2026-03-22 07:45:28.615,68892.0,0.11531,A,7943.936519999999,936976715566845
1774165528615,2026-03-22 07:45:28.615,68892.0,0.1,A,6889.200000000001,526666327719332
1774165528706,2026-03-22 07:45:28.706,68892.0,0.25,A,17223.0,414554447198527
1774165528706,2026-03-22 07:45:28.706,68892.0,0.1,A,6889.200000000001,1075162124186270
1774165528706,2026-03-22 07:45:28.706,68892.0,0.15391,A,10603.16772,995919169999713
1774165528706,2026-03-22 07:45:28.706,68892.0,1.28078,A,88235.49576,646235782767523
1774165528706,2026-03-22 07:45:28.706,68892.0,0.00016,A,11.022720000000001,129395690164451
1774165528706,2026-03-22 07:45:28.706,68892.0,0.00017,A,11.711640000000001,422361052910762
1774165528706,2026-03-22 07:45:28.706,68892.0,0.00015,A,10.333799999999998,898243487853547
1774165528706,2026-03-22 07:45:28.706,68891.0,0.003,A,206.673,231668857877254
1774165528706,2026-03-22 07:45:28.706,68891.0,0.00017,A,11.71147,768976739532755
1774165528706,2026-03-22 07:45:28.706,68890.0,0.00017,A,11.711300000000001,1054744392695744
1774165528706,2026-03-22 07:45:28.706,68889.0,0.00016,A,11.02224,499508565422749
1774165528706,2026-03-22 07:45:28.706,68889.0,0.00017,A,11.71113,500844994995050
1774165528706,2026-03-22 07:45:28.706,68888.0,0.00032,A,22.04416,490837658770621
1774165528706,2026-03-22 07:45:28.706,68888.0,0.00017,A,11.71096,47788543523376
1774165528706,2026-03-22 07:45:28.706,68887.0,0.00015,A,10.333049999999998,572349568781795
1774165528706,2026-03-22 07:45:28.706,68887.0,0.00017,A,11.710790000000001,357494980276993
1774165528732,2026-03-22 07:45:28.732,68886.0,0.00017,A,11.71062,206398854673916
1774165528825,2026-03-22 07:45:28.825,68885.0,0.00016,A,11.021600000000001,727034845123875
1774165528825,2026-03-22 07:45:28.825,68885.0,0.00022,A,15.1547,994121900516726
1774165528825,2026-03-22 07:45:28.825,68885.0,0.00017,A,11.710450000000002,424491986270062
1774165528825,2026-03-22 07:45:28.825,68884.0,0.00017,A,11.710280000000001,872598914080408
1774165528825,2026-03-22 07:45:28.825,68883.0,0.00017,A,11.71011,957360651505891
1774165528919,2026-03-22 07:45:28.919,68882.0,0.00015,A,10.332299999999998,940980292847331
1774165528919,2026-03-22 07:45:28.919,68882.0,0.00017,A,11.709940000000001,288740481225989
1774165528919,2026-03-22 07:45:28.919,68881.0,0.00016,A,11.02096,124540912927642
1774165528919,2026-03-22 07:45:28.919,68881.0,0.00017,A,11.70977,856480040889030
1774165528919,2026-03-22 07:45:28.919,68880.0,0.00017,A,11.7096,868476363164852
1774165529211,2026-03-22 07:45:29.211,68879.0,0.00335,A,230.74465,881325966153719
1774165529557,2026-03-22 07:45:29.557,68879.0,0.01025,A,706.00975,195919529321402
1774165529557,2026-03-22 07:45:29.557,68879.0,0.00017,A,11.709430000000001,313467678483973
1774165529557,2026-03-22 07:45:29.557,68879.0,0.07912,A,5449.70648,818581780033433
1774165529557,2026-03-22 07:45:29.557,68879.0,0.06764,A,4658.975560000001,491975388628127
1774165529557,2026-03-22 07:45:29.557,68878.0,0.0004,A,27.5512,864820755643786
1774165529557,2026-03-22 07:45:29.557,68878.0,0.00016,A,11.020480000000001,603029481097332
1774165529557,2026-03-22 07:45:29.557,68878.0,0.00017,A,11.70926,335539514356735
1774165529557,2026-03-22 07:45:29.557,68877.0,0.00017,A,11.709090000000002,510250460855087
1774165529557,2026-03-22 07:45:29.557,68877.0,0.10858,A,7478.6646599999995,272250787942570
1774165531065,2026-03-22 07:45:31.065,68876.0,0.00238,A,163.92488,126509715446546
1774165531170,2026-03-22 07:45:31.170,68877.0,0.00035,B,24.10695,800723135813154
1774165531170,2026-03-22 07:45:31.170,68877.0,0.00122,B,84.02994,429909097203885
1774165531170,2026-03-22 07:45:31.170,68877.0,0.00139,B,95.73903,131060325088765
1774165531170,2026-03-22 07:45:31.170,68876.0,0.00755,A,520.0138000000001,120306378413403
1774165531170,2026-03-22 07:45:31.170,68876.0,0.05302,A,3651.80552,126171855164679
1774165531170,2026-03-22 07:45:31.170,68876.0,0.07265,A,5003.8414,1093275989763970
1774165531170,2026-03-22 07:45:31.170,68876.0,0.12685,A,8736.9206,314627474202119
1774165531170,2026-03-22 07:45:31.170,68876.0,0.00516,A,355.40015999999997,985992853285950
1774165531170,2026-03-22 07:45:31.170,68876.0,0.00017,A,11.70892,508992405316581
1774165531170,2026-03-22 07:45:31.170,68876.0,0.01451,A,999.39076,1000851920802005
1774165531170,2026-03-22 07:45:31.170,68876.0,0.48016,A,33071.500159999996,959713130353479
1774165531299,2026-03-22 07:45:31.299,68878.0,0.00015,B,10.3317,695766558529637
1774165531299,2026-03-22 07:45:31.299,68879.0,0.00015,B,10.33185,627717351539936
1774165531299,2026-03-22 07:45:31.299,68879.0,0.00017,B,11.709430000000001,637536686341524
1774165531299,2026-03-22 07:45:31.299,68880.0,0.00017,B,11.7096,346224025545423
1774165531299,2026-03-22 07:45:31.299,68880.0,0.00015,B,10.331999999999999,321277490541572
1774165531299,2026-03-22 07:45:31.299,68880.0,0.00145,B,99.87599999999999,157676708253942
1774165531630,2026-03-22 07:45:31.630,68880.0,0.00998,B,687.4223999999999,23266522200625
1774165531735,2026-03-22 07:45:31.735,68879.0,0.06483,A,4465.42557,829028666208469
1774165531735,2026-03-22 07:45:31.735,68879.0,0.00747,A,514.52613,1052297528925247
1774165531841,2026-03-22 07:45:31.841,68879.0,0.00015,A,10.33185,726351347006924
1774165533028,2026-03-22 07:45:33.028,68879.0,0.00339,A,233.49981,134523237529260
1774165533272,2026-03-22 07:45:33.272,68880.0,0.0202,B,1391.376,604847012340636
1774165534030,2026-03-22 07:45:34.030,68879.0,0.00142,A,97.80818000000001,693657952140057
1774165534771,2026-03-22 07:45:34.771,68879.0,0.00904,A,622.66616,1105770366112322
1774165534771,2026-03-22 07:45:34.771,68880.0,0.00062,B,42.7056,889479268668969
1774165534771,2026-03-22 07:45:34.771,68880.0,0.00017,B,11.7096,187128423169508
1774165534771,2026-03-22 07:45:34.771,68881.0,0.00088,B,60.615280000000006,156645272386994
1774165534771,2026-03-22 07:45:34.771,68881.0,0.00016,B,11.02096,663375093894310
1774165534771,2026-03-22 07:45:34.771,68881.0,0.00017,B,11.70977,586561693652557
1774165534771,2026-03-22 07:45:34.771,68881.0,0.00015,B,10.332149999999999,489422802388572
1774165535571,2026-03-22 07:45:35.571,68881.0,0.00915,A,630.26115,1045836267007649
1774165536449,2026-03-22 07:45:36.449,68882.0,0.00017,B,11.709940000000001,583624253063024
1774165536449,2026-03-22 07:45:36.449,68882.0,0.02011,B,1385.21702,1006922272922469
1774165536622,2026-03-22 07:45:36.622,68881.0,0.00035,A,24.10835,686306101494316
1774165536646,2026-03-22 07:45:36.646,68881.0,0.00016,A,11.02096,104678704728839
1774165537505,2026-03-22 07:45:37.505,68881.0,0.00015,A,10.332149999999999,762032281340920
1774165538041,2026-03-22 07:45:38.041,68882.0,0.00016,B,11.021120000000002,456915585078421
1774165538968,2026-03-22 07:45:38.968,68882.0,0.00101,B,69.57082,302783009238023
1774165539333,2026-03-22 07:45:39.333,68882.0,0.01913,B,1317.7126600000001,396139826380472
1774165540374,2026-03-22 07:45:40.374,68881.0,0.02737,A,1885.27297,519766139224915
1774165541039,2026-03-22 07:45:41.039,68881.0,0.00052,A,35.81812,510696481445368
1774165542063,2026-03-22 07:45:42.063,68882.0,0.12,A,8265.84,335204220256295
1774165542063,2026-03-22 07:45:42.063,68882.0,0.05985,A,4122.5877,174421067959921
1774165542336,2026-03-22 07:45:42.336,68883.0,0.00017,B,11.71011,79792169079097
1774165542336,2026-03-22 07:45:42.336,68883.0,0.0002,B,13.7766,624728769092433
1774165542336,2026-03-22 07:45:42.336,68883.0,0.01878,B,1293.62274,220263829961503
1774165543744,2026-03-22 07:45:43.744,68883.0,0.00228,B,157.05324,886145876733667
1774165544049,2026-03-22 07:45:44.049,68882.0,0.00416,A,286.54911999999996,909008971361443
1774165544049,2026-03-22 07:45:44.049,68882.0,4e-05,A,2.7552800000000004,887191687280758
1774165544605,2026-03-22 07:45:44.605,68883.0,0.00015,B,10.33245,927033710004905
1774165545013,2026-03-22 07:45:45.013,68883.0,0.00057,B,39.26331,220560479116940
1774165545301,2026-03-22 07:45:45.301,68882.0,0.0127,B,874.8014,899238057861296
1774165545623,2026-03-22 07:45:45.623,68881.0,0.02264,B,1559.46584,1090100572196575
1774165545817,2026-03-22 07:45:45.817,68880.0,0.00145,A,99.87599999999999,165642177181769
1774165546897,2026-03-22 07:45:46.897,68880.0,0.0087,A,599.256,72223552403241
1774165547564,2026-03-22 07:45:47.564,68879.0,0.01161,A,799.68519,3265803128382
1774165547704,2026-03-22 07:45:47.704,68880.0,2e-05,B,1.3776000000000002,637059534040159
1774165547704,2026-03-22 07:45:47.704,68880.0,0.00066,B,45.4608,552442384572179
1774165547704,2026-03-22 07:45:47.704,68880.0,0.01305,B,898.884,351125066690604
1774165548639,2026-03-22 07:45:48.639,68880.0,0.00014,B,9.643199999999998,721811408700355
1774165550139,2026-03-22 07:45:50.139,68876.0,0.00017,A,11.70892,557457705626950
1774165550139,2026-03-22 07:45:50.139,68876.0,0.00213,A,146.70588,368931594518276
1774165550237,2026-03-22 07:45:50.237,68880.0,0.00015,B,10.331999999999999,923063039326037
1774165550237,2026-03-22 07:45:50.237,68883.0,0.00017,B,11.71011,875519513631572
1774165550237,2026-03-22 07:45:50.237,68883.0,0.01261,B,868.61463,1111050600525087
1774165550438,2026-03-22 07:45:50.438,68882.0,0.00035,A,24.1087,31905846430802
1774165550969,2026-03-22 07:45:50.969,68884.0,0.00016,B,11.02144,946509759919221
1774165550969,2026-03-22 07:45:50.969,68884.0,0.00184,B,126.74656,599433223518310
1774165551087,2026-03-22 07:45:51.087,68884.0,0.00514,B,354.06375999999995,209707863974005
1774165552504,2026-03-22 07:45:52.504,68883.0,0.00013,A,8.95479,748173442881286
1774165552599,2026-03-22 07:45:52.599,68884.0,0.0129,B,888.6036,396757046332684
1774165553109,2026-03-22 07:45:53.109,68883.0,0.00202,A,139.14366,532433990524068
1774165553720,2026-03-22 07:45:53.720,68884.0,0.30933,B,21307.88772,815654554704120
1774165553805,2026-03-22 07:45:53.805,68883.0,0.02251,A,1550.55633,420198135556729
1774165554553,2026-03-22 07:45:54.553,68884.0,0.0115,B,792.1659999999999,267215473864886
1774165554553,2026-03-22 07:45:54.553,68883.0,0.00168,A,115.72344000000001,278973341026685
1774165554906,2026-03-22 07:45:54.906,68884.0,0.01343,B,925.1121199999999,436684919002492
1774165556019,2026-03-22 07:45:56.019,68884.0,0.00164,B,112.96976,831600120753191
1774165556298,2026-03-22 07:45:56.298,68883.0,0.02177,A,1499.58291,755047953924349
1774165557104,2026-03-22 07:45:57.104,68884.0,0.0039,B,268.6476,719564517808441
1774165557509,2026-03-22 07:45:57.509,68883.0,0.01089,A,750.1358700000001,1114955914795473
1774165557509,2026-03-22 07:45:57.509,68884.0,0.01159,B,798.36556,226470253891233
1774165558326,2026-03-22 07:45:58.326,68883.0,0.02499,A,1721.38617,217161836410731
1774165558894,2026-03-22 07:45:58.894,68884.0,0.00024,B,16.53216,252285983136169
1774165558894,2026-03-22 07:45:58.894,68884.0,0.00121,B,83.34964,204750703724748
1774165559122,2026-03-22 07:45:59.122,68884.0,0.04879,B,3360.85036,668971586962677
1774165559185,2026-03-22 07:45:59.185,68885.0,0.003,B,206.655,784230396451456
1774165559185,2026-03-22 07:45:59.185,68885.0,0.00017,B,11.710450000000002,913578138574988
1774165559185,2026-03-22 07:45:59.185,68885.0,0.03047,B,2098.92595,105931698388215
1774165559185,2026-03-22 07:45:59.185,68885.0,0.00015,B,10.332749999999999,1125853319158780
1774165559185,2026-03-22 07:45:59.185,68885.0,0.00016,B,11.021600000000001,577481198748544
1774165559185,2026-03-22 07:45:59.185,68885.0,0.0002,B,13.777000000000001,242569389509516
1774165560042,2026-03-22 07:46:00.042,68886.0,0.00043,B,29.62098,840390168713890
1774165560042,2026-03-22 07:46:00.042,68886.0,0.00031,B,21.35466,937806873874790
1774165560042,2026-03-22 07:46:00.042,68887.0,0.00017,B,11.710790000000001,631428770094570
1774165561047,2026-03-22 07:46:01.047,68887.0,0.00054,A,37.19898,720818619740869
1774165561047,2026-03-22 07:46:01.047,68887.0,0.00184,A,126.75208,1123991966390883
1774165561658,2026-03-22 07:46:01.658,68887.0,0.00022,A,15.155140000000001,291565252087285
1774165561658,2026-03-22 07:46:01.658,68887.0,0.00028,A,19.288359999999997,15997692540161
1774165562571,2026-03-22 07:46:02.571,68887.0,0.01844,A,1270.27628,658322209744587
1774165563031,2026-03-22 07:46:03.031,68887.0,0.00339,A,233.52693,547420683858993
1774165563457,2026-03-22 07:46:03.457,68888.0,0.00017,B,11.71096,394023594505881
1774165563457,2026-03-22 07:46:03.457,68888.0,0.05645,B,3888.7276,946427984324285
1774165563859,2026-03-22 07:46:03.859,68888.0,0.01451,B,999.56488,534750405799871
1774165564040,2026-03-22 07:46:04.040,68887.0,0.00142,A,97.81954,58585412447063
1774165564108,2026-03-22 07:46:04.108,68888.0,0.02442,B,1682.24496,833136977518601
1774165564691,2026-03-22 07:46:04.691,68888.0,0.00017,B,11.71096,1020257944163392
1774165564691,2026-03-22 07:46:04.691,68889.0,0.00017,B,11.71113,45747933897064
1774165564691,2026-03-22 07:46:04.691,68890.0,0.00017,B,11.711300000000001,339442142086530
1774165564801,2026-03-22 07:46:04.801,68890.0,0.03534,A,2434.5726000000004,266312850871638
1774165564801,2026-03-22 07:46:04.801,68891.0,0.00017,B,11.71147,809499788665294
1774165564801,2026-03-22 07:46:04.801,68892.0,0.00017,B,11.711640000000001,596473897382813
1774165564801,2026-03-22 07:46:04.801,68892.0,0.00015,B,10.333799999999998,25070882573558
1774165564801,2026-03-22 07:46:04.801,68893.0,0.00017,B,11.711810000000002,976378735727480
1774165564801,2026-03-22 07:46:04.801,68894.0,0.00017,B,11.71198,497254417626151
1774165564801,2026-03-22 07:46:04.801,68895.0,0.00017,B,11.712150000000001,529533606403826
1774165564801,2026-03-22 07:46:04.801,68895.0,0.00016,B,11.023200000000001,937601231592446
1774165564801,2026-03-22 07:46:04.801,68896.0,0.00017,B,11.71232,686323361689241
1774165564801,2026-03-22 07:46:04.801,68896.0,0.00167,B,115.05632,772877053362012
1774165564875,2026-03-22 07:46:04.875,68896.0,0.00133,B,91.63168,190947847121406
1774165564875,2026-03-22 07:46:04.875,68897.0,0.00017,B,11.71249,62156748553106
1774165564875,2026-03-22 07:46:04.875,68897.0,0.00015,B,10.334549999999998,387186878447229
1774165564875,2026-03-22 07:46:04.875,68898.0,0.00017,B,11.712660000000001,813981415640608
1774165564875,2026-03-22 07:46:04.875,68898.0,0.003,B,206.69400000000002,1110646569135
1774165564875,2026-03-22 07:46:04.875,68899.0,0.00016,B,11.023840000000002,151626661844882
1774165564875,2026-03-22 07:46:04.875,68899.0,0.00017,B,11.71283,166824616198929
1774165564875,2026-03-22 07:46:04.875,68899.0,0.1399,B,9638.9701,1072132609359598
1774165565225,2026-03-22 07:46:05.225,68900.0,0.00101,B,69.589,754487035488068
1774165565676,2026-03-22 07:46:05.676,68900.0,0.01451,B,999.739,814098078634458
1774165565676,2026-03-22 07:46:05.676,68900.0,0.055,B,3789.5,1113092978201738
1774165566013,2026-03-22 07:46:06.013,68900.0,0.00051,B,35.139,786748576570410
1774165566013,2026-03-22 07:46:06.013,68900.0,0.00011,B,7.579000000000001,762146715754560
1774165566214,2026-03-22 07:46:06.214,68899.0,9e-05,A,6.20091,265082753292886
1774165566392,2026-03-22 07:46:06.392,68899.0,7e-05,A,4.8229299999999995,983882548246665
1774165566676,2026-03-22 07:46:06.676,68899.0,0.01,A,688.99,616458603799449
1774165566815,2026-03-22 07:46:06.815,68900.0,0.00016,B,11.024000000000001,230827602121525
1774165566991,2026-03-22 07:46:06.991,68899.0,0.1268,A,8736.3932,1107065328050080
1774165566991,2026-03-22 07:46:06.991,68899.0,0.26,A,17913.74,131717934016555
1774165566991,2026-03-22 07:46:06.991,68899.0,0.26,A,17913.74,812177274384624
1774165566991,2026-03-22 07:46:06.991,68899.0,0.14249,A,9817.41851,1077318627312159
1774165566991,2026-03-22 07:46:06.991,68899.0,0.13721,A,9453.63179,114639342824767
1774165567480,2026-03-22 07:46:07.480,68900.0,0.1,B,6890.0,264247874724184
1774165567480,2026-03-22 07:46:07.480,68900.0,0.00036,B,24.804000000000002,852715673305602
1774165568027,2026-03-22 07:46:08.027,68900.0,0.00016,B,11.024000000000001,720223176927742
1774165568289,2026-03-22 07:46:08.289,68900.0,0.00122,B,84.05799999999999,277689877402574
1774165568401,2026-03-22 07:46:08.401,68900.0,0.01563,B,1076.9070000000002,1043788607052240
1774165568401,2026-03-22 07:46:08.401,68900.0,0.00017,B,11.713000000000001,447723348628023
1774165568401,2026-03-22 07:46:08.401,68900.0,0.00022,B,15.158000000000001,961809328111822
1774165568599,2026-03-22 07:46:08.599,68901.0,0.00017,B,11.713170000000002,483111426388252
1774165568599,2026-03-22 07:46:08.599,68901.0,0.003,B,206.703,815444348499127
1774165568750,2026-03-22 07:46:08.750,68902.0,0.00016,B,11.024320000000001,1110401888502675
1774165568750,2026-03-22 07:46:08.750,68902.0,0.00017,B,11.71334,64081694111087
1774165568750,2026-03-22 07:46:08.750,68903.0,0.00017,B,11.713510000000001,280900323217788
1774165568750,2026-03-22 07:46:08.750,68904.0,0.00015,B,10.3356,116649117984292
1774165568750,2026-03-22 07:46:08.750,68904.0,0.00017,B,11.71368,611165899906063
1774165568750,2026-03-22 07:46:08.750,68905.0,0.05718,B,3939.9879,947300631162338
1774165569229,2026-03-22 07:46:09.229,68905.0,0.0135,B,930.2175,399405469094052
1774165569662,2026-03-22 07:46:09.662,68904.0,0.00087,A,59.94648,541403381285732
1774165569802,2026-03-22 07:46:09.802,68905.0,0.00017,B,11.71385,372773063529313
1774165570633,2026-03-22 07:46:10.633,68905.0,0.17387,B,11980.512349999999,711827360012707
1774165571034,2026-03-22 07:46:11.034,68904.0,0.00036,A,24.80544,3282716945436
1774165571105,2026-03-22 07:46:11.105,68905.0,7e-05,B,4.82335,893106473044009
1774165572513,2026-03-22 07:46:12.513,68905.0,0.014,B,964.6700000000001,468508188954663
1774165573118,2026-03-22 07:46:13.118,68905.0,0.25062,B,17268.9711,897561118214063
1774165573200,2026-03-22 07:46:13.200,68905.0,0.25062,B,17268.9711,115191345369136
1774165573200,2026-03-22 07:46:13.200,68905.0,0.33333,B,22968.10365,133799614248788
1774165573289,2026-03-22 07:46:13.289,68905.0,0.1322,B,9109.241,165665591973494
1774165573289,2026-03-22 07:46:13.289,68905.0,0.00352,B,242.5456,303029229301898
1774165573289,2026-03-22 07:46:13.289,68905.0,0.00017,B,11.71385,433982143323020
1774165573289,2026-03-22 07:46:13.289,68906.0,0.00016,B,11.02496,3932039243052
1774165573289,2026-03-22 07:46:13.289,68906.0,0.00017,B,11.714020000000001,532916320708941
1774165573721,2026-03-22 07:46:13.721,68907.0,0.00017,B,11.71419,916506848281657
1774165573721,2026-03-22 07:46:13.721,68907.0,0.00017,B,11.71419,685728932362125
1774165573721,2026-03-22 07:46:13.721,68908.0,0.00017,B,11.714360000000001,918000952068670
1774165573879,2026-03-22 07:46:13.879,68909.0,0.00016,B,11.025440000000001,410046121771674
1774165573879,2026-03-22 07:46:13.879,68909.0,0.00017,B,11.714530000000002,276016427370323
1774165573879,2026-03-22 07:46:13.879,68910.0,0.00017,B,11.7147,468871550148282
1774165573879,2026-03-22 07:46:13.879,68910.0,0.00051,B,35.1441,469053049116866
1774165573879,2026-03-22 07:46:13.879,68910.0,0.00249,B,171.5859,156763238121953
1774165573879,2026-03-22 07:46:13.879,68911.0,0.00017,B,11.714870000000001,316856472957133
1774165573879,2026-03-22 07:46:13.879,68912.0,0.00017,B,11.71504,204787765286478
1774165573879,2026-03-22 07:46:13.879,68913.0,0.00016,B,11.02608,641484822221816
1774165573879,2026-03-22 07:46:13.879,68913.0,0.00017,B,11.71521,212060759864693
1774165573879,2026-03-22 07:46:13.879,68913.0,0.02902,B,1999.85526,759766762201495
1774165573879,2026-03-22 07:46:13.879,68914.0,0.00017,B,11.715380000000001,912172561838787
1774165573879,2026-03-22 07:46:13.879,68914.0,0.05171,B,3563.54294,354895605684096
1774165574012,2026-03-22 07:46:14.012,68913.0,0.00416,A,286.67807999999997,19075379166377
1774165574476,2026-03-22 07:46:14.476,68915.0,0.00017,B,11.71555,438888836259235
1774165574476,2026-03-22 07:46:14.476,68915.0,0.00017,B,11.71555,689466479095277
1774165574727,2026-03-22 07:46:14.727,68915.0,0.00283,B,195.02945,143330969001341
1774165574727,2026-03-22 07:46:14.727,68915.0,0.4368,B,30102.072,873364635325344
1774165574927,2026-03-22 07:46:14.927,68914.0,0.00015,A,10.3371,53543099448437
1774165575073,2026-03-22 07:46:15.073,68915.0,0.00056,B,38.5924,494114329729114
1774165576381,2026-03-22 07:46:16.381,68915.0,0.00017,B,11.71555,868249589261785
1774165576381,2026-03-22 07:46:16.381,68915.0,0.00128,B,88.2112,94651971790167
1774165577141,2026-03-22 07:46:17.141,68915.0,0.00017,B,11.71555,251439034791663
1774165577141,2026-03-22 07:46:17.141,68915.0,0.00145,B,99.92675,34316286660146
1774165577141,2026-03-22 07:46:17.141,68915.0,0.00145,B,99.92675,805413851919201
1774165577141,2026-03-22 07:46:17.141,68915.0,0.00145,B,99.92675,1116077574808953
1774165577141,2026-03-22 07:46:17.141,68917.0,0.00016,B,11.026720000000001,1089404884093049
1774165577141,2026-03-22 07:46:17.141,68917.0,0.00017,B,11.715890000000002,452163132682396
1774165577141,2026-03-22 07:46:17.141,68918.0,0.00017,B,11.71606,221153477474885
1774165577141,2026-03-22 07:46:17.141,68918.0,0.14485,B,9982.7723,190573342506124
1774165578111,2026-03-22 07:46:18.111,68919.0,0.003,B,206.757,749025250012830
1774165578111,2026-03-22 07:46:18.111,68920.0,0.00016,B,11.0272,681586276708181
1774165578111,2026-03-22 07:46:18.111,68920.0,0.00043,B,29.6356,305966216803844
1774165578111,2026-03-22 07:46:18.111,68920.0,0.00017,B,11.7164,1010221177133014
1774165578111,2026-03-22 07:46:18.111,68921.0,0.00017,B,11.71657,357152855268197
1774165578111,2026-03-22 07:46:18.111,68922.0,0.00017,B,11.716740000000001,202562587847890
1774165578111,2026-03-22 07:46:18.111,68923.0,0.00043,B,29.636889999999998,306168344339069
1774165578111,2026-03-22 07:46:18.111,68923.0,0.00017,B,11.71691,805047483662542
1774165578149,2026-03-22 07:46:18.149,68924.0,0.00016,B,11.027840000000001,939647063105872
1774165578149,2026-03-22 07:46:18.149,68924.0,0.00017,B,11.717080000000001,1095319672538445
1774165578149,2026-03-22 07:46:18.149,68925.0,0.00017,B,11.717250000000002,628569827324787
1774165578149,2026-03-22 07:46:18.149,68925.0,0.003,B,206.775,609909345386524
1774165578149,2026-03-22 07:46:18.149,68926.0,0.00017,B,11.71742,799000480763730
1774165578149,2026-03-22 07:46:18.149,68927.0,0.00017,B,11.717590000000001,12087804533732
1774165578149,2026-03-22 07:46:18.149,68928.0,0.00016,B,11.02848,1561194606995
1774165578149,2026-03-22 07:46:18.149,68928.0,0.01188,B,818.86464,70917282152175
1774165578149,2026-03-22 07:46:18.149,68928.0,0.00017,B,11.71776,230342203075033
1774165578149,2026-03-22 07:46:18.149,68928.0,0.02901,B,1999.60128,682797028501479
1774165578149,2026-03-22 07:46:18.149,68929.0,0.00017,B,11.71793,818689691090460
1774165578149,2026-03-22 07:46:18.149,68930.0,0.01277,B,880.2361,253348690663557
1774165578286,2026-03-22 07:46:18.286,68930.0,0.00452,B,311.5636,438319056347140
1774165579302,2026-03-22 07:46:19.302,68930.0,0.00017,B,11.718100000000002,361258118871194
1774165579302,2026-03-22 07:46:19.302,68930.0,0.00036,B,24.8148,811721725286277
1774165579302,2026-03-22 07:46:19.302,68930.0,0.00036,B,24.8148,210031445489285
1774165579302,2026-03-22 07:46:19.302,68931.0,0.00016,B,11.028960000000001,91757583857477
1774165579302,2026-03-22 07:46:19.302,68931.0,0.00017,B,11.71827,735282438711608
1774165579302,2026-03-22 07:46:19.302,68931.0,0.0002,B,13.786200000000001,981246500825048
1774165579504,2026-03-22 07:46:19.504,68932.0,0.00017,B,11.718440000000001,590489309045597
1774165579504,2026-03-22 07:46:19.504,68932.0,8e-05,B,5.51456,971141713188538
1774165579564,2026-03-22 07:46:19.564,68932.0,0.07,B,4825.240000000001,845137438562886
1774165580367,2026-03-22 07:46:20.367,68932.0,0.00017,B,11.718440000000001,915389904992884
1774165580367,2026-03-22 07:46:20.367,68933.0,0.00017,B,11.71861,827375660313173
1774165580367,2026-03-22 07:46:20.367,68934.0,0.00017,B,11.71878,485074443808930
1774165580367,2026-03-22 07:46:20.367,68935.0,0.00016,B,11.0296,163445144009030
1774165580367,2026-03-22 07:46:20.367,68935.0,0.00017,B,11.718950000000001,210244962573214
1774165580367,2026-03-22 07:46:20.367,68935.0,0.003,B,206.805,526639411226795
1774165580367,2026-03-22 07:46:20.367,68936.0,0.00017,B,11.71912,522082091662174
1774165580367,2026-03-22 07:46:20.367,68937.0,0.00017,B,11.71929,544068084164766
1774165580367,2026-03-22 07:46:20.367,68938.0,0.00017,B,11.719460000000002,612387374786229
1774165580367,2026-03-22 07:46:20.367,68939.0,0.00016,B,11.030240000000001,506920103092103
1774165580367,2026-03-22 07:46:20.367,68939.0,0.00017,B,11.71963,1044603956903922
1774165580671,2026-03-22 07:46:20.671,68940.0,0.00017,B,11.719800000000001,671826090683816
1774165580671,2026-03-22 07:46:20.671,68940.0,7e-05,B,4.825799999999999,596220945302077
1774165581226,2026-03-22 07:46:21.226,68940.0,0.00208,B,143.3952,572852224501664
1774165582123,2026-03-22 07:46:22.123,68939.0,0.00017,A,11.71963,248871155159493
1774165583141,2026-03-22 07:46:23.141,68940.0,0.00085,B,58.599,1093726912127435
1774165583141,2026-03-22 07:46:23.141,68940.0,0.00017,B,11.719800000000001,277370163592868
1774165583141,2026-03-22 07:46:23.141,68941.0,0.00017,B,11.71997,898140384493593
1774165583141,2026-03-22 07:46:23.141,68942.0,0.00016,B,11.03072,755606944795799
1774165583141,2026-03-22 07:46:23.141,68942.0,0.00017,B,11.72014,1082389090199867
1774165583141,2026-03-22 07:46:23.141,68943.0,0.00017,B,11.720310000000001,1052482675763152
1774165583141,2026-03-22 07:46:23.141,68944.0,0.00017,B,11.72048,384792102438585
1774165583141,2026-03-22 07:46:23.141,68944.0,0.05614,B,3870.51616,903552967262051
1774165583256,2026-03-22 07:46:23.256,68944.0,0.14513,B,10005.84272,893963886822259
1774165583786,2026-03-22 07:46:23.786,68944.0,8e-05,B,5.51552,949618625723290
1774165583786,2026-03-22 07:46:23.786,68943.0,0.00017,A,11.720310000000001,932736829663780
1774165584496,2026-03-22 07:46:24.496,68944.0,9e-05,B,6.204960000000001,379733741196571
1774165584496,2026-03-22 07:46:24.496,68944.0,9e-05,B,6.204960000000001,135522987917237
1774165584535,2026-03-22 07:46:24.535,68944.0,0.00042,B,28.956480000000003,989977963804530
1774165585107,2026-03-22 07:46:25.107,68944.0,0.00099,B,68.25456,576028905114912
1774165585195,2026-03-22 07:46:25.195,68943.0,0.00015,A,10.341449999999998,1065630470665831
1774165585395,2026-03-22 07:46:25.395,68944.0,0.00033,B,22.75152,458089141177423
1774165586121,2026-03-22 07:46:26.121,68944.0,0.00164,B,113.06815999999999,587508989966367
1774165586823,2026-03-22 07:46:26.823,68944.0,0.05734,B,3953.2489600000004,265685311546894
1774165586823,2026-03-22 07:46:26.823,68944.0,0.00869,B,599.1233599999999,177151564807070
1774165586955,2026-03-22 07:46:26.955,68944.0,0.07247,B,4996.37168,880327782867366
1774165586955,2026-03-22 07:46:26.955,68944.0,0.00448,B,308.86911999999995,614600492428023
1774165587407,2026-03-22 07:46:27.407,68944.0,0.00017,B,11.72048,490911583743710
1774165587407,2026-03-22 07:46:27.407,68944.0,0.00145,B,99.96879999999999,65090892719793
1774165587407,2026-03-22 07:46:27.407,68944.0,0.00145,B,99.96879999999999,610144332160993
1774165587407,2026-03-22 07:46:27.407,68946.0,0.00016,B,11.031360000000001,30196866814124
1774165587407,2026-03-22 07:46:27.407,68946.0,0.00017,B,11.720820000000002,716640225387253
1774165587407,2026-03-22 07:46:27.407,68947.0,0.00017,B,11.72099,406891452485945
1774165587407,2026-03-22 07:46:27.407,68948.0,0.00015,B,10.342199999999998,825851000872700
1774165587407,2026-03-22 07:46:27.407,68948.0,0.00017,B,11.721160000000001,388251941557282
1774165587407,2026-03-22 07:46:27.407,68949.0,0.06699,B,4618.89351,132423644022030
1774165587942,2026-03-22 07:46:27.942,68950.0,0.00016,B,11.032,289383527355026
1774165587942,2026-03-22 07:46:27.942,68950.0,0.00029,B,19.9955,975716447512464
1774165587942,2026-03-22 07:46:27.942,68950.0,0.14448,B,9961.896,1044685083956255
1774165587982,2026-03-22 07:46:27.982,68950.0,0.0016,B,110.32000000000001,874275026201048
1774165587982,2026-03-22 07:46:27.982,68950.0,0.058,B,3999.1000000000004,1056628303346540
1774165588155,2026-03-22 07:46:28.155,68950.0,0.00021,B,14.4795,1021287618659662
1774165589216,2026-03-22 07:46:29.216,68950.0,0.00019,B,13.1005,509802714140657
1774165589412,2026-03-22 07:46:29.412,68950.0,0.00042,B,28.959,590588387891008
1774165589412,2026-03-22 07:46:29.412,68950.0,0.01527,B,1052.8665,39719086692608
1774165589412,2026-03-22 07:46:29.412,68950.0,0.00017,B,11.7215,569799066708362
1774165589412,2026-03-22 07:46:29.412,68950.0,0.003,B,206.85,93822159184100
1774165589412,2026-03-22 07:46:29.412,68950.0,0.00145,B,99.97749999999999,156630087444952
1774165589412,2026-03-22 07:46:29.412,68951.0,0.00017,B,11.721670000000001,927714525301522
1774165589412,2026-03-22 07:46:29.412,68952.0,0.00017,B,11.72184,872420290945641
1774165589412,2026-03-22 07:46:29.412,68953.0,0.00464,B,319.94192,1012973827959446
1774165589711,2026-03-22 07:46:29.711,68953.0,0.00032,B,22.064960000000003,456410275990538
1774165589711,2026-03-22 07:46:29.711,68953.0,0.00013,B,8.96389,50080680941094
1774165589821,2026-03-22 07:46:29.821,68953.0,4e-05,B,2.7581200000000003,366657201187637
1774165589821,2026-03-22 07:46:29.821,68954.0,0.00017,B,11.722180000000002,128963489852472
1774165589821,2026-03-22 07:46:29.821,68955.0,0.00015,B,10.34325,544011142856531
1774165589821,2026-03-22 07:46:29.821,68955.0,0.00017,B,11.72235,1099437015288639
1774165589821,2026-03-22 07:46:29.821,68956.0,0.003,B,206.868,741138350594140
1774165589821,2026-03-22 07:46:29.821,68956.0,0.00017,B,11.722520000000001,995156206098230
1774165589821,2026-03-22 07:46:29.821,68956.0,0.0021,B,144.80759999999998,987244618690499
1774165591027,2026-03-22 07:46:31.027,68955.0,0.00238,A,164.11290000000002,79330624613656
1774165591151,2026-03-22 07:46:31.151,68956.0,0.014,B,965.384,52319446987151
1774165591229,2026-03-22 07:46:31.229,68955.0,0.00755,A,520.6102500000001,643624282909177
1774165591353,2026-03-22 07:46:31.353,68956.0,0.00718,B,495.10408,573475789724250
1774165592154,2026-03-22 07:46:32.154,68956.0,0.00015,B,10.343399999999999,26349576938216
1774165592237,2026-03-22 07:46:32.237,68956.0,2e-05,B,1.3791200000000001,411590016385645
1774165592237,2026-03-22 07:46:32.237,68956.0,0.02267,B,1563.23252,907387578913742
1774165592237,2026-03-22 07:46:32.237,68956.0,0.01811,B,1248.7931600000002,488262287782197
1774165592361,2026-03-22 07:46:32.361,68956.0,0.00223,B,153.77188,398148586544786
1774165592971,2026-03-22 07:46:32.971,68957.0,0.00016,B,11.03312,175476582520871
1774165592971,2026-03-22 07:46:32.971,68958.0,0.00017,B,11.72286,214704814865780
1774165592971,2026-03-22 07:46:32.971,68958.0,0.00017,B,11.72286,956008550958976
1774165592971,2026-03-22 07:46:32.971,68958.0,0.00016,B,11.033280000000001,297856923413590
1774165592971,2026-03-22 07:46:32.971,68959.0,0.00017,B,11.723030000000001,137927311044457
1774165592971,2026-03-22 07:46:32.971,68959.0,0.01987,B,1370.21533,832942702887803
1774165593041,2026-03-22 07:46:33.041,68956.0,0.0034,A,234.45039999999997,630582809807497
1774165593119,2026-03-22 07:46:33.119,68958.0,7e-05,A,4.8270599999999995,596942302070985
1774165593119,2026-03-22 07:46:33.119,68960.0,0.00035,B,24.136,7816663513735
1774165593119,2026-03-22 07:46:33.119,68960.0,0.00017,B,11.7232,210333076199718
1774165593119,2026-03-22 07:46:33.119,68960.0,0.003,B,206.88,24752943865481
1774165593119,2026-03-22 07:46:33.119,68961.0,0.00016,B,11.033760000000001,614621366881834
1774165593119,2026-03-22 07:46:33.119,68961.0,0.00017,B,11.723370000000001,695103576047830
1774165593119,2026-03-22 07:46:33.119,68962.0,0.00017,B,11.723540000000002,446891027038949
1774165593119,2026-03-22 07:46:33.119,68963.0,0.01188,B,819.28044,929951406554432
1774165593119,2026-03-22 07:46:33.119,68963.0,0.0116,B,799.9707999999999,608307315385795
1774165593119,2026-03-22 07:46:33.119,68963.0,0.00017,B,11.72371,245962095446573
1774165593119,2026-03-22 07:46:33.119,68964.0,0.00016,B,11.03424,893980878586277
1774165593119,2026-03-22 07:46:33.119,68964.0,0.00435,B,299.99339999999995,749465475125322
1774165593119,2026-03-22 07:46:33.119,68964.0,0.00016,B,11.03424,508102755704422
1774165593119,2026-03-22 07:46:33.119,68964.0,0.00017,B,11.723880000000001,467702035264769
1774165593119,2026-03-22 07:46:33.119,68965.0,0.00017,B,11.72405,892096488892195
1774165593119,2026-03-22 07:46:33.119,68965.0,0.01182,B,815.1663000000001,454076943797976
1774165593119,2026-03-22 07:46:33.119,68965.0,0.003,B,206.895,67464189177789
1774165593119,2026-03-22 07:46:33.119,68965.0,0.00348,B,239.9982,57363139082756
1774165593741,2026-03-22 07:46:33.741,68965.0,0.04095,B,2824.11675,1065419251601642
1774165593741,2026-03-22 07:46:33.741,68965.0,0.00145,B,99.99924999999999,1001692141860343
1774165593741,2026-03-22 07:46:33.741,68966.0,0.00017,B,11.72422,432983889345523
1774165593741,2026-03-22 07:46:33.741,68966.0,0.003,B,206.898,331428110507653
1774165593741,2026-03-22 07:46:33.741,68966.0,0.00022,B,15.17252,466206563017564
1774165593741,2026-03-22 07:46:33.741,68967.0,0.00017,B,11.724390000000001,1121623739688978
1774165593741,2026-03-22 07:46:33.741,68967.0,0.02462,B,1697.9675399999999,1090711370780019
1774165593741,2026-03-22 07:46:33.741,68967.0,0.01753,B,1208.99151,1028787555004496
1774165594046,2026-03-22 07:46:34.046,68966.0,0.00142,A,97.93172,1094500847005863
1774165594539,2026-03-22 07:46:34.539,68967.0,0.00015,B,10.345049999999999,316566598230669
1774165595431,2026-03-22 07:46:35.431,68966.0,0.0088,A,606.9008,57623832406783
1774165595455,2026-03-22 07:46:35.455,68966.0,0.0088,A,606.9008,181302930642860
1774165596702,2026-03-22 07:46:36.702,68967.0,0.00017,B,11.724390000000001,978264613165348
1774165596702,2026-03-22 07:46:36.702,68967.0,0.00145,B,100.00214999999999,207461533892019
1774165596702,2026-03-22 07:46:36.702,68968.0,0.00016,B,11.034880000000001,638733865090468
1774165596702,2026-03-22 07:46:36.702,68968.0,0.00017,B,11.72456,269098389885648
1774165596702,2026-03-22 07:46:36.702,68969.0,0.00017,B,11.724730000000001,575201617686759
1774165596702,2026-03-22 07:46:36.702,68970.0,0.00017,B,11.724900000000002,693396713726842
1774165596702,2026-03-22 07:46:36.702,68971.0,0.00017,B,11.72507,482100462162976
1774165596702,2026-03-22 07:46:36.702,68972.0,0.00016,B,11.035520000000002,218934137767090
1774165596702,2026-03-22 07:46:36.702,68972.0,0.00017,B,11.725240000000001,568938352631164
1774165596702,2026-03-22 07:46:36.702,68972.0,0.003,B,206.916,103766452840029
1774165596702,2026-03-22 07:46:36.702,68973.0,0.003,B,206.919,319446155837153
1774165596702,2026-03-22 07:46:36.702,68973.0,0.00017,B,11.72541,343346301528168
1774165596702,2026-03-22 07:46:36.702,68974.0,0.00017,B,11.72558,689509771766873
1774165596702,2026-03-22 07:46:36.702,68975.0,0.00016,B,11.036000000000001,343398045185594
1774165596702,2026-03-22 07:46:36.702,68975.0,0.00015,B,10.34625,787270264477295
1774165596702,2026-03-22 07:46:36.702,68975.0,0.00017,B,11.725750000000001,560292431821579
1774165596702,2026-03-22 07:46:36.702,68975.0,0.02197,B,1515.38075,325937437965737
1774165596702,2026-03-22 07:46:36.702,68976.0,0.00017,B,11.72592,218423541054092
1774165596702,2026-03-22 07:46:36.702,68977.0,0.00017,B,11.726090000000001,1111093967019236
1774165596702,2026-03-22 07:46:36.702,68977.0,0.003,B,206.931,53206559485747
1774165596702,2026-03-22 07:46:36.702,68978.0,0.00017,B,11.726260000000002,753305210184026
1774165596702,2026-03-22 07:46:36.702,68979.0,0.00016,B,11.03664,603576902125612
1774165596702,2026-03-22 07:46:36.702,68979.0,0.00017,B,11.72643,833380396384219
1774165596702,2026-03-22 07:46:36.702,68980.0,0.00017,B,11.726600000000001,270526674617847
1774165596702,2026-03-22 07:46:36.702,68980.0,0.00511,B,352.4878,65977430434100
1774165596840,2026-03-22 07:46:36.840,68980.0,0.05437,B,3750.4426000000003,708321107535249
1774165596840,2026-03-22 07:46:36.840,68981.0,0.00017,B,11.72677,704368794828950
1774165596840,2026-03-22 07:46:36.840,68981.0,0.0179,B,1234.7599,1080424525047301
1774165596840,2026-03-22 07:46:36.840,68981.0,0.08701,B,6002.0368100000005,936187352172041
1774165596840,2026-03-22 07:46:36.840,68981.0,0.058,B,4000.898,1028171554334317
1774165597986,2026-03-22 07:46:37.986,68980.0,0.00021,B,14.485800000000001,829909433471685
1774165597986,2026-03-22 07:46:37.986,68978.0,0.00015,A,10.346699999999998,678572576533445
1774165597986,2026-03-22 07:46:37.986,68974.0,0.003,A,206.922,776885851098251
1774165597986,2026-03-22 07:46:37.986,68972.0,0.0415,A,2862.338,675660928421800
1774165599016,2026-03-22 07:46:39.016,68973.0,0.00025,B,17.24325,935969422296131
1774165599448,2026-03-22 07:46:39.448,68973.0,0.00043,B,29.65839,148641801639071
1774165600053,2026-03-22 07:46:40.053,68973.0,0.00017,B,11.72541,1053865996607377
1774165600657,2026-03-22 07:46:40.657,68973.0,5e-05,B,3.44865,407553371450487
1774165601052,2026-03-22 07:46:41.052,68972.0,0.0003,A,20.691599999999998,167822829854959
1774165601052,2026-03-22 07:46:41.052,68973.0,0.057,B,3931.4610000000002,1036224018484103
1774165601052,2026-03-22 07:46:41.052,68973.0,0.00228,B,157.25844,894311496063582
1774165601475,2026-03-22 07:46:41.475,68973.0,0.00015,B,10.345949999999998,808129388673757
1774165602096,2026-03-22 07:46:42.096,68972.0,0.01449,A,999.40428,976556517272357
1774165602200,2026-03-22 07:46:42.200,68978.0,0.00017,B,11.726260000000002,990552294365824
1774165602625,2026-03-22 07:46:42.625,68978.0,0.00283,B,195.20774,291381829461148
1774165602625,2026-03-22 07:46:42.625,68979.0,0.00016,B,11.03664,108605620526219
1774165602625,2026-03-22 07:46:42.625,68979.0,0.00015,B,10.34685,169045536572207
1774165602625,2026-03-22 07:46:42.625,68979.0,0.0693,B,4780.2447,720233548042901
1774165602816,2026-03-22 07:46:42.816,68978.0,0.0229,A,1579.5962,901162146357974
1774165603176,2026-03-22 07:46:43.176,68979.0,0.00316,B,217.97364000000002,128256099403736
1774165603176,2026-03-22 07:46:43.176,68978.0,0.00211,A,145.54358,725801546536888
1774165604021,2026-03-22 07:46:44.021,68978.0,0.00415,A,286.2587,1057184371496519
1774165604105,2026-03-22 07:46:44.105,68979.0,0.00017,B,11.72643,329922639558644
1774165604105,2026-03-22 07:46:44.105,68979.0,4e-05,B,2.75916,1113505134886376
1774165604306,2026-03-22 07:46:44.306,68978.0,3e-05,A,2.06934,319079572993106
1774165604855,2026-03-22 07:46:44.855,68979.0,0.00141,B,97.26039,1030538616404868
1774165604911,2026-03-22 07:46:44.911,68981.0,0.00017,B,11.72677,851530809380323
1774165604911,2026-03-22 07:46:44.911,68982.0,0.00015,B,10.347299999999999,467928231338574
1774165604911,2026-03-22 07:46:44.911,68982.0,0.00017,B,11.72694,770441416314836
1774165604911,2026-03-22 07:46:44.911,68983.0,0.00015,B,10.347449999999998,831786067549311
1774165604911,2026-03-22 07:46:44.911,68983.0,0.00016,B,11.03728,527772105184763
1774165604911,2026-03-22 07:46:44.911,68983.0,0.00017,B,11.727110000000001,603073148486380
1774165604911,2026-03-22 07:46:44.911,68984.0,0.00017,B,11.72728,158334844922776
1774165604911,2026-03-22 07:46:44.911,68985.0,0.00017,B,11.727450000000001,15408107568595
1774165604911,2026-03-22 07:46:44.911,68986.0,0.00016,B,11.03776,799395348934608
1774165604911,2026-03-22 07:46:44.911,68986.0,0.00015,B,10.3479,51265920797903
1774165604973,2026-03-22 07:46:44.973,68986.0,2e-05,B,1.37972,229264163826393
1774165604973,2026-03-22 07:46:44.973,68986.0,0.00098,B,67.60628,605303707968955
1774165605068,2026-03-22 07:46:45.068,68986.0,0.00057,B,39.32202,741221683717171
1774165605188,2026-03-22 07:46:45.188,68986.0,0.00145,B,100.02969999999999,243875397534109
1774165605188,2026-03-22 07:46:45.188,68986.0,0.00724,B,499.45864,461878592576343
1774165605188,2026-03-22 07:46:45.188,68986.0,0.01449,B,999.60714,1117516275607286
1774165605188,2026-03-22 07:46:45.188,68987.0,0.00017,B,11.72779,813426818725401
1774165605188,2026-03-22 07:46:45.188,68987.0,0.066,B,4553.142,94564985110574
1774165605188,2026-03-22 07:46:45.188,68987.0,0.06465,B,4460.00955,1092545046586016
1774165605188,2026-03-22 07:46:45.188,68987.0,0.00783,B,540.16821,550711892140248
1774165605188,2026-03-22 07:46:45.188,68988.0,0.00724,B,499.47312,269039047601455
1774165605188,2026-03-22 07:46:45.188,68988.0,0.00017,B,11.727960000000001,858412792538878
1774165605188,2026-03-22 07:46:45.188,68988.0,0.003,B,206.964,851026075130240
1774165605188,2026-03-22 07:46:45.188,68988.0,0.13576,B,9365.810879999999,651040331961471
1774165605188,2026-03-22 07:46:45.188,68988.0,0.00115,B,79.3362,233582870066166
1774165605258,2026-03-22 07:46:45.258,68986.0,0.06049,B,4172.96314,9821713540560
1774165605313,2026-03-22 07:46:45.313,68986.0,0.06049,B,4172.96314,361709005611318
1774165605313,2026-03-22 07:46:45.313,68986.0,0.154,B,10623.844,753115117425284
1774165605824,2026-03-22 07:46:45.824,68983.0,0.0002,B,13.796600000000002,220807513949893
1774165606227,2026-03-22 07:46:46.227,68980.0,0.00016,A,11.036800000000001,110483356343357
1774165606227,2026-03-22 07:46:46.227,68980.0,0.00129,A,88.98419999999999,207086456241563
1774165606765,2026-03-22 07:46:46.765,68980.0,0.00022,A,15.175600000000001,1105478630718710
1774165607222,2026-03-22 07:46:47.222,68981.0,0.00015,B,10.34715,1038055233108305
1774165609258,2026-03-22 07:46:49.258,68981.0,0.00015,B,10.34715,1081896503921210
1774165609334,2026-03-22 07:46:49.334,68981.0,0.00361,B,249.02141,147489112895523
1774165610793,2026-03-22 07:46:50.793,68980.0,0.05,A,3449.0,521255411066816
1774165610793,2026-03-22 07:46:50.793,68980.0,0.00208,A,143.4784,733976268981998
1774165611147,2026-03-22 07:46:51.147,68981.0,0.057,B,3931.917,947081069526866
1774165611147,2026-03-22 07:46:51.147,68981.0,0.07244,B,4996.98364,359577620657456
1774165612313,2026-03-22 07:46:52.313,68981.0,0.00018,B,12.416580000000002,260021318927520
1774165612385,2026-03-22 07:46:52.385,68980.0,0.00022,A,15.175600000000001,235449267764155
1774165612385,2026-03-22 07:46:52.385,68980.0,0.00205,A,141.40900000000002,531151791809330
1774165613358,2026-03-22 07:46:53.358,68981.0,0.00021,B,14.48601,607713353915805
1774165613788,2026-03-22 07:46:53.788,68981.0,0.029,B,2000.449,982867787368497
1774165613788,2026-03-22 07:46:53.788,68981.0,0.00022,B,15.17582,1024800580913745
1774165616059,2026-03-22 07:46:56.059,68981.0,0.00164,B,113.12884,232993478005240
1774165617021,2026-03-22 07:46:57.021,68981.0,0.08698,B,5999.96738,1119482823918788
1774165617021,2026-03-22 07:46:57.021,68981.0,0.07243,B,4996.29383,744993880875771
1774165617465,2026-03-22 07:46:57.465,68981.0,1e-05,B,0.68981,307902232281575
1774165617785,2026-03-22 07:46:57.785,68981.0,0.0029,B,200.04489999999998,126114347263883
1774165618711,2026-03-22 07:46:58.711,68981.0,0.00034,B,23.45354,660144544793753
1774165619301,2026-03-22 07:46:59.301,68980.0,0.00435,A,300.063,699903960254676
1774165619534,2026-03-22 07:46:59.534,68981.0,0.00228,B,157.27668,540902471079021
1774165619673,2026-03-22 07:46:59.673,68981.0,0.0003,B,20.6943,607954970571347
1774165619673,2026-03-22 07:46:59.673,68981.0,0.00021,B,14.48601,54155404997456
1774165619673,2026-03-22 07:46:59.673,68981.0,0.00685,B,472.51985,99198986762712
1774165620344,2026-03-22 07:47:00.344,68981.0,0.00033,B,22.76373,356887914311770
1774165621006,2026-03-22 07:47:01.006,68980.0,0.00237,A,163.48260000000002,902086615730531
1774165621864,2026-03-22 07:47:01.864,68981.0,0.00112,B,77.25872,685189024006401
1774165621864,2026-03-22 07:47:01.864,68981.0,0.00088,B,60.70328,529557170798971
1774165622559,2026-03-22 07:47:02.559,68981.0,0.00057,B,39.31917,133276475602362
1774165622559,2026-03-22 07:47:02.559,68981.0,0.00043,B,29.66183,114312074709623
1774165623019,2026-03-22 07:47:03.019,68980.0,0.00339,A,233.8422,152175522155970
1774165624088,2026-03-22 07:47:04.088,68980.0,0.00141,A,97.2618,697945568009290
1774165624291,2026-03-22 07:47:04.291,68981.0,0.00102,B,70.36062000000001,756827280838895
1774165624291,2026-03-22 07:47:04.291,68981.0,0.5,B,34490.5,714041230955253
1774165624291,2026-03-22 07:47:04.291,68981.0,0.5,B,34490.5,661687478165010
1774165624291,2026-03-22 07:47:04.291,68986.0,0.00017,B,11.727620000000002,1066801815809249
1774165624291,2026-03-22 07:47:04.291,68986.0,0.00016,B,11.03776,946683610559037
1774165624291,2026-03-22 07:47:04.291,68987.0,0.00017,B,11.72779,329489509239709
1774165624291,2026-03-22 07:47:04.291,68988.0,0.00017,B,11.727960000000001,725022612391045
1774165624291,2026-03-22 07:47:04.291,68988.0,0.003,B,206.964,71307456358300
1774165624291,2026-03-22 07:47:04.291,68989.0,0.00017,B,11.72813,249798692154269
1774165624291,2026-03-22 07:47:04.291,68990.0,0.00017,B,11.7283,120231524094855
1774165624291,2026-03-22 07:47:04.291,68990.0,0.00016,B,11.038400000000001,931617531539282
1774165624291,2026-03-22 07:47:04.291,68990.0,0.05665,B,3908.2835,951351929700409
1774165624291,2026-03-22 07:47:04.291,68991.0,0.003,B,206.973,774975597507963
1774165624291,2026-03-22 07:47:04.291,68991.0,0.00017,B,11.728470000000002,728961519434484
1774165624291,2026-03-22 07:47:04.291,68991.0,1.0873,B,75013.91429999999,428079964769935
1774165624291,2026-03-22 07:47:04.291,68992.0,0.00017,B,11.72864,316189983723518
1774165624291,2026-03-22 07:47:04.291,68992.0,0.21745,B,15002.3104,301698472431198
1774165624291,2026-03-22 07:47:04.291,68992.0,0.55342,B,38181.55264,323842297346111
1774165624291,2026-03-22 07:47:04.291,68993.0,0.00072,B,49.674960000000006,1073084989822340
1774165624291,2026-03-22 07:47:04.291,68993.0,0.07256,B,5006.13208,25294301039834
1774165624291,2026-03-22 07:47:04.291,68993.0,0.00017,B,11.728810000000001,436405095641838
1774165624291,2026-03-22 07:47:04.291,68993.0,0.003,B,206.979,535790841764357
1774165624291,2026-03-22 07:47:04.291,68993.0,0.40438,B,27899.38934,445449864265473
1774165624291,2026-03-22 07:47:04.291,68994.0,0.00016,B,11.039040000000002,850936361287421
1774165624291,2026-03-22 07:47:04.291,68994.0,0.00017,B,11.72898,339502322106797
1774165624291,2026-03-22 07:47:04.291,68994.0,0.00177,B,122.11938,877153680564210
1774165624291,2026-03-22 07:47:04.291,68994.0,0.02898,B,1999.4461199999998,857937287668623
1774165624291,2026-03-22 07:47:04.291,68994.0,0.50427,B,34791.60438,643409850732156
1774165627694,2026-03-22 07:47:07.694,68993.0,0.01419,A,979.01067,672396900528486
1774165628111,2026-03-22 07:47:08.111,68994.0,0.00016,B,11.039040000000002,1069795614391345
1774165628111,2026-03-22 07:47:08.111,68993.0,0.003,A,206.979,145447380864572
1774165628517,2026-03-22 07:47:08.517,68993.0,0.00028,A,19.31804,4296974952301
1774165629144,2026-03-22 07:47:09.144,68993.0,0.03253,A,2244.34229,483818694409089
1774165629144,2026-03-22 07:47:09.144,68993.0,0.00015,A,10.348949999999999,342371378493156
1774165629144,2026-03-22 07:47:09.144,68992.0,0.00015,A,10.348799999999999,419725658656870
1774165629144,2026-03-22 07:47:09.144,68992.0,0.00023,A,15.86816,1028678551289760
1774165629144,2026-03-22 07:47:09.144,68988.0,0.003,A,206.964,70568753403124
1774165630574,2026-03-22 07:47:10.574,68984.0,0.02004,A,1382.4393599999999,365634437638763
1774165630574,2026-03-22 07:47:10.574,68984.0,0.00015,A,10.3476,634208241877979
1774165630781,2026-03-22 07:47:10.781,68983.0,0.003,A,206.949,421982405677715
1774165630781,2026-03-22 07:47:10.781,68981.0,0.00017,A,11.72677,307290172265239
1774165630934,2026-03-22 07:47:10.934,68980.0,0.00016,A,11.036800000000001,657828808982997
1774165630934,2026-03-22 07:47:10.934,68980.0,0.00017,A,11.726600000000001,914309820618613
1774165630934,2026-03-22 07:47:10.934,68979.0,0.00017,A,11.72643,34902750674202
1774165630934,2026-03-22 07:47:10.934,68978.0,0.00017,A,11.726260000000002,812454404759661
1774165630934,2026-03-22 07:47:10.934,68977.0,0.00017,A,11.726090000000001,136108802900050
1774165631067,2026-03-22 07:47:11.067,68976.0,0.00016,A,11.03616,927300574849222
1774165631067,2026-03-22 07:47:11.067,68976.0,0.00027,A,18.62352,25775452081451
1774165631140,2026-03-22 07:47:11.140,68976.0,0.00273,A,188.30447999999998,1042303844636679
1774165631140,2026-03-22 07:47:11.140,68976.0,0.00017,A,11.72592,307430568957014
1774165631140,2026-03-22 07:47:11.140,68975.0,0.00015,A,10.34625,130386839516040
1774165631140,2026-03-22 07:47:11.140,68975.0,0.00017,A,11.725750000000001,573220496481396
1774165631140,2026-03-22 07:47:11.140,68974.0,0.0005,A,34.487,532482568516317
1774165631140,2026-03-22 07:47:11.140,68974.0,0.00017,A,11.72558,445250585188589
1774165631140,2026-03-22 07:47:11.140,68973.0,0.00016,A,11.035680000000001,667122636915385
1774165631140,2026-03-22 07:47:11.140,68973.0,0.00017,A,11.72541,432492389681045
1774165631474,2026-03-22 07:47:11.474,68972.0,0.00017,A,11.725240000000001,881130617584169
1774165631532,2026-03-22 07:47:11.532,68971.0,0.00043,A,29.657529999999998,866674913163882
1774165631532,2026-03-22 07:47:11.532,68971.0,0.00017,A,11.72507,1002278601674696
1774165631532,2026-03-22 07:47:11.532,68970.0,0.00015,A,10.3455,513482872903946
1774165631532,2026-03-22 07:47:11.532,68970.0,0.00017,A,11.724900000000002,364123285291915
1774165631532,2026-03-22 07:47:11.532,68969.0,0.00016,A,11.03504,575844679653248
1774165631532,2026-03-22 07:47:11.532,68969.0,0.00017,A,11.724730000000001,543523429585619
1774165631532,2026-03-22 07:47:11.532,68968.0,0.00017,A,11.72456,609215499832800
1774165631532,2026-03-22 07:47:11.532,68967.0,0.00015,A,10.345049999999999,231548404581067
1774165631532,2026-03-22 07:47:11.532,68967.0,0.00017,A,11.724390000000001,417225179123593
1774165631532,2026-03-22 07:47:11.532,68966.0,0.00017,A,11.72422,35375101856329
1774165631940,2026-03-22 07:47:11.940,68965.0,0.00017,A,11.72405,227755057032681
1774165631940,2026-03-22 07:47:11.940,68964.0,0.00022,A,15.172080000000001,106687996443768
1774165631940,2026-03-22 07:47:11.940,68964.0,0.00017,A,11.723880000000001,1105175813215070
1774165632779,2026-03-22 07:47:12.779,68963.0,0.00017,A,11.72371,281456561900901
1774165632779,2026-03-22 07:47:12.779,68963.0,0.00137,A,94.47931,664643844763546
1774165633009,2026-03-22 07:47:13.009,68963.0,0.00099,A,68.27337,10581104465660
1774165633009,2026-03-22 07:47:13.009,68963.0,0.00116,A,79.99708,915986719337850
1774165633081,2026-03-22 07:47:13.081,68963.0,0.01449,A,999.27387,943774967027363
1774165633279,2026-03-22 07:47:13.279,68963.0,0.00228,A,157.23564,678949909682655
1774165633956,2026-03-22 07:47:13.956,68963.0,0.00017,A,11.72371,477014036998420
1774165633956,2026-03-22 07:47:13.956,68962.0,0.00017,A,11.723540000000002,482735351623754
1774165633956,2026-03-22 07:47:13.956,68962.0,0.00015,A,10.344299999999999,637322540120061
1774165633956,2026-03-22 07:47:13.956,68961.0,0.00017,A,11.723370000000001,1077783095678670
1774165633956,2026-03-22 07:47:13.956,68961.0,0.00021,A,14.481810000000001,494132198584055
1774165633956,2026-03-22 07:47:13.956,68961.0,0.00015,A,10.344149999999999,543634885031454
1774165633956,2026-03-22 07:47:13.956,68960.0,0.00017,A,11.7232,169653962682888
1774165633956,2026-03-22 07:47:13.956,68959.0,0.02419,A,1668.11821,907892511519970
1774165634016,2026-03-22 07:47:14.016,68959.0,0.00416,A,286.86944,225197282858946
1774165634287,2026-03-22 07:47:14.287,68959.0,0.003,A,206.877,1091293796934606
1774165634755,2026-03-22 07:47:14.755,68959.0,0.0002,A,13.7918,701130171187067
1774165634891,2026-03-22 07:47:14.891,68960.0,0.0176,B,1213.6960000000001,793980197211603
1774165635049,2026-03-22 07:47:15.049,68960.0,0.00056,B,38.617599999999996,882046892064798
1774165635049,2026-03-22 07:47:15.049,68960.0,0.00101,B,69.6496,399408438039289
1774165638973,2026-03-22 07:47:18.973,68960.0,0.0176,B,1213.6960000000001,1067089949469849
1774165640312,2026-03-22 07:47:20.312,68960.0,0.03,B,2068.7999999999997,432948168849367
1774165641912,2026-03-22 07:47:21.912,68960.0,0.00087,B,59.9952,885814015777772
1774165642514,2026-03-22 07:47:22.514,68960.0,0.0003,B,20.688,27383711878579
1774165644141,2026-03-22 07:47:24.141,68960.0,0.02883,B,1988.1168,645212931801682
1774165644760,2026-03-22 07:47:24.760,68960.0,0.00101,B,69.6496,183562691042982
1774165646026,2026-03-22 07:47:26.026,68960.0,0.00164,B,113.0944,1029427886182584
1774165646824,2026-03-22 07:47:26.824,68960.0,0.01,B,689.6,474829445948644
1774165647966,2026-03-22 07:47:27.966,68959.0,0.00017,A,11.723030000000001,1013818040018335
1774165647966,2026-03-22 07:47:27.966,68959.0,0.00417,A,287.55903,735833813915048
1774165648089,2026-03-22 07:47:28.089,68959.0,0.00252,A,173.77668,291938566230066
1774165648089,2026-03-22 07:47:28.089,68959.0,0.00892,A,615.11428,410011787212306
1774165648301,2026-03-22 07:47:28.301,68958.0,0.00016,A,11.033280000000001,1096176307012787
1774165648301,2026-03-22 07:47:28.301,68958.0,0.00017,A,11.72286,257541076237328
1774165648301,2026-03-22 07:47:28.301,68957.0,0.00017,A,11.72269,639751574185669
1774165648301,2026-03-22 07:47:28.301,68956.0,0.00017,A,11.722520000000001,1097228641040863
1774165648301,2026-03-22 07:47:28.301,68956.0,0.00033,A,22.75548,362360445135104
1774165648301,2026-03-22 07:47:28.301,68955.0,0.00017,A,11.72235,891193088152181
1774165648301,2026-03-22 07:47:28.301,68955.0,0.00015,A,10.34325,266992417755501
1774165648301,2026-03-22 07:47:28.301,68954.0,0.00016,A,11.03264,770638098029776
1774165648301,2026-03-22 07:47:28.301,68954.0,0.00017,A,11.722180000000002,838743700181969
