time,datetime_utc,px,sz,side,notional,tid
1774158443174,2026-03-22 05:47:23.174,69185.0,0.01879,A,1299.9861500000002,980084101111661
1774158443374,2026-03-22 05:47:23.374,69186.0,0.07226,B,4999.38036,328775143150
1774158443775,2026-03-22 05:47:23.775,69186.0,0.005,B,345.93,329856302889791
1774158444380,2026-03-22 05:47:24.380,69186.0,0.00144,B,99.62784,401788165494033
1774158445545,2026-03-22 05:47:25.545,69186.0,0.00017,B,11.76162,915307378121253
1774158445545,2026-03-22 05:47:25.545,69187.0,0.00017,B,11.761790000000001,1000530309531542
1774158445545,2026-03-22 05:47:25.545,69188.0,0.00016,B,11.07008,559308968800920
1774158445545,2026-03-22 05:47:25.545,69188.0,0.00043,B,29.75084,739840280450787
1774158445545,2026-03-22 05:47:25.545,69188.0,0.00017,B,11.76196,468460499958928
1774158445545,2026-03-22 05:47:25.545,69188.0,0.00945,B,653.8266,961226105779173
1774158446351,2026-03-22 05:47:26.351,69188.0,0.01778,B,1230.16264,393750933749790
1774158446677,2026-03-22 05:47:26.677,69188.0,0.00016,B,11.07008,1015909885656300
1774158447487,2026-03-22 05:47:27.487,69189.0,0.00017,B,11.76213,1081548532559879
1774158447487,2026-03-22 05:47:27.487,69189.0,0.00128,B,88.56192,553968669125075
1774158448460,2026-03-22 05:47:28.460,69190.0,0.0002,B,13.838000000000001,1082071471637777
1774158449100,2026-03-22 05:47:29.100,69191.0,0.00016,B,11.07056,576729218261825
1774158451701,2026-03-22 05:47:31.701,69191.0,1e-05,B,0.69191,498521597193431
1774158451701,2026-03-22 05:47:31.701,69191.0,0.003,B,207.573,897293387229609
1774158451701,2026-03-22 05:47:31.701,69191.0,0.00199,B,137.69009,410804276835002
1774158452435,2026-03-22 05:47:32.435,69193.0,0.00017,B,11.76281,884399059652748
1774158452435,2026-03-22 05:47:32.435,69194.0,0.00017,B,11.76298,49907064723540
1774158452435,2026-03-22 05:47:32.435,69195.0,0.00017,B,11.763150000000001,150954325722068
1774158452435,2026-03-22 05:47:32.435,69196.0,0.00017,B,11.76332,638705597764322
1774158452435,2026-03-22 05:47:32.435,69196.0,0.00264,B,182.67744,820858646155542
1774158452640,2026-03-22 05:47:32.640,69196.0,0.00036,B,24.91056,560969041605924
1774158452942,2026-03-22 05:47:32.942,69197.0,0.00017,B,11.763490000000001,1112376582455435
1774158452942,2026-03-22 05:47:32.942,69197.0,0.00467,B,323.14999,232478807830281
1774158453435,2026-03-22 05:47:33.435,69198.0,0.00028,B,19.375439999999998,220829918513357
1774158453435,2026-03-22 05:47:33.435,69198.0,0.04335,B,2999.7333,814879918393546
1774158453435,2026-03-22 05:47:33.435,69199.0,0.00016,B,11.071840000000002,30508997827569
1774158453435,2026-03-22 05:47:33.435,69199.0,0.00017,B,11.76383,1009058053240118
1774158453435,2026-03-22 05:47:33.435,69199.0,0.00043,B,29.75557,522129247091216
1774158453435,2026-03-22 05:47:33.435,69200.0,0.00016,B,11.072000000000001,744310939488771
1774158453435,2026-03-22 05:47:33.435,69200.0,0.00035,B,24.22,976616947888566
1774158453435,2026-03-22 05:47:33.435,69200.0,0.00017,B,11.764000000000001,895009021377945
1774158453435,2026-03-22 05:47:33.435,69201.0,0.00017,B,11.76417,119114696619537
1774158453435,2026-03-22 05:47:33.435,69201.0,0.002,B,138.40200000000002,827313195774920
1774158453435,2026-03-22 05:47:33.435,69201.0,0.00291,B,201.37491,589917329765084
1774158454043,2026-03-22 05:47:34.043,69200.0,0.00142,A,98.264,282498230154593
1774158454111,2026-03-22 05:47:34.111,69200.0,0.00332,A,229.744,571083062542328
1774158454352,2026-03-22 05:47:34.352,69201.0,9e-05,B,6.228090000000001,1073442492941196
1774158454352,2026-03-22 05:47:34.352,69201.0,0.00136,B,94.11336,726480627997173
1774158454554,2026-03-22 05:47:34.554,69201.0,0.00021,B,14.532210000000001,1103888790045405
1774158454662,2026-03-22 05:47:34.662,69201.0,0.00022,B,15.22422,756159248738127
1774158455760,2026-03-22 05:47:35.760,69201.0,0.00017,B,11.76417,987574391589384
1774158455760,2026-03-22 05:47:35.760,69201.0,0.00483,B,334.24083,373012919356685
1774158457370,2026-03-22 05:47:37.370,69201.0,0.00016,B,11.07216,256258899816698
1774158458067,2026-03-22 05:47:38.067,69201.0,0.00016,B,11.07216,961818565187995
1774158458067,2026-03-22 05:47:38.067,69201.0,0.00016,B,11.07216,411728040556050
1774158459671,2026-03-22 05:47:39.671,69201.0,0.005,B,346.005,727191136074282
1774158460073,2026-03-22 05:47:40.073,69201.0,0.00455,B,314.86455,721165142384577
1774158461289,2026-03-22 05:47:41.289,69202.0,0.0002,B,13.8404,167903427764127
1774158461289,2026-03-22 05:47:41.289,69202.0,0.00017,B,11.76434,585235534467087
1774158461289,2026-03-22 05:47:41.289,69202.0,0.00108,B,74.73816000000001,443979638795863
1774158461877,2026-03-22 05:47:41.877,69202.0,0.00087,B,60.20574,588568255338736
1774158461979,2026-03-22 05:47:41.979,69201.0,0.0006,A,41.520599999999995,321282730348485
1774158463754,2026-03-22 05:47:43.754,69202.0,0.005,B,346.01,519261993692558
1774158464395,2026-03-22 05:47:44.395,69202.0,0.0207,B,1432.4814,949639809242360
1774158465097,2026-03-22 05:47:45.097,69202.0,0.00017,B,11.76434,34292387168786
1774158465097,2026-03-22 05:47:45.097,69203.0,0.00017,B,11.764510000000001,458876024042370
1774158465097,2026-03-22 05:47:45.097,69204.0,0.00023,B,15.916920000000001,423762441020324
1774158466603,2026-03-22 05:47:46.603,69205.0,0.00017,B,11.764850000000001,435395647420553
1774158466603,2026-03-22 05:47:46.603,69205.0,0.01165,B,806.23825,405037490231411
1774158466603,2026-03-22 05:47:46.603,69206.0,0.00017,B,11.765020000000002,1038547761539280
1774158466603,2026-03-22 05:47:46.603,69206.0,0.00022,B,15.22532,50314491439120
1774158466603,2026-03-22 05:47:46.603,69206.0,0.00015,B,10.380899999999999,408621134195235
1774158466603,2026-03-22 05:47:46.603,69207.0,0.00017,B,11.76519,849370438669741
1774158466603,2026-03-22 05:47:46.603,69207.0,0.00482,B,333.57773999999995,1068428094813688
1774158466603,2026-03-22 05:47:46.603,69208.0,0.06935,B,4799.574799999999,79143735465500
1774158467626,2026-03-22 05:47:47.626,69208.0,0.005,B,346.04,1078732577407122
1774158467834,2026-03-22 05:47:47.834,69208.0,0.00026,B,17.994079999999997,1053150031715570
1774158467834,2026-03-22 05:47:47.834,69208.0,0.00076,B,52.59808,447401648124860
1774158468437,2026-03-22 05:47:48.437,69208.0,0.00017,B,11.765360000000001,951835498021476
1774158468437,2026-03-22 05:47:48.437,69208.0,0.00748,B,517.67584,617620726420000
1774158468835,2026-03-22 05:47:48.835,69208.0,0.00027,B,18.68616,372651406339919
1774158469619,2026-03-22 05:47:49.619,69208.0,0.04985,B,3450.0188,49687337471501
1774158470251,2026-03-22 05:47:50.251,69208.0,0.02172,B,1503.19776,1097960169337680
1774158470251,2026-03-22 05:47:50.251,69208.0,0.00017,B,11.765360000000001,868783442746170
1774158470251,2026-03-22 05:47:50.251,69209.0,0.00017,B,11.76553,765991308973580
1774158470251,2026-03-22 05:47:50.251,69210.0,0.00016,B,11.0736,734340633031087
1774158470251,2026-03-22 05:47:50.251,69210.0,0.00028,B,19.3788,510378996490639
1774158470251,2026-03-22 05:47:50.251,69210.0,0.00017,B,11.7657,396521642250013
1774158470251,2026-03-22 05:47:50.251,69211.0,0.00017,B,11.765870000000001,599391063567966
1774158470251,2026-03-22 05:47:50.251,69211.0,0.003,B,207.633,452329590206385
1774158470251,2026-03-22 05:47:50.251,69211.0,0.03116,B,2156.61476,1085946201326537
1774158470653,2026-03-22 05:47:50.653,69211.0,0.02196,B,1519.87356,205065914610730
1774158470967,2026-03-22 05:47:50.967,69211.0,0.00017,B,11.765870000000001,1032390307830964
1774158471460,2026-03-22 05:47:51.460,69211.0,0.00017,B,11.765870000000001,612741511223893
1774158471662,2026-03-22 05:47:51.662,69211.0,0.005,B,346.055,334864929390366
1774158473072,2026-03-22 05:47:53.072,69211.0,0.00022,B,15.226420000000001,693663947599901
1774158475635,2026-03-22 05:47:55.635,69211.0,0.005,B,346.055,975494375219733
1774158476896,2026-03-22 05:47:56.896,69211.0,0.00072,B,49.831920000000004,481325266018835
1774158477010,2026-03-22 05:47:57.010,69210.0,0.00017,A,11.7657,152901177184141
1774158479010,2026-03-22 05:47:59.010,69211.0,0.00016,B,11.07376,709207728768188
1774158479427,2026-03-22 05:47:59.427,69211.0,0.005,B,346.055,423087739381451
1774158480890,2026-03-22 05:48:00.890,69211.0,0.00277,B,191.71447,239834025821830
1774158482267,2026-03-22 05:48:02.267,69210.0,0.00289,A,200.01690000000002,41417524061514
1774158482267,2026-03-22 05:48:02.267,69209.0,0.00015,A,10.38135,718633481320027
1774158482466,2026-03-22 05:48:02.466,69203.0,0.00016,A,11.07248,378925440730694
1774158482466,2026-03-22 05:48:02.466,69203.0,0.00015,A,10.38045,621526597146365
1774158482466,2026-03-22 05:48:02.466,69202.0,0.003,A,207.606,227008460875046
1774158482466,2026-03-22 05:48:02.466,69202.0,0.00017,A,11.76434,156061793269448
1774158482678,2026-03-22 05:48:02.678,69200.0,0.00016,A,11.072000000000001,515541893167228
1774158482678,2026-03-22 05:48:02.678,69200.0,0.003,A,207.6,239312852411871
1774158482678,2026-03-22 05:48:02.678,69200.0,0.00017,A,11.764000000000001,3453031626620
1774158482678,2026-03-22 05:48:02.678,69199.0,0.00017,A,11.76383,340684965704368
1774158483278,2026-03-22 05:48:03.278,69199.0,0.005,B,345.995,886098448449172
1774158483278,2026-03-22 05:48:03.278,69199.0,0.00411,B,284.40789,134917426364642
1774158483539,2026-03-22 05:48:03.539,69199.0,0.00852,B,589.57548,879135291252143
1774158483740,2026-03-22 05:48:03.740,69198.0,0.00017,A,11.763660000000002,1090600162325601
1774158483740,2026-03-22 05:48:03.740,69197.0,0.00017,A,11.763490000000001,328955728954291
1774158483740,2026-03-22 05:48:03.740,69196.0,0.00016,A,11.07136,1071967982499157
1774158483740,2026-03-22 05:48:03.740,69196.0,0.00017,A,11.76332,1119639495102991
1774158483740,2026-03-22 05:48:03.740,69196.0,0.00015,A,10.379399999999999,698636282227091
1774158484054,2026-03-22 05:48:04.054,69195.0,0.00017,A,11.763150000000001,502497054732279
1774158484054,2026-03-22 05:48:04.054,69195.0,0.00124,A,85.8018,254949954628540
1774158484054,2026-03-22 05:48:04.054,69195.0,0.00176,A,121.78320000000001,507552554696740
1774158484054,2026-03-22 05:48:04.054,69194.0,0.00017,A,11.76298,668863156847958
1774158484054,2026-03-22 05:48:04.054,69193.0,0.00017,A,11.76281,946795267759830
1774158484054,2026-03-22 05:48:04.054,69192.0,0.00016,A,11.070720000000001,48300139333111
1774158484054,2026-03-22 05:48:04.054,69192.0,0.00033,A,22.83336,1084434351609053
1774158484054,2026-03-22 05:48:04.054,69192.0,0.00017,A,11.762640000000001,695454081749203
1774158484054,2026-03-22 05:48:04.054,69192.0,0.0064,A,442.8288,543620713256218
1774158484054,2026-03-22 05:48:04.054,69191.0,0.00017,A,11.76247,5365835698793
1774158484054,2026-03-22 05:48:04.054,69191.0,0.04965,A,3435.33315,261028854321370
1774158484947,2026-03-22 05:48:04.947,69190.0,0.00277,A,191.6563,332762468949491
1774158486255,2026-03-22 05:48:06.255,69190.0,0.04057,A,2807.0383,497988870926755
1774158486255,2026-03-22 05:48:06.255,69190.0,0.00017,A,11.762300000000002,706776311657578
1774158486255,2026-03-22 05:48:06.255,69189.0,0.00016,A,11.07024,537663521060784
1774158486255,2026-03-22 05:48:06.255,69189.0,0.00017,A,11.76213,311961486645298
1774158486255,2026-03-22 05:48:06.255,69189.0,0.00015,A,10.37835,756125624799757
1774158486757,2026-03-22 05:48:06.757,69188.0,0.00017,A,11.76196,346849302396379
1774158486757,2026-03-22 05:48:06.757,69188.0,0.003,A,207.564,567724973736376
1774158486757,2026-03-22 05:48:06.757,69187.0,0.00017,A,11.761790000000001,882607841553652
1774158487259,2026-03-22 05:48:07.259,69187.0,0.005,B,345.935,964398935678015
1774158487359,2026-03-22 05:48:07.359,69186.0,0.00017,A,11.76162,943201528376687
1774158487911,2026-03-22 05:48:07.911,69185.0,0.00017,A,11.76145,114233752049907
1774158487911,2026-03-22 05:48:07.911,69184.0,0.00017,A,11.761280000000001,832761508734623
1774158487911,2026-03-22 05:48:07.911,69183.0,0.00017,A,11.76111,53939280778619
1774158487911,2026-03-22 05:48:07.911,69182.0,0.00017,A,11.760940000000002,678558245819961
1774158487911,2026-03-22 05:48:07.911,69182.0,0.00221,A,152.89222,465332728023144
1774158488058,2026-03-22 05:48:08.058,69186.0,0.00016,B,11.06976,50628189713739
1774158488058,2026-03-22 05:48:08.058,69186.0,0.00016,B,11.06976,1055025587148131
1774158488058,2026-03-22 05:48:08.058,69183.0,0.00029,B,20.06307,73507327967317
1774158489269,2026-03-22 05:48:09.269,69182.0,0.02669,A,1846.46758,929040897896319
1774158489269,2026-03-22 05:48:09.269,69182.0,0.00017,A,11.760940000000002,776107534318652
1774158489269,2026-03-22 05:48:09.269,69182.0,0.0096,A,664.1472,151498763949048
1774158489269,2026-03-22 05:48:09.269,69182.0,0.03597,A,2488.47654,452527459227240
1774158490068,2026-03-22 05:48:10.068,69183.0,0.00454,B,314.09082,1117567046863220
1774158491274,2026-03-22 05:48:11.274,69183.0,0.005,B,345.915,53146587980384
1774158492484,2026-03-22 05:48:12.484,69182.0,0.0453,A,3133.9446,570341102249788
1774158495007,2026-03-22 05:48:15.007,69183.0,0.00056,B,38.74247999999999,1000207885548458
1774158495400,2026-03-22 05:48:15.400,69183.0,0.005,B,345.915,544894291005854
1774158496414,2026-03-22 05:48:16.414,69183.0,0.00016,B,11.069280000000001,507046544959204
1774158499202,2026-03-22 05:48:19.202,69183.0,0.005,B,345.915,277022904747577
1774158499335,2026-03-22 05:48:19.335,69183.0,0.00022,B,15.22026,909929652501707
1774158499335,2026-03-22 05:48:19.335,69183.0,0.00022,B,15.22026,973598675094059
1774158500021,2026-03-22 05:48:20.021,69182.0,0.00083,A,57.42106,1109549526040167
1774158501030,2026-03-22 05:48:21.030,69183.0,0.00503,B,347.99048999999997,655939081130142
1774158502647,2026-03-22 05:48:22.647,69183.0,0.00247,B,170.88201,578660729138088
1774158503029,2026-03-22 05:48:23.029,69183.0,0.005,B,345.915,21472361669587
1774158506987,2026-03-22 05:48:26.987,69183.0,0.005,B,345.915,422402880394604
1774158507090,2026-03-22 05:48:27.090,69182.0,0.00017,A,11.760940000000002,638749337639552
1774158509062,2026-03-22 05:48:29.062,69183.0,0.00016,B,11.069280000000001,131869627886817
1774158509206,2026-03-22 05:48:29.206,69182.0,0.00057,A,39.43374,829405303354992
1774158511012,2026-03-22 05:48:31.012,69183.0,0.005,B,345.915,190177009908014
1774158514030,2026-03-22 05:48:34.030,69182.0,0.00142,A,98.23844,897837011377575
1774158514679,2026-03-22 05:48:34.679,69183.0,0.00411,B,284.34213,733584121933960
1774158514875,2026-03-22 05:48:34.875,69183.0,0.005,B,345.915,908972839313851
1774158515650,2026-03-22 05:48:35.650,69183.0,0.01879,B,1299.94857,12231861616166
1774158518023,2026-03-22 05:48:38.023,69183.0,0.00016,B,11.069280000000001,217989642767333
1774158518023,2026-03-22 05:48:38.023,69183.0,0.00016,B,11.069280000000001,505608574782334
1774158518734,2026-03-22 05:48:38.734,69183.0,0.005,B,345.915,852029758207638
1774158519904,2026-03-22 05:48:39.904,69182.0,0.00145,A,100.31389999999999,901412662918306
1774158519904,2026-03-22 05:48:39.904,69182.0,0.00217,A,150.12494,496931710190405
1774158519966,2026-03-22 05:48:39.966,69181.0,0.00017,A,11.76077,311301254733295
1774158519966,2026-03-22 05:48:39.966,69181.0,0.00015,A,10.377149999999999,645295523122647
1774158520049,2026-03-22 05:48:40.049,69182.0,0.00455,B,314.7781,145159724258449
1774158520149,2026-03-22 05:48:40.149,69180.0,0.00017,A,11.7606,180724101061330
1774158520149,2026-03-22 05:48:40.149,69179.0,0.00017,A,11.760430000000001,701986470948586
1774158520528,2026-03-22 05:48:40.528,69178.0,0.00017,A,11.76026,768307843194772
1774158520528,2026-03-22 05:48:40.528,69178.0,0.003,A,207.534,478437132948771
1774158521544,2026-03-22 05:48:41.544,69178.0,0.00446,B,308.53388,255559582625485
1774158521544,2026-03-22 05:48:41.544,69178.0,0.03928,B,2717.3118400000003,571135594692619
1774158521932,2026-03-22 05:48:41.932,69177.0,0.00017,A,11.760090000000002,227995076723249
1774158521932,2026-03-22 05:48:41.932,69176.0,0.00017,A,11.759920000000001,805463625403413
1774158522782,2026-03-22 05:48:42.782,69176.0,0.00128,B,88.54528,402621823330396
1774158522782,2026-03-22 05:48:42.782,69176.0,0.00372,B,257.33472,149117705037945
1774158523386,2026-03-22 05:48:43.386,69175.0,0.00017,A,11.75975,892076587467496
1774158523992,2026-03-22 05:48:43.992,69174.0,0.00017,A,11.759580000000001,1004209947522149
1774158524595,2026-03-22 05:48:44.595,69174.0,0.00411,B,284.30514,1038710476760333
1774158524796,2026-03-22 05:48:44.796,69174.0,0.1244,B,8605.2456,568749300310437
1774158524796,2026-03-22 05:48:44.796,69174.0,0.41779,B,28900.20546,1069277920553577
1774158524796,2026-03-22 05:48:44.796,69174.0,0.04497,B,3110.75478,937204667922575
1774158524796,2026-03-22 05:48:44.796,69174.0,0.12,B,8300.88,192628527322022
1774158524796,2026-03-22 05:48:44.796,69174.0,0.07558,B,5228.17092,11406188755287
1774158524796,2026-03-22 05:48:44.796,69174.0,0.21726,B,15028.74324,136436743260191
1774158525111,2026-03-22 05:48:45.111,69174.0,0.00057,B,39.429179999999995,1115649820029836
1774158526806,2026-03-22 05:48:46.806,69174.0,0.005,B,345.87,160950678612201
1774158528924,2026-03-22 05:48:48.924,69173.0,0.00017,A,11.75941,599547340525459
1774158530731,2026-03-22 05:48:50.731,69173.0,0.00128,B,88.54144000000001,521705780245488
1774158530731,2026-03-22 05:48:50.731,69173.0,0.00372,B,257.32356000000004,592684932892254
1774158532234,2026-03-22 05:48:52.234,69173.0,0.15524,B,10738.416519999999,54112700022519
1774158532234,2026-03-22 05:48:52.234,69173.0,0.00411,B,284.30102999999997,870816999292872
1774158534780,2026-03-22 05:48:54.780,69173.0,0.005,B,345.865,18788580097187
1774158536403,2026-03-22 05:48:56.403,69173.0,0.00016,B,11.067680000000001,712542922041979
1774158537019,2026-03-22 05:48:57.019,69172.0,0.00017,A,11.75924,188897222500041
1774158537357,2026-03-22 05:48:57.357,69171.0,0.00043,A,29.74353,554123648438161
1774158537357,2026-03-22 05:48:57.357,69171.0,0.00017,A,11.759070000000001,388181149647009
1774158538566,2026-03-22 05:48:58.566,69170.0,0.00017,A,11.7589,532690327947748
1774158538638,2026-03-22 05:48:58.638,69170.0,0.00128,B,88.53760000000001,340608371348431
1774158538638,2026-03-22 05:48:58.638,69170.0,0.00372,B,257.3124,705604150891895
1774158539042,2026-03-22 05:48:59.042,69170.0,0.00016,B,11.067200000000001,299299569426446
1774158540055,2026-03-22 05:49:00.055,69170.0,0.006,B,415.02,987254051829073
1774158540450,2026-03-22 05:49:00.450,69169.0,0.00017,A,11.758730000000002,230975625383376
1774158540450,2026-03-22 05:49:00.450,69168.0,0.00017,A,11.758560000000001,869963936850684
1774158540450,2026-03-22 05:49:00.450,69168.0,0.00015,A,10.3752,332626443010619
1774158540450,2026-03-22 05:49:00.450,69167.0,0.00016,A,11.06672,7362294173438
1774158540450,2026-03-22 05:49:00.450,69167.0,0.00017,A,11.75839,98910274794933
1774158540450,2026-03-22 05:49:00.450,69166.0,0.00017,A,11.758220000000001,139269484894515
1774158540450,2026-03-22 05:49:00.450,69165.0,0.00017,A,11.75805,958261403149734
1774158540450,2026-03-22 05:49:00.450,69164.0,0.00017,A,11.75788,179151392301410
1774158540450,2026-03-22 05:49:00.450,69163.0,0.00016,A,11.066080000000001,135972899181378
1774158540450,2026-03-22 05:49:00.450,69163.0,0.00017,A,11.757710000000001,907051882448381
1774158540450,2026-03-22 05:49:00.450,69162.0,0.00017,A,11.75754,793261670559029
1774158540450,2026-03-22 05:49:00.450,69162.0,0.003,A,207.48600000000002,488040138825106
1774158540450,2026-03-22 05:49:00.450,69161.0,0.00015,A,10.374149999999998,528091933876547
1774158540450,2026-03-22 05:49:00.450,69161.0,0.00017,A,11.757370000000002,87517975062724
1774158540450,2026-03-22 05:49:00.450,69161.0,0.00022,A,15.21542,1100746058205508
1774158540450,2026-03-22 05:49:00.450,69160.0,0.00017,A,11.757200000000001,702633986029939
1774158540450,2026-03-22 05:49:00.450,69160.0,0.003,A,207.48000000000002,291511253195256
1774158540450,2026-03-22 05:49:00.450,69159.0,0.00016,A,11.06544,365706157003478
1774158540450,2026-03-22 05:49:00.450,69159.0,0.00017,A,11.75703,264033281480037
1774158540450,2026-03-22 05:49:00.450,69159.0,0.04188,A,2896.37892,688500033177605
1774158540450,2026-03-22 05:49:00.450,69158.0,0.00016,A,11.065280000000001,151603812642637
1774158540450,2026-03-22 05:49:00.450,69158.0,0.00017,A,11.756860000000001,505587927406273
1774158540450,2026-03-22 05:49:00.450,69157.0,0.00017,A,11.75669,662335959584694
1774158540450,2026-03-22 05:49:00.450,69157.0,0.00043,A,29.73751,477819019131600
1774158540450,2026-03-22 05:49:00.450,69156.0,0.00016,A,11.064960000000001,163237715169912
1774158540450,2026-03-22 05:49:00.450,69156.0,0.00017,A,11.75652,150241719968413
1774158540450,2026-03-22 05:49:00.450,69156.0,0.00015,A,10.373399999999998,189987124024984
1774158540450,2026-03-22 05:49:00.450,69155.0,0.00017,A,11.756350000000001,880079701509497
1774158540450,2026-03-22 05:49:00.450,69154.0,0.00017,A,11.75618,1064629330206765
1774158540450,2026-03-22 05:49:00.450,69153.0,0.00017,A,11.756010000000002,634516582471628
1774158540450,2026-03-22 05:49:00.450,69152.0,0.00016,A,11.06432,466252993498782
1774158540450,2026-03-22 05:49:00.450,69152.0,0.00017,A,11.755840000000001,504331161708016
1774158540450,2026-03-22 05:49:00.450,69151.0,0.001,A,69.151,474894458196371
1774158540450,2026-03-22 05:49:00.450,69151.0,0.00017,A,11.75567,932089633008177
1774158540450,2026-03-22 05:49:00.450,69150.0,0.00017,A,11.755500000000001,291125331631277
1774158540450,2026-03-22 05:49:00.450,69149.0,0.21695,A,15001.87555,827546644173862
1774158542478,2026-03-22 05:49:02.478,69149.0,0.005,B,345.745,1121815717395351
1774158543104,2026-03-22 05:49:03.104,69148.0,0.008,A,553.184,565670483944111
1774158545048,2026-03-22 05:49:05.048,69148.0,0.00142,A,98.19016,870800797337180
1774158545916,2026-03-22 05:49:05.916,69149.0,0.001,B,69.149,852850510324787
1774158546329,2026-03-22 05:49:06.329,69149.0,0.005,B,345.745,172315281942840
1774158547332,2026-03-22 05:49:07.332,69149.0,0.00016,B,11.06384,312883954364982
1774158548081,2026-03-22 05:49:08.081,69149.0,0.00016,B,11.06384,344496865304267
1774158548081,2026-03-22 05:49:08.081,69149.0,0.00016,B,11.06384,485408175042484
1774158548744,2026-03-22 05:49:08.744,69149.0,0.0207,B,1431.3843,1073793113132474
1774158550003,2026-03-22 05:49:10.003,69149.0,0.00454,B,313.93646,966651792685546
1774158550170,2026-03-22 05:49:10.170,69149.0,0.005,B,345.745,452580705012110
1774158553243,2026-03-22 05:49:13.243,69149.0,0.05252,B,3631.7054799999996,937868440635201
1774158554055,2026-03-22 05:49:14.055,69149.0,0.005,B,345.745,275444193567044
1774158554738,2026-03-22 05:49:14.738,69149.0,0.00707,B,488.88343,965049220007607
1774158555047,2026-03-22 05:49:15.047,69149.0,0.00056,B,38.72344,822266236306373
1774158557966,2026-03-22 05:49:17.966,69149.0,0.00248,B,171.48952,989008606209641
1774158557966,2026-03-22 05:49:17.966,69149.0,0.00017,B,11.75533,88328888460632
1774158557966,2026-03-22 05:49:17.966,69149.0,0.00235,B,162.50015000000002,625286250091101
1774158561947,2026-03-22 05:49:21.947,69149.0,0.005,B,345.745,561134356008649
1774158564282,2026-03-22 05:49:24.282,69149.0,0.001,B,69.149,130213969253591
1774158565995,2026-03-22 05:49:25.995,69149.0,0.005,B,345.745,708638063086000
1774158567045,2026-03-22 05:49:27.045,69148.0,0.00017,A,11.75516,629395175005038
1774158569031,2026-03-22 05:49:29.031,69149.0,0.00016,B,11.06384,189974965070128
1774158569917,2026-03-22 05:49:29.917,69149.0,0.005,B,345.745,491459498582842
1774158573071,2026-03-22 05:49:33.071,69149.0,0.00511,B,353.35139,689364038672433
1774158573071,2026-03-22 05:49:33.071,69149.0,0.00017,B,11.75533,275336465531792
1774158573071,2026-03-22 05:49:33.071,69149.0,0.01279,B,884.41571,371200259003184
1774158573934,2026-03-22 05:49:33.934,69149.0,0.005,B,345.745,216833382067556
1774158574065,2026-03-22 05:49:34.065,69148.0,0.00142,A,98.19016,478572876974304
1774158575092,2026-03-22 05:49:35.092,69149.0,0.00016,B,11.06384,645729069897967
1774158577401,2026-03-22 05:49:37.401,69149.0,0.03579,B,2474.8427100000004,796446953795059
1774158577695,2026-03-22 05:49:37.695,69149.0,0.005,B,345.745,761479939674574
1774158578038,2026-03-22 05:49:38.038,69149.0,0.00016,B,11.06384,798268859584829
1774158578038,2026-03-22 05:49:38.038,69149.0,0.00016,B,11.06384,364724999717510
1774158578503,2026-03-22 05:49:38.503,69148.0,0.00052,A,35.956959999999995,220728824875409
1774158580031,2026-03-22 05:49:40.031,69149.0,0.00455,B,314.62795,652632779126034
1774158581578,2026-03-22 05:49:41.578,69149.0,0.005,B,345.745,1015501440105984
1774158581805,2026-03-22 05:49:41.805,69148.0,7e-05,A,4.8403599999999996,265283357185960
1774158582828,2026-03-22 05:49:42.828,69149.0,0.008,B,553.192,376155639584281
1774158585050,2026-03-22 05:49:45.050,69149.0,0.00057,B,39.41493,80091485702239
1774158585444,2026-03-22 05:49:45.444,69149.0,0.005,B,345.745,591887880017525
1774158588479,2026-03-22 05:49:48.479,69149.0,7e-05,B,4.84043,1070959685696285
1774158589154,2026-03-22 05:49:49.154,69149.0,0.00066,B,45.63834,419666853570174
1774158589154,2026-03-22 05:49:49.154,69149.0,0.00017,B,11.75533,263375431271366
1774158589154,2026-03-22 05:49:49.154,69149.0,0.03293,B,2277.07657,932818350016225
1774158589154,2026-03-22 05:49:49.154,69149.0,0.05107,B,3531.43943,557469041771472
1774158589154,2026-03-22 05:49:49.154,69150.0,0.00017,B,11.755500000000001,90597156773646
1774158589154,2026-03-22 05:49:49.154,69150.0,0.00576,B,398.30400000000003,71369147224818
1774158589154,2026-03-22 05:49:49.154,69150.0,0.05857,B,4050.1155,675964715958192
1774158589154,2026-03-22 05:49:49.154,69150.0,0.01386,B,958.4190000000001,319031030082900
1774158589350,2026-03-22 05:49:49.350,69151.0,0.00015,B,10.372649999999998,577966301522924
1774158589350,2026-03-22 05:49:49.350,69151.0,0.00017,B,11.75567,317846054979885
1774158589350,2026-03-22 05:49:49.350,69152.0,0.00017,B,11.755840000000001,738586257742567
1774158589350,2026-03-22 05:49:49.350,69152.0,0.00451,B,311.87552,781105703481875
1774158590067,2026-03-22 05:49:50.067,69153.0,0.00017,B,11.756010000000002,333949276528774
1774158590067,2026-03-22 05:49:50.067,69153.0,0.00015,B,10.37295,689494581936308
1774158590067,2026-03-22 05:49:50.067,69153.0,0.00353,B,244.11009,801353964108955
1774158590067,2026-03-22 05:49:50.067,69153.0,0.07181,B,4965.87693,904094526750101
1774158590067,2026-03-22 05:49:50.067,69153.0,0.00107,B,73.99371,921226458649959
1774158590266,2026-03-22 05:49:50.266,69153.0,0.00023,B,15.905190000000001,89964333264440
1774158591470,2026-03-22 05:49:51.470,69153.0,0.00017,B,11.756010000000002,769993415966815
1774158591470,2026-03-22 05:49:51.470,69154.0,8e-05,B,5.53232,950994492579466
1774158591577,2026-03-22 05:49:51.577,69154.0,9e-05,B,6.22386,630521118392057
1774158591577,2026-03-22 05:49:51.577,69154.0,6e-05,B,4.14924,847116328510128
1774158591788,2026-03-22 05:49:51.788,69154.0,0.00014,B,9.68156,658668688243387
1774158591788,2026-03-22 05:49:51.788,69155.0,0.00016,B,11.064800000000002,1090558599109262
1774158591788,2026-03-22 05:49:51.788,69155.0,0.00017,B,11.756350000000001,573640318232192
1774158591788,2026-03-22 05:49:51.788,69155.0,0.00015,B,10.373249999999999,749813539844188
1774158591788,2026-03-22 05:49:51.788,69156.0,0.00017,B,11.75652,951101259622953
1774158591976,2026-03-22 05:49:51.976,69157.0,0.00017,B,11.75669,66622655880829
1774158591976,2026-03-22 05:49:51.976,69157.0,0.00136,A,94.05352,414808248305454
1774158591976,2026-03-22 05:49:51.976,69157.0,0.0027,A,186.72390000000001,980479783996691
1774158592072,2026-03-22 05:49:52.072,69158.0,0.00016,B,11.065280000000001,688414232553891
1774158592072,2026-03-22 05:49:52.072,69158.0,7e-05,B,4.84106,720020791011827
1774158593181,2026-03-22 05:49:53.181,69158.0,0.0001,B,6.9158,454297925776503
1774158593181,2026-03-22 05:49:53.181,69158.0,0.00038,B,26.280040000000003,344033814974210
1774158593382,2026-03-22 05:49:53.382,69158.0,0.005,B,345.79,575076502516063
1774158593783,2026-03-22 05:49:53.783,69158.0,0.05871,B,4060.26618,154453071346879
1774158595424,2026-03-22 05:49:55.424,69158.0,0.00017,B,11.756860000000001,651599408738706
1774158595424,2026-03-22 05:49:55.424,69159.0,0.00015,B,10.37385,116298553532832
1774158595424,2026-03-22 05:49:55.424,69159.0,0.00017,B,11.75703,699335866583902
1774158595424,2026-03-22 05:49:55.424,69160.0,0.04337,B,2999.4692,158311033975531
1774158595424,2026-03-22 05:49:55.424,69160.0,0.00017,B,11.757200000000001,781375498979191
1774158595424,2026-03-22 05:49:55.424,69160.0,0.00015,B,10.373999999999999,831262730393924
1774158595424,2026-03-22 05:49:55.424,69161.0,0.00017,B,11.757370000000002,605493256607257
1774158595424,2026-03-22 05:49:55.424,69161.0,0.00015,B,10.374149999999998,568647558959433
1774158595424,2026-03-22 05:49:55.424,69162.0,0.00017,B,11.75754,1063981555540774
1774158595424,2026-03-22 05:49:55.424,69162.0,0.00061,B,42.18882,895213990546971
1774158595424,2026-03-22 05:49:55.424,69163.0,0.00017,B,11.757710000000001,872344122351623
1774158595424,2026-03-22 05:49:55.424,69163.0,0.003,B,207.489,200808360242009
1774158595424,2026-03-22 05:49:55.424,69164.0,0.00017,B,11.75788,747863836612227
1774158595424,2026-03-22 05:49:55.424,69165.0,0.00017,B,11.75805,333993323408533
1774158595424,2026-03-22 05:49:55.424,69165.0,0.00029,B,20.05785,886116547850924
1774158595424,2026-03-22 05:49:55.424,69166.0,0.00016,B,11.06656,311919724916446
1774158595424,2026-03-22 05:49:55.424,69166.0,0.00017,B,11.758220000000001,768531932797548
1774158595424,2026-03-22 05:49:55.424,69166.0,0.00029,B,20.05814,958906635277818
1774158595424,2026-03-22 05:49:55.424,69167.0,0.00017,B,11.75839,857941730611107
1774158595424,2026-03-22 05:49:55.424,69167.0,0.003,B,207.501,576448188442531
1774158595424,2026-03-22 05:49:55.424,69167.0,0.02403,B,1662.08301,339438377591728
1774158595424,2026-03-22 05:49:55.424,69168.0,0.00017,B,11.758560000000001,451182023548622
1774158595424,2026-03-22 05:49:55.424,69169.0,0.00016,B,11.06704,1050452767238217
1774158595424,2026-03-22 05:49:55.424,69169.0,0.00017,B,11.758730000000002,522985731178297
1774158595424,2026-03-22 05:49:55.424,69169.0,0.00661,B,457.20709000000005,811011047748531
1774158595424,2026-03-22 05:49:55.424,69169.0,0.008,B,553.352,352433023214359
1774158596924,2026-03-22 05:49:56.924,69169.0,0.00025,B,17.29225,143192955811333
1774158597020,2026-03-22 05:49:57.020,69168.0,0.00017,A,11.758560000000001,254806034541714
1774158597354,2026-03-22 05:49:57.354,69169.0,0.005,B,345.845,922394172684591
1774158598044,2026-03-22 05:49:58.044,69168.0,0.02058,A,1423.4774400000001,678687422788350
1774158598646,2026-03-22 05:49:58.646,69169.0,0.00015,B,10.37535,266626628005418
1774158599037,2026-03-22 05:49:59.037,69169.0,0.00016,B,11.06704,234025036693893
1774158601823,2026-03-22 05:50:01.823,69169.0,0.005,B,345.845,412342719194314
1774158602054,2026-03-22 05:50:02.054,69169.0,0.00015,B,10.37535,93843738060388
1774158604061,2026-03-22 05:50:04.061,69168.0,0.00142,A,98.21856,728216903268861
1774158605603,2026-03-22 05:50:05.603,69169.0,0.005,B,345.845,609944663165383
1774158608039,2026-03-22 05:50:08.039,69169.0,0.00016,B,11.06704,981171055363571
1774158608039,2026-03-22 05:50:08.039,69169.0,0.00015,B,10.37535,839596530819066
1774158609487,2026-03-22 05:50:09.487,69169.0,0.00044,B,30.43436,1022938364143868
1774158609687,2026-03-22 05:50:09.687,69169.0,0.005,B,345.845,152060777571634
1774158609888,2026-03-22 05:50:09.888,69169.0,0.00022,B,15.21718,441311316294970
1774158610092,2026-03-22 05:50:10.092,69169.0,0.00454,B,314.02725999999996,352693688138346
1774158612722,2026-03-22 05:50:12.722,69169.0,0.00016,B,11.06704,517052946767500
1774158613531,2026-03-22 05:50:13.531,69169.0,0.005,B,345.845,50763138547115
1774158614941,2026-03-22 05:50:14.941,69169.0,0.02262,B,1564.6027800000002,941617813977156
1774158615013,2026-03-22 05:50:15.013,69169.0,0.00057,B,39.42633,1110473419050750
1774158615013,2026-03-22 05:50:15.013,69168.0,0.00044,A,30.43392,240661757195963
1774158617310,2026-03-22 05:50:17.310,69169.0,0.005,B,345.845,820104763177959
1774158619463,2026-03-22 05:50:19.463,69169.0,0.00577,B,399.10513,91655646709501
1774158620337,2026-03-22 05:50:20.337,69169.0,0.00017,B,11.758730000000002,1118974829542789
1774158620572,2026-03-22 05:50:20.572,69170.0,0.00017,B,11.7589,346927273629296
1774158620572,2026-03-22 05:50:20.572,69171.0,0.00017,B,11.759070000000001,1114834536343317
1774158620672,2026-03-22 05:50:20.672,69172.0,0.00017,B,11.75924,239218804446816
1774158620728,2026-03-22 05:50:20.728,69173.0,0.00016,B,11.067680000000001,1064888918139110
1774158620728,2026-03-22 05:50:20.728,69173.0,0.00017,B,11.75941,470162317304964
1774158621076,2026-03-22 05:50:21.076,69174.0,0.00017,B,11.759580000000001,1110402677869194
1774158621076,2026-03-22 05:50:21.076,69174.0,0.00022,B,15.21828,297826125665446
1774158621076,2026-03-22 05:50:21.076,69174.0,0.003,B,207.522,1095968084087820
1774158621076,2026-03-22 05:50:21.076,69175.0,0.00017,B,11.75975,733054351422358
1774158621076,2026-03-22 05:50:21.076,69176.0,0.00015,B,10.376399999999999,169252849475157
1774158621076,2026-03-22 05:50:21.076,69176.0,0.00017,B,11.759920000000001,1091244476928057
1774158621076,2026-03-22 05:50:21.076,69177.0,0.00016,B,11.068320000000002,710147366970737
1774158621076,2026-03-22 05:50:21.076,69177.0,0.00017,B,11.760090000000002,1047999010988500
1774158621076,2026-03-22 05:50:21.076,69177.0,0.00241,B,166.71657,917126425275289
1774158621138,2026-03-22 05:50:21.138,69177.0,0.005,B,345.885,96370279014036
1774158621286,2026-03-22 05:50:21.286,69177.0,0.00029,B,20.06133,460029105098154
1774158621490,2026-03-22 05:50:21.490,69177.0,0.00045,B,31.129649999999998,714477858793461
1774158621888,2026-03-22 05:50:21.888,69177.0,0.00196,B,135.58692,902449180173222
1774158621888,2026-03-22 05:50:21.888,69177.0,0.00017,B,11.760090000000002,735785349837653
1774158621888,2026-03-22 05:50:21.888,69178.0,0.00017,B,11.76026,83787683954663
1774158621888,2026-03-22 05:50:21.888,69178.0,0.00559,B,386.70502000000005,689722820588264
1774158623103,2026-03-22 05:50:23.103,69175.0,0.00015,A,10.376249999999999,555044667348976
1774158623103,2026-03-22 05:50:23.103,69173.0,0.00015,A,10.37595,572107294689669
1774158623169,2026-03-22 05:50:23.169,69170.0,0.00016,A,11.067200000000001,57966886957588
1774158623598,2026-03-22 05:50:23.598,69168.0,0.00036,A,24.90048,349491606075293
1774158623598,2026-03-22 05:50:23.598,69168.0,0.00027,A,18.67536,463010723690132
1774158623598,2026-03-22 05:50:23.598,69168.0,0.003,A,207.504,892457863137957
1774158623598,2026-03-22 05:50:23.598,69168.0,0.00017,A,11.758560000000001,313739588903036
1774158623932,2026-03-22 05:50:23.932,69167.0,0.00017,A,11.75839,1039519190022953
1774158623932,2026-03-22 05:50:23.932,69166.0,0.00017,A,11.758220000000001,512577391127000
1774158623932,2026-03-22 05:50:23.932,69165.0,0.00017,A,11.75805,543749515115584
1774158623932,2026-03-22 05:50:23.932,69164.0,0.00017,A,11.75788,1075644636502306
1774158624534,2026-03-22 05:50:24.534,69163.0,0.003,A,207.489,335122874502550
1774158624534,2026-03-22 05:50:24.534,69163.0,0.00017,A,11.757710000000001,355251412861444
1774158624534,2026-03-22 05:50:24.534,69162.0,0.00133,A,91.98546,442742911071230
1774158624534,2026-03-22 05:50:24.534,69162.0,0.00017,A,11.75754,488959068044674
1774158624995,2026-03-22 05:50:24.995,69162.0,0.005,B,345.81,415654323359309
1774158625170,2026-03-22 05:50:25.170,69161.0,0.00036,A,24.89796,454237330933837
1774158625170,2026-03-22 05:50:25.170,69161.0,0.00017,A,11.757370000000002,182653554335254
1774158625411,2026-03-22 05:50:25.411,69160.0,0.00017,A,11.757200000000001,912962136844538
1774158625411,2026-03-22 05:50:25.411,69160.0,0.00015,A,10.373999999999999,473979114192272
1774158625411,2026-03-22 05:50:25.411,69159.0,0.00016,A,11.06544,353879398850178
1774158625411,2026-03-22 05:50:25.411,69159.0,0.00017,A,11.75703,273605132529327
1774158625411,2026-03-22 05:50:25.411,69158.0,0.00017,A,11.756860000000001,672235531671563
1774158625411,2026-03-22 05:50:25.411,69158.0,0.003,A,207.47400000000002,149963386309232
1774158625411,2026-03-22 05:50:25.411,69158.0,0.00015,A,10.3737,312972232013399
1774158625411,2026-03-22 05:50:25.411,69157.0,0.00017,A,11.75669,831091232220760
1774158625411,2026-03-22 05:50:25.411,69156.0,0.00016,A,11.064960000000001,354873719291154
1774158625411,2026-03-22 05:50:25.411,69156.0,0.00017,A,11.75652,178699957635040
1774158625411,2026-03-22 05:50:25.411,69155.0,0.00017,A,11.756350000000001,568623065441105
1774158625411,2026-03-22 05:50:25.411,69155.0,0.00278,A,192.2509,1074775388190135
1774158626769,2026-03-22 05:50:26.769,69156.0,0.01,B,691.5600000000001,633719740655287
1774158627020,2026-03-22 05:50:27.020,69155.0,0.00017,A,11.756350000000001,1048402014037268
1774158627578,2026-03-22 05:50:27.578,69155.0,0.05665,A,3917.63075,1057431119641008
1774158628907,2026-03-22 05:50:28.907,69155.0,0.005,B,345.77500000000003,838970715298109
1774158629132,2026-03-22 05:50:29.132,69155.0,0.00016,B,11.064800000000002,454092424663396
1774158632631,2026-03-22 05:50:32.631,69155.0,0.005,B,345.77500000000003,548847468805240
1774158633168,2026-03-22 05:50:33.168,69154.0,0.00017,A,11.75618,164551864669514
1774158633168,2026-03-22 05:50:33.168,69154.0,0.00279,A,192.93966,862171966539316
1774158633557,2026-03-22 05:50:33.557,69155.0,0.0207,B,1431.5085,121558825388161
1774158634027,2026-03-22 05:50:34.027,69154.0,0.00141,A,97.50714,25310129369365
1774158636663,2026-03-22 05:50:36.663,69155.0,0.005,B,345.77500000000003,584467567757791
1774158637246,2026-03-22 05:50:37.246,69154.0,0.00017,A,11.75618,545991187290042
1774158637307,2026-03-22 05:50:37.307,69153.0,0.00017,A,11.756010000000002,552507867021120
1774158637307,2026-03-22 05:50:37.307,69153.0,0.003,A,207.459,598280221551965
1774158637307,2026-03-22 05:50:37.307,69152.0,0.00016,A,11.06432,671441818338029
1774158637307,2026-03-22 05:50:37.307,69152.0,0.00017,A,11.755840000000001,516496979492768
1774158637673,2026-03-22 05:50:37.673,69151.0,0.00017,A,11.75567,225891479915512
1774158637673,2026-03-22 05:50:37.673,69150.0,0.00017,A,11.755500000000001,718854325397238
1774158638014,2026-03-22 05:50:38.014,69150.0,0.00016,B,11.064,327173881828551
1774158638014,2026-03-22 05:50:38.014,69150.0,0.00016,B,11.064,966384548611381
1774158638339,2026-03-22 05:50:38.339,69150.0,0.00615,B,425.2725,152519007476601
1774158638698,2026-03-22 05:50:38.698,69149.0,0.00017,A,11.75533,14469393418538
1774158638698,2026-03-22 05:50:38.698,69148.0,0.00016,A,11.063680000000002,293197034495979
1774158638698,2026-03-22 05:50:38.698,69148.0,0.00017,A,11.75516,126520731423039
1774158638698,2026-03-22 05:50:38.698,69148.0,0.00287,A,198.45476000000002,341672467349024
1774158638698,2026-03-22 05:50:38.698,69147.0,0.00017,A,11.754990000000001,516419391265097
1774158640052,2026-03-22 05:50:40.052,69147.0,2e-05,B,1.38294,879377905982392
1774158640052,2026-03-22 05:50:40.052,69147.0,0.00453,B,313.23591,1004724773934846
1774158640398,2026-03-22 05:50:40.398,69147.0,0.005,B,345.735,143917075079997
1774158640722,2026-03-22 05:50:40.722,69146.0,0.00017,A,11.75482,220638978601214
1774158642003,2026-03-22 05:50:42.003,69145.0,0.00017,A,11.754650000000002,579972053074534
1774158642003,2026-03-22 05:50:42.003,69144.0,0.00017,A,11.754480000000001,679779088887117
1774158642003,2026-03-22 05:50:42.003,69143.0,0.00017,A,11.75431,681378927060736
1774158642003,2026-03-22 05:50:42.003,69142.0,0.00017,A,11.754140000000001,51273640926394
1774158642003,2026-03-22 05:50:42.003,69142.0,0.00402,A,277.95084,712031049607559
1774158644427,2026-03-22 05:50:44.427,69143.0,0.005,B,345.71500000000003,297859738504497
1774158645027,2026-03-22 05:50:45.027,69143.0,0.00056,B,38.720079999999996,233755265416250
1774158645027,2026-03-22 05:50:45.027,69142.0,0.001,A,69.142,318229791655833
1774158648209,2026-03-22 05:50:48.209,69143.0,0.005,B,345.71500000000003,927241293361989
1774158649080,2026-03-22 05:50:49.080,69143.0,0.001,B,69.143,590943968670558
1774158649628,2026-03-22 05:50:49.628,69143.0,0.00016,B,11.062880000000002,954964356124374
1774158651849,2026-03-22 05:50:51.849,69143.0,0.00295,B,203.97185,782947096792362
1774158652039,2026-03-22 05:50:52.039,69143.0,0.005,B,345.71500000000003,561169644778613
1774158654184,2026-03-22 05:50:54.184,69143.0,0.00017,B,11.75431,778389111034969
1774158655673,2026-03-22 05:50:55.673,69142.0,0.00017,A,11.754140000000001,350250842186353
1774158655673,2026-03-22 05:50:55.673,69142.0,0.00083,A,57.38786,707419775935657
1774158655875,2026-03-22 05:50:55.875,69143.0,0.005,B,345.71500000000003,649821860150251
1774158657000,2026-03-22 05:50:57.000,69142.0,0.00017,A,11.754140000000001,679997476786899
1774158659014,2026-03-22 05:50:59.014,69143.0,0.00016,B,11.062880000000002,625476520674924
1774158659879,2026-03-22 05:50:59.879,69143.0,0.00017,B,11.75431,132652697014723
1774158659879,2026-03-22 05:50:59.879,69144.0,0.00015,B,10.371599999999999,45760712300441
1774158659879,2026-03-22 05:50:59.879,69144.0,0.00017,B,11.754480000000001,145087726285355
1774158659879,2026-03-22 05:50:59.879,69145.0,0.00017,B,11.754650000000002,629073861282020
1774158659879,2026-03-22 05:50:59.879,69146.0,0.00015,B,10.371899999999998,832293076498591
1774158659879,2026-03-22 05:50:59.879,69146.0,0.05386,B,3724.20356,190839188314968
1774158660090,2026-03-22 05:51:00.090,69146.0,0.005,B,345.73,914323632310151
1774158660692,2026-03-22 05:51:00.692,69146.0,0.0321,B,2219.5865999999996,216509318365455
1774158661050,2026-03-22 05:51:01.050,69146.0,0.0002,B,13.8292,581909122688438
1774158662200,2026-03-22 05:51:02.200,69146.0,0.001,B,69.146,168810233385390
1774158663950,2026-03-22 05:51:03.950,69146.0,0.005,B,345.73,334894760646836
1774158664078,2026-03-22 05:51:04.078,69145.0,0.00142,A,98.1859,1036784351068793
1774158665541,2026-03-22 05:51:05.541,69145.0,0.0188,A,1299.9260000000002,80794025116095
1774158666578,2026-03-22 05:51:06.578,69146.0,0.01778,B,1229.41588,42480403472966
1774158667752,2026-03-22 05:51:07.752,69146.0,0.005,B,345.73,793829997000640
1774158668043,2026-03-22 05:51:08.043,69146.0,0.00016,B,11.063360000000001,922353114991846
1774158668043,2026-03-22 05:51:08.043,69146.0,0.00016,B,11.063360000000001,364567225848231
1774158668355,2026-03-22 05:51:08.355,69145.0,0.00099,A,68.45354999999999,546000899665435
1774158669234,2026-03-22 05:51:09.234,69146.0,0.00295,B,203.98069999999998,845220142987380
1774158670084,2026-03-22 05:51:10.084,69146.0,0.00455,B,314.6143,127894615411090
1774158671572,2026-03-22 05:51:11.572,69146.0,0.005,B,345.73,627658043623789
1774158672988,2026-03-22 05:51:12.988,69145.0,0.1446,A,9998.367,864997743212842
1774158675001,2026-03-22 05:51:15.001,69146.0,0.00057,B,39.413219999999995,562151085684093
1774158675315,2026-03-22 05:51:15.315,69145.0,0.00295,A,203.97775,970866090664730
1774158675805,2026-03-22 05:51:15.805,69146.0,0.005,B,345.73,1110882759576885
1774158676393,2026-03-22 05:51:16.393,69146.0,0.001,B,69.146,711354443725730
1774158679695,2026-03-22 05:51:19.695,69146.0,0.005,B,345.73,222421612377417
1774158680659,2026-03-22 05:51:20.659,69145.0,0.00099,A,68.45354999999999,529716208665317
1774158682131,2026-03-22 05:51:22.131,69146.0,0.00043,B,29.732779999999998,28772719053114
1774158682724,2026-03-22 05:51:22.724,69145.0,0.01778,A,1229.3981,172072087073851
1774158683534,2026-03-22 05:51:23.534,69146.0,0.005,B,345.73,580657638931648
1774158685747,2026-03-22 05:51:25.747,69142.0,0.00017,A,11.754140000000001,367462177988909
1774158685747,2026-03-22 05:51:25.747,69141.0,0.00016,A,11.062560000000001,298489048916679
1774158685747,2026-03-22 05:51:25.747,69141.0,0.00017,A,11.75397,453404359404373
1774158685747,2026-03-22 05:51:25.747,69141.0,0.00015,A,10.371149999999998,55080215020674
1774158685747,2026-03-22 05:51:25.747,69140.0,0.00017,A,11.7538,838245487974699
1774158685747,2026-03-22 05:51:25.747,69139.0,0.00017,A,11.753630000000001,331936541510048
1774158685747,2026-03-22 05:51:25.747,69139.0,0.00626,A,432.81014,1045083558051944
1774158686471,2026-03-22 05:51:26.471,69139.0,0.11265,B,7788.50835,511714244235548
1774158686471,2026-03-22 05:51:26.471,69139.0,0.86114,B,59538.35846,243239250774694
1774158687078,2026-03-22 05:51:27.078,69138.0,0.00017,A,11.75346,304797809099150
1774158687290,2026-03-22 05:51:27.290,69138.0,0.005,B,345.69,38838477629108
1774158687290,2026-03-22 05:51:27.290,69137.0,0.00016,A,11.06192,317761118429172
1774158687290,2026-03-22 05:51:27.290,69137.0,0.00017,A,11.753290000000002,333319200515667
1774158687290,2026-03-22 05:51:27.290,69137.0,0.00015,A,10.37055,890802373499464
1774158687744,2026-03-22 05:51:27.744,69136.0,0.00017,A,11.753120000000001,877719916867656
1774158687744,2026-03-22 05:51:27.744,69136.0,0.003,A,207.40800000000002,192497785931019
1774158687744,2026-03-22 05:51:27.744,69135.0,0.00017,A,11.75295,226422869372104
1774158687744,2026-03-22 05:51:27.744,69134.0,0.00666,A,460.43244,236647172274975
1774158688993,2026-03-22 05:51:28.993,69135.0,0.00016,B,11.0616,235064212471264
1774158688993,2026-03-22 05:51:28.993,69135.0,0.00035,B,24.19725,300789125235754
1774158689080,2026-03-22 05:51:29.080,69135.0,0.00016,B,11.0616,1097711281233952
1774158689286,2026-03-22 05:51:29.286,69135.0,0.001,B,69.135,544930621073178
1774158691122,2026-03-22 05:51:31.122,69135.0,0.005,B,345.675,40922024569472
1774158693410,2026-03-22 05:51:33.410,69134.0,0.00017,A,11.752780000000001,520489483572122
1774158693410,2026-03-22 05:51:33.410,69134.0,0.00082,A,56.68988,261452388736989
1774158694974,2026-03-22 05:51:34.974,69135.0,0.005,B,345.675,618033582764934
1774158695025,2026-03-22 05:51:35.025,69134.0,0.00142,A,98.17028,64601094743638
1774158698020,2026-03-22 05:51:38.020,69135.0,0.00016,B,11.0616,327163663742211
1774158698020,2026-03-22 05:51:38.020,69135.0,0.00016,B,11.0616,821700638963131
1774158698774,2026-03-22 05:51:38.774,69135.0,0.005,B,345.675,800782478864554
1774158700782,2026-03-22 05:51:40.782,69135.0,0.03044,B,2104.4694,897305415689026
1774158702624,2026-03-22 05:51:42.624,69135.0,0.005,B,345.675,704246812094692
1774158702828,2026-03-22 05:51:42.828,69135.0,0.001,B,69.135,560785903383336
1774158705009,2026-03-22 05:51:45.009,69135.0,0.00056,B,38.715599999999995,258430205543185
1774158705455,2026-03-22 05:51:45.455,69135.0,0.00017,B,11.75295,945929644835861
1774158705455,2026-03-22 05:51:45.455,69134.0,0.00017,A,11.752780000000001,430716173845932
1774158705455,2026-03-22 05:51:45.455,69134.0,0.00063,A,43.55442,962509382664678
1774158705455,2026-03-22 05:51:45.455,69134.0,0.00099,A,68.44266,973269030369857
1774158706364,2026-03-22 05:51:46.364,69135.0,0.005,B,345.675,613722817789
1774158707369,2026-03-22 05:51:47.369,69134.0,0.07422,A,5131.12548,840106641604716
1774158707369,2026-03-22 05:51:47.369,69134.0,0.01795,A,1240.9553,75286031651763
1774158708444,2026-03-22 05:51:48.444,69134.0,7e-05,A,4.839379999999999,1117350429357318
1774158709516,2026-03-22 05:51:49.516,69135.0,0.00182,B,125.8257,93439114286428
1774158710220,2026-03-22 05:51:50.220,69135.0,0.005,B,345.675,735705027501763
1774158712105,2026-03-22 05:51:52.105,69135.0,0.00103,B,71.20905,960846136928351
1774158713140,2026-03-22 05:51:53.140,69135.0,7e-05,B,4.839449999999999,181483713791371
1774158714143,2026-03-22 05:51:54.143,69135.0,0.005,B,345.675,926711372469615
1774158714345,2026-03-22 05:51:54.345,69135.0,0.0188,B,1299.738,54657412157978
1774158714749,2026-03-22 05:51:54.749,69134.0,0.00017,A,11.752780000000001,749790040251086
1774158714749,2026-03-22 05:51:54.749,69134.0,0.00066,A,45.62844,321720941793230
1774158715928,2026-03-22 05:51:55.928,69135.0,0.001,B,69.135,728798963512720
1774158718035,2026-03-22 05:51:58.035,69135.0,0.005,B,345.675,723617853827838
1774158718942,2026-03-22 05:51:58.942,69134.0,0.00099,A,68.44266,1100960844345722
1774158719038,2026-03-22 05:51:59.038,69135.0,0.00016,B,11.0616,18869956898423
1774158722078,2026-03-22 05:52:02.078,69135.0,0.005,B,345.675,135036746810317
1774158722692,2026-03-22 05:52:02.692,69134.0,0.0018,A,124.4412,39132214227256
1774158724092,2026-03-22 05:52:04.092,69134.0,0.00142,A,98.17028,236947248006555
1774158725933,2026-03-22 05:52:05.933,69135.0,0.0207,B,1431.0945,45688640445535
1774158726136,2026-03-22 05:52:06.136,69135.0,0.005,B,345.675,939928644519399
1774158726338,2026-03-22 05:52:06.338,69135.0,0.00016,B,11.0616,515811313907309
1774158728140,2026-03-22 05:52:08.140,69135.0,0.00016,B,11.0616,33613521715138
1774158728140,2026-03-22 05:52:08.140,69135.0,0.00016,B,11.0616,792087643761134
1774158729663,2026-03-22 05:52:09.663,69135.0,0.02578,B,1782.3003,846747911414539
1774158729663,2026-03-22 05:52:09.663,69135.0,0.001,B,69.135,97774866969787
1774158730069,2026-03-22 05:52:10.069,69135.0,0.005,B,345.675,778400603777273
1774158731377,2026-03-22 05:52:11.377,69134.0,0.00099,A,68.44266,277448194046722
1774158733061,2026-03-22 05:52:13.061,69134.0,0.00074,A,51.15916,114309085199881
1774158734066,2026-03-22 05:52:14.066,69135.0,0.005,B,345.675,894262905235001
1774158734937,2026-03-22 05:52:14.937,69134.0,0.00021,A,14.51814,517733440046457
1774158735139,2026-03-22 05:52:15.139,69135.0,0.00057,B,39.40695,344222061703887
1774158735346,2026-03-22 05:52:15.346,69135.0,0.0188,B,1299.738,746331759710357
1774158736952,2026-03-22 05:52:16.952,69135.0,0.00015,B,10.370249999999999,573062361582128
1774158737957,2026-03-22 05:52:17.957,69135.0,0.005,B,345.675,317213035731621
1774158740610,2026-03-22 05:52:20.610,69135.0,0.05378,B,3718.0803,1002646048708582
1774158740610,2026-03-22 05:52:20.610,69135.0,0.04378,B,3026.7303,748095631325322
1774158741397,2026-03-22 05:52:21.397,69134.0,0.01395,A,964.4193,686249980754621
1774158741397,2026-03-22 05:52:21.397,69134.0,0.00072,A,49.77648000000001,998904210733733
1774158741825,2026-03-22 05:52:21.825,69135.0,0.005,B,345.675,1125456777228717
1774158743433,2026-03-22 05:52:23.433,69135.0,0.001,B,69.135,1040421387463514
1774158744513,2026-03-22 05:52:24.513,69134.0,0.00099,A,68.44266,1113236761269311
1774158745645,2026-03-22 05:52:25.645,69134.0,0.05712,A,3948.93408,811967263817593
1774158745869,2026-03-22 05:52:25.869,69135.0,0.005,B,345.675,307929100987920
1774158746266,2026-03-22 05:52:26.266,69135.0,0.07232,B,4999.843199999999,550959619638580
1774158747134,2026-03-22 05:52:27.134,69134.0,0.00017,A,11.752780000000001,783851448492636
1774158749003,2026-03-22 05:52:29.003,69135.0,0.00016,B,11.0616,668430438170401
1774158749764,2026-03-22 05:52:29.764,69135.0,0.005,B,345.675,831819553194713
1774158753667,2026-03-22 05:52:33.667,69135.0,0.005,B,345.675,799290701747000
1774158754070,2026-03-22 05:52:34.070,69134.0,0.00142,A,98.17028,965394100796588
1774158757286,2026-03-22 05:52:37.286,69135.0,0.001,B,69.135,235129832166488
1774158757693,2026-03-22 05:52:37.693,69135.0,0.005,B,345.675,686683539883971
1774158758120,2026-03-22 05:52:38.120,69135.0,0.00016,B,11.0616,101925345951450
1774158761633,2026-03-22 05:52:41.633,69135.0,0.005,B,345.675,27912651946449
1774158762841,2026-03-22 05:52:42.841,69134.0,0.00017,A,11.752780000000001,531681740263973
1774158762841,2026-03-22 05:52:42.841,69133.0,0.00017,A,11.75261,305320729475032
1774158762841,2026-03-22 05:52:42.841,69133.0,0.00015,A,10.36995,1105000008581618
1774158762841,2026-03-22 05:52:42.841,69132.0,0.00017,A,11.75244,162662750907035
1774158763589,2026-03-22 05:52:43.589,69131.0,0.00017,A,11.752270000000001,46446380694549
1774158763589,2026-03-22 05:52:43.589,69130.0,0.00016,A,11.0608,63478527793609
1774158763589,2026-03-22 05:52:43.589,69130.0,0.00017,A,11.7521,346464560915611
1774158763589,2026-03-22 05:52:43.589,69129.0,0.00017,A,11.751930000000002,612378852186510
1774158763589,2026-03-22 05:52:43.589,69128.0,0.00017,A,11.75176,455310676723141
1774158763589,2026-03-22 05:52:43.589,69128.0,0.00015,A,10.3692,60946276178259
1774158763780,2026-03-22 05:52:43.780,69129.0,0.00017,B,11.751930000000002,699796524212885
1774158764495,2026-03-22 05:52:44.495,69128.0,0.00017,A,11.75176,529083333202074
1774158764495,2026-03-22 05:52:44.495,69127.0,0.00017,A,11.75159,791553387634008
1774158764495,2026-03-22 05:52:44.495,69126.0,0.00016,A,11.060160000000002,805638600104300
1774158764495,2026-03-22 05:52:44.495,69126.0,0.00017,A,11.751420000000001,641391379555608
1774158764495,2026-03-22 05:52:44.495,69126.0,5e-05,A,3.4563,884012857018435
1774158765055,2026-03-22 05:52:45.055,69127.0,0.00056,B,38.711119999999994,7937828763544
1774158765469,2026-03-22 05:52:45.469,69127.0,0.005,B,345.635,667759305398954
1774158767392,2026-03-22 05:52:47.392,69127.0,0.00016,B,11.06032,26604402783511
1774158769010,2026-03-22 05:52:49.010,69127.0,0.00021,B,14.516670000000001,1079099650353628
1774158769353,2026-03-22 05:52:49.353,69127.0,0.005,B,345.635,977495466228529
1774158770887,2026-03-22 05:52:50.887,69127.0,0.001,B,69.127,570969764766840
1774158773266,2026-03-22 05:52:53.266,69127.0,0.005,B,345.635,857271069760090
1774158774153,2026-03-22 05:52:54.153,69127.0,0.02174,B,1502.82098,912678107938123
1774158774341,2026-03-22 05:52:54.341,69126.0,0.00017,A,11.751420000000001,80867602873549
1774158774341,2026-03-22 05:52:54.341,69125.0,0.00017,A,11.75125,612444680217199
1774158774341,2026-03-22 05:52:54.341,69125.0,0.05665,A,3915.93125,644729356214254
1774158774341,2026-03-22 05:52:54.341,69124.0,0.00017,A,11.75108,181188030792130
1774158774341,2026-03-22 05:52:54.341,69124.0,0.003,A,207.372,208584548090426
1774158774341,2026-03-22 05:52:54.341,69123.0,0.00016,A,11.05968,135116241739142
1774158774341,2026-03-22 05:52:54.341,69123.0,0.00017,A,11.750910000000001,1102827420820199
1774158774341,2026-03-22 05:52:54.341,69123.0,0.05665,A,3915.81795,103081844642218
1774158774341,2026-03-22 05:52:54.341,69123.0,0.00018,A,12.44214,717430449941948
1774158774341,2026-03-22 05:52:54.341,69122.0,0.00017,A,11.75074,482700379829173
1774158774341,2026-03-22 05:52:54.341,69121.0,0.00017,A,11.750570000000002,1083475729522481
1774158774341,2026-03-22 05:52:54.341,69121.0,0.03927,A,2714.3816699999998,667624260799215
1774158774341,2026-03-22 05:52:54.341,69121.0,0.003,A,207.363,37705809379630
1774158774341,2026-03-22 05:52:54.341,69121.0,0.02893,A,1999.67053,674394646945867
1774158774341,2026-03-22 05:52:54.341,69120.0,0.00016,A,11.0592,58321182026428
1774158774341,2026-03-22 05:52:54.341,69120.0,0.00015,A,10.367999999999999,132365717388810
1774158774341,2026-03-22 05:52:54.341,69120.0,0.00017,A,11.7504,1034180841493111
1774158774341,2026-03-22 05:52:54.341,69120.0,0.01156,A,799.0272000000001,698023759196835
1774158774341,2026-03-22 05:52:54.341,69119.0,0.00016,A,11.059040000000001,438560146002030
1774158774341,2026-03-22 05:52:54.341,69119.0,0.00017,A,11.75023,1054839934838778
1774158774341,2026-03-22 05:52:54.341,69119.0,0.00231,A,159.66488999999999,60498697641832
1774158774341,2026-03-22 05:52:54.341,69119.0,0.07919,A,5473.5336099999995,960387625682526
1774158774341,2026-03-22 05:52:54.341,69119.0,0.04074,A,2815.9080599999998,898381844250432
1774158774341,2026-03-22 05:52:54.341,69119.0,0.02406,A,1663.00314,618827316376002
1774158774341,2026-03-22 05:52:54.341,69119.0,0.02009,A,1388.60071,347400771566051
1774158774341,2026-03-22 05:52:54.341,69118.0,0.00017,A,11.750060000000001,536348095419887
1774158774341,2026-03-22 05:52:54.341,69117.0,0.00017,A,11.74989,1114939731175984
1774158774341,2026-03-22 05:52:54.341,69116.0,0.00017,A,11.749720000000002,468951484586906
1774158774341,2026-03-22 05:52:54.341,69116.0,0.05912,A,4086.13792,400486948369173
1774158776643,2026-03-22 05:52:56.643,69116.0,0.006,A,414.696,281586714320353
1774158776841,2026-03-22 05:52:56.841,69116.0,0.10069,A,6959.29004,813800411147032
1774158777047,2026-03-22 05:52:57.047,69116.0,0.00017,A,11.749720000000002,333906469186918
1774158777247,2026-03-22 05:52:57.247,69117.0,0.005,B,345.585,703725621569416
1774158779075,2026-03-22 05:52:59.075,69117.0,0.00016,B,11.058720000000001,562327043916750
1774158781203,2026-03-22 05:53:01.203,69117.0,0.03024,B,2090.0980799999998,1071650483274821
1774158781203,2026-03-22 05:53:01.203,69117.0,0.0046,B,317.9382,571105509413903
1774158781203,2026-03-22 05:53:01.203,69117.0,0.03749,B,2591.19633,605576554559841
1774158781203,2026-03-22 05:53:01.203,69117.0,0.005,B,345.585,553870151003885
1774158781404,2026-03-22 05:53:01.404,69116.0,0.00098,A,67.73367999999999,722886178312942
1774158784738,2026-03-22 05:53:04.738,69117.0,0.001,B,69.117,543403269750058
1774158785025,2026-03-22 05:53:05.025,69116.0,0.00141,A,97.45356,243768608834797
1774158785025,2026-03-22 05:53:05.025,69117.0,0.00145,B,100.21964999999999,758670701267281
1774158785025,2026-03-22 05:53:05.025,69117.0,0.00355,B,245.36535,718139010663919
1774158785815,2026-03-22 05:53:05.815,69119.0,0.00015,B,10.367849999999999,116608456903697
1774158785815,2026-03-22 05:53:05.815,69120.0,0.00778,B,537.7536,998265827603961
1774158786421,2026-03-22 05:53:06.421,69119.0,0.00182,A,125.79658,620430443408561
1774158788044,2026-03-22 05:53:08.044,69120.0,0.00016,B,11.0592,254631460974153
1774158788653,2026-03-22 05:53:08.653,69120.0,0.00103,B,71.1936,192590665781529
1774158788993,2026-03-22 05:53:08.993,69120.0,0.005,B,345.6,319180650268029
1774158789047,2026-03-22 05:53:09.047,69119.0,0.00099,A,68.42781,835269470869631
1774158792068,2026-03-22 05:53:12.068,69119.0,0.00615,A,425.08185000000003,626789423919420
1774158792864,2026-03-22 05:53:12.864,69120.0,0.005,B,345.6,206390343610020
1774158795029,2026-03-22 05:53:15.029,69120.0,0.00057,B,39.398399999999995,27815951706758
1774158796759,2026-03-22 05:53:16.759,69120.0,0.0002,B,13.824,189443339695640
1774158796759,2026-03-22 05:53:16.759,69120.0,0.00017,B,11.7504,170978189507734
1774158796759,2026-03-22 05:53:16.759,69120.0,0.00422,B,291.6864,403885827156714
1774158796759,2026-03-22 05:53:16.759,69121.0,0.00017,B,11.750570000000002,794523278275062
1774158796759,2026-03-22 05:53:16.759,69121.0,0.00015,B,10.36815,377720325943342
1774158796759,2026-03-22 05:53:16.759,69122.0,9e-05,B,6.22098,734176374983084
1774158796907,2026-03-22 05:53:16.907,69122.0,7e-05,B,4.838539999999999,244498710584834
1774158796907,2026-03-22 05:53:16.907,69122.0,0.003,B,207.366,8448847406175
1774158796907,2026-03-22 05:53:16.907,69122.0,0.00017,B,11.75074,267510809898174
1774158796907,2026-03-22 05:53:16.907,69122.0,0.00015,B,10.3683,1055556855408905
1774158796907,2026-03-22 05:53:16.907,69123.0,0.00017,B,11.750910000000001,314143047788435
1774158796907,2026-03-22 05:53:16.907,69124.0,0.00017,B,11.75108,770291234055386
1774158796907,2026-03-22 05:53:16.907,69124.0,0.001,B,69.124,134870775448173
1774158797386,2026-03-22 05:53:17.386,69125.0,0.00016,B,11.06,1067077490425444
1774158797386,2026-03-22 05:53:17.386,69125.0,0.00017,B,11.75125,621322145917735
1774158797386,2026-03-22 05:53:17.386,69125.0,0.0007,B,48.3875,670128967915179
1774158798406,2026-03-22 05:53:18.406,69125.0,0.00017,B,11.75125,620798042884483
1774158798530,2026-03-22 05:53:18.530,69126.0,0.00017,B,11.751420000000001,84383041139883
1774158798530,2026-03-22 05:53:18.530,69126.0,0.00015,B,10.368899999999998,557641860695865
1774158798530,2026-03-22 05:53:18.530,69126.0,0.0002,B,13.8252,987449376928396
1774158798530,2026-03-22 05:53:18.530,69127.0,0.00017,B,11.75159,1038778398369032
1774158798530,2026-03-22 05:53:18.530,69127.0,0.003,B,207.381,391162974940305
1774158798530,2026-03-22 05:53:18.530,69128.0,0.00017,B,11.75176,906980912013821
1774158798530,2026-03-22 05:53:18.530,69129.0,0.00017,B,11.751930000000002,457828170833505
1774158798530,2026-03-22 05:53:18.530,69130.0,0.00017,B,11.7521,479035308795997
1774158798530,2026-03-22 05:53:18.530,69131.0,0.00017,B,11.752270000000001,427420477710199
1774158798530,2026-03-22 05:53:18.530,69131.0,0.00473,B,326.98963,457015927989462
1774158798530,2026-03-22 05:53:18.530,69132.0,0.00017,B,11.75244,1101773196415571
1774158798530,2026-03-22 05:53:18.530,69133.0,0.00016,B,11.061280000000002,671772890972365
1774158798530,2026-03-22 05:53:18.530,69133.0,0.00017,B,11.75261,964601145193969
1774158798530,2026-03-22 05:53:18.530,69133.0,0.03438,B,2376.79254,856794360543750
1774158798919,2026-03-22 05:53:18.919,69133.0,0.001,B,69.133,172879986632348
1774158799511,2026-03-22 05:53:19.511,69132.0,0.0428,B,2958.8496,795695030178344
1774158799627,2026-03-22 05:53:19.627,69132.0,0.00022,B,15.20904,600315284864564
1774158800641,2026-03-22 05:53:20.641,69127.0,0.00021,B,14.516670000000001,266721987245213
1774158800641,2026-03-22 05:53:20.641,69127.0,0.005,B,345.635,178337991834689
1774158800831,2026-03-22 05:53:20.831,69127.0,0.00103,B,71.20081,49499596450424
1774158803145,2026-03-22 05:53:23.145,69126.0,0.0019,A,131.3394,57835382784547
1774158803352,2026-03-22 05:53:23.352,69127.0,0.03119,B,2156.07113,205690836124075
1774158803352,2026-03-22 05:53:23.352,69127.0,0.04735,B,3273.16345,857109302518682
1774158804671,2026-03-22 05:53:24.671,69127.0,0.005,B,345.635,464182147217459
1774158805485,2026-03-22 05:53:25.485,69127.0,0.00016,B,11.06032,771527619503755
1774158806365,2026-03-22 05:53:26.365,69126.0,0.00099,A,68.43474,870348146055968
1774158807103,2026-03-22 05:53:27.103,69126.0,0.00017,A,11.751420000000001,677394664970115
1774158807103,2026-03-22 05:53:27.103,69126.0,0.00035,A,24.1941,555702738773570
1774158808511,2026-03-22 05:53:28.511,69127.0,0.005,B,345.635,295701016013917
1774158809115,2026-03-22 05:53:29.115,69127.0,0.00016,B,11.06032,676330031746877
1774158809115,2026-03-22 05:53:29.115,69127.0,1e-05,B,0.69127,974059690068058
1774158809115,2026-03-22 05:53:29.115,69127.0,0.00403,B,278.58180999999996,1121346450644141
1774158809115,2026-03-22 05:53:29.115,69127.0,0.04921,B,3401.73967,391467800854007
1774158810319,2026-03-22 05:53:30.319,69124.0,0.03357,B,2320.4926800000003,486827295679866
1774158810629,2026-03-22 05:53:30.629,69124.0,0.00028,B,19.354719999999997,517891063246024
1774158811525,2026-03-22 05:53:31.525,69124.0,0.00016,B,11.059840000000001,682460738790331
1774158812531,2026-03-22 05:53:32.531,69124.0,0.005,B,345.62,40866172853747
1774158813335,2026-03-22 05:53:33.335,69124.0,0.001,B,69.124,68912366831829
1774158814027,2026-03-22 05:53:34.027,69123.0,0.00019,A,13.133370000000001,864414640011534
1774158814027,2026-03-22 05:53:34.027,69123.0,0.00123,A,85.02129,798544366746917
1774158814862,2026-03-22 05:53:34.862,69124.0,0.0207,B,1430.8668,160398574014619
1774158815321,2026-03-22 05:53:35.321,69123.0,0.00042,A,29.031660000000002,336339442031409
1774158816532,2026-03-22 05:53:36.532,69124.0,0.005,B,345.62,497927207292153
1774158816532,2026-03-22 05:53:36.532,69123.0,0.00099,A,68.43177,722133058693104
1774158817140,2026-03-22 05:53:37.140,69123.0,0.00192,A,132.71616,819708979168413
1774158818043,2026-03-22 05:53:38.043,69124.0,0.00016,B,11.059840000000001,651228456830744
1774158818360,2026-03-22 05:53:38.360,69124.0,0.01318,B,911.0543200000001,773098750132086
1774158818360,2026-03-22 05:53:38.360,69124.0,0.09497,B,6564.70628,561354606090192
1774158820249,2026-03-22 05:53:40.249,69124.0,0.005,B,345.62,50707760910745
1774158820339,2026-03-22 05:53:40.339,69123.0,0.0188,A,1299.5124,799403893303189
1774158823192,2026-03-22 05:53:43.192,69124.0,0.0868,B,5999.9632,378664896118344
1774158823192,2026-03-22 05:53:43.192,69123.0,0.00042,A,29.031660000000002,553552629862031
1774158824328,2026-03-22 05:53:44.328,69124.0,0.005,B,345.62,540103867176739
1774158824328,2026-03-22 05:53:44.328,69124.0,0.00035,B,24.1934,661099492167421
1774158825003,2026-03-22 05:53:45.003,69124.0,0.00057,B,39.40068,966165223345611
1774158825169,2026-03-22 05:53:45.169,69124.0,0.00019,B,13.133560000000001,331675919986413
1774158826181,2026-03-22 05:53:46.181,69124.0,0.00015,B,10.368599999999999,538714987219178
1774158826927,2026-03-22 05:53:46.927,69124.0,0.001,B,69.124,311048327872568
1774158827972,2026-03-22 05:53:47.972,69124.0,0.00581,B,401.61044,875034748678081
1774158827972,2026-03-22 05:53:47.972,69124.0,0.0044,B,304.1456,2398668254185
1774158828174,2026-03-22 05:53:48.174,69124.0,0.005,B,345.62,1089090005404959
1774158831215,2026-03-22 05:53:51.215,69123.0,0.00099,A,68.43177,369090624648502
1774158832179,2026-03-22 05:53:52.179,69124.0,0.005,B,345.62,134570484802514
1774158832504,2026-03-22 05:53:52.504,69124.0,0.00283,B,195.62092,762910998941560
1774158833768,2026-03-22 05:53:53.768,69124.0,0.06091,B,4210.34284,738912449939827
1774158833768,2026-03-22 05:53:53.768,69124.0,0.39663,B,27416.65212,652098130251202
1774158833768,2026-03-22 05:53:53.768,69124.0,0.21,B,14516.039999999999,973187302655576
1774158833768,2026-03-22 05:53:53.768,69124.0,0.01495,B,1033.4038,420579364235601
1774158833768,2026-03-22 05:53:53.768,69124.0,0.11298,B,7809.6295199999995,39756918642068
1774158833768,2026-03-22 05:53:53.768,69124.0,0.16247,B,11230.576280000001,964333950556759
1774158833768,2026-03-22 05:53:53.768,69124.0,0.04206,B,2907.35544,938860435702532
1774158834803,2026-03-22 05:53:54.803,69123.0,0.00032,A,22.11936,1121399302326608
1774158835619,2026-03-22 05:53:55.619,69123.0,0.04667,A,3225.9704100000004,456963275553445
1774158836219,2026-03-22 05:53:56.219,69124.0,0.005,B,345.62,903477375772942
1774158837072,2026-03-22 05:53:57.072,69123.0,0.00017,A,11.750910000000001,1105315772726654
1774158838595,2026-03-22 05:53:58.595,69123.0,0.01591,A,1099.74693,721922041268268
1774158839085,2026-03-22 05:53:59.085,69124.0,0.00016,B,11.059840000000001,983998960520571
1774158840092,2026-03-22 05:54:00.092,69124.0,0.005,B,345.62,982422609782072
1774158840863,2026-03-22 05:54:00.863,69124.0,0.001,B,69.124,398944011612181
1774158842102,2026-03-22 05:54:02.102,69123.0,0.12372,A,8551.89756,1058546994447339
1774158842102,2026-03-22 05:54:02.102,69123.0,0.16996,A,11748.14508,848970846168787
1774158842102,2026-03-22 05:54:02.102,69124.0,0.00033,B,22.81092,340215684840342
1774158843016,2026-03-22 05:54:03.016,69123.0,0.001,A,69.123,237773364315450
1774158843511,2026-03-22 05:54:03.511,69123.0,0.00099,A,68.43177,751277678649548
1774158844029,2026-03-22 05:54:04.029,69123.0,0.00142,A,98.15466,1023565135852968
1774158844029,2026-03-22 05:54:04.029,69124.0,0.005,B,345.62,176970788345419
1774158846526,2026-03-22 05:54:06.526,69123.0,0.21841,A,15097.154429999999,755220648143521
1774158846526,2026-03-22 05:54:06.526,69123.0,0.07321,A,5060.49483,2856010605115
1774158846526,2026-03-22 05:54:06.526,69123.0,0.12111,A,8371.48653,871035235220653
1774158846526,2026-03-22 05:54:06.526,69123.0,0.12042,A,8323.79166,783966781111278
1774158846526,2026-03-22 05:54:06.526,69123.0,0.06815,A,4710.73245,534480378639230
1774158846526,2026-03-22 05:54:06.526,69123.0,0.01446,A,999.51858,1002457624960117
1774158846526,2026-03-22 05:54:06.526,69123.0,0.36141,A,24981.743430000002,499380349955285
1774158846526,2026-03-22 05:54:06.526,69123.0,0.17806,A,12308.04138,187967180393105
1774158846526,2026-03-22 05:54:06.526,69123.0,0.19583,A,13536.35709,1099499418154471
1774158846526,2026-03-22 05:54:06.526,69123.0,0.18161,A,12553.42803,1114614175029923
1774158846526,2026-03-22 05:54:06.526,69123.0,0.01188,A,821.18124,585630310538318
1774158846526,2026-03-22 05:54:06.526,69123.0,1.15649,A,79940.05827,1087918291740144
1774158846526,2026-03-22 05:54:06.526,69123.0,0.3897,A,26937.233099999998,318152138731562
1774158846526,2026-03-22 05:54:06.526,69123.0,0.5,A,34561.5,1084958272924958
1774158846526,2026-03-22 05:54:06.526,69123.0,0.4565,A,31554.6495,211140768855957
1774158846727,2026-03-22 05:54:06.727,69124.0,0.00016,B,11.059840000000001,406283367592927
1774158848076,2026-03-22 05:54:08.076,69124.0,0.00016,B,11.059840000000001,602938260736131
1774158848276,2026-03-22 05:54:08.276,69124.0,0.005,B,345.62,261596657292862
1774158848614,2026-03-22 05:54:08.614,69123.0,0.00173,A,119.58279,37444109328086
1774158849128,2026-03-22 05:54:09.128,69123.0,0.04707,A,3253.61961,856550613063977
1774158849128,2026-03-22 05:54:09.128,69123.0,0.39379,A,27219.94617,104767766326497
1774158849128,2026-03-22 05:54:09.128,69123.0,0.02893,A,1999.72839,36053513389563
1774158849128,2026-03-22 05:54:09.128,69123.0,0.07601,A,5254.039229999999,965103315149466
1774158849128,2026-03-22 05:54:09.128,69123.0,0.14112,A,9754.63776,739631241839863
1774158849128,2026-03-22 05:54:09.128,69123.0,0.0756,A,5225.6988,260812019174296
1774158849128,2026-03-22 05:54:09.128,69123.0,0.14116,A,9757.402680000001,632789287360500
1774158849128,2026-03-22 05:54:09.128,69123.0,0.43669,A,30185.32287,672261561514510
1774158849128,2026-03-22 05:54:09.128,69123.0,0.07845,A,5422.699350000001,527208407718618
1774158849128,2026-03-22 05:54:09.128,69123.0,0.14438,A,9979.97874,917273889937105
1774158849128,2026-03-22 05:54:09.128,69123.0,0.04226,A,2921.13798,796117685728706
1774158849128,2026-03-22 05:54:09.128,69123.0,0.08397,A,5804.25831,3236506521243
1774158849128,2026-03-22 05:54:09.128,69123.0,0.10369,A,7167.36387,988532903027782
1774158849128,2026-03-22 05:54:09.128,69123.0,0.43114,A,29801.69022,795256435405316
1774158849128,2026-03-22 05:54:09.128,69123.0,0.00589,A,407.13447,587279393697394
1774158849128,2026-03-22 05:54:09.128,69123.0,0.17301,A,11958.970229999999,477306670861586
1774158849128,2026-03-22 05:54:09.128,69123.0,0.05063,A,3499.69749,803636129116253
1774158849128,2026-03-22 05:54:09.128,69123.0,1.59345,A,110144.04435,385159283141084
1774158852149,2026-03-22 05:54:12.149,69124.0,0.005,B,345.62,468375137290454
1774158852535,2026-03-22 05:54:12.535,69123.0,0.00578,A,399.53094000000004,940080820999481
1774158853488,2026-03-22 05:54:13.488,69124.0,0.00015,B,10.368599999999999,244274825795100
1774158853760,2026-03-22 05:54:13.760,69123.0,0.0013,A,89.8599,217014424715152
1774158855087,2026-03-22 05:54:15.087,69124.0,0.00056,B,38.709439999999994,216290290526504
1774158855166,2026-03-22 05:54:15.166,69124.0,0.001,B,69.124,495020192663864
1774158856172,2026-03-22 05:54:16.172,69123.0,0.00034,A,23.501820000000002,269934090183211
1774158856297,2026-03-22 05:54:16.297,69123.0,0.00099,A,68.43177,14013763393326
1774158856297,2026-03-22 05:54:16.297,69124.0,0.005,B,345.62,336484007860185
1774158860289,2026-03-22 05:54:20.289,69124.0,0.005,B,345.62,669004313785691
1774158860914,2026-03-22 05:54:20.914,69124.0,0.00103,B,71.19772,589651693388026
1774158864168,2026-03-22 05:54:24.168,69124.0,0.005,B,345.62,74593266140232
1774158864494,2026-03-22 05:54:24.494,69124.0,0.00103,B,71.19772,757094774335632
1774158864897,2026-03-22 05:54:24.897,69124.0,0.12236,B,8458.012639999999,556732966398340
1774158864897,2026-03-22 05:54:24.897,69124.0,0.24389,B,16858.65236,855106857912580
1774158867053,2026-03-22 05:54:27.053,69123.0,0.00017,A,11.750910000000001,985812552476865
1774158868115,2026-03-22 05:54:28.115,69124.0,0.005,B,345.62,281398523756600
1774158869006,2026-03-22 05:54:29.006,69124.0,0.00016,B,11.059840000000001,268456964114932
1774158869406,2026-03-22 05:54:29.406,69124.0,0.001,B,69.124,167718872530688
1774158869734,2026-03-22 05:54:29.734,69124.0,0.00022,B,15.20728,563766194001142
1774158872034,2026-03-22 05:54:32.034,69124.0,0.005,B,345.62,340771690676683
1774158872841,2026-03-22 05:54:32.841,69123.0,0.00029,A,20.04567,309072568893551
1774158873034,2026-03-22 05:54:33.034,69123.0,0.00072,A,49.76856,861186248578241
1774158873350,2026-03-22 05:54:33.350,69123.0,0.00022,A,15.20706,1022836970227659
1774158874042,2026-03-22 05:54:34.042,69123.0,0.00142,A,98.15466,34740255216122
1774158874549,2026-03-22 05:54:34.549,69124.0,0.00017,B,11.75108,55357543677371
1774158874549,2026-03-22 05:54:34.549,69123.0,0.01591,A,1099.74693,167534753432862
1774158875864,2026-03-22 05:54:35.864,69124.0,0.005,B,345.62,174093896215814
1774158876989,2026-03-22 05:54:36.989,69124.0,0.00347,B,239.86028,1071791605479051
1774158878029,2026-03-22 05:54:38.029,69124.0,0.00016,B,11.059840000000001,928462266424986
1774158879660,2026-03-22 05:54:39.660,69124.0,0.005,B,345.62,172495599878254
1774158880197,2026-03-22 05:54:40.197,69124.0,0.00103,B,71.19772,791183151471999
1774158881080,2026-03-22 05:54:41.080,69123.0,0.00099,A,68.43177,654601868275763
1774158881280,2026-03-22 05:54:41.280,69124.0,0.001,B,69.124,550035083912816
1774158882821,2026-03-22 05:54:42.821,69124.0,0.001,B,69.124,1118825480635124
1774158883496,2026-03-22 05:54:43.496,69124.0,0.005,B,345.62,828553780991261
1774158884102,2026-03-22 05:54:44.102,69124.0,0.0729,B,5039.1396,884394879499376
1774158884102,2026-03-22 05:54:44.102,69124.0,0.35,B,24193.399999999998,1084638370436724
1774158884102,2026-03-22 05:54:44.102,69124.0,0.21,B,14516.039999999999,249413396778586
1774158884102,2026-03-22 05:54:44.102,69124.0,0.00017,B,11.75108,1059499663053617
1774158884102,2026-03-22 05:54:44.102,69124.0,0.21723,B,15015.80652,863485720865061
1774158884102,2026-03-22 05:54:44.102,69124.0,0.5,B,34562.0,456281080810726
1774158884102,2026-03-22 05:54:44.102,69124.0,0.09637,B,6661.47988,808288719545234
1774158885032,2026-03-22 05:54:45.032,69124.0,0.00057,B,39.40068,629379703307531
1774158887511,2026-03-22 05:54:47.511,69124.0,0.005,B,345.62,995273520005416
1774158887710,2026-03-22 05:54:47.710,69123.0,0.04374,A,3023.44002,580748151504107
1774158888935,2026-03-22 05:54:48.935,69124.0,0.00016,B,11.059840000000001,658677385284356
1774158891292,2026-03-22 05:54:51.292,69123.0,0.00623,A,430.63629000000003,602756623409854
1774158891522,2026-03-22 05:54:51.522,69124.0,0.005,B,345.62,279252605786261
1774158892559,2026-03-22 05:54:52.559,69123.0,0.00099,A,68.43177,183318613017441
1774158893567,2026-03-22 05:54:53.567,69123.0,7e-05,A,4.838609999999999,260804580336703
1774158893567,2026-03-22 05:54:53.567,69123.0,0.13105,A,9058.56915,630497990305349
1774158893567,2026-03-22 05:54:53.567,69123.0,0.01361,A,940.76403,1122649880432340
1774158894685,2026-03-22 05:54:54.685,69124.0,0.14466,B,9999.477840000001,444794742293159
1774158895374,2026-03-22 05:54:55.374,69124.0,0.005,B,345.62,976897885334276
1774158895494,2026-03-22 05:54:55.494,69123.0,0.05754,A,3977.33742,925700727367290
1774158895494,2026-03-22 05:54:55.494,69123.0,0.35712,A,24685.20576,922779978880689
1774158895494,2026-03-22 05:54:55.494,69123.0,0.14177,A,9799.567710000001,637864863169039
1774158895494,2026-03-22 05:54:55.494,69123.0,0.07549,A,5218.09527,582094139094143
1774158895494,2026-03-22 05:54:55.494,69123.0,0.36179,A,25008.01017,893969671691883
1774158895494,2026-03-22 05:54:55.494,69123.0,0.06944,A,4799.90112,800824475517880
1774158895494,2026-03-22 05:54:55.494,69123.0,0.10165,A,7026.35295,889109575318083
1774158895494,2026-03-22 05:54:55.494,69123.0,0.11314,A,7820.57622,826338345407970
1774158895494,2026-03-22 05:54:55.494,69123.0,0.12565,A,8685.304950000002,358761296010272
1774158895494,2026-03-22 05:54:55.494,69123.0,0.14075,A,9729.062249999999,598491799913041
1774158895494,2026-03-22 05:54:55.494,69123.0,0.14737,A,10186.65651,311378737575135
1774158895494,2026-03-22 05:54:55.494,69123.0,0.12273,A,8483.46579,409442520598185
1774158895494,2026-03-22 05:54:55.494,69123.0,0.14699,A,10160.38977,189843566142829
1774158895494,2026-03-22 05:54:55.494,69123.0,0.06531,A,4514.42313,915754157603331
1774158895494,2026-03-22 05:54:55.494,69123.0,0.08504,A,5878.2199200000005,1092408608617409
1774158895494,2026-03-22 05:54:55.494,69123.0,0.04278,A,2957.08194,485109365299438
1774158895494,2026-03-22 05:54:55.494,69123.0,0.02893,A,1999.72839,466539813342171
1774158895494,2026-03-22 05:54:55.494,69123.0,0.43114,A,29801.69022,451699835410695
1774158895494,2026-03-22 05:54:55.494,69123.0,0.4586,A,31699.807800000002,772469698337732
1774158895494,2026-03-22 05:54:55.494,69123.0,0.14575,A,10074.677249999999,655977489728819
1774158895494,2026-03-22 05:54:55.494,69123.0,0.15733,A,10875.12159,67729938810639
1774158895494,2026-03-22 05:54:55.494,69123.0,0.10127,A,7000.0862099999995,874528122832122
1774158895494,2026-03-22 05:54:55.494,69123.0,0.21313,A,14732.18499,46258057524079
1774158895494,2026-03-22 05:54:55.494,69123.0,0.05434,A,3756.14382,425937991491764
1774158895978,2026-03-22 05:54:55.978,69124.0,0.00072,B,49.76928,162969812975691
1774158896781,2026-03-22 05:54:56.781,69123.0,0.001,B,69.123,477246567079546
1774158897095,2026-03-22 05:54:57.095,69122.0,0.00015,A,10.3683,741569407849464
1774158897095,2026-03-22 05:54:57.095,69122.0,2e-05,A,1.3824400000000001,600588883532508
1774158897095,2026-03-22 05:54:57.095,69123.0,0.03423,B,2366.08029,626303836615401
1774158899041,2026-03-22 05:54:59.041,69123.0,0.00016,B,11.05968,821952893582669
1774158899182,2026-03-22 05:54:59.182,69123.0,0.005,B,345.615,844305180097448
1774158900588,2026-03-22 05:55:00.588,69122.0,0.00014,A,9.677079999999998,1028299749298337
1774158900588,2026-03-22 05:55:00.588,69121.0,0.00015,A,10.36815,204024082431169
1774158900588,2026-03-22 05:55:00.588,69120.0,0.0002,A,13.824,947370015435384
1774158900588,2026-03-22 05:55:00.588,69119.0,2e-05,A,1.3823800000000002,376546503908075
1774158900857,2026-03-22 05:55:00.857,69119.0,0.00014,A,9.67666,962408080908067
1774158900857,2026-03-22 05:55:00.857,69119.0,0.00029,A,20.04451,1105705249231694
1774158900857,2026-03-22 05:55:00.857,69119.0,0.00058,A,40.08902,508947832557876
1774158900932,2026-03-22 05:55:00.932,69119.0,0.0004,A,27.6476,786117477524496
1774158901012,2026-03-22 05:55:01.012,69119.0,0.0004,A,27.6476,806169623555963
1774158901012,2026-03-22 05:55:01.012,69119.0,0.0007,A,48.3833,378214338733716
1774158901012,2026-03-22 05:55:01.012,69119.0,0.00018,A,12.44142,808796385104620
1774158901012,2026-03-22 05:55:01.012,69119.0,0.00024,A,16.58856,909910835329681
1774158901137,2026-03-22 05:55:01.137,69117.0,0.00288,A,199.05696,940023644626756
1774158901191,2026-03-22 05:55:01.191,69118.0,0.00027,B,18.66186,319799503937052
1774158901191,2026-03-22 05:55:01.191,69117.0,0.00056,A,38.70552,262145999551576
1774158901191,2026-03-22 05:55:01.191,69117.0,0.00019,A,13.13223,268030914122798
1774158901191,2026-03-22 05:55:01.191,69117.0,0.00018,A,12.44106,241895446486304
1774158901191,2026-03-22 05:55:01.191,69117.0,0.00046,A,31.79382,307941938868187
1774158901191,2026-03-22 05:55:01.191,69117.0,0.02466,A,1704.42522,935316774391781
1774158901191,2026-03-22 05:55:01.191,69116.0,0.00017,A,11.749720000000002,241494742913116
1774158901191,2026-03-22 05:55:01.191,69116.0,0.13158,A,9094.28328,31489453565590
1774158901403,2026-03-22 05:55:01.403,69116.0,0.00288,A,199.05408,64124403973176
1774158902010,2026-03-22 05:55:02.010,69116.0,0.00019,A,13.13204,867160819853076
1774158902226,2026-03-22 05:55:02.226,69117.0,7e-05,B,4.83819,1092129697544338
1774158902816,2026-03-22 05:55:02.816,69117.0,0.01591,B,1099.65147,306030857116106
1774158903018,2026-03-22 05:55:03.018,69116.0,0.02732,A,1888.24912,944670461316072
1774158903540,2026-03-22 05:55:03.540,69116.0,0.15524,A,10729.56784,423697763235107
1774158903648,2026-03-22 05:55:03.648,69117.0,0.0207,B,1430.7219,1000731971222391
1774158903764,2026-03-22 05:55:03.764,69117.0,0.00035,B,24.19095,780889107162351
1774158904035,2026-03-22 05:55:04.035,69116.0,0.00142,A,98.14472,1065564676891140
1774158904146,2026-03-22 05:55:04.146,69116.0,1.0,A,69116.0,792240674070836
1774158904967,2026-03-22 05:55:04.967,69116.0,0.00099,A,68.42484,711725701213225
1774158906154,2026-03-22 05:55:06.154,69117.0,0.00022,B,15.20574,1046183959215054
1774158907014,2026-03-22 05:55:07.014,69117.0,0.005,B,345.585,562156051273858
1774158907014,2026-03-22 05:55:07.014,69116.0,0.02326,A,1607.63816,361977239949288
1774158907437,2026-03-22 05:55:07.437,69116.0,0.33333,A,23038.43628,368117315467105
1774158907437,2026-03-22 05:55:07.437,69116.0,0.33333,A,23038.43628,166276447422204
1774158907437,2026-03-22 05:55:07.437,69116.0,0.33333,A,23038.43628,619459670163546
1774158907437,2026-03-22 05:55:07.437,69116.0,0.33333,A,23038.43628,893178237953513
1774158907437,2026-03-22 05:55:07.437,69116.0,0.2,A,13823.2,231756209211260
1774158907495,2026-03-22 05:55:07.495,69116.0,0.26666,A,18430.472560000002,264056070366870
1774158907821,2026-03-22 05:55:07.821,69116.0,0.00029,A,20.04364,624359465539538
1774158907821,2026-03-22 05:55:07.821,69116.0,0.10952,A,7569.584320000001,649779300642416
1774158908093,2026-03-22 05:55:08.093,69117.0,0.00016,B,11.058720000000001,820998510549328
1774158910207,2026-03-22 05:55:10.207,69117.0,0.00075,B,51.83775,787341419054693
1774158910207,2026-03-22 05:55:10.207,69117.0,0.00017,B,11.74989,803778173957901
1774158910311,2026-03-22 05:55:10.311,69118.0,0.00017,B,11.750060000000001,826915951710554
1774158910311,2026-03-22 05:55:10.311,69119.0,0.00017,B,11.75023,713927193667708
1774158910311,2026-03-22 05:55:10.311,69120.0,0.00017,B,11.7504,146904526735920
1774158910311,2026-03-22 05:55:10.311,69121.0,0.00017,B,11.750570000000002,134756948134954
1774158910311,2026-03-22 05:55:10.311,69122.0,0.00016,B,11.059520000000001,724588483526741
1774158910311,2026-03-22 05:55:10.311,69122.0,0.003,B,207.366,430032412128266
1774158910311,2026-03-22 05:55:10.311,69122.0,0.00017,B,11.75074,919368308912784
1774158910311,2026-03-22 05:55:10.311,69123.0,0.00017,B,11.750910000000001,1028679972638664
1774158910311,2026-03-22 05:55:10.311,69124.0,0.00017,B,11.75108,570960392674089
1774158910311,2026-03-22 05:55:10.311,69124.0,0.066,B,4562.184,189384253140387
1774158910311,2026-03-22 05:55:10.311,69124.0,0.00015,B,10.368599999999999,565843824989904
1774158910311,2026-03-22 05:55:10.311,69124.0,0.01269,B,877.1835599999999,620857582216123
1774158910311,2026-03-22 05:55:10.311,69124.0,0.006,B,414.744,557007616000565
1774158910804,2026-03-22 05:55:10.804,69124.0,0.001,B,69.124,691105699502313
1774158910995,2026-03-22 05:55:10.995,69124.0,0.005,B,345.62,211570977379881
1774158911249,2026-03-22 05:55:11.249,69124.0,0.00361,B,249.53763999999998,678139238761394
1774158911602,2026-03-22 05:55:11.602,69124.0,0.00025,B,17.281,537183011048732
1774158912404,2026-03-22 05:55:12.404,69124.0,0.00015,B,10.368599999999999,392510539216294
1774158914417,2026-03-22 05:55:14.417,69124.0,0.0066,B,456.2184,71760143012883
1774158914628,2026-03-22 05:55:14.628,69123.0,0.06381,A,4410.738630000001,994282998878734
1774158914936,2026-03-22 05:55:14.936,69124.0,0.005,B,345.62,862631427922617
1774158915019,2026-03-22 05:55:15.019,69124.0,0.00056,B,38.709439999999994,982780602856615
1774158915501,2026-03-22 05:55:15.501,69124.0,0.00218,B,150.69032,156809937809916
1774158916033,2026-03-22 05:55:16.033,69124.0,0.0003,B,20.737199999999998,20442198476973
1774158917027,2026-03-22 05:55:17.027,69123.0,0.00098,A,67.74054,943837396992515
1774158918761,2026-03-22 05:55:18.761,69124.0,0.005,B,345.62,131623246268019
1774158922583,2026-03-22 05:55:22.583,69124.0,0.005,B,345.62,24467771137732
1774158923252,2026-03-22 05:55:23.252,69124.0,0.00045,B,31.1058,492602542953393
1774158923460,2026-03-22 05:55:23.460,69123.0,1.44675,A,100003.70025,657727027272636
1774158924734,2026-03-22 05:55:24.734,69124.0,0.001,B,69.124,164643006848063
1774158925198,2026-03-22 05:55:25.198,69123.0,0.00721,A,498.37683000000004,544355984572796
1774158925329,2026-03-22 05:55:25.329,69123.0,0.00099,A,68.43177,950684221341924
1774158926474,2026-03-22 05:55:26.474,69124.0,0.005,B,345.62,716988816700132
1774158927008,2026-03-22 05:55:27.008,69123.0,0.00017,A,11.750910000000001,16397760209996
1774158927482,2026-03-22 05:55:27.482,69123.0,0.00015,A,10.36845,923251257128496
1774158927881,2026-03-22 05:55:27.881,69124.0,0.00016,B,11.059840000000001,485828061381395
1774158929083,2026-03-22 05:55:29.083,69124.0,0.00044,B,30.41456,629010487689607
1774158930382,2026-03-22 05:55:30.382,69124.0,0.005,B,345.62,727042310932196
1774158932403,2026-03-22 05:55:32.403,69123.0,0.01443,A,997.44489,298286767827123
1774158932792,2026-03-22 05:55:32.792,69123.0,0.00015,A,10.36845,1123942966013524
1774158934135,2026-03-22 05:55:34.135,69124.0,0.005,B,345.62,645823624775530
1774158934806,2026-03-22 05:55:34.806,69124.0,0.00103,B,71.19772,492265475120007
1774158934864,2026-03-22 05:55:34.864,69123.0,0.00044,A,30.41412,26175488644360
1774158935007,2026-03-22 05:55:35.007,69123.0,0.00141,A,97.46343,629924126408731
1774158935951,2026-03-22 05:55:35.951,69124.0,0.00017,B,11.75108,520038263336002
1774158935951,2026-03-22 05:55:35.951,69124.0,0.01107,B,765.20268,91808393784727
1774158935951,2026-03-22 05:55:35.951,69124.0,0.06986,B,4829.002640000001,400746165727289
1774158935951,2026-03-22 05:55:35.951,69124.0,0.00027,B,18.66348,7684298628409
1774158937903,2026-03-22 05:55:37.903,69126.0,0.00017,B,11.751420000000001,773245485507082
1774158937903,2026-03-22 05:55:37.903,69126.0,0.00083,B,57.37458,152389239618253
1774158938012,2026-03-22 05:55:38.012,69126.0,0.00016,B,11.060160000000002,884501343000558
1774158938012,2026-03-22 05:55:38.012,69126.0,0.005,B,345.63,1043131423872849
1774158941509,2026-03-22 05:55:41.509,69125.0,0.00099,A,68.43375,614536314580894
1774158941980,2026-03-22 05:55:41.980,69126.0,0.00391,B,270.28266,856180231809709
1774158941980,2026-03-22 05:55:41.980,69126.0,0.00109,B,75.34734,744839759658507
1774158945001,2026-03-22 05:55:45.001,69126.0,0.00057,B,39.40182,812214098961890
1774158945935,2026-03-22 05:55:45.935,69126.0,0.005,B,345.63,961268671870965
1774158949655,2026-03-22 05:55:49.655,69127.0,0.00017,B,11.75159,190649591684628
1774158949655,2026-03-22 05:55:49.655,69127.0,0.003,B,207.381,304243629437827
1774158949655,2026-03-22 05:55:49.655,69127.0,0.00015,B,10.36905,1077185015808188
1774158949655,2026-03-22 05:55:49.655,69127.0,0.00019,B,13.13413,759688210176182
1774158949788,2026-03-22 05:55:49.788,69127.0,1e-05,B,0.69127,963634367335736
1774158949788,2026-03-22 05:55:49.788,69128.0,0.00017,B,11.75176,1002622326425878
1774158949788,2026-03-22 05:55:49.788,69129.0,0.00017,B,11.751930000000002,512000125348810
1774158949788,2026-03-22 05:55:49.788,69130.0,0.00017,B,11.7521,314640203679153
1774158949788,2026-03-22 05:55:49.788,69130.0,0.00448,B,309.70239999999995,242371587356543
1774158950845,2026-03-22 05:55:50.845,69130.0,0.01591,B,1099.8583,506640519284814
1774158951183,2026-03-22 05:55:51.183,69130.0,0.001,B,69.13,1056304973531051
1774158953538,2026-03-22 05:55:53.538,69130.0,0.005,B,345.65000000000003,924051886040438
1774158954141,2026-03-22 05:55:54.141,69129.0,0.00099,A,68.43771,675060813471497
1774158955156,2026-03-22 05:55:55.156,69130.0,0.00144,B,99.5472,415849767788841
1774158956302,2026-03-22 05:55:56.302,69129.0,0.07047,A,4871.52063,969518377607495
1774158956302,2026-03-22 05:55:56.302,69129.0,0.35,A,24195.149999999998,628568999774267
1774158956302,2026-03-22 05:55:56.302,69129.0,0.21,A,14517.09,639853944763224
1774158956302,2026-03-22 05:55:56.302,69129.0,0.21,A,14517.09,340801585277380
1774158956302,2026-03-22 05:55:56.302,69129.0,0.15842,A,10951.41618,608471843911122
1774158956302,2026-03-22 05:55:56.302,69129.0,0.39046,A,26992.10934,792003423690141
1774158956302,2026-03-22 05:55:56.302,69129.0,0.05726,A,3958.32654,70926793309196
1774158957556,2026-03-22 05:55:57.556,69130.0,0.005,B,345.65000000000003,454836207250326
1774158959028,2026-03-22 05:55:59.028,69130.0,0.00016,B,11.0608,53272830506918
1774158959424,2026-03-22 05:55:59.424,69130.0,0.00071,B,49.082300000000004,11367264079641
1774158961507,2026-03-22 05:56:01.507,69130.0,0.005,B,345.65000000000003,819518312052921
1774158961831,2026-03-22 05:56:01.831,69130.0,0.00015,B,10.369499999999999,973451086355972
1774158961831,2026-03-22 05:56:01.831,69130.0,0.00261,B,180.42929999999998,239541994468921
1774158963364,2026-03-22 05:56:03.364,69130.0,0.00055,B,38.0215,725916002394405
1774158964041,2026-03-22 05:56:04.041,69129.0,0.00142,A,98.16318,994517695328122
1774158964554,2026-03-22 05:56:04.554,69130.0,0.001,B,69.13,517919813844820
1774158965361,2026-03-22 05:56:05.361,69130.0,0.005,B,345.65000000000003,31863348677035
1774158967051,2026-03-22 05:56:07.051,69128.0,0.00015,A,10.3692,1016407632678126
1774158967051,2026-03-22 05:56:07.051,69126.0,0.0002,A,13.8252,200897664959011
1774158967155,2026-03-22 05:56:07.155,69124.0,0.003,A,207.372,65898050656618
1774158967155,2026-03-22 05:56:07.155,69123.0,0.247,A,17073.381,298363982386820
1774158967155,2026-03-22 05:56:07.155,69123.0,0.10241,A,7078.8864300000005,954429243069439
1774158967155,2026-03-22 05:56:07.155,69123.0,0.1,A,6912.3,821950749906785
1774158967155,2026-03-22 05:56:07.155,69123.0,0.05362,A,3706.3752600000003,90769192256625
1774158967155,2026-03-22 05:56:07.155,69123.0,0.04263,A,2946.71349,768486916206412
1774158967155,2026-03-22 05:56:07.155,69123.0,0.00016,A,11.05968,1124718415652921
1774158967155,2026-03-22 05:56:07.155,69122.0,0.02,A,1382.44,96110807772127
1774158967257,2026-03-22 05:56:07.257,69120.0,0.00015,A,10.367999999999999,26983199803157
1774158967257,2026-03-22 05:56:07.257,69120.0,0.00084,A,58.0608,104627022400197
1774158967500,2026-03-22 05:56:07.500,69120.0,0.00015,B,10.367999999999999,685942248754479
1774158967998,2026-03-22 05:56:07.998,69119.0,0.00016,A,11.059040000000001,911890044760188
1774158967998,2026-03-22 05:56:07.998,69118.0,0.003,A,207.354,608616664063201
1774158967998,2026-03-22 05:56:07.998,69117.0,0.00017,A,11.74989,654743991170678
1774158968646,2026-03-22 05:56:08.646,69117.0,0.001,B,69.117,718562032952061
1774158968646,2026-03-22 05:56:08.646,69117.0,0.04437,B,3066.72129,811104417000341
1774158969450,2026-03-22 05:56:09.450,69117.0,0.005,B,345.585,597170123636653
1774158969653,2026-03-22 05:56:09.653,69117.0,0.96323,B,66575.56791,803849062805448
1774158969653,2026-03-22 05:56:09.653,69117.0,0.02218,B,1533.01506,391632456817935
1774158969653,2026-03-22 05:56:09.653,69117.0,0.34261,B,23680.17537,582157238255207
1774158969790,2026-03-22 05:56:09.790,69116.0,0.008,A,552.928,1024055174606446
1774158973421,2026-03-22 05:56:13.421,69117.0,0.005,B,345.585,837164201961142
1774158974883,2026-03-22 05:56:14.883,69116.0,2.02933,A,140259.17228,309303461766553
1774158975097,2026-03-22 05:56:15.097,69116.0,0.00056,B,38.70496,621079382528232
1774158975569,2026-03-22 05:56:15.569,69115.0,0.00017,A,11.749550000000001,1021587404308617
1774158975569,2026-03-22 05:56:15.569,69115.0,0.00723,A,499.70145,1056753578500355
1774158975569,2026-03-22 05:56:15.569,69115.0,0.00019,A,13.13185,263620281315111
1774158976491,2026-03-22 05:56:16.491,69115.0,0.01016,B,702.2084000000001,996755772304562
1774158977227,2026-03-22 05:56:17.227,69115.0,0.005,B,345.575,921718140718972
1774158977714,2026-03-22 05:56:17.714,69115.0,0.02894,B,2000.1881,116428154368324
1774158978534,2026-03-22 05:56:18.534,69115.0,0.02894,B,2000.1881,981746543157316
1774158978534,2026-03-22 05:56:18.534,69115.0,0.001,B,69.115,792961646865510
1774158978713,2026-03-22 05:56:18.713,69115.0,0.00103,B,71.18845,1032179264062183
1774158980376,2026-03-22 05:56:20.376,69114.0,0.00017,A,11.74938,16986241523564
1774158980376,2026-03-22 05:56:20.376,69113.0,0.00017,A,11.749210000000001,291765054634145
1774158980376,2026-03-22 05:56:20.376,69112.0,0.00016,A,11.057920000000001,42126569516076
1774158980376,2026-03-22 05:56:20.376,69112.0,0.00017,A,11.74904,372389842488016
1774158980376,2026-03-22 05:56:20.376,69112.0,0.00015,A,10.3668,54435625611968
1774158980376,2026-03-22 05:56:20.376,69111.0,0.00017,A,11.74887,172243111337163
1774158981057,2026-03-22 05:56:21.057,69112.0,0.005,B,345.56,237954598648446
1774158982808,2026-03-22 05:56:22.808,69112.0,0.00017,B,11.74904,245578536139201
1774158982938,2026-03-22 05:56:22.938,69112.0,0.00103,B,71.18536,1055465955172839
1774158984944,2026-03-22 05:56:24.944,69112.0,0.005,B,345.56,956355648546499
1774158985575,2026-03-22 05:56:25.575,69112.0,0.00337,B,232.90744,580353671484123
1774158985575,2026-03-22 05:56:25.575,69112.0,0.00432,B,298.56384,71243052927917
1774158985575,2026-03-22 05:56:25.575,69112.0,0.00872,B,602.65664,357989670924432
1774158985575,2026-03-22 05:56:25.575,69112.0,0.00606,B,418.81872000000004,540298814517966
1774158985622,2026-03-22 05:56:25.622,69112.0,0.08697,B,6010.67064,667913103568187
1774158985622,2026-03-22 05:56:25.622,69112.0,0.00157,B,108.50584,1122618012032247
1774158985622,2026-03-22 05:56:25.622,69112.0,0.00692,B,478.25504,870158137629391
1774158985622,2026-03-22 05:56:25.622,69112.0,0.00635,B,438.8612,737829137087524
1774158985622,2026-03-22 05:56:25.622,69112.0,0.00889,B,614.4056800000001,322912902212970
1774158985622,2026-03-22 05:56:25.622,69112.0,0.03716,B,2568.20192,950698390924653
1774158985622,2026-03-22 05:56:25.622,69112.0,0.04783,B,3305.62696,906590441263153
1774158985622,2026-03-22 05:56:25.622,69112.0,0.00108,B,74.64096,681756930681974
1774158985622,2026-03-22 05:56:25.622,69112.0,0.01686,B,1165.22832,955331793775622
1774158985756,2026-03-22 05:56:25.756,69112.0,0.07353,B,5081.80536,751513850322916
1774158985756,2026-03-22 05:56:25.756,69112.0,0.01542,B,1065.70704,1087226021629576
1774158985756,2026-03-22 05:56:25.756,69112.0,0.03987,B,2755.49544,936307358811915
1774158985756,2026-03-22 05:56:25.756,69112.0,0.04833,B,3340.1829599999996,128020446515109
1774158985756,2026-03-22 05:56:25.756,69112.0,0.07557,B,5222.79384,596466371657994
1774158985756,2026-03-22 05:56:25.756,69112.0,0.04075,B,2816.3140000000003,712384711946662
1774158985815,2026-03-22 05:56:25.815,69112.0,0.00872,B,602.65664,306825356789234
1774158985815,2026-03-22 05:56:25.815,69112.0,0.02277,B,1573.68024,8521421656421
1774158985815,2026-03-22 05:56:25.815,69112.0,0.02815,B,1945.5028000000002,235869612732563
1774158985815,2026-03-22 05:56:25.815,69112.0,0.02507,B,1732.6378399999999,259002867833235
1774158986017,2026-03-22 05:56:26.017,69112.0,0.02846,B,1966.92752,1100182479941633
1774158986017,2026-03-22 05:56:26.017,69112.0,0.03087,B,2133.4874400000003,978813343623113
1774158986237,2026-03-22 05:56:26.237,69112.0,0.03355,B,2318.7076,988842380581238
1774158986748,2026-03-22 05:56:26.748,69113.0,0.00015,B,10.36695,100273529551641
1774158986914,2026-03-22 05:56:26.914,69114.0,0.00015,B,10.367099999999999,954858915451598
1774158986914,2026-03-22 05:56:26.914,69115.0,0.00017,B,11.749550000000001,326598798632271
1774158986983,2026-03-22 05:56:26.983,69116.0,0.00017,B,11.749720000000002,384392256313892
1774158986983,2026-03-22 05:56:26.983,69117.0,0.00017,B,11.74989,710854074950367
1774158987065,2026-03-22 05:56:27.065,69115.0,0.00017,A,11.749550000000001,542964857566952
1774158987471,2026-03-22 05:56:27.471,69118.0,0.00017,B,11.750060000000001,833014048468257
1774158987579,2026-03-22 05:56:27.579,69119.0,0.00017,B,11.75023,33089273615533
1774158987579,2026-03-22 05:56:27.579,69119.0,0.00015,B,10.367849999999999,147828116779157
1774158987579,2026-03-22 05:56:27.579,69120.0,0.003,B,207.36,804332761652642
1774158987579,2026-03-22 05:56:27.579,69120.0,0.00017,B,11.7504,692177209381765
1774158988597,2026-03-22 05:56:28.597,69120.0,0.12097,A,8361.446399999999,253886024455141
1774158988597,2026-03-22 05:56:28.597,69119.0,0.00015,A,10.367849999999999,553316465462564
1774158988597,2026-03-22 05:56:28.597,69118.0,0.01402,A,969.03436,603267225267560
1774158988597,2026-03-22 05:56:28.597,69115.0,0.00016,A,11.0584,1089458580220422
1774158988597,2026-03-22 05:56:28.597,69113.0,0.0064,A,442.32320000000004,999541786626798
1774158988597,2026-03-22 05:56:28.597,69112.0,0.00016,A,11.057920000000001,586599334694591
1774158988597,2026-03-22 05:56:28.597,69111.0,0.33814,A,23369.19354,386320298650131
1774158989090,2026-03-22 05:56:29.090,69112.0,0.00016,B,11.057920000000001,1019208536708837
1774158989090,2026-03-22 05:56:29.090,69112.0,0.005,B,345.56,265018711506386
1774158989471,2026-03-22 05:56:29.471,69112.0,0.00103,B,71.18536,1106246038615769
1774158990478,2026-03-22 05:56:30.478,69112.0,0.008,B,552.896,903209723230996
1774158992005,2026-03-22 05:56:32.005,69112.0,0.001,B,69.112,186443053539014
1774158992408,2026-03-22 05:56:32.408,69111.0,0.01591,A,1099.55601,178952777334810
1774158992811,2026-03-22 05:56:32.811,69111.0,0.00852,A,588.8257199999999,407216117230152
1774158993091,2026-03-22 05:56:33.091,69111.0,0.00099,A,68.41989,1066456821059339
1774158993091,2026-03-22 05:56:33.091,69112.0,0.005,B,345.56,1081449004877298
1774158995021,2026-03-22 05:56:35.021,69111.0,0.00142,A,98.13762,844774393600752
1774158995268,2026-03-22 05:56:35.268,69112.0,0.0207,B,1430.6184,324933555840757
1774158996909,2026-03-22 05:56:36.909,69112.0,0.005,B,345.56,1074808932641914
1774158998046,2026-03-22 05:56:38.046,69112.0,0.00016,B,11.057920000000001,641862285740112
1774159000835,2026-03-22 05:56:40.835,69112.0,0.005,B,345.56,459683553801295
1774159003216,2026-03-22 05:56:43.216,69111.0,0.00578,A,399.46158,248678668484334
1774159004682,2026-03-22 05:56:44.682,69112.0,0.005,B,345.56,1069577940688971
1774159004864,2026-03-22 05:56:44.864,69111.0,0.00271,A,187.29081000000002,720500417282169
1774159005070,2026-03-22 05:56:45.070,69112.0,0.00057,B,39.39384,567612294882799
1774159005983,2026-03-22 05:56:45.983,69112.0,0.001,B,69.112,404081113815577
1774159008700,2026-03-22 05:56:48.700,69112.0,0.005,B,345.56,554051455014133
1774159008789,2026-03-22 05:56:48.789,69111.0,0.025,A,1727.775,497888543244888
1774159008789,2026-03-22 05:56:48.789,69112.0,0.0006,B,41.4672,562062651876209
1774159012932,2026-03-22 05:56:52.932,69112.0,0.005,B,345.56,290777528151190
1774159012932,2026-03-22 05:56:52.932,69111.0,0.006,A,414.666,584952472942642
1774159014629,2026-03-22 05:56:54.629,69111.0,0.05,A,3455.55,344168349952478
1774159016582,2026-03-22 05:56:56.582,69112.0,0.005,B,345.56,18498660177456
1774159016701,2026-03-22 05:56:56.701,69111.0,7e-05,A,4.83777,132799975208614
1774159017043,2026-03-22 05:56:57.043,69111.0,0.00017,A,11.74887,1110870020687034
1774159017533,2026-03-22 05:56:57.533,69111.0,0.00099,A,68.41989,255039619303164
1774159019072,2026-03-22 05:56:59.072,69112.0,0.00016,B,11.057920000000001,1099056930817671
1774159019559,2026-03-22 05:56:59.559,69112.0,0.001,B,69.112,365085921355164
1774159019718,2026-03-22 05:56:59.718,69111.0,0.0707,A,4886.1476999999995,694200585550873
1774159020065,2026-03-22 05:57:00.065,69111.0,0.01591,A,1099.55601,131000946999433
1774159020557,2026-03-22 05:57:00.557,69112.0,0.005,B,345.56,603691686352959
1774159021337,2026-03-22 05:57:01.337,69112.0,7e-05,B,4.83784,403788804096345
1774159022399,2026-03-22 05:57:02.399,69111.0,0.06,A,4146.66,138998105899034
1774159023302,2026-03-22 05:57:03.302,69112.0,0.00071,B,49.069520000000004,1117716987106990
1774159024494,2026-03-22 05:57:04.494,69112.0,0.005,B,345.56,315714442458893
1774159025017,2026-03-22 05:57:05.017,69111.0,0.00142,A,98.13762,134738947509995
1774159026103,2026-03-22 05:57:06.103,69111.0,0.03712,A,2565.40032,825020272438474
1774159026294,2026-03-22 05:57:06.294,69111.0,0.00099,A,68.41989,190884196803723
1774159028035,2026-03-22 05:57:08.035,69112.0,0.00016,B,11.057920000000001,162817865494024
1774159028321,2026-03-22 05:57:08.321,69112.0,0.005,B,345.56,496678988102955
1774159032125,2026-03-22 05:57:12.125,69112.0,0.005,B,345.56,33712672811412
1774159032834,2026-03-22 05:57:12.834,69111.0,0.00342,A,236.35961999999998,692787872790169
1774159033532,2026-03-22 05:57:13.532,69112.0,0.001,B,69.112,959529358411820
1774159035074,2026-03-22 05:57:15.074,69112.0,0.00057,B,39.39384,474903849182334
1774159035572,2026-03-22 05:57:15.572,69112.0,0.00168,B,116.10816,567073075685339
1774159036146,2026-03-22 05:57:16.146,69112.0,0.005,B,345.56,378829306739705
1774159040135,2026-03-22 05:57:20.135,69112.0,0.005,B,345.56,563512621690959
1774159040964,2026-03-22 05:57:20.964,69111.0,0.00099,A,68.41989,495124562460630
1774159041647,2026-03-22 05:57:21.647,69111.0,0.00075,A,51.83325,76457004168518
1774159041775,2026-03-22 05:57:21.775,69111.0,0.04295,A,2968.31745,356848581327855
1774159044129,2026-03-22 05:57:24.129,69112.0,0.005,B,345.56,147838076407731
1774159044795,2026-03-22 05:57:24.795,69111.0,0.01197,A,827.2586699999999,735389905905914
1774159047072,2026-03-22 05:57:27.072,69111.0,0.00017,A,11.74887,328610505243230
1774159047072,2026-03-22 05:57:27.072,69112.0,0.001,B,69.112,620942786871251
1774159048189,2026-03-22 05:57:28.189,69112.0,0.005,B,345.56,974435328585103
1774159049037,2026-03-22 05:57:29.037,69112.0,0.00016,B,11.057920000000001,559278100729803
1774159052231,2026-03-22 05:57:32.231,69112.0,0.005,B,345.56,398202158190767
1774159053160,2026-03-22 05:57:33.160,69111.0,0.00098,A,67.72878,66599162322982
1774159055003,2026-03-22 05:57:35.003,69111.0,0.00141,A,97.44651,180670203656996
1774159056197,2026-03-22 05:57:36.197,69112.0,0.00494,B,341.41328,141531660122205
1774159056197,2026-03-22 05:57:36.197,69112.0,0.005,B,345.56,497675727563645
1774159056197,2026-03-22 05:57:36.197,69112.0,0.00678,B,468.57935999999995,853001961143550
1774159056197,2026-03-22 05:57:36.197,69112.0,0.00388,B,268.15456,1030888278211670
1774159056894,2026-03-22 05:57:36.894,69112.0,0.00017,B,11.74904,601911626794568
1774159056894,2026-03-22 05:57:36.894,69113.0,0.00017,B,11.749210000000001,213750470163087
1774159056894,2026-03-22 05:57:36.894,69114.0,0.00015,B,10.367099999999999,1026650721716449
1774159056894,2026-03-22 05:57:36.894,69114.0,0.00017,B,11.74938,235226931607771
1774159056894,2026-03-22 05:57:36.894,69115.0,0.00017,B,11.749550000000001,123194666458099
1774159057089,2026-03-22 05:57:37.089,69116.0,0.00017,B,11.749720000000002,290537177963243
1774159057089,2026-03-22 05:57:37.089,69117.0,0.003,B,207.351,717990042648375
1774159057089,2026-03-22 05:57:37.089,69117.0,0.00017,B,11.74989,657751836787056
1774159057089,2026-03-22 05:57:37.089,69118.0,0.00016,B,11.05888,408214520879344
1774159057089,2026-03-22 05:57:37.089,69118.0,0.00017,B,11.750060000000001,559569841253306
1774159057089,2026-03-22 05:57:37.089,69118.0,0.00021,B,14.51478,77157226940238
1774159057089,2026-03-22 05:57:37.089,69118.0,0.00084,B,58.05912,727492266579083
1774159057089,2026-03-22 05:57:37.089,69119.0,0.00015,B,10.367849999999999,743862385324663
1774159057089,2026-03-22 05:57:37.089,69119.0,0.00017,B,11.75023,1073415161365125
1774159057609,2026-03-22 05:57:37.609,69120.0,0.00017,B,11.7504,254858495964853
1774159057609,2026-03-22 05:57:37.609,69121.0,0.00017,B,11.750570000000002,957629363389724
1774159058020,2026-03-22 05:57:38.020,69122.0,0.00016,B,11.059520000000001,781089568518926
1774159060342,2026-03-22 05:57:40.342,69122.0,1e-05,B,0.6912200000000001,995287969956933
1774159060342,2026-03-22 05:57:40.342,69122.0,0.003,B,207.366,368439020450339
1774159060342,2026-03-22 05:57:40.342,69122.0,0.0002,B,13.8244,395770803950087
1774159060342,2026-03-22 05:57:40.342,69122.0,0.00179,B,123.72838,843719139946619
1774159061425,2026-03-22 05:57:41.425,69122.0,0.001,B,69.122,204699038708943
1774159063451,2026-03-22 05:57:43.451,69122.0,0.00114,B,78.79908,1091784618592453
1774159064255,2026-03-22 05:57:44.255,69122.0,0.005,B,345.61,897671051759950
1774159065059,2026-03-22 05:57:45.059,69122.0,0.00056,B,38.70831999999999,664351017962355
1774159066207,2026-03-22 05:57:46.207,69121.0,0.00099,A,68.42979,500388707248886
1774159068240,2026-03-22 05:57:48.240,69122.0,0.00017,B,11.75074,428921488106410
1774159068240,2026-03-22 05:57:48.240,69122.0,0.00483,B,333.85926,912757361675882
1774159071686,2026-03-22 05:57:51.686,69121.0,0.07063,A,4882.01623,749395651267487
1774159072092,2026-03-22 05:57:52.092,69122.0,0.005,B,345.61,95018044636185
1774159074517,2026-03-22 05:57:54.517,69121.0,0.02894,A,2000.36174,135513575252025
1774159075514,2026-03-22 05:57:55.514,69122.0,0.001,B,69.122,404100810065703
1774159076125,2026-03-22 05:57:56.125,69122.0,0.004,B,276.488,955872959029230
1774159076125,2026-03-22 05:57:56.125,69122.0,0.00017,B,11.75074,307928715236767
1774159076125,2026-03-22 05:57:56.125,69122.0,0.00083,B,57.37126,1011802787817781
1774159076495,2026-03-22 05:57:56.495,69121.0,0.04225,A,2920.36225,480282148455199
1774159076495,2026-03-22 05:57:56.495,69121.0,0.08159,A,5639.58239,696837826578790
1774159077011,2026-03-22 05:57:57.011,69121.0,0.00017,A,11.750570000000002,468141151437790
1774159078742,2026-03-22 05:57:58.742,69121.0,0.00099,A,68.42979,489548611951
1774159079021,2026-03-22 05:57:59.021,69122.0,0.00016,B,11.059520000000001,481634425896093
1774159079749,2026-03-22 05:57:59.749,69122.0,0.00017,B,11.75074,931360403213418
1774159080029,2026-03-22 05:58:00.029,69122.0,0.005,B,345.61,96464260363825
1774159081156,2026-03-22 05:58:01.156,69121.0,0.01446,A,999.4896600000001,1018268702482620
1774159084025,2026-03-22 05:58:04.025,69121.0,0.00142,A,98.15182,872723099353402
1774159084130,2026-03-22 05:58:04.130,69122.0,0.00017,B,11.75074,255737902487862
1774159084130,2026-03-22 05:58:04.130,69122.0,0.00483,B,333.85926,113061611076514
1774159085545,2026-03-22 05:58:05.545,69122.0,0.0207,B,1430.8254,476253463407036
1774159086762,2026-03-22 05:58:06.762,69122.0,0.00071,B,49.07662,1019514489979188
1774159088071,2026-03-22 05:58:08.071,69122.0,0.00016,B,11.059520000000001,1095108816337256
1774159088495,2026-03-22 05:58:08.495,69122.0,0.005,B,345.61,89762679036021
1774159089994,2026-03-22 05:58:09.994,69122.0,0.001,B,69.122,750722136974613
1774159092212,2026-03-22 05:58:12.212,69121.0,0.00099,A,68.42979,945012342920982
1774159092286,2026-03-22 05:58:12.286,69122.0,0.00017,B,11.75074,966029297448564
1774159092286,2026-03-22 05:58:12.286,69123.0,0.00483,B,333.86409000000003,350322651911893
1774159095037,2026-03-22 05:58:15.037,69123.0,0.00057,B,39.40011,283453921300950
1774159096252,2026-03-22 05:58:16.252,69123.0,0.005,B,345.615,159935720585046
1774159096452,2026-03-22 05:58:16.452,69123.0,0.00623,B,430.63629000000003,447752349178541
1774159097808,2026-03-22 05:58:17.808,69123.0,0.00016,B,11.05968,528776186526576
1774159100213,2026-03-22 05:58:20.213,69123.0,0.005,B,345.615,1121168181770206
1774159103658,2026-03-22 05:58:23.658,69123.0,0.001,B,69.123,621434863837212
1774159104064,2026-03-22 05:58:24.064,69123.0,0.005,B,345.615,776054890970263
1774159104843,2026-03-22 05:58:24.843,69122.0,0.00099,A,68.43078,426113518039574
1774159107088,2026-03-22 05:58:27.088,69122.0,0.00017,A,11.75074,171980215029202
1774159107982,2026-03-22 05:58:27.982,69123.0,0.005,B,345.615,879063754039417
1774159108441,2026-03-22 05:58:28.441,69122.0,0.06936,A,4794.301920000001,321440721600652
1774159108441,2026-03-22 05:58:28.441,69122.0,0.13835,A,9563.0287,1019378001999647
1774159108441,2026-03-22 05:58:28.441,69122.0,0.12732,A,8800.613039999998,385918751614179
1774159108441,2026-03-22 05:58:28.441,69122.0,0.14247,A,9847.81134,1047849104168283
1774159108441,2026-03-22 05:58:28.441,69122.0,0.19151,A,13237.554220000002,968544967311890
1774159108441,2026-03-22 05:58:28.441,69122.0,0.11605,A,8021.6081,1093715999806917
1774159108441,2026-03-22 05:58:28.441,69122.0,0.13827,A,9557.49894,183578994111597
1774159108441,2026-03-22 05:58:28.441,69122.0,0.12856,A,8886.32432,223362138056320
1774159108441,2026-03-22 05:58:28.441,69122.0,0.12082,A,8351.32004,1110768008146287
1774159108441,2026-03-22 05:58:28.441,69122.0,0.12362,A,8544.86164,271152313407644
1774159108441,2026-03-22 05:58:28.441,69122.0,3.05087,A,210882.23614000002,774799979485420
1774159108441,2026-03-22 05:58:28.441,69122.0,0.06937,A,4794.9931400000005,117891979781506
1774159108441,2026-03-22 05:58:28.441,69122.0,0.37096,A,25641.49712,441572285269579
1774159108441,2026-03-22 05:58:28.441,69122.0,0.21247,A,14686.35134,350960138268745
1774159109121,2026-03-22 05:58:29.121,69123.0,0.00016,B,11.05968,1036370266723636
1774159109930,2026-03-22 05:58:29.930,69122.0,0.1508,A,10423.5976,831618616893897
1774159109930,2026-03-22 05:58:29.930,69122.0,0.21202,A,14655.246439999999,202696555721530
1774159109930,2026-03-22 05:58:29.930,69122.0,0.00145,A,100.22689999999999,22972206613387
1774159109930,2026-03-22 05:58:29.930,69122.0,1.01271,A,70000.54062,378748514136644
1774159109930,2026-03-22 05:58:29.930,69122.0,0.00154,A,106.44788,177863202370281
1774159109930,2026-03-22 05:58:29.930,69122.0,0.00144,A,99.53568,530207962582531
1774159109930,2026-03-22 05:58:29.930,69122.0,0.06677,A,4615.2759399999995,886792624406605
1774159109930,2026-03-22 05:58:29.930,69122.0,0.06237,A,4311.13914,555622932318361
1774159109930,2026-03-22 05:58:29.930,69122.0,0.12073,A,8345.09906,418171295848935
1774159109930,2026-03-22 05:58:29.930,69122.0,0.021,A,1451.5620000000001,428542573829590
1774159109930,2026-03-22 05:58:29.930,69121.0,0.1499,A,10361.2379,636207491567481
1774159109930,2026-03-22 05:58:29.930,69121.0,0.055,A,3801.655,901760009366062
1774159109930,2026-03-22 05:58:29.930,69121.0,0.00015,A,10.36815,693041113867656
1774159109930,2026-03-22 05:58:29.930,69120.0,0.01012,A,699.4944,404065802497705
1774159111824,2026-03-22 05:58:31.824,69120.0,0.12014,B,8304.076799999999,93193035485039
1774159111906,2026-03-22 05:58:31.906,69119.0,0.00015,A,10.367849999999999,80459212606239
1774159111906,2026-03-22 05:58:31.906,69119.0,0.00317,A,219.10723000000002,988783978321039
1774159112029,2026-03-22 05:58:32.029,69120.0,0.005,B,345.6,592634299194827
1774159113629,2026-03-22 05:58:33.629,69116.0,0.003,A,207.348,642132985552171
1774159113629,2026-03-22 05:58:33.629,69115.0,0.00016,A,11.0584,1026646630977805
1774159113629,2026-03-22 05:58:33.629,69115.0,0.00017,A,11.749550000000001,1030347860570764
1774159114033,2026-03-22 05:58:34.033,69115.0,0.00142,A,98.1433,790948243912548
1774159114556,2026-03-22 05:58:34.556,69115.0,0.00853,A,589.55095,1056961716910076
1774159114556,2026-03-22 05:58:34.556,69115.0,0.00159,A,109.89285000000001,459206457767005
1774159114681,2026-03-22 05:58:34.681,69115.0,0.36168,A,24997.5132,22254293143362
1774159114681,2026-03-22 05:58:34.681,69115.0,0.06937,A,4794.50755,364070853491428
1774159114681,2026-03-22 05:58:34.681,69115.0,0.35389,A,24459.10735,535251176050502
1774159114681,2026-03-22 05:58:34.681,69115.0,0.06854,A,4737.1421,674905536274464
1774159114681,2026-03-22 05:58:34.681,69115.0,0.12082,A,8350.4743,555142304265377
1774159114681,2026-03-22 05:58:34.681,69115.0,0.0936,A,6469.164,353691917716474
1774159114681,2026-03-22 05:58:34.681,69115.0,0.10546,A,7288.8679,287474103393135
1774159114681,2026-03-22 05:58:34.681,69115.0,0.10774,A,7446.4501,986233725567035
1774159114681,2026-03-22 05:58:34.681,69115.0,0.24284,A,16783.8866,910486230120256
1774159114681,2026-03-22 05:58:34.681,69115.0,0.14625,A,10108.068749999999,842530682828437
1774159114681,2026-03-22 05:58:34.681,69115.0,0.13117,A,9065.814550000001,421369125447412
1774159114681,2026-03-22 05:58:34.681,69115.0,0.10782,A,7451.9793,1080043080553836
1774159114681,2026-03-22 05:58:34.681,69115.0,0.11384,A,7868.0516,157787835192443
1774159114681,2026-03-22 05:58:34.681,69115.0,0.0989,A,6835.4735,1094922564490074
1774159114681,2026-03-22 05:58:34.681,69115.0,0.12271,A,8481.10165,428955208279395
1774159114681,2026-03-22 05:58:34.681,69115.0,0.10642,A,7355.2183,350606405363406
1774159114681,2026-03-22 05:58:34.681,69115.0,0.09664,A,6679.2736,703039636381509
1774159114681,2026-03-22 05:58:34.681,69115.0,0.5,A,34557.5,261976296967080
1774159114681,2026-03-22 05:58:34.681,69115.0,0.06066,A,4192.5159,1057932473957227
1774159114681,2026-03-22 05:58:34.681,69114.0,0.04048,A,2797.73472,1054697948602432
1774159114681,2026-03-22 05:58:34.681,69114.0,0.00015,A,10.367099999999999,117758665264132
1774159114681,2026-03-22 05:58:34.681,69113.0,0.04602,A,3180.5802599999997,443572608193264
1774159114681,2026-03-22 05:58:34.681,69112.0,0.11079,A,7656.91848,1061523382344515
1774159114681,2026-03-22 05:58:34.681,69112.0,0.00016,A,11.057920000000001,613445777920910
1774159114681,2026-03-22 05:58:34.681,69112.0,0.0933,A,6448.1496,94318127578306
1774159114681,2026-03-22 05:58:34.681,69112.0,0.001,A,69.112,724787160610130
1774159114681,2026-03-22 05:58:34.681,69112.0,0.05665,A,3915.1947999999998,372201083836934
1774159114681,2026-03-22 05:58:34.681,69112.0,0.00015,A,10.3668,679543494848091
1774159114681,2026-03-22 05:58:34.681,69111.0,21.64295,A,1495765.9174499998,599249163328848
1774159116081,2026-03-22 05:58:36.081,69112.0,0.005,B,345.56,238191595095220
1774159117298,2026-03-22 05:58:37.298,69112.0,0.001,B,69.112,310783143307641
1774159118039,2026-03-22 05:58:38.039,69112.0,0.00016,B,11.057920000000001,50044163865496
1774159118105,2026-03-22 05:58:38.105,69111.0,0.00099,A,68.41989,954711651467655
1774159119916,2026-03-22 05:58:39.916,69112.0,0.005,B,345.56,129435449012491
1774159123964,2026-03-22 05:58:43.964,69112.0,0.005,B,345.56,946205469450660
1774159124761,2026-03-22 05:58:44.761,69111.0,0.0246,A,1700.1306,896038750090210
1774159125014,2026-03-22 05:58:45.014,69112.0,0.00056,B,38.70272,1118251314695028
1774159126021,2026-03-22 05:58:46.021,69111.0,5.0,A,345555.0,455415917266479
1774159127361,2026-03-22 05:58:47.361,69112.0,0.001,B,69.112,585599107710374
1774159127967,2026-03-22 05:58:47.967,69112.0,0.005,B,345.56,929617884573256
1774159130315,2026-03-22 05:58:50.315,69112.0,0.001,B,69.112,312057822157472
1774159130781,2026-03-22 05:58:50.781,69111.0,0.00099,A,68.41989,1256655407694
1774159131786,2026-03-22 05:58:51.786,69112.0,0.005,B,345.56,520495396518774
1774159135538,2026-03-22 05:58:55.538,69112.0,0.005,B,345.56,196851240057640
1774159137050,2026-03-22 05:58:57.050,69111.0,0.00017,A,11.74887,509554521881672
1774159137253,2026-03-22 05:58:57.253,69111.0,1.2,A,82933.2,1006552376995969
1774159139031,2026-03-22 05:58:59.031,69112.0,0.00016,B,11.057920000000001,158975183401411
1774159139352,2026-03-22 05:58:59.352,69112.0,0.005,B,345.56,700037569889480
1774159140489,2026-03-22 05:59:00.489,69111.0,7e-05,A,4.83777,346082142222877
1774159140489,2026-03-22 05:59:00.489,69111.0,0.37941,A,26221.40451,944050850720652
1774159143205,2026-03-22 05:59:03.205,69112.0,0.005,B,345.56,635621503705443
1774159143812,2026-03-22 05:59:03.812,69111.0,0.00015,A,10.36665,990730115513770
1774159143905,2026-03-22 05:59:03.905,69112.0,0.001,B,69.112,414479329231835
1774159145013,2026-03-22 05:59:05.013,69111.0,0.00142,A,98.13762,257469000513139
1774159145332,2026-03-22 05:59:05.332,69112.0,7e-05,B,4.83784,783504259974653
1774159147084,2026-03-22 05:59:07.084,69111.0,0.43469,A,30041.86059,1042184705370889
1774159147220,2026-03-22 05:59:07.220,69112.0,0.00495,B,342.10440000000006,576880370997116
1774159147220,2026-03-22 05:59:07.220,69112.0,5e-05,B,3.4556,689711732491883
1774159148023,2026-03-22 05:59:08.023,69112.0,0.00016,B,11.057920000000001,574260245764991
1774159148731,2026-03-22 05:59:08.731,69111.0,0.00018,A,12.43998,60868855554120
1774159151101,2026-03-22 05:59:11.101,69112.0,0.005,B,345.56,359889996620894
1774159151244,2026-03-22 05:59:11.244,69111.0,0.00099,A,68.41989,912244300622387
1774159154952,2026-03-22 05:59:14.952,69112.0,0.005,B,345.56,1101179489531235
1774159155054,2026-03-22 05:59:15.054,69112.0,0.00057,B,39.39384,262560055522141
1774159157369,2026-03-22 05:59:17.369,69112.0,0.001,B,69.112,495114851934891
1774159159089,2026-03-22 05:59:19.089,69112.0,0.005,B,345.56,478372366090823
1774159162124,2026-03-22 05:59:22.124,69111.0,0.00099,A,68.41989,1007563842687413
1774159162986,2026-03-22 05:59:22.986,69112.0,0.00325,B,224.61399999999998,357526759567291
1774159163221,2026-03-22 05:59:23.221,69112.0,0.005,B,345.56,946555540439007
1774159166657,2026-03-22 05:59:26.657,69112.0,0.05098,B,3523.3297599999996,772536034020627
1774159166657,2026-03-22 05:59:26.657,69112.0,0.05098,B,3523.3297599999996,854125302968338
1774159166657,2026-03-22 05:59:26.657,69112.0,0.02804,B,1937.90048,471698890694661
1774159167060,2026-03-22 05:59:27.060,69111.0,0.00017,A,11.74887,285562383207048
1774159167185,2026-03-22 05:59:27.185,69112.0,0.005,B,345.56,331233181285641
1774159169025,2026-03-22 05:59:29.025,69112.0,0.00016,B,11.057920000000001,371212176837062
1774159170051,2026-03-22 05:59:30.051,69112.0,0.01589,B,1098.1896800000002,155537399504797
1774159170051,2026-03-22 05:59:30.051,69112.0,0.00481,B,332.42872,713304404871028
1774159171030,2026-03-22 05:59:31.030,69112.0,0.001,B,69.112,544960053075141
1774159171436,2026-03-22 05:59:31.436,69112.0,0.005,B,345.56,117507942605082
1774159171436,2026-03-22 05:59:31.436,69111.0,0.05787,A,3999.4535699999997,321692136336076
1774159174044,2026-03-22 05:59:34.044,69111.0,0.00142,A,98.13762,323281003646133
1774159174858,2026-03-22 05:59:34.858,69111.0,0.01051,A,726.35661,64671316725838
1774159175266,2026-03-22 05:59:35.266,69112.0,0.005,B,345.56,863909824656997
1774159177483,2026-03-22 05:59:37.483,69111.0,0.00099,A,68.41989,504230316998767
1774159178014,2026-03-22 05:59:38.014,69112.0,0.00016,B,11.057920000000001,277630820545343
1774159179114,2026-03-22 05:59:39.114,69112.0,0.005,B,345.56,731644643964871
1774159182860,2026-03-22 05:59:42.860,69112.0,0.005,B,345.56,562950743952200
1774159183172,2026-03-22 05:59:43.172,69111.0,0.014,A,967.554,161082370215504
1774159184671,2026-03-22 05:59:44.671,69112.0,0.001,B,69.112,508807381246961
1774159185061,2026-03-22 05:59:45.061,69112.0,0.00056,B,38.70272,1044359162192913
1774159186877,2026-03-22 05:59:46.877,69112.0,0.005,B,345.56,1074679253901220
1774159187534,2026-03-22 05:59:47.534,69112.0,0.00016,B,11.057920000000001,489283364836276
1774159189885,2026-03-22 05:59:49.885,69111.0,0.00098,A,67.72878,67483366058587
1774159190811,2026-03-22 05:59:50.811,69112.0,0.005,B,345.56,589343013399275
1774159192358,2026-03-22 05:59:52.358,69112.0,0.01582,B,1093.35184,577355550039197
1774159194303,2026-03-22 05:59:54.303,69111.0,0.04,A,2764.44,933563687642416
1774159194778,2026-03-22 05:59:54.778,69112.0,0.005,B,345.56,184854853584530
1774159197002,2026-03-22 05:59:57.002,69111.0,0.00017,A,11.74887,853065735040661
1774159198651,2026-03-22 05:59:58.651,69112.0,0.005,B,345.56,489149330725871
1774159198726,2026-03-22 05:59:58.726,69112.0,0.001,B,69.112,632120104089734
1774159199049,2026-03-22 05:59:59.049,69112.0,0.00016,B,11.057920000000001,697456926220718
1774159199660,2026-03-22 05:59:59.660,69112.0,0.00356,B,246.03871999999998,1003056805948219
1774159199997,2026-03-22 05:59:59.997,69111.0,0.00099,A,68.41989,877446009905859
1774159200893,2026-03-22 06:00:00.893,69112.0,0.00022,B,15.204640000000001,1052032238700388
1774159200893,2026-03-22 06:00:00.893,69112.0,0.00022,B,15.204640000000001,481164273815475
1774159201042,2026-03-22 06:00:01.042,69112.0,0.00022,B,15.204640000000001,423453246917366
1774159202592,2026-03-22 06:00:02.592,69112.0,0.005,B,345.56,549131504984158
1774159202938,2026-03-22 06:00:02.938,69111.0,4.35597,A,301045.44267,413316173634146
1774159203091,2026-03-22 06:00:03.091,69111.0,1.44694,A,99999.47034,540050193599526
1774159203091,2026-03-22 06:00:03.091,69111.0,5.05732,A,349516.44252,772112566147814
1774159203091,2026-03-22 06:00:03.091,69111.0,0.00017,A,11.74887,796921987816473
1774159203091,2026-03-22 06:00:03.091,69111.0,0.11201,A,7741.1231099999995,1032537118727436
1774159203091,2026-03-22 06:00:03.091,69111.0,0.00032,A,22.11552,1002123315565648
1774159203091,2026-03-22 06:00:03.091,69111.0,0.08251,A,5702.34861,709106899952860
1774159203091,2026-03-22 06:00:03.091,69111.0,0.00238,A,164.48418,38093338246825
1774159203091,2026-03-22 06:00:03.091,69110.0,0.00017,A,11.748700000000001,147988010647892
1774159203091,2026-03-22 06:00:03.091,69110.0,0.00086,A,59.434599999999996,855857493894271
1774159203091,2026-03-22 06:00:03.091,69109.0,0.003,A,207.327,74062237800710
1774159203091,2026-03-22 06:00:03.091,69109.0,0.00017,A,11.74853,220771094833001
1774159203091,2026-03-22 06:00:03.091,69108.0,0.00016,A,11.05728,715974148109021
1774159203091,2026-03-22 06:00:03.091,69108.0,0.00017,A,11.748360000000002,672129287692742
1774159203091,2026-03-22 06:00:03.091,69107.0,0.00017,A,11.748190000000001,91187691439749
1774159203091,2026-03-22 06:00:03.091,69106.0,0.00017,A,11.74802,779170431555121
1774159203091,2026-03-22 06:00:03.091,69106.0,0.00056,A,38.69936,455714783348133
1774159203091,2026-03-22 06:00:03.091,69105.0,0.00017,A,11.747850000000001,158704714010820
1774159203091,2026-03-22 06:00:03.091,69105.0,0.00015,A,10.365749999999998,1116419744989470
1774159203091,2026-03-22 06:00:03.091,69105.0,0.003,A,207.315,901810171372465
1774159203091,2026-03-22 06:00:03.091,69104.0,0.00016,A,11.056640000000002,152946519109803
1774159203091,2026-03-22 06:00:03.091,69104.0,0.00017,A,11.74768,1119956416251498
1774159203938,2026-03-22 06:00:03.938,69103.0,0.00017,A,11.74751,9191388451866
1774159203938,2026-03-22 06:00:03.938,69102.0,0.00017,A,11.747340000000001,843081130624335
1774159204093,2026-03-22 06:00:04.093,69101.0,0.00141,A,97.43241,592150141062103
1774159204414,2026-03-22 06:00:04.414,69102.0,0.0091,B,628.8282,890334225794707
1774159204414,2026-03-22 06:00:04.414,69102.0,0.02014,B,1391.7142800000001,665207359861912
1774159204485,2026-03-22 06:00:04.485,69102.0,0.00046,B,31.786920000000002,978676670085858
1774159204750,2026-03-22 06:00:04.750,69102.0,0.005,B,345.51,534438648310008
1774159206608,2026-03-22 06:00:06.608,69102.0,0.005,B,345.51,733791811924405
1774159207371,2026-03-22 06:00:07.371,69101.0,0.01133,A,782.91433,726880420361863
1774159207775,2026-03-22 06:00:07.775,69101.0,0.23726,A,16394.90326,315671488742100
1774159207775,2026-03-22 06:00:07.775,69101.0,0.00434,A,299.89834,600599895040830
1774159207775,2026-03-22 06:00:07.775,69101.0,0.00028,A,19.34828,821593893708038
1774159207775,2026-03-22 06:00:07.775,69101.0,0.00017,A,11.74717,1024105446518369
1774159207775,2026-03-22 06:00:07.775,69101.0,0.04073,A,2814.4837300000004,1011909192770280
1774159208053,2026-03-22 06:00:08.053,69102.0,0.00016,B,11.056320000000001,544982551259185
1774159209394,2026-03-22 06:00:09.394,69102.0,0.00137,B,94.66973999999999,726395984548220
1774159209790,2026-03-22 06:00:09.790,69102.0,0.00017,B,11.747340000000001,68431346990171
1774159210485,2026-03-22 06:00:10.485,69102.0,0.005,B,345.51,188870403391034
1774159211423,2026-03-22 06:00:11.423,69101.0,0.14005,A,9677.59505,1121872007753548
1774159211423,2026-03-22 06:00:11.423,69101.0,0.00028,A,19.34828,193913943138754
1774159211423,2026-03-22 06:00:11.423,69100.0,0.01,A,691.0,211972027132648
1774159211423,2026-03-22 06:00:11.423,69100.0,0.00072,A,49.752,797164587634142
1774159211423,2026-03-22 06:00:11.423,69100.0,0.00016,A,11.056000000000001,165835829923335
1774159211423,2026-03-22 06:00:11.423,69100.0,0.08393,A,5799.563,613402932276842
1774159211423,2026-03-22 06:00:11.423,69100.0,0.00017,A,11.747000000000002,41136703649171
1774159211423,2026-03-22 06:00:11.423,69098.0,0.00019,A,13.128620000000002,631089391219989
1774159211423,2026-03-22 06:00:11.423,69098.0,0.003,A,207.294,919257283881181
1774159211423,2026-03-22 06:00:11.423,69097.0,0.00031,A,21.42007,102658299747229
1774159211423,2026-03-22 06:00:11.423,69096.0,0.00015,A,10.3644,457635466895937
1774159211423,2026-03-22 06:00:11.423,69096.0,0.00294,A,203.14224,165788391527263
1774159211423,2026-03-22 06:00:11.423,69096.0,0.01012,A,699.25152,47708490318457
1774159211423,2026-03-22 06:00:11.423,69096.0,0.02894,A,1999.63824,281999398418670
1774159211423,2026-03-22 06:00:11.423,69096.0,0.00057,A,39.38472,474013290061164
1774159211423,2026-03-22 06:00:11.423,69095.0,0.00022,A,15.2009,187840175981364
1774159211423,2026-03-22 06:00:11.423,69095.0,0.04049,A,2797.6565499999997,1101285088721930
1774159211423,2026-03-22 06:00:11.423,69094.0,0.00018,A,12.43692,466391082406140
1774159211423,2026-03-22 06:00:11.423,69094.0,0.00015,A,10.364099999999999,167010593736137
1774159211423,2026-03-22 06:00:11.423,69094.0,0.05665,A,3914.1751,374848158725869
1774159211423,2026-03-22 06:00:11.423,69093.0,0.00016,A,11.05488,1056078012568751
1774159211423,2026-03-22 06:00:11.423,69093.0,0.00145,A,100.18485,1066332208332698
1774159211423,2026-03-22 06:00:11.423,69093.0,0.003,A,207.279,5630519457501
1774159211423,2026-03-22 06:00:11.423,69092.0,0.00039,A,26.94588,513283226279371
1774159211423,2026-03-22 06:00:11.423,69091.0,0.10109,A,6984.40919,311451065065055
1774159211423,2026-03-22 06:00:11.423,69091.0,0.10139,A,7005.13649,683279153356778
1774159211423,2026-03-22 06:00:11.423,69091.0,0.00064,A,44.21824,260872697289605
1774159211423,2026-03-22 06:00:11.423,69091.0,0.15394,A,10635.86854,1026411155722260
1774159211476,2026-03-22 06:00:11.476,69091.0,0.06319,A,4365.86029,389025552407263
1774159211476,2026-03-22 06:00:11.476,69090.0,0.00016,A,11.054400000000001,915255972235562
1774159211476,2026-03-22 06:00:11.476,69090.0,0.07227,A,4993.1343,403428830015820
1774159211476,2026-03-22 06:00:11.476,69090.0,0.11438,A,7902.5142,91661619599613
1774159211571,2026-03-22 06:00:11.571,69090.0,0.03225,A,2228.1525,650226112296163
1774159211571,2026-03-22 06:00:11.571,69090.0,0.02285,A,1578.7065,386374812802909
1774159211571,2026-03-22 06:00:11.571,69090.0,0.0195,A,1347.255,734671917734526
1774159211571,2026-03-22 06:00:11.571,69090.0,0.02894,A,1999.4646,787323603340590
1774159211571,2026-03-22 06:00:11.571,69090.0,0.1,A,6909.0,821654726500488
1774159211571,2026-03-22 06:00:11.571,69090.0,0.05243,A,3622.3887,292001403989554
1774159211571,2026-03-22 06:00:11.571,69090.0,0.01357,A,937.5513000000001,656489729479870
1774159211571,2026-03-22 06:00:11.571,69089.0,0.00723,A,499.51347000000004,741087171686830
1774159211571,2026-03-22 06:00:11.571,69089.0,0.00015,A,10.363349999999999,525651171522675
1774159211571,2026-03-22 06:00:11.571,69089.0,0.23502,A,16237.29678,12518493306732
1774159213129,2026-03-22 06:00:13.129,69090.0,0.001,B,69.09,360938862208002
1774159214006,2026-03-22 06:00:14.006,69089.0,0.00289,A,199.66721,872210104769439
1774159214006,2026-03-22 06:00:14.006,69089.0,0.00805,A,556.1664499999999,677146197360123
1774159214626,2026-03-22 06:00:14.626,69089.0,0.00183,A,126.43287000000001,208993837028235
1774159214928,2026-03-22 06:00:14.928,69090.0,0.00195,B,134.72549999999998,708564611738136
1774159215033,2026-03-22 06:00:15.033,69090.0,0.00057,B,39.381299999999996,63709811218671
1774159215127,2026-03-22 06:00:15.127,69089.0,0.00087,A,60.10743,1120335387167781
1774159215249,2026-03-22 06:00:15.249,69089.0,0.00099,A,68.39811,795650809048397
1774159215604,2026-03-22 06:00:15.604,69090.0,0.005,B,345.45,473908980061067
1774159215604,2026-03-22 06:00:15.604,69089.0,0.0034,A,234.90259999999998,49331445446425
1774159215951,2026-03-22 06:00:15.951,69090.0,0.00022,B,15.1998,180544834150485
1774159217199,2026-03-22 06:00:17.199,69090.0,0.00017,B,11.7453,64537014946535
1774159219577,2026-03-22 06:00:19.577,69090.0,0.005,B,345.45,823843076791429
1774159222509,2026-03-22 06:00:22.509,69089.0,0.01066,A,736.48874,186818981524030
1774159222710,2026-03-22 06:00:22.710,69090.0,0.00045,B,31.0905,471356076216642
1774159223448,2026-03-22 06:00:23.448,69090.0,0.005,B,345.45,331449713279319
1774159225473,2026-03-22 06:00:25.473,69089.0,0.17579,A,12145.15531,8732315699297
1774159225473,2026-03-22 06:00:25.473,69089.0,0.01188,A,820.77732,299675376113070
1774159225473,2026-03-22 06:00:25.473,69089.0,0.00028,A,19.34492,190913855566461
1774159225473,2026-03-22 06:00:25.473,69089.0,0.04076,A,2816.0676399999998,651972443816714
1774159225473,2026-03-22 06:00:25.473,69087.0,0.0005,A,34.5435,399768083658797
1774159225473,2026-03-22 06:00:25.473,69087.0,0.00043,A,29.70741,398358865043752
1774159225473,2026-03-22 06:00:25.473,69086.0,0.26761,A,18488.104460000002,545128819550898
1774159225473,2026-03-22 06:00:25.473,69086.0,0.00016,A,11.05376,977212914216270
1774159226561,2026-03-22 06:00:26.561,69085.0,0.00287,A,198.27395,266612662495409
1774159226561,2026-03-22 06:00:26.561,69085.0,0.02894,A,1999.3199,564148242568342
1774159226561,2026-03-22 06:00:26.561,69085.0,0.34545,A,23865.413249999998,231193581906600
1774159226561,2026-03-22 06:00:26.561,69085.0,0.10258,A,7086.7393,83673504097969
1774159226561,2026-03-22 06:00:26.561,69085.0,0.05068,A,3501.2278,529327413227046
1774159226829,2026-03-22 06:00:26.829,69086.0,0.0032,B,221.07520000000002,696964680304380
1774159226892,2026-03-22 06:00:26.892,69086.0,0.001,B,69.086,814739869954925
1774159227030,2026-03-22 06:00:27.030,69085.0,0.00017,A,11.74445,681841696315551
1774159227369,2026-03-22 06:00:27.369,69086.0,0.005,B,345.43,546413653242802
1774159227633,2026-03-22 06:00:27.633,69085.0,0.00055,A,37.996750000000006,123621506234649
1774159228176,2026-03-22 06:00:28.176,69085.0,0.005,A,345.425,212639243041753
1774159228289,2026-03-22 06:00:28.289,69085.0,0.001,A,69.08500000000001,327538698104569
1774159229041,2026-03-22 06:00:29.041,69086.0,0.00016,B,11.05376,286749117102232
1774159229174,2026-03-22 06:00:29.174,69085.0,0.00369,A,254.92365,925669024642520
1774159229501,2026-03-22 06:00:29.501,69085.0,0.0039,A,269.43149999999997,159939710716276
1774159229710,2026-03-22 06:00:29.710,69086.0,0.00018,B,12.43548,415974546461138
1774159231199,2026-03-22 06:00:31.199,69086.0,0.005,B,345.43,266083683444921
1774159231922,2026-03-22 06:00:31.922,69085.0,0.17047,A,11776.919950000001,126077292154051
1774159231922,2026-03-22 06:00:31.922,69085.0,0.00028,A,19.343799999999998,951527924686616
1774159231922,2026-03-22 06:00:31.922,69085.0,0.09443,A,6523.69655,351036207689078
1774159231922,2026-03-22 06:00:31.922,69085.0,0.09188,A,6347.5298,1025406013267838
1774159231922,2026-03-22 06:00:31.922,69085.0,0.05235,A,3616.59975,956953382806981
1774159231922,2026-03-22 06:00:31.922,69084.0,0.25,A,17271.0,150203314842045
1774159231922,2026-03-22 06:00:31.922,69084.0,0.00134,A,92.57256000000001,451118713896963
1774159231922,2026-03-22 06:00:31.922,69082.0,0.0029,A,200.3378,883321430859781
1774159231922,2026-03-22 06:00:31.922,69082.0,0.00016,A,11.053120000000002,465361184898490
1774159231922,2026-03-22 06:00:31.922,69081.0,0.00029,A,20.03349,1028350775735654
1774159231922,2026-03-22 06:00:31.922,69080.0,0.0005,A,34.54,96739620168260
1774159231922,2026-03-22 06:00:31.922,69080.0,0.00016,A,11.052800000000001,400644623346203
1774159231922,2026-03-22 06:00:31.922,69080.0,0.00059,A,40.757200000000005,1052311757260988
1774159231922,2026-03-22 06:00:31.922,69079.0,0.00016,A,11.05264,25893146253415
1774159231922,2026-03-22 06:00:31.922,69079.0,0.00021,A,14.506590000000001,490167536623864
1774159231922,2026-03-22 06:00:31.922,69079.0,0.00028,A,19.342119999999998,1415664175884
1774159231922,2026-03-22 06:00:31.922,69079.0,0.003,A,207.237,731585917623252
1774159231922,2026-03-22 06:00:31.922,69078.0,0.00041,A,28.32198,251440075450534
1774159231922,2026-03-22 06:00:31.922,69078.0,0.07237,A,4999.17486,613682345684338
1774159231922,2026-03-22 06:00:31.922,69076.0,0.00331,A,228.64156,590285273971488
1774159231922,2026-03-22 06:00:31.922,69076.0,0.00027,A,18.65052,970125425368273
1774159231922,2026-03-22 06:00:31.922,69076.0,0.14405,A,9950.3978,370227850785184
1774159232846,2026-03-22 06:00:32.846,69076.0,0.00275,A,189.959,176596303568519
1774159232846,2026-03-22 06:00:32.846,69076.0,0.004,A,276.30400000000003,1040901872563433
1774159232846,2026-03-22 06:00:32.846,69076.0,0.00405,A,279.7578,1115319527682336
1774159232846,2026-03-22 06:00:32.846,69076.0,0.01762,A,1217.11912,21844216925394
1774159232846,2026-03-22 06:00:32.846,69076.0,0.01867,A,1289.6489199999999,435167299801966
1774159232846,2026-03-22 06:00:32.846,69076.0,0.05838,A,4032.65688,14746879254264
1774159232846,2026-03-22 06:00:32.846,69076.0,1.27097,A,87793.52372,538420169828493
1774159232846,2026-03-22 06:00:32.846,69076.0,0.01446,A,998.83896,607251181466418
1774159232846,2026-03-22 06:00:32.846,69076.0,0.43114,A,29781.42664,780546781278356
1774159232846,2026-03-22 06:00:32.846,69076.0,0.07549,A,5214.54724,382567498947066
1774159232846,2026-03-22 06:00:32.846,69076.0,0.00289,A,199.62964000000002,259846398432515
1774159232846,2026-03-22 06:00:32.846,69076.0,0.05008,A,3459.32608,156637877873937
1774159233606,2026-03-22 06:00:33.606,69077.0,0.00137,B,94.63548999999999,155285608222496
1774159234231,2026-03-22 06:00:34.231,69076.0,0.00028,A,19.341279999999998,1046103611112146
1774159234945,2026-03-22 06:00:34.945,69076.0,0.01213,A,837.89188,362199465222815
1774159234945,2026-03-22 06:00:34.945,69077.0,0.005,B,345.385,321910547114024
1774159235065,2026-03-22 06:00:35.065,69076.0,0.00142,A,98.08792,292079940613217
1774159235245,2026-03-22 06:00:35.245,69076.0,0.00033,A,22.79508,411305093189755
1774159235245,2026-03-22 06:00:35.245,69077.0,0.00084,B,58.024680000000004,307040064261208
1774159235753,2026-03-22 06:00:35.753,69076.0,0.01022,A,705.95672,1048073473885109
1774159235753,2026-03-22 06:00:35.753,69076.0,0.04769,A,3294.23444,870515326571725
1774159236239,2026-03-22 06:00:36.239,69076.0,0.00018,A,12.43368,617726442521366
1774159236838,2026-03-22 06:00:36.838,69076.0,0.00017,A,11.742920000000002,308956195353244
1774159238012,2026-03-22 06:00:38.012,69077.0,0.00016,B,11.052320000000002,341770498924070
1774159238856,2026-03-22 06:00:38.856,69077.0,0.005,B,345.385,1039987886643377
1774159240249,2026-03-22 06:00:40.249,69076.0,0.00032,A,22.10432,101883824024524
1774159240655,2026-03-22 06:00:40.655,69077.0,0.001,B,69.077,778128548980051
1774159241278,2026-03-22 06:00:41.278,69076.0,0.00099,A,68.38524,727500427287734
1774159241934,2026-03-22 06:00:41.934,69077.0,0.04398,B,3038.00646,372147119127075
1774159241934,2026-03-22 06:00:41.934,69077.0,0.04862,B,3358.5237399999996,173365294847395
1774159242887,2026-03-22 06:00:42.887,69077.0,0.005,B,345.385,934144423765670
1774159245031,2026-03-22 06:00:45.031,69077.0,0.00057,B,39.373889999999996,136570457641438
1774159246685,2026-03-22 06:00:46.685,69077.0,0.005,B,345.385,426004719637284
1774159246748,2026-03-22 06:00:46.748,69076.0,0.01158,A,799.90008,946682962826703
1774159249899,2026-03-22 06:00:49.899,69077.0,0.00044,B,30.39388,25262617818153
1774159250372,2026-03-22 06:00:50.372,69077.0,0.005,B,345.385,1105529633804412
1774159250776,2026-03-22 06:00:50.776,69076.0,0.00028,A,19.341279999999998,121061240714982
1774159253126,2026-03-22 06:00:53.126,69077.0,0.00321,B,221.73717000000002,372095821423445
1774159253729,2026-03-22 06:00:53.729,69076.0,0.00503,A,347.45228,269164085532555
1774159254398,2026-03-22 06:00:54.398,69077.0,0.005,B,345.385,929615658680427
1774159254398,2026-03-22 06:00:54.398,69077.0,0.001,B,69.077,773719668158428
1774159255584,2026-03-22 06:00:55.584,69077.0,0.04261,B,2943.37097,1075932913695435
1774159255584,2026-03-22 06:00:55.584,69076.0,0.00248,A,171.30848,31859964154693
1774159255584,2026-03-22 06:00:55.584,69076.0,0.17343,A,11979.85068,670189902516879
1774159255584,2026-03-22 06:00:55.584,69076.0,0.01409,A,973.28084,176453071291462
1774159255961,2026-03-22 06:00:55.961,69076.0,0.00044,A,30.393440000000002,64145801013253
1774159257253,2026-03-22 06:00:57.253,69076.0,0.0139,A,960.1564,61592246005433
1774159257253,2026-03-22 06:00:57.253,69076.0,0.17843,A,12325.23068,619497560795897
1774159257253,2026-03-22 06:00:57.253,69076.0,0.00029,A,20.03204,775673204748565
1774159257253,2026-03-22 06:00:57.253,69075.0,0.00016,A,11.052000000000001,652151414596729
1774159257253,2026-03-22 06:00:57.253,69075.0,0.003,A,207.225,603608379458646
1774159257253,2026-03-22 06:00:57.253,69074.0,0.00296,A,204.45904,784912716478883
1774159257253,2026-03-22 06:00:57.253,69074.0,0.01745,A,1205.3413,341119020034254
1774159258172,2026-03-22 06:00:58.172,69075.0,0.005,B,345.375,283311757577984
1774159258753,2026-03-22 06:00:58.753,69074.0,0.05493,A,3794.23482,463259293595137
1774159259081,2026-03-22 06:00:59.081,69075.0,0.00016,B,11.052000000000001,1116727186012931
1774159259394,2026-03-22 06:00:59.394,69075.0,0.00017,B,11.742750000000001,490830995905994
1774159259394,2026-03-22 06:00:59.394,69075.0,0.00166,B,114.6645,101888258202813
1774159259394,2026-03-22 06:00:59.394,69076.0,0.00017,B,11.742920000000002,620098393459562
1774159259394,2026-03-22 06:00:59.394,69076.0,0.00015,B,10.3614,1097613685788523
1774159259394,2026-03-22 06:00:59.394,69077.0,0.01855,B,1281.37835,500141102281679
1774159259467,2026-03-22 06:00:59.467,69077.0,0.00027,B,18.65079,47914605884419
1774159261281,2026-03-22 06:01:01.281,69076.0,0.01743,A,1203.99468,157128427520289
1774159262354,2026-03-22 06:01:02.354,69077.0,0.005,B,345.385,10773986912573
1774159263502,2026-03-22 06:01:03.502,69076.0,0.07652,A,5285.69552,737669008722141
1774159264053,2026-03-22 06:01:04.053,69076.0,0.00142,A,98.08792,991501372676237
1774159264176,2026-03-22 06:01:04.176,69076.0,7e-05,A,4.835319999999999,596206289007721
1774159265730,2026-03-22 06:01:05.730,69074.0,0.00017,A,11.74258,1118750674353794
1774159265730,2026-03-22 06:01:05.730,69074.0,0.00082,A,56.640679999999996,1015119123085214
1774159266182,2026-03-22 06:01:06.182,69075.0,0.00043,B,29.70225,627734230988046
1774159266182,2026-03-22 06:01:06.182,69075.0,0.00272,B,187.88400000000001,772736362663088
1774159266182,2026-03-22 06:01:06.182,69074.0,0.18003,A,12435.39222,625090275746532
1774159266182,2026-03-22 06:01:06.182,69074.0,0.00028,A,19.340719999999997,986139389215628
1774159266182,2026-03-22 06:01:06.182,69073.0,0.00072,A,49.73256000000001,373783137106703
1774159266182,2026-03-22 06:01:06.182,69073.0,0.00296,A,204.45608,524510200401683
1774159266182,2026-03-22 06:01:06.182,69073.0,0.00015,A,10.360949999999999,652976147452639
1774159266182,2026-03-22 06:01:06.182,69073.0,0.00016,A,11.051680000000001,1018591535263277
1774159266182,2026-03-22 06:01:06.182,69073.0,0.00017,A,11.742410000000001,902213048953771
1774159266182,2026-03-22 06:01:06.182,69072.0,0.00017,A,11.74224,7713288131718
1774159266182,2026-03-22 06:01:06.182,69071.0,0.00017,A,11.74207,757966686294356
1774159266182,2026-03-22 06:01:06.182,69071.0,0.00042,A,29.00982,288446027944816
1774159266182,2026-03-22 06:01:06.182,69071.0,0.003,A,207.213,1049211837034055
1774159266182,2026-03-22 06:01:06.182,69070.0,0.01783,A,1231.5181,501241367449138
1774159266264,2026-03-22 06:01:06.264,69071.0,0.005,B,345.355,25594038621993
1774159268021,2026-03-22 06:01:08.021,69071.0,0.00016,B,11.05136,631143427405225
1774159268072,2026-03-22 06:01:08.072,69071.0,0.001,B,69.071,1040004738356407
1774159268274,2026-03-22 06:01:08.274,69070.0,0.00099,A,68.3793,690809482151267
1774159270285,2026-03-22 06:01:10.285,69071.0,0.005,B,345.355,540781713544453
1774159270937,2026-03-22 06:01:10.937,69071.0,7e-05,B,4.834969999999999,979574439358409
1774159272666,2026-03-22 06:01:12.666,69071.0,0.00015,B,10.36065,978726183104297
1774159274050,2026-03-22 06:01:14.050,69071.0,0.003,B,207.213,1023792802570894
1774159274050,2026-03-22 06:01:14.050,69071.0,0.00017,B,11.74207,530735409808043
1774159274050,2026-03-22 06:01:14.050,69072.0,0.00015,B,10.3608,958172697924707
1774159274050,2026-03-22 06:01:14.050,69072.0,0.00017,B,11.74224,1100937230869366
1774159274050,2026-03-22 06:01:14.050,69073.0,0.04182,B,2888.63286,634425179276692
1774159274175,2026-03-22 06:01:14.175,69073.0,0.005,B,345.365,235511675360971
1774159274911,2026-03-22 06:01:14.911,69073.0,0.0006,B,41.443799999999996,526616458128236
1774159274911,2026-03-22 06:01:14.911,69073.0,0.04154,B,2869.29242,380432495720438
1774159275041,2026-03-22 06:01:15.041,69073.0,0.00056,B,38.680879999999995,814033541518959
1774159275167,2026-03-22 06:01:15.167,69073.0,0.00024,B,16.57752,77757372279913
1774159276181,2026-03-22 06:01:16.181,69072.0,0.00019,A,13.12368,913549252246776
1774159276381,2026-03-22 06:01:16.381,69073.0,0.00019,B,13.12387,852661828087931
1774159278130,2026-03-22 06:01:18.130,69073.0,0.005,B,345.365,491653567419500
1774159278130,2026-03-22 06:01:18.130,69073.0,0.02058,B,1421.52234,704289262310430
1774159280895,2026-03-22 06:01:20.895,69072.0,0.01487,A,1027.1006399999999,992960080420221
1774159280946,2026-03-22 06:01:20.946,69073.0,0.0065,B,448.9745,551434811421223
1774159282209,2026-03-22 06:01:22.209,69073.0,0.005,B,345.365,654094701681668
1774159282209,2026-03-22 06:01:22.209,69073.0,0.001,B,69.07300000000001,16109928404384
1774159282209,2026-03-22 06:01:22.209,69073.0,0.001,B,69.07300000000001,837466317354714
1774159284564,2026-03-22 06:01:24.564,69073.0,0.01374,B,949.06302,1085074113861366
1774159285128,2026-03-22 06:01:25.128,69072.0,0.00023,A,15.886560000000001,126257271711053
1774159286180,2026-03-22 06:01:26.180,69073.0,0.005,B,345.365,1040780808258141
1774159286531,2026-03-22 06:01:26.531,69072.0,0.02041,A,1409.75952,161825905945332
1774159286736,2026-03-22 06:01:26.736,69072.0,0.00099,A,68.38128,182273652568127
1774159287069,2026-03-22 06:01:27.069,69072.0,0.00017,A,11.74224,638084702041253
1774159289080,2026-03-22 06:01:29.080,69073.0,0.00016,B,11.051680000000001,180236645931749
1774159289961,2026-03-22 06:01:29.961,69072.0,0.00017,A,11.74224,1084026217346760
1774159290408,2026-03-22 06:01:30.408,69073.0,0.005,B,345.365,434884045074351
1774159291369,2026-03-22 06:01:31.369,69070.0,0.03002,A,2073.4814,571405194095783
1774159292822,2026-03-22 06:01:32.822,69070.0,0.06159,A,4254.0213,27927138813931
1774159293307,2026-03-22 06:01:33.307,69071.0,0.00017,B,11.74207,116714480951292
1774159293584,2026-03-22 06:01:33.584,69070.0,0.15718,A,10856.4226,168829815851705
1774159293584,2026-03-22 06:01:33.584,69070.0,0.00017,A,11.741900000000001,953135436413768
1774159293584,2026-03-22 06:01:33.584,69070.0,0.18086,A,12492.0002,459038466617371
1774159293584,2026-03-22 06:01:33.584,69070.0,0.00031,A,21.4117,666097506765610
1774159293584,2026-03-22 06:01:33.584,69070.0,0.00045,A,31.0815,330731140349587
1774159293584,2026-03-22 06:01:33.584,69070.0,0.86868,A,59999.7276,331705389928049
1774159294029,2026-03-22 06:01:34.029,69069.0,0.00142,A,98.07798,118194641504837
1774159294185,2026-03-22 06:01:34.185,69070.0,0.005,B,345.35,1092286811911596
1774159294416,2026-03-22 06:01:34.416,69069.0,0.00158,A,109.12902,545253904599477
1774159294416,2026-03-22 06:01:34.416,69069.0,0.0002,A,13.8138,85800089160550
1774159294416,2026-03-22 06:01:34.416,69069.0,0.00017,A,11.74173,50394345691673
1774159294416,2026-03-22 06:01:34.416,69069.0,0.00159,A,109.81971,724562318443783
1774159294548,2026-03-22 06:01:34.548,69069.0,0.17927,A,12381.99963,703753294830024
1774159294548,2026-03-22 06:01:34.548,69068.0,0.00296,A,204.44128,597475632651967
1774159294548,2026-03-22 06:01:34.548,69068.0,0.08443,A,5831.41124,964915287534888
1774159294548,2026-03-22 06:01:34.548,69068.0,0.16557,A,11435.58876,804904010735085
1774159294548,2026-03-22 06:01:34.548,69068.0,0.00041,A,28.31788,199976934632167
1774159294548,2026-03-22 06:01:34.548,69068.0,0.00016,A,11.050880000000001,48350224965249
1774159294548,2026-03-22 06:01:34.548,69068.0,0.00017,A,11.741560000000002,544230171536391
1774159294607,2026-03-22 06:01:34.607,69067.0,0.00057,A,39.36819,45678914729177
1774159294607,2026-03-22 06:01:34.607,69067.0,0.00017,A,11.74139,708329685389294
1774159294607,2026-03-22 06:01:34.607,69066.0,0.02753,A,1901.38698,274753989633257
1774159294607,2026-03-22 06:01:34.607,69066.0,0.00017,A,11.74122,677376279936958
1774159294607,2026-03-22 06:01:34.607,69065.0,0.00017,A,11.741050000000001,498520937367946
1774159294607,2026-03-22 06:01:34.607,69064.0,0.00016,A,11.05024,8722591608186
1774159294607,2026-03-22 06:01:34.607,69064.0,0.003,A,207.192,974699385502629
1774159294607,2026-03-22 06:01:34.607,69064.0,0.00017,A,11.74088,59445743048956
1774159294607,2026-03-22 06:01:34.607,69064.0,0.00066,A,45.58224,428177315948870
1774159294607,2026-03-22 06:01:34.607,69063.0,0.00017,A,11.74071,735112749344082
1774159294607,2026-03-22 06:01:34.607,69063.0,0.00015,A,10.359449999999999,1105645246979373
1774159294607,2026-03-22 06:01:34.607,69062.0,0.003,A,207.186,813598331715695
1774159294607,2026-03-22 06:01:34.607,69062.0,0.00072,A,49.72464,1025047690805870
1774159294607,2026-03-22 06:01:34.607,69062.0,0.00017,A,11.740540000000001,870772122151922
1774159294607,2026-03-22 06:01:34.607,69061.0,0.00072,A,49.72392,304969107776029
1774159294607,2026-03-22 06:01:34.607,69061.0,0.00295,A,203.72995,705484625686405
1774159294607,2026-03-22 06:01:34.607,69061.0,0.00017,A,11.74037,77552793651252
1774159294607,2026-03-22 06:01:34.607,69060.0,0.00016,A,11.049600000000002,589852621373051
1774159294607,2026-03-22 06:01:34.607,69060.0,0.00023,A,15.8838,747218876716041
1774159294607,2026-03-22 06:01:34.607,69060.0,0.00017,A,11.740200000000002,1069640942009573
1774159294607,2026-03-22 06:01:34.607,69060.0,0.003,A,207.18,1084382261548072
1774159294607,2026-03-22 06:01:34.607,69059.0,0.00294,A,203.03346,1110650286049168
1774159294607,2026-03-22 06:01:34.607,69059.0,0.00017,A,11.74003,337160394489185
1774159294607,2026-03-22 06:01:34.607,69059.0,0.00058,A,40.05422,101569745431954
1774159294607,2026-03-22 06:01:34.607,69058.0,0.00017,A,11.73986,340368244139348
1774159294733,2026-03-22 06:01:34.733,69057.0,0.00016,A,11.04912,21309267152562
1774159294733,2026-03-22 06:01:34.733,69057.0,0.00017,A,11.739690000000001,182708825113822
1774159294733,2026-03-22 06:01:34.733,69057.0,0.03484,A,2405.94588,1026313176597873
1774159294733,2026-03-22 06:01:34.733,69057.0,0.00776,A,535.88232,400783342444102
1774159294733,2026-03-22 06:01:34.733,69057.0,0.0426,A,2941.8282,1070440741449139
1774159294733,2026-03-22 06:01:34.733,69056.0,0.00019,A,13.12064,1007770543570673
1774159294733,2026-03-22 06:01:34.733,69056.0,0.00017,A,11.73952,397123214136029
1774159294733,2026-03-22 06:01:34.733,69055.0,0.00047,A,32.45585,594816251638604
1774159294733,2026-03-22 06:01:34.733,69055.0,0.001,A,69.055,367209631711055
1774159294733,2026-03-22 06:01:34.733,69055.0,0.17729,A,12242.76095,843662158517124
1774159294733,2026-03-22 06:01:34.733,69055.0,0.00017,A,11.739350000000002,249307588743611
1774159294733,2026-03-22 06:01:34.733,69054.0,0.26761,A,18479.540940000003,861338331844478
1774159294733,2026-03-22 06:01:34.733,69054.0,0.00016,A,11.04864,850783412238193
1774159294733,2026-03-22 06:01:34.733,69054.0,0.00022,A,15.191880000000001,1008542514607565
1774159294733,2026-03-22 06:01:34.733,69054.0,0.00017,A,11.739180000000001,854408051232214
1774159294733,2026-03-22 06:01:34.733,69053.0,0.00356,A,245.82868,727915397630674
1774159294733,2026-03-22 06:01:34.733,69053.0,0.00017,A,11.73901,811887835240381
1774159294733,2026-03-22 06:01:34.733,69052.0,0.25,A,17263.0,839027551599960
1774159294733,2026-03-22 06:01:34.733,69052.0,0.00017,A,11.738840000000001,953820624053480
1774159294733,2026-03-22 06:01:34.733,69051.0,0.00241,A,166.41290999999998,180779211910206
1774159294733,2026-03-22 06:01:34.733,69051.0,0.00017,A,11.73867,912887122352557
1774159294733,2026-03-22 06:01:34.733,69050.0,0.00144,A,99.432,977980904644787
1774159294733,2026-03-22 06:01:34.733,69050.0,0.00082,A,56.621,625798350038936
1774159294733,2026-03-22 06:01:34.733,69050.0,0.00105,A,72.5025,308351433974521
1774159294733,2026-03-22 06:01:34.733,69050.0,0.00386,A,266.533,1012814535293138
1774159294733,2026-03-22 06:01:34.733,69050.0,0.00294,A,203.007,311067706269850
1774159294733,2026-03-22 06:01:34.733,69050.0,0.00017,A,11.7385,1044365041895968
1774159294733,2026-03-22 06:01:34.733,69049.0,0.00072,A,49.71528,649139625016415
1774159294733,2026-03-22 06:01:34.733,69049.0,0.00016,A,11.04784,555476037360129
1774159294733,2026-03-22 06:01:34.733,69047.0,0.02896,A,1999.60112,934659514489369
1774159294792,2026-03-22 06:01:34.792,69046.0,0.00016,A,11.047360000000001,97975814693985
1774159294792,2026-03-22 06:01:34.792,69045.0,0.00312,A,215.4204,198819043648110
1774159294792,2026-03-22 06:01:34.792,69045.0,0.0029,A,200.23049999999998,966069208721499
1774159294792,2026-03-22 06:01:34.792,69045.0,0.01562,A,1078.4829,209886249589598
1774159294792,2026-03-22 06:01:34.792,69045.0,0.00194,A,133.9473,960524308234201
1774159294792,2026-03-22 06:01:34.792,69045.0,0.00016,A,11.0472,672104364581189
1774159294792,2026-03-22 06:01:34.792,69042.0,0.00016,A,11.04672,77565605509582
1774159294792,2026-03-22 06:01:34.792,69041.0,0.00291,A,200.90930999999998,1047310320494161
1774159294792,2026-03-22 06:01:34.792,69041.0,0.00287,A,198.14767,1089056444951920
1774159294792,2026-03-22 06:01:34.792,69040.0,0.00289,A,199.52560000000003,824918638788118
1774159294792,2026-03-22 06:01:34.792,69039.0,0.00029,A,20.02131,1084559465286848
1774159294792,2026-03-22 06:01:34.792,69039.0,0.0017,A,117.3663,595598271903424
1774159294792,2026-03-22 06:01:34.792,69038.0,0.00016,A,11.046080000000002,521864015214297
1774159294792,2026-03-22 06:01:34.792,69037.0,0.00016,A,11.04592,268390943203851
1774159294792,2026-03-22 06:01:34.792,69037.0,0.0002,A,13.807400000000001,648447283506280
1774159294792,2026-03-22 06:01:34.792,69037.0,0.00072,A,49.70664,314290737830659
1774159294792,2026-03-22 06:01:34.792,69037.0,0.01568,A,1082.50016,1088740136129030
1774159294845,2026-03-22 06:01:34.845,69037.0,0.01,A,690.37,486237508906794
1774159295018,2026-03-22 06:01:35.018,69037.0,0.021,A,1449.777,238860131222322
1774159295018,2026-03-22 06:01:35.018,69037.0,0.021,A,1449.777,691293075348657
1774159295018,2026-03-22 06:01:35.018,69037.0,0.008,A,552.296,315989849690256
1774159295018,2026-03-22 06:01:35.018,69037.0,0.011,A,759.4069999999999,286966854470340
1774159295018,2026-03-22 06:01:35.018,69037.0,0.008,A,552.296,116966308996987
1774159295018,2026-03-22 06:01:35.018,69037.0,0.02,A,1380.74,934020054230519
1774159295018,2026-03-22 06:01:35.018,69037.0,0.029,A,2002.073,264529463447243
1774159295203,2026-03-22 06:01:35.203,69037.0,0.12393,A,8555.75541,638407759509065
1774159295203,2026-03-22 06:01:35.203,69037.0,0.07417,A,5120.47429,653316122485821
1774159295203,2026-03-22 06:01:35.203,69037.0,0.08756,A,6044.87972,203467482386006
1774159295693,2026-03-22 06:01:35.693,69037.0,0.00072,A,49.70664,325686639697762
1774159296191,2026-03-22 06:01:36.191,69037.0,0.06898,A,4762.17226,1070737534740455
1774159296191,2026-03-22 06:01:36.191,69037.0,0.24291,A,16769.77767,234686600586371
1774159296291,2026-03-22 06:01:36.291,69038.0,0.00017,B,11.736460000000001,787890566364897
1774159296291,2026-03-22 06:01:36.291,69039.0,0.00017,B,11.736630000000002,347414243861421
1774159296291,2026-03-22 06:01:36.291,69039.0,0.00015,B,10.355849999999998,73220987870322
1774159296291,2026-03-22 06:01:36.291,69040.0,0.00017,B,11.7368,964459705119996
1774159296291,2026-03-22 06:01:36.291,69040.0,0.00034,B,23.4736,775223744163866
1774159296354,2026-03-22 06:01:36.354,69040.0,0.00034,B,23.4736,835805455042373
1774159296354,2026-03-22 06:01:36.354,69040.0,0.00043,B,29.6872,441104332101399
1774159296354,2026-03-22 06:01:36.354,69040.0,0.00238,B,164.3152,407550932082990
1774159296354,2026-03-22 06:01:36.354,69037.0,0.00413,A,285.12281,650514789401031
1774159296354,2026-03-22 06:01:36.354,69037.0,0.00577,A,398.34349,615568088913724
1774159296354,2026-03-22 06:01:36.354,69037.0,0.01156,A,798.06772,320525329488213
1774159296354,2026-03-22 06:01:36.354,69037.0,0.0116,A,800.8291999999999,1073303030438250
1774159296354,2026-03-22 06:01:36.354,69037.0,0.01724,A,1190.19788,1019745810335437
1774159296354,2026-03-22 06:01:36.354,69037.0,0.01733,A,1196.4112100000002,549211114335099
1774159296354,2026-03-22 06:01:36.354,69037.0,0.0301,A,2078.0137,927857790801011
1774159296354,2026-03-22 06:01:36.354,69037.0,0.03198,A,2207.80326,767483745477600
1774159296354,2026-03-22 06:01:36.354,69037.0,0.03259,A,2249.91583,618148836326759
1774159296354,2026-03-22 06:01:36.354,69037.0,0.02593,A,1790.12941,1011459757585478
1774159296354,2026-03-22 06:01:36.354,69037.0,0.01016,A,701.41592,472574448253210
1774159296354,2026-03-22 06:01:36.354,69037.0,0.05684,A,3924.06308,100739388598639
1774159296354,2026-03-22 06:01:36.354,69037.0,0.073,A,5039.701,336809647912126
1774159296354,2026-03-22 06:01:36.354,69037.0,0.06062,A,4185.02294,337471709463490
1774159296354,2026-03-22 06:01:36.354,69037.0,0.02965,A,2046.94705,688749234406587
1774159296354,2026-03-22 06:01:36.354,69037.0,0.08978,A,6198.14186,552628448395477
1774159296354,2026-03-22 06:01:36.354,69037.0,0.02896,A,1999.31152,876420677833255
1774159296354,2026-03-22 06:01:36.354,69037.0,0.04389,A,3030.03393,383353756661143
1774159296354,2026-03-22 06:01:36.354,69037.0,0.07934,A,5477.395579999999,730193707595925
1774159296354,2026-03-22 06:01:36.354,69037.0,0.01931,A,1333.10447,478635545421317
1774159296480,2026-03-22 06:01:36.480,69040.0,0.18963,B,13092.055199999999,276798035222719
1774159296480,2026-03-22 06:01:36.480,69041.0,0.00017,B,11.736970000000001,675808953859593
1774159296480,2026-03-22 06:01:36.480,69042.0,0.00017,B,11.73714,711854351057983
1774159296480,2026-03-22 06:01:36.480,69043.0,0.00017,B,11.73731,456822121629125
1774159296480,2026-03-22 06:01:36.480,69043.0,0.003,B,207.129,300491870316894
1774159296480,2026-03-22 06:01:36.480,69044.0,0.00017,B,11.737480000000001,537721141541294
1774159296480,2026-03-22 06:01:36.480,69045.0,0.00017,B,11.73765,636316178482698
1774159296480,2026-03-22 06:01:36.480,69046.0,0.00017,B,11.737820000000001,1086371073995456
1774159296480,2026-03-22 06:01:36.480,69047.0,0.00017,B,11.737990000000002,326491384725901
1774159296480,2026-03-22 06:01:36.480,69047.0,0.00015,B,10.35705,364163925322105
1774159296480,2026-03-22 06:01:36.480,69048.0,0.00017,B,11.73816,633348223329962
1774159296480,2026-03-22 06:01:36.480,69048.0,0.003,B,207.144,20837969388730
1774159297421,2026-03-22 06:01:37.421,69049.0,0.00017,B,11.738330000000001,128757010350814
1774159297421,2026-03-22 06:01:37.421,69049.0,0.00128,B,88.38272,758145766193170
1774159297562,2026-03-22 06:01:37.562,69048.0,0.00072,A,49.714560000000006,978406157714685
1774159297648,2026-03-22 06:01:37.648,69049.0,0.002,B,138.098,341534104650488
1774159297699,2026-03-22 06:01:37.699,69048.0,0.00015,A,10.357199999999999,928528672894429
1774159297699,2026-03-22 06:01:37.699,69048.0,0.00099,A,68.35752,46503615036489
1774159297964,2026-03-22 06:01:37.964,69049.0,0.00274,B,189.19425999999999,1002028055114516
1774159298019,2026-03-22 06:01:38.019,69049.0,0.00016,B,11.04784,407117168293722
1774159298427,2026-03-22 06:01:38.427,69049.0,0.005,B,345.245,912970083553764
1774159299119,2026-03-22 06:01:39.119,69048.0,0.00018,A,12.428640000000001,544887365838206
1774159300628,2026-03-22 06:01:40.628,69049.0,0.00041,B,28.31009,313033952595039
1774159300628,2026-03-22 06:01:40.628,69048.0,0.00028,A,19.33344,402950001348958
1774159301070,2026-03-22 06:01:41.070,69048.0,5e-05,A,3.4524000000000004,746803405788565
1774159301155,2026-03-22 06:01:41.155,69047.0,0.00015,A,10.35705,928790015169839
1774159301155,2026-03-22 06:01:41.155,69047.0,0.03751,A,2589.9529700000003,47179273810815
1774159301155,2026-03-22 06:01:41.155,69043.0,0.003,A,207.129,912430993248468
1774159301155,2026-03-22 06:01:41.155,69043.0,0.00065,A,44.87795,988682240014354
1774159301155,2026-03-22 06:01:41.155,69041.0,3.36341,A,232213.18981,288289445943025
1774159301155,2026-03-22 06:01:41.155,69041.0,0.76489,A,52808.770489999995,997792352762546
1774159301837,2026-03-22 06:01:41.837,69041.0,0.2503,A,17280.962300000003,592610061035701
1774159302343,2026-03-22 06:01:42.343,69042.0,0.005,B,345.21,690396240880610
1774159305065,2026-03-22 06:01:45.065,69040.0,0.00057,B,39.352799999999995,1094959888939611
1774159305254,2026-03-22 06:01:45.254,69039.0,0.00113,A,78.01406999999999,608193003127365
1774159306181,2026-03-22 06:01:46.181,69040.0,0.005,B,345.2,845996751823632
1774159306473,2026-03-22 06:01:46.473,69039.0,0.00017,A,11.736630000000002,232811073667020
1774159306473,2026-03-22 06:01:46.473,69040.0,0.00035,B,24.164,596354633041092
1774159307479,2026-03-22 06:01:47.479,69040.0,0.11575,B,7991.38,123421407422371
1774159307861,2026-03-22 06:01:47.861,69039.0,0.0022,A,151.88580000000002,913182774875268
1774159309121,2026-03-22 06:01:49.121,69039.0,0.03176,A,2192.6786399999996,117892584096712
1774159309121,2026-03-22 06:01:49.121,69039.0,0.00032,A,22.092480000000002,225641434959619
1774159309121,2026-03-22 06:01:49.121,69039.0,0.05923,A,4089.1799699999997,222600981750907
1774159309121,2026-03-22 06:01:49.121,69039.0,0.13636,A,9414.15804,1025413592615399
1774159309121,2026-03-22 06:01:49.121,69039.0,0.12915,A,8916.386849999999,777562748693982
1774159309121,2026-03-22 06:01:49.121,69039.0,0.05884,A,4062.2547600000003,652148537642445
1774159309121,2026-03-22 06:01:49.121,69039.0,0.5,A,34519.5,832872979960783
1774159309121,2026-03-22 06:01:49.121,69039.0,0.08341,A,5758.54299,39384647256463
1774159309121,2026-03-22 06:01:49.121,69039.0,0.05478,A,3781.95642,875665156604519
1774159309121,2026-03-22 06:01:49.121,69039.0,0.08227,A,5679.83853,527119890920633
1774159309121,2026-03-22 06:01:49.121,69039.0,0.08374,A,5781.32586,195473540770938
1774159309121,2026-03-22 06:01:49.121,69039.0,0.01448,A,999.68472,377307671312060
1774159309121,2026-03-22 06:01:49.121,69039.0,0.31623,A,21832.202970000002,300505491646643
1774159309121,2026-03-22 06:01:49.121,69039.0,0.69839,A,48216.147209999996,988491253441432
1774159309121,2026-03-22 06:01:49.121,69039.0,0.00065,A,44.87535,364216511579340
1774159309121,2026-03-22 06:01:49.121,69039.0,0.08064,A,5567.30496,258236870319804
1774159310292,2026-03-22 06:01:50.292,69040.0,0.005,B,345.2,974475128597830
1774159310292,2026-03-22 06:01:50.292,69039.0,0.06409,A,4424.70951,329392305948051
1774159310292,2026-03-22 06:01:50.292,69039.0,0.07934,A,5477.55426,828619956461308
1774159310292,2026-03-22 06:01:50.292,69039.0,0.14473,A,9992.01447,215614701965638
1774159310292,2026-03-22 06:01:50.292,69039.0,0.06945,A,4794.75855,522217736132544
1774159310503,2026-03-22 06:01:50.503,69040.0,0.1444,B,9969.376,642081432634330
1774159310701,2026-03-22 06:01:50.701,69040.0,0.00022,B,15.1888,117066922920062
1774159310701,2026-03-22 06:01:50.701,69040.0,0.001,B,69.04,372373900121683
1774159311455,2026-03-22 06:01:51.455,69040.0,0.00018,B,12.427200000000001,943192038453893
1774159311455,2026-03-22 06:01:51.455,69040.0,0.00153,B,105.63119999999999,1110988420960330
1774159311455,2026-03-22 06:01:51.455,69040.0,0.00016,B,11.0464,73557587411263
1774159311455,2026-03-22 06:01:51.455,69040.0,0.00017,B,11.7368,948084877051550
1774159311455,2026-03-22 06:01:51.455,69041.0,0.00015,B,10.35615,1031761047686892
1774159311455,2026-03-22 06:01:51.455,69041.0,0.00017,B,11.736970000000001,598486140234403
1774159311455,2026-03-22 06:01:51.455,69042.0,0.00017,B,11.73714,240611559645711
1774159311455,2026-03-22 06:01:51.455,69042.0,0.00015,B,10.3563,1118231925612103
1774159311455,2026-03-22 06:01:51.455,69043.0,0.00017,B,11.73731,384488338805921
1774159311455,2026-03-22 06:01:51.455,69044.0,0.00017,B,11.737480000000001,499640644338846
1774159311455,2026-03-22 06:01:51.455,69044.0,0.001,B,69.044,190797462857714
1774159311542,2026-03-22 06:01:51.542,69045.0,0.00017,B,11.73765,610775803006265
1774159311542,2026-03-22 06:01:51.542,69045.0,0.00016,B,11.0472,455923790495939
1774159312089,2026-03-22 06:01:52.089,69045.0,0.0045,A,310.7025,614568267256926
1774159313286,2026-03-22 06:01:53.286,69046.0,0.00017,B,11.737820000000001,506744376907015
1774159313286,2026-03-22 06:01:53.286,69046.0,1.08644,B,75014.33624,374597983113426
1774159313286,2026-03-22 06:01:53.286,69047.0,0.00017,B,11.737990000000002,137011457387716
1774159313286,2026-03-22 06:01:53.286,69047.0,0.00015,B,10.35705,524401955199731
1774159313354,2026-03-22 06:01:53.354,69047.0,0.00362,A,249.95014,1085951844383514
1774159314158,2026-03-22 06:01:54.158,69048.0,0.00017,B,11.73816,973956522385133
1774159314158,2026-03-22 06:01:54.158,69048.0,0.00483,B,333.50184,1109413438163307
1774159314158,2026-03-22 06:01:54.158,69047.0,0.02172,A,1499.70084,542367064000583
1774159315273,2026-03-22 06:01:55.273,69047.0,0.00099,A,68.35653,791591447264725
1774159316129,2026-03-22 06:01:56.129,69047.0,0.004,A,276.188,687993915686296
1774159317029,2026-03-22 06:01:57.029,69047.0,0.00017,A,11.737990000000002,219678375307925
1774159317725,2026-03-22 06:01:57.725,69047.0,0.00028,A,19.33316,583778223824904
1774159318128,2026-03-22 06:01:58.128,69048.0,0.005,B,345.24,466924375826923
1774159318185,2026-03-22 06:01:58.185,69047.0,0.0003,A,20.7141,834495778922861
1774159318343,2026-03-22 06:01:58.343,69047.0,0.0058,A,400.4726,995721570396243
1774159319034,2026-03-22 06:01:59.034,69048.0,0.00016,B,11.047680000000001,154334816352689
1774159319188,2026-03-22 06:01:59.188,69048.0,0.04558,B,3147.20784,445518426162945
1774159319791,2026-03-22 06:01:59.791,69048.0,0.00016,B,11.047680000000001,805469299782463
1774159320195,2026-03-22 06:02:00.195,69047.0,0.17868,A,12337.31796,768866411596396
1774159321165,2026-03-22 06:02:01.165,69047.0,0.002,A,138.094,682864353460343
1774159321402,2026-03-22 06:02:01.402,69048.0,0.00432,B,298.28736,558831460969725
1774159321938,2026-03-22 06:02:01.938,69048.0,0.005,B,345.24,908095252425035
1774159322737,2026-03-22 06:02:02.737,69048.0,0.00188,B,129.81024,605491903602800
1774159322787,2026-03-22 06:02:02.787,69048.0,0.07352,B,5076.40896,296349407391304
1774159322965,2026-03-22 06:02:02.965,69047.0,0.10468,A,7227.839959999999,258467843841550
1774159322965,2026-03-22 06:02:02.965,69047.0,0.15374,A,10615.285779999998,1113726161687697
1774159323339,2026-03-22 06:02:03.339,69048.0,0.11581,B,7996.44888,352545046322524
1774159324107,2026-03-22 06:02:04.107,69047.0,0.00142,A,98.04674,606359194152408
1774159324200,2026-03-22 06:02:04.200,69047.0,0.00031,A,21.40457,981470874779840
1774159324200,2026-03-22 06:02:04.200,69047.0,0.01188,A,820.27836,579359270192093
1774159324200,2026-03-22 06:02:04.200,69046.0,0.00015,A,10.3569,558817618826787
1774159324200,2026-03-22 06:02:04.200,69044.0,0.00015,A,10.356599999999998,722064200966546
1774159324200,2026-03-22 06:02:04.200,69044.0,0.00558,A,385.26552,691463585707631
1774159325798,2026-03-22 06:02:05.798,69045.0,0.005,B,345.225,126274272854436
1774159326782,2026-03-22 06:02:06.782,69045.0,0.00188,B,129.8046,666322219985760
1774159328845,2026-03-22 06:02:08.845,69045.0,0.00029,B,20.02305,635382526604840
1774159329047,2026-03-22 06:02:09.047,69044.0,0.05111,A,3528.8388400000003,782726381747705
1774159329449,2026-03-22 06:02:09.449,69045.0,0.00368,B,254.0856,687830711371106
1774159329791,2026-03-22 06:02:09.791,69045.0,0.005,B,345.225,858364488800143
1774159330589,2026-03-22 06:02:10.589,69045.0,0.001,B,69.045,83675400076902
1774159330842,2026-03-22 06:02:10.842,69044.0,0.00099,A,68.35356,669451028877775
1774159331265,2026-03-22 06:02:11.265,69045.0,0.00058,B,40.0461,131014436818584
1774159331265,2026-03-22 06:02:11.265,69045.0,0.00017,B,11.73765,968824237121344
1774159331265,2026-03-22 06:02:11.265,69046.0,0.00015,B,10.3569,718842703216730
1774159331265,2026-03-22 06:02:11.265,69046.0,0.00144,B,99.42624,127388720264885
1774159331265,2026-03-22 06:02:11.265,69046.0,0.00017,B,11.737820000000001,457167976324096
1774159331265,2026-03-22 06:02:11.265,69047.0,0.00017,B,11.737990000000002,903873910439038
1774159331265,2026-03-22 06:02:11.265,69048.0,0.78165,B,53971.369199999994,342781800582800
1774159331265,2026-03-22 06:02:11.265,69048.0,2.60447,B,179833.44456,453163767969242
1774159331265,2026-03-22 06:02:11.265,69048.0,0.0997,B,6884.085599999999,824076215869410
1774159331265,2026-03-22 06:02:11.265,69048.0,0.38063,B,26281.740240000003,656481448022515
1774159331265,2026-03-22 06:02:11.265,69048.0,0.0218,B,1505.2464,746387342159634
1774159331265,2026-03-22 06:02:11.265,69048.0,0.83563,B,57698.580239999996,882960218031335
1774159331265,2026-03-22 06:02:11.265,69048.0,0.01986,B,1371.2932799999999,57710173383897
1774159331265,2026-03-22 06:02:11.265,69048.0,0.00017,B,11.73816,919355793770847
1774159331265,2026-03-22 06:02:11.265,69048.0,0.00015,B,10.357199999999999,895688923572409
1774159331265,2026-03-22 06:02:11.265,69049.0,0.00017,B,11.738330000000001,668925048886451
1774159331265,2026-03-22 06:02:11.265,69050.0,0.00017,B,11.7385,601655494785838
1774159331265,2026-03-22 06:02:11.265,69051.0,0.00017,B,11.73867,567477336131204
1774159331265,2026-03-22 06:02:11.265,69052.0,0.00017,B,11.738840000000001,201667389917631
1774159331265,2026-03-22 06:02:11.265,69052.0,0.00016,B,11.04832,866817946455114
1774159331265,2026-03-22 06:02:11.265,69053.0,0.00017,B,11.73901,748972764275103
1774159331265,2026-03-22 06:02:11.265,69054.0,0.00017,B,11.739180000000001,352453722351612
1774159331265,2026-03-22 06:02:11.265,69054.0,0.003,B,207.162,902945600068109
1774159331265,2026-03-22 06:02:11.265,69055.0,0.00017,B,11.739350000000002,418876341529101
1774159331265,2026-03-22 06:02:11.265,69056.0,0.00016,B,11.048960000000001,19150489675048
1774159331265,2026-03-22 06:02:11.265,69056.0,0.00017,B,11.73952,285636145953230
1774159331265,2026-03-22 06:02:11.265,69056.0,0.00022,B,15.19232,185110121296726
1774159331265,2026-03-22 06:02:11.265,69056.0,0.003,B,207.168,1011574073197232
1774159331265,2026-03-22 06:02:11.265,69057.0,0.00017,B,11.739690000000001,280717369168567
1774159331265,2026-03-22 06:02:11.265,69057.0,0.00015,B,10.35855,803231135053233
1774159331265,2026-03-22 06:02:11.265,69058.0,0.00017,B,11.73986,679554901364920
1774159331265,2026-03-22 06:02:11.265,69059.0,0.00016,B,11.04944,226080333766010
1774159331265,2026-03-22 06:02:11.265,69059.0,0.00017,B,11.74003,789446493686427
1774159331265,2026-03-22 06:02:11.265,69060.0,0.00017,B,11.740200000000002,34212049672278
1774159331265,2026-03-22 06:02:11.265,69060.0,0.00043,B,29.6958,988235994169845
1774159331265,2026-03-22 06:02:11.265,69061.0,0.00017,B,11.74037,725434627561446
1774159331265,2026-03-22 06:02:11.265,69062.0,0.00017,B,11.740540000000001,433812424288885
1774159331265,2026-03-22 06:02:11.265,69062.0,0.00015,B,10.3593,754800840126840
1774159331265,2026-03-22 06:02:11.265,69063.0,0.00016,B,11.050080000000001,123920786710189
1774159331265,2026-03-22 06:02:11.265,69063.0,0.00017,B,11.74071,461495703729667
1774159331265,2026-03-22 06:02:11.265,69064.0,0.00017,B,11.74088,32033261187920
1774159331265,2026-03-22 06:02:11.265,69065.0,0.00017,B,11.741050000000001,375725856907127
1774159331265,2026-03-22 06:02:11.265,69066.0,0.00017,B,11.74122,248157367625683
1774159331265,2026-03-22 06:02:11.265,69067.0,0.00016,B,11.05072,81886618970138
1774159331265,2026-03-22 06:02:11.265,69067.0,0.00017,B,11.74139,110100602107505
1774159331265,2026-03-22 06:02:11.265,69067.0,0.04342,B,2998.88914,66339018349233
1774159331265,2026-03-22 06:02:11.265,69070.0,0.00678,B,468.29459999999995,787030945345018
1774159331458,2026-03-22 06:02:11.458,69070.0,0.00391,B,270.06370000000004,1059373159370957
1774159331561,2026-03-22 06:02:11.561,69070.0,0.0218,B,1505.7259999999999,760776964002532
1774159332172,2026-03-22 06:02:12.172,69069.0,0.00108,A,74.59452,822162555238904
1774159332308,2026-03-22 06:02:12.308,69069.0,0.00032,A,22.10208,936695223077896
1774159332613,2026-03-22 06:02:12.613,69069.0,0.08298,B,5731.34562,33135609864156
1774159332799,2026-03-22 06:02:12.799,69065.0,0.00029,B,20.02885,750784054489679
1774159332799,2026-03-22 06:02:12.799,69065.0,0.00015,B,10.359749999999998,751698991296866
1774159333305,2026-03-22 06:02:13.305,69065.0,0.17463,B,12060.820950000001,820618486069487
1774159333305,2026-03-22 06:02:13.305,69065.0,0.06637,B,4583.84405,217068630769704
1774159333305,2026-03-22 06:02:13.305,69064.0,0.003,A,207.192,1007833607621102
1774159333305,2026-03-22 06:02:13.305,69064.0,0.00554,A,382.61456,603983436784484
1774159333607,2026-03-22 06:02:13.607,69065.0,0.005,B,345.325,35488199834878
1774159333607,2026-03-22 06:02:13.607,69064.0,0.01074,A,741.74736,461922530874517
1774159333681,2026-03-22 06:02:13.681,69064.0,0.00015,A,10.359599999999999,967390290321109
1774159333825,2026-03-22 06:02:13.825,69066.0,0.00025,B,17.2665,845551250187940
1774159334536,2026-03-22 06:02:14.536,69066.0,0.00017,B,11.74122,662375343914182
1774159334536,2026-03-22 06:02:14.536,69066.0,0.01082,B,747.29412,994635012444721
1774159334536,2026-03-22 06:02:14.536,69066.0,0.00145,B,100.14569999999999,537390718808260
1774159334809,2026-03-22 06:02:14.809,69066.0,0.00145,B,100.14569999999999,741215176797057
1774159335007,2026-03-22 06:02:15.007,69066.0,0.00056,B,38.676959999999994,887720590148351
1774159335291,2026-03-22 06:02:15.291,69066.0,0.00023,B,15.88518,781556621802675
1774159336968,2026-03-22 06:02:16.968,69066.0,0.00644,B,444.78504000000004,1067424540536737
1774159337506,2026-03-22 06:02:17.506,69066.0,0.005,B,345.33,154598263928695
1774159338288,2026-03-22 06:02:18.288,69065.0,0.06657,A,4597.657050000001,595484328238389
1774159338288,2026-03-22 06:02:18.288,69065.0,0.00821,A,567.02365,711891556797279
1774159338574,2026-03-22 06:02:18.574,69066.0,0.0003,B,20.7198,720323360911604
1774159338574,2026-03-22 06:02:18.574,69067.0,0.0002,B,13.813400000000001,643723032700916
1774159338574,2026-03-22 06:02:18.574,69068.0,0.00017,B,11.741560000000002,159138891292839
1774159338574,2026-03-22 06:02:18.574,69068.0,0.00121,B,83.57227999999999,737284714183243
1774159340161,2026-03-22 06:02:20.161,69068.0,0.0022,B,151.9496,1018710739607854
1774159340161,2026-03-22 06:02:20.161,69068.0,0.00672,B,464.13696000000004,562082448979181
1774159340161,2026-03-22 06:02:20.161,69068.0,0.24358,B,16823.58344,601622360149131
1774159340472,2026-03-22 06:02:20.472,69067.0,0.00238,A,164.37946000000002,801217374043419
1774159340589,2026-03-22 06:02:20.589,69068.0,0.00319,B,220.32692,693360468000275
1774159341327,2026-03-22 06:02:21.327,69068.0,0.005,B,345.34000000000003,993915437256733
1774159342678,2026-03-22 06:02:22.678,69067.0,0.11105,A,7669.89035,424542769492975
1774159344439,2026-03-22 06:02:24.439,69068.0,0.001,B,69.068,1108072102960251
1774159345318,2026-03-22 06:02:25.318,69067.0,0.00806,A,556.68002,311518886116754
1774159345318,2026-03-22 06:02:25.318,69066.0,0.00015,A,10.3599,298987421717282
1774159345448,2026-03-22 06:02:25.448,69066.0,2e-05,B,1.38132,584529124008615
1774159345448,2026-03-22 06:02:25.448,69066.0,0.00498,B,343.94868,854828259797135
1774159345826,2026-03-22 06:02:25.826,69066.0,0.00016,B,11.05056,651480597523002
1774159347040,2026-03-22 06:02:27.040,69065.0,0.00017,A,11.741050000000001,623720570300567
1774159348244,2026-03-22 06:02:28.244,69066.0,0.0207,B,1429.6662,137789959791149
1774159348446,2026-03-22 06:02:28.446,69065.0,0.00015,A,10.359749999999998,276266864544287
1774159348446,2026-03-22 06:02:28.446,69065.0,0.00084,A,58.0146,838404391795918
1774159349042,2026-03-22 06:02:29.042,69066.0,0.00016,B,11.05056,831177458111579
1774159349347,2026-03-22 06:02:29.347,69066.0,0.005,B,345.33,581421987712584
1774159349657,2026-03-22 06:02:29.657,69066.0,0.00145,B,100.14569999999999,954471290983035
1774159350660,2026-03-22 06:02:30.660,69062.0,0.00015,A,10.3593,121950564500866
1774159351200,2026-03-22 06:02:31.200,69060.0,0.00016,A,11.049600000000002,776631977750622
1774159351200,2026-03-22 06:02:31.200,69060.0,0.00129,A,89.08739999999999,127078062339296
1774159351800,2026-03-22 06:02:31.800,69060.0,0.00016,A,11.049600000000002,829589905313054
1774159352864,2026-03-22 06:02:32.864,69060.0,0.00817,A,564.2202,784347585725602
1774159352864,2026-03-22 06:02:32.864,69060.0,0.01683,A,1162.2798,623935163493312
1774159353288,2026-03-22 06:02:33.288,69061.0,0.005,B,345.305,49133026347853
1774159354050,2026-03-22 06:02:34.050,69060.0,0.15,A,10359.0,110608636821768
1774159355020,2026-03-22 06:02:35.020,69060.0,0.00141,A,97.3746,740865361214364
1774159357409,2026-03-22 06:02:37.409,69061.0,0.005,B,345.305,879513232704143
1774159358016,2026-03-22 06:02:38.016,69061.0,0.00016,B,11.049760000000001,621860018301382
1774159358078,2026-03-22 06:02:38.078,69060.0,0.19673,A,13586.173799999999,273196039946822
1774159358078,2026-03-22 06:02:38.078,69060.0,0.07541,A,5207.814600000001,363147612085789
1774159358078,2026-03-22 06:02:38.078,69060.0,0.03628,A,2505.4968,933809771905712
1774159358078,2026-03-22 06:02:38.078,69060.0,0.00833,A,575.2698,901537357417185
1774159358078,2026-03-22 06:02:38.078,69060.0,0.10364,A,7157.3784,822574513509931
1774159358078,2026-03-22 06:02:38.078,69060.0,0.05916,A,4085.5896,976488528995365
1774159358078,2026-03-22 06:02:38.078,69060.0,0.05272,A,3640.8432000000003,553486033395790
1774159358078,2026-03-22 06:02:38.078,69060.0,0.10396,A,7179.4776,209322148199970
1774159358078,2026-03-22 06:02:38.078,69060.0,0.09835,A,6792.051,592967331871279
1774159358078,2026-03-22 06:02:38.078,69060.0,0.10764,A,7433.6184,1036261145478231
1774159358078,2026-03-22 06:02:38.078,69060.0,0.0712,A,4917.072,813126898051954
1774159358078,2026-03-22 06:02:38.078,69060.0,0.0778,A,5372.8679999999995,765446127152621
1774159358078,2026-03-22 06:02:38.078,69060.0,0.00961,A,663.6666,136260900216218
1774159358078,2026-03-22 06:02:38.078,69060.0,0.04845,A,3345.957,1115575209430263
1774159358078,2026-03-22 06:02:38.078,69060.0,0.11287,A,7794.8022,72410624601775
1774159358078,2026-03-22 06:02:38.078,69060.0,0.04571,A,3156.7326,18954525741392
1774159358078,2026-03-22 06:02:38.078,69060.0,0.08144,A,5624.2464,100647741247097
1774159358078,2026-03-22 06:02:38.078,69060.0,0.5,A,34530.0,989053443595124
1774159358078,2026-03-22 06:02:38.078,69060.0,0.14457,A,9984.0042,453934990926669
1774159358078,2026-03-22 06:02:38.078,69060.0,0.1,A,6906.0,598673010545418
1774159358078,2026-03-22 06:02:38.078,69060.0,0.02896,A,1999.9776,713110631931932
1774159358078,2026-03-22 06:02:38.078,69060.0,0.00032,A,22.099200000000003,187733517373273
1774159358394,2026-03-22 06:02:38.394,69059.0,0.00015,A,10.358849999999999,1065615349781088
1774159358394,2026-03-22 06:02:38.394,69056.0,0.02665,A,1840.3424,461310640414539
1774159358612,2026-03-22 06:02:38.612,69057.0,0.001,B,69.057,490434633226479
1774159361326,2026-03-22 06:02:41.326,69057.0,0.005,B,345.285,233862744903226
1774159361827,2026-03-22 06:02:41.827,69056.0,0.001,A,69.056,218652025988926
1774159361827,2026-03-22 06:02:41.827,69056.0,0.00011,A,7.59616,206510633482525
1774159362951,2026-03-22 06:02:42.951,69056.0,0.04482,A,3095.08992,928872697408282
1774159362951,2026-03-22 06:02:42.951,69056.0,0.01447,A,999.24032,903897394157488
1774159362951,2026-03-22 06:02:42.951,69056.0,0.07236,A,4996.892159999999,275372109663671
1774159362951,2026-03-22 06:02:42.951,69056.0,0.07592,A,5242.73152,985649732730563
1774159363956,2026-03-22 06:02:43.956,69057.0,0.08688,B,5999.67216,703251137113570
1774159365076,2026-03-22 06:02:45.076,69057.0,0.00017,B,11.739690000000001,1016235972316277
1774159365076,2026-03-22 06:02:45.076,69058.0,0.00017,B,11.73986,75063072346096
1774159365076,2026-03-22 06:02:45.076,69059.0,0.00017,B,11.74003,583174376938782
1774159365076,2026-03-22 06:02:45.076,69059.0,6e-05,B,4.14354,915682485052121
1774159365221,2026-03-22 06:02:45.221,69059.0,0.00029,B,20.02711,677489118348692
1774159365365,2026-03-22 06:02:45.365,69059.0,0.005,B,345.295,696703926915157
1774159365477,2026-03-22 06:02:45.477,69058.0,0.00016,A,11.049280000000001,543002190005705
1774159366002,2026-03-22 06:02:46.002,69058.0,0.00099,A,68.36742,480589323833897
1774159366187,2026-03-22 06:02:46.187,69058.0,0.0022,A,151.9276,868129499436830
1774159366187,2026-03-22 06:02:46.187,69059.0,0.00016,B,11.04944,154581094314653
1774159368092,2026-03-22 06:02:48.092,69058.0,0.00066,A,45.57828,469787281709912
1774159368292,2026-03-22 06:02:48.292,69058.0,0.09478,A,6545.31724,895140364253163
1774159368397,2026-03-22 06:02:48.397,69059.0,1.08072,B,74633.44248,537776347800307
1774159368397,2026-03-22 06:02:48.397,69059.0,0.00017,B,11.74003,310346665100140
1774159368397,2026-03-22 06:02:48.397,69060.0,1.69171,B,116829.4926,195864087734955
1774159368397,2026-03-22 06:02:48.397,69060.0,0.00017,B,11.740200000000002,266104985732450
1774159368397,2026-03-22 06:02:48.397,69061.0,0.00017,B,11.74037,290544081528315
1774159368397,2026-03-22 06:02:48.397,69062.0,0.00017,B,11.740540000000001,207779988413161
1774159368397,2026-03-22 06:02:48.397,69062.0,0.001,B,69.062,445754593465000
1774159368397,2026-03-22 06:02:48.397,69062.0,0.00059,B,40.74658,487794541533581
1774159368397,2026-03-22 06:02:48.397,69063.0,1.08616,B,75013.46808,402187918504322
1774159368397,2026-03-22 06:02:48.397,69063.0,0.00017,B,11.74071,289622611174209
1774159368397,2026-03-22 06:02:48.397,69063.0,0.00016,B,11.050080000000001,610783431604062
1774159369200,2026-03-22 06:02:49.200,69065.0,0.00017,B,11.741050000000001,303033527144994
1774159369200,2026-03-22 06:02:49.200,69065.0,0.00128,B,88.40320000000001,626403511132545
1774159369419,2026-03-22 06:02:49.419,69065.0,0.005,B,345.325,841399440769543
1774159370245,2026-03-22 06:02:50.245,69064.0,0.2472,A,17072.6208,871915348635713
1774159370454,2026-03-22 06:02:50.454,69065.0,0.00017,B,11.741050000000001,364176470905113
1774159370454,2026-03-22 06:02:50.454,69066.0,0.00015,B,10.3599,912497176536693
1774159370454,2026-03-22 06:02:50.454,69066.0,0.00017,B,11.74122,970650809403778
1774159370454,2026-03-22 06:02:50.454,69067.0,0.00016,B,11.05072,192540025155175
1774159370454,2026-03-22 06:02:50.454,69067.0,0.003,B,207.201,670509808746095
1774159370454,2026-03-22 06:02:50.454,69067.0,0.00017,B,11.74139,685521573291577
1774159370656,2026-03-22 06:02:50.656,69068.0,0.00017,B,11.741560000000002,513236530162686
1774159370656,2026-03-22 06:02:50.656,69069.0,0.00017,B,11.74173,1047688530005374
1774159370656,2026-03-22 06:02:50.656,69070.0,0.00017,B,11.741900000000001,1123934040944278
1774159370656,2026-03-22 06:02:50.656,69070.0,0.00016,B,11.051200000000001,132034326004075
1774159370656,2026-03-22 06:02:50.656,69071.0,0.00017,B,11.74207,511814243811110
1774159370656,2026-03-22 06:02:50.656,69072.0,0.00017,B,11.74224,253509217474017
1774159370656,2026-03-22 06:02:50.656,69073.0,0.00017,B,11.742410000000001,859955988921444
1774159370656,2026-03-22 06:02:50.656,69073.0,0.00015,B,10.360949999999999,984351503502602
1774159370656,2026-03-22 06:02:50.656,69074.0,0.00017,B,11.74258,1096232193211108
1774159370656,2026-03-22 06:02:50.656,69074.0,0.00016,B,11.05184,290292129156055
1774159370656,2026-03-22 06:02:50.656,69075.0,0.00273,B,188.57475,20258557299265
1774159370656,2026-03-22 06:02:50.656,69075.0,0.00017,B,11.742750000000001,445130898373401
1774159370656,2026-03-22 06:02:50.656,69075.0,0.003,B,207.225,267165063932223
1774159370656,2026-03-22 06:02:50.656,69076.0,0.00017,B,11.742920000000002,537101258426215
1774159370656,2026-03-22 06:02:50.656,69076.0,0.01337,B,923.54612,1004855984440924
1774159370656,2026-03-22 06:02:50.656,69077.0,0.00017,B,11.74309,1087329096864547
1774159370656,2026-03-22 06:02:50.656,69077.0,0.06658,B,4599.14666,318877183201811
1774159372119,2026-03-22 06:02:52.119,69077.0,0.00025,B,17.26925,333988416900483
1774159372435,2026-03-22 06:02:52.435,69077.0,0.0022,B,151.9694,26450072029779
1774159372435,2026-03-22 06:02:52.435,69077.0,0.2472,B,17075.8344,991472795935069
1774159373130,2026-03-22 06:02:53.130,69077.0,0.001,B,69.077,163775847850059
1774159373535,2026-03-22 06:02:53.535,69077.0,0.005,B,345.385,243922630417185
1774159373734,2026-03-22 06:02:53.734,69076.0,0.00272,A,187.88672000000003,1082670986324723
1774159374745,2026-03-22 06:02:54.745,69077.0,0.00017,B,11.74309,597686678901284
1774159374745,2026-03-22 06:02:54.745,69078.0,0.00017,B,11.743260000000001,910311966136129
1774159374745,2026-03-22 06:02:54.745,69079.0,0.00017,B,11.74343,1112193104005909
1774159374745,2026-03-22 06:02:54.745,69080.0,0.00017,B,11.7436,357169945330435
1774159374745,2026-03-22 06:02:54.745,69081.0,4e-05,B,2.76324,760860374857471
1774159374947,2026-03-22 06:02:54.947,69081.0,0.00012,B,8.28972,485433281334989
1774159374947,2026-03-22 06:02:54.947,69081.0,0.00017,B,11.743770000000001,589720338990424
1774159374947,2026-03-22 06:02:54.947,69082.0,0.00017,B,11.74394,761642462042553
1774159374947,2026-03-22 06:02:54.947,69082.0,0.003,B,207.246,185237760448681
1774159374947,2026-03-22 06:02:54.947,69083.0,0.00017,B,11.744110000000001,772301110030931
1774159374947,2026-03-22 06:02:54.947,69084.0,0.00017,B,11.744280000000002,79109095005818
1774159374947,2026-03-22 06:02:54.947,69084.0,0.00017,B,11.744280000000002,1020586385746020
1774159374947,2026-03-22 06:02:54.947,69085.0,0.00016,B,11.053600000000001,937483011282557
1774159374947,2026-03-22 06:02:54.947,69085.0,0.00029,B,20.03465,979732092266784
1774159374947,2026-03-22 06:02:54.947,69085.0,0.00017,B,11.74445,548269048720764
1774159374947,2026-03-22 06:02:54.947,69085.0,0.01436,B,992.0606,405644630298026
1774159375078,2026-03-22 06:02:55.078,69084.0,0.04129,A,2852.47836,25383092968325
1774159375078,2026-03-22 06:02:55.078,69084.0,0.0465,A,3212.406,364274275687292
1774159375078,2026-03-22 06:02:55.078,69084.0,0.57907,A,40004.47188,103945371413244
1774159375078,2026-03-22 06:02:55.078,69084.0,0.08503,A,5874.21252,975618568903176
1774159376525,2026-03-22 06:02:56.525,69084.0,0.0139,A,960.2675999999999,486213744440624
1774159376927,2026-03-22 06:02:56.927,69085.0,0.00017,B,11.74445,832610031763747
1774159377029,2026-03-22 06:02:57.029,69084.0,0.00017,A,11.744280000000002,803801618591540
1774159377327,2026-03-22 06:02:57.327,69085.0,0.005,B,345.425,574783772594856
1774159377932,2026-03-22 06:02:57.932,69084.0,0.001,A,69.084,1100213131313538
1774159378931,2026-03-22 06:02:58.931,69084.0,0.01,A,690.84,1083366212774283
1774159379046,2026-03-22 06:02:59.046,69085.0,0.00016,B,11.053600000000001,775663397013041
1774159380336,2026-03-22 06:03:00.336,69084.0,0.00098,A,67.70232,641765302371674
1774159381145,2026-03-22 06:03:01.145,69085.0,0.005,B,345.425,553021205382434
1774159381553,2026-03-22 06:03:01.553,69085.0,0.00017,B,11.74445,186586467852212
1774159381553,2026-03-22 06:03:01.553,69086.0,0.00029,B,20.03494,701938149678657
1774159381553,2026-03-22 06:03:01.553,69086.0,0.00017,B,11.744620000000001,501041069647143
1774159381553,2026-03-22 06:03:01.553,69087.0,0.003,B,207.261,271696334311259
1774159381553,2026-03-22 06:03:01.553,69087.0,0.00017,B,11.74479,1018245528917273
1774159381553,2026-03-22 06:03:01.553,69088.0,0.00017,B,11.74496,799415970451396
1774159381553,2026-03-22 06:03:01.553,69089.0,0.00016,B,11.05424,544361623122699
1774159381553,2026-03-22 06:03:01.553,69089.0,0.00017,B,11.745130000000001,562700949042358
1774159381553,2026-03-22 06:03:01.553,69090.0,0.03477,B,2402.2593,139547385134579
1774159382370,2026-03-22 06:03:02.370,69089.0,0.06224,A,4300.09936,550967019538064
1774159382370,2026-03-22 06:03:02.370,69089.0,0.03931,A,2715.88859,475174720022688
1774159382370,2026-03-22 06:03:02.370,69089.0,0.09845,A,6801.8120499999995,449325733292563
1774159382598,2026-03-22 06:03:02.598,69089.0,0.00428,A,295.70092,922518989806250
1774159382700,2026-03-22 06:03:02.700,69090.0,0.01071,B,739.9539000000001,130167204147983
1774159382985,2026-03-22 06:03:02.985,69090.0,0.00017,B,11.7453,365675780657673
1774159382985,2026-03-22 06:03:02.985,69089.0,0.00427,A,295.01003000000003,948837834458733
1774159383497,2026-03-22 06:03:03.497,69089.0,0.01856,A,1282.29184,432074772253234
1774159383497,2026-03-22 06:03:03.497,69090.0,0.00188,B,129.8892,486489767121873
1774159383787,2026-03-22 06:03:03.787,69089.0,0.00028,A,19.34492,891274204401662
1774159383902,2026-03-22 06:03:03.902,69089.0,0.04235,A,2925.9191499999997,6651655406510
1774159384101,2026-03-22 06:03:04.101,69089.0,0.00142,A,98.10638,530887915843550
1774159385190,2026-03-22 06:03:05.190,69090.0,0.005,B,345.45,594225860955444
1774159385593,2026-03-22 06:03:05.593,69090.0,0.00188,B,129.8892,79682510685434
1774159385593,2026-03-22 06:03:05.593,69090.0,0.00091,B,62.8719,590191436967727
1774159386822,2026-03-22 06:03:06.822,69089.0,0.00333,A,230.06637,19800175998334
1774159387023,2026-03-22 06:03:07.023,69090.0,0.04994,B,3450.3545999999997,956768914945391
1774159387147,2026-03-22 06:03:07.147,69090.0,0.02545,B,1758.3405,589721188417556
1774159387217,2026-03-22 06:03:07.217,69090.0,0.001,B,69.09,387535547083891
1774159387751,2026-03-22 06:03:07.751,69090.0,0.05791,B,4001.0019,33730371474224
1774159387943,2026-03-22 06:03:07.943,69090.0,0.26666,B,18423.5394,1071817107654319
1774159387943,2026-03-22 06:03:07.943,69090.0,0.03098,B,2140.4082,457693502817515
1774159387943,2026-03-22 06:03:07.943,69090.0,0.00072,B,49.744800000000005,509240462789980
1774159387943,2026-03-22 06:03:07.943,69090.0,0.00017,B,11.7453,535680336177186
1774159387943,2026-03-22 06:03:07.943,69091.0,0.00017,B,11.745470000000001,289980579851355
1774159387943,2026-03-22 06:03:07.943,69092.0,0.00016,B,11.054720000000001,52529924765586
1774159387943,2026-03-22 06:03:07.943,69092.0,0.00017,B,11.745640000000002,420363092041851
1774159387943,2026-03-22 06:03:07.943,69093.0,0.00017,B,11.74581,339694772016449
1774159387943,2026-03-22 06:03:07.943,69094.0,0.00017,B,11.745980000000001,548807405033963
1774159388029,2026-03-22 06:03:08.029,69095.0,0.00016,B,11.055200000000001,621627043765424
1774159388087,2026-03-22 06:03:08.087,69095.0,0.00013,B,8.982349999999999,976576527281478
1774159388087,2026-03-22 06:03:08.087,69095.0,0.00017,B,11.74615,403576550948559
1774159388087,2026-03-22 06:03:08.087,69095.0,0.003,B,207.285,581679788880245
1774159388087,2026-03-22 06:03:08.087,69096.0,0.00016,B,11.05536,1069992761940474
1774159388087,2026-03-22 06:03:08.087,69096.0,0.00017,B,11.74632,478016755807729
1774159388087,2026-03-22 06:03:08.087,69097.0,0.00017,B,11.746490000000001,306374495431736
1774159388087,2026-03-22 06:03:08.087,69098.0,0.00017,B,11.74666,354899590073585
1774159388087,2026-03-22 06:03:08.087,69099.0,0.00017,B,11.746830000000001,1063726067557653
1774159388087,2026-03-22 06:03:08.087,69099.0,0.00022,B,15.201780000000001,476208595868888
1774159388087,2026-03-22 06:03:08.087,69100.0,0.00016,B,11.056000000000001,1019958936217401
1774159388087,2026-03-22 06:03:08.087,69100.0,0.00017,B,11.747000000000002,927661747504870
1774159388087,2026-03-22 06:03:08.087,69100.0,0.003,B,207.3,406673335300818
1774159388087,2026-03-22 06:03:08.087,69101.0,0.01118,B,772.5491800000001,1068753921306080
1774159388087,2026-03-22 06:03:08.087,69101.0,0.00017,B,11.74717,1026129917294186
1774159388087,2026-03-22 06:03:08.087,69102.0,0.00017,B,11.747340000000001,670967753165787
1774159388087,2026-03-22 06:03:08.087,69103.0,0.00016,B,11.05648,1032347660444815
1774159388087,2026-03-22 06:03:08.087,69103.0,0.00017,B,11.74751,782210884482853
1774159388087,2026-03-22 06:03:08.087,69104.0,0.00017,B,11.74768,598601499037188
1774159388087,2026-03-22 06:03:08.087,69105.0,0.00017,B,11.747850000000001,881712703678264
1774159388087,2026-03-22 06:03:08.087,69106.0,0.00017,B,11.74802,944387550328468
1774159388087,2026-03-22 06:03:08.087,69107.0,0.00016,B,11.057120000000001,263379233820455
1774159388087,2026-03-22 06:03:08.087,69107.0,0.00017,B,11.748190000000001,330084095652476
1774159388087,2026-03-22 06:03:08.087,69108.0,0.00017,B,11.748360000000002,991792724830265
1774159388087,2026-03-22 06:03:08.087,69109.0,0.00016,B,11.057440000000001,684624542492806
1774159388087,2026-03-22 06:03:08.087,69109.0,0.00017,B,11.74853,781545294358688
1774159388087,2026-03-22 06:03:08.087,69109.0,0.001,B,69.109,12283736736410
1774159388087,2026-03-22 06:03:08.087,69109.0,0.00406,B,280.58254,949211662896717
1774159388087,2026-03-22 06:03:08.087,69110.0,0.03274,B,2262.6614,545003969688529
1774159388431,2026-03-22 06:03:08.431,69110.0,0.00018,B,12.4398,889670967144755
1774159388691,2026-03-22 06:03:08.691,69110.0,0.00272,B,187.97920000000002,343830642066586
1774159388938,2026-03-22 06:03:08.938,69110.0,0.04718,B,3260.6098,823756926570474
1774159389437,2026-03-22 06:03:09.437,69110.0,0.005,B,345.55,934022143836627
1774159389437,2026-03-22 06:03:09.437,69109.0,0.04586,A,3169.3387399999997,461910555548405
1774159389550,2026-03-22 06:03:09.550,69109.0,0.00932,A,644.09588,196109449774568
1774159390040,2026-03-22 06:03:10.040,69110.0,0.00022,B,15.2042,10662092149468
1774159390141,2026-03-22 06:03:10.141,69110.0,0.00025,B,17.2775,636086130465784
1774159390346,2026-03-22 06:03:10.346,69110.0,0.01724,B,1191.4563999999998,410681732591187
1774159390346,2026-03-22 06:03:10.346,69109.0,0.14473,A,10002.14557,73656528250364
1774159391849,2026-03-22 06:03:11.849,69110.0,0.00017,B,11.748700000000001,896310522494269
1774159391849,2026-03-22 06:03:11.849,69111.0,0.00016,B,11.05776,673017412939065
1774159391849,2026-03-22 06:03:11.849,69111.0,0.00017,B,11.74887,564208738628420
1774159391849,2026-03-22 06:03:11.849,69112.0,0.00017,B,11.74904,920145103626589
1774159391849,2026-03-22 06:03:11.849,69112.0,0.00017,B,11.74904,733717620925957
1774159391849,2026-03-22 06:03:11.849,69113.0,0.00017,B,11.749210000000001,1067324256434227
1774159391849,2026-03-22 06:03:11.849,69113.0,0.00017,B,11.749210000000001,216615525375927
1774159391849,2026-03-22 06:03:11.849,69114.0,0.00017,B,11.74938,1069477752483890
1774159391849,2026-03-22 06:03:11.849,69114.0,0.00016,B,11.058240000000001,927333184603997
1774159391849,2026-03-22 06:03:11.849,69114.0,0.00017,B,11.74938,579115705469575
1774159391849,2026-03-22 06:03:11.849,69114.0,0.08514,B,5884.365959999999,195463873603572
1774159392303,2026-03-22 06:03:12.303,69115.0,0.00017,B,11.749550000000001,1044874582055227
1774159392303,2026-03-22 06:03:12.303,69115.0,0.00043,B,29.71945,632117576012030
1774159392303,2026-03-22 06:03:12.303,69115.0,0.00017,B,11.749550000000001,1059579371079664
1774159392303,2026-03-22 06:03:12.303,69115.0,0.003,B,207.345,207214512968181
1774159392977,2026-03-22 06:03:12.977,69116.0,0.00017,B,11.749720000000002,749123475055567
1774159392977,2026-03-22 06:03:12.977,69116.0,0.00017,B,11.749720000000002,990961928073865
1774159392977,2026-03-22 06:03:12.977,69117.0,0.00017,B,11.74989,257025107239944
1774159392977,2026-03-22 06:03:12.977,69117.0,0.00017,B,11.74989,801033157362932
1774159392977,2026-03-22 06:03:12.977,69117.0,0.00099,A,68.42583,213759184549835
1774159393411,2026-03-22 06:03:13.411,69118.0,0.00017,B,11.750060000000001,526825108589541
1774159393411,2026-03-22 06:03:13.411,69118.0,8e-05,B,5.52944,658821940594949
1774159393411,2026-03-22 06:03:13.411,69118.0,9e-05,B,6.22062,854402502992821
1774159393411,2026-03-22 06:03:13.411,69119.0,0.00017,B,11.75023,655296464485588
1774159393411,2026-03-22 06:03:13.411,69119.0,0.00017,B,11.75023,25424330165369
1774159393411,2026-03-22 06:03:13.411,69120.0,0.00017,B,11.7504,764755862192959
1774159393411,2026-03-22 06:03:13.411,69120.0,0.00016,B,11.0592,875044219001803
1774159393411,2026-03-22 06:03:13.411,69120.0,0.00035,B,24.192,315287613085746
1774159393411,2026-03-22 06:03:13.411,69120.0,0.00017,B,11.7504,97901940907109
1774159393411,2026-03-22 06:03:13.411,69120.0,0.003,B,207.36,99926401655039
1774159393411,2026-03-22 06:03:13.411,69121.0,0.00017,B,11.750570000000002,921235550654222
1774159393411,2026-03-22 06:03:13.411,69121.0,0.00017,B,11.750570000000002,1030554752904686
1774159393411,2026-03-22 06:03:13.411,69122.0,0.00016,B,11.059520000000001,158221232994067
1774159393411,2026-03-22 06:03:13.411,69122.0,0.00017,B,11.75074,806459333989560
1774159393411,2026-03-22 06:03:13.411,69122.0,5e-05,B,3.4561,218656763140746
1774159393709,2026-03-22 06:03:13.709,69122.0,0.00012,B,8.29464,984818938555827
1774159393709,2026-03-22 06:03:13.709,69122.0,0.00016,B,11.059520000000001,771338610349544
1774159394130,2026-03-22 06:03:14.130,69122.0,1e-05,B,0.6912200000000001,158747109489642
1774159394130,2026-03-22 06:03:14.130,69122.0,0.00144,B,99.53568,511823948277952
1774159394223,2026-03-22 06:03:14.223,69122.0,0.00021,B,14.51562,38197243866150
1774159395026,2026-03-22 06:03:15.026,69122.0,0.00056,B,38.70831999999999,868504479501654
1774159395161,2026-03-22 06:03:15.161,69122.0,0.001,B,69.122,642648780179677
1774159395161,2026-03-22 06:03:15.161,69122.0,0.00023,B,15.898060000000001,49789289605384
1774159395161,2026-03-22 06:03:15.161,69122.0,0.002,B,138.244,935865654813052
1774159395161,2026-03-22 06:03:15.161,69122.0,0.004,B,276.488,40374057492430
1774159397268,2026-03-22 06:03:17.268,69122.0,0.005,B,345.61,147238699708455
1774159398049,2026-03-22 06:03:18.049,69121.0,0.00016,A,11.059360000000002,311041039734898
1774159399064,2026-03-22 06:03:19.064,69123.0,0.00017,B,11.750910000000001,727108312687313
1774159399064,2026-03-22 06:03:19.064,69123.0,0.00017,B,11.750910000000001,1072091610965370
1774159399064,2026-03-22 06:03:19.064,69123.0,0.0002,B,13.8246,793657829216557
1774159399064,2026-03-22 06:03:19.064,69124.0,0.00017,B,11.75108,848849569860971
1774159399064,2026-03-22 06:03:19.064,69124.0,0.00017,B,11.75108,176889960503090
1774159399064,2026-03-22 06:03:19.064,69125.0,0.00017,B,11.75125,1071125553960491
1774159399064,2026-03-22 06:03:19.064,69125.0,0.00016,B,11.06,347635110813785
1774159399064,2026-03-22 06:03:19.064,69125.0,0.00017,B,11.75125,345782344607828
1774159399064,2026-03-22 06:03:19.064,69126.0,0.00017,B,11.751420000000001,282448148070941
1774159399064,2026-03-22 06:03:19.064,69126.0,0.00017,B,11.751420000000001,278085466851019
1774159399064,2026-03-22 06:03:19.064,69126.0,0.00299,B,206.68674000000001,609487294681826
1774159400002,2026-03-22 06:03:20.002,69125.0,0.00141,A,97.46625,229317325331729
1774159400500,2026-03-22 06:03:20.500,69125.0,0.00101,A,69.81625,716320506524003
1774159400864,2026-03-22 06:03:20.864,69125.0,0.0022,A,152.07500000000002,28544141267971
1774159401305,2026-03-22 06:03:21.305,69126.0,1e-05,B,0.6912600000000001,601794681562305
1774159401305,2026-03-22 06:03:21.305,69126.0,0.00428,B,295.85928,939600757676833
1774159401305,2026-03-22 06:03:21.305,69126.0,0.00071,B,49.079460000000005,272013387444444
1774159401506,2026-03-22 06:03:21.506,69125.0,0.00044,A,30.415000000000003,1111402132906400
1774159401582,2026-03-22 06:03:21.582,69126.0,0.001,B,69.126,1043603652589
1774159401582,2026-03-22 06:03:21.582,69126.0,0.0022,B,152.0772,101173449619109
1774159403033,2026-03-22 06:03:23.033,69125.0,0.00029,A,20.04625,1084848369856910
1774159403635,2026-03-22 06:03:23.635,69122.0,0.001,A,69.122,388693341701823
1774159403635,2026-03-22 06:03:23.635,69122.0,0.00015,A,10.3683,420270293712509
1774159403635,2026-03-22 06:03:23.635,69122.0,0.00403,A,278.56165999999996,651965407320670
1774159404292,2026-03-22 06:03:24.292,69123.0,0.08645,B,5975.68335,1104263778660828
1774159404292,2026-03-22 06:03:24.292,69123.0,0.01355,B,936.6166499999999,25054046976853
1774159404838,2026-03-22 06:03:24.838,69122.0,0.02287,A,1580.82014,158267774408254
1774159405382,2026-03-22 06:03:25.382,69123.0,0.005,B,345.615,889402690825208
1774159405732,2026-03-22 06:03:25.732,69122.0,0.00203,A,140.31766000000002,38035573003113
1774159405732,2026-03-22 06:03:25.732,69122.0,0.00344,A,237.77967999999998,422515153389635
1774159405927,2026-03-22 06:03:25.927,69123.0,0.00017,B,11.750910000000001,927542872100442
1774159405985,2026-03-22 06:03:25.985,69122.0,0.00031,A,21.42782,907959776895980
1774159405985,2026-03-22 06:03:25.985,69122.0,0.00069,A,47.694179999999996,1121203497098605
1774159407088,2026-03-22 06:03:27.088,69121.0,0.00017,A,11.750570000000002,775359313483595
1774159407783,2026-03-22 06:03:27.783,69122.0,0.02287,B,1580.82014,692777172266320
1774159409111,2026-03-22 06:03:29.111,69122.0,0.00016,B,11.059520000000001,76738593071396
1774159409308,2026-03-22 06:03:29.308,69122.0,0.005,B,345.61,54598450343677
1774159411021,2026-03-22 06:03:31.021,69121.0,0.00019,A,13.132990000000001,299895206269081
1774159411993,2026-03-22 06:03:31.993,69121.0,0.00253,A,174.87613000000002,462723191077036
1774159411993,2026-03-22 06:03:31.993,69121.0,0.00032,A,22.118720000000003,916579244758753
1774159411993,2026-03-22 06:03:31.993,69121.0,0.00677,A,467.94917,88812805922030
1774159412135,2026-03-22 06:03:32.135,69122.0,0.00016,B,11.059520000000001,927812972831194
1774159412535,2026-03-22 06:03:32.535,69122.0,0.00153,B,105.75666,933943095116385
1774159413039,2026-03-22 06:03:33.039,69122.0,0.005,B,345.61,533755251447107
1774159414070,2026-03-22 06:03:34.070,69121.0,0.00142,A,98.15182,615915928581570
1774159415065,2026-03-22 06:03:35.065,69121.0,0.00032,A,22.118720000000003,935352159603129
1774159415065,2026-03-22 06:03:35.065,69122.0,0.04643,B,3209.33446,473931560149709
1774159415065,2026-03-22 06:03:35.065,69122.0,0.03419,B,2363.28118,25440896297174
1774159415390,2026-03-22 06:03:35.390,69120.0,0.00015,A,10.367999999999999,703145896584811
1774159415390,2026-03-22 06:03:35.390,69119.0,0.00016,A,11.059040000000001,799558153134933
1774159415390,2026-03-22 06:03:35.390,69118.0,0.00114,A,78.79451999999999,785233297137740
1774159415865,2026-03-22 06:03:35.865,69118.0,0.0434,B,2999.7212,169475586345905
1774159417060,2026-03-22 06:03:37.060,69118.0,0.005,B,345.59000000000003,448555784580823
1774159418086,2026-03-22 06:03:38.086,69118.0,0.00016,B,11.05888,819789377869182
1774159418086,2026-03-22 06:03:38.086,69118.0,0.001,B,69.118,815538848812751
1774159418289,2026-03-22 06:03:38.289,69117.0,0.04263,A,2946.45771,1055073689873298
1774159418797,2026-03-22 06:03:38.797,69117.0,0.00099,A,68.42583,720723472237807
1774159420111,2026-03-22 06:03:40.111,69118.0,0.00017,B,11.750060000000001,1012656078439576
1774159421314,2026-03-22 06:03:41.314,69118.0,0.005,B,345.59000000000003,739010763069450
1774159422432,2026-03-22 06:03:42.432,69117.0,0.00032,A,22.117440000000002,373635357107492
1774159423597,2026-03-22 06:03:43.597,69114.0,0.00015,A,10.367099999999999,675698858345641
1774159423735,2026-03-22 06:03:43.735,69112.0,0.00016,A,11.057920000000001,935916261867829
1774159424361,2026-03-22 06:03:44.361,69112.0,0.00394,B,272.30128,261121182350209
1774159424361,2026-03-22 06:03:44.361,69112.0,0.27964,B,19326.47968,1075152825864913
1774159425046,2026-03-22 06:03:45.046,69112.0,0.00057,B,39.39384,200940117029430
1774159425310,2026-03-22 06:03:45.310,69112.0,0.005,B,345.56,555511504202702
1774159427641,2026-03-22 06:03:47.641,69111.0,0.1,A,6911.1,408958136812441
1774159427695,2026-03-22 06:03:47.695,69111.0,0.00078,A,53.90658,193583395183516
1774159428393,2026-03-22 06:03:48.393,69111.0,0.00015,A,10.36665,506292830786752
1774159429157,2026-03-22 06:03:49.157,69112.0,0.005,B,345.56,672942671058981
1774159430474,2026-03-22 06:03:50.474,69111.0,0.00358,A,247.41737999999998,922602852664563
1774159432069,2026-03-22 06:03:52.069,69112.0,0.001,B,69.112,1040873415698556
1774159433176,2026-03-22 06:03:53.176,69112.0,0.005,B,345.56,481314373938903
1774159434381,2026-03-22 06:03:54.381,69112.0,0.00382,B,264.00784,80836442064846
1774159437137,2026-03-22 06:03:57.137,69111.0,0.00017,A,11.74887,724213809482079
1774159437137,2026-03-22 06:03:57.137,69112.0,0.005,B,345.56,132237849723487
1774159438730,2026-03-22 06:03:58.730,69111.0,0.00015,A,10.36665,953159146687893
1774159438948,2026-03-22 06:03:58.948,69112.0,0.0207,B,1430.6184,372941020033646
1774159439649,2026-03-22 06:03:59.649,69111.0,0.00016,A,11.05776,521856302166193
1774159440458,2026-03-22 06:04:00.458,69112.0,0.00017,B,11.74904,1107731453485813
1774159440458,2026-03-22 06:04:00.458,69113.0,0.05665,B,3915.2514499999997,673764838924971
1774159440458,2026-03-22 06:04:00.458,69113.0,0.00015,B,10.36695,16737323759609
1774159440458,2026-03-22 06:04:00.458,69113.0,0.00017,B,11.749210000000001,252972397103396
1774159440458,2026-03-22 06:04:00.458,69114.0,0.001,B,69.114,716272532576595
1774159440458,2026-03-22 06:04:00.458,69114.0,0.00017,B,11.74938,568230467291323
1774159440458,2026-03-22 06:04:00.458,69115.0,0.00017,B,11.749550000000001,958434054526939
1774159440458,2026-03-22 06:04:00.458,69116.0,0.02849,B,1969.1148400000002,644952602793756
1774159440458,2026-03-22 06:04:00.458,69116.0,0.057,B,3939.612,365632070993774
1774159441052,2026-03-22 06:04:01.052,69116.0,0.005,B,345.58,21329501010741
1774159441556,2026-03-22 06:04:01.556,69116.0,0.00016,B,11.058560000000002,343280016181553
1774159441708,2026-03-22 06:04:01.708,69116.0,0.00072,B,49.76352,936127504910609
1774159441708,2026-03-22 06:04:01.708,69116.0,0.00027,B,18.66132,597075424293563
1774159441858,2026-03-22 06:04:01.858,69116.0,0.00079,B,54.60164,169213708198178
1774159442568,2026-03-22 06:04:02.568,69116.0,0.00017,B,11.749720000000002,1047423432677437
1774159442874,2026-03-22 06:04:02.874,69115.0,0.21,A,14514.15,318072040895959
1774159442874,2026-03-22 06:04:02.874,69115.0,0.29634,A,20481.539099999998,619893477123038
1774159442874,2026-03-22 06:04:02.874,69115.0,0.21,A,14514.15,787544175971116
1774159442874,2026-03-22 06:04:02.874,69115.0,0.28366,A,19605.160900000003,728539270323200
1774159443065,2026-03-22 06:04:03.065,69116.0,0.00024,B,16.58784,1109253687049036
1774159443118,2026-03-22 06:04:03.118,69115.0,0.00099,A,68.42385,265489618355767
1774159444068,2026-03-22 06:04:04.068,69115.0,0.00142,A,98.1433,662274312918108
1774159444119,2026-03-22 06:04:04.119,69116.0,0.00022,B,15.20552,268896843945742
1774159444976,2026-03-22 06:04:04.976,69116.0,0.005,B,345.58,423149192255807
1774159445334,2026-03-22 06:04:05.334,69116.0,0.001,B,69.116,185527458652415
1774159446941,2026-03-22 06:04:06.941,69115.0,0.05377,A,3716.31355,930052932824456
1774159448001,2026-03-22 06:04:08.001,69116.0,0.00016,B,11.058560000000002,164877334597566
1774159449007,2026-03-22 06:04:09.007,69116.0,0.005,B,345.58,1069198386359137
1774159449757,2026-03-22 06:04:09.757,69115.0,7e-05,A,4.83805,255564827863452
1774159450618,2026-03-22 06:04:10.618,69115.0,0.00028,A,19.3522,680653491590532
1774159452769,2026-03-22 06:04:12.769,69116.0,0.00015,B,10.3674,352291661597766
1774159452979,2026-03-22 06:04:12.979,69116.0,0.005,B,345.58,32446275103311
1774159455038,2026-03-22 06:04:15.038,69116.0,0.00057,B,39.396119999999996,728164600255670
1774159455308,2026-03-22 06:04:15.308,69115.0,0.00099,A,68.42385,286574944871181
1774159456918,2026-03-22 06:04:16.918,69116.0,0.005,B,345.58,673742798708984
1774159459330,2026-03-22 06:04:19.330,69116.0,0.001,B,69.116,581039424788182
1774159460334,2026-03-22 06:04:20.334,69116.0,7e-05,B,4.83812,401823101720264
1774159460735,2026-03-22 06:04:20.735,69116.0,0.005,B,345.58,106749955130736
1774159462143,2026-03-22 06:04:22.143,69116.0,0.96431,B,66649.24996,247525678608348
1774159462143,2026-03-22 06:04:22.143,69116.0,0.00017,B,11.749720000000002,525911591054797
1774159462143,2026-03-22 06:04:22.143,69116.0,0.01447,B,1000.10852,1102069136470352
1774159462143,2026-03-22 06:04:22.143,69116.0,0.39615,B,27380.3034,999590903896587
1774159462143,2026-03-22 06:04:22.143,69116.0,0.07174,B,4958.38184,404513783333387
1774159464559,2026-03-22 06:04:24.559,69116.0,0.005,B,345.58,1032381118988940
1774159464704,2026-03-22 06:04:24.704,69115.0,0.00404,A,279.2246,395104262562873
1774159467054,2026-03-22 06:04:27.054,69115.0,0.00017,A,11.749550000000001,120177121554306
1774159467779,2026-03-22 06:04:27.779,69115.0,0.00099,A,68.42385,256524735501131
1774159468347,2026-03-22 06:04:28.347,69116.0,0.02892,B,1998.83472,148341987250076
1774159468794,2026-03-22 06:04:28.794,69116.0,0.005,B,345.58,912398261331752
1774159469061,2026-03-22 06:04:29.061,69116.0,0.00016,B,11.058560000000002,1121923941500308
1774159470298,2026-03-22 06:04:30.298,69116.0,0.00017,B,11.749720000000002,761866383267142
1774159470298,2026-03-22 06:04:30.298,69116.0,0.00017,B,11.749720000000002,619498771705800
1774159470298,2026-03-22 06:04:30.298,69116.0,0.0729,B,5038.5564,1004696310864459
1774159470298,2026-03-22 06:04:30.298,69117.0,0.00017,B,11.74989,1100753958687741
1774159470298,2026-03-22 06:04:30.298,69118.0,0.00016,B,11.05888,950361278512051
1774159470298,2026-03-22 06:04:30.298,69118.0,0.00017,B,11.750060000000001,630702254893950
1774159470298,2026-03-22 06:04:30.298,69118.0,0.01308,B,904.06344,790660841647019
1774159470604,2026-03-22 06:04:30.604,69118.0,0.00276,B,190.76568,1097210177715654
1774159470921,2026-03-22 06:04:30.921,69117.0,0.01351,A,933.77067,607712275033266
1774159471302,2026-03-22 06:04:31.302,69118.0,0.00034,B,23.500120000000003,242408607440892
1774159471555,2026-03-22 06:04:31.555,69118.0,0.00018,B,12.44124,864286321554610
1774159472608,2026-03-22 06:04:32.608,69118.0,0.005,B,345.59000000000003,244556249936293
1774159473217,2026-03-22 06:04:33.217,69118.0,0.001,B,69.118,140564596098726
1774159474053,2026-03-22 06:04:34.053,69117.0,0.00142,A,98.14614,677278104271609
1774159476492,2026-03-22 06:04:36.492,69118.0,0.00015,B,10.3677,356188656475029
1774159476693,2026-03-22 06:04:36.693,69118.0,0.005,B,345.59000000000003,755984692638738
1774159478108,2026-03-22 06:04:38.108,69118.0,0.00016,B,11.05888,117571656548741
1774159479473,2026-03-22 06:04:39.473,69117.0,0.00099,A,68.42583,832692434253575
1774159480605,2026-03-22 06:04:40.605,69118.0,0.005,B,345.59000000000003,912699366576001
1774159481880,2026-03-22 06:04:41.880,69118.0,0.00017,B,11.750060000000001,942117650739834
1774159481880,2026-03-22 06:04:41.880,69118.0,0.00128,B,88.47104,173845148401558
1774159483969,2026-03-22 06:04:43.969,69118.0,0.01856,B,1282.83008,342463994817530
1774159484584,2026-03-22 06:04:44.584,69118.0,0.005,B,345.59000000000003,586279388811882
1774159484584,2026-03-22 06:04:44.584,69118.0,0.006,B,414.708,512467390511822
1774159485067,2026-03-22 06:04:45.067,69118.0,0.00056,B,38.70608,232904253355015
1774159487418,2026-03-22 06:04:47.418,69118.0,0.001,B,69.118,126331025698941
1774159488899,2026-03-22 06:04:48.899,69118.0,0.005,B,345.59000000000003,1018241478573439
1774159491631,2026-03-22 06:04:51.631,69118.0,0.0405,B,2799.279,543140662222016
1774159492470,2026-03-22 06:04:52.470,69117.0,0.00099,A,68.42583,734385441669247
1774159492981,2026-03-22 06:04:52.981,69118.0,0.005,B,345.59000000000003,412813764245383
1774159493471,2026-03-22 06:04:53.471,69117.0,0.00862,A,595.7885399999999,1045329842847047
1774159493471,2026-03-22 06:04:53.471,69117.0,0.03691,A,2551.1084699999997,823572843405314
1774159494398,2026-03-22 06:04:54.398,69118.0,0.00347,B,239.83946,696673171462202
1774159494557,2026-03-22 06:04:54.557,69117.0,0.008,A,552.936,398488644516965
1774159496141,2026-03-22 06:04:56.141,69117.0,0.00017,A,11.74989,844582847585967
1774159496211,2026-03-22 06:04:56.211,69117.0,0.00382,A,264.02694,345802214332688
1774159496491,2026-03-22 06:04:56.491,69117.0,0.25,A,17279.25,430086579701002
1774159496548,2026-03-22 06:04:56.548,69117.0,0.25,A,17279.25,425135418289961
1774159496700,2026-03-22 06:04:56.700,69117.0,0.0511,A,3531.8786999999998,292963778482960
1774159496700,2026-03-22 06:04:56.700,69116.0,0.00015,A,10.3674,45792724665005
1774159496700,2026-03-22 06:04:56.700,69115.0,0.00032,A,22.1168,128696036008153
1774159496700,2026-03-22 06:04:56.700,69115.0,0.00066,A,45.615899999999996,266455035634320
1774159496700,2026-03-22 06:04:56.700,69112.0,0.00016,A,11.057920000000001,78703023901329
1774159496700,2026-03-22 06:04:56.700,69112.0,0.00061,A,42.158319999999996,567498703745334
1774159496700,2026-03-22 06:04:56.700,69112.0,0.003,A,207.336,895034191972621
1774159497006,2026-03-22 06:04:57.006,69111.0,0.005,B,345.555,224534970215117
1774159497101,2026-03-22 06:04:57.101,69111.0,0.00015,B,10.36665,990405034576649
1774159497412,2026-03-22 06:04:57.412,69110.0,0.00017,A,11.748700000000001,741010037634998
1774159497412,2026-03-22 06:04:57.412,69109.0,0.00072,A,49.758480000000006,1023608386206715
1774159497412,2026-03-22 06:04:57.412,69109.0,0.00017,A,11.74853,80182043687068
1774159497412,2026-03-22 06:04:57.412,69108.0,0.00016,A,11.05728,394964285570939
1774159497412,2026-03-22 06:04:57.412,69108.0,0.00016,A,11.05728,304377784328452
1774159499029,2026-03-22 06:04:59.029,69109.0,0.00016,B,11.057440000000001,796384405260071
1774159499830,2026-03-22 06:04:59.830,69109.0,0.00018,B,12.439620000000001,758343847252590
1774159500722,2026-03-22 06:05:00.722,69108.0,0.00073,A,50.44884,526923734076154
1774159500787,2026-03-22 06:05:00.787,69108.0,0.00073,A,50.44884,337618314717749
1774159500990,2026-03-22 06:05:00.990,69109.0,0.005,B,345.545,732265381789501
1774159501189,2026-03-22 06:05:01.189,69109.0,0.001,B,69.109,275826792796578
1774159501648,2026-03-22 06:05:01.648,69109.0,0.0009,B,62.1981,713349347495202
1774159504881,2026-03-22 06:05:04.881,69109.0,0.005,B,345.545,580921299424207
1774159504938,2026-03-22 06:05:04.938,69108.0,0.00052,A,35.936159999999994,741950923828986
1774159505021,2026-03-22 06:05:05.021,69108.0,0.00141,A,97.44228,351452543217125
1774159505470,2026-03-22 06:05:05.470,69108.0,0.00099,A,68.41692,356276418406652
1774159507847,2026-03-22 06:05:07.847,69108.0,0.02,A,1382.16,396233905218968
1774159508035,2026-03-22 06:05:08.035,69109.0,0.00016,B,11.057440000000001,604398235565419
1774159508917,2026-03-22 06:05:08.917,69109.0,0.005,B,345.545,314696047018116
1774159508917,2026-03-22 06:05:08.917,69108.0,0.00017,A,11.748360000000002,1024809926758420
1774159508917,2026-03-22 06:05:08.917,69108.0,0.00033,A,22.80564,126925642973437
1774159508917,2026-03-22 06:05:08.917,69107.0,0.003,A,207.321,667594238536613
1774159508917,2026-03-22 06:05:08.917,69107.0,0.00017,A,11.748190000000001,997637740554440
1774159508917,2026-03-22 06:05:08.917,69107.0,0.00015,A,10.36605,361798790795480
1774159509040,2026-03-22 06:05:09.040,69106.0,0.00017,A,11.74802,1085432925675606
1774159509040,2026-03-22 06:05:09.040,69105.0,0.00043,A,29.715149999999998,593568898825504
1774159509040,2026-03-22 06:05:09.040,69105.0,0.00017,A,11.747850000000001,69785265270260
1774159509040,2026-03-22 06:05:09.040,69104.0,0.00016,A,11.056640000000002,739111536432371
1774159509040,2026-03-22 06:05:09.040,69104.0,0.00017,A,11.74768,376425173682919
1774159509040,2026-03-22 06:05:09.040,69103.0,0.00017,A,11.74751,869223644015685
1774159509040,2026-03-22 06:05:09.040,69103.0,0.00059,A,40.77077,510697514282478
1774159509040,2026-03-22 06:05:09.040,69102.0,0.00017,A,11.747340000000001,1105831432520676
1774159509040,2026-03-22 06:05:09.040,69101.0,0.00016,A,11.05616,926724796647002
1774159509040,2026-03-22 06:05:09.040,69101.0,0.00022,A,15.20222,1081766005471659
1774159509040,2026-03-22 06:05:09.040,69101.0,0.00017,A,11.74717,489824396761994
1774159509040,2026-03-22 06:05:09.040,69100.0,0.02545,A,1758.595,976516040858739
1774159509040,2026-03-22 06:05:09.040,69100.0,0.00017,A,11.747000000000002,376828450477868
1774159509040,2026-03-22 06:05:09.040,69100.0,0.003,A,207.3,123724990069027
1774159509040,2026-03-22 06:05:09.040,69099.0,0.00015,A,10.364849999999999,1012472367477626
1774159509040,2026-03-22 06:05:09.040,69099.0,0.00017,A,11.746830000000001,105958154870724
1774159509040,2026-03-22 06:05:09.040,69098.0,0.00097,A,67.02506000000001,809562150253429
1774159509040,2026-03-22 06:05:09.040,69098.0,0.00017,A,11.74666,1012401679050804
1774159509040,2026-03-22 06:05:09.040,69098.0,0.00064,A,44.22272,985039681347166
1774159509040,2026-03-22 06:05:09.040,69097.0,0.00016,A,11.055520000000001,499722628284960
1774159509040,2026-03-22 06:05:09.040,69097.0,0.00017,A,11.746490000000001,400344637124208
1774159509040,2026-03-22 06:05:09.040,69096.0,0.00017,A,11.74632,698992211156074
1774159509717,2026-03-22 06:05:09.717,69095.0,0.00017,A,11.74615,485473160735339
1774159511481,2026-03-22 06:05:11.481,69095.0,0.03382,B,2336.7929000000004,651181032077785
1774159511481,2026-03-22 06:05:11.481,69095.0,0.08196,B,5663.0262,573251006759350
1774159511790,2026-03-22 06:05:11.790,69095.0,0.00022,B,15.2009,914984880179364
1774159512193,2026-03-22 06:05:12.193,69094.0,0.00017,A,11.745980000000001,384099651664162
1774159512193,2026-03-22 06:05:12.193,69094.0,0.0003,A,20.728199999999998,341559960515284
1774159512850,2026-03-22 06:05:12.850,69094.0,0.005,B,345.47,610412786986489
1774159512850,2026-03-22 06:05:12.850,69094.0,0.10897,B,7529.17318,797594836618668
1774159512962,2026-03-22 06:05:12.962,69093.0,0.00017,A,11.74581,1089285349640134
1774159512962,2026-03-22 06:05:12.962,69093.0,0.00034,A,23.49162,422313292403062
1774159512962,2026-03-22 06:05:12.962,69092.0,0.00017,A,11.745640000000002,1040731078660548
1774159512962,2026-03-22 06:05:12.962,69091.0,0.00017,A,11.745470000000001,464394753984770
1774159512962,2026-03-22 06:05:12.962,69090.0,0.00016,A,11.054400000000001,694367741421884
1774159512962,2026-03-22 06:05:12.962,69090.0,0.00017,A,11.7453,585843651765678
1774159512962,2026-03-22 06:05:12.962,69090.0,0.003,A,207.27,352386075758174
1774159512962,2026-03-22 06:05:12.962,69089.0,0.00015,A,10.363349999999999,1012500836882022
1774159512962,2026-03-22 06:05:12.962,69089.0,0.00017,A,11.745130000000001,548099509477130
1774159512962,2026-03-22 06:05:12.962,69088.0,0.00152,A,105.01376,432110331016433
1774159512962,2026-03-22 06:05:12.962,69088.0,0.00017,A,11.74496,610466717851525
1774159513266,2026-03-22 06:05:13.266,69087.0,0.00017,A,11.74479,623915416226576
1774159513266,2026-03-22 06:05:13.266,69087.0,0.04507,A,3113.7510899999997,432139238773008
1774159514003,2026-03-22 06:05:14.003,69087.0,0.00189,B,130.57443,765095568127689
1774159514403,2026-03-22 06:05:14.403,69086.0,0.00017,A,11.744620000000001,1081714536965610
1774159514573,2026-03-22 06:05:14.573,69086.0,0.00128,B,88.43008,329030460948966
1774159514573,2026-03-22 06:05:14.573,69086.0,0.01724,B,1191.04264,1109373731998253
1774159514660,2026-03-22 06:05:14.660,69085.0,0.003,A,207.255,521670861003003
1774159514660,2026-03-22 06:05:14.660,69085.0,0.00017,A,11.74445,203363499701330
1774159514775,2026-03-22 06:05:14.775,69085.0,0.00016,B,11.053600000000001,292936280184718
1774159515007,2026-03-22 06:05:15.007,69085.0,0.00019,B,13.12615,95937758519709
1774159515007,2026-03-22 06:05:15.007,69085.0,0.00038,B,26.2523,270582617431454
1774159515007,2026-03-22 06:05:15.007,69085.0,0.00142,B,98.1007,63696661507286
1774159515126,2026-03-22 06:05:15.126,69084.0,0.00017,A,11.744280000000002,511104036461528
1774159515209,2026-03-22 06:05:15.209,69084.0,0.001,B,69.084,177465187134663
1774159516990,2026-03-22 06:05:16.990,69084.0,0.00219,B,151.29396,124919940029077
1774159516990,2026-03-22 06:05:16.990,69084.0,0.00281,B,194.12604,260782659679367
1774159516990,2026-03-22 06:05:16.990,69083.0,0.00017,A,11.744110000000001,416245866623586
1774159516990,2026-03-22 06:05:16.990,69083.0,0.00011,A,7.599130000000001,191051242437878
1774159517421,2026-03-22 06:05:17.421,69083.0,6e-05,A,4.14498,367869727909775
1774159517421,2026-03-22 06:05:17.421,69083.0,0.00027,A,18.65241,484625029560501
1774159517421,2026-03-22 06:05:17.421,69082.0,0.00016,A,11.053120000000002,655820789582252
1774159517421,2026-03-22 06:05:17.421,69082.0,0.00017,A,11.74394,454250265541692
1774159517421,2026-03-22 06:05:17.421,69081.0,0.00017,A,11.743770000000001,244198506785885
1774159517421,2026-03-22 06:05:17.421,69081.0,0.07153,A,4941.3639299999995,1101324083709052
1774159518489,2026-03-22 06:05:18.489,69081.0,0.00099,A,68.39019,1034733298158811
1774159518544,2026-03-22 06:05:18.544,69082.0,0.00079,B,54.574780000000004,408989381505195
1774159520589,2026-03-22 06:05:20.589,69082.0,9e-05,B,6.21738,161155320904741
1774159520954,2026-03-22 06:05:20.954,69082.0,0.005,B,345.41,1088217521375547
1774159521762,2026-03-22 06:05:21.762,69082.0,0.00012,B,8.28984,210812525297050
1774159521762,2026-03-22 06:05:21.762,69081.0,0.04574,A,3159.76494,690923659148390
1774159522050,2026-03-22 06:05:22.050,69082.0,0.00045,B,31.0869,913774121697157
1774159522764,2026-03-22 06:05:22.764,69082.0,0.00017,B,11.74394,1087053508758726
1774159523981,2026-03-22 06:05:23.981,69082.0,0.00029,B,20.03378,333349211630172
1774159524775,2026-03-22 06:05:24.775,69082.0,0.005,B,345.41,647286271818832
1774159525794,2026-03-22 06:05:25.794,69081.0,0.03,A,2072.43,286159483080454
1774159528013,2026-03-22 06:05:28.013,69081.0,0.006,A,414.486,523137421185830
1774159528180,2026-03-22 06:05:28.180,69082.0,0.0004,B,27.6328,980939536308562
1774159528772,2026-03-22 06:05:28.772,69082.0,0.005,B,345.41,975004818362647
1774159528970,2026-03-22 06:05:28.970,69082.0,0.001,B,69.08200000000001,790142327146900
1774159529015,2026-03-22 06:05:29.015,69082.0,0.00016,B,11.053120000000002,287023521997517
1774159530176,2026-03-22 06:05:30.176,69082.0,0.0207,B,1429.9974,146403119273352
1774159530830,2026-03-22 06:05:30.830,69081.0,0.00099,A,68.39019,431155402425428
1774159532652,2026-03-22 06:05:32.652,69082.0,0.005,B,345.41,761939563413083
1774159533642,2026-03-22 06:05:33.642,69082.0,0.00016,B,11.053120000000002,314239934721946
1774159534045,2026-03-22 06:05:34.045,69081.0,0.00142,A,98.09502,575730732015267
1774159536545,2026-03-22 06:05:36.545,69082.0,0.005,B,345.41,1043357862011237
1774159537087,2026-03-22 06:05:37.087,69081.0,0.01134,A,783.3785399999999,858732661610079
1774159538034,2026-03-22 06:05:38.034,69082.0,0.00016,B,11.053120000000002,265367529943834
1774159540403,2026-03-22 06:05:40.403,69082.0,0.005,B,345.41,994471419969153
1774159541125,2026-03-22 06:05:41.125,69081.0,0.02701,A,1865.87781,105554737807194
1774159542642,2026-03-22 06:05:42.642,69082.0,0.00596,B,411.72872,326101436708245
1774159542731,2026-03-22 06:05:42.731,69082.0,0.001,B,69.08200000000001,962196688568500
1774159543638,2026-03-22 06:05:43.638,69081.0,0.00099,A,68.39019,571862973589847
1774159544370,2026-03-22 06:05:44.370,69082.0,0.005,B,345.41,735306132951720
1774159545052,2026-03-22 06:05:45.052,69082.0,0.00056,B,38.685919999999996,815302842246974
1774159548106,2026-03-22 06:05:48.106,69082.0,0.005,B,345.41,666715041749831
1774159548559,2026-03-22 06:05:48.559,69081.0,0.00015,A,10.36215,440921842200877
1774159549990,2026-03-22 06:05:49.990,69082.0,0.00144,B,99.47808,293912422465780
1774159550717,2026-03-22 06:05:50.717,69082.0,0.00463,B,319.84966,1055165634315324
1774159552197,2026-03-22 06:05:52.197,69082.0,0.005,B,345.41,756265214656312
1774159555807,2026-03-22 06:05:55.807,69082.0,0.001,B,69.08200000000001,88988042826227
1774159556010,2026-03-22 06:05:56.010,69082.0,0.005,B,345.41,1011504714790317
1774159556010,2026-03-22 06:05:56.010,69081.0,0.00099,A,68.39019,681262824733035
1774159557047,2026-03-22 06:05:57.047,69081.0,0.00017,A,11.743770000000001,179600146524526
1774159558393,2026-03-22 06:05:58.393,69081.0,0.00723,A,499.45563000000004,481732441267017
1774159559000,2026-03-22 06:05:59.000,69082.0,0.00016,B,11.053120000000002,825659665212931
1774159559828,2026-03-22 06:05:59.828,69082.0,0.005,B,345.41,248096075119845
1774159561071,2026-03-22 06:06:01.071,69081.0,0.00029,A,20.03349,898129913706571
1774159564109,2026-03-22 06:06:04.109,69081.0,0.00017,A,11.743770000000001,60658640264685
1774159564109,2026-03-22 06:06:04.109,69081.0,0.00031,A,21.41511,416871499732285
1774159564109,2026-03-22 06:06:04.109,69081.0,0.00094,A,64.93614,510634268385626
1774159564310,2026-03-22 06:06:04.310,69081.0,0.1,A,6908.1,287111064068778
1774159564310,2026-03-22 06:06:04.310,69082.0,0.005,B,345.41,1109238728926640
1774159564310,2026-03-22 06:06:04.310,69081.0,0.27586,A,19056.68466,50261948749274
1774159564310,2026-03-22 06:06:04.310,69080.0,0.00017,A,11.7436,82507125804372
1774159564310,2026-03-22 06:06:04.310,69079.0,0.00016,A,11.05264,455644522433088
1774159564310,2026-03-22 06:06:04.310,69079.0,0.00017,A,11.74343,1046664828542073
1774159564416,2026-03-22 06:06:04.416,69078.0,0.00017,A,11.743260000000001,62963355907065
1774159564416,2026-03-22 06:06:04.416,69077.0,0.00017,A,11.74309,779751013316322
1774159565070,2026-03-22 06:06:05.070,69076.0,0.00017,A,11.742920000000002,603452241015333
1774159565070,2026-03-22 06:06:05.070,69076.0,0.003,A,207.228,999448745182756
1774159565070,2026-03-22 06:06:05.070,69075.0,0.00016,A,11.052000000000001,552085626061132
1774159565070,2026-03-22 06:06:05.070,69075.0,0.00017,A,11.742750000000001,657949083770210
1774159565070,2026-03-22 06:06:05.070,69075.0,0.00165,A,113.97375,540546611582627
1774159565070,2026-03-22 06:06:05.070,69074.0,0.00017,A,11.74258,31570991789936
1774159565070,2026-03-22 06:06:05.070,69074.0,0.00015,A,10.361099999999999,601037328351591
1774159565932,2026-03-22 06:06:05.932,69073.0,0.00017,A,11.742410000000001,698212470260309
1774159565932,2026-03-22 06:06:05.932,69073.0,0.003,A,207.219,787716226812150
1774159565932,2026-03-22 06:06:05.932,69072.0,0.00017,A,11.74224,1121605131786100
1774159565932,2026-03-22 06:06:05.932,69072.0,0.02841,A,1962.33552,1085208723503312
1774159566403,2026-03-22 06:06:06.403,69073.0,0.00253,B,174.75469,157503732890848
1774159567521,2026-03-22 06:06:07.521,69072.0,0.00022,A,15.19584,528899338493297
1774159567521,2026-03-22 06:06:07.521,69072.0,0.00022,A,15.19584,538052212102840
1774159568013,2026-03-22 06:06:08.013,69073.0,0.00016,B,11.051680000000001,255307113679795
1774159568013,2026-03-22 06:06:08.013,69072.0,0.00641,A,442.75151999999997,881559211080094
1774159568013,2026-03-22 06:06:08.013,69072.0,0.00017,A,11.74224,79751786665485
1774159568013,2026-03-22 06:06:08.013,69072.0,0.0003,A,20.7216,611180420421556
1774159568013,2026-03-22 06:06:08.013,69071.0,0.00016,A,11.05136,1109403879504707
1774159568013,2026-03-22 06:06:08.013,69071.0,0.00017,A,11.74207,571121127940582
1774159568013,2026-03-22 06:06:08.013,69071.0,0.00597,A,412.35387,1055641714608774
1774159568135,2026-03-22 06:06:08.135,69072.0,0.005,B,345.36,336205765843487
1774159569935,2026-03-22 06:06:09.935,69072.0,0.001,B,69.072,444551725429166
1774159570345,2026-03-22 06:06:10.345,69072.0,0.00044,B,30.39168,867967071077548
1774159572347,2026-03-22 06:06:12.347,69071.0,0.00017,A,11.74207,184099500408847
1774159572347,2026-03-22 06:06:12.347,69071.0,0.0003,A,20.7213,1122643520922608
1774159572347,2026-03-22 06:06:12.347,69070.0,0.00017,A,11.741900000000001,655883394251087
1774159572347,2026-03-22 06:06:12.347,69069.0,0.00017,A,11.74173,490089834316382
1774159572347,2026-03-22 06:06:12.347,69072.0,0.005,B,345.36,682840302771696
1774159572547,2026-03-22 06:06:12.547,69068.0,0.00016,A,11.050880000000001,875441223204813
1774159572547,2026-03-22 06:06:12.547,69068.0,0.00017,A,11.741560000000002,351497478197955
1774159572547,2026-03-22 06:06:12.547,69068.0,0.003,A,207.204,757531428743103
1774159572759,2026-03-22 06:06:12.759,69067.0,0.00017,A,11.74139,625475537229001
1774159572759,2026-03-22 06:06:12.759,69066.0,0.00017,A,11.74122,855079978632228
1774159572759,2026-03-22 06:06:12.759,69066.0,0.00064,A,44.20224,732452680153736
1774159573178,2026-03-22 06:06:13.178,69065.0,7e-05,A,4.834549999999999,566098977618718
1774159574058,2026-03-22 06:06:14.058,69066.0,0.00253,B,174.73698000000002,631503227462179
1774159574560,2026-03-22 06:06:14.560,69065.0,0.00017,A,11.741050000000001,972933602146663
1774159574560,2026-03-22 06:06:14.560,69065.0,0.00022,A,15.1943,747119717882816
1774159574560,2026-03-22 06:06:14.560,69065.0,0.0025,A,172.6625,834985937612556
1774159575009,2026-03-22 06:06:15.009,69066.0,0.00057,B,39.367619999999995,550856845089546
1774159576200,2026-03-22 06:06:16.200,69066.0,0.00106,B,73.20996,832737466983163
1774159576200,2026-03-22 06:06:16.200,69066.0,0.00394,B,272.12004,301168145013321
1774159576467,2026-03-22 06:06:16.467,69065.0,0.00044,A,30.3886,816390004630530
1774159576864,2026-03-22 06:06:16.864,69065.0,0.00287,A,198.21655,809011117781682
1774159577960,2026-03-22 06:06:17.960,69066.0,7e-05,B,4.834619999999999,996901904219644
1774159578775,2026-03-22 06:06:18.775,69066.0,0.00043,B,29.69838,602341266511733
1774159579414,2026-03-22 06:06:19.414,69065.0,0.00097,A,66.99305,346340433510914
1774159579973,2026-03-22 06:06:19.973,69065.0,0.00592,A,408.8648,1101314590054981
1774159580022,2026-03-22 06:06:20.022,69066.0,0.005,B,345.33,729529693236660
1774159581438,2026-03-22 06:06:21.438,69065.0,0.00099,A,68.37434999999999,411129231392127
1774159583513,2026-03-22 06:06:23.513,69065.0,0.00028,A,19.338199999999997,31422036579700
1774159584119,2026-03-22 06:06:24.119,69066.0,0.005,B,345.33,95975568220043
1774159584190,2026-03-22 06:06:24.190,69065.0,0.00043,A,29.69795,146411225755683
1774159584525,2026-03-22 06:06:24.525,69066.0,0.00253,B,174.73698000000002,1103529037093926
1774159584595,2026-03-22 06:06:24.595,69066.0,0.001,B,69.066,64381228463421
1774159587061,2026-03-22 06:06:27.061,69065.0,0.00017,A,11.741050000000001,390806137006964
1774159587926,2026-03-22 06:06:27.926,69066.0,0.005,B,345.33,900012348426160
1774159587991,2026-03-22 06:06:27.991,69065.0,0.0021,A,145.0365,799597844157116
1774159588384,2026-03-22 06:06:28.384,69065.0,0.00029,A,20.02885,302939727035689
1774159589004,2026-03-22 06:06:29.004,69066.0,0.00016,B,11.05056,290384897800626
1774159590335,2026-03-22 06:06:30.335,69066.0,0.0002,B,13.8132,556746062438290
1774159591754,2026-03-22 06:06:31.754,69066.0,0.00175,B,120.8655,212183859550915
1774159591895,2026-03-22 06:06:31.895,69066.0,0.005,B,345.33,526530274637701
1774159593952,2026-03-22 06:06:33.952,69065.0,0.00099,A,68.37434999999999,561859408531509
1774159594059,2026-03-22 06:06:34.059,69065.0,0.00142,A,98.0723,26331704477003
1774159595622,2026-03-22 06:06:35.622,69066.0,0.01044,B,721.04904,131683270671193
1774159595958,2026-03-22 06:06:35.958,69066.0,0.005,B,345.33,641865641024594
1774159598110,2026-03-22 06:06:38.110,69066.0,0.00016,B,11.05056,409476454667893
1774159598400,2026-03-22 06:06:38.400,69066.0,0.001,B,69.066,334756908470085
1774159599313,2026-03-22 06:06:39.313,69066.0,0.008,B,552.528,908944527880300
1774159599808,2026-03-22 06:06:39.808,69066.0,0.005,B,345.33,820509916414167
1774159600712,2026-03-22 06:06:40.712,69065.0,0.00021,A,14.50365,246374228294958
1774159601922,2026-03-22 06:06:41.922,69066.0,0.00032,B,22.10112,103116875705450
1774159602355,2026-03-22 06:06:42.355,69065.0,9e-05,A,6.2158500000000005,781818971321585
1774159602355,2026-03-22 06:06:42.355,69065.0,0.00017,A,11.741050000000001,609231372243632
1774159602355,2026-03-22 06:06:42.355,69065.0,0.00073,A,50.417449999999995,516226678422251
1774159602951,2026-03-22 06:06:42.951,69065.0,0.12325,A,8512.26125,316171901706464
1774159603508,2026-03-22 06:06:43.508,69066.0,0.0006,B,41.4396,1056344056804716
1774159603706,2026-03-22 06:06:43.706,69066.0,0.005,B,345.33,1067014448108454
1774159604165,2026-03-22 06:06:44.165,69065.0,0.0147,A,1015.2555,742232033440162
1774159605040,2026-03-22 06:06:45.040,69066.0,0.00056,B,38.676959999999994,915241311135480
1774159605372,2026-03-22 06:06:45.372,69065.0,0.00017,A,11.741050000000001,295079414799284
1774159605372,2026-03-22 06:06:45.372,69066.0,0.00016,B,11.05056,173742248349664
1774159605525,2026-03-22 06:06:45.525,69065.0,0.00303,A,209.26695,218853531618443
1774159606005,2026-03-22 06:06:46.005,69066.0,0.00253,B,174.73698000000002,505235248232764
1774159606075,2026-03-22 06:06:46.075,69066.0,0.00138,B,95.31107999999999,125417544335233
1774159606475,2026-03-22 06:06:46.475,69066.0,0.07783,B,5375.406779999999,1030324433666484
1774159606475,2026-03-22 06:06:46.475,69066.0,1.08611,B,75013.27325999999,443281393794750
1774159606475,2026-03-22 06:06:46.475,69066.0,0.00017,B,11.74122,843583201718356
1774159606475,2026-03-22 06:06:46.475,69066.0,0.10764,B,7434.2642399999995,793036899078228
1774159606475,2026-03-22 06:06:46.475,69066.0,0.17614,B,12165.28524,451494913934762
1774159607679,2026-03-22 06:06:47.679,69066.0,0.005,B,345.33,748911055406517
1774159607942,2026-03-22 06:06:47.942,69066.0,0.00622,B,429.59051999999997,77993169580211
1774159607942,2026-03-22 06:06:47.942,69066.0,0.00016,B,11.05056,634669072017700
1774159610583,2026-03-22 06:06:50.583,69065.0,0.00553,A,381.92945000000003,38263023040255
1774159611577,2026-03-22 06:06:51.577,69066.0,0.005,B,345.33,606962920464862
1774159611971,2026-03-22 06:06:51.971,69066.0,0.001,B,69.066,1114178569560425
1774159611971,2026-03-22 06:06:51.971,69066.0,0.00461,B,318.39426000000003,803463197448970
1774159612378,2026-03-22 06:06:52.378,69065.0,0.04819,A,3328.24235,436451609177738
1774159613387,2026-03-22 06:06:53.387,69065.0,0.00099,A,68.37434999999999,1023226297064485
1774159615435,2026-03-22 06:06:55.435,69066.0,0.005,B,345.33,970873644597025
1774159615556,2026-03-22 06:06:55.556,69066.0,0.01775,B,1225.9215,296946938447012
1774159615836,2026-03-22 06:06:55.836,69066.0,0.00064,B,44.20224,1031909178100456
1774159615975,2026-03-22 06:06:55.975,69065.0,0.025,A,1726.625,418264382746359
1774159617036,2026-03-22 06:06:57.036,69065.0,0.00017,A,11.741050000000001,1063192926573100
1774159619048,2026-03-22 06:06:59.048,69066.0,0.00016,B,11.05056,999300338358887
1774159619457,2026-03-22 06:06:59.457,69066.0,0.005,B,345.33,65044838471378
1774159619659,2026-03-22 06:06:59.659,69066.0,0.0207,B,1429.6662,561469127057183
1774159621222,2026-03-22 06:07:01.222,69066.0,0.00017,B,11.74122,9333102044074
1774159623800,2026-03-22 06:07:03.800,69066.0,0.005,B,345.33,284741829726855
1774159624197,2026-03-22 06:07:04.197,69065.0,0.00019,A,13.12235,284290313464198
1774159625014,2026-03-22 06:07:05.014,69065.0,0.00142,A,98.0723,755420210634866
1774159625301,2026-03-22 06:07:05.301,69066.0,0.03246,B,2241.88236,1073513018229199
1774159626210,2026-03-22 06:07:06.210,69066.0,0.001,B,69.066,140212636853428
1774159627628,2026-03-22 06:07:07.628,69066.0,0.005,B,345.33,766846273486434
1774159628018,2026-03-22 06:07:08.018,69066.0,0.00016,B,11.05056,85217018033959
1774159628247,2026-03-22 06:07:08.247,69065.0,0.0002,A,13.813,332807978429594
1774159628247,2026-03-22 06:07:08.247,69065.0,0.00079,A,54.56135,879240364456415
1774159628622,2026-03-22 06:07:08.622,69065.0,0.11097,A,7664.14305,852404883302046
1774159628622,2026-03-22 06:07:08.622,69065.0,0.00017,A,11.741050000000001,804372272623109
1774159628622,2026-03-22 06:07:08.622,69065.0,0.00033,A,22.79145,182312171883280
1774159628622,2026-03-22 06:07:08.622,69065.0,1e-05,A,0.6906500000000001,330171496029390
1774159628622,2026-03-22 06:07:08.622,69065.0,0.00202,A,139.5113,269063204858735
1774159628622,2026-03-22 06:07:08.622,69065.0,0.1365,A,9427.372500000001,615929617534031
1774159630325,2026-03-22 06:07:10.325,69065.0,0.00016,A,11.050400000000002,355665207717129
1774159631528,2026-03-22 06:07:11.528,69066.0,0.005,B,345.33,368552392522546
1774159633670,2026-03-22 06:07:13.670,69065.0,0.04994,A,3449.1061,51045586547474
1774159634726,2026-03-22 06:07:14.726,69065.0,0.0653,A,4509.9445,755351986407960
1774159635106,2026-03-22 06:07:15.106,69066.0,0.00057,B,39.367619999999995,103686023165713
1774159635496,2026-03-22 06:07:15.496,69066.0,0.005,B,345.33,207543289058317
1774159636296,2026-03-22 06:07:16.296,69066.0,0.00016,B,11.05056,333873419293009
1774159636296,2026-03-22 06:07:16.296,69066.0,0.00015,B,10.3599,428893093791711
1774159637488,2026-03-22 06:07:17.488,69065.0,0.00143,A,98.76295,31228451090382
1774159639377,2026-03-22 06:07:19.377,69066.0,0.005,B,345.33,198479264984962
1774159639784,2026-03-22 06:07:19.784,69066.0,0.001,B,69.066,682348831078685
1774159641902,2026-03-22 06:07:21.902,69065.0,0.00099,A,68.37434999999999,162322255099720
1774159642801,2026-03-22 06:07:22.801,69065.0,0.01357,A,937.21205,178952490194729
1774159643309,2026-03-22 06:07:23.309,69066.0,0.005,B,345.33,991887019771540
1774159643588,2026-03-22 06:07:23.588,69065.0,0.14813,A,10230.598450000001,813790309406464
1774159644193,2026-03-22 06:07:24.193,69065.0,0.00019,A,13.12235,1116479844097864
1774159646413,2026-03-22 06:07:26.413,69065.0,0.02895,A,1999.43175,953686469141888
1774159647012,2026-03-22 06:07:27.012,69065.0,0.00017,A,11.741050000000001,551388040545591
1774159647209,2026-03-22 06:07:27.209,69066.0,0.005,B,345.33,542725332996403
1774159647809,2026-03-22 06:07:27.809,69066.0,0.00087,B,60.08742,181811637895619
1774159649072,2026-03-22 06:07:29.072,69066.0,0.00016,B,11.05056,1106263588575712
1774159650479,2026-03-22 06:07:30.479,69065.0,0.00016,A,11.050400000000002,712652857576913
1774159651021,2026-03-22 06:07:31.021,69066.0,0.005,B,345.33,1060028439283067
1774159654065,2026-03-22 06:07:34.065,69065.0,0.00141,A,97.38165000000001,463223523255794
1774159654374,2026-03-22 06:07:34.374,69066.0,0.001,B,69.066,853121637847365
1774159654374,2026-03-22 06:07:34.374,69065.0,0.00099,A,68.37434999999999,956717956268793
1774159654861,2026-03-22 06:07:34.861,69066.0,0.01728,B,1193.46048,607412959025729
1774159654861,2026-03-22 06:07:34.861,69066.0,0.005,B,345.33,393845782192628
1774159655739,2026-03-22 06:07:35.739,69066.0,0.00059,B,40.748940000000005,277148468704355
1774159655938,2026-03-22 06:07:35.938,69065.0,0.4028,A,27819.381999999998,221429371927677
1774159655938,2026-03-22 06:07:35.938,69065.0,0.00017,A,11.741050000000001,536197548024730
1774159655938,2026-03-22 06:07:35.938,69065.0,0.13771,A,9510.94115,572965593808973
1774159655938,2026-03-22 06:07:35.938,69065.0,0.00033,A,22.79145,328255529131545
1774159655938,2026-03-22 06:07:35.938,69065.0,0.01291,A,891.62915,723679882412493
1774159655938,2026-03-22 06:07:35.938,69065.0,0.00029,A,20.02885,491327711983275
1774159655938,2026-03-22 06:07:35.938,69064.0,0.00016,A,11.05024,534184011561049
1774159655938,2026-03-22 06:07:35.938,69064.0,0.00017,A,11.74088,21901429765944
1774159655938,2026-03-22 06:07:35.938,69063.0,0.00017,A,11.74071,499708279839719
1774159655938,2026-03-22 06:07:35.938,69063.0,0.003,A,207.189,434541034467646
1774159655938,2026-03-22 06:07:35.938,69063.0,0.00021,A,14.50323,436379307362071
1774159655938,2026-03-22 06:07:35.938,69063.0,0.00031,A,21.40953,595909628038395
1774159655995,2026-03-22 06:07:35.995,69062.0,0.00017,A,11.740540000000001,798417679536230
1774159655995,2026-03-22 06:07:35.995,69061.0,0.00017,A,11.74037,448920835097912
1774159655995,2026-03-22 06:07:35.995,69060.0,0.00016,A,11.049600000000002,804809513105797
1774159655995,2026-03-22 06:07:35.995,69060.0,0.00017,A,11.740200000000002,461768439385865
1774159655995,2026-03-22 06:07:35.995,69060.0,0.00058,A,40.0548,914270570032237
1774159655995,2026-03-22 06:07:35.995,69059.0,0.00017,A,11.74003,965903882862849
1774159656638,2026-03-22 06:07:36.638,69058.0,0.00017,A,11.73986,711244963369150
1774159656638,2026-03-22 06:07:36.638,69058.0,0.003,A,207.174,272195868014788
1774159656638,2026-03-22 06:07:36.638,69057.0,0.00016,A,11.04912,668986410984224
1774159656638,2026-03-22 06:07:36.638,69057.0,0.00017,A,11.739690000000001,466240692570038
1774159656638,2026-03-22 06:07:36.638,69056.0,0.00017,A,11.73952,775172013326240
1774159656638,2026-03-22 06:07:36.638,69055.0,0.00017,A,11.739350000000002,1102978550113369
1774159656638,2026-03-22 06:07:36.638,69054.0,0.00017,A,11.739180000000001,756723767036326
1774159656638,2026-03-22 06:07:36.638,69054.0,0.00201,A,138.79854,745638054221834
1774159657180,2026-03-22 06:07:37.180,69054.0,0.00019,A,13.12026,127978057790032
1774159657592,2026-03-22 06:07:37.592,69055.0,0.0004,B,27.622,934460754819970
1774159658035,2026-03-22 06:07:38.035,69055.0,0.00016,B,11.048800000000002,103577745658805
1774159658448,2026-03-22 06:07:38.448,69054.0,0.00778,A,537.2401199999999,1009317559504932
1774159658768,2026-03-22 06:07:38.768,69055.0,0.005,B,345.27500000000003,1030897938108745
1774159659467,2026-03-22 06:07:39.467,69054.0,0.00028,A,19.33512,846185468614170
1774159661999,2026-03-22 06:07:41.999,69054.0,0.07567,A,5225.31618,671462790994411
1774159661999,2026-03-22 06:07:41.999,69054.0,0.00017,A,11.739180000000001,799910205472472
1774159661999,2026-03-22 06:07:41.999,69054.0,0.01525,A,1053.0735,724251653736841
1774159662473,2026-03-22 06:07:42.473,69054.0,0.00019,A,13.12026,474832393046753
1774159662600,2026-03-22 06:07:42.600,69055.0,0.005,B,345.27500000000003,42209636263547
1774159665037,2026-03-22 06:07:45.037,69055.0,0.00057,B,39.36135,450701548244322
1774159666471,2026-03-22 06:07:46.471,69055.0,0.005,B,345.27500000000003,556629622129307
1774159667297,2026-03-22 06:07:47.297,69054.0,0.14131,A,9758.02074,92405391141842
1774159667297,2026-03-22 06:07:47.297,69054.0,0.00031,A,21.40674,679918699016960
1774159667297,2026-03-22 06:07:47.297,69054.0,0.00017,A,11.739180000000001,616559123718869
1774159667297,2026-03-22 06:07:47.297,69054.0,0.00641,A,442.63614,590553184373092
1774159667297,2026-03-22 06:07:47.297,69053.0,0.00017,A,11.73901,807994071079970
1774159667297,2026-03-22 06:07:47.297,69053.0,0.003,A,207.159,466964303653826
1774159667297,2026-03-22 06:07:47.297,69052.0,0.00017,A,11.738840000000001,103402494839459
1774159667297,2026-03-22 06:07:47.297,69051.0,0.00017,A,11.73867,360995077004749
1774159667297,2026-03-22 06:07:47.297,69050.0,0.00017,A,11.7385,54295111058344
1774159667699,2026-03-22 06:07:47.699,69050.0,0.00253,B,174.69650000000001,720630758532063
1774159668109,2026-03-22 06:07:48.109,69050.0,0.001,B,69.05,806895631573014
1774159668109,2026-03-22 06:07:48.109,69049.0,0.00017,A,11.738330000000001,638449407774578
1774159668109,2026-03-22 06:07:48.109,69048.0,0.00017,A,11.73816,831149927313929
1774159668109,2026-03-22 06:07:48.109,69048.0,0.003,A,207.144,1016386796352967
1774159668109,2026-03-22 06:07:48.109,69048.0,0.00084,A,58.00032,683375153867801
1774159668195,2026-03-22 06:07:48.195,69048.0,0.00099,A,68.35752,325627394464419
1774159668589,2026-03-22 06:07:48.589,69047.0,0.00017,A,11.737990000000002,969615511604441
1774159668861,2026-03-22 06:07:48.861,69047.0,0.00089,B,61.451829999999994,732417272827310
1774159670366,2026-03-22 06:07:50.366,69047.0,0.005,B,345.235,814237458169670
1774159670767,2026-03-22 06:07:50.767,69046.0,0.00017,A,11.737820000000001,99083721439116
1774159670767,2026-03-22 06:07:50.767,69046.0,2e-05,A,1.3809200000000001,187424558722107
1774159672121,2026-03-22 06:07:52.121,69047.0,0.0004,B,27.6188,612236022217934
1774159673852,2026-03-22 06:07:53.852,69046.0,0.1562,A,10784.985200000001,1125542745834794
1774159673852,2026-03-22 06:07:53.852,69046.0,0.00031,A,21.40426,746894662122091
1774159673852,2026-03-22 06:07:53.852,69046.0,0.00017,A,11.737820000000001,173592944497763
1774159673852,2026-03-22 06:07:53.852,69045.0,0.00017,A,11.73765,522340742413366
1774159673852,2026-03-22 06:07:53.852,69044.0,0.00017,A,11.737480000000001,1026682628736574
1774159673852,2026-03-22 06:07:53.852,69043.0,0.00017,A,11.73731,869379408523125
1774159673852,2026-03-22 06:07:53.852,69042.0,0.00016,A,11.04672,311701952955806
1774159673852,2026-03-22 06:07:53.852,69042.0,0.00016,A,11.04672,1011177039180092
1774159673852,2026-03-22 06:07:53.852,69042.0,0.00017,A,11.73714,685770243337580
1774159673852,2026-03-22 06:07:53.852,69042.0,0.56646,A,39109.531319999995,640753754636154
1774159674186,2026-03-22 06:07:54.186,69043.0,0.005,B,345.21500000000003,1067726334496086
1774159675247,2026-03-22 06:07:55.247,69042.0,0.00016,A,11.04672,268153290229471
1774159675247,2026-03-22 06:07:55.247,69042.0,0.01577,A,1088.79234,851186986529035
1774159675337,2026-03-22 06:07:55.337,69042.0,0.27781,A,19180.55802,153025438921808
1774159675337,2026-03-22 06:07:55.337,69042.0,0.00017,A,11.73714,202328585163627
1774159675337,2026-03-22 06:07:55.337,69042.0,0.17662,A,12194.19804,138817644800659
1774159676193,2026-03-22 06:07:56.193,69041.0,0.00017,A,11.736970000000001,234295710806099
1774159676193,2026-03-22 06:07:56.193,69040.0,0.00017,A,11.7368,324431634642323
1774159676193,2026-03-22 06:07:56.193,69039.0,0.00017,A,11.736630000000002,624316826826294
1774159676193,2026-03-22 06:07:56.193,69038.0,0.00016,A,11.046080000000002,550350593082265
1774159676193,2026-03-22 06:07:56.193,69038.0,0.00017,A,11.736460000000001,960894609559332
1774159676193,2026-03-22 06:07:56.193,69038.0,0.00022,A,15.188360000000001,755024254279201
1774159676193,2026-03-22 06:07:56.193,69038.0,0.003,A,207.114,234574282184999
1774159676193,2026-03-22 06:07:56.193,69037.0,0.00017,A,11.73629,760039717853332
1774159676278,2026-03-22 06:07:56.278,69036.0,0.2447,A,16893.1092,951352187616693
1774159676345,2026-03-22 06:07:56.345,69037.0,0.00068,B,46.94516,1068625537107384
1774159676345,2026-03-22 06:07:56.345,69037.0,0.00532,B,367.27684,1055129943537521
1774159676345,2026-03-22 06:07:56.345,69037.0,0.0004,B,27.614800000000002,875743564866922
1774159676886,2026-03-22 06:07:56.886,69037.0,0.73527,B,50760.834989999996,875118379947504
1774159677078,2026-03-22 06:07:57.078,69036.0,0.00017,A,11.736120000000001,1102090818807080
1774159677138,2026-03-22 06:07:57.138,69036.0,0.00513,A,354.15468,951601192911342
1774159677138,2026-03-22 06:07:57.138,69036.0,0.00017,A,11.736120000000001,188767202863787
1774159677138,2026-03-22 06:07:57.138,69036.0,0.00085,A,58.6806,352464990010224
1774159677966,2026-03-22 06:07:57.966,69036.0,0.002,A,138.072,954341566591656
1774159678094,2026-03-22 06:07:58.094,69037.0,0.00134,B,92.50958,597870271158416
1774159678153,2026-03-22 06:07:58.153,69037.0,0.005,B,345.185,1045326703338333
1774159678405,2026-03-22 06:07:58.405,69036.0,0.0127,A,876.7572,598605756924140
1774159679014,2026-03-22 06:07:59.014,69037.0,0.00016,B,11.04592,68260558443177
1774159679615,2026-03-22 06:07:59.615,69037.0,0.00035,B,24.16295,344035178255304
1774159679615,2026-03-22 06:07:59.615,69036.0,0.002,A,138.072,12346562488738
1774159681358,2026-03-22 06:08:01.358,69036.0,0.0022,A,151.8792,525538923075420
1774159682031,2026-03-22 06:08:02.031,69037.0,0.005,B,345.185,590372619795724
1774159682763,2026-03-22 06:08:02.763,69037.0,0.00111,B,76.63107000000001,761248960082141
1774159683507,2026-03-22 06:08:03.507,69036.0,0.004,A,276.144,361187998194420
1774159684038,2026-03-22 06:08:04.038,69036.0,0.00142,A,98.03112,637882285254931
1774159684162,2026-03-22 06:08:04.162,69036.0,0.079,A,5453.844,572746810265643
1774159685854,2026-03-22 06:08:05.854,69037.0,0.005,B,345.185,1032031683912773
1774159686329,2026-03-22 06:08:06.329,69036.0,0.00019,A,13.116840000000002,461148027051007
1774159687668,2026-03-22 06:08:07.668,69037.0,0.001,B,69.037,8580441795687
1774159688671,2026-03-22 06:08:08.671,69037.0,0.04819,B,3326.8930299999997,1025143978417064
1774159688853,2026-03-22 06:08:08.853,69036.0,0.07171,A,4950.571559999999,1321431714643
1774159688853,2026-03-22 06:08:08.853,69036.0,0.00017,A,11.736120000000001,903479056924051
1774159688853,2026-03-22 06:08:08.853,69036.0,0.0003,A,20.7108,31028970162383
1774159690042,2026-03-22 06:08:10.042,69035.0,0.005,B,345.175,375027434444991
1774159690246,2026-03-22 06:08:10.246,69034.0,0.00087,A,60.05958,535036012906724
1774159690246,2026-03-22 06:08:10.246,69034.0,0.00017,A,11.73578,1090663323960429
1774159690246,2026-03-22 06:08:10.246,69033.0,0.00017,A,11.735610000000001,160867773272990
1774159690246,2026-03-22 06:08:10.246,69033.0,0.00023,A,15.87759,735918307299340
1774159690246,2026-03-22 06:08:10.246,69032.0,0.003,A,207.096,342025275707364
1774159690246,2026-03-22 06:08:10.246,69032.0,0.00434,A,299.59888,601342285577488
1774159690246,2026-03-22 06:08:10.246,69032.0,0.00017,A,11.73544,624787678961738
1774159690246,2026-03-22 06:08:10.246,69032.0,0.003,A,207.096,703845493990478
1774159690246,2026-03-22 06:08:10.246,69031.0,0.00016,A,11.044960000000001,1104005329678445
1774159690246,2026-03-22 06:08:10.246,69031.0,0.00017,A,11.735270000000002,98325300667818
1774159690246,2026-03-22 06:08:10.246,69031.0,0.00015,A,10.35465,431647852924539
1774159690246,2026-03-22 06:08:10.246,69030.0,0.0002,A,13.806000000000001,785357939835785
1774159690246,2026-03-22 06:08:10.246,69030.0,0.00069,A,47.6307,645724318374642
1774159690246,2026-03-22 06:08:10.246,69030.0,0.00017,A,11.735100000000001,995339099745985
1774159690246,2026-03-22 06:08:10.246,69030.0,0.00066,A,45.5598,490378675751395
1774159690246,2026-03-22 06:08:10.246,69029.0,0.00115,A,79.38335,802673113180782
1774159690246,2026-03-22 06:08:10.246,69029.0,0.00017,A,11.73493,866638020087498
1774159690246,2026-03-22 06:08:10.246,69028.0,0.00027,A,18.63756,297307558134384
1774159690246,2026-03-22 06:08:10.246,69028.0,0.00017,A,11.734760000000001,367704394824432
1774159690246,2026-03-22 06:08:10.246,69027.0,0.00016,A,11.04432,179743046964893
1774159690246,2026-03-22 06:08:10.246,69027.0,0.00017,A,11.73459,626204526243214
1774159690246,2026-03-22 06:08:10.246,69026.0,0.00028,A,19.32728,382299266487959
1774159690246,2026-03-22 06:08:10.246,69026.0,0.00017,A,11.73442,1099179749874012
1774159690246,2026-03-22 06:08:10.246,69026.0,0.003,A,207.078,744614373938432
1774159690246,2026-03-22 06:08:10.246,69025.0,0.00072,A,49.698,480452142235395
1774159690246,2026-03-22 06:08:10.246,69025.0,0.00017,A,11.734250000000001,999722537077325
1774159690246,2026-03-22 06:08:10.246,69025.0,0.00057,A,39.344249999999995,38202254344203
1774159690246,2026-03-22 06:08:10.246,69024.0,0.00016,A,11.043840000000001,706039460504892
1774159690246,2026-03-22 06:08:10.246,69024.0,0.00017,A,11.73408,1029422199845409
1774159690246,2026-03-22 06:08:10.246,69023.0,0.00289,A,199.47647,464286086604978
1774159690246,2026-03-22 06:08:10.246,69023.0,0.00017,A,11.733910000000002,757700767765693
1774159690246,2026-03-22 06:08:10.246,69023.0,0.05632,A,3887.37536,951244299851135
1774159690780,2026-03-22 06:08:10.780,69023.0,0.00099,A,68.33277,738567259271435
1774159690884,2026-03-22 06:08:10.884,69024.0,0.00017,B,11.73408,12984796043283
1774159691642,2026-03-22 06:08:11.642,69024.0,0.00138,B,95.25312,1096343412005672
1774159691840,2026-03-22 06:08:11.840,69023.0,0.04166,A,2875.49818,216488588479472
1774159692093,2026-03-22 06:08:12.093,69023.0,0.004,A,276.092,1052991608875870
1774159692245,2026-03-22 06:08:12.245,69023.0,0.08396,A,5795.17108,162580601811760
1774159692971,2026-03-22 06:08:12.971,69023.0,0.00263,A,181.53049,369947155065765
1774159692971,2026-03-22 06:08:12.971,69023.0,0.14849,A,10249.22527,514176227068026
1774159693301,2026-03-22 06:08:13.301,69023.0,0.04491,A,3099.82293,500388344725383
1774159694074,2026-03-22 06:08:14.074,69024.0,0.005,B,345.12,357202629538727
1774159694298,2026-03-22 06:08:14.298,69023.0,0.00068,A,46.93564000000001,241905367500308
1774159695067,2026-03-22 06:08:15.067,69024.0,0.00056,B,38.653439999999996,408852684171054
1774159696072,2026-03-22 06:08:16.072,69023.0,0.00017,A,11.733910000000002,382875180654643
1774159696072,2026-03-22 06:08:16.072,69023.0,0.00016,A,11.04368,584232781235004
1774159696792,2026-03-22 06:08:16.792,69023.0,7e-05,A,4.8316099999999995,733997923651456
1774159697603,2026-03-22 06:08:17.603,69023.0,0.00096,A,66.26208,798584920539170
1774159697603,2026-03-22 06:08:17.603,69024.0,0.00037,B,25.53888,843896913676322
1774159697831,2026-03-22 06:08:17.831,69023.0,0.00025,A,17.25575,785991205251254
1774159697997,2026-03-22 06:08:17.997,69023.0,0.022,A,1518.5059999999999,172153122346725
1774159698091,2026-03-22 06:08:18.091,69024.0,0.005,B,345.12,33036658259463
1774159698619,2026-03-22 06:08:18.619,69023.0,0.004,A,276.092,910673614913895
1774159699939,2026-03-22 06:08:19.939,69023.0,0.00563,A,388.59948999999995,750178712370922
1774159701453,2026-03-22 06:08:21.453,69024.0,7e-05,B,4.8316799999999995,1020113010550656
1774159702056,2026-03-22 06:08:22.056,69024.0,0.005,B,345.12,1085855429808599
1774159702319,2026-03-22 06:08:22.319,69023.0,0.001,A,69.023,13512583202558
1774159703483,2026-03-22 06:08:23.483,69023.0,0.022,A,1518.5059999999999,271718347097160
1774159705879,2026-03-22 06:08:25.879,69024.0,0.005,B,345.12,696296804155442
1774159706654,2026-03-22 06:08:26.654,69024.0,0.00298,B,205.69152,891985609011714
1774159707056,2026-03-22 06:08:27.056,69023.0,0.00017,A,11.733910000000002,130524336363660
1774159707347,2026-03-22 06:08:27.347,69024.0,0.001,B,69.024,528360377778721
1774159708278,2026-03-22 06:08:28.278,69024.0,0.06767,B,4670.854079999999,439977716638987
1774159708278,2026-03-22 06:08:28.278,69024.0,0.05098,B,3518.84352,863964612221206
1774159708278,2026-03-22 06:08:28.278,69024.0,0.05069,B,3498.82656,77192605661788
1774159708278,2026-03-22 06:08:28.278,69024.0,0.20981,B,14481.925439999999,1065267085389787
1774159708885,2026-03-22 06:08:28.885,69024.0,0.0207,B,1428.7968,646698808513455
1774159709088,2026-03-22 06:08:29.088,69024.0,0.00016,B,11.043840000000001,932687956931206
1774159709934,2026-03-22 06:08:29.934,69024.0,0.005,B,345.12,52021146366169
1774159710175,2026-03-22 06:08:30.175,69023.0,0.00082,A,56.59886,924626009812418
1774159710572,2026-03-22 06:08:30.572,69023.0,0.00653,A,450.72019,522408545144966
1774159711376,2026-03-22 06:08:31.376,69023.0,0.0072,A,496.9656,983766859060602
1774159711376,2026-03-22 06:08:31.376,69023.0,0.07397,A,5105.63131,1114363428247178
1774159711376,2026-03-22 06:08:31.376,69023.0,0.29637,A,20456.346510000003,389552587768618
1774159711712,2026-03-22 06:08:31.712,69023.0,0.00015,A,10.353449999999999,955326056021654
1774159713307,2026-03-22 06:08:33.307,69023.0,0.02686,A,1853.95778,848631266176456
1774159713787,2026-03-22 06:08:33.787,69024.0,0.005,B,345.12,861068909160885
1774159713990,2026-03-22 06:08:33.990,69023.0,0.02314,A,1597.1922200000001,347231099177167
1774159713990,2026-03-22 06:08:33.990,69023.0,0.12891,A,8897.75493,809840567181946
1774159714123,2026-03-22 06:08:34.123,69023.0,0.00142,A,98.01266,924140674293467
1774159717614,2026-03-22 06:08:37.614,69024.0,0.005,B,345.12,1102986743123815
1774159718016,2026-03-22 06:08:38.016,69024.0,0.00016,B,11.043840000000001,114897653984998
1774159719338,2026-03-22 06:08:39.338,69024.0,0.00058,B,40.03392,384025617970427
1774159719458,2026-03-22 06:08:39.458,69024.0,0.00065,B,44.8656,33015365985165
1774159720945,2026-03-22 06:08:40.945,69024.0,0.00253,B,174.63072,352358902310443
1774159721345,2026-03-22 06:08:41.345,69024.0,0.005,B,345.12,326361952294342
1774159721549,2026-03-22 06:08:41.549,69024.0,0.001,B,69.024,822661823673574
1774159722877,2026-03-22 06:08:42.877,69023.0,0.001,A,69.023,856319829344524
1774159725045,2026-03-22 06:08:45.045,69024.0,0.00057,B,39.34368,811581283576873
1774159725292,2026-03-22 06:08:45.292,69024.0,0.005,B,345.12,1078483530989652
1774159727504,2026-03-22 06:08:47.504,69024.0,0.37915,B,26170.4496,1100665747978156
1774159729262,2026-03-22 06:08:49.262,69024.0,0.005,B,345.12,99527829238067
1774159730208,2026-03-22 06:08:50.208,69023.0,0.02823,A,1948.5192900000002,509305086073208
1774159730994,2026-03-22 06:08:50.994,69024.0,0.0006,B,41.41439999999999,175536985870514
1774159731333,2026-03-22 06:08:51.333,69024.0,0.00042,B,28.990080000000003,844029498378049
1774159732227,2026-03-22 06:08:52.227,69023.0,0.00084,A,57.97932,1110275480666640
1774159732396,2026-03-22 06:08:52.396,69023.0,0.00015,A,10.353449999999999,336277125800933
1774159733360,2026-03-22 06:08:53.360,69024.0,0.005,B,345.12,756318701157756
1774159733702,2026-03-22 06:08:53.702,69024.0,0.00017,B,11.73408,942452448700500
1774159734857,2026-03-22 06:08:54.857,69024.0,0.001,B,69.024,607670839021512
1774159736264,2026-03-22 06:08:56.264,69023.0,0.001,A,69.023,509950305312638
1774159736463,2026-03-22 06:08:56.463,69024.0,0.00271,B,187.05504000000002,477361232270949
1774159737025,2026-03-22 06:08:57.025,69023.0,0.00017,A,11.733910000000002,399362119424392
1774159737291,2026-03-22 06:08:57.291,69024.0,0.005,B,345.12,478096672738829
1774159739114,2026-03-22 06:08:59.114,69024.0,0.00016,B,11.043840000000001,823813669789060
1774159739314,2026-03-22 06:08:59.314,69023.0,0.00042,A,28.98966,709151853603029
1774159741087,2026-03-22 06:09:01.087,69023.0,0.00237,A,163.58451000000002,319326246569233
1774159741139,2026-03-22 06:09:01.139,69024.0,0.005,B,345.12,726563814233558
1774159741300,2026-03-22 06:09:01.300,69023.0,0.02923,A,2017.5422899999999,68349320724382
1774159742754,2026-03-22 06:09:02.754,69023.0,0.00172,A,118.71956,96132339658582
1774159743545,2026-03-22 06:09:03.545,69023.0,0.00028,A,19.326439999999998,582669279672801
1774159744042,2026-03-22 06:09:04.042,69023.0,0.00142,A,98.01266,613945910359227
1774159745220,2026-03-22 06:09:05.220,69024.0,0.005,B,345.12,921817098794676
1774159746578,2026-03-22 06:09:06.578,69024.0,0.01275,B,880.0559999999999,603474259707222
1774159746578,2026-03-22 06:09:06.578,69025.0,0.00015,B,10.35375,91085459240159
1774159746578,2026-03-22 06:09:06.578,69026.0,0.00015,B,10.3539,902614867138094
1774159746578,2026-03-22 06:09:06.578,69026.0,0.001,B,69.026,635683288795285
1774159746578,2026-03-22 06:09:06.578,69027.0,0.00015,B,10.354049999999999,330217183301015
1774159746578,2026-03-22 06:09:06.578,69029.0,0.003,B,207.08700000000002,708045742568511
1774159746578,2026-03-22 06:09:06.578,69030.0,0.00016,B,11.0448,600836749531500
1774159746578,2026-03-22 06:09:06.578,69031.0,0.15554,B,10737.081740000001,226854051240421
1774159746703,2026-03-22 06:09:06.703,69031.0,0.08693,B,6000.8648299999995,541639925765671
1774159746703,2026-03-22 06:09:06.703,69030.0,0.00491,A,338.9373,621791076980866
1774159747195,2026-03-22 06:09:07.195,69031.0,0.02154,B,1486.92774,300167801445367
1774159747397,2026-03-22 06:09:07.397,69031.0,0.07086,B,4891.536660000001,1057700375030583
1774159747520,2026-03-22 06:09:07.520,69031.0,0.00227,B,156.70037,929808568882333
1774159747520,2026-03-22 06:09:07.520,69031.0,0.00197,B,135.99107,1089797971484195
1774159747590,2026-03-22 06:09:07.590,69031.0,0.0037,B,255.4147,996283504205725
1774159747922,2026-03-22 06:09:07.922,69031.0,0.00037,B,25.54147,760653612001971
1774159748078,2026-03-22 06:09:08.078,69031.0,0.00016,B,11.044960000000001,1086770613831757
1774159748936,2026-03-22 06:09:08.936,69031.0,0.005,B,345.15500000000003,321961478469600
1774159749136,2026-03-22 06:09:09.136,69031.0,0.001,B,69.031,906239299051095
1774159749136,2026-03-22 06:09:09.136,69031.0,0.00021,B,14.49651,42420286995753
1774159749333,2026-03-22 06:09:09.333,69030.0,0.00098,A,67.6494,1021182937291471
1774159749333,2026-03-22 06:09:09.333,69031.0,0.00015,B,10.35465,334232350040586
1774159749883,2026-03-22 06:09:09.883,69030.0,0.05062,A,3494.2986,195480635648557
1774159749883,2026-03-22 06:09:09.883,69030.0,0.2277,A,15718.131000000001,766067608078554
1774159749883,2026-03-22 06:09:09.883,69030.0,0.08672,A,5986.2816,712127173939672
1774159749883,2026-03-22 06:09:09.883,69030.0,0.22962,A,15850.668599999999,560891289233790
1774159749883,2026-03-22 06:09:09.883,69030.0,0.21733,A,15002.2899,589145863682602
1774159750496,2026-03-22 06:09:10.496,69031.0,0.00448,B,309.25888,311875741965969
1774159750746,2026-03-22 06:09:10.746,69031.0,0.00253,B,174.64843000000002,657415157692248
1774159751209,2026-03-22 06:09:11.209,69031.0,0.00742,B,512.21002,493579715984932
1774159751809,2026-03-22 06:09:11.809,69030.0,0.01297,A,895.3191,565801522667967
1774159752806,2026-03-22 06:09:12.806,69031.0,0.005,B,345.15500000000003,842015722076620
1774159754074,2026-03-22 06:09:14.074,69030.0,0.00415,A,286.4745,859354338556109
1774159754554,2026-03-22 06:09:14.554,69031.0,0.08692,B,6000.17452,511724071457543
1774159755018,2026-03-22 06:09:15.018,69031.0,0.00056,B,38.65736,491391716691362
1774159755757,2026-03-22 06:09:15.757,69031.0,0.00025,B,17.25775,669135294718154
1774159756773,2026-03-22 06:09:16.773,69031.0,0.005,B,345.15500000000003,383136759283481
1774159757578,2026-03-22 06:09:17.578,69031.0,0.09,B,6212.79,80590779235535
1774159758903,2026-03-22 06:09:18.903,69031.0,0.53481,B,36918.46911,219790598503451
1774159758903,2026-03-22 06:09:18.903,69031.0,0.00017,B,11.735270000000002,921829772759385
1774159758903,2026-03-22 06:09:18.903,69031.0,0.07095,B,4897.74945,942638670587960
1774159758903,2026-03-22 06:09:18.903,69031.0,0.001,B,69.031,622346748160267
1774159758903,2026-03-22 06:09:18.903,69031.0,0.00215,B,148.41665,240601607841309
1774159758903,2026-03-22 06:09:18.903,69031.0,0.17775,B,12270.26025,148765469655153
1774159758903,2026-03-22 06:09:18.903,69031.0,0.19915,B,13747.52365,995304796502551
1774159758903,2026-03-22 06:09:18.903,69031.0,0.18408,B,12707.22648,20001631733060
1774159758903,2026-03-22 06:09:18.903,69031.0,0.17535,B,12104.585850000001,571728829044260
1774159758903,2026-03-22 06:09:18.903,69031.0,0.11992,B,8278.19752,1011961903434949
1774159758903,2026-03-22 06:09:18.903,69031.0,0.08084,B,5580.466039999999,859700191717130
1774159758903,2026-03-22 06:09:18.903,69031.0,0.15101,B,10424.37131,100804102401264
1774159758903,2026-03-22 06:09:18.903,69031.0,0.20093,B,13870.39883,240498953354115
1774159758903,2026-03-22 06:09:18.903,69031.0,0.35975,B,24833.90225,232577160552148
1774159758903,2026-03-22 06:09:18.903,69031.0,0.36174,B,24971.27394,190630384330167
1774159758903,2026-03-22 06:09:18.903,69031.0,0.43114,B,29762.02534,237705404256431
1774159758903,2026-03-22 06:09:18.903,69031.0,0.00395,B,272.67245,95071535737666
1774159758903,2026-03-22 06:09:18.903,69031.0,0.07454,B,5145.57074,657129277075066
1774159758903,2026-03-22 06:09:18.903,69031.0,0.00696,B,480.45576,419480982921904
1774159760605,2026-03-22 06:09:20.605,69031.0,0.005,B,345.15500000000003,708364633888247
1774159760795,2026-03-22 06:09:20.795,69030.0,0.00493,A,340.3179,911392250773748
1774159761044,2026-03-22 06:09:21.044,69030.0,0.00105,A,72.4815,790669163462353
1774159761466,2026-03-22 06:09:21.466,69030.0,0.05108,A,3526.0524,391517043719396
1774159762887,2026-03-22 06:09:22.887,69031.0,0.001,B,69.031,118821950901352
1774159763109,2026-03-22 06:09:23.109,69030.0,0.00028,A,19.3284,843456604408631
1774159764380,2026-03-22 06:09:24.380,69031.0,0.005,B,345.15500000000003,671018319701706
1774159765168,2026-03-22 06:09:25.168,69030.0,0.05821,A,4018.2363,198211597938378
1774159765168,2026-03-22 06:09:25.168,69030.0,0.09456,A,6527.4768,1057526369967566
1774159766821,2026-03-22 06:09:26.821,69031.0,0.00017,B,11.735270000000002,50591138679970
1774159766821,2026-03-22 06:09:26.821,69031.0,0.0029,B,200.1899,556387315840296
1774159766821,2026-03-22 06:09:26.821,69032.0,0.00017,B,11.73544,635240248161175
1774159766821,2026-03-22 06:09:26.821,69033.0,0.00017,B,11.735610000000001,192686097885511
1774159766821,2026-03-22 06:09:26.821,69033.0,0.00015,B,10.354949999999999,834905852228245
1774159766821,2026-03-22 06:09:26.821,69034.0,0.003,B,207.102,52181955410628
1774159766821,2026-03-22 06:09:26.821,69034.0,0.00016,B,11.045440000000001,833243253847652
1774159766821,2026-03-22 06:09:26.821,69034.0,0.00017,B,11.73578,222156717153414
1774159766821,2026-03-22 06:09:26.821,69034.0,0.00015,B,10.355099999999998,501089540462827
1774159766821,2026-03-22 06:09:26.821,69035.0,0.00017,B,11.73595,575173763245003
1774159766821,2026-03-22 06:09:26.821,69036.0,0.00017,B,11.736120000000001,820502948384345
1774159766821,2026-03-22 06:09:26.821,69037.0,0.00017,B,11.73629,1065894104258837
1774159766821,2026-03-22 06:09:26.821,69037.0,0.00016,B,11.04592,486544040234218
1774159766821,2026-03-22 06:09:26.821,69037.0,0.00043,B,29.68591,352734301105697
1774159766821,2026-03-22 06:09:26.821,69037.0,0.00072,B,49.70664,424241078058270
1774159766821,2026-03-22 06:09:26.821,69038.0,0.00017,B,11.736460000000001,315381279223534
1774159766821,2026-03-22 06:09:26.821,69039.0,0.00017,B,11.736630000000002,599887997288948
1774159766821,2026-03-22 06:09:26.821,69040.0,0.00017,B,11.7368,350120974896132
1774159766821,2026-03-22 06:09:26.821,69041.0,0.00017,B,11.736970000000001,429789649705334
1774159766821,2026-03-22 06:09:26.821,69041.0,0.00016,B,11.046560000000001,541049030889346
1774159766821,2026-03-22 06:09:26.821,69041.0,0.00015,B,10.35615,478512680547197
1774159766821,2026-03-22 06:09:26.821,69041.0,0.003,B,207.123,616708485001964
1774159766821,2026-03-22 06:09:26.821,69042.0,0.00017,B,11.73714,1066612568273855
1774159766821,2026-03-22 06:09:26.821,69043.0,0.00017,B,11.73731,297439553756993
1774159766821,2026-03-22 06:09:26.821,69043.0,0.001,B,69.043,562245479570233
1774159766821,2026-03-22 06:09:26.821,69044.0,0.00017,B,11.737480000000001,1081332445034800
1774159766821,2026-03-22 06:09:26.821,69044.0,0.01599,B,1104.01356,219875272128028
1774159766864,2026-03-22 06:09:26.864,69044.0,0.00253,B,174.68132,1062461152092948
1774159767033,2026-03-22 06:09:27.033,69043.0,0.00017,A,11.73731,773298738804023
1774159767612,2026-03-22 06:09:27.612,69044.0,0.00017,B,11.737480000000001,375019500522559
1774159767612,2026-03-22 06:09:27.612,69044.0,0.05665,B,3911.3426,1048121623178577
1774159767612,2026-03-22 06:09:27.612,69044.0,0.00328,B,226.46432,781558563099921
1774159767814,2026-03-22 06:09:27.814,69043.0,0.001,A,69.043,188439578818416
1774159768320,2026-03-22 06:09:28.320,69043.0,0.04786,A,3304.39798,955389249458041
1774159768320,2026-03-22 06:09:28.320,69044.0,0.005,B,345.22,932424167734246
1774159768724,2026-03-22 06:09:28.724,69044.0,0.00025,B,17.261,1030795098292964
1774159769037,2026-03-22 06:09:29.037,69044.0,0.00016,B,11.04704,253786637695992
1774159769726,2026-03-22 06:09:29.726,69044.0,0.00015,B,10.356599999999998,866300535587568
1774159769858,2026-03-22 06:09:29.858,69044.0,0.00028,B,19.33232,51374660542127
1774159771031,2026-03-22 06:09:31.031,69043.0,0.00238,A,164.32234000000003,442877826193658
1774159771097,2026-03-22 06:09:31.097,69044.0,0.00017,B,11.737480000000001,729673452052401
1774159771155,2026-03-22 06:09:31.155,69045.0,0.00016,B,11.0472,985498855112510
1774159771155,2026-03-22 06:09:31.155,69045.0,0.00015,B,10.35675,976950863291561
1774159771155,2026-03-22 06:09:31.155,69045.0,0.00017,B,11.73765,461139111849919
1774159771155,2026-03-22 06:09:31.155,69045.0,0.00974,B,672.4983,1003821344486434
1774159771518,2026-03-22 06:09:31.518,69044.0,0.00099,A,68.35356,929624274352463
1774159771704,2026-03-22 06:09:31.704,69045.0,0.00458,B,316.2261,62598091877123
1774159771704,2026-03-22 06:09:31.704,69045.0,1.0,B,69045.0,876195542462560
1774159772136,2026-03-22 06:09:32.136,69046.0,0.00017,B,11.737820000000001,238030400462062
1774159772136,2026-03-22 06:09:32.136,69047.0,0.00017,B,11.737990000000002,153880285301448
1774159772136,2026-03-22 06:09:32.136,69048.0,0.49966,B,34500.52368,824996366835995
1774159772352,2026-03-22 06:09:32.352,69048.0,0.00017,B,11.73816,62637321796575
1774159772352,2026-03-22 06:09:32.352,69049.0,0.00017,B,11.738330000000001,331733661946583
1774159772352,2026-03-22 06:09:32.352,69049.0,0.003,B,207.147,759757419664146
1774159772352,2026-03-22 06:09:32.352,69049.0,0.00166,B,114.62134,940141014366049
1774159772752,2026-03-22 06:09:32.752,69049.0,0.22003,B,15192.85147,351931968981117
1774159772893,2026-03-22 06:09:32.893,69049.0,0.07199,B,4970.83751,156280394809122
1774159774076,2026-03-22 06:09:34.076,69049.0,0.00142,A,98.04958,138895664530331
1774159774076,2026-03-22 06:09:34.076,69050.0,0.00017,B,11.7385,92583963648233
1774159774076,2026-03-22 06:09:34.076,69050.0,4e-05,B,2.762,707205260437786
1774159774482,2026-03-22 06:09:34.482,69050.0,0.00317,B,218.8885,77564468782615
1774159774482,2026-03-22 06:09:34.482,69050.0,0.01283,B,885.9114999999999,707563751471372
1774159774482,2026-03-22 06:09:34.482,69050.0,0.0045,B,310.72499999999997,485807064380291
1774159775275,2026-03-22 06:09:35.275,69050.0,0.00022,B,15.191,268087050493881
1774159775802,2026-03-22 06:09:35.802,69050.0,0.0113,B,780.265,351523673061199
1774159776287,2026-03-22 06:09:36.287,69050.0,0.00029,B,20.0245,695343026200191
1774159776287,2026-03-22 06:09:36.287,69050.0,0.00289,B,199.55450000000002,874366662929645
1774159776352,2026-03-22 06:09:36.352,69050.0,0.005,B,345.25,751214229633024
1774159776888,2026-03-22 06:09:36.888,69050.0,0.001,B,69.05,779993294802743
1774159778032,2026-03-22 06:09:38.032,69050.0,0.00016,B,11.048,1102834217474583
1774159778434,2026-03-22 06:09:38.434,69050.0,0.01604,B,1107.562,310879179097597
1774159778434,2026-03-22 06:09:38.434,69050.0,0.02328,B,1607.484,1058558895493170
1774159778491,2026-03-22 06:09:38.491,69050.0,0.02006,B,1385.143,751710297365218
1774159778491,2026-03-22 06:09:38.491,69050.0,0.01899,B,1311.2595,820732562927498
1774159778571,2026-03-22 06:09:38.571,69050.0,0.00274,B,189.19699999999997,666780758475449
1774159778992,2026-03-22 06:09:38.992,69050.0,0.05854,B,4042.187,771988559318928
1774159778992,2026-03-22 06:09:38.992,69050.0,0.00017,B,11.7385,780615211494876
1774159778992,2026-03-22 06:09:38.992,69051.0,0.00017,B,11.73867,678391191471167
1774159778992,2026-03-22 06:09:38.992,69052.0,0.00016,B,11.04832,1003735473219121
1774159778992,2026-03-22 06:09:38.992,69052.0,0.00017,B,11.738840000000001,531704071219554
1774159778992,2026-03-22 06:09:38.992,69052.0,0.00609,B,420.52668,762866639706383
1774159780105,2026-03-22 06:09:40.105,69052.0,0.005,B,345.26,130525528594368
1774159780357,2026-03-22 06:09:40.357,69051.0,0.01291,A,891.44841,324410407715737
1774159782926,2026-03-22 06:09:42.926,69052.0,0.00059,B,40.740680000000005,1075809030381819
1774159783542,2026-03-22 06:09:43.542,69052.0,0.00016,B,11.04832,694588357067289
1774159784041,2026-03-22 06:09:44.041,69051.0,0.00416,A,287.25215999999995,1059397211083553
1774159784041,2026-03-22 06:09:44.041,69052.0,0.005,B,345.26,12609855935711
1774159784342,2026-03-22 06:09:44.342,69052.0,0.04227,B,2918.8280400000003,827200690359258
1774159785060,2026-03-22 06:09:45.060,69052.0,0.00057,B,39.35964,488439030226138
1774159786442,2026-03-22 06:09:46.442,69051.0,0.56222,A,38821.853220000005,1012685924656366
1774159786442,2026-03-22 06:09:46.442,69051.0,0.09493,A,6555.0114300000005,267781835489063
1774159786442,2026-03-22 06:09:46.442,69051.0,0.08301,A,5731.92351,849115951247115
1774159786442,2026-03-22 06:09:46.442,69051.0,0.03038,A,2097.76938,422831908192692
1774159786871,2026-03-22 06:09:46.871,69051.0,0.00099,A,68.36049,543596415353873
1774159787982,2026-03-22 06:09:47.982,69052.0,0.00017,B,11.738840000000001,542272084411063
1774159787982,2026-03-22 06:09:47.982,69052.0,0.001,B,69.052,549701086093021
1774159787982,2026-03-22 06:09:47.982,69053.0,0.00017,B,11.73901,255509987090645
1774159787982,2026-03-22 06:09:47.982,69054.0,0.00017,B,11.739180000000001,83371986488610
1774159787982,2026-03-22 06:09:47.982,69055.0,0.00017,B,11.739350000000002,464723952388799
1774159787982,2026-03-22 06:09:47.982,69056.0,0.00016,B,11.048960000000001,263367152134224
1774159787982,2026-03-22 06:09:47.982,69056.0,0.00029,B,20.02624,653097347410399
1774159787982,2026-03-22 06:09:47.982,69056.0,0.00017,B,11.73952,760583475010740
1774159787982,2026-03-22 06:09:47.982,69057.0,0.00017,B,11.739690000000001,391398954716220
1774159787982,2026-03-22 06:09:47.982,69057.0,0.00015,B,10.35855,1099329085411849
1774159787982,2026-03-22 06:09:47.982,69058.0,0.00017,B,11.73986,228996471734407
1774159787982,2026-03-22 06:09:47.982,69059.0,0.00016,B,11.04944,773009736859380
1774159787982,2026-03-22 06:09:47.982,69059.0,0.00017,B,11.74003,887817857924105
1774159787982,2026-03-22 06:09:47.982,69059.0,0.00188,B,129.83092,692317986288891
1774159788475,2026-03-22 06:09:48.475,69059.0,0.00112,B,77.34607999999999,38454148763560
1774159788475,2026-03-22 06:09:48.475,69059.0,0.00017,B,11.74003,681350635492061
1774159788475,2026-03-22 06:09:48.475,69060.0,0.00017,B,11.740200000000002,436789690108032
1774159788475,2026-03-22 06:09:48.475,69060.0,0.00022,B,15.193200000000001,967769092316946
1774159788475,2026-03-22 06:09:48.475,69060.0,0.003,B,207.18,40389659737606
1774159788475,2026-03-22 06:09:48.475,69061.0,0.00017,B,11.74037,21306086647024
1774159788475,2026-03-22 06:09:48.475,69062.0,0.00017,B,11.740540000000001,72590862411045
1774159788475,2026-03-22 06:09:48.475,69062.0,0.00015,B,10.3593,540131880058803
1774159788475,2026-03-22 06:09:48.475,69062.0,0.03464,B,2392.30768,817975102379143
1774159788797,2026-03-22 06:09:48.797,69062.0,0.00569,B,392.96278,866927045189827
1774159789001,2026-03-22 06:09:49.001,69062.0,0.00602,B,415.75324,45916821158099
1774159789491,2026-03-22 06:09:49.491,69062.0,0.00017,B,11.740540000000001,337888101390083
1774159789491,2026-03-22 06:09:49.491,69064.0,0.00017,B,11.74088,1012892338830229
1774159789491,2026-03-22 06:09:49.491,69064.0,0.003,B,207.192,29989772074373
1774159789491,2026-03-22 06:09:49.491,69065.0,0.00017,B,11.741050000000001,1040076088707838
1774159789491,2026-03-22 06:09:49.491,69066.0,0.00017,B,11.74122,518924754698655
1774159789491,2026-03-22 06:09:49.491,69067.0,0.04338,B,2996.12646,723356062555473
1774159789692,2026-03-22 06:09:49.692,69066.0,0.0238,A,1643.7708,762611966813232
1774159789798,2026-03-22 06:09:49.798,69067.0,0.25,B,17266.75,1108388314807291
1774159789798,2026-03-22 06:09:49.798,69067.0,0.25,B,17266.75,1090841971417944
1774159789798,2026-03-22 06:09:49.798,69066.0,0.00029,A,20.02914,608884443627216
1774159789955,2026-03-22 06:09:49.955,69067.0,0.25,B,17266.75,819482182942546
1774159790095,2026-03-22 06:09:50.095,69067.0,0.00017,B,11.74139,622840927265843
1774159790095,2026-03-22 06:09:50.095,69067.0,0.20645,B,14258.88215,816533353959963
1774159790095,2026-03-22 06:09:50.095,69068.0,0.00017,B,11.741560000000002,449553518736731
1774159790095,2026-03-22 06:09:50.095,69069.0,0.00017,B,11.74173,75158184226259
1774159790095,2026-03-22 06:09:50.095,69069.0,0.003,B,207.207,339176515198509
1774159790095,2026-03-22 06:09:50.095,69070.0,0.00016,B,11.051200000000001,22012807627443
1774159790095,2026-03-22 06:09:50.095,69070.0,0.00017,B,11.741900000000001,156197974069364
1774159790498,2026-03-22 06:09:50.498,69071.0,0.00017,B,11.74207,318356910750029
1774159790498,2026-03-22 06:09:50.498,69072.0,0.00017,B,11.74224,42858989775223
1774159790498,2026-03-22 06:09:50.498,69073.0,0.00017,B,11.742410000000001,147180516700380
1774159790498,2026-03-22 06:09:50.498,69074.0,0.00016,B,11.05184,970735591771708
1774159790498,2026-03-22 06:09:50.498,69074.0,0.00017,B,11.74258,496430368023241
1774159790498,2026-03-22 06:09:50.498,69074.0,0.00016,B,11.05184,867552289286395
1774159790699,2026-03-22 06:09:50.699,69074.0,0.00025,B,17.2685,76388840459436
1774159791102,2026-03-22 06:09:51.102,69074.0,0.25,B,17268.5,1071781970928909
1774159791235,2026-03-22 06:09:51.235,69074.0,0.25,B,17268.5,315755883764745
1774159791235,2026-03-22 06:09:51.235,69074.0,0.04052,B,2798.87848,925490811448203
1774159791582,2026-03-22 06:09:51.582,69074.0,0.07364,B,5086.6093599999995,984409562237322
1774159791582,2026-03-22 06:09:51.582,69074.0,0.01504,B,1038.87296,423986419437357
1774159791582,2026-03-22 06:09:51.582,69074.0,0.02792,B,1928.54608,313401701748794
1774159791582,2026-03-22 06:09:51.582,69074.0,0.01672,B,1154.91728,100412449125181
1774159791582,2026-03-22 06:09:51.582,69074.0,0.00843,B,582.29382,99885718861544
1774159791636,2026-03-22 06:09:51.636,69074.0,0.03947,B,2726.3507799999998,787511615862849
1774159791636,2026-03-22 06:09:51.636,69074.0,0.01483,B,1024.36742,84679446855018
1774159791707,2026-03-22 06:09:51.707,69074.0,0.01971,B,1361.4485399999999,60724877690235
1774159791707,2026-03-22 06:09:51.707,69074.0,0.00991,B,684.5233400000001,155358216672901
1774159791831,2026-03-22 06:09:51.831,69074.0,0.01949,B,1346.25226,618077636874531
1774159792294,2026-03-22 06:09:52.294,69074.0,0.005,B,345.37,541304556650750
1774159792294,2026-03-22 06:09:52.294,69074.0,0.00859,B,593.3456600000001,376732154099531
1774159792294,2026-03-22 06:09:52.294,69074.0,0.0135,B,932.499,521770291628664
1774159792294,2026-03-22 06:09:52.294,69074.0,0.01004,B,693.50296,785304673830735
1774159792426,2026-03-22 06:09:52.426,69074.0,0.03545,B,2448.6733000000004,187270365994004
1774159792426,2026-03-22 06:09:52.426,69074.0,0.00551,B,380.59774,859815554803996
1774159792426,2026-03-22 06:09:52.426,69074.0,0.00613,B,423.42362,917030716784814
1774159792426,2026-03-22 06:09:52.426,69074.0,0.00679,B,469.01246,812564893034569
1774159792495,2026-03-22 06:09:52.495,69074.0,0.0207,B,1429.8318,1047520432366289
1774159792495,2026-03-22 06:09:52.495,69074.0,0.0022,B,151.96280000000002,211248556328225
1774159792495,2026-03-22 06:09:52.495,69074.0,0.004,B,276.296,113260299223864
1774159792495,2026-03-22 06:09:52.495,69074.0,0.2447,B,16902.4078,529253585800228
1774159792621,2026-03-22 06:09:52.621,69074.0,0.00017,B,11.74258,1101220750755572
1774159792849,2026-03-22 06:09:52.849,69075.0,0.00017,B,11.742750000000001,611672660059431
1774159792849,2026-03-22 06:09:52.849,69076.0,0.00017,B,11.742920000000002,929715871339793
1774159792849,2026-03-22 06:09:52.849,69077.0,0.00017,B,11.74309,153278048083779
1774159792849,2026-03-22 06:09:52.849,69077.0,0.003,B,207.231,43086578376147
1774159792849,2026-03-22 06:09:52.849,69078.0,0.00016,B,11.052480000000001,66765064117524
1774159792849,2026-03-22 06:09:52.849,69078.0,0.00017,B,11.743260000000001,88642370545605
1774159792849,2026-03-22 06:09:52.849,69079.0,0.00017,B,11.74343,897211371077132
1774159792849,2026-03-22 06:09:52.849,69080.0,0.00017,B,11.7436,368156272669859
1774159792849,2026-03-22 06:09:52.849,69080.0,0.01208,B,834.4864,834416048500707
1774159793181,2026-03-22 06:09:53.181,69080.0,0.01578,B,1090.0824,488958070648528
1774159794264,2026-03-22 06:09:54.264,69080.0,0.00015,B,10.361999999999998,846067958938178
1774159794264,2026-03-22 06:09:54.264,69079.0,0.00288,A,198.94752000000003,401364026209112
1774159795938,2026-03-22 06:09:55.938,69080.0,0.00016,B,11.052800000000001,67509513353760
1774159796203,2026-03-22 06:09:56.203,69080.0,0.005,B,345.40000000000003,45303183130458
1774159796600,2026-03-22 06:09:56.600,69080.0,0.00017,B,11.7436,1010272784880725
1774159796600,2026-03-22 06:09:56.600,69081.0,0.00016,B,11.05296,838506192543700
1774159796600,2026-03-22 06:09:56.600,69081.0,0.00017,B,11.743770000000001,399920956844884
1774159796600,2026-03-22 06:09:56.600,69082.0,0.00017,B,11.74394,361465564227919
1774159796600,2026-03-22 06:09:56.600,69083.0,0.00017,B,11.744110000000001,200467491621073
1774159796741,2026-03-22 06:09:56.741,69084.0,0.00017,B,11.744280000000002,612505094568579
1774159796741,2026-03-22 06:09:56.741,69084.0,0.003,B,207.252,316377210407094
1774159796741,2026-03-22 06:09:56.741,69085.0,0.00016,B,11.053600000000001,120163467308690
1774159796741,2026-03-22 06:09:56.741,69085.0,0.00017,B,11.74445,291984883301071
1774159796741,2026-03-22 06:09:56.741,69085.0,0.003,B,207.255,1026486594072141
1774159796741,2026-03-22 06:09:56.741,69086.0,0.00017,B,11.744620000000001,743977111992241
1774159796741,2026-03-22 06:09:56.741,69087.0,0.00017,B,11.74479,984458829138973
1774159796741,2026-03-22 06:09:56.741,69088.0,0.00017,B,11.74496,886090850972308
1774159796741,2026-03-22 06:09:56.741,69089.0,0.00016,B,11.05424,308315218533563
1774159796741,2026-03-22 06:09:56.741,69089.0,0.00017,B,11.745130000000001,487306228833580
1774159796741,2026-03-22 06:09:56.741,69090.0,0.00017,B,11.7453,669698544879189
1774159796741,2026-03-22 06:09:56.741,69091.0,0.00017,B,11.745470000000001,168782446365756
1774159796741,2026-03-22 06:09:56.741,69092.0,0.00016,B,11.054720000000001,318549019371708
1774159796741,2026-03-22 06:09:56.741,69092.0,0.00434,B,299.85928,212424425830857
1774159796741,2026-03-22 06:09:56.741,69092.0,0.00017,B,11.745640000000002,924452927377154
1774159796741,2026-03-22 06:09:56.741,69093.0,0.00017,B,11.74581,210166147863082
1774159796741,2026-03-22 06:09:56.741,69094.0,0.00016,B,11.055040000000002,793587577936655
1774159796741,2026-03-22 06:09:56.741,69094.0,0.00017,B,11.745980000000001,502845958128739
1774159796741,2026-03-22 06:09:56.741,69095.0,0.00017,B,11.74615,906095400528513
1774159796741,2026-03-22 06:09:56.741,69096.0,0.00016,B,11.05536,654918876712938
1774159796741,2026-03-22 06:09:56.741,69096.0,0.00017,B,11.74632,545299821626748
1774159796820,2026-03-22 06:09:56.820,69097.0,0.00017,B,11.746490000000001,121136267624667
1774159796820,2026-03-22 06:09:56.820,69098.0,0.00017,B,11.74666,58410716579007
1774159796820,2026-03-22 06:09:56.820,69099.0,0.00017,B,11.746830000000001,240327317580362
1774159796820,2026-03-22 06:09:56.820,69100.0,0.00016,B,11.056000000000001,785115538197497
1774159796820,2026-03-22 06:09:56.820,69102.0,0.02113,B,1460.12526,1074232728080912
1774159796901,2026-03-22 06:09:56.901,69102.0,0.08685,B,6001.508699999999,946236025252876
1774159798094,2026-03-22 06:09:58.094,69102.0,0.00025,B,17.2755,628643795379917
1774159798354,2026-03-22 06:09:58.354,69102.0,0.00017,B,11.747340000000001,108955464955255
1774159798555,2026-03-22 06:09:58.555,69101.0,0.02264,A,1564.4466400000001,1063818844968337
1774159798555,2026-03-22 06:09:58.555,69102.0,0.004,B,276.408,192593378095491
1774159799046,2026-03-22 06:09:59.046,69102.0,0.00016,B,11.056320000000001,862738622902853
1774159799287,2026-03-22 06:09:59.287,69101.0,0.00015,A,10.36515,690094820582374
1774159799505,2026-03-22 06:09:59.505,69101.0,0.00015,A,10.36515,755270123855699
1774159799505,2026-03-22 06:09:59.505,69101.0,0.03574,A,2469.6697400000003,960256956034105
1774159799505,2026-03-22 06:09:59.505,69101.0,0.04729,A,3267.78629,20700158996672
1774159799505,2026-03-22 06:09:59.505,69101.0,0.003,A,207.303,794703152080275
1774159799505,2026-03-22 06:09:59.505,69101.0,0.04169,A,2880.82069,528964945809422
1774159799505,2026-03-22 06:09:59.505,69101.0,0.72368,A,50007.011679999996,542465005545383
1774159799505,2026-03-22 06:09:59.505,69101.0,0.1019,A,7041.3919000000005,755738333921527
1774159799505,2026-03-22 06:09:59.505,69101.0,0.07232,A,4997.38432,372936415986143
1774159799505,2026-03-22 06:09:59.505,69101.0,0.4574,A,31606.7974,430023455187948
1774159799505,2026-03-22 06:09:59.505,69101.0,0.0103,A,711.7403,495081031401028
1774159799564,2026-03-22 06:09:59.564,69101.0,0.00772,A,533.4597200000001,379597153610972
1774159799564,2026-03-22 06:09:59.564,69101.0,0.00772,A,533.4597200000001,14999164840055
1774159800038,2026-03-22 06:10:00.038,69101.0,0.00099,A,68.40999,817749889711558
1774159800112,2026-03-22 06:10:00.112,69102.0,0.005,B,345.51,700785082583366
1774159801040,2026-03-22 06:10:01.040,69101.0,0.00238,A,164.46038000000001,255751578197715
1774159801700,2026-03-22 06:10:01.700,69102.0,0.32593,B,22522.41486,416898080399401
1774159802544,2026-03-22 06:10:02.544,69101.0,0.00026,A,17.96626,376655577961342
1774159802544,2026-03-22 06:10:02.544,69101.0,2e-05,A,1.38202,667278771707025
1774159802544,2026-03-22 06:10:02.544,69100.0,0.00015,A,10.364999999999998,415063331562192
1774159802544,2026-03-22 06:10:02.544,69099.0,0.00015,A,10.364849999999999,1067831373026657
1774159802544,2026-03-22 06:10:02.544,69097.0,0.00016,A,11.055520000000001,256614352712978
1774159802544,2026-03-22 06:10:02.544,69096.0,0.00058,A,40.07568,508959427648281
1774159802544,2026-03-22 06:10:02.544,69096.0,0.003,A,207.288,16254511455692
1774159802544,2026-03-22 06:10:02.544,69094.0,0.00015,A,10.364099999999999,465012097046723
1774159802544,2026-03-22 06:10:02.544,69093.0,0.00016,A,11.05488,980100717213532
1774159802544,2026-03-22 06:10:02.544,69091.0,0.00061,A,42.14551,686084163345620
1774159802544,2026-03-22 06:10:02.544,69091.0,0.003,A,207.273,395243882135317
1774159802544,2026-03-22 06:10:02.544,69090.0,0.00016,A,11.054400000000001,225169531457012
1774159802544,2026-03-22 06:10:02.544,69089.0,0.00015,A,10.363349999999999,854546631182839
1774159802678,2026-03-22 06:10:02.678,69087.0,0.00093,A,64.25091,143795553899491
1774159803978,2026-03-22 06:10:03.978,69086.0,0.005,B,345.43,648664370457273
1774159804170,2026-03-22 06:10:04.170,69085.0,0.00043,A,29.70655,1088016577275854
1774159804170,2026-03-22 06:10:04.170,69085.0,0.00015,A,10.362749999999998,965594117363558
1774159804170,2026-03-22 06:10:04.170,69085.0,0.00022,A,15.1987,695911523473284
1774159804170,2026-03-22 06:10:04.170,69082.0,0.00061,A,42.14002,416892318058149
1774159804781,2026-03-22 06:10:04.781,69083.0,0.00022,B,15.198260000000001,1114276624649694
1774159804957,2026-03-22 06:10:04.957,69083.0,0.001,B,69.083,468309892555558
1774159807792,2026-03-22 06:10:07.792,69083.0,0.005,B,345.415,1022840684478860
1774159808088,2026-03-22 06:10:08.088,69083.0,0.00016,B,11.05328,966628517511184
1774159809416,2026-03-22 06:10:09.416,69088.0,0.001,B,69.08800000000001,1063463928160546
1774159809416,2026-03-22 06:10:09.416,69089.0,0.00016,B,11.05424,748443317620743
1774159809416,2026-03-22 06:10:09.416,69092.0,0.00016,B,11.054720000000001,616871058320026
1774159809416,2026-03-22 06:10:09.416,69092.0,0.003,B,207.276,244657299143403
1774159809416,2026-03-22 06:10:09.416,69093.0,0.00015,B,10.363949999999999,227591125367872
1774159809416,2026-03-22 06:10:09.416,69096.0,0.00016,B,11.05536,497852523123579
1774159809416,2026-03-22 06:10:09.416,69097.0,0.003,B,207.291,1079693577152824
1774159809416,2026-03-22 06:10:09.416,69097.0,0.00095,B,65.64215,653991790780219
1774159810071,2026-03-22 06:10:10.071,69096.0,0.01482,A,1024.00272,358145124869271
1774159810221,2026-03-22 06:10:10.221,69096.0,0.00028,A,19.34688,190414077471326
1774159811265,2026-03-22 06:10:11.265,69097.0,0.00015,B,10.36455,524935875792207
1774159811427,2026-03-22 06:10:11.427,69097.0,0.00016,B,11.055520000000001,990967300827718
1774159811777,2026-03-22 06:10:11.777,69097.0,0.10218,B,7060.33146,432166871561564
1774159811829,2026-03-22 06:10:11.829,69097.0,0.0088,B,608.0536000000001,339679004059254
1774159811829,2026-03-22 06:10:11.829,69097.0,0.005,B,345.485,844977836883896
1774159813714,2026-03-22 06:10:13.714,69096.0,0.00099,A,68.40504,477822520267336
1774159814039,2026-03-22 06:10:14.039,69096.0,0.00416,A,287.43935999999997,416041123571311
1774159815050,2026-03-22 06:10:15.050,69097.0,0.00056,B,38.69432,442847070737175
1774159815654,2026-03-22 06:10:15.654,69097.0,0.005,B,345.485,111899629830304
1774159816450,2026-03-22 06:10:16.450,69096.0,0.00064,A,44.22144,310879876813027
1774159817956,2026-03-22 06:10:17.956,69096.0,0.00945,A,652.9572000000001,989095319576753
1774159817956,2026-03-22 06:10:17.956,69097.0,0.0077,B,532.0469,403024930646399
1774159819170,2026-03-22 06:10:19.170,69096.0,0.0022,A,152.0112,1077769908125868
1774159819445,2026-03-22 06:10:19.445,69097.0,0.005,B,345.485,174930495197748
1774159819847,2026-03-22 06:10:19.847,69096.0,0.2411,A,16659.0456,1049746047615127
1774159820057,2026-03-22 06:10:20.057,69097.0,0.0022,B,152.01340000000002,233292731945768
1774159820057,2026-03-22 06:10:20.057,69097.0,0.2411,B,16659.2867,40250709342321
1774159820673,2026-03-22 06:10:20.673,69096.0,7e-05,A,4.83672,542321490107434
1774159821375,2026-03-22 06:10:21.375,69097.0,0.001,B,69.09700000000001,661646976984868
1774159821583,2026-03-22 06:10:21.583,69097.0,0.00045,B,31.09365,683752810906677
1774159823206,2026-03-22 06:10:23.206,69097.0,0.00015,B,10.36455,886402938218352
1774159823359,2026-03-22 06:10:23.359,69097.0,0.005,B,345.485,524932007366486
1774159826375,2026-03-22 06:10:26.375,69096.0,0.00099,A,68.40504,582641101158585
1774159827057,2026-03-22 06:10:27.057,69096.0,0.00017,A,11.74632,1115082164569294
1774159827252,2026-03-22 06:10:27.252,69097.0,0.005,B,345.485,314347032921641
1774159828251,2026-03-22 06:10:28.251,69096.0,0.00032,A,22.11072,621236605282910
1774159829085,2026-03-22 06:10:29.085,69092.0,0.00016,B,11.054720000000001,176440804197019
1774159829435,2026-03-22 06:10:29.435,69092.0,7e-05,B,4.83644,628571070425981
1774159829435,2026-03-22 06:10:29.435,69092.0,0.01829,B,1263.69268,1005475637385430
1774159830587,2026-03-22 06:10:30.587,69090.0,0.00314,A,216.9426,798114624142279
1774159830587,2026-03-22 06:10:30.587,69089.0,0.00015,A,10.363349999999999,474793548930887
1774159830714,2026-03-22 06:10:30.714,69087.0,0.004,A,276.348,779270787371681
1774159830777,2026-03-22 06:10:30.777,69088.0,0.005,B,345.44,990225833158423
1774159831106,2026-03-22 06:10:31.106,69086.0,0.00016,A,11.05376,495427008324501
1774159831106,2026-03-22 06:10:31.106,69085.0,0.00059,A,40.76015,219987500527041
1774159831106,2026-03-22 06:10:31.106,69084.0,0.00015,A,10.362599999999999,190493525808690
1774159831106,2026-03-22 06:10:31.106,69082.0,0.00016,A,11.053120000000002,751129444816514
1774159831106,2026-03-22 06:10:31.106,69082.0,0.00132,A,91.18824,356605006740102
1774159831250,2026-03-22 06:10:31.250,69083.0,0.005,B,345.415,523070136993777
1774159831480,2026-03-22 06:10:31.480,69082.0,0.00144,A,99.47808,630020090828963
1774159831724,2026-03-22 06:10:31.724,69082.0,0.01781,A,1230.35042,772658289638823
1774159831895,2026-03-22 06:10:31.895,69083.0,0.004,B,276.332,704406553332634
1774159832458,2026-03-22 06:10:32.458,69083.0,0.05886,B,4066.2253800000003,394155773754498
1774159834002,2026-03-22 06:10:34.002,69082.0,0.00017,A,11.74394,59860048098762
1774159835017,2026-03-22 06:10:35.017,69082.0,0.00142,A,98.09644,291592754457348
1774159835272,2026-03-22 06:10:35.272,69083.0,0.005,B,345.415,879402987331882
1774159835663,2026-03-22 06:10:35.663,69083.0,0.001,B,69.083,369763643995063
1774159835757,2026-03-22 06:10:35.757,69082.0,0.2391,A,16517.5062,280035588821771
1774159837997,2026-03-22 06:10:37.997,69083.0,0.00162,B,111.91445999999999,32910475208747
1774159837997,2026-03-22 06:10:37.997,69083.0,0.00994,B,686.6850199999999,959843471352842
1774159838047,2026-03-22 06:10:38.047,69083.0,0.00016,B,11.05328,698898376600956
1774159838175,2026-03-22 06:10:38.175,69083.0,0.14419,B,9961.077770000002,185179973941752
1774159838175,2026-03-22 06:10:38.175,69083.0,0.09491,B,6556.66753,248345057272064
1774159838784,2026-03-22 06:10:38.784,69083.0,0.00017,B,11.744110000000001,493225565717300
1774159839260,2026-03-22 06:10:39.260,69083.0,0.005,B,345.415,943298560665989
1774159839924,2026-03-22 06:10:39.924,69082.0,0.00099,A,68.39118,302473854060523
1774159840057,2026-03-22 06:10:40.057,69082.0,0.0022,A,151.9804,467936918270472
1774159841496,2026-03-22 06:10:41.496,69083.0,0.00017,B,11.744110000000001,634023222844199
1774159841496,2026-03-22 06:10:41.496,69084.0,0.00015,B,10.362599999999999,632475069784226
1774159841496,2026-03-22 06:10:41.496,69084.0,0.00017,B,11.744280000000002,662650364813699
1774159841496,2026-03-22 06:10:41.496,69085.0,0.00015,B,10.362749999999998,971063295035205
1774159841496,2026-03-22 06:10:41.496,69085.0,0.00017,B,11.74445,251523466050634
1774159841496,2026-03-22 06:10:41.496,69086.0,0.00017,B,11.744620000000001,121195268066084
1774159841496,2026-03-22 06:10:41.496,69087.0,0.00017,B,11.74479,717484415222147
1774159841496,2026-03-22 06:10:41.496,69088.0,0.003,B,207.264,193034642783848
1774159841496,2026-03-22 06:10:41.496,69088.0,0.00017,B,11.74496,821543900897775
1774159841496,2026-03-22 06:10:41.496,69089.0,0.00016,B,11.05424,620330662187236
1774159841496,2026-03-22 06:10:41.496,69089.0,0.00017,B,11.745130000000001,769720390279034
1774159841496,2026-03-22 06:10:41.496,69090.0,0.01806,B,1247.7654,779700713010130
1774159841805,2026-03-22 06:10:41.805,69090.0,0.0022,B,151.99800000000002,540385048512844
1774159842351,2026-03-22 06:10:42.351,69091.0,0.00017,B,11.745470000000001,540696934580659
1774159842351,2026-03-22 06:10:42.351,69091.0,0.00015,B,10.36365,666513700235994
1774159842351,2026-03-22 06:10:42.351,69092.0,0.00017,B,11.745640000000002,688023153358901
1774159842351,2026-03-22 06:10:42.351,69092.0,0.00016,B,11.054720000000001,642229962554655
1774159842351,2026-03-22 06:10:42.351,69093.0,0.00017,B,11.74581,829695158248086
1774159842351,2026-03-22 06:10:42.351,69094.0,0.00017,B,11.745980000000001,1053574116834651
1774159842351,2026-03-22 06:10:42.351,69095.0,0.00017,B,11.74615,659308797044713
1774159842351,2026-03-22 06:10:42.351,69095.0,0.00093,B,64.25835000000001,544430878632768
1774159842351,2026-03-22 06:10:42.351,69096.0,0.00017,B,11.74632,613252980441918
1774159842351,2026-03-22 06:10:42.351,69096.0,0.00016,B,11.05536,792791938146263
1774159842351,2026-03-22 06:10:42.351,69097.0,0.00017,B,11.746490000000001,996836607255427
1774159842351,2026-03-22 06:10:42.351,69097.0,0.01157,B,799.4522900000001,333160090461216
1774159842351,2026-03-22 06:10:42.351,69097.0,0.003,B,207.291,334337345813884
1774159842351,2026-03-22 06:10:42.351,69097.0,0.00217,B,149.94049,951763443662186
1774159842351,2026-03-22 06:10:42.351,69097.0,0.04479,B,3094.8546300000003,618937733998914
1774159842411,2026-03-22 06:10:42.411,69096.0,0.15675,A,10830.798,644373237005406
1774159842411,2026-03-22 06:10:42.411,69096.0,0.08,A,5527.68,901173456696974
1774159842411,2026-03-22 06:10:42.411,69096.0,0.0839,A,5797.1544,595039279508124
1774159842411,2026-03-22 06:10:42.411,69096.0,0.22899,A,15822.29304,570091220681123
1774159842411,2026-03-22 06:10:42.411,69096.0,0.1732,A,11967.4272,481915702248210
1774159842411,2026-03-22 06:10:42.411,69096.0,0.19478,A,13458.518880000001,83638725860523
1774159842411,2026-03-22 06:10:42.411,69096.0,0.08238,A,5692.128479999999,982261837808643
1774159842742,2026-03-22 06:10:42.742,69097.0,0.025,B,1727.4250000000002,303827879608767
1774159843014,2026-03-22 06:10:43.014,69097.0,0.005,B,345.485,955875493932774
1774159843212,2026-03-22 06:10:43.212,69097.0,0.25,B,17274.25,664662989451107
1774159843580,2026-03-22 06:10:43.580,69097.0,0.00025,B,17.274250000000002,1124469644495759
1774159843580,2026-03-22 06:10:43.580,69097.0,0.032,B,2211.1040000000003,553958500241458
1774159843818,2026-03-22 06:10:43.818,69097.0,0.12424,B,8584.611280000001,568401867209972
1774159843818,2026-03-22 06:10:43.818,69097.0,0.12424,B,8584.611280000001,197264821012620
1774159843818,2026-03-22 06:10:43.818,69097.0,0.22501,B,15547.515969999999,182808881934399
1774159843956,2026-03-22 06:10:43.956,69097.0,0.05506,B,3804.4808199999998,131682627331259
1774159844024,2026-03-22 06:10:44.024,69096.0,0.00416,A,287.43935999999997,718258924148070
1774159844024,2026-03-22 06:10:44.024,69097.0,0.00028,B,19.34716,234327872749143
1774159844170,2026-03-22 06:10:44.170,69097.0,0.00354,B,244.60338000000002,1116769191209058
1774159844170,2026-03-22 06:10:44.170,69097.0,0.00726,B,501.64422,730303061153225
1774159844170,2026-03-22 06:10:44.170,69097.0,0.10333,B,7139.79301,589507457222147
1774159844170,2026-03-22 06:10:44.170,69097.0,0.00017,B,11.746490000000001,969402796641748
1774159844170,2026-03-22 06:10:44.170,69098.0,0.001,B,69.098,933047875429859
1774159844170,2026-03-22 06:10:44.170,69098.0,0.00017,B,11.74666,943226843454094
1774159844170,2026-03-22 06:10:44.170,69098.0,0.00015,B,10.3647,607595527207985
1774159844832,2026-03-22 06:10:44.832,69099.0,0.00017,B,11.746830000000001,417066628182165
1774159844832,2026-03-22 06:10:44.832,69099.0,5e-05,B,3.45495,259976704642705
1774159844951,2026-03-22 06:10:44.951,69100.0,0.00016,B,11.056000000000001,849987077737447
1774159844951,2026-03-22 06:10:44.951,69100.0,0.00017,B,11.747000000000002,352213065870467
1774159844951,2026-03-22 06:10:44.951,69101.0,0.00017,B,11.74717,95375010945595
1774159844951,2026-03-22 06:10:44.951,69101.0,0.00036,B,24.876360000000002,820639132843402
1774159844951,2026-03-22 06:10:44.951,69102.0,0.00017,B,11.747340000000001,667636408942878
1774159844951,2026-03-22 06:10:44.951,69102.0,0.00029,B,20.03958,675664888505919
1774159844951,2026-03-22 06:10:44.951,69102.0,0.003,B,207.306,276362154620617
1774159844951,2026-03-22 06:10:44.951,69103.0,0.00016,B,11.05648,14736277261838
1774159844951,2026-03-22 06:10:44.951,69103.0,0.001,B,69.103,1112697379787932
1774159844951,2026-03-22 06:10:44.951,69103.0,0.00017,B,11.74751,166786163345523
1774159844951,2026-03-22 06:10:44.951,69104.0,0.00017,B,11.74768,116015950504785
1774159844951,2026-03-22 06:10:44.951,69105.0,0.00017,B,11.747850000000001,596260006065724
1774159844951,2026-03-22 06:10:44.951,69106.0,0.00017,B,11.74802,734798776225371
1774159844951,2026-03-22 06:10:44.951,69107.0,0.00016,B,11.057120000000001,72031852306165
1774159844951,2026-03-22 06:10:44.951,69107.0,0.00017,B,11.748190000000001,720580640185257
1774159844951,2026-03-22 06:10:44.951,69107.0,0.003,B,207.321,312078435426904
1774159844951,2026-03-22 06:10:44.951,69108.0,0.00017,B,11.748360000000002,353519590950092
1774159845033,2026-03-22 06:10:45.033,69109.0,0.00017,B,11.74853,978757325753170
1774159845033,2026-03-22 06:10:45.033,69109.0,0.0004,B,27.643600000000003,483937207545819
1774159845234,2026-03-22 06:10:45.234,69109.0,0.002,B,138.218,237841268800995
1774159845234,2026-03-22 06:10:45.234,69109.0,0.004,B,276.436,1021857484613852
1774159845234,2026-03-22 06:10:45.234,69109.0,0.079,B,5459.611,258997574336374
1774159846642,2026-03-22 06:10:46.642,69108.0,0.00029,A,20.04132,479573392975918
1774159847181,2026-03-22 06:10:47.181,69109.0,0.005,B,345.545,99226737734816
1774159848050,2026-03-22 06:10:48.050,69109.0,0.00015,B,10.366349999999999,567777488202888
1774159849259,2026-03-22 06:10:49.259,69109.0,0.001,B,69.109,940566424932479
1774159849259,2026-03-22 06:10:49.259,69108.0,0.00027,A,18.65916,593871589515059
1774159849259,2026-03-22 06:10:49.259,69108.0,0.00478,A,330.33624000000003,56065818920958
1774159850466,2026-03-22 06:10:50.466,69109.0,0.05108,B,3530.08772,1018116963840992
1774159851336,2026-03-22 06:10:51.336,69109.0,0.005,B,345.545,626326435317363
1774159851472,2026-03-22 06:10:51.472,69108.0,0.00015,A,10.3662,212798787479390
1774159852673,2026-03-22 06:10:52.673,69109.0,0.00017,B,11.74853,457567262484834
1774159852673,2026-03-22 06:10:52.673,69109.0,0.001,B,69.109,207080998501865
1774159852673,2026-03-22 06:10:52.673,69110.0,0.001,B,69.11,2191639680631
1774159852673,2026-03-22 06:10:52.673,69110.0,0.002,B,138.22,693719818589204
1774159852673,2026-03-22 06:10:52.673,69110.0,0.00017,B,11.748700000000001,158816173013486
1774159852673,2026-03-22 06:10:52.673,69110.0,0.00015,B,10.366499999999998,884357103130358
1774159852673,2026-03-22 06:10:52.673,69111.0,0.00016,B,11.05776,851567158835626
1774159852673,2026-03-22 06:10:52.673,69111.0,0.00017,B,11.74887,606150291431228
1774159852673,2026-03-22 06:10:52.673,69111.0,0.00015,B,10.36665,223914498719928
1774159852673,2026-03-22 06:10:52.673,69112.0,0.00017,B,11.74904,255897714134782
1774159852673,2026-03-22 06:10:52.673,69113.0,0.00017,B,11.749210000000001,921626433090730
1774159852673,2026-03-22 06:10:52.673,69114.0,0.00016,B,11.058240000000001,956007926446516
1774159852673,2026-03-22 06:10:52.673,69114.0,0.00017,B,11.74938,16355072179075
1774159852673,2026-03-22 06:10:52.673,69115.0,0.00017,B,11.749550000000001,438209763131697
1774159852673,2026-03-22 06:10:52.673,69115.0,0.00017,B,11.749550000000001,461597933728804
1774159852673,2026-03-22 06:10:52.673,69115.0,0.01527,B,1055.38605,504520870685072
1774159852673,2026-03-22 06:10:52.673,69108.0,0.00098,A,67.72583999999999,116889502292439
1774159852851,2026-03-22 06:10:52.851,69114.0,0.005,A,345.57,566730320142627
1774159852971,2026-03-22 06:10:52.971,69115.0,0.58266,B,40270.5459,839003791767459
1774159853642,2026-03-22 06:10:53.642,69115.0,0.005,B,345.575,859061641175758
1774159855049,2026-03-22 06:10:55.049,69115.0,0.005,B,345.575,181793248549286
1774159857021,2026-03-22 06:10:57.021,69114.0,0.00017,A,11.74938,725064506967970
1774159859053,2026-03-22 06:10:59.053,69115.0,0.00016,B,11.0584,96083105308520
1774159859053,2026-03-22 06:10:59.053,69115.0,0.005,B,345.575,210923117075270
1774159859246,2026-03-22 06:10:59.246,69115.0,0.00793,B,548.08195,717413162106771
1774159861065,2026-03-22 06:11:01.065,69114.0,0.00029,A,20.04306,933218767702805
1774159861065,2026-03-22 06:11:01.065,69114.0,0.00037,A,25.57218,756752251853020
1774159861065,2026-03-22 06:11:01.065,69113.0,0.00015,A,10.36695,874578342376252
1774159861065,2026-03-22 06:11:01.065,69112.0,0.00015,A,10.3668,1001884382337256
1774159861065,2026-03-22 06:11:01.065,69112.0,0.00142,A,98.13904000000001,449933351161836
1774159861121,2026-03-22 06:11:01.121,69111.0,0.00015,A,10.36665,144029643832189
1774159861121,2026-03-22 06:11:01.121,69110.0,0.02095,A,1447.8545,1113301712747507
1774159861121,2026-03-22 06:11:01.121,69109.0,0.18521,A,12799.67789,217272287129600
1774159861121,2026-03-22 06:11:01.121,69109.0,0.00056,A,38.70104,205260351145329
1774159861121,2026-03-22 06:11:01.121,69109.0,0.003,A,207.327,1069289231397764
1774159861121,2026-03-22 06:11:01.121,69108.0,0.00016,A,11.05728,243650871635984
1774159862955,2026-03-22 06:11:02.955,69104.0,0.005,B,345.52,656689399197673
1774159863153,2026-03-22 06:11:03.153,69104.0,0.08441,B,5833.0686399999995,872489611773497
1774159864003,2026-03-22 06:11:04.003,69103.0,0.00017,A,11.74751,215887200965261
1774159864281,2026-03-22 06:11:04.281,69103.0,0.00011,A,7.60133,270401966220120
1774159864281,2026-03-22 06:11:04.281,69102.0,0.00015,A,10.3653,222340458426397
1774159865049,2026-03-22 06:11:05.049,69100.0,0.00034,A,23.494000000000003,248693125017990
1774159865049,2026-03-22 06:11:05.049,69100.0,0.00108,A,74.628,1093798111069276
1774159865383,2026-03-22 06:11:05.383,69100.0,0.0083,A,573.53,539591306519607
1774159865383,2026-03-22 06:11:05.383,69100.0,0.00141,A,97.431,528452478881643
1774159865383,2026-03-22 06:11:05.383,69100.0,0.01156,A,798.796,221696147208110
1774159866330,2026-03-22 06:11:06.330,69101.0,0.001,B,69.101,229822819218920
1774159866397,2026-03-22 06:11:06.397,69100.0,0.03771,A,2605.761,495225059436234
1774159866397,2026-03-22 06:11:06.397,69100.0,0.00248,A,171.368,1014357669895589
1774159866450,2026-03-22 06:11:06.450,69100.0,0.0085,A,587.35,9987403208902
1774159866701,2026-03-22 06:11:06.701,69100.0,0.0043,A,297.13,835877735677101
1774159867221,2026-03-22 06:11:07.221,69101.0,0.005,B,345.505,46753969323820
1774159868022,2026-03-22 06:11:08.022,69101.0,0.00016,B,11.05616,272352531449124
1774159868162,2026-03-22 06:11:08.162,69101.0,0.00016,B,11.05616,1008502055540994
1774159869425,2026-03-22 06:11:09.425,69100.0,0.01982,A,1369.5620000000001,999111686718609
1774159869425,2026-03-22 06:11:09.425,69100.0,0.01658,A,1145.678,243544447498162
1774159870274,2026-03-22 06:11:10.274,69100.0,0.00099,A,68.409,933814213756735
1774159870780,2026-03-22 06:11:10.780,69100.0,0.00098,A,67.718,934665501193504
1774159870780,2026-03-22 06:11:10.780,69100.0,0.00029,A,20.039,379166844188875
1774159870780,2026-03-22 06:11:10.780,69099.0,0.00015,A,10.364849999999999,291944154947189
1774159871195,2026-03-22 06:11:11.195,69098.0,0.00101,B,69.78898000000001,1009453296651690
1774159871195,2026-03-22 06:11:11.195,69098.0,0.00399,B,275.70101999999997,64336881914706
1774159874078,2026-03-22 06:11:14.078,69097.0,0.00416,A,287.44352,230344450490404
1774159874320,2026-03-22 06:11:14.320,69098.0,0.07691,B,5314.32718,263092536813148
1774159875072,2026-03-22 06:11:15.072,69098.0,0.00057,B,39.38586,1051189611471292
1774159875132,2026-03-22 06:11:15.132,69098.0,0.005,B,345.49,592871030287414
1774159876965,2026-03-22 06:11:16.965,69097.0,0.00028,A,19.34716,663334257175149
1774159877017,2026-03-22 06:11:17.017,69097.0,3e-05,A,2.0729100000000003,777836373668398
1774159877478,2026-03-22 06:11:17.478,69094.0,0.003,A,207.282,926191701839471
1774159877478,2026-03-22 06:11:17.478,69093.0,0.00016,A,11.05488,232091740402481
1774159877478,2026-03-22 06:11:17.478,69092.0,0.00063,A,43.52796,208043245154471
1774159878903,2026-03-22 06:11:18.903,69092.0,0.00033,B,22.80036,382637633560521
1774159878903,2026-03-22 06:11:18.903,69092.0,0.00467,B,322.65963999999997,212019296010056
1774159879454,2026-03-22 06:11:19.454,69092.0,0.001,B,69.092,152676218135392
1774159882759,2026-03-22 06:11:22.759,69092.0,0.005,B,345.46,757895686070911
1774159884374,2026-03-22 06:11:24.374,69092.0,0.0207,B,1430.2044,652587535582590
1774159886625,2026-03-22 06:11:26.625,69092.0,0.005,B,345.46,526252673335752
1774159887021,2026-03-22 06:11:27.021,69091.0,0.00017,A,11.745470000000001,378135340973848
1774159888440,2026-03-22 06:11:28.440,69091.0,0.00099,A,68.40009,1115698879438727
1774159888647,2026-03-22 06:11:28.647,69092.0,0.01929,B,1332.7846800000002,489272195488937
1774159889000,2026-03-22 06:11:29.000,69092.0,0.00016,B,11.054720000000001,476064481063559
1774159889958,2026-03-22 06:11:29.958,69091.0,0.02778,A,1919.34798,931714562363045
1774159890498,2026-03-22 06:11:30.498,69092.0,0.005,B,345.46,582627430454625
1774159890560,2026-03-22 06:11:30.560,69092.0,0.00044,B,30.40048,235305410899605
1774159891032,2026-03-22 06:11:31.032,69091.0,0.00237,A,163.74567000000002,854356328286790
1774159892963,2026-03-22 06:11:32.963,69092.0,0.001,B,69.092,763781901429657
1774159894119,2026-03-22 06:11:34.119,69091.0,0.00017,A,11.745470000000001,769240374822790
1774159894119,2026-03-22 06:11:34.119,69091.0,0.00015,A,10.36365,984938442526834
1774159894119,2026-03-22 06:11:34.119,69091.0,0.00044,A,30.40004,224517061279114
1774159894119,2026-03-22 06:11:34.119,69091.0,0.00083,A,57.345530000000004,429922743734554
1774159894422,2026-03-22 06:11:34.422,69092.0,0.00017,B,11.745640000000002,605038870314908
1774159894422,2026-03-22 06:11:34.422,69093.0,0.00015,B,10.363949999999999,921394334471553
1774159894422,2026-03-22 06:11:34.422,69093.0,0.00468,B,323.35524000000004,72555716992750
1774159895371,2026-03-22 06:11:35.371,69093.0,0.00483,B,333.71919,66966023389237
1774159896237,2026-03-22 06:11:36.237,69092.0,0.00044,A,30.40048,416127203125394
1774159898052,2026-03-22 06:11:38.052,69093.0,0.00016,B,11.05488,959533565485495
1774159898299,2026-03-22 06:11:38.299,69093.0,0.005,B,345.46500000000003,908313638804070
1774159899381,2026-03-22 06:11:39.381,69092.0,0.00099,A,68.40108,703331185126091
1774159902202,2026-03-22 06:11:42.202,69093.0,0.005,B,345.46500000000003,1123311422549749
1774159904083,2026-03-22 06:11:44.083,69092.0,0.00415,A,286.7318,275854594588136
1774159905075,2026-03-22 06:11:45.075,69093.0,0.00056,B,38.69208,237735110814777
1774159905974,2026-03-22 06:11:45.974,69093.0,0.005,B,345.46500000000003,307148482167495
1774159906493,2026-03-22 06:11:46.493,69093.0,0.001,B,69.093,1036526066786027
1774159907089,2026-03-22 06:11:47.089,69093.0,0.00016,B,11.05488,918718186845479
1774159907561,2026-03-22 06:11:47.561,69093.0,0.00579,B,400.04847,862217037419292
1774159908705,2026-03-22 06:11:48.705,69093.0,0.00059,B,40.76487,553782584445672
1774159908762,2026-03-22 06:11:48.762,69092.0,0.00099,A,68.40108,396654792365901
1774159910050,2026-03-22 06:11:50.050,69093.0,0.005,B,345.46500000000003,1055712145691142
1774159913529,2026-03-22 06:11:53.529,69092.0,0.02,A,1381.84,859053152085880
1774159913986,2026-03-22 06:11:53.986,69093.0,0.005,B,345.46500000000003,669160663977541
1774159917049,2026-03-22 06:11:57.049,69092.0,0.00017,A,11.745640000000002,965227247862649
1774159917998,2026-03-22 06:11:57.998,69093.0,0.005,B,345.46500000000003,1118586859665492
1774159919003,2026-03-22 06:11:59.003,69093.0,0.00016,B,11.05488,842092896906522
1774159919370,2026-03-22 06:11:59.370,69092.0,0.11759,A,8124.52828,940914976351716
1774159919370,2026-03-22 06:11:59.370,69092.0,0.13241,A,9148.47172,806647640177161
1774159920363,2026-03-22 06:12:00.363,69093.0,0.00017,B,11.74581,242263267436894
1774159920363,2026-03-22 06:12:00.363,69093.0,0.00083,B,57.34719,422211917637631
1774159920765,2026-03-22 06:12:00.765,69093.0,0.01817,B,1255.4198099999999,249160974539052
1774159920765,2026-03-22 06:12:00.765,69093.0,0.00138,B,95.34834,529970167058655
1774159920765,2026-03-22 06:12:00.765,69093.0,0.00017,B,11.74581,732932844413638
1774159920765,2026-03-22 06:12:00.765,69094.0,0.00017,B,11.745980000000001,693369354511832
1774159920765,2026-03-22 06:12:00.765,69095.0,0.00017,B,11.74615,206047386869322
1774159920765,2026-03-22 06:12:00.765,69096.0,0.00017,B,11.74632,358851293354505
1774159920765,2026-03-22 06:12:00.765,69097.0,0.003,B,207.291,736209283140463
1774159920765,2026-03-22 06:12:00.765,69097.0,0.00017,B,11.746490000000001,295778596324914
1774159920765,2026-03-22 06:12:00.765,69098.0,0.00017,B,11.74666,696251940641505
1774159920765,2026-03-22 06:12:00.765,69098.0,0.00015,B,10.3647,85711528272328
1774159920765,2026-03-22 06:12:00.765,69099.0,0.00017,B,11.746830000000001,28017166333109
1774159920765,2026-03-22 06:12:00.765,69100.0,0.00016,B,11.056000000000001,686586749679807
1774159920765,2026-03-22 06:12:00.765,69100.0,0.00017,B,11.747000000000002,335710176856914
1774159920765,2026-03-22 06:12:00.765,69101.0,0.00017,B,11.74717,803211279261696
1774159920765,2026-03-22 06:12:00.765,69101.0,0.06245,B,4315.3574499999995,616165879569894
1774159921028,2026-03-22 06:12:01.028,69100.0,0.00238,A,164.458,160446498282025
1774159921155,2026-03-22 06:12:01.155,69101.0,0.02441,B,1686.75541,707423636070372
1774159921956,2026-03-22 06:12:01.956,69101.0,0.00017,B,11.74717,921986978439429
1774159921956,2026-03-22 06:12:01.956,69101.0,0.00016,B,11.05616,379991779569521
1774159922286,2026-03-22 06:12:02.286,69101.0,0.005,B,345.505,1051535273474790
1774159923315,2026-03-22 06:12:03.315,69101.0,0.00027,B,18.65727,852662712153136
1774159924038,2026-03-22 06:12:04.038,69100.0,0.00017,A,11.747000000000002,609192915956688
1774159924038,2026-03-22 06:12:04.038,69100.0,0.00142,A,98.122,584338937862331
1774159924300,2026-03-22 06:12:04.300,69100.0,0.00099,A,68.409,683212390588818
1774159926109,2026-03-22 06:12:06.109,69101.0,0.005,B,345.505,372861411305474
1774159927305,2026-03-22 06:12:07.305,69101.0,0.003,B,207.303,613582195683193
1774159927784,2026-03-22 06:12:07.784,69101.0,0.00901,B,622.60001,651615145914851
1774159928066,2026-03-22 06:12:08.066,69101.0,0.00016,B,11.05616,762053915210881
1774159930068,2026-03-22 06:12:10.068,69101.0,0.005,B,345.505,587924147024621
1774159933628,2026-03-22 06:12:13.628,69102.0,0.00015,B,10.3653,969756123663922
1774159933628,2026-03-22 06:12:13.628,69102.0,0.00017,B,11.747340000000001,554839809956638
1774159933807,2026-03-22 06:12:13.807,69103.0,0.00016,B,11.05648,606735890928660
1774159933807,2026-03-22 06:12:13.807,69103.0,0.003,B,207.309,985991882429921
1774159933807,2026-03-22 06:12:13.807,69103.0,0.00017,B,11.74751,673048175709052
1774159933807,2026-03-22 06:12:13.807,69104.0,0.00017,B,11.74768,632857250091855
1774159933807,2026-03-22 06:12:13.807,69105.0,0.00017,B,11.747850000000001,578434415651994
1774159933807,2026-03-22 06:12:13.807,69106.0,0.00017,B,11.74802,802132583804456
1774159933807,2026-03-22 06:12:13.807,69107.0,0.00016,B,11.057120000000001,1084043523562973
1774159933807,2026-03-22 06:12:13.807,69107.0,0.00017,B,11.748190000000001,395841915075070
1774159933807,2026-03-22 06:12:13.807,69108.0,0.00017,B,11.748360000000002,363630523040020
1774159933807,2026-03-22 06:12:13.807,69109.0,0.00015,B,10.366349999999999,514925745165466
1774159933807,2026-03-22 06:12:13.807,69109.0,0.00017,B,11.74853,461248950445500
1774159933807,2026-03-22 06:12:13.807,69109.0,0.00022,B,15.203980000000001,765358210710952
1774159933807,2026-03-22 06:12:13.807,69110.0,0.01624,B,1122.3464000000001,994048533461196
1774159934034,2026-03-22 06:12:14.034,69109.0,0.00416,A,287.49343999999996,833588653113131
1774159934034,2026-03-22 06:12:14.034,69110.0,0.005,B,345.55,896157216279588
1774159934508,2026-03-22 06:12:14.508,69110.0,0.001,B,69.11,372302056396632
1774159935052,2026-03-22 06:12:15.052,69110.0,0.00057,B,39.3927,1018069874370282
1774159936466,2026-03-22 06:12:16.466,69109.0,0.00289,A,199.72501000000003,499599954558459
1774159937317,2026-03-22 06:12:17.317,69109.0,0.00099,A,68.41791,594580591849964
1774159937537,2026-03-22 06:12:17.537,69110.0,0.01509,B,1042.8699,676489268971226
1774159937537,2026-03-22 06:12:17.537,69110.0,0.00017,B,11.748700000000001,438889733028012
1774159937537,2026-03-22 06:12:17.537,69110.0,0.03851,B,2661.4261,955408077203440
1774159938028,2026-03-22 06:12:18.028,69110.0,0.005,B,345.55,678677513117482
1774159938329,2026-03-22 06:12:18.329,69109.0,0.00402,A,277.81818,569446718500147
1774159939888,2026-03-22 06:12:19.888,69110.0,0.2,B,13822.0,602921722695951
1774159941056,2026-03-22 06:12:21.056,69110.0,0.0236,B,1630.9959999999999,147604550477366
1774159941148,2026-03-22 06:12:21.148,69110.0,0.01129,B,780.2519,950873733230895
1774159941886,2026-03-22 06:12:21.886,69110.0,0.005,B,345.55,966245204021321
1774159942613,2026-03-22 06:12:22.613,69109.0,0.00238,A,164.47942,739596532956949
1774159942966,2026-03-22 06:12:22.966,69109.0,0.00028,A,19.35052,71005983132466
1774159944515,2026-03-22 06:12:24.515,69109.0,0.0056,A,387.0104,51884893034578
1774159945921,2026-03-22 06:12:25.921,69110.0,0.005,B,345.55,932468183176693
1774159946316,2026-03-22 06:12:26.316,69109.0,7e-05,A,4.83763,643094717523580
1774159946726,2026-03-22 06:12:26.726,69110.0,0.01854,B,1281.2994,295895446511414
1774159947039,2026-03-22 06:12:27.039,69109.0,0.00017,A,11.74853,797135912934054
1774159948933,2026-03-22 06:12:28.933,69110.0,0.001,B,69.11,964446513670528
1774159949918,2026-03-22 06:12:29.918,69110.0,0.005,B,345.55,884858567429343
1774159950329,2026-03-22 06:12:30.329,69109.0,0.00099,A,68.41791,21386341311176
1774159950737,2026-03-22 06:12:30.737,69110.0,0.0868,B,5998.7480000000005,237360698719943
1774159950999,2026-03-22 06:12:30.999,69110.0,0.00016,B,11.0576,1016661744921622
1774159950999,2026-03-22 06:12:30.999,69110.0,0.0029,B,200.41899999999998,911938263221153
1774159951066,2026-03-22 06:12:31.066,69109.0,0.00238,A,164.47942,680340819817682
1774159951527,2026-03-22 06:12:31.527,69110.0,0.0867,B,5991.8369999999995,117957742474514
1774159951730,2026-03-22 06:12:31.730,69110.0,0.00031,B,21.4241,775701573106796
1774159951730,2026-03-22 06:12:31.730,69109.0,0.12983,A,8972.42147,195832930127720
1774159951730,2026-03-22 06:12:31.730,69109.0,0.1,A,6910.900000000001,395405149856138
1774159951730,2026-03-22 06:12:31.730,69109.0,0.0015,A,103.6635,1033377426619079
1774159951730,2026-03-22 06:12:31.730,69109.0,0.00029,A,20.04161,1067868096167012
1774159951730,2026-03-22 06:12:31.730,69109.0,0.09254,A,6395.34686,528268534037470
1774159951730,2026-03-22 06:12:31.730,69109.0,0.07211,A,4983.449989999999,445892854197329
1774159951730,2026-03-22 06:12:31.730,69109.0,0.08625,A,5960.65125,127357695381097
1774159951730,2026-03-22 06:12:31.730,69109.0,0.10657,A,7364.94613,10078367827118
1774159951730,2026-03-22 06:12:31.730,69109.0,0.10988,A,7593.69692,207435558047674
1774159951730,2026-03-22 06:12:31.730,69109.0,0.07086,A,4897.0637400000005,826691139364114
1774159951730,2026-03-22 06:12:31.730,69109.0,0.09563,A,6608.89367,475757467537770
1774159951730,2026-03-22 06:12:31.730,69109.0,0.11063,A,7645.528670000001,510061708822564
1774159951730,2026-03-22 06:12:31.730,69109.0,0.25708,A,17766.541719999997,1081404382906129
1774159951730,2026-03-22 06:12:31.730,69109.0,0.24847,A,17171.51323,1048945589008715
1774159951730,2026-03-22 06:12:31.730,69109.0,0.05072,A,3505.2084800000002,655403173857820
1774159951730,2026-03-22 06:12:31.730,69109.0,0.13531,A,9351.13879,115116802679188
1774159951730,2026-03-22 06:12:31.730,69109.0,0.09632,A,6656.57888,1062890805370938
1774159951730,2026-03-22 06:12:31.730,69109.0,0.06867,A,4745.715029999999,431831482531211
1774159951730,2026-03-22 06:12:31.730,69109.0,0.6,A,41465.4,810263501299601
1774159951730,2026-03-22 06:12:31.730,69109.0,0.03453,A,2386.3337699999997,168362748767142
1774159951730,2026-03-22 06:12:31.730,69109.0,0.10926,A,7550.84934,293160506912124
1774159951730,2026-03-22 06:12:31.730,69109.0,0.43114,A,29795.654260000003,42596545820331
1774159951730,2026-03-22 06:12:31.730,69109.0,1.16793,A,80714.47437,494408907801624
1774159951730,2026-03-22 06:12:31.730,69109.0,0.04402,A,3042.17818,926894028097215
1774159951730,2026-03-22 06:12:31.730,69109.0,0.5,A,34554.5,505037303822146
1774159951730,2026-03-22 06:12:31.730,69109.0,0.01446,A,999.31614,917758395931896
1774159951730,2026-03-22 06:12:31.730,69109.0,0.001,A,69.109,370487064185315
1774159951730,2026-03-22 06:12:31.730,69109.0,0.14393,A,9946.85837,285952400664167
1774159951730,2026-03-22 06:12:31.730,69109.0,0.14348,A,9915.75932,366148027941907
1774159951730,2026-03-22 06:12:31.730,69109.0,0.03074,A,2124.41066,412099953810793
1774159951730,2026-03-22 06:12:31.730,69109.0,0.02893,A,1999.32337,945207307260862
1774159951730,2026-03-22 06:12:31.730,69109.0,0.10852,A,7499.708680000001,1027119419461606
1774159951730,2026-03-22 06:12:31.730,69109.0,0.72359,A,50006.581309999994,414294332157080
1774159951730,2026-03-22 06:12:31.730,69109.0,0.01308,A,903.9457199999999,1067567266320465
1774159951730,2026-03-22 06:12:31.730,69109.0,0.0727,A,5024.2243,764989310483007
1774159951730,2026-03-22 06:12:31.730,69109.0,1.44724,A,100017.30916,485695517080325
1774159951730,2026-03-22 06:12:31.730,69109.0,0.00641,A,442.98869,43080957210413
1774159951730,2026-03-22 06:12:31.730,69109.0,1.30252,A,90015.85467999999,292062611236112
1774159951730,2026-03-22 06:12:31.730,69108.0,0.00015,A,10.3662,347831545904850
1774159951730,2026-03-22 06:12:31.730,69108.0,0.04158,A,2873.51064,349308459510060
1774159951730,2026-03-22 06:12:31.730,69108.0,0.08785,A,6071.1377999999995,815304837815824
1774159951730,2026-03-22 06:12:31.730,69108.0,0.1,A,6910.8,529242446264751
1774159951730,2026-03-22 06:12:31.730,69108.0,0.1,A,6910.8,589819974960365
1774159951730,2026-03-22 06:12:31.730,69108.0,0.1,A,6910.8,605455069289525
1774159951730,2026-03-22 06:12:31.730,69108.0,0.1,A,6910.8,796117339309537
1774159951730,2026-03-22 06:12:31.730,69108.0,0.1,A,6910.8,399472070905582
1774159951730,2026-03-22 06:12:31.730,69107.0,0.001,A,69.107,1106702591618084
1774159951730,2026-03-22 06:12:31.730,69107.0,0.02894,A,1999.95658,893071464925518
1774159951730,2026-03-22 06:12:31.730,69107.0,0.00015,A,10.36605,42483794772637
1774159951730,2026-03-22 06:12:31.730,69107.0,0.90455,A,62510.73685,557457372535283
1774159951730,2026-03-22 06:12:31.730,69106.0,0.04272,A,2952.20832,357722865876880
1774159951730,2026-03-22 06:12:31.730,69106.0,0.08926,A,6168.40156,908768449085531
1774159951730,2026-03-22 06:12:31.730,69106.0,0.00015,A,10.3659,782293731811860
1774159951730,2026-03-22 06:12:31.730,69106.0,0.50655,A,35005.64429999999,1076108183853629
1774159951730,2026-03-22 06:12:31.730,69106.0,1.44698,A,99994.99987999999,274322947992975
1774159951730,2026-03-22 06:12:31.730,69106.0,0.50656,A,35006.33536,207216549968034
1774159951730,2026-03-22 06:12:31.730,69105.0,0.00072,A,49.7556,70771623348011
1774159951730,2026-03-22 06:12:31.730,69105.0,1.08548,A,75012.0954,458779336382551
1774159951730,2026-03-22 06:12:31.730,69105.0,0.21709,A,15002.00445,155395371647718
1774159951730,2026-03-22 06:12:31.730,69105.0,2.6052,A,180032.346,515671168847723
1774159951730,2026-03-22 06:12:31.730,69105.0,0.00145,A,100.20224999999999,401928449564661
1774159951730,2026-03-22 06:12:31.730,69104.0,0.00056,A,38.69824,692262009343909
1774159951730,2026-03-22 06:12:31.730,69104.0,0.05665,A,3914.7416,858799520965527
1774159951730,2026-03-22 06:12:31.730,69104.0,0.00016,A,11.056640000000002,1026542619284973
1774159951730,2026-03-22 06:12:31.730,69104.0,0.003,A,207.312,866567040737727
1774159951730,2026-03-22 06:12:31.730,69104.0,0.04158,A,2873.3443199999997,977149581969636
1774159951730,2026-03-22 06:12:31.730,69104.0,0.6,A,41462.4,65319734742365
1774159951730,2026-03-22 06:12:31.730,69104.0,0.09012,A,6227.652480000001,508088102758887
1774159951730,2026-03-22 06:12:31.730,69104.0,0.07234,A,4998.98336,722771915430290
1774159951730,2026-03-22 06:12:31.730,69104.0,0.12696,A,8773.44384,893862140810257
1774159951730,2026-03-22 06:12:31.730,69104.0,0.01609,A,1111.88336,142050974409689
1774159951730,2026-03-22 06:12:31.730,69103.0,0.00188,A,129.91364,141516623673438
1774159951730,2026-03-22 06:12:31.730,69103.0,0.07247,A,5007.894410000001,486086015526298
1774159951730,2026-03-22 06:12:31.730,69102.0,0.066,A,4560.732,457290935598528
1774159951730,2026-03-22 06:12:31.730,69102.0,0.44228,A,30562.43256,573357374269985
1774159951730,2026-03-22 06:12:31.730,69102.0,0.01157,A,799.51014,257214836865620
1774159951730,2026-03-22 06:12:31.730,69102.0,0.39173,A,27069.32646,834226655046730
1774159951730,2026-03-22 06:12:31.730,69101.0,0.066,A,4560.666,241630560568622
1774159951730,2026-03-22 06:12:31.730,69101.0,0.07235,A,4999.45735,662573574408648
1774159951730,2026-03-22 06:12:31.730,69101.0,0.00016,A,11.05616,749908729383793
1774159951730,2026-03-22 06:12:31.730,69101.0,0.39916,A,27582.355160000003,841323929425313
1774159951730,2026-03-22 06:12:31.730,69101.0,0.00911,A,629.51011,185412906568039
1774159951730,2026-03-22 06:12:31.730,69101.0,0.63731,A,44038.758310000005,1040674057381661
1774159952237,2026-03-22 06:12:32.237,69110.0,0.00017,B,11.748700000000001,651003504193666
1774159952237,2026-03-22 06:12:32.237,69110.0,0.01507,B,1041.4877,179094845688041
1774159952529,2026-03-22 06:12:32.529,69110.0,0.00025,B,17.2775,616627121566392
1774159953333,2026-03-22 06:12:33.333,69110.0,0.00031,B,21.4241,873669111767120
1774159953728,2026-03-22 06:12:33.728,69109.0,0.00027,A,18.65943,380700389291599
1774159953883,2026-03-22 06:12:33.883,69110.0,0.005,B,345.55,902977466584882
1774159954036,2026-03-22 06:12:34.036,69109.0,0.00017,A,11.74853,1075816758633444
1774159954036,2026-03-22 06:12:34.036,69109.0,0.00141,A,97.44369,544668105628142
1774159954438,2026-03-22 06:12:34.438,69110.0,0.0019,B,131.309,973459292451095
1774159954568,2026-03-22 06:12:34.568,69109.0,0.02896,A,2001.39664,1086788632693204
1774159954568,2026-03-22 06:12:34.568,69109.0,0.02104,A,1454.0533599999999,989507258682520
1774159954703,2026-03-22 06:12:34.703,69110.0,0.00022,B,15.2042,1021720795948912
1774159957154,2026-03-22 06:12:37.154,69110.0,0.00025,B,17.2775,686720043858779
1774159957673,2026-03-22 06:12:37.673,69110.0,0.005,B,345.55,926740744180300
1774159957807,2026-03-22 06:12:37.807,69110.0,0.01456,B,1006.2416,567436532870841
1774159957873,2026-03-22 06:12:37.873,69110.0,0.001,B,69.11,959476693531412
1774159958077,2026-03-22 06:12:38.077,69110.0,0.00016,B,11.0576,352788878084260
1774159959895,2026-03-22 06:12:39.895,69109.0,0.08725,A,6029.760249999999,1031994164281934
1774159961568,2026-03-22 06:12:41.568,69110.0,0.005,B,345.55,687025020013848
1774159963026,2026-03-22 06:12:43.026,69110.0,0.001,B,69.11,1032387056563835
1774159963439,2026-03-22 06:12:43.439,69110.0,0.05028,B,3474.8507999999997,1113661790471504
1774159963439,2026-03-22 06:12:43.439,69110.0,0.00017,B,11.748700000000001,845679610734644
1774159963439,2026-03-22 06:12:43.439,69110.0,0.07814,B,5400.2554,768334982508296
1774159963439,2026-03-22 06:12:43.439,69110.0,0.05009,B,3461.7199,90774593091455
1774159964017,2026-03-22 06:12:44.017,69109.0,0.00416,A,287.49343999999996,854429352544951
1774159964708,2026-03-22 06:12:44.708,69110.0,0.00035,B,24.1885,597504871137229
1774159964947,2026-03-22 06:12:44.947,69109.0,0.0003,A,20.732699999999998,864403000320926
1774159965000,2026-03-22 06:12:45.000,69107.0,0.00056,B,38.69992,375386418382177
1774159965267,2026-03-22 06:12:45.267,69107.0,0.00059,B,40.77313,774529250578247
1774159965267,2026-03-22 06:12:45.267,69107.0,0.00441,B,304.76187,152339680415916
1774159966462,2026-03-22 06:12:46.462,69106.0,0.02894,A,1999.92764,138472944390313
1774159966462,2026-03-22 06:12:46.462,69106.0,0.00042,A,29.024520000000003,12418461701357
1774159966462,2026-03-22 06:12:46.462,69105.0,0.04211,A,2910.01155,570186685954405
1774159966734,2026-03-22 06:12:46.734,69105.0,0.00099,A,68.41395,574665424062475
1774159967008,2026-03-22 06:12:47.008,69106.0,9e-05,B,6.21954,1098446952894702
1774159967264,2026-03-22 06:12:47.264,69106.0,0.00017,B,11.74802,979956117625592
1774159968341,2026-03-22 06:12:48.341,69106.0,0.08864,B,6125.55584,48413972473545
1774159968474,2026-03-22 06:12:48.474,69106.0,4e-05,B,2.76424,960889951708419
1774159969073,2026-03-22 06:12:49.073,69106.0,0.005,B,345.53000000000003,383737853932418
1774159970955,2026-03-22 06:12:50.955,69105.0,0.00029,A,20.04045,243624694116578
1774159970955,2026-03-22 06:12:50.955,69104.0,0.003,A,207.312,157802939791460
1774159970955,2026-03-22 06:12:50.955,69104.0,0.00016,A,11.056640000000002,707815351453304
1774159971568,2026-03-22 06:12:51.568,69103.0,0.00152,A,105.03656000000001,188145403015319
1774159971568,2026-03-22 06:12:51.568,69102.0,0.00038,A,26.258760000000002,1014904422916863
1774159971568,2026-03-22 06:12:51.568,69102.0,0.00015,A,10.3653,391257213312399
1774159972453,2026-03-22 06:12:52.453,69101.0,0.00059,A,40.76959,177528835494449
1774159972453,2026-03-22 06:12:52.453,69101.0,0.01114,A,769.7851400000001,117630171346963
1774159972453,2026-03-22 06:12:52.453,69100.0,0.00019,A,13.129000000000001,306756201602451
1774159972453,2026-03-22 06:12:52.453,69100.0,0.00015,A,10.364999999999998,517630605092990
1774159972453,2026-03-22 06:12:52.453,69097.0,0.00016,A,11.055520000000001,1111443441136029
1774159972453,2026-03-22 06:12:52.453,69097.0,0.00127,A,87.75319,80126432459191
1774159972565,2026-03-22 06:12:52.565,69098.0,0.0071,B,490.59580000000005,574252887191336
1774159973061,2026-03-22 06:12:53.061,69098.0,0.005,B,345.49,112435744393079
1774159974386,2026-03-22 06:12:54.386,69098.0,0.0207,B,1430.3286,832565816923873
1774159975188,2026-03-22 06:12:55.188,69098.0,7e-05,B,4.83686,812305083661670
1774159976968,2026-03-22 06:12:56.968,69097.0,0.00033,A,22.80201,893478995883542
1774159977023,2026-03-22 06:12:57.023,69096.0,0.00017,A,11.74632,1028771892268200
1774159977624,2026-03-22 06:12:57.624,69096.0,0.001,B,69.096,940856448430387
1774159979035,2026-03-22 06:12:59.035,69096.0,0.00016,B,11.05536,826032273359018
1774159979584,2026-03-22 06:12:59.584,69095.0,0.01129,A,780.08255,257224552482564
1774159980120,2026-03-22 06:13:00.120,69095.0,0.02894,A,1999.6093,924377818736874
1774159980120,2026-03-22 06:13:00.120,69095.0,0.0431,A,2977.9945,128550887345602
1774159980120,2026-03-22 06:13:00.120,69095.0,0.05591,A,3863.10145,185354794207090
1774159980120,2026-03-22 06:13:00.120,69095.0,0.00099,A,68.40405,935387728023303
1774159980120,2026-03-22 06:13:00.120,69095.0,0.00032,A,22.110400000000002,160961070863636
1774159980120,2026-03-22 06:13:00.120,69094.0,0.02345,A,1620.2542999999998,647784877219098
1774159980120,2026-03-22 06:13:00.120,69094.0,0.00015,A,10.364099999999999,210197726426964
1774159980120,2026-03-22 06:13:00.120,69094.0,0.02262,A,1562.9062800000002,175836581564979
1774159980120,2026-03-22 06:13:00.120,69093.0,0.00016,A,11.05488,289466388284015
1774159980120,2026-03-22 06:13:00.120,69093.0,0.02436,A,1683.10548,1067871252711260
1774159981049,2026-03-22 06:13:01.049,69093.0,0.00238,A,164.44134000000003,712685134733286
1774159982580,2026-03-22 06:13:02.580,69093.0,0.00761,A,525.79773,544491238173504
1774159982580,2026-03-22 06:13:02.580,69093.0,0.00135,A,93.27555000000001,274413107561331
1774159983185,2026-03-22 06:13:03.185,69090.0,0.00029,A,20.0361,883199955842701
1774159983387,2026-03-22 06:13:03.387,69088.0,0.00065,A,44.907199999999996,826340371167864
1774159983387,2026-03-22 06:13:03.387,69087.0,0.003,A,207.261,641701286557692
1774159984045,2026-03-22 06:13:04.045,69085.0,0.00017,A,11.74445,827490773767171
1774159984045,2026-03-22 06:13:04.045,69085.0,0.00142,A,98.1007,327815127101422
1774159986997,2026-03-22 06:13:06.997,69085.0,0.00099,A,68.39415,426406766060459
1774159988000,2026-03-22 06:13:08.000,69086.0,0.00016,B,11.05376,30767484787806
1774159989338,2026-03-22 06:13:09.338,69086.0,0.00016,B,11.05376,616566959881160
1774159989677,2026-03-22 06:13:09.677,69086.0,0.00015,B,10.3629,738994122772137
1774159991574,2026-03-22 06:13:11.574,69086.0,0.001,B,69.086,1036781115463031
1774159993472,2026-03-22 06:13:13.472,69085.0,0.00099,A,68.39415,241930889477434
1774159993580,2026-03-22 06:13:13.580,69086.0,0.01214,B,838.70404,691995368948179
1774159994022,2026-03-22 06:13:14.022,69085.0,0.00416,A,287.3936,671293565767026
1774159995078,2026-03-22 06:13:15.078,69086.0,0.00057,B,39.37902,861309536688493
1774159996715,2026-03-22 06:13:16.715,69085.0,0.01446,A,998.9691,1026448318165560
1774160001888,2026-03-22 06:13:21.888,69086.0,0.00017,B,11.744620000000001,1000819540929518
1774160001888,2026-03-22 06:13:21.888,69087.0,0.00017,B,11.74479,522242199907036
1774160001888,2026-03-22 06:13:21.888,69087.0,0.00015,B,10.36305,816040068916082
1774160001888,2026-03-22 06:13:21.888,69088.0,0.00017,B,11.74496,31161476579293
1774160001888,2026-03-22 06:13:21.888,69088.0,0.00015,B,10.363199999999999,402343794523075
1774160001888,2026-03-22 06:13:21.888,69089.0,0.00015,B,10.363349999999999,787673512961420
1774160001888,2026-03-22 06:13:21.888,69089.0,0.00017,B,11.745130000000001,662113155221328
1774160001888,2026-03-22 06:13:21.888,69089.0,0.03677,B,2540.40253,195503602666442
1774160002376,2026-03-22 06:13:22.376,69089.0,0.00145,B,100.17904999999999,834662906661287
1774160005111,2026-03-22 06:13:25.111,69089.0,0.001,B,69.089,432055833956443
1774160006528,2026-03-22 06:13:26.528,69090.0,0.00017,B,11.7453,685597823146629
1774160006528,2026-03-22 06:13:26.528,69090.0,0.0002,B,13.818000000000001,774427327328474
1774160006528,2026-03-22 06:13:26.528,69091.0,0.003,B,207.273,776768437521103
1774160006528,2026-03-22 06:13:26.528,69091.0,0.00016,B,11.05456,466742807432869
1774160007079,2026-03-22 06:13:27.079,69092.0,0.00016,B,11.054720000000001,425572386890270
1774160007079,2026-03-22 06:13:27.079,69092.0,0.00017,B,11.745640000000002,65497102299792
1774160007079,2026-03-22 06:13:27.079,69093.0,0.00028,B,19.34604,758601685852299
1774160007490,2026-03-22 06:13:27.490,69093.0,0.00334,B,230.77062,562459881456631
1774160007490,2026-03-22 06:13:27.490,69093.0,0.00017,B,11.74581,484720016528758
1774160007490,2026-03-22 06:13:27.490,69094.0,0.00017,B,11.745980000000001,212827192281153
1774160007490,2026-03-22 06:13:27.490,69095.0,0.00017,B,11.74615,390339602118617
1774160007490,2026-03-22 06:13:27.490,69096.0,0.00016,B,11.05536,357136487531446
1774160007490,2026-03-22 06:13:27.490,69096.0,0.003,B,207.288,63793192375627
1774160007490,2026-03-22 06:13:27.490,69096.0,0.00017,B,11.74632,767333617181239
1774160007687,2026-03-22 06:13:27.687,69097.0,0.00017,B,11.746490000000001,84107231905592
1774160007797,2026-03-22 06:13:27.797,69097.0,0.00897,A,619.8000900000001,363341156460593
1774160007797,2026-03-22 06:13:27.797,69097.0,0.0786,A,5431.0242,748882720791832
1774160009009,2026-03-22 06:13:29.009,69098.0,0.00016,B,11.05568,1082205536696705
1774160009206,2026-03-22 06:13:29.206,69097.0,0.00028,A,19.34716,806125342775943
1774160011003,2026-03-22 06:13:31.003,69097.0,0.00238,A,164.45086,590837284855822
1774160011503,2026-03-22 06:13:31.503,69097.0,0.00099,A,68.40603,661014559328983
1774160012411,2026-03-22 06:13:32.411,69097.0,0.00996,A,688.20612,569116642905583
1774160014033,2026-03-22 06:13:34.033,69097.0,0.00017,A,11.746490000000001,837710306660451
1774160014033,2026-03-22 06:13:34.033,69097.0,0.00142,A,98.11774,910424927479606
1774160015023,2026-03-22 06:13:35.023,69098.0,1e-05,B,0.69098,560439283711872
1774160015023,2026-03-22 06:13:35.023,69098.0,0.03082,B,2129.60036,302349894574423
1774160015426,2026-03-22 06:13:35.426,69098.0,0.003,B,207.294,533953268627646
1774160015426,2026-03-22 06:13:35.426,69098.0,0.00015,B,10.3647,861058999466525
1774160015426,2026-03-22 06:13:35.426,69099.0,0.00017,B,11.746830000000001,1026993489116590
1774160015426,2026-03-22 06:13:35.426,69099.0,0.00015,B,10.364849999999999,580431901444619
1774160015426,2026-03-22 06:13:35.426,69100.0,0.00016,B,11.056000000000001,837288573288654
1774160015426,2026-03-22 06:13:35.426,69100.0,0.00017,B,11.747000000000002,820701666694335
1774160015426,2026-03-22 06:13:35.426,69100.0,0.00015,B,10.364999999999998,612521778962674
1774160015426,2026-03-22 06:13:35.426,69101.0,0.00017,B,11.74717,1008425237502949
1774160015426,2026-03-22 06:13:35.426,69102.0,0.00017,B,11.747340000000001,827755834528815
1774160015426,2026-03-22 06:13:35.426,69103.0,0.00016,B,11.05648,842204766473971
1774160015426,2026-03-22 06:13:35.426,69103.0,0.00017,B,11.74751,434290663110868
1774160015426,2026-03-22 06:13:35.426,69103.0,0.003,B,207.309,1016038255308214
1774160015426,2026-03-22 06:13:35.426,69104.0,0.00017,B,11.74768,652714505219912
1774160015426,2026-03-22 06:13:35.426,69104.0,0.06862,B,4741.91648,82290807772281
1774160016632,2026-03-22 06:13:36.632,69106.0,0.00017,B,11.74802,417705196898652
1774160016632,2026-03-22 06:13:36.632,69106.0,0.0002,B,13.821200000000001,1014044959816063
1774160016632,2026-03-22 06:13:36.632,69107.0,0.00017,B,11.748190000000001,388134191695168
1774160016632,2026-03-22 06:13:36.632,69107.0,0.00016,B,11.057120000000001,161292447274853
1774160016830,2026-03-22 06:13:36.830,69108.0,0.00017,B,11.748360000000002,75521809292603
1774160016830,2026-03-22 06:13:36.830,69109.0,0.00017,B,11.74853,610485987532517
1774160017444,2026-03-22 06:13:37.444,69110.0,0.00017,B,11.748700000000001,1078948714919012
1774160017444,2026-03-22 06:13:37.444,69110.0,0.00336,B,232.20960000000002,583421657747849
1774160018067,2026-03-22 06:13:38.067,69110.0,0.00016,B,11.0576,237153035181976
1774160018449,2026-03-22 06:13:38.449,69110.0,0.001,B,69.11,913849725934511
1774160019453,2026-03-22 06:13:39.453,69109.0,0.00015,A,10.366349999999999,973912783390009
1774160021841,2026-03-22 06:13:41.841,69109.0,0.00152,A,105.04568,29903965631946
1774160021841,2026-03-22 06:13:41.841,69109.0,0.00121,A,83.62189,98547215727031
1774160024060,2026-03-22 06:13:44.060,69109.0,0.00416,A,287.49343999999996,477383786253235
1774160024060,2026-03-22 06:13:44.060,69110.0,0.00017,B,11.748700000000001,732909124211814
1774160024060,2026-03-22 06:13:44.060,69110.0,0.04323,B,2987.6252999999997,721134236884882
1774160024267,2026-03-22 06:13:44.267,69109.0,0.00098,A,67.72682,882271868766216
1774160025070,2026-03-22 06:13:45.070,69110.0,0.00056,B,38.7016,328150972709147
1774160025070,2026-03-22 06:13:45.070,69110.0,0.00022,B,15.2042,556210815767907
1774160025790,2026-03-22 06:13:45.790,69110.0,0.00017,B,11.748700000000001,453238673046727
1774160025790,2026-03-22 06:13:45.790,69110.0,0.00026,B,17.9686,972977202761652
1774160026064,2026-03-22 06:13:46.064,69111.0,0.00016,B,11.05776,913010361845525
1774160026064,2026-03-22 06:13:46.064,69111.0,0.00017,B,11.74887,175601049006899
1774160026064,2026-03-22 06:13:46.064,69112.0,0.00017,B,11.74904,413961755191154
1774160026064,2026-03-22 06:13:46.064,69112.0,0.0862,B,5957.4544,113543640205420
1774160027082,2026-03-22 06:13:47.082,69112.0,0.0675,B,4665.06,354696099677800
1774160027299,2026-03-22 06:13:47.299,69112.0,8e-05,B,5.5289600000000005,691473374651246
1774160027299,2026-03-22 06:13:47.299,69112.0,0.00017,B,11.74904,757916926497036
1774160028419,2026-03-22 06:13:48.419,69112.0,0.0002,B,13.8224,83368779379871
1774160028824,2026-03-22 06:13:48.824,69112.0,0.00036,B,24.88032,1046112241341654
1774160030231,2026-03-22 06:13:50.231,69112.0,0.09064,B,6264.31168,547801411905882
1774160032039,2026-03-22 06:13:52.039,69112.0,0.001,B,69.112,464767307229420
1774160034367,2026-03-22 06:13:54.367,69112.0,0.1367,B,9447.6104,238274545496751
1774160035173,2026-03-22 06:13:55.173,69111.0,0.00099,A,68.41989,71114934116834
1774160035355,2026-03-22 06:13:55.355,69112.0,0.00017,B,11.74904,686596472890642
1774160035576,2026-03-22 06:13:55.576,69113.0,0.00017,B,11.749210000000001,862186608187894
1774160035576,2026-03-22 06:13:55.576,69113.0,0.00023,B,15.895990000000001,1053848203797941
1774160035778,2026-03-22 06:13:55.778,69113.0,0.04316,B,2982.9170799999997,1002493405763242
1774160035778,2026-03-22 06:13:55.778,69113.0,0.0002,B,13.822600000000001,966447804919182
1774160035778,2026-03-22 06:13:55.778,69114.0,0.00016,B,11.058240000000001,435015773963333
1774160035778,2026-03-22 06:13:55.778,69114.0,0.00017,B,11.74938,1076760805910238
1774160035778,2026-03-22 06:13:55.778,69115.0,0.00017,B,11.749550000000001,174085971826462
1774160035778,2026-03-22 06:13:55.778,69115.0,0.003,B,207.345,87995107879894
1774160035778,2026-03-22 06:13:55.778,69116.0,0.00017,B,11.749720000000002,779485006589306
1774160035778,2026-03-22 06:13:55.778,69117.0,0.00043,B,29.720309999999998,791292736738211
1774160035778,2026-03-22 06:13:55.778,69117.0,0.00017,B,11.74989,744885842998980
1774160035778,2026-03-22 06:13:55.778,69118.0,0.00016,B,11.05888,48316202001458
1774160035778,2026-03-22 06:13:55.778,69118.0,0.00017,B,11.750060000000001,750616813198234
1774160035778,2026-03-22 06:13:55.778,69119.0,0.00017,B,11.75023,488856876212409
1774160035778,2026-03-22 06:13:55.778,69119.0,0.00015,B,10.367849999999999,429311185777780
1774160035778,2026-03-22 06:13:55.778,69119.0,0.05351,B,3698.55769,420208054026834
1774160035778,2026-03-22 06:13:55.778,69112.0,0.00128,A,88.46336000000001,399431420303219
1774160035778,2026-03-22 06:13:55.778,69112.0,0.0026,A,179.69119999999998,706538428143892
1774160036576,2026-03-22 06:13:56.576,69119.0,0.00017,B,11.75023,899630213730180
1774160036576,2026-03-22 06:13:56.576,69119.0,5e-05,B,3.45595,420450341900098
1774160036784,2026-03-22 06:13:56.784,69119.0,0.00316,B,218.41604,212322873184719
1774160036784,2026-03-22 06:13:56.784,69119.0,0.0031,B,214.2689,506172773447135
1774160037081,2026-03-22 06:13:57.081,69118.0,0.00017,A,11.750060000000001,796436041343796
1774160038758,2026-03-22 06:13:58.758,69119.0,0.3471,B,23991.2049,579493359981890
1774160039067,2026-03-22 06:13:59.067,69119.0,0.00016,B,11.059040000000001,171178407852081
1774160039067,2026-03-22 06:13:59.067,69119.0,0.15856,B,10959.50864,1044027049549289
1774160040687,2026-03-22 06:14:00.687,69119.0,0.00101,B,69.81019,531585642349302
1774160040783,2026-03-22 06:14:00.783,69119.0,0.00056,B,38.70664,973267732874529
1774160041071,2026-03-22 06:14:01.071,69118.0,0.00237,A,163.80966,678936662891042
1774160043514,2026-03-22 06:14:03.514,69119.0,0.00085,B,58.751149999999996,394455457749751
1774160043514,2026-03-22 06:14:03.514,69119.0,0.00015,B,10.367849999999999,551725569105417
1774160044099,2026-03-22 06:14:04.099,69118.0,0.00017,A,11.750060000000001,605845514011424
1774160044099,2026-03-22 06:14:04.099,69118.0,0.00142,A,98.14756,1087952687205916
1774160045111,2026-03-22 06:14:05.111,69119.0,0.001,B,69.119,772290438215500
1774160048039,2026-03-22 06:14:08.039,69119.0,0.00016,B,11.059040000000001,1113173272578307
1774160048039,2026-03-22 06:14:08.039,69118.0,0.00022,A,15.205960000000001,60040292764139
1774160048238,2026-03-22 06:14:08.238,69118.0,0.14496,A,10019.34528,262914274841098
1774160048238,2026-03-22 06:14:08.238,69118.0,0.1217,A,8411.660600000001,891190167776963
1774160049086,2026-03-22 06:14:09.086,69118.0,0.00099,A,68.42682,805094856856210
1774160049450,2026-03-22 06:14:09.450,69118.0,0.05,A,3455.9,145308177447853
1774160049852,2026-03-22 06:14:09.852,69116.0,0.00015,A,10.3674,357888801976497
1774160053495,2026-03-22 06:14:13.495,69113.0,0.00302,B,208.72126,711318965542893
1774160053495,2026-03-22 06:14:13.495,69113.0,0.10627,B,7344.638510000001,163439598970960
1774160054000,2026-03-22 06:14:14.000,69111.0,0.00415,A,286.81065,739015395050233
1774160054500,2026-03-22 06:14:14.500,69110.0,0.00015,A,10.366499999999998,441510708761599
1774160054500,2026-03-22 06:14:14.500,69110.0,0.00021,A,14.513100000000001,425528821049989
1774160055160,2026-03-22 06:14:15.160,69109.0,0.00057,B,39.39213,97529426769951
1774160056085,2026-03-22 06:14:16.085,69108.0,0.00017,A,11.748360000000002,82872659773949
1774160056085,2026-03-22 06:14:16.085,69108.0,0.00128,A,88.45824,1084925443748322
1774160056515,2026-03-22 06:14:16.515,69109.0,0.00016,B,11.057440000000001,775799454095059
1774160057187,2026-03-22 06:14:17.187,69107.0,0.00017,A,11.748190000000001,328560402163322
1774160057187,2026-03-22 06:14:17.187,69106.0,0.00017,A,11.74802,209900602218778
1774160057187,2026-03-22 06:14:17.187,69105.0,0.02894,A,1999.8987,879104947358130
1774160057187,2026-03-22 06:14:17.187,69105.0,0.00017,A,11.747850000000001,898391466129635
1774160057187,2026-03-22 06:14:17.187,69104.0,0.00016,A,11.056640000000002,374040273352181
1774160057187,2026-03-22 06:14:17.187,69104.0,0.00017,A,11.74768,314010351545009
1774160057187,2026-03-22 06:14:17.187,69104.0,0.00015,A,10.365599999999999,480868587279106
1774160057187,2026-03-22 06:14:17.187,69103.0,0.003,A,207.309,117307995692893
1774160057187,2026-03-22 06:14:17.187,69103.0,0.05665,A,3914.68495,1070886873147572
1774160057187,2026-03-22 06:14:17.187,69103.0,0.00017,A,11.74751,2771708354036
1774160057187,2026-03-22 06:14:17.187,69102.0,0.04685,A,3237.4287000000004,662501949818535
1774160057187,2026-03-22 06:14:17.187,69102.0,0.00017,A,11.747340000000001,856673928857465
1774160057187,2026-03-22 06:14:17.187,69101.0,0.00016,A,11.05616,1088161577473928
1774160057187,2026-03-22 06:14:17.187,69101.0,0.0155,A,1071.0655,576354033831472
1774160057187,2026-03-22 06:14:17.187,69101.0,0.00099,A,68.40999,274592514520383
1774160057187,2026-03-22 06:14:17.187,69101.0,0.01083,A,748.36383,595194674590719
1774160057187,2026-03-22 06:14:17.187,69101.0,0.07168,A,4953.15968,733155645942207
1774160059076,2026-03-22 06:14:19.076,69102.0,0.001,B,69.102,406605953922303
1774160059131,2026-03-22 06:14:19.131,69102.0,0.00016,B,11.056320000000001,215003398335478
1774160059734,2026-03-22 06:14:19.734,69101.0,0.00017,A,11.74717,966897285568028
1774160059734,2026-03-22 06:14:19.734,69101.0,0.01197,A,827.13897,386469876451241
1774160059936,2026-03-22 06:14:19.936,69101.0,0.0158,A,1091.7958,540330986471885
1774160059936,2026-03-22 06:14:19.936,69100.0,0.00017,A,11.747000000000002,482759291597070
1774160059936,2026-03-22 06:14:19.936,69100.0,0.00015,A,10.364999999999998,660107831582779
1774160060079,2026-03-22 06:14:20.079,69100.0,0.0207,B,1430.37,133430682766989
1774160060416,2026-03-22 06:14:20.416,69099.0,0.00017,A,11.746830000000001,6926515897279
1774160060416,2026-03-22 06:14:20.416,69098.0,0.00043,A,29.712139999999998,768781513875927
1774160060416,2026-03-22 06:14:20.416,69098.0,0.00017,A,11.74666,266752646735146
1774160060416,2026-03-22 06:14:20.416,69098.0,0.003,A,207.294,284652466951536
1774160060416,2026-03-22 06:14:20.416,69098.0,0.00016,A,11.05568,876262711126854
1774160060416,2026-03-22 06:14:20.416,69097.0,0.00016,A,11.055520000000001,1091058681465263
1774160060416,2026-03-22 06:14:20.416,69097.0,0.00029,A,20.03813,1056987171911039
1774160060416,2026-03-22 06:14:20.416,69097.0,0.00017,A,11.746490000000001,179348380361641
1774160060416,2026-03-22 06:14:20.416,69096.0,0.00022,A,15.201120000000001,561703712524824
1774160060416,2026-03-22 06:14:20.416,69096.0,0.00017,A,11.74632,803311283772996
1774160060416,2026-03-22 06:14:20.416,69095.0,0.00017,A,11.74615,404864406699489
1774160060416,2026-03-22 06:14:20.416,69094.0,0.00015,A,10.364099999999999,253846964267136
1774160060416,2026-03-22 06:14:20.416,69094.0,0.00017,A,11.745980000000001,573704839189488
1774160060416,2026-03-22 06:14:20.416,69094.0,0.02828,A,1953.97832,721237437593431
1774160061640,2026-03-22 06:14:21.640,69094.0,0.00066,A,45.60204,200396038144181
1774160061640,2026-03-22 06:14:21.640,69094.0,0.00017,A,11.745980000000001,847672083732991
1774160061640,2026-03-22 06:14:21.640,69093.0,0.00016,A,11.05488,334532346478283
1774160064066,2026-03-22 06:14:24.066,69093.0,0.00017,A,11.74581,652591506091662
1774160064066,2026-03-22 06:14:24.066,69093.0,0.00202,A,139.56786,831013158322295
1774160064066,2026-03-22 06:14:24.066,69093.0,0.00219,A,151.31367,84281705428875
1774160065489,2026-03-22 06:14:25.489,69093.0,0.00802,A,554.12586,37945415234889
1774160067082,2026-03-22 06:14:27.082,69093.0,0.00017,A,11.74581,79498793351114
1774160067565,2026-03-22 06:14:27.565,69093.0,7e-05,A,4.83651,47845812032349
1774160068305,2026-03-22 06:14:28.305,69093.0,0.00222,A,153.38646,239368357337769
1774160068305,2026-03-22 06:14:28.305,69093.0,0.00222,A,153.38646,1041474617614408
1774160069122,2026-03-22 06:14:29.122,69094.0,0.00016,B,11.055040000000002,1070922473048470
1774160071007,2026-03-22 06:14:31.007,69093.0,0.00238,A,164.44134000000003,830903918423412
1774160072138,2026-03-22 06:14:32.138,69093.0,0.00499,A,344.77407,1084382172209572
1774160072138,2026-03-22 06:14:32.138,69093.0,0.00017,A,11.74581,416433931876842
1774160072282,2026-03-22 06:14:32.282,69093.0,2e-05,B,1.38186,813884570923097
1774160072282,2026-03-22 06:14:32.282,69093.0,5e-05,B,3.45465,543434749825490
1774160072948,2026-03-22 06:14:32.948,69093.0,0.001,B,69.093,771902540682918
1774160073150,2026-03-22 06:14:33.150,69093.0,0.19982,B,13806.16326,94664185628339
1774160074023,2026-03-22 06:14:34.023,69092.0,0.00017,A,11.745640000000002,458526173333639
1774160074711,2026-03-22 06:14:34.711,69091.0,0.00017,A,11.745470000000001,791814270594106
1774160074711,2026-03-22 06:14:34.711,69091.0,0.00082,A,56.65462,998430543221654
1774160075047,2026-03-22 06:14:35.047,69091.0,0.00141,A,97.41831,433946477877594
1774160076292,2026-03-22 06:14:36.292,69091.0,0.00028,A,19.34548,227029509932321
1774160080703,2026-03-22 06:14:40.703,69091.0,0.00571,A,394.50961,467656821565984
1774160080855,2026-03-22 06:14:40.855,69091.0,0.00567,A,391.74597,1012858849092445
1774160081179,2026-03-22 06:14:41.179,69091.0,0.00995,A,687.45545,762290729973818
1774160081179,2026-03-22 06:14:41.179,69091.0,0.00017,A,11.745470000000001,1033034569524731
1774160081376,2026-03-22 06:14:41.376,69090.0,0.00016,A,11.054400000000001,539970157864911
1774160081376,2026-03-22 06:14:41.376,69090.0,0.00017,A,11.7453,1039310595656131
1774160081376,2026-03-22 06:14:41.376,69090.0,0.00015,A,10.363499999999998,412655100840841
1774160081529,2026-03-22 06:14:41.529,69089.0,0.00017,A,11.745130000000001,950489461176994
1774160081529,2026-03-22 06:14:41.529,69089.0,0.003,A,207.267,265954285307236
1774160082914,2026-03-22 06:14:42.914,69089.0,0.00149,B,102.94261,471789146332112
1774160083723,2026-03-22 06:14:43.723,69088.0,0.00017,A,11.74496,1047461540116551
1774160084010,2026-03-22 06:14:44.010,69087.0,0.00017,A,11.74479,1019619298211077
1774160084010,2026-03-22 06:14:44.010,69086.0,0.00016,A,11.05376,582107956252408
1774160084010,2026-03-22 06:14:44.010,69086.0,0.00017,A,11.744620000000001,6951766639168
1774160084010,2026-03-22 06:14:44.010,69085.0,0.00017,A,11.74445,119866446121134
1774160084010,2026-03-22 06:14:44.010,69084.0,0.00015,A,10.362599999999999,823148792595947
1774160084010,2026-03-22 06:14:44.010,69084.0,0.00017,A,11.744280000000002,375531365447518
1774160084010,2026-03-22 06:14:44.010,69084.0,0.003,A,207.252,959009914959838
1774160084010,2026-03-22 06:14:44.010,69084.0,0.00017,A,11.744280000000002,825819441489224
1774160085091,2026-03-22 06:14:45.091,69085.0,0.00057,B,39.37845,124044388398797
1774160086493,2026-03-22 06:14:46.493,69085.0,0.001,B,69.08500000000001,421094497520775
1774160087155,2026-03-22 06:14:47.155,69084.0,0.00099,A,68.39316,841740236104218
1774160093923,2026-03-22 06:14:53.923,69084.0,0.00622,A,429.70248,126832958312916
1774160095825,2026-03-22 06:14:55.825,69085.0,1.22377,B,84544.15045,505005084783538
1774160095825,2026-03-22 06:14:55.825,69085.0,0.2237,B,15454.3145,966389882457115
1774160096147,2026-03-22 06:14:56.147,69084.0,0.006,A,414.504,548727452447391
1774160096214,2026-03-22 06:14:56.214,69085.0,0.0117,B,808.2945,966760301341338
1774160096813,2026-03-22 06:14:56.813,69084.0,0.00293,A,202.41611999999998,2685673864762
1774160097012,2026-03-22 06:14:57.012,69084.0,0.00017,A,11.744280000000002,974909209319245
1774160097441,2026-03-22 06:14:57.441,69085.0,0.03619,B,2500.18615,820401355951725
1774160099036,2026-03-22 06:14:59.036,69085.0,0.00016,B,11.053600000000001,270582584614332
1774160099162,2026-03-22 06:14:59.162,69084.0,0.01247,A,861.47748,376580666867418
1774160099162,2026-03-22 06:14:59.162,69084.0,0.14891,A,10287.298439999999,313349352735527
1774160099162,2026-03-22 06:14:59.162,69084.0,0.17031,A,11765.696039999999,367382321812320
1774160099162,2026-03-22 06:14:59.162,69084.0,0.03806,A,2629.33704,74673855690329
1774160099162,2026-03-22 06:14:59.162,69084.0,0.0939,A,6486.9875999999995,818154204609055
1774160099162,2026-03-22 06:14:59.162,69084.0,0.5,A,34542.0,1073542962945611
1774160099162,2026-03-22 06:14:59.162,69084.0,0.01608,A,1110.8707200000001,777567352928554
1774160099162,2026-03-22 06:14:59.162,69084.0,0.01779,A,1229.00436,835536869823937
1774160099162,2026-03-22 06:14:59.162,69084.0,0.04876,A,3368.53584,785259328112090
1774160099162,2026-03-22 06:14:59.162,69084.0,0.09824,A,6786.8121599999995,1110752589208153
1774160099162,2026-03-22 06:14:59.162,69084.0,0.08737,A,6035.86908,965904107975491
1774160099162,2026-03-22 06:14:59.162,69084.0,0.01854,A,1280.81736,697100785119267
1774160099162,2026-03-22 06:14:59.162,69084.0,0.09537,A,6588.54108,505150965566554
1774160099162,2026-03-22 06:14:59.162,69084.0,0.08689,A,6002.7087599999995,36949365698781
1774160099162,2026-03-22 06:14:59.162,69084.0,0.03548,A,2451.10032,990107159496367
1774160099162,2026-03-22 06:14:59.162,69084.0,0.01249,A,862.85916,1013407141661007
1774160099162,2026-03-22 06:14:59.162,69084.0,0.1306,A,9022.3704,401229987026691
1774160099162,2026-03-22 06:14:59.162,69084.0,0.09892,A,6833.78928,1002407275965563
1774160099162,2026-03-22 06:14:59.162,69084.0,0.10739,A,7418.93076,45171386289804
1774160099162,2026-03-22 06:14:59.162,69084.0,0.08388,A,5794.76592,150878449672825
1774160099162,2026-03-22 06:14:59.162,69084.0,0.07302,A,5044.51368,364161061740410
1774160099162,2026-03-22 06:14:59.162,69084.0,0.01716,A,1185.48144,1010773229672934
1774160099162,2026-03-22 06:14:59.162,69084.0,0.00837,A,578.2330800000001,1023257197336440
1774160099560,2026-03-22 06:14:59.560,69085.0,0.0004,B,27.634,1025709636995923
1774160099840,2026-03-22 06:14:59.840,69085.0,0.001,B,69.08500000000001,408454153957709
1774160100163,2026-03-22 06:15:00.163,69084.0,0.07359,A,5083.89156,146588086595795
1774160100163,2026-03-22 06:15:00.163,69084.0,0.001,A,69.084,806095877864849
1774160100163,2026-03-22 06:15:00.163,69084.0,0.01089,A,752.32476,729506610993760
1774160100450,2026-03-22 06:15:00.450,69084.0,0.00099,A,68.39316,220567058764767
1774160101066,2026-03-22 06:15:01.066,69084.0,0.00238,A,164.41992000000002,442416311970378
1774160103112,2026-03-22 06:15:03.112,69084.0,2e-05,A,1.38168,947325850098617
1774160104006,2026-03-22 06:15:04.006,69084.0,0.00017,A,11.744280000000002,165238645713741
1774160104518,2026-03-22 06:15:04.518,69085.0,0.00017,B,11.74445,602987564011059
1774160104518,2026-03-22 06:15:04.518,69085.0,0.00678,B,468.3963,30591172751366
1774160104715,2026-03-22 06:15:04.715,69085.0,0.00086,A,59.4131,639798948439219
1774160104915,2026-03-22 06:15:04.915,69085.0,0.00121,A,83.59285,907699352923432
1774160105020,2026-03-22 06:15:05.020,69085.0,0.00142,A,98.1007,944445803802088
1774160106111,2026-03-22 06:15:06.111,69086.0,0.001,B,69.086,470850798075387
1774160106111,2026-03-22 06:15:06.111,69086.0,0.00533,B,368.22837999999996,648708878714537
1774160106111,2026-03-22 06:15:06.111,69085.0,0.00132,A,91.1922,11318723511868
1774160106111,2026-03-22 06:15:06.111,69086.0,0.00467,B,322.63162,1078928725063686
1774160106111,2026-03-22 06:15:06.111,69086.0,0.00017,B,11.744620000000001,600022424774951
1774160106312,2026-03-22 06:15:06.312,69087.0,0.00015,B,10.36305,356713167784520
1774160106312,2026-03-22 06:15:06.312,69087.0,0.00017,B,11.74479,1123991532841483
1774160106312,2026-03-22 06:15:06.312,69088.0,0.00017,B,11.74496,985395676677649
1774160106312,2026-03-22 06:15:06.312,69089.0,0.00017,B,11.745130000000001,361578147426700
1774160106312,2026-03-22 06:15:06.312,69089.0,0.01012,B,699.18068,1103032898279261
1774160106362,2026-03-22 06:15:06.362,69089.0,0.0009,A,62.180099999999996,615599513264384
1774160107107,2026-03-22 06:15:07.107,69090.0,0.00029,B,20.0361,445345037970635
1774160107707,2026-03-22 06:15:07.707,69090.0,1.08545,B,74993.7405,229009264793293
1774160107707,2026-03-22 06:15:07.707,69090.0,0.02941,B,2031.9369,642934280329964
1774160108035,2026-03-22 06:15:08.035,69090.0,0.00016,B,11.054400000000001,929827655099703
1774160114101,2026-03-22 06:15:14.101,69089.0,0.00416,A,287.41024,932332953028175
1774160114374,2026-03-22 06:15:14.374,69089.0,0.00031,A,21.41759,657527020424766
1774160114575,2026-03-22 06:15:14.575,69090.0,0.00017,B,11.7453,186464027671121
1774160114575,2026-03-22 06:15:14.575,69090.0,0.00083,B,57.3447,877432936299161
1774160115049,2026-03-22 06:15:15.049,69090.0,0.00056,B,38.6904,490251184196204
1774160117360,2026-03-22 06:15:17.360,69091.0,0.00017,B,11.745470000000001,561147245018513
1774160117360,2026-03-22 06:15:17.360,69091.0,0.0002,B,13.818200000000001,205851542015461
1774160117360,2026-03-22 06:15:17.360,69091.0,0.00108,B,74.61828,961415458091631
1774160117849,2026-03-22 06:15:17.849,69090.0,0.00297,A,205.1973,1095860347566632
1774160118282,2026-03-22 06:15:18.282,69091.0,0.00017,B,11.745470000000001,46327710251812
1774160118773,2026-03-22 06:15:18.773,69092.0,0.00017,B,11.745640000000002,339578111229864
1774160118773,2026-03-22 06:15:18.773,69092.0,0.00128,B,88.43776000000001,765608354202495
1774160120647,2026-03-22 06:15:20.647,69093.0,0.00017,B,11.74581,267041520342793
1774160120647,2026-03-22 06:15:20.647,69093.0,0.01,B,690.9300000000001,524084872486458
1774160120647,2026-03-22 06:15:20.647,69093.0,0.01,B,690.9300000000001,317966865739098
1774160120647,2026-03-22 06:15:20.647,69093.0,0.00698,B,482.26914,271806444491426
1774160121914,2026-03-22 06:15:21.914,69092.0,0.00634,A,438.04328000000004,854595328981521
1774160123408,2026-03-22 06:15:23.408,69093.0,0.00045,B,31.09185,977335352585171
1774160125275,2026-03-22 06:15:25.275,69092.0,0.00099,A,68.40108,874595165692443
1774160127034,2026-03-22 06:15:27.034,69092.0,0.00017,A,11.745640000000002,829571831969630
1774160128108,2026-03-22 06:15:28.108,69093.0,0.00017,B,11.74581,57854772604088
1774160128108,2026-03-22 06:15:28.108,69093.0,0.00083,B,57.34719,185024689727673
1774160128457,2026-03-22 06:15:28.457,69092.0,0.00069,A,47.67348,1946499643453
1774160129048,2026-03-22 06:15:29.048,69093.0,0.00016,B,11.05488,670949794734448
1774160129523,2026-03-22 06:15:29.523,69092.0,0.00099,A,68.40108,154566378984901
1774160131049,2026-03-22 06:15:31.049,69092.0,0.00238,A,164.43896,96280730794489
1774160133371,2026-03-22 06:15:33.371,69093.0,0.00773,B,534.08889,233565428661306
1774160134080,2026-03-22 06:15:34.080,69092.0,0.00142,A,98.11064,403693296222795
1774160135546,2026-03-22 06:15:35.546,69093.0,0.00087,B,60.11091,989022115009613
1774160138010,2026-03-22 06:15:38.010,69093.0,0.00016,B,11.05488,437770682542394
1774160141934,2026-03-22 06:15:41.934,69093.0,0.00261,B,180.33273,128523874326932
1774160142037,2026-03-22 06:15:42.037,69093.0,0.001,B,69.093,170798593350841
1774160142438,2026-03-22 06:15:42.438,69093.0,0.0207,B,1430.2250999999999,829077716692994
1774160143065,2026-03-22 06:15:43.065,69092.0,0.00028,A,19.34576,12126816397111
1774160144011,2026-03-22 06:15:44.011,69092.0,0.00416,A,287.42271999999997,1078246256903970
1774160144744,2026-03-22 06:15:44.744,69093.0,0.07419,B,5126.00967,575975546348964
1774160144744,2026-03-22 06:15:44.744,69093.0,0.07979,B,5512.93047,618990325661250
1774160145058,2026-03-22 06:15:45.058,69093.0,0.00021,B,14.50953,383514537471423
1774160145058,2026-03-22 06:15:45.058,69093.0,0.00036,B,24.87348,1018623654974663
1774160146666,2026-03-22 06:15:46.666,69093.0,0.00415,B,286.73595,507114392474759
1774160148131,2026-03-22 06:15:48.131,69093.0,0.00015,B,10.363949999999999,820629879214230
1774160149707,2026-03-22 06:15:49.707,69092.0,0.00099,A,68.40108,109843401260694
1774160150246,2026-03-22 06:15:50.246,69092.0,0.00015,A,10.3638,412540196608414
1774160151471,2026-03-22 06:15:51.471,69093.0,0.02286,B,1579.46598,1099004262115840
1774160152536,2026-03-22 06:15:52.536,69093.0,0.04545,B,3140.2768499999997,495301812206836
1774160153741,2026-03-22 06:15:53.741,69093.0,0.00022,B,15.200460000000001,1019523270200608
1774160154076,2026-03-22 06:15:54.076,69093.0,0.0008,B,55.2744,46899899006011
1774160154076,2026-03-22 06:15:54.076,69093.0,0.03176,B,2194.3936799999997,101951705699848
1774160155824,2026-03-22 06:15:55.824,69093.0,0.001,B,69.093,520195705197772
1774160157036,2026-03-22 06:15:57.036,69092.0,0.00017,A,11.745640000000002,1003867394930458
1774160159024,2026-03-22 06:15:59.024,69093.0,0.00016,B,11.05488,585907936748384
1774160161072,2026-03-22 06:16:01.072,69092.0,0.00238,A,164.43896,575199956136041
1774160161973,2026-03-22 06:16:01.973,69092.0,0.00104,A,71.85567999999999,1054168607715005
1774160162088,2026-03-22 06:16:02.088,69092.0,0.00015,A,10.3638,218300183845405
1774160162156,2026-03-22 06:16:02.156,69092.0,0.00104,A,71.85567999999999,676775012674737
1774160162417,2026-03-22 06:16:02.417,69092.0,0.00067,A,46.29164,1012027907632893
1774160162538,2026-03-22 06:16:02.538,69091.0,0.00019,A,13.12729,1117540138623192
1774160162538,2026-03-22 06:16:02.538,69089.0,0.00079,A,54.580310000000004,113582783318315
1774160162761,2026-03-22 06:16:02.761,69090.0,0.00093,B,64.25370000000001,278096461519219
1774160164037,2026-03-22 06:16:04.037,69089.0,0.0002,A,13.8178,801713437526133
1774160164037,2026-03-22 06:16:04.037,69089.0,0.00142,A,98.10638,104283201520460
1774160166178,2026-03-22 06:16:06.178,69089.0,0.00291,A,201.04898999999997,203115422738112
1774160166178,2026-03-22 06:16:06.178,69089.0,0.0036,A,248.72039999999998,768792322619846
1774160166719,2026-03-22 06:16:06.719,69089.0,0.00149,A,102.94261,722611873521527
1774160168068,2026-03-22 06:16:08.068,69090.0,0.00016,B,11.054400000000001,635264894545544
1774160168134,2026-03-22 06:16:08.134,69089.0,0.0117,A,808.3413,283337280670203
1774160170199,2026-03-22 06:16:10.199,69089.0,0.00294,A,203.12166,1075242372588307
1774160170283,2026-03-22 06:16:10.283,69089.0,0.00294,A,203.12166,1109428033489240
1774160170283,2026-03-22 06:16:10.283,69090.0,0.001,B,69.09,907610348485961
1774160170400,2026-03-22 06:16:10.400,69090.0,0.00016,B,11.054400000000001,160542800059455
1774160171697,2026-03-22 06:16:11.697,69089.0,0.00099,A,68.39811,195439694740466
1774160174017,2026-03-22 06:16:14.017,69089.0,0.00416,A,287.41024,935634053651654
1774160174228,2026-03-22 06:16:14.228,69089.0,0.00084,A,58.034760000000006,283795320397977
1774160174599,2026-03-22 06:16:14.599,69089.0,0.00084,A,58.034760000000006,512579241872016
1774160175033,2026-03-22 06:16:15.033,69090.0,0.00056,B,38.6904,1057984976936435
1774160176640,2026-03-22 06:16:16.640,69090.0,0.00271,B,187.2339,934544472499748
1774160176942,2026-03-22 06:16:16.942,69090.0,0.00359,B,248.0331,495958293071535
1774160182596,2026-03-22 06:16:22.596,69090.0,0.00016,B,11.054400000000001,280332053592348
1774160183618,2026-03-22 06:16:23.618,69090.0,0.00067,B,46.2903,951019775975426
1774160184218,2026-03-22 06:16:24.218,69090.0,0.001,B,69.09,745808776559388
1774160185038,2026-03-22 06:16:25.038,69090.0,0.00015,B,10.363499999999998,619426673175406
1774160186788,2026-03-22 06:16:26.788,69090.0,0.00017,B,11.7453,865913979359039
1774160186788,2026-03-22 06:16:26.788,69091.0,0.00015,B,10.36365,761544771042899
1774160186788,2026-03-22 06:16:26.788,69091.0,0.00017,B,11.745470000000001,767646246637169
1774160187085,2026-03-22 06:16:27.085,69091.0,0.00017,A,11.745470000000001,1104773230316668
1774160188084,2026-03-22 06:16:28.084,69092.0,0.00099,A,68.40108,1055441942359083
1774160188602,2026-03-22 06:16:28.602,69093.0,0.00017,B,11.74581,301749018763614
1774160188602,2026-03-22 06:16:28.602,69093.0,0.0103,B,711.6579,663236611264300
1774160188602,2026-03-22 06:16:28.602,69093.0,0.01761,B,1216.72773,374911594472220
1774160188700,2026-03-22 06:16:28.700,69093.0,0.00602,B,415.93986,1082067442306171
1774160188700,2026-03-22 06:16:28.700,69093.0,0.00884,B,610.7821200000001,1029216516708236
1774160188700,2026-03-22 06:16:28.700,69093.0,0.00653,B,451.17729,795004286405414
1774160188700,2026-03-22 06:16:28.700,69093.0,0.0043,B,297.0999,621380974743721
1774160188700,2026-03-22 06:16:28.700,69093.0,0.00686,B,473.97798,938458119418094
1774160188700,2026-03-22 06:16:28.700,69093.0,0.00441,B,304.70013,487067607462756
1774160188700,2026-03-22 06:16:28.700,69093.0,0.00136,B,93.96648,218923040135114
1774160188700,2026-03-22 06:16:28.700,69093.0,0.01868,B,1290.65724,696991308171904
1774160188700,2026-03-22 06:16:28.700,69093.0,0.00177,B,122.29461,232942146931482
1774160188700,2026-03-22 06:16:28.700,69093.0,0.0002,B,13.8186,697104391483172
1774160188805,2026-03-22 06:16:28.805,69093.0,0.0004,A,27.6372,41869888923055
1774160189103,2026-03-22 06:16:29.103,69094.0,0.00016,B,11.055040000000002,497517580615515
1774160189502,2026-03-22 06:16:29.502,69094.0,1e-05,B,0.6909400000000001,794292834098370
1774160189502,2026-03-22 06:16:29.502,69094.0,0.0002,B,13.818800000000001,819365698034295
1774160189502,2026-03-22 06:16:29.502,69095.0,0.00051,B,35.23845,140000955626088
1774160189502,2026-03-22 06:16:29.502,69095.0,0.00249,B,172.04655,802406893560618
1774160189502,2026-03-22 06:16:29.502,69095.0,0.00017,B,11.74615,907465473027552
1774160189502,2026-03-22 06:16:29.502,69095.0,0.00015,B,10.364249999999998,1064789718002972
1774160189502,2026-03-22 06:16:29.502,69096.0,0.00017,B,11.74632,897697498289909
1774160189502,2026-03-22 06:16:29.502,69096.0,0.00016,B,11.05536,803023293582785
1774160189502,2026-03-22 06:16:29.502,69096.0,0.00184,B,127.13664,626237923761646
1774160189502,2026-03-22 06:16:29.502,69097.0,0.00017,B,11.746490000000001,370546440568940
1774160189502,2026-03-22 06:16:29.502,69098.0,0.00017,B,11.74666,996754175717962
1774160189502,2026-03-22 06:16:29.502,69099.0,0.00017,B,11.746830000000001,488758328623871
1774160189502,2026-03-22 06:16:29.502,69099.0,0.0017,B,117.4683,1050239708353981
1774160190748,2026-03-22 06:16:30.748,69099.0,0.00842,B,581.81358,351525109877582
1774160190748,2026-03-22 06:16:30.748,69099.0,2e-05,B,1.3819800000000002,81612761413471
1774160191017,2026-03-22 06:16:31.017,69098.0,0.00237,A,163.76226,987999099711464
1774160191220,2026-03-22 06:16:31.220,69098.0,7e-05,A,4.83686,645109185828111
1774160191515,2026-03-22 06:16:31.515,69099.0,0.00015,B,10.364849999999999,730973516959663
1774160191708,2026-03-22 06:16:31.708,69100.0,0.00016,B,11.056000000000001,159425952063250
1774160191708,2026-03-22 06:16:31.708,69100.0,0.00017,B,11.747000000000002,604538873659253
1774160191708,2026-03-22 06:16:31.708,69100.0,0.00015,B,10.364999999999998,690578663129381
1774160191708,2026-03-22 06:16:31.708,69100.0,0.00366,B,252.906,914569213021097
1774160194037,2026-03-22 06:16:34.037,69099.0,0.00017,A,11.746830000000001,1122031748631825
1774160194037,2026-03-22 06:16:34.037,69099.0,0.00113,A,78.08187,448096157733488
1774160194037,2026-03-22 06:16:34.037,69099.0,0.00029,A,20.038710000000002,693909609390960
1774160194037,2026-03-22 06:16:34.037,69100.0,0.0002,B,13.82,372230773355759
1774160194037,2026-03-22 06:16:34.037,69100.0,0.00017,B,11.747000000000002,435335225747297
1774160194037,2026-03-22 06:16:34.037,69100.0,0.00351,B,242.541,533405948794101
1774160197965,2026-03-22 06:16:37.965,69100.0,7e-05,B,4.837,118237116272889
1774160198049,2026-03-22 06:16:38.049,69100.0,0.00016,B,11.056000000000001,881629684978673
1774160198779,2026-03-22 06:16:38.779,69100.0,0.001,B,69.10000000000001,701529564716336
1774160200188,2026-03-22 06:16:40.188,69100.0,0.04987,A,3446.017,850515288894943
1774160201326,2026-03-22 06:16:41.326,69100.0,0.00099,A,68.409,391391968006317
1774160202890,2026-03-22 06:16:42.890,69101.0,0.00017,B,11.74717,14746973452045
1774160202890,2026-03-22 06:16:42.890,69102.0,0.00017,B,11.747340000000001,112343185274841
1774160202890,2026-03-22 06:16:42.890,69102.0,0.003,B,207.306,21972969782196
1774160202890,2026-03-22 06:16:42.890,69102.0,0.00015,B,10.3653,417990222164795
1774160203096,2026-03-22 06:16:43.096,69103.0,0.00017,B,11.74751,301147516610042
1774160203096,2026-03-22 06:16:43.096,69104.0,0.00013,B,8.983519999999999,656062615825082
1774160203983,2026-03-22 06:16:43.983,69105.0,0.00017,B,11.747850000000001,260963562382816
1774160203983,2026-03-22 06:16:43.983,69105.0,0.0002,B,13.821000000000002,849997516954215
1774160203983,2026-03-22 06:16:43.983,69106.0,0.00017,B,11.74802,442605981555391
1774160203983,2026-03-22 06:16:43.983,69106.0,0.00088,B,60.81328,428896230459001
1774160203983,2026-03-22 06:16:43.983,69107.0,0.00016,B,11.057120000000001,668496738724923
1774160203983,2026-03-22 06:16:43.983,69107.0,0.00017,B,11.748190000000001,770854169149659
1774160203983,2026-03-22 06:16:43.983,69108.0,0.00017,B,11.748360000000002,1072499675086055
1774160203983,2026-03-22 06:16:43.983,69108.0,0.00023,B,15.89484,769879109040011
1774160204042,2026-03-22 06:16:44.042,69105.0,0.00108,A,74.6334,371201131511655
1774160204042,2026-03-22 06:16:44.042,69105.0,0.00307,A,212.15234999999998,704798199868037
1774160205095,2026-03-22 06:16:45.095,69108.0,0.00017,B,11.748360000000002,386350665601514
1774160205095,2026-03-22 06:16:45.095,69109.0,0.0004,B,27.643600000000003,784189445003359
1774160205176,2026-03-22 06:16:45.176,69109.0,0.0026,B,179.68339999999998,2413815297161
1774160205176,2026-03-22 06:16:45.176,69109.0,0.0376,B,2598.4984,1019697622741082
1774160206616,2026-03-22 06:16:46.616,69109.0,0.00019,B,13.13071,305281626725517
1774160206856,2026-03-22 06:16:46.856,69108.0,0.02098,A,1449.88584,999424236726792
1774160207827,2026-03-22 06:16:47.827,69109.0,0.1735,B,11990.411499999998,259762563249622
1774160209027,2026-03-22 06:16:49.027,69109.0,0.00062,B,42.84758,972492180704305
1774160209109,2026-03-22 06:16:49.109,69109.0,0.01511,B,1044.23699,798846185818704
1774160209222,2026-03-22 06:16:49.222,69109.0,0.00027,B,18.65943,965478581277025
1774160209640,2026-03-22 06:16:49.640,69109.0,0.1675,B,11575.757500000002,330954376503171
1774160210024,2026-03-22 06:16:50.024,69108.0,0.00028,A,19.35024,132726188763899
1774160210433,2026-03-22 06:16:50.433,69109.0,0.00044,B,30.407960000000003,819421885176508
1774160210517,2026-03-22 06:16:50.517,69109.0,1.0,B,69109.0,472462775337517
1774160210834,2026-03-22 06:16:50.834,69109.0,0.00048,B,33.17232,1055132091465139
1774160212129,2026-03-22 06:16:52.129,69109.0,0.00027,B,18.65943,368901311834538
1774160212438,2026-03-22 06:16:52.438,69109.0,0.001,B,69.109,593544111084022
1774160214131,2026-03-22 06:16:54.131,69108.0,0.00099,A,68.41692,669256769365778
1774160216075,2026-03-22 06:16:56.075,69109.0,0.01,B,691.09,630947232069683
1774160216338,2026-03-22 06:16:56.338,69108.0,0.00044,A,30.40752,243462999627880
1774160216626,2026-03-22 06:16:56.626,69108.0,0.00501,A,346.23107999999996,362470617190127
1774160217002,2026-03-22 06:16:57.002,69108.0,0.00017,A,11.748360000000002,455368155732044
1774160219049,2026-03-22 06:16:59.049,69109.0,0.00016,B,11.057440000000001,789123307494718
1774160220667,2026-03-22 06:17:00.667,69105.0,0.21,B,14512.05,873331779458455
1774160220667,2026-03-22 06:17:00.667,69105.0,0.06739,B,4656.98595,860875158486460
1774160220667,2026-03-22 06:17:00.667,69105.0,0.08,B,5528.400000000001,1045357046003622
1774160220667,2026-03-22 06:17:00.667,69105.0,0.12454,B,8606.3367,602956274988806
1774160220667,2026-03-22 06:17:00.667,69105.0,0.34943,B,24147.36015,73182439839906
1774160220667,2026-03-22 06:17:00.667,69105.0,0.1225,B,8465.3625,828838062638484
1774160220667,2026-03-22 06:17:00.667,69105.0,0.04614,B,3188.5047,572285099511741
1774160220764,2026-03-22 06:17:00.764,69104.0,0.00016,A,11.056640000000002,592145450259708
1774160221069,2026-03-22 06:17:01.069,69103.0,0.00238,A,164.46514000000002,1107618168620120
1774160221763,2026-03-22 06:17:01.763,69101.0,0.0002,A,13.8202,937494335075207
1774160224107,2026-03-22 06:17:04.107,69099.0,0.00017,A,11.746830000000001,199448327746580
1774160224107,2026-03-22 06:17:04.107,69099.0,0.00141,A,97.42959,313597588723694
1774160224384,2026-03-22 06:17:04.384,69100.0,0.11,B,7601.0,955075385729856
1774160224989,2026-03-22 06:17:04.989,69099.0,0.0042,A,290.2158,217029711941231
1774160224989,2026-03-22 06:17:04.989,69097.0,0.00016,A,11.055520000000001,673750727686893
1774160224989,2026-03-22 06:17:04.989,69097.0,0.003,A,207.291,78144437925125
1774160224989,2026-03-22 06:17:04.989,69097.0,0.00015,A,10.36455,365240648289968
1774160224989,2026-03-22 06:17:04.989,69097.0,0.02894,A,1999.6671800000001,1104667662484723
1774160224989,2026-03-22 06:17:04.989,69096.0,0.00015,A,10.3644,802695569116460
1774160224989,2026-03-22 06:17:04.989,69094.0,0.05744,A,3968.75936,854091720811044
1774160226323,2026-03-22 06:17:06.323,69094.0,0.00068,B,46.983920000000005,549745786987578
1774160227124,2026-03-22 06:17:07.124,69094.0,0.001,B,69.09400000000001,524182228350959
1774160228035,2026-03-22 06:17:08.035,69094.0,0.00016,B,11.055040000000002,329159584004060
1774160229041,2026-03-22 06:17:09.041,69094.0,0.00318,B,219.71892,1056966371737839
1774160229455,2026-03-22 06:17:09.455,69094.0,0.09458,B,6534.910519999999,130761730682031
1774160229749,2026-03-22 06:17:09.749,69090.0,0.00016,A,11.054400000000001,102764722179997
1774160229749,2026-03-22 06:17:09.749,69090.0,0.00083,A,57.3447,1097031997908533
1774160231150,2026-03-22 06:17:11.150,69091.0,0.0207,B,1430.1837,54805892580569
1774160232558,2026-03-22 06:17:12.558,69090.0,0.02811,A,1942.1199,909095820829238
1774160232558,2026-03-22 06:17:12.558,69089.0,0.11662,A,8057.15918,958048564671071
1774160233774,2026-03-22 06:17:13.774,69089.0,0.00415,A,286.71935,550884511055981
1774160234003,2026-03-22 06:17:14.003,69089.0,0.00416,A,287.41024,687803912189887
1774160234579,2026-03-22 06:17:14.579,69089.0,0.00739,A,510.56771,683366582393937
1774160235073,2026-03-22 06:17:15.073,69090.0,0.00056,B,38.6904,267557339916108
1774160235536,2026-03-22 06:17:15.536,69090.0,0.01147,B,792.4622999999999,1000545859314510
1774160240502,2026-03-22 06:17:20.502,69089.0,0.01676,A,1157.93164,957657193913025
1774160241208,2026-03-22 06:17:21.208,69090.0,0.001,B,69.09,211155279606539
1774160247135,2026-03-22 06:17:27.135,69086.0,0.00016,A,11.05376,1024077131771883
1774160247841,2026-03-22 06:17:27.841,69084.0,0.00099,A,68.39316,913093153295132
1774160248353,2026-03-22 06:17:28.353,69084.0,0.00201,A,138.85884000000001,715391614610219
1774160248353,2026-03-22 06:17:28.353,69083.0,0.00015,A,10.362449999999999,186374651266565
1774160249000,2026-03-22 06:17:29.000,69080.0,0.00016,B,11.052800000000001,1030142539845850
1774160251078,2026-03-22 06:17:31.078,69078.0,0.00238,A,164.40564,235718241433530
1774160254050,2026-03-22 06:17:34.050,69078.0,0.00017,A,11.743260000000001,912131047204525
1774160254050,2026-03-22 06:17:34.050,69078.0,0.00142,A,98.09076,672471667095983
1774160255468,2026-03-22 06:17:35.468,69078.0,0.08545,A,5902.715099999999,716990466021361
1774160255669,2026-03-22 06:17:35.669,69079.0,0.001,B,69.07900000000001,412603337755080
1774160256027,2026-03-22 06:17:36.027,69078.0,0.00099,A,68.38722,1098099573525366
1774160258102,2026-03-22 06:17:38.102,69079.0,0.00016,B,11.05264,248492124980093
1774160258404,2026-03-22 06:17:38.404,69078.0,0.01147,A,792.32466,1048355673335216
1774160260823,2026-03-22 06:17:40.823,69078.0,0.00016,A,11.052480000000001,83626707551480
1774160264047,2026-03-22 06:17:44.047,69078.0,0.00416,A,287.36447999999996,976932944275385
1774160264047,2026-03-22 06:17:44.047,69078.0,0.03417,A,2360.39526,986624103977343
1774160264157,2026-03-22 06:17:44.157,69076.0,0.003,A,207.228,939760200614474
1774160264157,2026-03-22 06:17:44.157,69075.0,0.00016,A,11.052000000000001,511085609824146
1774160264263,2026-03-22 06:17:44.263,69074.0,0.01,A,690.74,802679760408548
1774160264263,2026-03-22 06:17:44.263,69074.0,0.00015,A,10.361099999999999,713740291340002
1774160264263,2026-03-22 06:17:44.263,69074.0,0.00022,A,15.19628,1069478745946887
1774160264263,2026-03-22 06:17:44.263,69073.0,0.00017,A,11.742410000000001,918878679246908
1774160264263,2026-03-22 06:17:44.263,69072.0,0.00017,A,11.74224,455144468421165
1774160264774,2026-03-22 06:17:44.774,69071.0,0.01,A,690.71,240334209270109
1774160264774,2026-03-22 06:17:44.774,69071.0,0.00017,A,11.74207,677438451434762
1774160264774,2026-03-22 06:17:44.774,69070.0,0.00017,A,11.741900000000001,690724736561043
1774160264774,2026-03-22 06:17:44.774,69069.0,0.00017,A,11.74173,98883228475226
1774160264965,2026-03-22 06:17:44.965,69068.0,0.00016,A,11.050880000000001,808933299894572
1774160264965,2026-03-22 06:17:44.965,69068.0,0.00015,A,10.360199999999999,46903326817441
1774160264965,2026-03-22 06:17:44.965,69068.0,0.003,A,207.204,54503293099572
1774160264965,2026-03-22 06:17:44.965,69068.0,0.00017,A,11.741560000000002,770658945963351
1774160265077,2026-03-22 06:17:45.077,69068.0,0.00057,B,39.36876,802249515810401
1774160265279,2026-03-22 06:17:45.279,69067.0,0.01,A,690.67,158541451233520
1774160265279,2026-03-22 06:17:45.279,69067.0,0.00017,A,11.74139,819597247025469
1774160265279,2026-03-22 06:17:45.279,69066.0,0.00017,A,11.74122,412654837188466
1774160265279,2026-03-22 06:17:45.279,69065.0,0.00017,A,11.741050000000001,199523603171495
1774160265279,2026-03-22 06:17:45.279,69064.0,0.00016,A,11.05024,966725465303499
1774160265279,2026-03-22 06:17:45.279,69064.0,0.00017,A,11.74088,1032405504727927
1774160265279,2026-03-22 06:17:45.279,69064.0,0.04578,A,3161.74992,501848679050258
1774160265279,2026-03-22 06:17:45.279,69063.0,0.00017,A,11.74071,495908006340244
1774160265279,2026-03-22 06:17:45.279,69063.0,0.08741,A,6036.79683,700798293766923
1774160265279,2026-03-22 06:17:45.279,69062.0,0.00017,A,11.740540000000001,440985311442617
1774160265279,2026-03-22 06:17:45.279,69062.0,0.03604,A,2488.9944800000003,87663614754506
1774160265279,2026-03-22 06:17:45.279,69061.0,0.00017,A,11.74037,317903371665127
1774160265279,2026-03-22 06:17:45.279,69061.0,0.08782,A,6064.937019999999,291972590904385
1774160265279,2026-03-22 06:17:45.279,69061.0,0.0212,A,1464.0932,282843781380497
1774160265279,2026-03-22 06:17:45.279,69061.0,0.02055,A,1419.20355,270837789416401
1774160265279,2026-03-22 06:17:45.279,69060.0,0.00016,A,11.049600000000002,604265030046349
1774160265279,2026-03-22 06:17:45.279,69060.0,0.13724,A,9477.7944,748273745061110
1774160265279,2026-03-22 06:17:45.279,69060.0,0.00017,A,11.740200000000002,363932617694198
1774160265279,2026-03-22 06:17:45.279,69059.0,0.00017,A,11.74003,1077484810252461
1774160265279,2026-03-22 06:17:45.279,69058.0,0.00017,A,11.73986,449376167412460
1774160265279,2026-03-22 06:17:45.279,69057.0,0.00016,A,11.04912,537498178663480
1774160265279,2026-03-22 06:17:45.279,69057.0,0.00017,A,11.739690000000001,1045928793401714
1774160265279,2026-03-22 06:17:45.279,69056.0,0.00225,A,155.37599999999998,276013174196657
1774160265279,2026-03-22 06:17:45.279,69056.0,0.13984,A,9656.79104,523559581569092
1774160265279,2026-03-22 06:17:45.279,69056.0,0.00017,A,11.73952,1114226178612286
1774160265279,2026-03-22 06:17:45.279,69056.0,0.05665,A,3912.0224,184675095299145
1774160265279,2026-03-22 06:17:45.279,69055.0,0.01437,A,992.3203500000001,524104724494157
1774160265279,2026-03-22 06:17:45.279,69055.0,0.00017,A,11.739350000000002,505955073908064
1774160265279,2026-03-22 06:17:45.279,69054.0,0.00017,A,11.739180000000001,99487325188911
1774160265279,2026-03-22 06:17:45.279,69053.0,0.00016,A,11.048480000000001,842894595684278
1774160265279,2026-03-22 06:17:45.279,69053.0,0.72419,A,50007.49207,776645552903577
1774160265279,2026-03-22 06:17:45.279,69053.0,0.2,A,13810.6,256060338819738
1774160265279,2026-03-22 06:17:45.279,69053.0,0.05012,A,3460.9363599999997,524414397827284
1774160265279,2026-03-22 06:17:45.279,69053.0,0.00017,A,11.73901,65856623902229
1774160265279,2026-03-22 06:17:45.279,69053.0,0.07955,A,5493.16615,53934761323215
1774160265279,2026-03-22 06:17:45.279,69052.0,0.00016,A,11.04832,708762846985319
1774160265279,2026-03-22 06:17:45.279,69052.0,0.00034,A,23.477680000000003,1028238785366906
1774160265279,2026-03-22 06:17:45.279,69052.0,0.1773,A,12242.919600000001,645769123687067
1774160265279,2026-03-22 06:17:45.279,69052.0,0.40619,A,28048.23188,277944139889148
1774160265279,2026-03-22 06:17:45.279,69052.0,0.39074,A,26981.37848,4474027373425
1774160265279,2026-03-22 06:17:45.279,69052.0,0.00017,A,11.738840000000001,944709819143884
1774160265279,2026-03-22 06:17:45.279,69051.0,0.05067,A,3498.81417,940426558145595
1774160265279,2026-03-22 06:17:45.279,69051.0,1.44818,A,99998.27718,991008712638498
1774160265279,2026-03-22 06:17:45.279,69051.0,0.21726,A,15002.020260000001,1076617093386265
1774160265279,2026-03-22 06:17:45.279,69050.0,1.0,A,69050.0,1019837687282468
1774160265279,2026-03-22 06:17:45.279,69050.0,0.02951,A,2037.6655,99576880911650
1774160265279,2026-03-22 06:17:45.279,69050.0,0.50695,A,35004.8975,476301768301384
1774160265279,2026-03-22 06:17:45.279,69050.0,1.44845,A,100015.4725,380754572683084
1774160265279,2026-03-22 06:17:45.279,69050.0,0.38615,A,26663.6575,462312553351912
1774160265279,2026-03-22 06:17:45.279,69049.0,0.00016,A,11.04784,1121890965360557
1774160265279,2026-03-22 06:17:45.279,69049.0,0.11101,A,7665.12949,474046640235937
1774160265279,2026-03-22 06:17:45.279,69048.0,0.1269,A,8762.191200000001,350405669705723
1774160265279,2026-03-22 06:17:45.279,69048.0,0.01577,A,1088.88696,883494939760215
1774160265279,2026-03-22 06:17:45.279,69048.0,0.04196,A,2897.2540799999997,973761075743438
1774160265279,2026-03-22 06:17:45.279,69048.0,0.0122,A,842.3856000000001,1107720513415694
1774160265279,2026-03-22 06:17:45.279,69048.0,0.001,A,69.048,265005083673311
1774160265279,2026-03-22 06:17:45.279,69048.0,0.38723,A,26737.45704,984124458846868
1774160265279,2026-03-22 06:17:45.279,69048.0,1.30365,A,90014.4252,195974397261157
1774160265279,2026-03-22 06:17:45.279,69047.0,0.009,A,621.423,351099873567707
1774160265279,2026-03-22 06:17:45.279,69047.0,0.21285,A,14696.65395,346245685710868
1774160265279,2026-03-22 06:17:45.279,69047.0,0.00271,A,187.11737000000002,445682982613934
1774160269397,2026-03-22 06:17:49.397,69050.0,0.001,B,69.05,825177131856308
1774160270533,2026-03-22 06:17:50.533,69050.0,0.02895,B,1998.9975,135831575687667
1774160271542,2026-03-22 06:17:51.542,69049.0,0.00017,A,11.738330000000001,697605684727072
1774160271542,2026-03-22 06:17:51.542,69049.0,0.00568,A,392.19832,416924134411061
1774160272752,2026-03-22 06:17:52.752,69050.0,0.00075,B,51.7875,897228939421940
1774160273829,2026-03-22 06:17:53.829,69050.0,0.00021,B,14.5005,730418709537708
1774160274176,2026-03-22 06:17:54.176,69050.0,0.00739,B,510.2795,1119384887094257
1774160274224,2026-03-22 06:17:54.224,69050.0,0.00034,B,23.477,945498804606662
1774160275388,2026-03-22 06:17:55.388,69049.0,0.00099,A,68.35851,906257782792454
1774160276783,2026-03-22 06:17:56.783,69049.0,0.00028,A,19.33372,401060561826569
1774160276983,2026-03-22 06:17:56.983,69049.0,0.01,A,690.49,253726849960617
1774160277045,2026-03-22 06:17:57.045,69049.0,0.00017,A,11.738330000000001,765668165375307
1774160278785,2026-03-22 06:17:58.785,69050.0,0.00017,B,11.7385,418478753774532
1774160279058,2026-03-22 06:17:59.058,69050.0,0.00016,B,11.048,956283711029791
1774160281018,2026-03-22 06:18:01.018,69049.0,0.00238,A,164.33662,76887446969225
1774160283677,2026-03-22 06:18:03.677,69050.0,0.001,B,69.05,1056158613224292
1774160284002,2026-03-22 06:18:04.002,69049.0,0.00017,A,11.738330000000001,612809479789796
1774160284088,2026-03-22 06:18:04.088,69049.0,0.00354,A,244.43346000000003,632704088791999
1774160285018,2026-03-22 06:18:05.018,69049.0,0.00142,A,98.04958,572956563017125
1774160285420,2026-03-22 06:18:05.420,69049.0,0.00099,A,68.35851,889890973810250
1774160287968,2026-03-22 06:18:07.968,69049.0,0.00775,A,535.12975,441856489960951
1774160288054,2026-03-22 06:18:08.054,69050.0,0.00016,B,11.048,568859285232124
1774160290273,2026-03-22 06:18:10.273,69050.0,0.00131,B,90.4555,403054120331546
1774160294030,2026-03-22 06:18:14.030,69049.0,0.00416,A,287.24384,851400559462888
1774160294030,2026-03-22 06:18:14.030,69050.0,0.00956,B,660.118,794067904447173
1774160294030,2026-03-22 06:18:14.030,69050.0,0.1931,B,13333.555,115035172243490
1774160294030,2026-03-22 06:18:14.030,69050.0,0.02895,B,1998.9975,831689938696958
1774160294030,2026-03-22 06:18:14.030,69050.0,0.00075,B,51.7875,316698180181146
1774160294030,2026-03-22 06:18:14.030,69050.0,0.00794,B,548.257,1051362594842214
1774160294030,2026-03-22 06:18:14.030,69050.0,0.00033,B,22.7865,1043401586579659
1774160294030,2026-03-22 06:18:14.030,69050.0,0.001,B,69.05,65724312578810
1774160294030,2026-03-22 06:18:14.030,69050.0,0.00016,B,11.048,35400795156833
1774160294030,2026-03-22 06:18:14.030,69050.0,0.00131,B,90.4555,1013255257673303
1774160294030,2026-03-22 06:18:14.030,69050.0,0.10861,B,7499.5205,1106617544997966
1774160294030,2026-03-22 06:18:14.030,69050.0,0.43114,B,29770.217,45743415800598
1774160294030,2026-03-22 06:18:14.030,69050.0,0.07028,B,4852.834,1016260137248959
1774160294030,2026-03-22 06:18:14.030,69050.0,0.14687,B,10141.3735,1032796113604969
1774160294583,2026-03-22 06:18:14.583,69049.0,0.00017,A,11.738330000000001,737830570111960
1774160294583,2026-03-22 06:18:14.583,69049.0,0.00053,A,36.59597,398880679082475
1774160294712,2026-03-22 06:18:14.712,69049.0,0.33333,A,23016.103170000002,399628989967863
1774160294769,2026-03-22 06:18:14.769,69049.0,0.33333,A,23016.103170000002,205998037648530
1774160294819,2026-03-22 06:18:14.819,69049.0,0.33333,A,23016.103170000002,159851276547815
1774160294819,2026-03-22 06:18:14.819,69049.0,0.25,A,17262.25,20291482327931
1774160294819,2026-03-22 06:18:14.819,69049.0,0.26666,A,18412.606340000002,1017948758995061
1774160294819,2026-03-22 06:18:14.819,69049.0,0.25,A,17262.25,733584503776585
1774160294926,2026-03-22 06:18:14.926,69049.0,0.45488,A,31409.00912,281071916134121
1774160294926,2026-03-22 06:18:14.926,69049.0,0.26666,A,18412.606340000002,543373455030753
1774160295031,2026-03-22 06:18:15.031,69050.0,0.00057,B,39.3585,53180585527907
1774160295031,2026-03-22 06:18:15.031,69049.0,0.25,A,17262.25,1112110751700722
1774160295031,2026-03-22 06:18:15.031,69049.0,0.16128,A,11136.22272,366322624523701
1774160295031,2026-03-22 06:18:15.031,69049.0,0.0007,A,48.3343,420749586075547
1774160295031,2026-03-22 06:18:15.031,69048.0,0.00017,A,11.73816,730489181128470
1774160295715,2026-03-22 06:18:15.715,69047.0,0.00017,A,11.737990000000002,524819721889682
1774160295715,2026-03-22 06:18:15.715,69046.0,0.00016,A,11.047360000000001,107747807341372
1774160295715,2026-03-22 06:18:15.715,69046.0,0.00017,A,11.737820000000001,721088222882602
1774160295715,2026-03-22 06:18:15.715,69045.0,0.00017,A,11.73765,443424484783807
1774160295715,2026-03-22 06:18:15.715,69044.0,0.003,A,207.132,480337245131376
1774160295715,2026-03-22 06:18:15.715,69044.0,0.00017,A,11.737480000000001,69298347291399
1774160295715,2026-03-22 06:18:15.715,69044.0,0.00634,A,437.73896,771111488466107
1774160296857,2026-03-22 06:18:16.857,69044.0,0.01211,A,836.12284,516730740986060
1774160297521,2026-03-22 06:18:17.521,69045.0,0.001,B,69.045,280780578967533
1774160298807,2026-03-22 06:18:18.807,69044.0,0.01051,A,725.6524400000001,375708791397089
1774160298807,2026-03-22 06:18:18.807,69044.0,0.00017,A,11.737480000000001,536198044442918
1774160299489,2026-03-22 06:18:19.489,69043.0,0.00017,A,11.73731,844913375103580
1774160299489,2026-03-22 06:18:19.489,69043.0,0.00082,A,56.61526,378337294699486
1774160303523,2026-03-22 06:18:23.523,69044.0,0.01,B,690.44,564166407806405
1774160303523,2026-03-22 06:18:23.523,69044.0,0.00017,B,11.737480000000001,880917419131195
1774160303523,2026-03-22 06:18:23.523,69045.0,0.00017,B,11.73765,566077030581670
1774160303523,2026-03-22 06:18:23.523,69045.0,0.00015,B,10.35675,200751731853471
1774160303523,2026-03-22 06:18:23.523,69046.0,0.00017,B,11.737820000000001,884595324712989
1774160303523,2026-03-22 06:18:23.523,69047.0,0.00017,B,11.737990000000002,144781145232186
1774160303523,2026-03-22 06:18:23.523,69047.0,0.00015,B,10.35705,498822579624616
1774160303523,2026-03-22 06:18:23.523,69048.0,0.01,B,690.48,263354647682058
1774160303523,2026-03-22 06:18:23.523,69048.0,0.00017,B,11.73816,931884532972976
1774160303523,2026-03-22 06:18:23.523,69048.0,0.00015,B,10.357199999999999,35358934997101
1774160303523,2026-03-22 06:18:23.523,69048.0,0.00016,B,11.047680000000001,513382023870010
1774160303523,2026-03-22 06:18:23.523,69049.0,0.00017,B,11.738330000000001,214613824094217
1774160303523,2026-03-22 06:18:23.523,69050.0,0.00017,B,11.7385,809540093493835
1774160303523,2026-03-22 06:18:23.523,69050.0,0.01,B,690.5,263379667750068
1774160303523,2026-03-22 06:18:23.523,69050.0,0.003,B,207.15,1123378960075987
1774160303523,2026-03-22 06:18:23.523,69051.0,0.00017,B,11.73867,289113891268684
1774160303523,2026-03-22 06:18:23.523,69052.0,0.00016,B,11.04832,1055763987237764
1774160303523,2026-03-22 06:18:23.523,69052.0,0.00017,B,11.738840000000001,1527230997406
1774160303523,2026-03-22 06:18:23.523,69053.0,0.00017,B,11.73901,700533763558116
1774160303523,2026-03-22 06:18:23.523,69054.0,0.00017,B,11.739180000000001,689180773772970
1774160303523,2026-03-22 06:18:23.523,69055.0,0.003,B,207.165,866793620501080
1774160303523,2026-03-22 06:18:23.523,69055.0,0.00017,B,11.739350000000002,768618319311085
1774160303523,2026-03-22 06:18:23.523,69055.0,0.02008,B,1386.6244000000002,872939343140448
1774160303697,2026-03-22 06:18:23.697,69055.0,0.057,B,3936.135,610553522480007
1774160304486,2026-03-22 06:18:24.486,69055.0,0.03866,B,2669.6663,349787242204856
1774160304963,2026-03-22 06:18:24.963,69055.0,0.00031,B,21.40705,867393248447892
1774160304963,2026-03-22 06:18:24.963,69054.0,0.001,A,69.054,159146656405361
1774160304963,2026-03-22 06:18:24.963,69054.0,0.00348,A,240.30792,287126640727583
1774160306031,2026-03-22 06:18:26.031,69055.0,0.00017,B,11.739350000000002,937017664699397
1774160307038,2026-03-22 06:18:27.038,69054.0,0.00018,A,12.429720000000001,502725983731419
1774160307980,2026-03-22 06:18:27.980,69055.0,0.00017,B,11.739350000000002,1002175528320522
1774160307980,2026-03-22 06:18:27.980,69056.0,0.00016,B,11.048960000000001,474289022299230
1774160307980,2026-03-22 06:18:27.980,69056.0,0.01198,B,827.2908799999999,715516090917940
1774160308951,2026-03-22 06:18:28.951,69056.0,0.02851,B,1968.78656,643282670342707
1774160308951,2026-03-22 06:18:28.951,69056.0,2e-05,B,1.3811200000000001,928619887962767
1774160309053,2026-03-22 06:18:29.053,69056.0,0.00015,B,10.3584,1216490261918
1774160309053,2026-03-22 06:18:29.053,69057.0,1e-05,B,0.69057,705177363695232
1774160309186,2026-03-22 06:18:29.186,69057.0,0.00015,B,10.35855,314085366749519
1774160309761,2026-03-22 06:18:29.761,69058.0,0.00017,B,11.73986,514089958683870
1774160309761,2026-03-22 06:18:29.761,69058.0,0.0002,B,13.8116,111778117462484
1774160309761,2026-03-22 06:18:29.761,69059.0,0.00017,B,11.74003,691446103252033
1774160309761,2026-03-22 06:18:29.761,69059.0,0.00016,B,11.04944,321084324501954
1774160309761,2026-03-22 06:18:29.761,69059.0,0.00015,B,10.358849999999999,1008921022039985
1774160310974,2026-03-22 06:18:30.974,69059.0,0.0006,A,41.435399999999994,376682145201769
1774160310974,2026-03-22 06:18:30.974,69059.0,0.00084,A,58.00956,495034785470119
1774160311063,2026-03-22 06:18:31.063,69059.0,0.00238,A,164.36042,1008887587863294
1774160311872,2026-03-22 06:18:31.872,69060.0,0.00017,B,11.740200000000002,519369321345032
1774160311872,2026-03-22 06:18:31.872,69060.0,0.00022,B,15.193200000000001,121185844649027
1774160311872,2026-03-22 06:18:31.872,69060.0,0.00061,B,42.126599999999996,1078047303733388
1774160312177,2026-03-22 06:18:32.177,69059.0,0.00099,A,68.36841,420838760367559
1774160314032,2026-03-22 06:18:34.032,69059.0,0.00017,A,11.74003,730599843602939
1774160314032,2026-03-22 06:18:34.032,69059.0,0.00142,A,98.06378000000001,670084589939803
1774160314288,2026-03-22 06:18:34.288,69059.0,0.00787,A,543.49433,81645951332460
1774160314777,2026-03-22 06:18:34.777,69060.0,0.00239,B,165.0534,867264321106496
1774160314777,2026-03-22 06:18:34.777,69060.0,0.09983,B,6894.2598,146059798606412
1774160315385,2026-03-22 06:18:35.385,69059.0,7e-05,A,4.834129999999999,954118904622900
1774160316917,2026-03-22 06:18:36.917,69059.0,0.00834,A,575.95206,530398397472949
1774160318021,2026-03-22 06:18:38.021,69060.0,0.00016,B,11.049600000000002,951323130168701
1774160319866,2026-03-22 06:18:39.866,69059.0,0.00085,A,58.700149999999994,316277197217392
1774160320518,2026-03-22 06:18:40.518,69060.0,0.01107,B,764.4942,694684376526998
1774160322068,2026-03-22 06:18:42.068,69060.0,0.00084,B,58.010400000000004,439237892678852
1774160322133,2026-03-22 06:18:42.133,69059.0,0.002,A,138.118,187391985003943
1774160322876,2026-03-22 06:18:42.876,69060.0,0.0207,B,1429.542,394416982418513
1774160323484,2026-03-22 06:18:43.484,69059.0,0.079,A,5455.661,1090587525771868
1774160324065,2026-03-22 06:18:44.065,69059.0,0.00416,A,287.28544,148301666649160
1774160324065,2026-03-22 06:18:44.065,69060.0,7e-05,B,4.834199999999999,445784252162140
1774160325069,2026-03-22 06:18:45.069,69060.0,0.00056,B,38.67359999999999,608994251479021
1774160325069,2026-03-22 06:18:45.069,69059.0,0.004,A,276.236,506015569097123
1774160326017,2026-03-22 06:18:46.017,69060.0,0.00029,B,20.0274,699842249143601
1774160327287,2026-03-22 06:18:47.287,69060.0,0.01242,B,857.7252000000001,722391090482742
1774160327287,2026-03-22 06:18:47.287,69060.0,0.00017,B,11.740200000000002,900809836586610
1774160327287,2026-03-22 06:18:47.287,69060.0,0.03042,B,2100.8052,871733725859178
1774160328314,2026-03-22 06:18:48.314,69060.0,0.00017,B,11.740200000000002,487685033671886
1774160328450,2026-03-22 06:18:48.450,69061.0,0.00015,B,10.35915,943264165449449
1774160328450,2026-03-22 06:18:48.450,69061.0,0.00017,B,11.74037,1785902140020
1774160328450,2026-03-22 06:18:48.450,69062.0,0.00017,B,11.740540000000001,457487551850661
1774160328450,2026-03-22 06:18:48.450,69063.0,0.00017,B,11.74071,167712178800244
1774160328450,2026-03-22 06:18:48.450,69063.0,0.00016,B,11.050080000000001,311509930006361
1774160328450,2026-03-22 06:18:48.450,69063.0,0.00015,B,10.359449999999999,1120592345164169
1774160328450,2026-03-22 06:18:48.450,69064.0,0.00017,B,11.74088,845545631820449
1774160328450,2026-03-22 06:18:48.450,69065.0,0.00017,B,11.741050000000001,475080809917992
1774160328450,2026-03-22 06:18:48.450,69065.0,0.003,B,207.195,378854864577965
1774160328450,2026-03-22 06:18:48.450,69066.0,0.00017,B,11.74122,484037284978498
1774160328450,2026-03-22 06:18:48.450,69067.0,0.00016,B,11.05072,76458661895688
1774160328450,2026-03-22 06:18:48.450,69067.0,0.00017,B,11.74139,665232691393949
1774160328450,2026-03-22 06:18:48.450,69068.0,0.00017,B,11.741560000000002,550281943013245
1774160328450,2026-03-22 06:18:48.450,69069.0,0.00017,B,11.74173,1064244914092078
1774160328450,2026-03-22 06:18:48.450,69070.0,0.00016,B,11.051200000000001,151637184034838
1774160328450,2026-03-22 06:18:48.450,69070.0,0.00017,B,11.741900000000001,312549701743999
1774160328450,2026-03-22 06:18:48.450,69070.0,0.003,B,207.21,30093983943302
1774160328450,2026-03-22 06:18:48.450,69071.0,0.00017,B,11.74207,111445146286804
1774160328450,2026-03-22 06:18:48.450,69072.0,0.00017,B,11.74224,622492892583258
1774160328450,2026-03-22 06:18:48.450,69073.0,0.00015,B,10.360949999999999,751301546269091
1774160328450,2026-03-22 06:18:48.450,69073.0,0.00017,B,11.742410000000001,21974740298761
1774160328450,2026-03-22 06:18:48.450,69073.0,0.04786,B,3305.83378,773141432811462
1774160328450,2026-03-22 06:18:48.450,69073.0,0.00879,B,607.15167,333390274887552
1774160328450,2026-03-22 06:18:48.450,69074.0,0.04681,B,3233.35394,1013500551592619
1774160329321,2026-03-22 06:18:49.321,69074.0,0.03126,B,2159.25324,96522685053815
1774160329471,2026-03-22 06:18:49.471,69074.0,0.00025,B,17.2685,762186888990846
1774160330686,2026-03-22 06:18:50.686,69074.0,0.00025,B,17.2685,644759693203112
1774160330895,2026-03-22 06:18:50.895,69074.0,0.00036,B,24.86664,187275930243869
1774160331887,2026-03-22 06:18:51.887,69073.0,0.0022,A,151.9606,1058793237746365
1774160331887,2026-03-22 06:18:51.887,69074.0,0.001,B,69.074,968736663114060
1774160332090,2026-03-22 06:18:52.090,69073.0,0.00126,A,87.03198,268348399352277
1774160332545,2026-03-22 06:18:52.545,69074.0,0.0022,B,151.96280000000002,1113501573607166
1774160335928,2026-03-22 06:18:55.928,69073.0,0.26134,A,18051.53782,190249245015854
1774160335928,2026-03-22 06:18:55.928,69073.0,0.10059,A,6948.05307,806601232420151
1774160336782,2026-03-22 06:18:56.782,69074.0,0.00015,B,10.361099999999999,811464262382663
1774160337050,2026-03-22 06:18:57.050,69073.0,0.00017,A,11.742410000000001,1108192455883808
1774160337123,2026-03-22 06:18:57.123,69073.0,0.00262,A,180.97126,459318836053537
1774160337123,2026-03-22 06:18:57.123,69073.0,0.03007,A,2077.02511,595855805463661
1774160337123,2026-03-22 06:18:57.123,69073.0,0.20431,A,14112.304629999999,216505462942054
1774160338527,2026-03-22 06:18:58.527,69074.0,0.237,B,16370.537999999999,457359949818491
1774160339001,2026-03-22 06:18:59.001,69074.0,0.00016,B,11.05184,872654285906476
1774160339332,2026-03-22 06:18:59.332,69073.0,0.00098,A,67.69154,49372472078268
1774160341055,2026-03-22 06:19:01.055,69073.0,0.00238,A,164.39374,16441844782526
1774160341852,2026-03-22 06:19:01.852,69074.0,0.00017,B,11.74258,670207739733958
1774160341852,2026-03-22 06:19:01.852,69074.0,0.00012,B,8.28888,334870626555213
1774160342663,2026-03-22 06:19:02.663,69074.0,0.01448,B,1000.19152,415678912121343
1774160343408,2026-03-22 06:19:03.408,69073.0,0.00028,A,19.340439999999997,348407929840411
1774160344007,2026-03-22 06:19:04.007,69073.0,0.00017,A,11.742410000000001,556423278257301
1774160344265,2026-03-22 06:19:04.265,69073.0,0.0022,A,151.9606,36960763062727
1774160344419,2026-03-22 06:19:04.419,69074.0,0.0022,B,151.96280000000002,103988923521259
1774160345042,2026-03-22 06:19:05.042,69073.0,0.00142,A,98.08366000000001,656551425018928
1774160348053,2026-03-22 06:19:08.053,69074.0,0.00016,B,11.05184,1082771085509951
1774160348053,2026-03-22 06:19:08.053,69073.0,0.0008,A,55.2584,760467774994591
1774160348555,2026-03-22 06:19:08.555,69074.0,0.028,B,1934.0720000000001,276762587462642
1774160351918,2026-03-22 06:19:11.918,69074.0,0.001,B,69.074,74880585757010
1774160351918,2026-03-22 06:19:11.918,69073.0,0.00091,A,62.85643,157834158904186
1774160352789,2026-03-22 06:19:12.789,69074.0,0.00044,B,30.39256,317255047677263
1774160352789,2026-03-22 06:19:12.789,69074.0,0.00067,B,46.27958,53426147596724
1774160353900,2026-03-22 06:19:13.900,69074.0,0.00017,B,11.74258,738281635747650
1774160353900,2026-03-22 06:19:13.900,69075.0,0.00017,B,11.742750000000001,569784977906709
1774160353900,2026-03-22 06:19:13.900,69076.0,0.00017,B,11.742920000000002,291007699840839
1774160353900,2026-03-22 06:19:13.900,69077.0,7e-05,B,4.835389999999999,709287767296872
1774160354045,2026-03-22 06:19:14.045,69073.0,0.00415,A,286.65295,251569546734376
1774160354045,2026-03-22 06:19:14.045,69077.0,0.0001,B,6.9077,114329611340250
1774160354045,2026-03-22 06:19:14.045,69078.0,0.00016,B,11.052480000000001,350184058659987
1774160354045,2026-03-22 06:19:14.045,69078.0,0.00017,B,11.743260000000001,1115896479212804
1774160354045,2026-03-22 06:19:14.045,69079.0,0.00017,B,11.74343,1045332954931376
1774160354045,2026-03-22 06:19:14.045,69079.0,0.003,B,207.237,911910009574002
1774160354045,2026-03-22 06:19:14.045,69080.0,0.00017,B,11.7436,411942930339904
1774160354045,2026-03-22 06:19:14.045,69081.0,0.00016,B,11.05296,1082493672204825
1774160354045,2026-03-22 06:19:14.045,69081.0,0.00017,B,11.743770000000001,191968780338811
1774160354045,2026-03-22 06:19:14.045,69082.0,0.00017,B,11.74394,537869498877652
1774160354045,2026-03-22 06:19:14.045,69083.0,0.00017,B,11.744110000000001,28187646190088
1774160354045,2026-03-22 06:19:14.045,69083.0,0.00033,B,22.79739,1013548942651878
1774160354045,2026-03-22 06:19:14.045,69084.0,0.02566,B,1772.69544,796184004644032
1774160354045,2026-03-22 06:19:14.045,69084.0,0.00017,B,11.744280000000002,793144494928453
1774160354045,2026-03-22 06:19:14.045,69084.0,0.003,B,207.252,470123375254873
1774160354045,2026-03-22 06:19:14.045,69085.0,0.00016,B,11.053600000000001,1088550955673877
1774160354045,2026-03-22 06:19:14.045,69085.0,0.00017,B,11.74445,764877132438807
1774160354045,2026-03-22 06:19:14.045,69086.0,0.00017,B,11.744620000000001,325290003595469
1774160354045,2026-03-22 06:19:14.045,69087.0,0.00017,B,11.74479,935130135755690
1774160354045,2026-03-22 06:19:14.045,69087.0,0.02273,B,1570.34751,1063468537325578
1774160354045,2026-03-22 06:19:14.045,69087.0,0.00215,B,148.53705,581245372558953
1774160354045,2026-03-22 06:19:14.045,69088.0,0.00017,B,11.74496,408122407020940
1774160354045,2026-03-22 06:19:14.045,69088.0,0.00264,B,182.39232,57375082857209
1774160354045,2026-03-22 06:19:14.045,69089.0,0.00016,B,11.05424,693444903908936
1774160354045,2026-03-22 06:19:14.045,69089.0,0.00025,B,17.27225,86332780097063
1774160354045,2026-03-22 06:19:14.045,69089.0,0.00017,B,11.745130000000001,174873421687085
1774160354045,2026-03-22 06:19:14.045,69090.0,0.00017,B,11.7453,203563489369849
1774160354045,2026-03-22 06:19:14.045,69090.0,0.00062,B,42.8358,402853028754902
1774160354045,2026-03-22 06:19:14.045,69090.0,0.00022,B,15.1998,692511848922535
1774160354045,2026-03-22 06:19:14.045,69091.0,0.00017,B,11.745470000000001,478082709357232
1774160354045,2026-03-22 06:19:14.045,69091.0,0.00225,B,155.45475,1073062574703185
1774160354045,2026-03-22 06:19:14.045,69092.0,0.00016,B,11.054720000000001,568215927672483
1774160354045,2026-03-22 06:19:14.045,69092.0,0.00017,B,11.745640000000002,712748723298722
1774160354045,2026-03-22 06:19:14.045,69092.0,0.07757,B,5359.46644,233400246690036
1774160354131,2026-03-22 06:19:14.131,69092.0,0.043,B,2970.9559999999997,841727769625086
1774160354131,2026-03-22 06:19:14.131,69092.0,0.008,B,552.736,399132790120028
1774160354205,2026-03-22 06:19:14.205,69092.0,0.018,B,1243.656,188813264425644
1774160354205,2026-03-22 06:19:14.205,69092.0,0.022,B,1520.024,592234121622095
1774160354205,2026-03-22 06:19:14.205,69092.0,0.029,B,2003.6680000000001,228752010039685
1774160354293,2026-03-22 06:19:14.293,69092.0,0.029,B,2003.6680000000001,1071866525927654
1774160354293,2026-03-22 06:19:14.293,69092.0,0.022,B,1520.024,118845999338615
1774160354293,2026-03-22 06:19:14.293,69092.0,0.029,B,2003.6680000000001,934734515887330
1774160354335,2026-03-22 06:19:14.335,69092.0,0.022,B,1520.024,909385168602139
1774160354335,2026-03-22 06:19:14.335,69092.0,0.02,B,1381.84,509804096554521
1774160354335,2026-03-22 06:19:14.335,69092.0,0.008,B,552.736,214358180086520
1774160354992,2026-03-22 06:19:14.992,69091.0,0.00099,A,68.40009,91266005808929
1774160355055,2026-03-22 06:19:15.055,69092.0,0.00017,B,11.745640000000002,1001967621129470
1774160355055,2026-03-22 06:19:15.055,69092.0,0.0004,B,27.6368,322638473349369
1774160355250,2026-03-22 06:19:15.250,69092.0,0.00072,B,49.74624,178397475046101
1774160355339,2026-03-22 06:19:15.339,69092.0,0.00029,B,20.03668,1118256572983552
1774160356128,2026-03-22 06:19:16.128,69092.0,0.00025,B,17.273,148030853473304
1774160356537,2026-03-22 06:19:16.537,69089.0,0.00015,A,10.363349999999999,145283080132173
1774160356537,2026-03-22 06:19:16.537,69089.0,0.1939,A,13396.3571,506973646253668
1774160356602,2026-03-22 06:19:16.602,69089.0,0.00029,B,20.03581,455151268303332
1774160357679,2026-03-22 06:19:17.679,69087.0,0.05699,B,3937.26813,55250100855217
1774160357679,2026-03-22 06:19:17.679,69087.0,0.196,B,13541.052,134090057400517
1774160357679,2026-03-22 06:19:17.679,69087.0,0.02763,B,1908.8738099999998,565013918999559
1774160358202,2026-03-22 06:19:18.202,69086.0,0.028,A,1934.4080000000001,825351464911408
1774160359332,2026-03-22 06:19:19.332,69086.0,0.00384,A,265.29024,1081917005943291
1774160359736,2026-03-22 06:19:19.736,69086.0,0.0022,A,151.9892,881795699152576
1774160360632,2026-03-22 06:19:20.632,69086.0,0.00443,A,306.05098,604302897811432
1774160360733,2026-03-22 06:19:20.733,69087.0,0.0022,B,151.9914,260577625135339
1774160361135,2026-03-22 06:19:21.135,69086.0,0.00441,A,304.66926,531457439613058
1774160363068,2026-03-22 06:19:23.068,69087.0,0.00106,B,73.23222,1068878849956336
1774160364083,2026-03-22 06:19:24.083,69087.0,0.00017,B,11.74479,546985265917159
1774160364083,2026-03-22 06:19:24.083,69088.0,0.00015,B,10.363199999999999,987949083181539
1774160364083,2026-03-22 06:19:24.083,69088.0,0.00017,B,11.74496,811914246384944
1774160364083,2026-03-22 06:19:24.083,69089.0,0.00017,B,11.745130000000001,928729417424825
1774160364083,2026-03-22 06:19:24.083,69090.0,0.00017,B,11.7453,642630208513276
1774160364083,2026-03-22 06:19:24.083,69091.0,0.00017,B,11.745470000000001,1075601665241577
1774160364083,2026-03-22 06:19:24.083,69092.0,0.003,B,207.276,263186154738853
1774160364083,2026-03-22 06:19:24.083,69092.0,0.00016,B,11.054720000000001,969864263362625
1774160364083,2026-03-22 06:19:24.083,69092.0,0.00017,B,11.745640000000002,780620473956246
1774160364083,2026-03-22 06:19:24.083,69093.0,0.00017,B,11.74581,964336108592451
1774160364083,2026-03-22 06:19:24.083,69093.0,0.00015,B,10.363949999999999,262231497200882
1774160364083,2026-03-22 06:19:24.083,69093.0,0.15,B,10363.949999999999,619684882562479
1774160364083,2026-03-22 06:19:24.083,69094.0,0.00017,B,11.745980000000001,530571333377483
1774160364083,2026-03-22 06:19:24.083,69095.0,0.00017,B,11.74615,576352149191135
1774160364083,2026-03-22 06:19:24.083,69095.0,0.0003,B,20.728499999999997,984241480532605
1774160364083,2026-03-22 06:19:24.083,69096.0,0.00016,B,11.05536,987076339527367
1774160364083,2026-03-22 06:19:24.083,69096.0,0.00017,B,11.74632,1123961539001276
1774160364083,2026-03-22 06:19:24.083,69097.0,0.00017,B,11.746490000000001,723458431856897
1774160364083,2026-03-22 06:19:24.083,69097.0,0.003,B,207.291,1030033773190283
1774160364083,2026-03-22 06:19:24.083,69097.0,0.01547,B,1068.93059,807663514569485
1774160365279,2026-03-22 06:19:25.279,69098.0,0.0005,B,34.549,718278952208640
1774160365371,2026-03-22 06:19:25.371,69098.0,0.00093,B,64.26114,993016329478689
1774160365371,2026-03-22 06:19:25.371,69098.0,0.00069,B,47.67762,602855559763475
1774160365702,2026-03-22 06:19:25.702,69098.0,0.00098,B,67.71603999999999,838201122127214
1774160365702,2026-03-22 06:19:25.702,69098.0,0.00028,B,19.34744,180615447327611
1774160366262,2026-03-22 06:19:26.262,69098.0,0.00017,B,11.74666,949857970044254
1774160366535,2026-03-22 06:19:26.535,69097.0,0.00965,A,666.78605,434845835659237
1774160367060,2026-03-22 06:19:27.060,69097.0,0.00017,A,11.746490000000001,146403787928189
1774160368621,2026-03-22 06:19:28.621,69097.0,0.00097,A,67.02409,86027485746395
1774160369024,2026-03-22 06:19:29.024,69098.0,0.00016,B,11.05568,331757262487918
1774160369225,2026-03-22 06:19:29.225,69097.0,0.12585,A,8695.85745,1086158386590264
1774160369225,2026-03-22 06:19:29.225,69097.0,0.10905,A,7535.0278499999995,795268047616373
1774160369316,2026-03-22 06:19:29.316,69098.0,0.00017,B,11.74666,390897203496425
1774160369316,2026-03-22 06:19:29.316,69099.0,0.00017,B,11.746830000000001,19664226833099
1774160369508,2026-03-22 06:19:29.508,69100.0,0.00016,B,11.056000000000001,886940517796734
1774160369508,2026-03-22 06:19:29.508,69100.0,0.00017,B,11.747000000000002,152530562975554
1774160369508,2026-03-22 06:19:29.508,69101.0,0.00017,B,11.74717,546890712807447
1774160369508,2026-03-22 06:19:29.508,69102.0,0.00017,B,11.747340000000001,350782624076003
1774160369508,2026-03-22 06:19:29.508,69103.0,0.00016,B,11.05648,1067051060561123
1774160369508,2026-03-22 06:19:29.508,69103.0,0.00017,B,11.74751,667531697529734
1774160369508,2026-03-22 06:19:29.508,69103.0,0.003,B,207.309,942899418549614
1774160369508,2026-03-22 06:19:29.508,69104.0,0.00017,B,11.74768,1037255951061410
1774160369508,2026-03-22 06:19:29.508,69105.0,0.00017,B,11.747850000000001,624560006485067
1774160369508,2026-03-22 06:19:29.508,69106.0,0.00017,B,11.74802,687615860225017
1774160369508,2026-03-22 06:19:29.508,69107.0,0.00016,B,11.057120000000001,910794003523326
1774160369508,2026-03-22 06:19:29.508,69107.0,0.00017,B,11.748190000000001,160243161893047
1774160369508,2026-03-22 06:19:29.508,69108.0,0.00017,B,11.748360000000002,64367155438569
1774160369508,2026-03-22 06:19:29.508,69108.0,0.003,B,207.324,697378206066943
1774160369508,2026-03-22 06:19:29.508,69109.0,0.00017,B,11.74853,60049260346881
1774160369508,2026-03-22 06:19:29.508,69110.0,0.00017,B,11.748700000000001,66469735649041
1774160369508,2026-03-22 06:19:29.508,69110.0,0.07845,B,5421.6795,1115838022859949
1774160369566,2026-03-22 06:19:29.566,69110.0,0.2349,B,16233.939,665453212962963
1774160371037,2026-03-22 06:19:31.037,69109.0,0.00237,A,163.78833,959752700171868
1774160371315,2026-03-22 06:19:31.315,69110.0,0.00017,B,11.748700000000001,690575966479995
1774160371315,2026-03-22 06:19:31.315,69110.0,8e-05,B,5.5288,395403754123896
1774160371378,2026-03-22 06:19:31.378,69111.0,0.00016,B,11.05776,478074929058604
1774160371378,2026-03-22 06:19:31.378,69111.0,7e-05,B,4.83777,53039824784624
1774160372176,2026-03-22 06:19:32.176,69111.0,0.02823,B,1951.0035300000002,1102427812967870
1774160372176,2026-03-22 06:19:32.176,69111.0,0.01511,B,1044.26721,289388961031558
1774160372176,2026-03-22 06:19:32.176,69112.0,0.00017,B,11.74904,350712953305310
1774160372176,2026-03-22 06:19:32.176,69113.0,0.00017,B,11.749210000000001,199833378792863
1774160372176,2026-03-22 06:19:32.176,69114.0,0.00016,B,11.058240000000001,577973268417695
1774160372176,2026-03-22 06:19:32.176,69114.0,0.00017,B,11.74938,539937314889808
1774160372176,2026-03-22 06:19:32.176,69114.0,0.05665,B,3915.3080999999997,211105355664480
1774160372176,2026-03-22 06:19:32.176,69115.0,0.00017,B,11.749550000000001,868564838489771
1774160372176,2026-03-22 06:19:32.176,69115.0,0.0106,B,732.619,753148073070857
1774160373208,2026-03-22 06:19:33.208,69113.0,0.00015,A,10.36695,1040342164515082
1774160373413,2026-03-22 06:19:33.413,69112.0,0.00024,B,16.58688,696865204950335
1774160374011,2026-03-22 06:19:34.011,69109.0,0.00017,A,11.74853,742663087429915
1774160374667,2026-03-22 06:19:34.667,69110.0,0.00027,B,18.6597,21250210614422
1774160375033,2026-03-22 06:19:35.033,69109.0,0.00141,A,97.44369,727800756725989
1774160375123,2026-03-22 06:19:35.123,69110.0,0.00017,B,11.748700000000001,239863913405390
1774160375123,2026-03-22 06:19:35.123,69115.0,0.00017,B,11.749550000000001,132943358973582
1774160375123,2026-03-22 06:19:35.123,69115.0,0.003,B,207.345,711513374755514
1774160375123,2026-03-22 06:19:35.123,69116.0,0.00017,B,11.749720000000002,736798549327527
1774160375123,2026-03-22 06:19:35.123,69117.0,0.00017,B,11.74989,295815686592587
1774160375123,2026-03-22 06:19:35.123,69118.0,0.00016,B,11.05888,129094013714433
1774160375123,2026-03-22 06:19:35.123,69118.0,0.00017,B,11.750060000000001,298591871644432
1774160375123,2026-03-22 06:19:35.123,69119.0,0.08296,B,5734.11224,124910177689355
1774160376047,2026-03-22 06:19:36.047,69119.0,0.01704,B,1177.78776,133239609545251
1774160376047,2026-03-22 06:19:36.047,69119.0,0.00087,B,60.13353,565076630183595
1774160376247,2026-03-22 06:19:36.247,69119.0,0.0172,B,1188.8468,204711825423412
1774160376247,2026-03-22 06:19:36.247,69119.0,0.00025,B,17.27975,712076984126007
1774160377440,2026-03-22 06:19:37.440,69119.0,0.00017,B,11.75023,211961616659631
1774160377440,2026-03-22 06:19:37.440,69119.0,0.07012,B,4846.62428,138053265508575
1774160377440,2026-03-22 06:19:37.440,69119.0,0.01964,B,1357.4971600000001,301338926461516
1774160377440,2026-03-22 06:19:37.440,69120.0,0.00016,B,11.0592,591500071589797
1774160377440,2026-03-22 06:19:37.440,69120.0,0.00035,B,24.192,1067924515642952
1774160377440,2026-03-22 06:19:37.440,69120.0,0.00017,B,11.7504,31525749825467
1774160377440,2026-03-22 06:19:37.440,69120.0,0.0002,B,13.824,282633171174187
1774160377440,2026-03-22 06:19:37.440,69121.0,0.00017,B,11.750570000000002,455909466046817
1774160377440,2026-03-22 06:19:37.440,69121.0,0.003,B,207.363,524286221291876
1774160377440,2026-03-22 06:19:37.440,69122.0,0.00016,B,11.059520000000001,921779368013575
1774160377440,2026-03-22 06:19:37.440,69122.0,0.00017,B,11.75074,66339264214333
1774160377440,2026-03-22 06:19:37.440,69123.0,0.06962,B,4812.34326,275388081612289
1774160377853,2026-03-22 06:19:37.853,69123.0,0.0003,B,20.7369,419840447220775
1774160378049,2026-03-22 06:19:38.049,69123.0,0.00016,B,11.05968,332331210839577
1774160378049,2026-03-22 06:19:38.049,69123.0,0.02809,B,1941.66507,1031383299277740
1774160379188,2026-03-22 06:19:39.188,69123.0,0.00017,B,11.750910000000001,640738091786583
1774160380600,2026-03-22 06:19:40.600,69123.0,0.00096,B,66.35808,91729479837861
1774160381912,2026-03-22 06:19:41.912,69122.0,0.00095,A,65.6659,306756514138131
1774160382516,2026-03-22 06:19:42.516,69123.0,0.00017,B,11.750910000000001,734985442943718
1774160382715,2026-03-22 06:19:42.715,69123.0,0.01326,B,916.57098,505601263262062
1774160384001,2026-03-22 06:19:44.001,69122.0,0.00416,A,287.54751999999996,105461230826821
1774160385003,2026-03-22 06:19:45.003,69123.0,0.00056,B,38.70887999999999,443665096333737
1774160385922,2026-03-22 06:19:45.922,69122.0,0.03632,A,2510.51104,481121873779830
1774160385922,2026-03-22 06:19:45.922,69122.0,0.1632,A,11280.7104,842214290627563
1774160385922,2026-03-22 06:19:45.922,69122.0,0.03288,A,2272.7313599999998,693920866444333
1774160386211,2026-03-22 06:19:46.211,69123.0,1e-05,B,0.69123,639698855787831
1774160386702,2026-03-22 06:19:46.702,69122.0,0.00083,A,57.37126,215287216323237
1774160387548,2026-03-22 06:19:47.548,69122.0,0.00716,A,494.91352,930673434660358
1774160387599,2026-03-22 06:19:47.599,69122.0,0.00716,A,494.91352,1092801273784070
1774160387706,2026-03-22 06:19:47.706,69122.0,0.00286,A,197.68892,1041683630405202
1774160388138,2026-03-22 06:19:48.138,69122.0,0.07234,A,5000.2854800000005,923012925219650
1774160388138,2026-03-22 06:19:48.138,69121.0,0.00015,A,10.36815,713419264649290
1774160388138,2026-03-22 06:19:48.138,69120.0,0.0002,A,13.824,457186733448745
1774160388349,2026-03-22 06:19:48.349,69119.0,0.00049,A,33.86831,946233487669805
1774160388349,2026-03-22 06:19:48.349,69119.0,0.00015,A,10.367849999999999,752406823541372
1774160388549,2026-03-22 06:19:48.549,69116.0,0.01785,B,1233.7206,931967857955521
1774160388549,2026-03-22 06:19:48.549,69116.0,0.21455,B,14828.8378,415307408027482
1774160391136,2026-03-22 06:19:51.136,69113.0,0.00017,B,11.749210000000001,191289684021462
1774160391590,2026-03-22 06:19:51.590,69112.0,0.01505,A,1040.1355999999998,484476824314158
1774160391789,2026-03-22 06:19:51.789,69112.0,0.01027,A,709.7802399999999,1006042676522605
1774160391874,2026-03-22 06:19:51.874,69113.0,0.0045,B,311.00849999999997,277430309142004
1774160392779,2026-03-22 06:19:52.779,69113.0,0.0073,B,504.5249,1058381675392361
1774160394677,2026-03-22 06:19:54.677,69113.0,0.00094,B,64.96621999999999,289515899375346
1774160395004,2026-03-22 06:19:55.004,69112.0,0.00093,A,64.27416000000001,853876419570910
1774160397083,2026-03-22 06:19:57.083,69112.0,0.00017,A,11.74904,773524538314764
1774160398608,2026-03-22 06:19:58.608,69113.0,0.00017,B,11.749210000000001,403835669065209
1774160398608,2026-03-22 06:19:58.608,69114.0,0.00017,B,11.74938,614130604814490
1774160398608,2026-03-22 06:19:58.608,69115.0,0.00017,B,11.749550000000001,350305352496918
1774160398608,2026-03-22 06:19:58.608,69116.0,0.00017,B,11.749720000000002,624243982988345
1774160398608,2026-03-22 06:19:58.608,69117.0,0.00017,B,11.74989,912805720417875
1774160399025,2026-03-22 06:19:59.025,69118.0,0.00016,B,11.05888,905950703800798
1774160401043,2026-03-22 06:20:01.043,69117.0,0.0006,A,41.4702,631346067790038
1774160401043,2026-03-22 06:20:01.043,69117.0,0.00178,A,123.02825999999999,294162781531783
1774160401754,2026-03-22 06:20:01.754,69118.0,0.00017,B,11.750060000000001,572679255335934
1774160401754,2026-03-22 06:20:01.754,69119.0,0.00017,B,11.75023,98649685347241
1774160401754,2026-03-22 06:20:01.754,69120.0,0.00017,B,11.7504,747633028624137
1774160401754,2026-03-22 06:20:01.754,69121.0,0.003,B,207.363,742681607998728
1774160401754,2026-03-22 06:20:01.754,69121.0,0.00017,B,11.750570000000002,296809442929376
1774160401754,2026-03-22 06:20:01.754,69122.0,0.00017,B,11.75074,850904794132407
1774160401754,2026-03-22 06:20:01.754,69122.0,0.05665,B,3915.7613,778037789360907
1774160401960,2026-03-22 06:20:01.960,69122.0,0.00021,B,14.51562,1297238516250
1774160402162,2026-03-22 06:20:02.162,69122.0,0.00387,B,267.50214,971768698700474
1774160402242,2026-03-22 06:20:02.242,69122.0,0.00029,B,20.04538,820255199484238
1774160402851,2026-03-22 06:20:02.851,69122.0,0.00026,B,17.971719999999998,115316527057706
1774160404053,2026-03-22 06:20:04.053,69121.0,0.00017,A,11.750570000000002,430806202419861
1774160404053,2026-03-22 06:20:04.053,69121.0,0.00142,A,98.15182,288900684036037
1774160406683,2026-03-22 06:20:06.683,69121.0,0.11223,A,7757.44983,81422098560856
1774160406683,2026-03-22 06:20:06.683,69121.0,0.10974,A,7585.338540000001,151291682490010
1774160406683,2026-03-22 06:20:06.683,69121.0,0.1327,A,9172.3567,127458219247927
1774160406683,2026-03-22 06:20:06.683,69122.0,0.25071,B,17329.57662,237801438281116
1774160407610,2026-03-22 06:20:07.610,69123.0,0.00369,B,255.06387,838054597804600
1774160408082,2026-03-22 06:20:08.082,69123.0,0.00016,B,11.05968,941789860405153
1774160408082,2026-03-22 06:20:08.082,69123.0,0.0207,B,1430.8461,665840052564127
1774160408871,2026-03-22 06:20:08.871,69123.0,0.00091,B,62.90193,5844152942122
1774160409776,2026-03-22 06:20:09.776,69122.0,0.00028,A,19.354159999999997,493973075790916
1774160410273,2026-03-22 06:20:10.273,69123.0,0.00482,B,333.17285999999996,329835938892310
1774160411675,2026-03-22 06:20:11.675,69122.0,0.0009,A,62.2098,701087187624896
1774160413601,2026-03-22 06:20:13.601,69123.0,0.00017,B,11.750910000000001,884945628834606
1774160413601,2026-03-22 06:20:13.601,69124.0,0.00017,B,11.75108,1072740523374353
1774160413601,2026-03-22 06:20:13.601,69124.0,0.0002,B,13.824800000000002,154111089084465
1774160413601,2026-03-22 06:20:13.601,69125.0,0.00016,B,11.06,372178698791703
1774160413601,2026-03-22 06:20:13.601,69125.0,0.00017,B,11.75125,660735149233045
1774160413601,2026-03-22 06:20:13.601,69126.0,0.00043,B,29.72418,717768266839341
1774160413601,2026-03-22 06:20:13.601,69126.0,0.00017,B,11.751420000000001,339102375683983
1774160413601,2026-03-22 06:20:13.601,69127.0,0.00017,B,11.75159,129232497036636
1774160413601,2026-03-22 06:20:13.601,69127.0,0.0002,B,13.8254,287863892571801
1774160413601,2026-03-22 06:20:13.601,69127.0,0.00017,B,11.75159,755953172327906
1774160413601,2026-03-22 06:20:13.601,69128.0,0.00017,B,11.75176,781593249019563
1774160413601,2026-03-22 06:20:13.601,69128.0,0.00017,B,11.75176,646990490834916
1774160413601,2026-03-22 06:20:13.601,69129.0,0.00016,B,11.060640000000001,29308466957027
1774160413601,2026-03-22 06:20:13.601,69129.0,0.00017,B,11.751930000000002,771857951070311
1774160413601,2026-03-22 06:20:13.601,69129.0,0.00017,B,11.751930000000002,645277400470435
1774160413601,2026-03-22 06:20:13.601,69129.0,0.00015,B,10.369349999999999,913319933455018
1774160413601,2026-03-22 06:20:13.601,69130.0,0.08424,B,5823.5112,945709537987289
1774160414003,2026-03-22 06:20:14.003,69129.0,0.00416,A,287.57664,925780408928474
1774160414923,2026-03-22 06:20:14.923,69130.0,0.00025,B,17.2825,435502336827772
1774160414923,2026-03-22 06:20:14.923,69130.0,0.00073,B,50.4649,596541840870654
1774160415117,2026-03-22 06:20:15.117,69130.0,0.00057,B,39.4041,755079736159486
1774160415117,2026-03-22 06:20:15.117,69130.0,0.02893,B,1999.9309,805148306241944
1774160416607,2026-03-22 06:20:16.607,69130.0,0.00025,B,17.2825,365108802635558
1774160416930,2026-03-22 06:20:16.930,69130.0,0.002,B,138.26,694933005235196
1774160416930,2026-03-22 06:20:16.930,69130.0,0.004,B,276.52,276547428762519
1774160416930,2026-03-22 06:20:16.930,69130.0,0.079,B,5461.27,491967233743162
1774160419822,2026-03-22 06:20:19.822,69130.0,0.00202,B,139.64260000000002,930208360930627
1774160419822,2026-03-22 06:20:19.822,69130.0,0.00017,B,11.7521,190405166036064
1774160419822,2026-03-22 06:20:19.822,69130.0,0.00017,B,11.7521,230367317634928
1774160419822,2026-03-22 06:20:19.822,69131.0,0.00017,B,11.752270000000001,524549974389349
1774160419822,2026-03-22 06:20:19.822,69131.0,0.00017,B,11.752270000000001,631218486706174
1774160419822,2026-03-22 06:20:19.822,69132.0,0.00017,B,11.75244,293503338660221
1774160419822,2026-03-22 06:20:19.822,69132.0,0.00017,B,11.75244,286868647583498
1774160419822,2026-03-22 06:20:19.822,69132.0,0.003,B,207.39600000000002,586850899093310
1774160419822,2026-03-22 06:20:19.822,69133.0,0.00017,B,11.75261,125355615479525
1774160419822,2026-03-22 06:20:19.822,69133.0,0.00017,B,11.75261,860783925508611
1774160419822,2026-03-22 06:20:19.822,69134.0,0.00017,B,11.752780000000001,563771087898420
1774160419822,2026-03-22 06:20:19.822,69134.0,0.00017,B,11.752780000000001,1007810451809215
1774160420315,2026-03-22 06:20:20.315,69134.0,2e-05,A,1.3826800000000001,1022005007230844
1774160420315,2026-03-22 06:20:20.315,69134.0,0.00167,A,115.45378000000001,446335923895381
1774160421545,2026-03-22 06:20:21.545,69135.0,0.01188,B,821.3238,532183611357503
1774160421545,2026-03-22 06:20:21.545,69135.0,0.00017,B,11.75295,57998416881845
1774160421545,2026-03-22 06:20:21.545,69135.0,0.02969,B,2052.6181500000002,466855020055915
1774160422289,2026-03-22 06:20:22.289,69135.0,0.00087,B,60.14745,90622023358393
1774160422496,2026-03-22 06:20:22.496,69135.0,0.00084,B,58.0734,990623330115946
1774160422755,2026-03-22 06:20:22.755,69135.0,0.00045,B,31.11075,662617343560126
1774160424561,2026-03-22 06:20:24.561,69135.0,0.00084,B,58.0734,132130987863762
1774160424887,2026-03-22 06:20:24.887,69135.0,0.00089,B,61.53015,40550226781374
1774160425162,2026-03-22 06:20:25.162,69135.0,0.00145,B,100.24574999999999,555737036397259
1774160426142,2026-03-22 06:20:26.142,69134.0,0.00017,A,11.752780000000001,576016721319416
1774160426948,2026-03-22 06:20:26.948,69135.0,0.01,B,691.35,883058437095453
1774160427747,2026-03-22 06:20:27.747,69135.0,0.00084,B,58.0734,887788702884651
1774160429017,2026-03-22 06:20:29.017,69135.0,0.00016,B,11.0616,811761935240886
1774160430565,2026-03-22 06:20:30.565,69135.0,0.00017,B,11.75295,201984088000646
1774160430565,2026-03-22 06:20:30.565,69135.0,0.00217,B,150.02295,748244111567015
1774160430565,2026-03-22 06:20:30.565,69135.0,0.08436,B,5832.2286,610986484668177
1774160430565,2026-03-22 06:20:30.565,69134.0,0.00016,A,11.061440000000001,1121034239564730
1774160431029,2026-03-22 06:20:31.029,69134.0,0.00238,A,164.53892000000002,562119603992451
1774160431573,2026-03-22 06:20:31.573,69135.0,0.00025,B,17.28375,546710588240708
1774160433403,2026-03-22 06:20:33.403,69134.0,0.00088,A,60.837920000000004,529987393984910
1774160434017,2026-03-22 06:20:34.017,69134.0,0.00017,A,11.752780000000001,341848530936918
1774160435058,2026-03-22 06:20:35.058,69134.0,0.00142,A,98.17028,965768959660458
1774160438780,2026-03-22 06:20:38.780,69135.0,0.01395,B,964.43325,843284965444033
1774160440217,2026-03-22 06:20:40.217,69135.0,0.00145,B,100.24574999999999,531605972747509
1774160441779,2026-03-22 06:20:41.779,69135.0,0.00087,B,60.14745,1005035132448262
1774160442323,2026-03-22 06:20:42.323,69135.0,0.00017,B,11.75295,176303865110618
1774160442323,2026-03-22 06:20:42.323,69136.0,0.00016,B,11.061760000000001,894343487599422
1774160442323,2026-03-22 06:20:42.323,69136.0,0.00017,B,11.753120000000001,9247056970921
1774160442323,2026-03-22 06:20:42.323,69136.0,0.00015,B,10.370399999999998,384550236765519
1774160442323,2026-03-22 06:20:42.323,69137.0,0.00017,B,11.753290000000002,230897350972540
1774160442323,2026-03-22 06:20:42.323,69138.0,0.00028,B,19.358639999999998,59943293645081
1774160442323,2026-03-22 06:20:42.323,69138.0,0.00015,B,10.3707,958050646412254
1774160442323,2026-03-22 06:20:42.323,69138.0,0.00017,B,11.75346,451839720007221
1774160442323,2026-03-22 06:20:42.323,69139.0,0.00043,B,29.72977,698919712444262
1774160442323,2026-03-22 06:20:42.323,69139.0,0.00017,B,11.753630000000001,288144327488843
1774160442323,2026-03-22 06:20:42.323,69140.0,0.00016,B,11.0624,291460427666297
1774160442323,2026-03-22 06:20:42.323,69140.0,0.00017,B,11.7538,819133144554191
1774160442323,2026-03-22 06:20:42.323,69140.0,0.003,B,207.42000000000002,1057421752850925
1774160442323,2026-03-22 06:20:42.323,69140.0,0.00017,B,11.7538,592330995356403
1774160442323,2026-03-22 06:20:42.323,69141.0,0.00072,B,49.78152,992066472044772
1774160442323,2026-03-22 06:20:42.323,69141.0,0.00017,B,11.75397,927395723400235
1774160442323,2026-03-22 06:20:42.323,69141.0,0.03659,B,2529.86919,857744583524233
1774160442323,2026-03-22 06:20:42.323,69141.0,0.0867,B,5994.5247,654301817290163
1774160442505,2026-03-22 06:20:42.505,69142.0,0.00017,B,11.754140000000001,488297764118351
1774160442505,2026-03-22 06:20:42.505,69143.0,0.00017,B,11.75431,858778147941702
1774160442841,2026-03-22 06:20:42.841,69143.0,0.00277,A,191.52611,853065826262973
1774160443431,2026-03-22 06:20:43.431,69144.0,0.00025,B,17.286,273598662723356
1774160444030,2026-03-22 06:20:44.030,69143.0,0.00416,A,287.63487999999995,870620872603203
1774160444241,2026-03-22 06:20:44.241,69143.0,0.07234,A,5001.80462,579977947777565
1774160445043,2026-03-22 06:20:45.043,69144.0,0.00056,B,38.720639999999996,625003886066157
1774160445043,2026-03-22 06:20:45.043,69144.0,0.00028,B,19.360319999999998,833314286960794
1774160445673,2026-03-22 06:20:45.673,69143.0,0.00086,A,59.46298,949733145149087
1774160446328,2026-03-22 06:20:46.328,69144.0,0.00015,B,10.371599999999999,895505874148588
1774160447324,2026-03-22 06:20:47.324,69144.0,0.04359,B,3013.9869599999997,509650779494059
1774160447422,2026-03-22 06:20:47.422,69144.0,0.01334,B,922.38096,94396622414223
1774160447422,2026-03-22 06:20:47.422,69144.0,0.3382,B,23384.5008,678021137667997
1774160447422,2026-03-22 06:20:47.422,69144.0,0.00017,B,11.754480000000001,728418653399225
1774160447422,2026-03-22 06:20:47.422,69144.0,0.00342,B,236.47248,873533790939632
1774160447422,2026-03-22 06:20:47.422,69144.0,0.20658,B,14283.767520000001,374195147792511
1774160448251,2026-03-22 06:20:48.251,69144.0,0.01577,B,1090.40088,767739478929303
1774160449311,2026-03-22 06:20:49.311,69144.0,0.06248,B,4320.11712,992563629571242
1774160449373,2026-03-22 06:20:49.373,69143.0,0.00015,A,10.37145,704189345067869
1774160450712,2026-03-22 06:20:50.712,69144.0,0.04951,B,3423.3194399999998,778671822682485
1774160450712,2026-03-22 06:20:50.712,69144.0,0.06963,B,4814.49672,668949851573170
1774160450712,2026-03-22 06:20:50.712,69144.0,0.11451,B,7917.67944,983140726558164
1774160450712,2026-03-22 06:20:50.712,69144.0,0.00017,B,11.754480000000001,716838477566526
1774160450712,2026-03-22 06:20:50.712,69144.0,0.17686,B,12228.80784,365868280032812
1774160450712,2026-03-22 06:20:50.712,69144.0,0.37264,B,25765.820160000003,461331667566274
1774160450712,2026-03-22 06:20:50.712,69144.0,0.07183,B,4966.613520000001,1067892141003483
1774160450712,2026-03-22 06:20:50.712,69144.0,0.12331,B,8526.14664,1000916014831551
1774160450712,2026-03-22 06:20:50.712,69144.0,0.02154,B,1489.36176,1040836081624812
1774160451581,2026-03-22 06:20:51.581,69143.0,0.12198,A,8434.06314,363745374580463
1774160451581,2026-03-22 06:20:51.581,69143.0,0.07349,A,5081.31907,470276232465918
1774160451581,2026-03-22 06:20:51.581,69143.0,0.09482,A,6556.13926,151907127739085
1774160451581,2026-03-22 06:20:51.581,69143.0,0.05556,A,3841.58508,548149590780838
1774160451581,2026-03-22 06:20:51.581,69143.0,0.09164,A,6336.26452,696479681216752
1774160451581,2026-03-22 06:20:51.581,69143.0,0.06929,A,4790.9184700000005,495126783628547
1774160451581,2026-03-22 06:20:51.581,69143.0,0.12362,A,8547.45766,388304593038211
1774160451581,2026-03-22 06:20:51.581,69143.0,0.77967,A,53908.72281,348802114416078
1774160452921,2026-03-22 06:20:52.921,69144.0,0.0006,B,41.486399999999996,1044526192094253
1774160453078,2026-03-22 06:20:53.078,69144.0,0.19316,B,13355.85504,226100038702657
1774160453078,2026-03-22 06:20:53.078,69144.0,0.15433,B,10670.99352,967368181280996
1774160453078,2026-03-22 06:20:53.078,69144.0,0.00437,B,302.15927999999997,664429875353551
1774160453078,2026-03-22 06:20:53.078,69144.0,0.00017,B,11.754480000000001,124972150838549
1774160453078,2026-03-22 06:20:53.078,69145.0,0.003,B,207.435,90910928503980
1774160453078,2026-03-22 06:20:53.078,69145.0,0.0437,B,3021.6365,483952109641759
1774160453971,2026-03-22 06:20:53.971,69145.0,0.03293,B,2276.94485,119217722465893
1774160455580,2026-03-22 06:20:55.580,69145.0,0.00017,B,11.754650000000002,561470707559994
1774160455580,2026-03-22 06:20:55.580,69146.0,0.00018,B,12.446280000000002,311726058562537
1774160455580,2026-03-22 06:20:55.580,69146.0,0.00017,B,11.75482,22987762410218
1774160455782,2026-03-22 06:20:55.782,69146.0,0.00025,A,17.2865,467009717545657
1774160455782,2026-03-22 06:20:55.782,69146.0,0.00068,A,47.01928,34487921835666
1774160455782,2026-03-22 06:20:55.782,69146.0,0.43242,A,29900.11332,302372704241148
1774160455974,2026-03-22 06:20:55.974,69147.0,0.00086,B,59.46642,676288338533514
1774160456684,2026-03-22 06:20:56.684,69147.0,0.00214,B,147.97458,827941941185945
1774160456684,2026-03-22 06:20:56.684,69147.0,0.06046,B,4180.62762,192381444391386
1774160456990,2026-03-22 06:20:56.990,69146.0,0.00015,A,10.371899999999998,387714333176385
1774160457045,2026-03-22 06:20:57.045,69146.0,0.00017,A,11.75482,752971728437119
1774160457392,2026-03-22 06:20:57.392,69146.0,0.00028,A,19.360879999999998,1003333643260947
1774160457481,2026-03-22 06:20:57.481,69147.0,0.00017,B,11.754990000000001,568273887168405
1774160457481,2026-03-22 06:20:57.481,69148.0,0.00017,B,11.75516,296951542141852
1774160457481,2026-03-22 06:20:57.481,69149.0,0.00017,B,11.75533,19898877938093
1774160457481,2026-03-22 06:20:57.481,69150.0,0.00017,B,11.755500000000001,500687553310094
1774160457481,2026-03-22 06:20:57.481,69151.0,0.00016,B,11.064160000000001,551029939411083
1774160457481,2026-03-22 06:20:57.481,69151.0,0.00017,B,11.75567,605989722616458
1774160457585,2026-03-22 06:20:57.585,69152.0,0.00824,B,569.81248,687177545863484
1774160457794,2026-03-22 06:20:57.794,69152.0,0.00932,B,644.49664,314573325051050
1774160457794,2026-03-22 06:20:57.794,69152.0,0.00017,B,11.755840000000001,697586137731414
1774160457794,2026-03-22 06:20:57.794,69152.0,0.00341,B,235.80831999999998,692574268438009
1774160458359,2026-03-22 06:20:58.359,69151.0,0.01786,A,1235.0368600000002,308469652685944
1774160458359,2026-03-22 06:20:58.359,69151.0,0.27138,A,18766.19838,7015837652616
1774160458359,2026-03-22 06:20:58.359,69152.0,0.00951,B,657.6355199999999,763827381361257
1774160458800,2026-03-22 06:20:58.800,69151.0,0.00085,A,58.778349999999996,365164103934694
1774160459856,2026-03-22 06:20:59.856,69152.0,0.00733,B,506.88415999999995,902011559067121
1774160461071,2026-03-22 06:21:01.071,69151.0,0.00238,A,164.57938000000001,1082848239817464
1774160461981,2026-03-22 06:21:01.981,69152.0,0.0867,B,5995.4784,386922288481385
1774160462981,2026-03-22 06:21:02.981,69152.0,0.08093,B,5596.4713600000005,558127221640836
1774160462981,2026-03-22 06:21:02.981,69152.0,0.00029,B,20.05408,323452353271089
1774160463883,2026-03-22 06:21:03.883,69151.0,0.00173,A,119.63123,626980560814982
1774160464067,2026-03-22 06:21:04.067,69151.0,0.00017,A,11.75567,833701184200525
1774160464067,2026-03-22 06:21:04.067,69151.0,0.00142,A,98.19442000000001,360898329926972
1774160464716,2026-03-22 06:21:04.716,69152.0,0.00016,B,11.06432,1072637542262527
1774160465187,2026-03-22 06:21:05.187,69152.0,0.02311,B,1598.1027199999999,756000575177976
1774160465187,2026-03-22 06:21:05.187,69152.0,0.00739,B,511.03328,441008428719910
1774160466419,2026-03-22 06:21:06.419,69152.0,0.01,B,691.52,572884215971023
1774160468054,2026-03-22 06:21:08.054,69152.0,0.00016,B,11.06432,608982596954000
1774160469336,2026-03-22 06:21:09.336,69151.0,0.00584,A,403.84184,471336265451961
1774160469665,2026-03-22 06:21:09.665,69152.0,0.00084,B,58.08768,199497483077661
1774160469665,2026-03-22 06:21:09.665,69152.0,0.00015,B,10.3728,608014647393146
1774160471752,2026-03-22 06:21:11.752,69151.0,0.00083,A,57.39533,800600276047521
1774160473142,2026-03-22 06:21:13.142,69152.0,0.0867,B,5995.4784,171665515295920
1774160473238,2026-03-22 06:21:13.238,69151.0,0.0011,A,76.0661,353879227102659
1774160474041,2026-03-22 06:21:14.041,69151.0,0.00416,A,287.66816,1029580429685464
1774160474242,2026-03-22 06:21:14.242,69152.0,0.00028,B,19.36256,806957390702006
1774160475039,2026-03-22 06:21:15.039,69152.0,0.00057,B,39.41664,105948528879230
1774160475097,2026-03-22 06:21:15.097,69152.0,0.00015,B,10.3728,384531933135135
1774160476178,2026-03-22 06:21:16.178,69151.0,0.00029,A,20.05379,13485463065474
1774160478680,2026-03-22 06:21:18.680,69151.0,0.0002,A,13.830200000000001,104629785155174
1774160482006,2026-03-22 06:21:22.006,69152.0,0.043,B,2973.5359999999996,35413046943635
1774160483095,2026-03-22 06:21:23.095,69152.0,0.00082,B,56.70464,29555314011108
1774160483225,2026-03-22 06:21:23.225,69152.0,0.02045,B,1414.1584,318898124264920
1774160483225,2026-03-22 06:21:23.225,69152.0,0.00017,B,11.755840000000001,319948034165383
1774160483225,2026-03-22 06:21:23.225,69152.0,0.22129,B,15302.646079999999,1003937060929509
1774160483225,2026-03-22 06:21:23.225,69153.0,0.00017,B,11.756010000000002,1001309561768602
1774160483225,2026-03-22 06:21:23.225,69153.0,0.0009,B,62.2377,36361036376124
1774160483225,2026-03-22 06:21:23.225,69154.0,0.00017,B,11.75618,19141797656494
1774160483225,2026-03-22 06:21:23.225,69154.0,0.003,B,207.46200000000002,275752494724979
1774160483225,2026-03-22 06:21:23.225,69155.0,0.00016,B,11.064800000000002,707650324115675
1774160483225,2026-03-22 06:21:23.225,69155.0,0.00017,B,11.756350000000001,282565359520899
1774160483225,2026-03-22 06:21:23.225,69156.0,0.00017,B,11.75652,473592162002880
1774160483225,2026-03-22 06:21:23.225,69156.0,0.00018,B,12.448080000000001,137384005807174
1774160483225,2026-03-22 06:21:23.225,69156.0,0.01011,B,699.16716,1099157096122681
1774160483225,2026-03-22 06:21:23.225,69156.0,0.0734,B,5076.0504,1042882784006984
1774160483225,2026-03-22 06:21:23.225,69157.0,0.00017,B,11.75669,1084124663386117
1774160483225,2026-03-22 06:21:23.225,69157.0,0.00072,B,49.793040000000005,908400832350902
1774160483225,2026-03-22 06:21:23.225,69157.0,0.04047,B,2798.78379,490759646368848
1774160483225,2026-03-22 06:21:23.225,69157.0,0.13449,B,9300.92493,49691840476639
1774160484954,2026-03-22 06:21:24.954,69156.0,0.00081,A,56.01636,655846930766522
1774160485511,2026-03-22 06:21:25.511,69157.0,0.01,B,691.57,508764796579949
1774160487872,2026-03-22 06:21:27.872,69156.0,0.01,A,691.5600000000001,232056649138031
1774160489077,2026-03-22 06:21:29.077,69157.0,0.00016,B,11.06512,1031010736439605
1774160490674,2026-03-22 06:21:30.674,69157.0,0.0867,B,5995.9119,755086570632817
1774160491073,2026-03-22 06:21:31.073,69156.0,0.00238,A,164.59128,857461944219310
1774160491478,2026-03-22 06:21:31.478,69157.0,0.003,B,207.471,1023499186906417
1774160492125,2026-03-22 06:21:32.125,69157.0,0.00015,B,10.37355,1051097517569631
1774160492125,2026-03-22 06:21:32.125,69157.0,0.00025,B,17.28925,1072948719361699
1774160492362,2026-03-22 06:21:32.362,69156.0,0.1,A,6915.6,423089214516338
1774160492362,2026-03-22 06:21:32.362,69156.0,0.26666,A,18441.13896,417291199783420
1774160492362,2026-03-22 06:21:32.362,69156.0,0.23334,A,16136.86104,660194666220951
1774160492362,2026-03-22 06:21:32.362,69154.0,0.00015,A,10.373099999999999,35099712373806
1774160492362,2026-03-22 06:21:32.362,69154.0,0.0003,A,20.746199999999998,911068368213167
1774160492638,2026-03-22 06:21:32.638,69152.0,0.00016,A,11.06432,401778743740195
1774160492638,2026-03-22 06:21:32.638,69152.0,0.00017,A,11.755840000000001,61373762526010
1774160492705,2026-03-22 06:21:32.705,69151.0,0.003,A,207.453,719584345355784
1774160492705,2026-03-22 06:21:32.705,69150.0,0.00017,A,11.755500000000001,121770510681821
1774160492705,2026-03-22 06:21:32.705,69149.0,0.00017,A,11.75533,910021974252962
1774160493166,2026-03-22 06:21:33.166,69148.0,0.00016,A,11.063680000000002,680726172647533
1774160493166,2026-03-22 06:21:33.166,69148.0,0.00017,A,11.75516,916777409932087
1774160493255,2026-03-22 06:21:33.255,69147.0,0.00017,A,11.754990000000001,400210454560681
1774160493255,2026-03-22 06:21:33.255,69146.0,0.00072,A,49.785120000000006,109354327168142
1774160493459,2026-03-22 06:21:33.459,69146.0,0.00228,A,157.65287999999998,366468589941790
1774160493459,2026-03-22 06:21:33.459,69146.0,0.00017,A,11.75482,324507334219478
1774160493459,2026-03-22 06:21:33.459,69145.0,0.00016,A,11.0632,849869759059588
1774160493459,2026-03-22 06:21:33.459,69145.0,0.00017,A,11.754650000000002,286874481387758
1774160494069,2026-03-22 06:21:34.069,69144.0,0.00017,A,11.754480000000001,653341912505862
1774160494069,2026-03-22 06:21:34.069,69143.0,0.00017,A,11.75431,430292203260380
1774160494069,2026-03-22 06:21:34.069,69142.0,0.00125,A,86.4275,197557164246645
1774160494069,2026-03-22 06:21:34.069,69143.0,0.00015,B,10.37145,491715695727336
1774160494690,2026-03-22 06:21:34.690,69143.0,0.00042,B,29.04006,1039628277319935
1774160494690,2026-03-22 06:21:34.690,69143.0,0.001,B,69.143,772499895352509
1774160495883,2026-03-22 06:21:35.883,69143.0,0.25485,B,17621.09355,1006762863435387
1774160495987,2026-03-22 06:21:35.987,69143.0,0.00289,B,199.82327,286347100926836
1774160497200,2026-03-22 06:21:37.200,69142.0,0.02639,A,1824.65738,1007739583839792
1774160497702,2026-03-22 06:21:37.702,69143.0,0.0207,B,1431.2601,836099364815850
1774160497909,2026-03-22 06:21:37.909,69143.0,0.0008,B,55.3144,97607098133409
1774160498100,2026-03-22 06:21:38.100,69143.0,0.00016,B,11.062880000000002,827409924147480
1774160498196,2026-03-22 06:21:38.196,69142.0,0.00079,A,54.62218,825986036782149
1774160500821,2026-03-22 06:21:40.821,69142.0,7e-05,A,4.8399399999999995,262872254137423
1774160501314,2026-03-22 06:21:41.314,69142.0,0.00042,A,29.039640000000002,518886487350390
1774160501314,2026-03-22 06:21:41.314,69142.0,0.00017,A,11.754140000000001,272774424773548
1774160501314,2026-03-22 06:21:41.314,69142.0,0.1,A,6914.200000000001,205964486192320
1774160501314,2026-03-22 06:21:41.314,69142.0,0.1207,A,8345.4394,409792963168088
1774160501909,2026-03-22 06:21:41.909,69143.0,0.00016,B,11.062880000000002,286733873046419
1774160504026,2026-03-22 06:21:44.026,69142.0,0.00415,A,286.9393,662057639664515
1774160504430,2026-03-22 06:21:44.430,69142.0,0.00024,A,16.59408,122911991698682
1774160505028,2026-03-22 06:21:45.028,69143.0,0.00057,B,39.41151,104992686124078
1774160511789,2026-03-22 06:21:51.789,69143.0,0.00015,B,10.37145,808961207576567
1774160512527,2026-03-22 06:21:52.527,69143.0,0.00078,B,53.93154,301809606629257
1774160513532,2026-03-22 06:21:53.532,69143.0,7e-05,B,4.8400099999999995,637032338413698
1774160513684,2026-03-22 06:21:53.684,69143.0,0.0001,B,6.9143,807580269869007
1774160513684,2026-03-22 06:21:53.684,69144.0,0.00017,B,11.754480000000001,792274850922488
1774160513684,2026-03-22 06:21:53.684,69145.0,0.00017,B,11.754650000000002,711987290851536
1774160513879,2026-03-22 06:21:53.879,69146.0,0.00017,B,11.75482,701345269018969
1774160513879,2026-03-22 06:21:53.879,69147.0,0.00017,B,11.754990000000001,746200708801183
1774160513879,2026-03-22 06:21:53.879,69148.0,0.066,B,4563.768,563963742018743
1774160513879,2026-03-22 06:21:53.879,69148.0,0.003,B,207.44400000000002,767751573083877
1774160513879,2026-03-22 06:21:53.879,69148.0,0.00017,B,11.75516,231785648166706
1774160513879,2026-03-22 06:21:53.879,69149.0,0.066,B,4563.834,333039477080963
1774160513879,2026-03-22 06:21:53.879,69149.0,0.00017,B,11.75533,356868860523352
1774160513879,2026-03-22 06:21:53.879,69149.0,0.07316,B,5058.94084,240991233959103
1774160513879,2026-03-22 06:21:53.879,69150.0,0.00288,B,199.15200000000002,433718145236415
1774160513879,2026-03-22 06:21:53.879,69150.0,0.00017,B,11.755500000000001,549105042164293
1774160513879,2026-03-22 06:21:53.879,69150.0,0.001,B,69.15,582344808961978
1774160513879,2026-03-22 06:21:53.879,69151.0,0.00016,B,11.064160000000001,903684803195316
1774160513879,2026-03-22 06:21:53.879,69151.0,0.00017,B,11.75567,457244217255870
1774160513879,2026-03-22 06:21:53.879,69151.0,0.07813,B,5402.76763,823029313560361
1774160514197,2026-03-22 06:21:54.197,69151.0,0.03116,B,2154.74516,83160226164789
1774160517017,2026-03-22 06:21:57.017,69150.0,0.00017,A,11.755500000000001,872058259513055
1774160518033,2026-03-22 06:21:58.033,69150.0,0.00685,A,473.6775,381233697217277
1774160519024,2026-03-22 06:21:59.024,69151.0,0.00016,B,11.064160000000001,502088243193882
1774160521029,2026-03-22 06:22:01.029,69150.0,0.00237,A,163.8855,1066803151858249
1774160521638,2026-03-22 06:22:01.638,69151.0,0.0027,B,186.70770000000002,505202420013329
1774160522345,2026-03-22 06:22:02.345,69151.0,0.97263,B,67258.33713,432708838454632
1774160522345,2026-03-22 06:22:02.345,69151.0,0.02737,B,1892.6628699999999,758923062211265
1774160522992,2026-03-22 06:22:02.992,69150.0,0.00078,A,53.937,966551081361922
1774160524045,2026-03-22 06:22:04.045,69150.0,0.00141,A,97.50150000000001,982180465207651
1774160526795,2026-03-22 06:22:06.795,69151.0,0.01735,B,1199.7698500000001,1049739395971918
1774160527488,2026-03-22 06:22:07.488,69151.0,0.00077,B,53.246269999999996,1092275997654969
1774160528022,2026-03-22 06:22:08.022,69151.0,0.00016,B,11.064160000000001,105518659323784
1774160529705,2026-03-22 06:22:09.705,69151.0,0.00016,B,11.064160000000001,1040124591253346
1774160530095,2026-03-22 06:22:10.095,69151.0,0.0147,B,1016.5197,1082697654217141
1774160530497,2026-03-22 06:22:10.497,69151.0,0.00044,B,30.42644,714237049175539
1774160531212,2026-03-22 06:22:11.212,69150.0,0.00021,A,14.521500000000001,490726237535278
1774160534036,2026-03-22 06:22:14.036,69150.0,0.00416,A,287.664,676561794528022
1774160535027,2026-03-22 06:22:15.027,69151.0,0.00056,B,38.72456,1115064755645595
1774160535380,2026-03-22 06:22:15.380,69150.0,0.04338,A,2999.7270000000003,79465344053310
1774160535380,2026-03-22 06:22:15.380,69150.0,0.00017,A,11.755500000000001,158444045068668
1774160535380,2026-03-22 06:22:15.380,69149.0,0.00015,A,10.372349999999999,975365195530964
1774160535380,2026-03-22 06:22:15.380,69149.0,0.00017,A,11.75533,708023180212170
1774160535380,2026-03-22 06:22:15.380,69148.0,0.00015,A,10.3722,331963114151485
1774160535380,2026-03-22 06:22:15.380,69148.0,0.00017,A,11.75516,844696963618078
1774160535380,2026-03-22 06:22:15.380,69147.0,0.00015,A,10.37205,304811331723159
1774160535380,2026-03-22 06:22:15.380,69147.0,0.00017,A,11.754990000000001,114934184907800
1774160535380,2026-03-22 06:22:15.380,69146.0,0.00017,A,11.75482,626194577103252
1774160535380,2026-03-22 06:22:15.380,69145.0,0.003,A,207.435,330019857605859
1774160535380,2026-03-22 06:22:15.380,69145.0,0.00016,A,11.0632,812210174249790
1774160535380,2026-03-22 06:22:15.380,69145.0,0.00017,A,11.754650000000002,329578946953293
1774160535380,2026-03-22 06:22:15.380,69144.0,0.00017,A,11.754480000000001,890840543536494
1774160535380,2026-03-22 06:22:15.380,69144.0,0.00134,A,92.65296000000001,205558362065343
1774160535380,2026-03-22 06:22:15.380,69143.0,0.00017,A,11.75431,34123945597731
1774160535380,2026-03-22 06:22:15.380,69142.0,0.00017,A,11.754140000000001,947774644012521
1774160535380,2026-03-22 06:22:15.380,69141.0,0.00016,A,11.062560000000001,452021652213941
1774160535380,2026-03-22 06:22:15.380,69141.0,0.00017,A,11.75397,688691924424350
1774160535380,2026-03-22 06:22:15.380,69141.0,0.00015,A,10.371149999999998,1045153289954116
1774160535380,2026-03-22 06:22:15.380,69141.0,0.6,A,41484.6,422899505419109
1774160535380,2026-03-22 06:22:15.380,69140.0,0.00108,A,74.6712,332907568474200
1774160535380,2026-03-22 06:22:15.380,69140.0,0.00017,A,11.7538,422340839104391
1774160535380,2026-03-22 06:22:15.380,69140.0,0.001,A,69.14,923321408890884
1774160535380,2026-03-22 06:22:15.380,69139.0,0.00017,A,11.753630000000001,446836406822452
1774160535380,2026-03-22 06:22:15.380,69138.0,0.00017,A,11.75346,602947140491691
1774160535380,2026-03-22 06:22:15.380,69137.0,0.00016,A,11.06192,679242898368782
1774160535380,2026-03-22 06:22:15.380,69137.0,0.00017,A,11.753290000000002,489312402981124
1774160535380,2026-03-22 06:22:15.380,69137.0,0.003,A,207.411,1347570263182
1774160535380,2026-03-22 06:22:15.380,69136.0,0.00017,A,11.753120000000001,673535726619596
1774160535380,2026-03-22 06:22:15.380,69136.0,0.00015,A,10.370399999999998,263226842677852
1774160535380,2026-03-22 06:22:15.380,69135.0,0.00017,A,11.75295,585290303847697
1774160535380,2026-03-22 06:22:15.380,69134.0,0.00016,A,11.061440000000001,596423098704908
1774160535380,2026-03-22 06:22:15.380,69134.0,0.00017,A,11.752780000000001,637115847467608
1774160535380,2026-03-22 06:22:15.380,69134.0,0.00022,A,15.209480000000001,114648501017158
1774160535380,2026-03-22 06:22:15.380,69133.0,0.00017,A,11.75261,1028628735354790
1774160535380,2026-03-22 06:22:15.380,69132.0,0.00017,A,11.75244,809278277561027
1774160535380,2026-03-22 06:22:15.380,69131.0,0.00017,A,11.752270000000001,836384798647533
1774160535380,2026-03-22 06:22:15.380,69131.0,0.0003,A,20.739299999999997,815201037901568
1774160535380,2026-03-22 06:22:15.380,69130.0,0.00016,A,11.0608,698257373951170
1774160535380,2026-03-22 06:22:15.380,69130.0,0.00017,A,11.7521,300355470284324
1774160535380,2026-03-22 06:22:15.380,69130.0,0.00015,A,10.369499999999999,352158138274308
1774160535380,2026-03-22 06:22:15.380,69129.0,0.00072,A,49.77288,477985494419817
1774160535380,2026-03-22 06:22:15.380,69129.0,0.00017,A,11.751930000000002,766118465999219
1774160535380,2026-03-22 06:22:15.380,69129.0,0.00016,A,11.060640000000001,205808718026059
1774160535380,2026-03-22 06:22:15.380,69128.0,0.00017,A,11.75176,1029121919663353
1774160535380,2026-03-22 06:22:15.380,69126.0,0.00016,A,11.060160000000002,520510865163968
1774160535380,2026-03-22 06:22:15.380,69126.0,0.17711,A,12242.905859999999,148814079868998
1774160535380,2026-03-22 06:22:15.380,69126.0,0.0003,A,20.737799999999996,151878145697178
1774160535380,2026-03-22 06:22:15.380,69123.0,0.00016,A,11.05968,846433139077883
1774160535380,2026-03-22 06:22:15.380,69119.0,0.00016,A,11.059040000000001,1074240322185099
1774160535380,2026-03-22 06:22:15.380,69119.0,0.07258,A,5016.657020000001,737774172059063
1774160535380,2026-03-22 06:22:15.380,69116.0,0.00118,A,81.55688,854845231518023
1774160535380,2026-03-22 06:22:15.380,69115.0,0.00016,A,11.0584,1078555845562006
1774160535380,2026-03-22 06:22:15.380,69115.0,0.00016,A,11.0584,1065257112846528
1774160535380,2026-03-22 06:22:15.380,69114.0,0.02288,A,1581.32832,774986453557276
1774160535380,2026-03-22 06:22:15.380,69114.0,0.01157,A,799.64898,508816397175481
1774160535380,2026-03-22 06:22:15.380,69112.0,0.00016,A,11.057920000000001,91582148591928
1774160535380,2026-03-22 06:22:15.380,69112.0,0.00043,A,29.71816,668309955954891
1774160535380,2026-03-22 06:22:15.380,69110.0,0.00027,A,18.6597,638777581522104
1774160535490,2026-03-22 06:22:15.490,69108.0,0.00016,A,11.05728,465240020052881
1774160535490,2026-03-22 06:22:15.490,69108.0,0.0023,A,158.9484,751493502528618
1774160535490,2026-03-22 06:22:15.490,69104.0,0.00016,A,11.056640000000002,1079837465186836
1774160535490,2026-03-22 06:22:15.490,69102.0,0.00425,A,293.68350000000004,253341346723119
1774160535490,2026-03-22 06:22:15.490,69101.0,0.00016,A,11.05616,556493774528499
1774160535490,2026-03-22 06:22:15.490,69099.0,0.00016,A,11.055840000000002,608395143795875
1774160535490,2026-03-22 06:22:15.490,69097.0,0.00016,A,11.055520000000001,541306823394903
1774160535490,2026-03-22 06:22:15.490,69096.0,0.00086,A,59.42256,559143776512274
1774160535490,2026-03-22 06:22:15.490,69094.0,0.01379,A,952.8062600000001,119095505335174
1774160535554,2026-03-22 06:22:15.554,69095.0,0.00075,A,51.82125,205106363285939
1774160535554,2026-03-22 06:22:15.554,69095.0,0.01884,A,1301.7498,638950087640283
1774160535554,2026-03-22 06:22:15.554,69094.0,0.00316,A,218.33704,589005670002477
1774160535554,2026-03-22 06:22:15.554,69094.0,0.022,A,1520.068,936442641340920
1774160535554,2026-03-22 06:22:15.554,69094.0,0.00378,A,261.17532,1070608508175999
1774160535554,2026-03-22 06:22:15.554,69094.0,0.01622,A,1120.7046799999998,672218413679377
1774160535554,2026-03-22 06:22:15.554,69094.0,0.01987,A,1372.89778,610952235479241
1774160535554,2026-03-22 06:22:15.554,69093.0,0.00016,A,11.05488,280794539146851
1774160535554,2026-03-22 06:22:15.554,69092.0,0.00197,A,136.11124,240781811152296
1774160535554,2026-03-22 06:22:15.554,69092.0,0.022,A,1520.024,803800529817984
1774160535554,2026-03-22 06:22:15.554,69092.0,0.01213,A,838.08596,1048972067692293
1774160535554,2026-03-22 06:22:15.554,69091.0,0.01687,A,1165.56517,253274770503547
1774160535554,2026-03-22 06:22:15.554,69091.0,0.022,A,1520.002,825413778121379
1774160535554,2026-03-22 06:22:15.554,69091.0,0.029,A,2003.6390000000001,929420502120899
1774160535554,2026-03-22 06:22:15.554,69091.0,0.00306,A,211.41845999999998,449538130144581
1774160535554,2026-03-22 06:22:15.554,69090.0,0.00016,A,11.054400000000001,391092814075833
1774160535554,2026-03-22 06:22:15.554,69090.0,0.01446,A,999.0414000000001,277552586221177
1774160535554,2026-03-22 06:22:15.554,69090.0,0.00232,A,160.2888,946690453271557
1774160535670,2026-03-22 06:22:15.670,69090.0,0.0027,A,186.543,625323689071420
1774160535762,2026-03-22 06:22:15.762,69094.0,0.029,A,2003.726,792452156965971
1774160536427,2026-03-22 06:22:16.427,69094.0,0.00044,A,30.40136,419912375419216
1774160536828,2026-03-22 06:22:16.828,69095.0,0.00072,B,49.748400000000004,161083619829320
1774160536945,2026-03-22 06:22:16.945,69095.0,0.00043,B,29.71085,326922117440424
1774160537750,2026-03-22 06:22:17.750,69094.0,0.01388,A,959.02472,535595047484064
1774160538464,2026-03-22 06:22:18.464,69095.0,3e-05,B,2.07285,54952798820278
1774160538573,2026-03-22 06:22:18.573,69095.0,0.00072,B,49.748400000000004,246588840861014
1774160539772,2026-03-22 06:22:19.772,69091.0,0.001,B,69.09100000000001,383058891799599
1774160541293,2026-03-22 06:22:21.293,69091.0,0.00074,B,51.12734,45599631136156
1774160542488,2026-03-22 06:22:22.488,69091.0,0.00578,B,399.34598000000005,76782971971033
1774160542886,2026-03-22 06:22:22.886,69091.0,0.00058,B,40.07278,140060250268578
1774160543076,2026-03-22 06:22:23.076,69091.0,0.0003,B,20.7273,775031398277747
1774160543076,2026-03-22 06:22:23.076,69090.0,0.00028,A,19.3452,631802432520538
1774160543814,2026-03-22 06:22:23.814,69091.0,0.00017,B,11.745470000000001,143277014931631
1774160545421,2026-03-22 06:22:25.421,69091.0,0.00016,B,11.05456,180700088234650
1774160546521,2026-03-22 06:22:26.521,69090.0,0.01,A,690.9,447990413815184
1774160547031,2026-03-22 06:22:27.031,69090.0,0.00017,A,11.7453,1033881734466022
1774160548717,2026-03-22 06:22:28.717,69091.0,0.00423,B,292.25493,293779644346580
1774160548717,2026-03-22 06:22:28.717,69090.0,0.01215,A,839.4435,44867203903316
1774160548924,2026-03-22 06:22:28.924,69090.0,0.00074,A,51.126599999999996,1683102676475
1774160549030,2026-03-22 06:22:29.030,69091.0,0.00016,B,11.05456,601008908191042
1774160549726,2026-03-22 06:22:29.726,69091.0,0.006,B,414.546,522270073684262
1774160551046,2026-03-22 06:22:31.046,69090.0,0.00238,A,164.4342,160794050261025
1774160552342,2026-03-22 06:22:32.342,69090.0,0.00027,A,18.6543,921468182590294
1774160553358,2026-03-22 06:22:33.358,69091.0,0.00015,B,10.36365,895755349021235
1774160553756,2026-03-22 06:22:33.756,69091.0,0.0273,B,1886.1843000000001,174551947025938
1774160554056,2026-03-22 06:22:34.056,69090.0,0.00017,A,11.7453,1095844486213441
1774160554056,2026-03-22 06:22:34.056,69090.0,0.00142,A,98.1078,720033315916533
1774160555266,2026-03-22 06:22:35.266,69091.0,0.00073,B,50.436429999999994,192631818510209
1774160556965,2026-03-22 06:22:36.965,69091.0,0.00102,B,70.47282,381017818747706
1774160556965,2026-03-22 06:22:36.965,69091.0,0.00632,B,436.65512,529580580351456
1774160558077,2026-03-22 06:22:38.077,69091.0,0.00016,B,11.05456,27326195910073
1774160559801,2026-03-22 06:22:39.801,69091.0,0.00734,B,507.12794,147973892732423
1774160561026,2026-03-22 06:22:41.026,69091.0,0.00289,B,199.67299000000003,923174041699894
1774160561026,2026-03-22 06:22:41.026,69092.0,0.00015,B,10.3638,946093081915305
1774160561026,2026-03-22 06:22:41.026,69092.0,0.16957,B,11715.93044,976927693769205
1774160561026,2026-03-22 06:22:41.026,69093.0,0.00015,B,10.363949999999999,592400536546888
1774160561026,2026-03-22 06:22:41.026,69093.0,0.00042,B,29.01906,941594894046860
1774160561140,2026-03-22 06:22:41.140,69095.0,0.028,B,1934.66,697269532210243
1774160561140,2026-03-22 06:22:41.140,69095.0,0.08697,B,6009.192150000001,974400458612997
1774160561140,2026-03-22 06:22:41.140,69095.0,0.078,B,5389.41,826589565692647
1774160561140,2026-03-22 06:22:41.140,69095.0,0.00015,B,10.364249999999998,658595429843726
1774160561140,2026-03-22 06:22:41.140,69096.0,0.00017,B,11.74632,768215464885285
1774160561140,2026-03-22 06:22:41.140,69096.0,0.00016,B,11.05536,207185369707714
1774160561815,2026-03-22 06:22:41.815,69096.0,0.00072,A,49.749120000000005,1103571629273839
1774160562019,2026-03-22 06:22:42.019,69098.0,0.00017,B,11.74666,797468459912555
1774160562019,2026-03-22 06:22:42.019,69098.0,0.0002,B,13.819600000000001,321663296723659
1774160562019,2026-03-22 06:22:42.019,69099.0,0.00017,B,11.746830000000001,639617813836906
1774160562019,2026-03-22 06:22:42.019,69100.0,0.00017,B,11.747000000000002,631704555741744
1774160562019,2026-03-22 06:22:42.019,69100.0,0.003,B,207.3,202088442628835
1774160562019,2026-03-22 06:22:42.019,69100.0,0.00016,B,11.056000000000001,800489449954804
1774160562019,2026-03-22 06:22:42.019,69100.0,0.00015,B,10.364999999999998,252562175794106
1774160562218,2026-03-22 06:22:42.218,69101.0,0.00017,B,11.74717,600199930254297
1774160562218,2026-03-22 06:22:42.218,69102.0,0.00017,B,11.747340000000001,425186724351806
1774160562218,2026-03-22 06:22:42.218,69103.0,0.00017,B,11.74751,1014829832986376
1774160562218,2026-03-22 06:22:42.218,69103.0,0.00016,B,11.05648,1286791677867
1774160562218,2026-03-22 06:22:42.218,69103.0,0.00033,B,22.80399,607212683839725
1774160562218,2026-03-22 06:22:42.218,69103.0,0.00386,B,266.73758000000004,180495431199728
1774160562740,2026-03-22 06:22:42.740,69103.0,0.00034,B,23.49502,329974277421181
1774160563016,2026-03-22 06:22:43.016,69103.0,0.00018,B,12.438540000000001,427041642508326
1774160563225,2026-03-22 06:22:43.225,69103.0,0.00734,B,507.21602,420737041741074
1774160564012,2026-03-22 06:22:44.012,69102.0,0.00416,A,287.46432,484750251004534
1774160564012,2026-03-22 06:22:44.012,69102.0,0.02739,A,1892.70378,624744143819119
1774160565026,2026-03-22 06:22:45.026,69103.0,0.00057,B,39.388709999999996,647800546140129
1774160565232,2026-03-22 06:22:45.232,69102.0,0.0003,A,20.7306,355645845023492
1774160565629,2026-03-22 06:22:45.629,69103.0,0.00734,B,507.21602,199945541272443
1774160566953,2026-03-22 06:22:46.953,69103.0,0.00126,B,87.06978000000001,959723371713379
1774160568851,2026-03-22 06:22:48.851,69103.0,0.00881,B,608.79743,558558672859518
1774160569251,2026-03-22 06:22:49.251,69103.0,0.00072,B,49.754160000000006,550654199266260
1774160569961,2026-03-22 06:22:49.961,69102.0,0.00071,A,49.06242,1047364917861992
1774160573466,2026-03-22 06:22:53.466,69103.0,0.00881,B,608.79743,265706341204790
1774160573868,2026-03-22 06:22:53.868,69103.0,0.00016,B,11.05648,651279063281351
1774160575180,2026-03-22 06:22:55.180,69102.0,0.00057,A,39.38814,339439440536719
1774160576828,2026-03-22 06:22:56.828,69103.0,0.00881,B,608.79743,797453987183104
1774160577088,2026-03-22 06:22:57.088,69102.0,0.00017,A,11.747340000000001,693113009786195
1774160579012,2026-03-22 06:22:59.012,69103.0,0.00016,B,11.05648,134300943295888
1774160580902,2026-03-22 06:23:00.902,69103.0,0.00881,B,608.79743,274709442463925
1774160581009,2026-03-22 06:23:01.009,69102.0,0.00238,A,164.46276,610093284213254
1774160583228,2026-03-22 06:23:03.228,69103.0,0.0007,B,48.372099999999996,853628881857235
1774160584035,2026-03-22 06:23:04.035,69102.0,0.00017,A,11.747340000000001,614110966184880
1774160584035,2026-03-22 06:23:04.035,69102.0,0.00142,A,98.12484,969852343147596
1774160584630,2026-03-22 06:23:04.630,69102.0,0.00069,A,47.68038,343480202505136
1774160584719,2026-03-22 06:23:04.719,69102.0,0.00018,A,12.438360000000001,87715469275522
1774160588061,2026-03-22 06:23:08.061,69103.0,0.00016,B,11.05648,402852762380044
1774160589597,2026-03-22 06:23:09.597,69103.0,0.015,B,1036.545,1070105243028982
1774160592743,2026-03-22 06:23:12.743,69103.0,0.0868,B,5998.1404,415612366884357
1774160592943,2026-03-22 06:23:12.943,69102.0,0.0529,A,3655.4958,39016614108552
1774160593338,2026-03-22 06:23:13.338,69103.0,0.0207,B,1430.4321,651031162764613
1774160593815,2026-03-22 06:23:13.815,69103.0,0.00025,B,17.27575,476806887598092
1774160593895,2026-03-22 06:23:13.895,69103.0,0.028,B,1934.884,433599759764464
1774160594009,2026-03-22 06:23:14.009,69102.0,0.00416,A,287.46432,104473811128692
1774160595032,2026-03-22 06:23:15.032,69103.0,0.00056,B,38.69768,827911905827432
1774160596363,2026-03-22 06:23:16.363,69103.0,0.00018,B,12.438540000000001,1274206942530
1774160596783,2026-03-22 06:23:16.783,69103.0,0.00068,B,46.99004,114092222989373
1774160596919,2026-03-22 06:23:16.919,69102.0,0.00022,A,15.202440000000001,586794175419658
1774160597447,2026-03-22 06:23:17.447,69102.0,0.17377,A,12007.85454,546838878906265
1774160599126,2026-03-22 06:23:19.126,69102.0,0.00068,A,46.989360000000005,468686717086054
1774160601042,2026-03-22 06:23:21.042,69103.0,0.00054,B,37.31562,785779157205791
1774160604244,2026-03-22 06:23:24.244,69097.0,0.003,A,207.291,558756406366830
1774160604244,2026-03-22 06:23:24.244,69097.0,0.00016,A,11.055520000000001,61832466448117
1774160604244,2026-03-22 06:23:24.244,69097.0,0.00401,A,277.07896999999997,1080957858822055
1774160604244,2026-03-22 06:23:24.244,69097.0,0.00717,A,495.42549,426687643163418
1774160605283,2026-03-22 06:23:25.283,69097.0,0.01776,A,1227.16272,949210645488399
1774160605283,2026-03-22 06:23:25.283,69097.0,0.06883,A,4755.94651,103210874811535
1774160605283,2026-03-22 06:23:25.283,69097.0,0.14636,A,10113.036919999999,331676657680001
1774160605283,2026-03-22 06:23:25.283,69097.0,0.10854,A,7499.78838,597066089367440
1774160605283,2026-03-22 06:23:25.283,69097.0,0.35136,A,24277.92192,398123652380470
1774160605283,2026-03-22 06:23:25.283,69097.0,0.11356,A,7846.65532,850426170766127
1774160605283,2026-03-22 06:23:25.283,69097.0,0.07195,A,4971.52915,920324934373651
1774160605283,2026-03-22 06:23:25.283,69097.0,0.37024,A,25582.473280000002,438880750939446
1774160605283,2026-03-22 06:23:25.283,69097.0,0.14501,A,10019.75597,699825499957597
1774160605283,2026-03-22 06:23:25.283,69097.0,0.06994,A,4832.64418,804124595493561
1774160605283,2026-03-22 06:23:25.283,69097.0,0.06612,A,4568.6936399999995,299527534871871
1774160605283,2026-03-22 06:23:25.283,69097.0,0.07038,A,4863.0468599999995,222805934991525
1774160605283,2026-03-22 06:23:25.283,69097.0,0.06459,A,4462.97523,214774281373333
1774160605283,2026-03-22 06:23:25.283,69097.0,0.07153,A,4942.5084099999995,151177232395495
1774160605283,2026-03-22 06:23:25.283,69097.0,0.06398,A,4420.826059999999,828816997521225
1774160605283,2026-03-22 06:23:25.283,69097.0,0.1505,A,10399.0985,215821851103940
1774160605283,2026-03-22 06:23:25.283,69097.0,0.10228,A,7067.24116,1017279895143160
1774160605283,2026-03-22 06:23:25.283,69097.0,0.14757,A,10196.64429,212843864218099
1774160605283,2026-03-22 06:23:25.283,69097.0,0.06618,A,4572.83946,369385680603986
1774160605283,2026-03-22 06:23:25.283,69097.0,0.07674,A,5302.50378,1008646804875191
1774160605283,2026-03-22 06:23:25.283,69097.0,0.09413,A,6504.10061,355128591131660
1774160605283,2026-03-22 06:23:25.283,69097.0,0.12242,A,8458.85474,834732457796141
1774160605283,2026-03-22 06:23:25.283,69097.0,0.12686,A,8765.64542,1005345230452014
1774160605283,2026-03-22 06:23:25.283,69097.0,0.07215,A,4985.348550000001,456900685486572
1774160605283,2026-03-22 06:23:25.283,69097.0,0.06625,A,4577.67625,673988226098414
1774160605283,2026-03-22 06:23:25.283,69097.0,0.09027,A,6237.38619,989010609910923
1774160605283,2026-03-22 06:23:25.283,69097.0,0.05318,A,3674.5784599999997,305630582163465
1774160605283,2026-03-22 06:23:25.283,69096.0,0.01012,A,699.25152,543729577196129
1774160605283,2026-03-22 06:23:25.283,69096.0,0.07785,A,5379.1236,770284377412929
1774160605283,2026-03-22 06:23:25.283,69096.0,0.03936,A,2719.61856,577011396968611
1774160605283,2026-03-22 06:23:25.283,69096.0,0.00015,A,10.3644,412904125260167
1774160605283,2026-03-22 06:23:25.283,69095.0,0.05665,A,3914.23175,26887508826302
1774160605283,2026-03-22 06:23:25.283,69095.0,0.0405,A,2798.3475000000003,803143943773720
1774160605283,2026-03-22 06:23:25.283,69095.0,0.00015,A,10.364249999999998,1124251796521387
1774160605283,2026-03-22 06:23:25.283,69094.0,0.07994,A,5523.37436,674072589276182
1774160605283,2026-03-22 06:23:25.283,69094.0,0.03995,A,2760.3053,681540967623990
1774160605283,2026-03-22 06:23:25.283,69093.0,0.00016,A,11.05488,912976591942748
1774160605283,2026-03-22 06:23:25.283,69093.0,0.00146,A,100.87577999999999,415930827584504
1774160605283,2026-03-22 06:23:25.283,69092.0,0.72373,A,50003.95316,1124545761443708
1774160605283,2026-03-22 06:23:25.283,69091.0,0.003,A,207.273,718809457989126
1774160605283,2026-03-22 06:23:25.283,69091.0,0.2025,A,13990.927500000002,805805544664844
1774160605283,2026-03-22 06:23:25.283,69091.0,0.21713,A,15001.72883,673791364611826
1774160605283,2026-03-22 06:23:25.283,69091.0,1.44736,A,99999.54976,64528481662287
1774160605283,2026-03-22 06:23:25.283,69091.0,0.18071,A,12485.43461,469781203306247
1774160605283,2026-03-22 06:23:25.283,69090.0,0.07383,A,5100.9147,276368395790443
1774160605283,2026-03-22 06:23:25.283,69090.0,0.14165,A,9786.5985,723011239782234
1774160605283,2026-03-22 06:23:25.283,69090.0,0.00016,A,11.054400000000001,224757021278550
1774160605283,2026-03-22 06:23:25.283,69090.0,0.02214,A,1529.6526,282448295859976
1774160605283,2026-03-22 06:23:25.283,69089.0,0.00015,A,10.363349999999999,1076085557001206
1774160605283,2026-03-22 06:23:25.283,69089.0,0.02833,A,1957.2913700000001,648246214275505
1774160605283,2026-03-22 06:23:25.283,69088.0,0.0042,A,290.1696,941954562372460
1774160605283,2026-03-22 06:23:25.283,69088.0,0.25312,A,17487.55456,864768164153668
1774160605283,2026-03-22 06:23:25.283,69088.0,0.02119,A,1463.97472,198572105619305
1774160605283,2026-03-22 06:23:25.283,69088.0,0.066,A,4559.808,448542517577124
1774160605283,2026-03-22 06:23:25.283,69088.0,0.01139,A,786.91232,454151274396832
1774160605283,2026-03-22 06:23:25.283,69088.0,0.01649,A,1139.2611200000001,926468251401931
1774160605283,2026-03-22 06:23:25.283,69087.0,0.00267,A,184.46229,575874707082828
1774160605283,2026-03-22 06:23:25.283,69087.0,0.02137,A,1476.38919,254471149525252
1774160605283,2026-03-22 06:23:25.283,69087.0,0.90474,A,62505.77238,1051359977685990
1774160605283,2026-03-22 06:23:25.283,69087.0,0.50666,A,35003.61942,254105253393716
1774160605283,2026-03-22 06:23:25.283,69087.0,0.003,A,207.261,209047395856868
1774160605283,2026-03-22 06:23:25.283,69087.0,1.44758,A,100008.95946000001,1115621768156183
1774160605283,2026-03-22 06:23:25.283,69086.0,0.00016,A,11.05376,492123080078076
1774160605283,2026-03-22 06:23:25.283,69086.0,0.41957,A,28986.41302,584711838002392
1774160605283,2026-03-22 06:23:25.283,69086.0,0.00022,A,15.198920000000001,527867595023150
1774160605283,2026-03-22 06:23:25.283,69086.0,0.39281,A,27137.67166,913761158457493
1774160605283,2026-03-22 06:23:25.283,69086.0,0.02327,A,1607.63122,1075207514864957
1774160605283,2026-03-22 06:23:25.283,69086.0,0.05108,A,3528.91288,593484713146624
1774160605283,2026-03-22 06:23:25.283,69086.0,0.03646,A,2518.87556,521398599169589
1774160605283,2026-03-22 06:23:25.283,69086.0,0.50667,A,35003.80362,388765411301861
1774160605283,2026-03-22 06:23:25.283,69086.0,1.30286,A,90009.38596,15467810044229
1774160605283,2026-03-22 06:23:25.283,69086.0,0.07236,A,4999.062959999999,597887451101636
1774160605283,2026-03-22 06:23:25.283,69085.0,0.14415,A,9958.60275,715981484491431
1774160605283,2026-03-22 06:23:25.283,69085.0,0.07383,A,5100.545550000001,792162697095380
1774160605283,2026-03-22 06:23:25.283,69085.0,0.43857,A,30298.60845,887229860472736
1774160605283,2026-03-22 06:23:25.283,69084.0,0.00015,A,10.362599999999999,978774261440334
1774160605283,2026-03-22 06:23:25.283,69084.0,0.2,A,13816.800000000001,642668691314912
1774160605283,2026-03-22 06:23:25.283,69084.0,0.30375,A,20984.265000000003,47010052847116
1774160605283,2026-03-22 06:23:25.283,69084.0,0.00225,A,155.439,437951244689578
1774160605283,2026-03-22 06:23:25.283,69084.0,0.5629,A,38887.383599999994,245604787611349
1774160605283,2026-03-22 06:23:25.283,69084.0,0.01649,A,1139.19516,1113804440770769
1774160605283,2026-03-22 06:23:25.283,69083.0,0.00255,A,176.16165,1040689182916004
1774160605283,2026-03-22 06:23:25.283,69083.0,0.27499,A,18997.13417,553177985030083
1774160605283,2026-03-22 06:23:25.283,69082.0,0.00016,A,11.053120000000002,116828865847399
1774160605283,2026-03-22 06:23:25.283,69082.0,0.03204,A,2213.38728,1023642230958242
1774160607084,2026-03-22 06:23:27.084,69092.0,0.00017,A,11.745640000000002,1025647250415614
1774160608717,2026-03-22 06:23:28.717,69092.0,0.16393,A,11326.251559999999,12574734078648
1774160608717,2026-03-22 06:23:28.717,69093.0,0.00089,B,61.49276999999999,977377938980942
1774160609107,2026-03-22 06:23:29.107,69093.0,0.00016,B,11.05488,189369081782853
1774160609294,2026-03-22 06:23:29.294,69092.0,0.00028,A,19.34576,174451401531686
1774160610387,2026-03-22 06:23:30.387,69093.0,0.00067,B,46.29231,716996260204985
1774160611114,2026-03-22 06:23:31.114,69092.0,0.00238,A,164.43896,276630761656182
1774160611690,2026-03-22 06:23:31.690,69092.0,0.00066,A,45.60072,165380151604552
1774160612403,2026-03-22 06:23:32.403,69092.0,0.00038,A,26.25496,852228890368490
1774160612889,2026-03-22 06:23:32.889,69086.0,0.00016,A,11.05376,630579180738317
1774160612889,2026-03-22 06:23:32.889,69086.0,0.00017,A,11.744620000000001,822106283709497
1774160612966,2026-03-22 06:23:32.966,69086.0,0.00016,B,11.05376,1046282249484837
1774160613220,2026-03-22 06:23:33.220,69085.0,0.00017,A,11.74445,113459712419034
1774160613220,2026-03-22 06:23:33.220,69084.0,0.003,A,207.252,796253624974012
1774160613220,2026-03-22 06:23:33.220,69084.0,0.00017,A,11.744280000000002,994111120906763
1774160613220,2026-03-22 06:23:33.220,69083.0,0.00017,A,11.744110000000001,810588646373401
1774160613220,2026-03-22 06:23:33.220,69082.0,0.00016,A,11.053120000000002,783971367859375
1774160613220,2026-03-22 06:23:33.220,69082.0,0.00017,A,11.74394,603834494795333
1774160613220,2026-03-22 06:23:33.220,69081.0,0.00017,A,11.743770000000001,784973461165215
1774160613220,2026-03-22 06:23:33.220,69080.0,0.00302,A,208.6216,502192986849755
1774160614046,2026-03-22 06:23:34.046,69080.0,0.00017,A,11.7436,109720551691388
1774160614046,2026-03-22 06:23:34.046,69079.0,0.00016,A,11.05264,1117540413111811
1774160614046,2026-03-22 06:23:34.046,69079.0,0.00126,A,87.03954,957870458166891
1774160615828,2026-03-22 06:23:35.828,69079.0,0.00017,A,11.74343,926340775444191
1774160615828,2026-03-22 06:23:35.828,69079.0,0.02895,A,1999.83705,629895178167360
1774160615828,2026-03-22 06:23:35.828,69079.0,0.03408,A,2354.21232,991960934750065
1774160618037,2026-03-22 06:23:38.037,69080.0,0.00016,B,11.052800000000001,135795707413971
1774160619540,2026-03-22 06:23:39.540,69082.0,0.00015,B,10.3623,897247260551538
1774160619540,2026-03-22 06:23:39.540,69084.0,0.00015,B,10.362599999999999,806158083317787
1774160619540,2026-03-22 06:23:39.540,69085.0,0.07237,B,4999.68145,935472564746405
1774160619540,2026-03-22 06:23:39.540,69085.0,0.01419,B,980.31615,989303825156024
1774160620542,2026-03-22 06:23:40.542,69085.0,0.00017,B,11.74445,873007353551659
1774160620542,2026-03-22 06:23:40.542,69085.0,0.00301,B,207.94585,969456239642950
1774160620942,2026-03-22 06:23:40.942,69085.0,0.00033,B,22.79805,1043436045448073
1774160622942,2026-03-22 06:23:42.942,69085.0,0.00056,B,38.687599999999996,525592282677325
1774160623148,2026-03-22 06:23:43.148,69084.0,0.02379,A,1643.5083599999998,325853816597530
1774160624011,2026-03-22 06:23:44.011,69084.0,0.00416,A,287.38944,370807076585672
1774160624365,2026-03-22 06:23:44.365,69084.0,7e-05,A,4.8358799999999995,373401098219371
1774160624566,2026-03-22 06:23:44.566,69084.0,0.0029,A,200.34359999999998,795323852896276
1774160624566,2026-03-22 06:23:44.566,69085.0,0.00066,B,45.5961,908431527154020
1774160624814,2026-03-22 06:23:44.814,69084.0,0.00065,A,44.904599999999995,920650405598059
1774160625115,2026-03-22 06:23:45.115,69085.0,0.00057,B,39.37845,603519002687959
1774160627136,2026-03-22 06:23:47.136,69084.0,0.01107,A,764.75988,384200584675064
1774160629045,2026-03-22 06:23:49.045,69085.0,7e-05,B,4.8359499999999995,1103848911147831
1774160629196,2026-03-22 06:23:49.196,69084.0,0.04058,A,2803.42872,453474051077006
1774160629196,2026-03-22 06:23:49.196,69084.0,0.00187,A,129.18707999999998,528840027453448
1774160633433,2026-03-22 06:23:53.433,69085.0,0.00015,B,10.362749999999998,976841600293376
1774160637027,2026-03-22 06:23:57.027,69084.0,0.00017,A,11.744280000000002,1102242898437146
1774160637027,2026-03-22 06:23:57.027,69085.0,0.01021,B,705.35785,911371898213194
1774160638059,2026-03-22 06:23:58.059,69084.0,0.00177,A,122.27868000000001,1025809554383111
1774160638212,2026-03-22 06:23:58.212,69085.0,0.03687,B,2547.16395,440694714128859
1774160639061,2026-03-22 06:23:59.061,69085.0,0.00016,B,11.053600000000001,951218422581450
1774160639264,2026-03-22 06:23:59.264,69085.0,0.00096,B,66.3216,570719621709665
1774160641098,2026-03-22 06:24:01.098,69084.0,0.00238,A,164.41992000000002,432671087033465
1774160644116,2026-03-22 06:24:04.116,69084.0,0.00017,A,11.744280000000002,25715540030773
1774160644116,2026-03-22 06:24:04.116,69084.0,0.00142,A,98.09928000000001,738395421391388
1774160644598,2026-03-22 06:24:04.598,69085.0,0.00064,B,44.214400000000005,1122347538996733
1774160646134,2026-03-22 06:24:06.134,69085.0,0.00023,B,15.88955,551334939242586
1774160648043,2026-03-22 06:24:08.043,69085.0,0.00016,B,11.053600000000001,434875170349619
1774160649183,2026-03-22 06:24:09.183,69084.0,0.00064,A,44.21376,851464958529187
1774160649555,2026-03-22 06:24:09.555,69085.0,0.00266,B,183.7661,555047216519680
1774160650552,2026-03-22 06:24:10.552,69084.0,0.00108,A,74.61072,697089102383166
1774160653358,2026-03-22 06:24:13.358,69085.0,0.01081,B,746.80885,767504218873251
1774160653665,2026-03-22 06:24:13.665,69085.0,0.03725,B,2573.4162499999998,904632565307865
1774160654070,2026-03-22 06:24:14.070,69084.0,0.00415,A,286.6986,265629155103791
1774160654475,2026-03-22 06:24:14.475,69085.0,0.00392,B,270.8132,802910605869265
1774160654475,2026-03-22 06:24:14.475,69085.0,0.00017,B,11.74445,51802646463104
1774160654475,2026-03-22 06:24:14.475,69085.0,0.00017,B,11.74445,652165787120760
1774160654475,2026-03-22 06:24:14.475,69086.0,0.00017,B,11.744620000000001,917046213434448
1774160654475,2026-03-22 06:24:14.475,69086.0,0.00015,B,10.3629,855493656838399
1774160655066,2026-03-22 06:24:15.066,69087.0,0.00056,B,38.688719999999996,984173338389691
1774160656177,2026-03-22 06:24:16.177,69088.0,0.00017,B,11.74496,1107517820857735
1774160656177,2026-03-22 06:24:16.177,69088.0,0.00015,B,10.363199999999999,628111568954078
1774160656177,2026-03-22 06:24:16.177,69088.0,0.0002,B,13.8176,571288635297184
1774160656177,2026-03-22 06:24:16.177,69089.0,0.00017,B,11.745130000000001,173610252706136
1774160656177,2026-03-22 06:24:16.177,69090.0,0.00017,B,11.7453,749972624199706
1774160656177,2026-03-22 06:24:16.177,69091.0,0.00017,B,11.745470000000001,841573324410883
1774160656177,2026-03-22 06:24:16.177,69092.0,0.00016,B,11.054720000000001,601140418767381
1774160656177,2026-03-22 06:24:16.177,69092.0,0.003,B,207.276,325255860221691
1774160656177,2026-03-22 06:24:16.177,69092.0,0.00017,B,11.745640000000002,205492068476320
1774160656177,2026-03-22 06:24:16.177,69093.0,0.00017,B,11.74581,439405450626722
1774160656177,2026-03-22 06:24:16.177,69093.0,0.0685,B,4732.8705,7028330294271
1774160657179,2026-03-22 06:24:17.179,69093.0,0.01431,B,988.72083,910700486285382
1774160657381,2026-03-22 06:24:17.381,69093.0,0.00021,B,14.50953,975324470701480
1774160658771,2026-03-22 06:24:18.771,69093.0,0.05726,B,3956.26518,1049325784636585
1774160659028,2026-03-22 06:24:19.028,69093.0,0.00026,B,17.96418,634872836213654
1774160659513,2026-03-22 06:24:19.513,69093.0,0.00063,B,43.52859,1061851512478671
1774160659716,2026-03-22 06:24:19.716,69093.0,0.00096,B,66.32928,631245239651055
1774160660402,2026-03-22 06:24:20.402,69093.0,0.04166,B,2878.41438,831239995152801
1774160661439,2026-03-22 06:24:21.439,69092.0,0.00062,A,42.83704,884208567065739
1774160665198,2026-03-22 06:24:25.198,69093.0,0.00028,B,19.34604,754757742389961
1774160666078,2026-03-22 06:24:26.078,69093.0,0.00085,B,58.729049999999994,720514597193308
1774160666740,2026-03-22 06:24:26.740,69093.0,0.00042,B,29.01906,643032269411115
1774160667087,2026-03-22 06:24:27.087,69092.0,0.00017,A,11.745640000000002,239540017346794
1774160668091,2026-03-22 06:24:28.091,69092.0,0.00178,A,122.98375999999999,731148296996579
1774160668969,2026-03-22 06:24:28.969,69093.0,2.81466,B,194473.30338,612470743472250
1774160668969,2026-03-22 06:24:28.969,69093.0,0.00017,B,11.74581,982637208421951
1774160669034,2026-03-22 06:24:29.034,69094.0,0.00016,B,11.055040000000002,705576289341616
1774160669499,2026-03-22 06:24:29.499,69095.0,0.00017,B,11.74615,1101712384073259
1774160669499,2026-03-22 06:24:29.499,69095.0,0.003,B,207.285,1061256200473818
1774160669499,2026-03-22 06:24:29.499,69096.0,0.00017,B,11.74632,740564441695039
1774160669499,2026-03-22 06:24:29.499,69096.0,0.00016,B,11.05536,805804575103276
1774160669499,2026-03-22 06:24:29.499,69097.0,0.00017,B,11.746490000000001,45655099204049
1774160669499,2026-03-22 06:24:29.499,69098.0,0.00017,B,11.74666,1078101384526842
1774160669499,2026-03-22 06:24:29.499,69098.0,0.00015,B,10.3647,754153501687118
1774160669499,2026-03-22 06:24:29.499,69098.0,0.02601,B,1797.2389799999999,171365681681703
1774160670505,2026-03-22 06:24:30.505,69097.0,0.0108,A,746.2476,166728279891139
1774160670580,2026-03-22 06:24:30.580,69097.0,0.0032,A,221.1104,487050788041833
1774160671045,2026-03-22 06:24:31.045,69097.0,0.00237,A,163.75989,465584561043516
1774160672855,2026-03-22 06:24:32.855,69098.0,0.00017,B,11.74666,521785768494281
1774160672855,2026-03-22 06:24:32.855,69099.0,0.00017,B,11.746830000000001,997944452654606
1774160672855,2026-03-22 06:24:32.855,69100.0,0.00017,B,11.747000000000002,723778116371408
1774160672855,2026-03-22 06:24:32.855,69100.0,0.00016,B,11.056000000000001,6791744116619
1774160672855,2026-03-22 06:24:32.855,69101.0,0.00017,B,11.74717,1067080981764343
1774160672855,2026-03-22 06:24:32.855,69101.0,0.04547,B,3142.02247,769566233228443
1774160673281,2026-03-22 06:24:33.281,69102.0,0.00017,B,11.747340000000001,1117630200516289
1774160673281,2026-03-22 06:24:33.281,69102.0,0.00044,B,30.404880000000002,102709118284881
1774160673689,2026-03-22 06:24:33.689,69102.0,0.04052,B,2800.01304,989455154054463
1774160673990,2026-03-22 06:24:33.990,69102.0,0.00018,B,12.438360000000001,626613567372875
1774160674090,2026-03-22 06:24:34.090,69101.0,0.00017,A,11.74717,840325226946876
1774160674090,2026-03-22 06:24:34.090,69101.0,0.00141,A,97.43241,477672392563975
1774160674489,2026-03-22 06:24:34.489,69101.0,0.0006,A,41.4606,329979883403462
1774160674489,2026-03-22 06:24:34.489,69101.0,0.00482,A,333.06681999999995,53546810906452
1774160674590,2026-03-22 06:24:34.590,69101.0,0.00774,A,534.8417400000001,1035384398323098
1774160674590,2026-03-22 06:24:34.590,69101.0,0.01731,A,1196.1383099999998,913756433461380
1774160675004,2026-03-22 06:24:35.004,69102.0,0.00017,B,11.747340000000001,892358827993112
1774160675004,2026-03-22 06:24:35.004,69103.0,0.00017,B,11.74751,1003066384613914
1774160675004,2026-03-22 06:24:35.004,69103.0,0.00022,B,15.20266,373297692601888
1774160675004,2026-03-22 06:24:35.004,69104.0,0.00072,B,49.75488,107445892521915
1774160675004,2026-03-22 06:24:35.004,69104.0,0.00017,B,11.74768,586932911888111
1774160675331,2026-03-22 06:24:35.331,69105.0,0.00017,B,11.747850000000001,174271185906047
1774160675331,2026-03-22 06:24:35.331,69106.0,0.00017,B,11.74802,38117349188435
1774160675331,2026-03-22 06:24:35.331,69107.0,0.00016,B,11.057120000000001,634938933534913
1774160675331,2026-03-22 06:24:35.331,69107.0,0.00017,B,11.748190000000001,454806369601233
1774160675411,2026-03-22 06:24:35.411,69108.0,0.00016,B,11.05728,38358533797323
1774160675898,2026-03-22 06:24:35.898,69107.0,0.00041,A,28.33387,609354858339709
1774160675898,2026-03-22 06:24:35.898,69108.0,1e-05,B,0.69108,761964630050306
1774160675898,2026-03-22 06:24:35.898,69108.0,0.003,B,207.324,515225384548022
1774160675898,2026-03-22 06:24:35.898,69108.0,0.00085,B,58.7418,74013600794627
1774160676174,2026-03-22 06:24:36.174,69107.0,0.00015,A,10.36605,414022553722171
1774160676299,2026-03-22 06:24:36.299,69107.0,0.00293,A,202.48351,157178948304652
1774160676701,2026-03-22 06:24:36.701,69107.0,0.00028,A,19.34996,1068847181058117
1774160678016,2026-03-22 06:24:38.016,69108.0,0.00016,B,11.05728,1000534742675972
1774160678765,2026-03-22 06:24:38.765,69107.0,0.00372,A,257.07804,608166662674716
1774160678765,2026-03-22 06:24:38.765,69107.0,0.03619,A,2500.98233,1030859921199220
1774160680018,2026-03-22 06:24:40.018,69107.0,0.03147,A,2174.79729,660887285230000
1774160682633,2026-03-22 06:24:42.633,69108.0,0.0207,B,1430.5356,338342141260932
1774160682833,2026-03-22 06:24:42.833,69108.0,0.00068,B,46.99344000000001,153293241169288
1774160684038,2026-03-22 06:24:44.038,69107.0,0.00416,A,287.48512,971255308629290
1774160684248,2026-03-22 06:24:44.248,69107.0,0.03064,A,2117.4384800000003,840596272143280
1774160685059,2026-03-22 06:24:45.059,69108.0,0.00057,B,39.39156,1041966615098906
1774160685672,2026-03-22 06:24:45.672,69108.0,0.00022,B,15.20376,637925278278899
1774160687464,2026-03-22 06:24:47.464,69108.0,0.0006,B,41.4648,321188191648350
1774160688819,2026-03-22 06:24:48.819,69107.0,0.0332,A,2294.3524,1031933705124532
1774160693918,2026-03-22 06:24:53.918,69107.0,0.00059,A,40.77313,905028115529721
1774160697004,2026-03-22 06:24:57.004,69107.0,0.00017,A,11.748190000000001,361499910934323
1774160697465,2026-03-22 06:24:57.465,69108.0,0.00015,B,10.3662,170406861161631
1774160698072,2026-03-22 06:24:58.072,69107.0,0.00178,A,123.01046,107300348122375
1774160698147,2026-03-22 06:24:58.147,69108.0,0.00017,B,11.748360000000002,1005315994758376
1774160698147,2026-03-22 06:24:58.147,69109.0,0.00017,B,11.74853,849096797230968
1774160698147,2026-03-22 06:24:58.147,69110.0,0.00017,B,11.748700000000001,605620037166040
1774160698147,2026-03-22 06:24:58.147,69110.0,0.04249,B,2936.4839,175659734499840
1774160699073,2026-03-22 06:24:59.073,69110.0,0.00016,B,11.0576,37583560087062
1774160701082,2026-03-22 06:25:01.082,69109.0,0.00238,A,164.47942,886755250682611
1774160701958,2026-03-22 06:25:01.958,69110.0,0.00058,B,40.083800000000004,983900467166521
1774160703170,2026-03-22 06:25:03.170,69109.0,0.00058,A,40.08322,307994120575032
1774160703965,2026-03-22 06:25:03.965,69111.0,0.00017,B,11.74887,1007289157371373
1774160703965,2026-03-22 06:25:03.965,69111.0,0.0002,B,13.8222,358578765901276
1774160704125,2026-03-22 06:25:04.125,69111.0,0.00017,A,11.74887,726708789482109
1774160704125,2026-03-22 06:25:04.125,69111.0,0.00091,A,62.89101,726301437483015
1774160704125,2026-03-22 06:25:04.125,69111.0,0.00051,A,35.246610000000004,464958412145349
1774160705331,2026-03-22 06:25:05.331,69112.0,0.00017,B,11.74904,80066172425861
1774160705331,2026-03-22 06:25:05.331,69112.0,0.00113,B,78.09656,767012764192960
1774160708102,2026-03-22 06:25:08.102,69112.0,0.00016,B,11.057920000000001,911879995814062
1774160712002,2026-03-22 06:25:12.002,69112.0,0.00399,B,275.75687999999997,69377800741142
1774160712832,2026-03-22 06:25:12.832,69112.0,0.00017,B,11.74904,131244124999012
1774160712832,2026-03-22 06:25:12.832,69113.0,0.00017,B,11.749210000000001,674231537429192
1774160712962,2026-03-22 06:25:12.962,69114.0,0.00017,B,11.74938,266667250186690
1774160712962,2026-03-22 06:25:12.962,69114.0,0.00015,B,10.367099999999999,198205505136776
1774160712962,2026-03-22 06:25:12.962,69115.0,0.00017,B,11.749550000000001,417147951090353
1774160712962,2026-03-22 06:25:12.962,69116.0,0.00017,B,11.749720000000002,751815112291494
1774160712962,2026-03-22 06:25:12.962,69117.0,0.00017,B,11.74989,140216042305743
1774160712962,2026-03-22 06:25:12.962,69118.0,0.00016,B,11.05888,289410172226900
1774160712962,2026-03-22 06:25:12.962,69118.0,0.00017,B,11.750060000000001,343802933912275
1774160712962,2026-03-22 06:25:12.962,69118.0,0.003,B,207.354,1039255268223502
1774160712962,2026-03-22 06:25:12.962,69119.0,0.00017,B,11.75023,439166970701296
1774160712962,2026-03-22 06:25:12.962,69119.0,0.00015,B,10.367849999999999,90438441092511
1774160712962,2026-03-22 06:25:12.962,69119.0,0.001,B,69.119,473994196967353
1774160712962,2026-03-22 06:25:12.962,69120.0,0.00017,B,11.7504,773099986114780
1774160712962,2026-03-22 06:25:12.962,69120.0,0.003,B,207.36,483259556356170
1774160712962,2026-03-22 06:25:12.962,69121.0,0.03519,B,2432.3679899999997,447574436150985
1774160714029,2026-03-22 06:25:14.029,69120.0,0.00416,A,287.5392,36216914195478
1774160714029,2026-03-22 06:25:14.029,69121.0,0.00094,B,64.97373999999999,649306263487101
1774160714029,2026-03-22 06:25:14.029,69120.0,0.2,A,13824.0,265423466356951
1774160714236,2026-03-22 06:25:14.236,69121.0,0.00025,B,17.28025,203434075861726
1774160715036,2026-03-22 06:25:15.036,69121.0,0.00017,B,11.750570000000002,693039859608543
1774160715036,2026-03-22 06:25:15.036,69121.0,0.0004,B,27.648400000000002,761181155760980
1774160715446,2026-03-22 06:25:15.446,69120.0,0.0121,A,836.352,535507909204904
1774160715838,2026-03-22 06:25:15.838,69121.0,0.00057,B,39.39897,342358625236617
1774160717915,2026-03-22 06:25:17.915,69120.0,0.00056,A,38.70719999999999,937317330218090
1774160718655,2026-03-22 06:25:18.655,69121.0,0.04245,B,2934.18645,267885158147243
1774160719531,2026-03-22 06:25:19.531,69120.0,0.02715,A,1876.608,440130111042984
1774160720159,2026-03-22 06:25:20.159,69120.0,0.05726,A,3957.8112,1012589910630483
1774160720954,2026-03-22 06:25:20.954,69121.0,0.00017,B,11.750570000000002,620446855206210
1774160721966,2026-03-22 06:25:21.966,69121.0,0.00045,B,31.10445,993523972579999
1774160724800,2026-03-22 06:25:24.800,69121.0,0.03,B,2073.63,1069530776383009
1774160727027,2026-03-22 06:25:27.027,69120.0,0.00017,A,11.7504,520337940483834
1774160728033,2026-03-22 06:25:28.033,69120.0,0.00178,A,123.03359999999999,336827143751681
1774160729037,2026-03-22 06:25:29.037,69121.0,0.00016,B,11.059360000000002,499191347513696
1774160729134,2026-03-22 06:25:29.134,69121.0,0.00268,B,185.24428,31944256984695
1774160730202,2026-03-22 06:25:30.202,69121.0,0.00056,B,38.70775999999999,225101472141615
1774160731073,2026-03-22 06:25:31.073,69120.0,0.00238,A,164.50560000000002,453384577278115
1774160732148,2026-03-22 06:25:32.148,69120.0,0.00055,A,38.016000000000005,255894888211707
1774160732551,2026-03-22 06:25:32.551,69120.0,0.025,A,1728.0,434360132796927
1774160733157,2026-03-22 06:25:33.157,69121.0,0.00022,B,15.206620000000001,255655651825368
1774160733157,2026-03-22 06:25:33.157,69121.0,0.00022,B,15.206620000000001,238011966161998
1774160733157,2026-03-22 06:25:33.157,69121.0,0.00022,B,15.206620000000001,663671148320372
1774160733157,2026-03-22 06:25:33.157,69121.0,0.00022,B,15.206620000000001,113575613925498
1774160733229,2026-03-22 06:25:33.229,69121.0,0.00893,B,617.25053,867511060195832
1774160733229,2026-03-22 06:25:33.229,69121.0,0.00017,B,11.750570000000002,271930332363726
1774160733229,2026-03-22 06:25:33.229,69122.0,0.00016,B,11.059520000000001,176460189921254
1774160733229,2026-03-22 06:25:33.229,69122.0,0.003,B,207.366,889142438828241
1774160733229,2026-03-22 06:25:33.229,69122.0,0.00017,B,11.75074,427210513410100
1774160733359,2026-03-22 06:25:33.359,69123.0,0.00017,B,11.750910000000001,783477693545715
1774160733359,2026-03-22 06:25:33.359,69123.0,0.05665,B,3915.81795,851361465565891
1774160734090,2026-03-22 06:25:34.090,69123.0,0.00017,A,11.750910000000001,338952829393871
1774160734090,2026-03-22 06:25:34.090,69123.0,0.00142,A,98.15466,236562454307532
1774160734162,2026-03-22 06:25:34.162,69124.0,0.00017,B,11.75108,1010088017049572
1774160734162,2026-03-22 06:25:34.162,69124.0,0.00128,B,88.47872000000001,844332661734790
1774160738009,2026-03-22 06:25:38.009,69124.0,0.00016,B,11.059840000000001,304601017056633
1774160740631,2026-03-22 06:25:40.631,69123.0,0.003,A,207.369,988096550552830
1774160742288,2026-03-22 06:25:42.288,69124.0,0.003,B,207.372,805519153471888
1774160743068,2026-03-22 06:25:43.068,69123.0,0.00028,A,19.354439999999997,183400052596873
1774160743878,2026-03-22 06:25:43.878,69122.0,0.00015,A,10.3683,894716320724650
1774160743878,2026-03-22 06:25:43.878,69122.0,0.00024,A,16.58928,89990101655246
1774160743878,2026-03-22 06:25:43.878,69121.0,0.00015,A,10.36815,669457711199171
1774160743878,2026-03-22 06:25:43.878,69121.0,0.00015,A,10.36815,529408179412328
1774160743878,2026-03-22 06:25:43.878,69120.0,0.04558,A,3150.4896000000003,388533059868952
1774160743878,2026-03-22 06:25:43.878,69119.0,0.00016,A,11.059040000000001,571045844051585
1774160743878,2026-03-22 06:25:43.878,69118.0,0.005,A,345.59000000000003,74304579709601
1774160743878,2026-03-22 06:25:43.878,69115.0,0.003,A,207.345,177330226170906
1774160743878,2026-03-22 06:25:43.878,69115.0,0.00016,A,11.0584,383895892476321
1774160743878,2026-03-22 06:25:43.878,69115.0,0.00015,A,10.367249999999999,1093478755308598
1774160743878,2026-03-22 06:25:43.878,69114.0,0.19303,A,13341.075420000001,766494615569718
1774160743878,2026-03-22 06:25:43.878,69112.0,0.00016,A,11.057920000000001,487895949417115
1774160743878,2026-03-22 06:25:43.878,69111.0,0.00104,A,71.87544,340378902302864
1774160743878,2026-03-22 06:25:43.878,69110.0,0.00015,A,10.366499999999998,337949538698907
1774160743878,2026-03-22 06:25:43.878,69110.0,0.003,A,207.33,422340379904812
1774160743878,2026-03-22 06:25:43.878,69108.0,0.00016,A,11.05728,106558953956667
1774160743878,2026-03-22 06:25:43.878,69107.0,0.001,A,69.107,616769666182848
1774160744020,2026-03-22 06:25:44.020,69105.0,0.00015,A,10.365749999999998,1087974263748932
1774160744020,2026-03-22 06:25:44.020,69104.0,0.00016,A,11.056640000000002,460856922917757
1774160744020,2026-03-22 06:25:44.020,69104.0,0.00022,A,15.20288,347672358205314
1774160744020,2026-03-22 06:25:44.020,69102.0,0.00029,A,20.03958,1031923832227704
1774160744020,2026-03-22 06:25:44.020,69101.0,0.00016,A,11.05616,1085933494459512
1774160744020,2026-03-22 06:25:44.020,69101.0,0.00318,A,219.74118,883759283966498
1774160744085,2026-03-22 06:25:44.085,69102.0,0.00054,B,37.31508,672962270460477
1774160745046,2026-03-22 06:25:45.046,69101.0,0.00056,B,38.69656,63362412405291
1774160745114,2026-03-22 06:25:45.114,69103.0,0.00015,B,10.36545,158114861176922
1774160745114,2026-03-22 06:25:45.114,69112.0,0.066,B,4561.392,621526926830639
1774160745114,2026-03-22 06:25:45.114,69113.0,0.02068,B,1429.25684,54197320100352
1774160745114,2026-03-22 06:25:45.114,69113.0,0.00956,B,660.72028,892677391156957
1774160746357,2026-03-22 06:25:46.357,69113.0,0.00015,B,10.36695,356181975977941
1774160746357,2026-03-22 06:25:46.357,69113.0,2e-05,B,1.38226,978451280973204
1774160746357,2026-03-22 06:25:46.357,69113.0,0.00023,B,15.895990000000001,1020255064295544
1774160746566,2026-03-22 06:25:46.566,69113.0,0.00267,B,184.53171,659458594381403
1774160747174,2026-03-22 06:25:47.174,69112.0,0.00054,A,37.32048,383099339134894
1774160747478,2026-03-22 06:25:47.478,69113.0,0.00021,B,14.51373,95723434401569
1774160747982,2026-03-22 06:25:47.982,69111.0,7e-05,A,4.83777,334801576732201
1774160748322,2026-03-22 06:25:48.322,69107.0,0.003,A,207.321,183858952172218
1774160748322,2026-03-22 06:25:48.322,69107.0,0.001,A,69.107,650436998826182
1774160748322,2026-03-22 06:25:48.322,69105.0,0.00015,A,10.365749999999998,679289432556409
1774160748322,2026-03-22 06:25:48.322,69105.0,0.00012,A,8.2926,811834546459877
1774160748322,2026-03-22 06:25:48.322,69105.0,0.02201,A,1521.0010499999999,473654764866380
1774160748322,2026-03-22 06:25:48.322,69105.0,0.01757,A,1214.1748499999999,347786376375481
1774160749171,2026-03-22 06:25:49.171,69104.0,0.00016,A,11.056640000000002,250181840585760
1774160749171,2026-03-22 06:25:49.171,69104.0,0.00017,A,11.74768,388415674371791
1774160749171,2026-03-22 06:25:49.171,69103.0,0.00017,A,11.74751,238322706235195
1774160749171,2026-03-22 06:25:49.171,69102.0,0.003,A,207.306,547085704127253
1774160749171,2026-03-22 06:25:49.171,69102.0,0.00017,A,11.747340000000001,909046902492410
1774160749171,2026-03-22 06:25:49.171,69101.0,0.00016,A,11.05616,525993386202257
1774160749171,2026-03-22 06:25:49.171,69101.0,0.00017,A,11.74717,426404144288197
1774160749171,2026-03-22 06:25:49.171,69100.0,0.00017,A,11.747000000000002,54366941198610
1774160749171,2026-03-22 06:25:49.171,69099.0,0.00015,A,10.364849999999999,513234555845208
1774160749171,2026-03-22 06:25:49.171,69099.0,0.00452,A,312.32748,5904584158309
1774160749774,2026-03-22 06:25:49.774,69099.0,0.00017,A,11.746830000000001,14253285264337
1774160749774,2026-03-22 06:25:49.774,69098.0,0.00251,A,173.43598,122420696987768
1774160754217,2026-03-22 06:25:54.217,69100.0,0.00015,B,10.364999999999998,1052678664755499
1774160754217,2026-03-22 06:25:54.217,69100.0,0.00017,B,11.747000000000002,89978084352597
1774160754217,2026-03-22 06:25:54.217,69101.0,0.00017,B,11.74717,263154357346331
1774160754217,2026-03-22 06:25:54.217,69102.0,0.00017,B,11.747340000000001,243453633805511
1774160754217,2026-03-22 06:25:54.217,69103.0,0.00015,B,10.36545,859103507891376
1774160754217,2026-03-22 06:25:54.217,69103.0,0.00017,B,11.74751,212483360478242
1774160754217,2026-03-22 06:25:54.217,69104.0,0.00017,B,11.74768,1036490255398928
1774160754217,2026-03-22 06:25:54.217,69105.0,0.003,B,207.315,566497830608721
1774160754217,2026-03-22 06:25:54.217,69105.0,0.00017,B,11.747850000000001,60802810615399
1774160754217,2026-03-22 06:25:54.217,69106.0,0.001,B,69.106,525522197114067
1774160754217,2026-03-22 06:25:54.217,69106.0,0.00017,B,11.74802,961688032866322
1774160754217,2026-03-22 06:25:54.217,69107.0,0.00016,B,11.057120000000001,767676563966474
1774160754217,2026-03-22 06:25:54.217,69107.0,0.00017,B,11.748190000000001,1105831992690929
1774160754217,2026-03-22 06:25:54.217,69108.0,0.00017,B,11.748360000000002,13523834332512
1774160754217,2026-03-22 06:25:54.217,69109.0,0.00015,B,10.366349999999999,261499796306355
1774160754217,2026-03-22 06:25:54.217,69109.0,0.00017,B,11.74853,353603883211423
1774160754217,2026-03-22 06:25:54.217,69109.0,0.05069,B,3503.13521,83803172752189
1774160754217,2026-03-22 06:25:54.217,69109.0,0.08682,B,6000.043379999999,736857664051150
1774160754817,2026-03-22 06:25:54.817,69109.0,7e-05,B,4.83763,1110316978861709
1774160755352,2026-03-22 06:25:55.352,69109.0,0.00017,B,11.74853,1074779734802117
1774160755821,2026-03-22 06:25:55.821,69108.0,0.00234,A,161.71272000000002,567127236417187
1774160755954,2026-03-22 06:25:55.954,69108.0,0.00234,A,161.71272000000002,1015222158915799
1774160756357,2026-03-22 06:25:56.357,69109.0,0.00023,B,15.89507,881131748277816
1774160756430,2026-03-22 06:25:56.430,69109.0,0.00025,B,17.27725,113256975523772
1774160756711,2026-03-22 06:25:56.711,69108.0,0.01081,A,747.05748,650075030402391
1774160757032,2026-03-22 06:25:57.032,69108.0,0.00017,A,11.748360000000002,36409572803715
1774160757836,2026-03-22 06:25:57.836,69109.0,0.05593,B,3865.26637,356198774420242
1774160757836,2026-03-22 06:25:57.836,69109.0,0.01642,B,1134.76978,165166389260589
1774160758037,2026-03-22 06:25:58.037,69108.0,0.00177,A,122.32116,994767599184479
1774160758571,2026-03-22 06:25:58.571,69109.0,0.00054,B,37.31886,437355981598221
1774160758970,2026-03-22 06:25:58.970,69108.0,0.33156,B,22913.448480000003,669446970626487
1774160759043,2026-03-22 06:25:59.043,69108.0,0.00016,B,11.05728,751011177217002
1774160759850,2026-03-22 06:25:59.850,69104.0,0.00016,A,11.056640000000002,144408426242366
1774160760050,2026-03-22 06:26:00.050,69103.0,0.003,A,207.309,783124949678416
1774160760050,2026-03-22 06:26:00.050,69102.0,0.00018,A,12.438360000000001,137141173902335
1774160760185,2026-03-22 06:26:00.185,69102.0,0.00053,A,36.62406,102710290268010
1774160760185,2026-03-22 06:26:00.185,69102.0,0.00334,A,230.80068,911098723873760
1774160760946,2026-03-22 06:26:00.946,69101.0,0.00015,A,10.36515,1125501484159998
1774160761006,2026-03-22 06:26:01.006,69100.0,0.00238,A,164.458,467375016693735
1774160762636,2026-03-22 06:26:02.636,69098.0,0.00017,A,11.74666,20193069093648
1774160762636,2026-03-22 06:26:02.636,69098.0,0.0046,A,317.8508,58966745360215
1774160764005,2026-03-22 06:26:04.005,69098.0,0.00017,A,11.74666,29664051471446
1774160764465,2026-03-22 06:26:04.465,69098.0,0.00474,A,327.52452,382773661054851
1774160765006,2026-03-22 06:26:05.006,69098.0,0.00142,A,98.11916000000001,311696304525765
1774160768020,2026-03-22 06:26:08.020,69099.0,0.00016,B,11.055840000000002,139092753133585
1774160768621,2026-03-22 06:26:08.621,69098.0,0.0004,A,27.639200000000002,1122708495650790
1774160769634,2026-03-22 06:26:09.634,69099.0,0.08683,B,5999.86617,60372342843835
1774160770776,2026-03-22 06:26:10.776,69099.0,0.0207,B,1430.3493,835298717932051
1774160770832,2026-03-22 06:26:10.832,69099.0,0.00026,B,17.965739999999997,70161300257589
1774160772525,2026-03-22 06:26:12.525,69099.0,0.00052,B,35.93147999999999,227925446193335
1774160772726,2026-03-22 06:26:12.726,69098.0,0.00052,A,35.93096,323473849041970
1774160772793,2026-03-22 06:26:12.793,69098.0,0.01709,A,1180.88482,997773814269409
1774160772793,2026-03-22 06:26:12.793,69098.0,0.14402,A,9951.49396,790195350919192
1774160772793,2026-03-22 06:26:12.793,69098.0,0.00943,A,651.5941399999999,1098395328500878
1774160772793,2026-03-22 06:26:12.793,69098.0,0.00017,A,11.74666,725222935696407
1774160772793,2026-03-22 06:26:12.793,69098.0,0.00217,A,149.94266000000002,173575305469651
1774160772793,2026-03-22 06:26:12.793,69098.0,0.00111,A,76.69878,1007851069471230
1774160772793,2026-03-22 06:26:12.793,69098.0,0.10853,A,7499.20594,237230108988482
1774160772793,2026-03-22 06:26:12.793,69098.0,0.06954,A,4805.07492,549355907777569
1774160772793,2026-03-22 06:26:12.793,69098.0,0.42,A,29021.16,11769985865277
1774160772793,2026-03-22 06:26:12.793,69098.0,0.02578,A,1781.34644,469809271276703
1774160774094,2026-03-22 06:26:14.094,69098.0,0.00416,A,287.44768,108844782393781
1774160774295,2026-03-22 06:26:14.295,69099.0,0.00482,B,333.05717999999996,75332791811805
1774160775100,2026-03-22 06:26:15.100,69099.0,0.00057,B,39.38643,1045133689762333
1774160776398,2026-03-22 06:26:16.398,69099.0,0.00017,B,11.746830000000001,1052559734844870
1774160776398,2026-03-22 06:26:16.398,69100.0,0.00015,B,10.364999999999998,963336328024090
1774160776398,2026-03-22 06:26:16.398,69100.0,0.00017,B,11.747000000000002,1031719551894167
1774160776398,2026-03-22 06:26:16.398,69101.0,0.00017,B,11.74717,219922686154488
1774160782237,2026-03-22 06:26:22.237,69101.0,0.02028,A,1401.36828,379539446163304
1774160784562,2026-03-22 06:26:24.562,69102.0,0.001,B,69.102,383090868316027
1774160786594,2026-03-22 06:26:26.594,69102.0,0.00017,B,11.747340000000001,78213106983815
1774160786594,2026-03-22 06:26:26.594,69103.0,0.00017,B,11.74751,1024052371101595
1774160786594,2026-03-22 06:26:26.594,69103.0,0.00015,B,10.36545,926721107396638
1774160786594,2026-03-22 06:26:26.594,69104.0,3e-05,B,2.07312,347754841619020
1774160786658,2026-03-22 06:26:26.658,69104.0,0.00014,B,9.67456,724961048934269
1774160786658,2026-03-22 06:26:26.658,69105.0,0.00017,B,11.747850000000001,444491300026790
1774160786658,2026-03-22 06:26:26.658,69105.0,0.00114,B,78.77969999999999,720062895214374
1774160787019,2026-03-22 06:26:27.019,69104.0,0.00017,A,11.74768,603236138819459
1774160788024,2026-03-22 06:26:28.024,69104.0,0.00178,A,123.00511999999999,77410471768209
1774160789029,2026-03-22 06:26:29.029,69105.0,0.00016,B,11.0568,778349364881422
1774160791020,2026-03-22 06:26:31.020,69104.0,0.00238,A,164.46752,1111131019342866
1774160793865,2026-03-22 06:26:33.865,69104.0,0.00051,A,35.24304,135622014061548
1774160794067,2026-03-22 06:26:34.067,69104.0,0.00017,A,11.74768,286848119827097
1774160794067,2026-03-22 06:26:34.067,69104.0,0.00142,A,98.12768,227877406647812
1774160800253,2026-03-22 06:26:40.253,69105.0,0.0005,B,34.5525,34253667920796
1774160800374,2026-03-22 06:26:40.374,69105.0,0.00017,B,11.747850000000001,936252339005948
1774160800374,2026-03-22 06:26:40.374,69105.0,0.10853,B,7499.96565,582878833765503
1774160800374,2026-03-22 06:26:40.374,69106.0,0.00017,B,11.74802,1083045035572956
1774160800374,2026-03-22 06:26:40.374,69106.0,0.00015,B,10.3659,600060893493686
1774160800374,2026-03-22 06:26:40.374,69106.0,0.10852,B,7499.38312,506472695105704
1774160800374,2026-03-22 06:26:40.374,69107.0,0.00016,B,11.057120000000001,803714810355513
1774160800374,2026-03-22 06:26:40.374,69107.0,0.00017,B,11.748190000000001,482366133032932
1774160800374,2026-03-22 06:26:40.374,69107.0,0.00222,B,153.41754,807734640063610
1774160800374,2026-03-22 06:26:40.374,69107.0,0.57775,B,39926.56925,1101847531055191
1774160803229,2026-03-22 06:26:43.229,69107.0,0.00017,B,11.748190000000001,775460681676445
1774160803229,2026-03-22 06:26:43.229,69108.0,0.00017,B,11.748360000000002,42638750671298
1774160803229,2026-03-22 06:26:43.229,69109.0,0.00017,B,11.74853,821715390775920
1774160803229,2026-03-22 06:26:43.229,69110.0,0.003,B,207.33,1009785757646919
1774160803229,2026-03-22 06:26:43.229,69110.0,0.00017,B,11.748700000000001,405325215849521
1774160803229,2026-03-22 06:26:43.229,69111.0,0.00016,B,11.05776,726388836825557
1774160803229,2026-03-22 06:26:43.229,69111.0,0.00017,B,11.74887,302513387686793
1774160803229,2026-03-22 06:26:43.229,69111.0,0.00999,B,690.41889,1083881926242089
1774160803968,2026-03-22 06:26:43.968,69111.0,1e-05,B,0.69111,257341192863901
1774160804124,2026-03-22 06:26:44.124,69110.0,0.00415,A,286.8065,491727373734897
1774160805124,2026-03-22 06:26:45.124,69111.0,0.00056,B,38.70216,660611110189912
1774160805592,2026-03-22 06:26:45.592,69111.0,0.00028,B,19.35108,968884318345837
1774160805803,2026-03-22 06:26:45.803,69110.0,0.01343,A,928.1473,719464811718367
1774160808014,2026-03-22 06:26:48.014,69105.0,0.003,A,207.315,682138132177565
1774160808014,2026-03-22 06:26:48.014,69104.0,0.00016,A,11.056640000000002,181819049051450
1774160808014,2026-03-22 06:26:48.014,69104.0,0.00034,A,23.49536,6928214501873
1774160808620,2026-03-22 06:26:48.620,69104.0,0.00139,A,96.05456,909605663296733
1774160810440,2026-03-22 06:26:50.440,69104.0,0.00028,A,19.34912,223981221548388
1774160814183,2026-03-22 06:26:54.183,69105.0,0.00049,B,33.86145,535273200037487
1774160818010,2026-03-22 06:26:58.010,69104.0,0.00178,A,123.00511999999999,571549041942169
1774160819067,2026-03-22 06:26:59.067,69105.0,0.00016,B,11.0568,665181446844083
1774160821073,2026-03-22 06:27:01.073,69104.0,0.00238,A,164.46752,702502352856688
1774160822411,2026-03-22 06:27:02.411,69104.0,0.00048,A,33.16992,214820551591264
1774160824032,2026-03-22 06:27:04.032,69104.0,0.00017,A,11.74768,586657005767881
1774160824032,2026-03-22 06:27:04.032,69104.0,0.00141,A,97.43664,397468259722888
1774160824032,2026-03-22 06:27:04.032,69105.0,0.04748,B,3281.1054,275456246597849
1774160827040,2026-03-22 06:27:07.040,69105.0,0.00048,B,33.1704,487362696191746
1774160828048,2026-03-22 06:27:08.048,69105.0,0.00016,B,11.0568,780442228480287
1774160828169,2026-03-22 06:27:08.169,69104.0,0.00048,A,33.16992,829681361471350
1774160832287,2026-03-22 06:27:12.287,69105.0,0.00036,B,24.8778,902842665164534
1774160834016,2026-03-22 06:27:14.016,69104.0,0.00416,A,287.47263999999996,373757516211421
1774160835024,2026-03-22 06:27:15.024,69105.0,0.00057,B,39.389849999999996,863947841331680
1774160835242,2026-03-22 06:27:15.242,69104.0,0.01819,A,1257.00176,353949379918964
1774160835292,2026-03-22 06:27:15.292,69105.0,0.1,B,6910.5,60754586522588
1774160835759,2026-03-22 06:27:15.759,69105.0,0.00016,B,11.0568,265236766266612
1774160836962,2026-03-22 06:27:16.962,69104.0,0.00269,A,185.88976,360479549217474
1774160840934,2026-03-22 06:27:20.934,69105.0,0.00047,B,32.47935,1050703674958717
1774160842243,2026-03-22 06:27:22.243,69104.0,0.08769,A,6059.72976,730024148173082
1774160842243,2026-03-22 06:27:22.243,69104.0,0.02894,A,1999.86976,133640953241543
1774160842243,2026-03-22 06:27:22.243,69104.0,0.10851,A,7498.475039999999,158741499341463
1774160842243,2026-03-22 06:27:22.243,69104.0,0.07073,A,4887.72592,743236067492605
1774160842837,2026-03-22 06:27:22.837,69105.0,0.00017,B,11.747850000000001,45303716641205
1774160842837,2026-03-22 06:27:22.837,69106.0,0.00017,B,11.74802,311684054116121
1774160842837,2026-03-22 06:27:22.837,69107.0,0.00017,B,11.748190000000001,353493257266860
1774160842837,2026-03-22 06:27:22.837,69108.0,0.00017,B,11.748360000000002,684886197612237
1774160842837,2026-03-22 06:27:22.837,69108.0,0.05632,B,3892.16256,546622191624406
1774160844049,2026-03-22 06:27:24.049,69108.0,0.00017,B,11.748360000000002,817702490015407
1774160845265,2026-03-22 06:27:25.265,69108.0,0.00023,B,15.89484,830653205071884
1774160845352,2026-03-22 06:27:25.352,69108.0,0.001,B,69.108,520048737298249
1774160845409,2026-03-22 06:27:25.409,69107.0,0.00036,A,24.87852,906664893435858
1774160846299,2026-03-22 06:27:26.299,69107.0,0.00046,A,31.78922,1082291493992658
1774160847059,2026-03-22 06:27:27.059,69107.0,0.00017,A,11.748190000000001,133082643254556
1774160848105,2026-03-22 06:27:28.105,69107.0,0.00178,A,123.01046,824554997421443
1774160849111,2026-03-22 06:27:29.111,69108.0,0.00016,B,11.05728,791015464792606
1774160849312,2026-03-22 06:27:29.312,69107.0,0.006,A,414.642,923057427076513
1774160850800,2026-03-22 06:27:30.800,69109.0,0.00017,B,11.74853,354556860165575
1774160850800,2026-03-22 06:27:30.800,69110.0,0.00017,B,11.748700000000001,586185310947218
1774160850800,2026-03-22 06:27:30.800,69111.0,0.00017,B,11.74887,1009850336093806
1774160850800,2026-03-22 06:27:30.800,69111.0,0.00016,B,11.05776,312620944613085
1774160850800,2026-03-22 06:27:30.800,69111.0,0.00075,B,51.83325,688444233115021
1774160850800,2026-03-22 06:27:30.800,69112.0,0.00017,B,11.74904,853868406514982
1774160850800,2026-03-22 06:27:30.800,69112.0,0.00041,B,28.335919999999998,203522543968844
1774160851097,2026-03-22 06:27:31.097,69111.0,0.00237,A,163.79307,770017516354965
1774160851199,2026-03-22 06:27:31.199,69112.0,0.00259,B,179.00008,510708194019888
1774160851326,2026-03-22 06:27:31.326,69114.0,0.00017,B,11.74938,471988391769216
1774160851326,2026-03-22 06:27:31.326,69114.0,0.00016,B,11.058240000000001,1030317622915182
1774160851326,2026-03-22 06:27:31.326,69114.0,0.00015,B,10.367099999999999,299858801039714
1774160851326,2026-03-22 06:27:31.326,69114.0,0.00495,B,342.1143,519972551536457
1774160851522,2026-03-22 06:27:31.522,69114.0,0.00044,B,30.41016,624330993087830
1774160851619,2026-03-22 06:27:31.619,69114.0,0.002,B,138.228,884328354636563
1774160852332,2026-03-22 06:27:32.332,69113.0,0.00236,A,163.10668,1097616243451928
1774160852332,2026-03-22 06:27:32.332,69113.0,0.15162,A,10478.91306,573997085580682
1774160854052,2026-03-22 06:27:34.052,69113.0,0.00142,A,98.14046,460337082559440
1774160854246,2026-03-22 06:27:34.246,69114.0,0.0056,B,387.0384,628651419779264
1774160856063,2026-03-22 06:27:36.063,69114.0,0.00046,B,31.792440000000003,305483959761323
1774160857727,2026-03-22 06:27:37.727,69113.0,0.00044,A,30.40972,1013950153255546
1774160858037,2026-03-22 06:27:38.037,69114.0,0.00016,B,11.058240000000001,421512952834141
1774160858840,2026-03-22 06:27:38.840,69113.0,0.00046,A,31.791980000000002,124581829942631
1774160859547,2026-03-22 06:27:39.547,69114.0,0.0207,B,1430.6598,1110117568198359
1774160862762,2026-03-22 06:27:42.762,69115.0,0.00017,B,11.749550000000001,265630073586356
1774160862762,2026-03-22 06:27:42.762,69115.0,0.02209,B,1526.7503499999998,256741766700069
1774160864078,2026-03-22 06:27:44.078,69114.0,0.00416,A,287.51424,25793971363546
1774160864476,2026-03-22 06:27:44.476,69115.0,0.02041,B,1410.63715,879721319283372
1774160865078,2026-03-22 06:27:45.078,69115.0,0.00056,B,38.7044,207615106910204
1774160868956,2026-03-22 06:27:48.956,69115.0,0.00278,B,192.1397,277889144287698
1774160870441,2026-03-22 06:27:50.441,69115.0,0.00045,B,31.10175,406895092724768
1774160871445,2026-03-22 06:27:51.445,69115.0,0.00015,B,10.367249999999999,968994804479260
1774160871845,2026-03-22 06:27:51.845,69114.0,0.00044,A,30.41016,764752398979124
1774160871845,2026-03-22 06:27:51.845,69115.0,0.00015,B,10.367249999999999,306212863990895
1774160872445,2026-03-22 06:27:52.445,69115.0,0.00015,B,10.367249999999999,185322527793748
1774160872822,2026-03-22 06:27:52.822,69115.0,0.01728,B,1194.3072,377965275220859
1774160873568,2026-03-22 06:27:53.568,69114.0,7e-05,A,4.83798,562709065663543
1774160873858,2026-03-22 06:27:53.858,69115.0,0.04981,B,3442.61815,323394601137964
1774160874598,2026-03-22 06:27:54.598,69115.0,0.04301,B,2972.63615,412581850502314
1774160874598,2026-03-22 06:27:54.598,69115.0,0.004,B,276.46,829046101834592
1774160874751,2026-03-22 06:27:54.751,69115.0,0.08681,B,5999.873149999999,193415419430360
1774160875380,2026-03-22 06:27:55.380,69115.0,0.053,B,3663.095,637445576597828
1774160875863,2026-03-22 06:27:55.863,69115.0,0.00028,B,19.3522,222403348825874
1774160876649,2026-03-22 06:27:56.649,69115.0,0.00016,B,11.0584,360673184942291
1774160876649,2026-03-22 06:27:56.649,69114.0,0.00028,A,19.35192,738859003596129
1774160877063,2026-03-22 06:27:57.063,69114.0,0.00017,A,11.74938,949434619284391
1774160877745,2026-03-22 06:27:57.745,69115.0,0.00024,B,16.587600000000002,1031247050882380
1774160878145,2026-03-22 06:27:58.145,69114.0,0.00178,A,123.02292,1107998300681949
1774160879004,2026-03-22 06:27:59.004,69115.0,0.00016,B,11.0584,782686741751392
1774160879492,2026-03-22 06:27:59.492,69115.0,0.56979,B,39381.03585,224888813622164
1774160879492,2026-03-22 06:27:59.492,69115.0,0.00017,B,11.749550000000001,264621842701581
1774160879492,2026-03-22 06:27:59.492,69116.0,0.00017,B,11.749720000000002,767571963274925
1774160879492,2026-03-22 06:27:59.492,69117.0,0.00017,B,11.74989,727401776429950
1774160880153,2026-03-22 06:28:00.153,69119.0,0.00017,B,11.75023,684578891893621
1774160880153,2026-03-22 06:28:00.153,69119.0,0.0002,B,13.8238,998804267098995
1774160880153,2026-03-22 06:28:00.153,69119.0,0.00108,B,74.64852,736408456594738
1774160880611,2026-03-22 06:28:00.611,69119.0,0.00038,B,26.265220000000003,521687936946800
1774160881013,2026-03-22 06:28:01.013,69118.0,0.00238,A,164.50084,878940826057602
1774160884027,2026-03-22 06:28:04.027,69118.0,0.00017,A,11.750060000000001,1103764527973303
1774160884027,2026-03-22 06:28:04.027,69118.0,0.00142,A,98.14756,1005840708378842
1774160884517,2026-03-22 06:28:04.517,69119.0,0.00044,B,30.41236,372377269839439
1774160888054,2026-03-22 06:28:08.054,69119.0,0.00016,B,11.059040000000001,353121441240033
1774160891072,2026-03-22 06:28:11.072,69119.0,0.02369,B,1637.42911,718762315142394
1774160894085,2026-03-22 06:28:14.085,69118.0,0.00416,A,287.53087999999997,292991919010310
1774160894492,2026-03-22 06:28:14.492,69120.0,7e-05,B,4.838399999999999,452325718263849
1774160894892,2026-03-22 06:28:14.892,69121.0,0.00017,B,11.750570000000002,761269633907436
1774160894892,2026-03-22 06:28:14.892,69121.0,0.0002,B,13.824200000000001,774175218112508
1774160894892,2026-03-22 06:28:14.892,69122.0,0.00017,B,11.75074,207915493852793
1774160894892,2026-03-22 06:28:14.892,69122.0,0.003,B,207.366,667359953592428
1774160894892,2026-03-22 06:28:14.892,69123.0,0.00017,B,11.750910000000001,901303147224417
1774160894892,2026-03-22 06:28:14.892,69123.0,0.00364,B,251.60772,416679955460554
1774160895010,2026-03-22 06:28:15.010,69123.0,0.00057,B,39.40011,986082067754283
1774160895697,2026-03-22 06:28:15.697,69123.0,0.00591,B,408.51693,724306849962711
1774160895697,2026-03-22 06:28:15.697,69123.0,0.00376,B,259.90247999999997,579779730553033
1774160897107,2026-03-22 06:28:17.107,69122.0,0.00044,A,30.41368,429497579147701
1774160898036,2026-03-22 06:28:18.036,69123.0,0.00043,B,29.72289,718474486913702
1774160898036,2026-03-22 06:28:18.036,69123.0,0.00022,B,15.20706,934174072305008
1774160901882,2026-03-22 06:28:21.882,69123.0,0.00017,B,11.750910000000001,548891049558499
1774160901882,2026-03-22 06:28:21.882,69124.0,0.00017,B,11.75108,265856239329356
1774160901882,2026-03-22 06:28:21.882,69124.0,0.00015,B,10.368599999999999,167588434705239
1774160901882,2026-03-22 06:28:21.882,69125.0,0.00016,B,11.06,279156516599429
1774160901882,2026-03-22 06:28:21.882,69125.0,0.00017,B,11.75125,264277297705166
1774160901882,2026-03-22 06:28:21.882,69126.0,0.00017,B,11.751420000000001,663581578448754
1774160901882,2026-03-22 06:28:21.882,69127.0,0.00017,B,11.75159,435692347829491
1774160901882,2026-03-22 06:28:21.882,69128.0,0.00249,B,172.12872000000002,664034147023357
1774160901882,2026-03-22 06:28:21.882,69128.0,0.00017,B,11.75176,775166708730837
1774160901882,2026-03-22 06:28:21.882,69129.0,0.00016,B,11.060640000000001,806333806157511
1774160901882,2026-03-22 06:28:21.882,69129.0,0.00017,B,11.751930000000002,316053321956491
1774160901882,2026-03-22 06:28:21.882,69129.0,0.00015,B,10.369349999999999,808982147673695
1774160901882,2026-03-22 06:28:21.882,69130.0,0.00017,B,11.7521,1009599402394906
1774160901882,2026-03-22 06:28:21.882,69130.0,0.003,B,207.39000000000001,202148484862700
1774160901882,2026-03-22 06:28:21.882,69131.0,0.00017,B,11.752270000000001,850420853699784
1774160901882,2026-03-22 06:28:21.882,69131.0,0.00022,B,15.208820000000001,730151828940052
1774160901882,2026-03-22 06:28:21.882,69131.0,0.07894,B,5457.20114,537468740057180
1774160901928,2026-03-22 06:28:21.928,69131.0,0.057,B,3940.467,975779904993119
1774160902918,2026-03-22 06:28:22.918,69131.0,0.00017,B,11.752270000000001,693538359222339
1774160903324,2026-03-22 06:28:23.324,69133.0,0.00017,B,11.75261,302410825012866
1774160903324,2026-03-22 06:28:23.324,69133.0,8e-05,B,5.530640000000001,592367520799221
1774160903646,2026-03-22 06:28:23.646,69133.0,0.00292,B,201.86836,950308317276003
1774160903646,2026-03-22 06:28:23.646,69133.0,0.01012,B,699.6259600000001,714339363788769
1774160903646,2026-03-22 06:28:23.646,69133.0,0.02441,B,1687.53653,2232686975355
1774160903727,2026-03-22 06:28:23.727,69132.0,0.00042,A,29.03544,290429242434383
1774160903727,2026-03-22 06:28:23.727,69133.0,0.00369,B,255.10077,77708592267421
1774160903727,2026-03-22 06:28:23.727,69133.0,0.00023,B,15.900590000000001,385711853861487
1774160904333,2026-03-22 06:28:24.333,69133.0,0.00022,B,15.20926,897335286544420
1774160907073,2026-03-22 06:28:27.073,69132.0,0.00017,A,11.75244,517970476122498
1774160907968,2026-03-22 06:28:27.968,69133.0,0.0002,B,13.826600000000001,699299774581770
1774160907968,2026-03-22 06:28:27.968,69133.0,0.0098,B,677.5033999999999,200035684775603
1774160908102,2026-03-22 06:28:28.102,69132.0,0.00177,A,122.36364,978056385799000
1774160909095,2026-03-22 06:28:29.095,69133.0,0.00016,B,11.061280000000002,1102102355728888
1774160911135,2026-03-22 06:28:31.135,69132.0,0.00238,A,164.53416,37654306570582
1774160912274,2026-03-22 06:28:32.274,69133.0,0.00042,B,29.03586,1107084993870175
1774160913866,2026-03-22 06:28:33.866,69133.0,2e-05,B,1.3826600000000002,177876189048769
1774160914021,2026-03-22 06:28:34.021,69132.0,0.00017,A,11.75244,1025483467781865
1774160914426,2026-03-22 06:28:34.426,69132.0,0.00042,A,29.03544,942204801768984
1774160915058,2026-03-22 06:28:35.058,69132.0,0.00142,A,98.16744,422679048541191
1774160917076,2026-03-22 06:28:37.076,69133.0,0.00017,B,11.75261,181770522707719
1774160917076,2026-03-22 06:28:37.076,69134.0,0.00017,B,11.752780000000001,721329536701297
1774160917076,2026-03-22 06:28:37.076,69135.0,0.01188,B,821.3238,638855199306015
1774160917076,2026-03-22 06:28:37.076,69135.0,0.00017,B,11.75295,674448909373487
1774160917076,2026-03-22 06:28:37.076,69136.0,0.00016,B,11.061760000000001,940019450887323
1774160917076,2026-03-22 06:28:37.076,69136.0,0.00017,B,11.753120000000001,1088114985095010
1774160917076,2026-03-22 06:28:37.076,69137.0,0.00017,B,11.753290000000002,93572876588177
1774160917076,2026-03-22 06:28:37.076,69138.0,0.00017,B,11.75346,769611566848064
1774160917076,2026-03-22 06:28:37.076,69139.0,0.00017,B,11.753630000000001,1062430555433801
1774160917076,2026-03-22 06:28:37.076,69140.0,0.00016,B,11.0624,1042487543596939
1774160917076,2026-03-22 06:28:37.076,69140.0,0.00017,B,11.7538,306188306019236
1774160917076,2026-03-22 06:28:37.076,69141.0,0.00017,B,11.75397,418555696580777
1774160917076,2026-03-22 06:28:37.076,69141.0,0.003,B,207.423,848552732386077
1774160917076,2026-03-22 06:28:37.076,69142.0,0.00017,B,11.754140000000001,313245655523520
1774160917076,2026-03-22 06:28:37.076,69143.0,0.0145,B,1002.5735000000001,7788659496697
1774160917076,2026-03-22 06:28:37.076,69143.0,0.00017,B,11.75431,560247621514002
1774160917076,2026-03-22 06:28:37.076,69143.0,0.003,B,207.429,724355594749303
1774160917076,2026-03-22 06:28:37.076,69144.0,0.00016,B,11.06304,888816856363593
1774160917076,2026-03-22 06:28:37.076,69144.0,0.00017,B,11.754480000000001,233005976731534
1774160917076,2026-03-22 06:28:37.076,69145.0,0.00017,B,11.754650000000002,1018539763292774
1774160917076,2026-03-22 06:28:37.076,69146.0,0.00017,B,11.75482,220575198625833
1774160917076,2026-03-22 06:28:37.076,69147.0,0.00016,B,11.06352,744033077171139
1774160917076,2026-03-22 06:28:37.076,69147.0,0.00017,B,11.754990000000001,666826215703871
1774160917076,2026-03-22 06:28:37.076,69147.0,0.00087,B,60.15789,148054670542306
1774160917076,2026-03-22 06:28:37.076,69148.0,0.02073,B,1433.43804,655231616754688
1774160917278,2026-03-22 06:28:37.278,69148.0,0.0516,B,3568.0368,54339927530007
1774160917278,2026-03-22 06:28:37.278,69148.0,0.00017,B,11.75516,769520489358660
1774160917278,2026-03-22 06:28:37.278,69148.0,0.00073,B,50.47804,339495911241808
1774160917278,2026-03-22 06:28:37.278,69149.0,0.01156,B,799.3624400000001,824394842474756
1774160917278,2026-03-22 06:28:37.278,69149.0,0.00017,B,11.75533,1024027113575563
1774160917278,2026-03-22 06:28:37.278,69149.0,0.00022,B,15.21278,293861394744949
1774160917278,2026-03-22 06:28:37.278,69149.0,0.02248,B,1554.46952,298161466077519
1774160918004,2026-03-22 06:28:38.004,69150.0,0.00016,B,11.064,153030063372645
1774160918284,2026-03-22 06:28:38.284,69150.0,1e-05,B,0.6915,31894938096260
1774160918284,2026-03-22 06:28:38.284,69150.0,0.00016,B,11.064,100778026707664
1774160918284,2026-03-22 06:28:38.284,69150.0,0.00025,B,17.2875,131551388104708
1774160918879,2026-03-22 06:28:38.879,69149.0,0.00073,A,50.47877,775495518980029
1774160918879,2026-03-22 06:28:38.879,69150.0,0.00248,B,171.492,918899870304633
1774160918879,2026-03-22 06:28:38.879,69150.0,0.00041,B,28.351499999999998,738568042541191
1774160918929,2026-03-22 06:28:38.929,69149.0,0.00073,A,50.47877,612580709497107
1774160919089,2026-03-22 06:28:39.089,69150.0,0.00023,B,15.9045,913274237067957
1774160919905,2026-03-22 06:28:39.905,69148.0,0.00145,A,100.26459999999999,33791360096808
1774160922932,2026-03-22 06:28:42.932,69148.0,0.00123,A,85.05204,895534817917690
1774160923146,2026-03-22 06:28:43.146,69148.0,0.00123,A,85.05204,591071785053781
1774160924061,2026-03-22 06:28:44.061,69148.0,0.00416,A,287.65567999999996,330610233884608
1774160925004,2026-03-22 06:28:45.004,69149.0,0.00057,B,39.41493,972915623024647
1774160926560,2026-03-22 06:28:46.560,69149.0,0.00041,B,28.35109,443666261800499
1774160927090,2026-03-22 06:28:47.090,69148.0,0.00077,A,53.243959999999994,874404786877406
1774160927161,2026-03-22 06:28:47.161,69148.0,0.00077,A,53.243959999999994,531762432440260
1774160927952,2026-03-22 06:28:47.952,69149.0,0.001,B,69.149,665125176748010
1774160928782,2026-03-22 06:28:48.782,69149.0,0.002,B,138.298,458479406280441
1774160928782,2026-03-22 06:28:48.782,69148.0,0.0004,A,27.659200000000002,863087113841540
1774160930766,2026-03-22 06:28:50.766,69149.0,0.00017,B,11.75533,882831958072224
1774160930766,2026-03-22 06:28:50.766,69150.0,0.00017,B,11.755500000000001,663926675413278
1774160930766,2026-03-22 06:28:50.766,69150.0,0.00015,B,10.372499999999999,547790277404106
1774160930766,2026-03-22 06:28:50.766,69151.0,0.00016,B,11.064160000000001,875505376531018
1774160930766,2026-03-22 06:28:50.766,69151.0,0.00011,B,7.60661,1046332109101290
1774160931415,2026-03-22 06:28:51.415,69151.0,6e-05,B,4.14906,1110714766482746
1774160931415,2026-03-22 06:28:51.415,69151.0,0.05694,B,3937.45794,410905152234180
1774160931618,2026-03-22 06:28:51.618,69152.0,0.00017,B,11.755840000000001,313961121254152
1774160931618,2026-03-22 06:28:51.618,69152.0,0.0002,B,13.830400000000001,292026942985657
1774160931618,2026-03-22 06:28:51.618,69153.0,0.00017,B,11.756010000000002,933770811035393
1774160931618,2026-03-22 06:28:51.618,69154.0,0.00017,B,11.75618,549206606684333
1774160931618,2026-03-22 06:28:51.618,69154.0,0.003,B,207.46200000000002,593886840566063
1774160931618,2026-03-22 06:28:51.618,69155.0,0.00016,B,11.064800000000002,333394355304358
1774160931618,2026-03-22 06:28:51.618,69155.0,5e-05,B,3.4577500000000003,460929609281241
1774160931618,2026-03-22 06:28:51.618,69155.0,0.00012,B,8.2986,647970443354823
1774160931618,2026-03-22 06:28:51.618,69156.0,0.00017,B,11.75652,895670123308021
1774160931618,2026-03-22 06:28:51.618,69157.0,0.00017,B,11.75669,114583109521662
1774160931618,2026-03-22 06:28:51.618,69157.0,0.0038,B,262.7966,543055875836072
1774160932543,2026-03-22 06:28:52.543,69157.0,0.00018,B,12.448260000000001,1008674789857326
1774160935808,2026-03-22 06:28:55.808,69157.0,0.00017,B,11.75669,116905545980163
1774160935808,2026-03-22 06:28:55.808,69158.0,0.00722,B,499.32076,250029562462520
1774160935808,2026-03-22 06:28:55.808,69158.0,0.00017,B,11.756860000000001,166627661536404
1774160935808,2026-03-22 06:28:55.808,69159.0,0.00016,B,11.06544,169406667347413
1774160935808,2026-03-22 06:28:55.808,69159.0,0.003,B,207.477,217616298249284
1774160935808,2026-03-22 06:28:55.808,69159.0,0.00017,B,11.75703,950365985528032
1774160935808,2026-03-22 06:28:55.808,69160.0,0.00017,B,11.757200000000001,1081791735116605
1774160935808,2026-03-22 06:28:55.808,69161.0,0.00017,B,11.757370000000002,140004376368227
1774160935808,2026-03-22 06:28:55.808,69162.0,0.00016,B,11.06592,42720221626225
1774160935808,2026-03-22 06:28:55.808,69162.0,0.00017,B,11.75754,443613058169576
1774160935808,2026-03-22 06:28:55.808,69163.0,0.006,B,414.978,934418614540922
1774160935808,2026-03-22 06:28:55.808,69163.0,0.03944,B,2727.78872,1062781333447083
1774160935867,2026-03-22 06:28:55.867,69162.0,0.04827,A,3338.44974,196794598491443
1774160936476,2026-03-22 06:28:56.476,69163.0,0.33334,B,23054.794420000002,52043340930183
1774160936802,2026-03-22 06:28:56.802,69163.0,0.00017,B,11.757710000000001,38606462662116
1774160937030,2026-03-22 06:28:57.030,69162.0,0.00017,A,11.75754,247273295524969
1774160937309,2026-03-22 06:28:57.309,69162.0,0.0002,A,13.8324,942646658161292
1774160937848,2026-03-22 06:28:57.848,69163.0,0.00019,B,13.140970000000001,228105888807165
1774160938046,2026-03-22 06:28:58.046,69162.0,0.00178,A,123.10835999999999,171418645249925
1774160939059,2026-03-22 06:28:59.059,69163.0,0.00016,B,11.066080000000001,898808686388587
1774160939877,2026-03-22 06:28:59.877,69163.0,0.01447,B,1000.7886100000001,13408414046620
1774160939877,2026-03-22 06:28:59.877,69163.0,0.00017,B,11.757710000000001,927720639001577
1774160939877,2026-03-22 06:28:59.877,69164.0,0.00016,B,11.06624,159796684443304
1774160939877,2026-03-22 06:28:59.877,69164.0,0.00043,B,29.74052,63939500582666
1774160939877,2026-03-22 06:28:59.877,69164.0,0.00017,B,11.75788,550172567108838
1774160939877,2026-03-22 06:28:59.877,69165.0,0.00017,B,11.75805,932863767368507
1774160939877,2026-03-22 06:28:59.877,69166.0,0.00017,B,11.758220000000001,565003933188519
1774160940074,2026-03-22 06:29:00.074,69167.0,0.00017,B,11.75839,614815984288827
1774160940074,2026-03-22 06:29:00.074,69167.0,0.00023,B,15.90841,910790566528281
1774160940344,2026-03-22 06:29:00.344,69167.0,0.00277,B,191.59259,746729515942046
1774160940344,2026-03-22 06:29:00.344,69168.0,0.00017,B,11.758560000000001,110152204185662
1774160940344,2026-03-22 06:29:00.344,69169.0,0.00016,B,11.06704,143976257038993
1774160940344,2026-03-22 06:29:00.344,69169.0,0.00017,B,11.758730000000002,1074228388906294
1774160940344,2026-03-22 06:29:00.344,69170.0,0.00773,B,534.6841,250977858461049
1774160941035,2026-03-22 06:29:01.035,69169.0,0.00238,A,164.62222,743667451038226
1774160941087,2026-03-22 06:29:01.087,69170.0,0.001,B,69.17,1030658663658234
1774160941087,2026-03-22 06:29:01.087,69170.0,0.002,B,138.34,301172115322687
1774160941087,2026-03-22 06:29:01.087,69170.0,0.00433,B,299.5061,981998969843421
1774160941087,2026-03-22 06:29:01.087,69170.0,0.00017,B,11.7589,440147987175743
1774160941087,2026-03-22 06:29:01.087,69171.0,0.00017,B,11.759070000000001,385615975739181
1774160941087,2026-03-22 06:29:01.087,69172.0,0.00017,B,11.75924,698281124332066
1774160941087,2026-03-22 06:29:01.087,69173.0,0.00309,B,213.74456999999998,1118060403137062
1774160941087,2026-03-22 06:29:01.087,69173.0,0.00016,B,11.067680000000001,340158491026086
1774160941087,2026-03-22 06:29:01.087,69173.0,0.00017,B,11.75941,237797932803137
1774160941087,2026-03-22 06:29:01.087,69173.0,0.003,B,207.519,102275802819829
1774160941087,2026-03-22 06:29:01.087,69174.0,0.00017,B,11.759580000000001,532690941225462
1774160941087,2026-03-22 06:29:01.087,69175.0,0.00017,B,11.75975,108436618118953
1774160941087,2026-03-22 06:29:01.087,69176.0,0.00017,B,11.759920000000001,721620456158283
1774160941087,2026-03-22 06:29:01.087,69176.0,0.10905,B,7543.6428,265242170944856
1774160941237,2026-03-22 06:29:01.237,69176.0,0.003,B,207.528,1004578294514484
1774160941690,2026-03-22 06:29:01.690,69176.0,0.00017,B,11.759920000000001,442733842279183
1774160941894,2026-03-22 06:29:01.894,69175.0,0.01,A,691.75,375008911142819
1774160942273,2026-03-22 06:29:02.273,69176.0,0.0207,B,1431.9432,470801772518409
1774160942708,2026-03-22 06:29:02.708,69175.0,0.00029,A,20.06075,70498194302577
1774160943106,2026-03-22 06:29:03.106,69176.0,0.00044,B,30.437440000000002,1046034580548941
1774160943391,2026-03-22 06:29:03.391,69176.0,0.00834,B,576.9278400000001,252058065598265
1774160943846,2026-03-22 06:29:03.846,69175.0,0.0004,A,27.67,1111329788572448
1774160944123,2026-03-22 06:29:04.123,69175.0,0.00017,A,11.75975,230434046458002
1774160944123,2026-03-22 06:29:04.123,69175.0,0.00141,A,97.53675,900062516939110
1774160945529,2026-03-22 06:29:05.529,69176.0,0.00308,B,213.06207999999998,714186325080035
1774160946009,2026-03-22 06:29:06.009,69176.0,0.13298,B,9199.024479999998,551480082023268
1774160946009,2026-03-22 06:29:06.009,69176.0,0.00415,B,287.0804,843513846014582
1774160946009,2026-03-22 06:29:06.009,69176.0,0.00017,B,11.759920000000001,448497406319651
1774160946009,2026-03-22 06:29:06.009,69176.0,0.36351,B,25146.16776,945076538210434
1774160946009,2026-03-22 06:29:06.009,69176.0,0.13828,B,9565.65728,816247631989173
1774160946009,2026-03-22 06:29:06.009,69176.0,0.06989,B,4834.710639999999,338578652452193
1774160946009,2026-03-22 06:29:06.009,69176.0,0.36027,B,24922.037519999998,104510723884816
1774160946009,2026-03-22 06:29:06.009,69176.0,0.00433,B,299.53207999999995,825459654832441
1774160946009,2026-03-22 06:29:06.009,69176.0,2.31296,B,160001.32095999998,584195473848087
1774160946009,2026-03-22 06:29:06.009,69176.0,0.43114,B,29824.540640000003,1011196833748624
1774160946009,2026-03-22 06:29:06.009,69176.0,0.51959,B,35943.15784,627705662268818
1774160946009,2026-03-22 06:29:06.009,69176.0,0.15977,B,11052.24952,328827664071134
1774160946009,2026-03-22 06:29:06.009,69176.0,0.16658,B,11523.33808,969074724336445
1774160946009,2026-03-22 06:29:06.009,69176.0,0.07722,B,5341.7707199999995,401806606582209
1774160946009,2026-03-22 06:29:06.009,69176.0,0.24731,B,17107.91656,890132420738148
1774160946009,2026-03-22 06:29:06.009,69176.0,0.01376,B,951.86176,356569514937497
1774160946009,2026-03-22 06:29:06.009,69176.0,0.49396,B,34170.176960000004,688154822187982
1774160946009,2026-03-22 06:29:06.009,69176.0,0.09805,B,6782.7068,153684811856173
1774160946546,2026-03-22 06:29:06.546,69176.0,0.40195,B,27805.293199999996,68069927993073
1774160946546,2026-03-22 06:29:06.546,69176.0,0.11512,B,7963.54112,533144567575533
1774160946546,2026-03-22 06:29:06.546,69176.0,0.07324,B,5066.45024,413870943936498
1774160946546,2026-03-22 06:29:06.546,69176.0,0.43114,B,29824.540640000003,1054942000547797
1774160946546,2026-03-22 06:29:06.546,69176.0,0.07853,B,5432.39128,62001761528650
1774160946684,2026-03-22 06:29:06.684,69176.0,0.08147,B,5635.76872,75412995501399
1774160946684,2026-03-22 06:29:06.684,69176.0,0.00326,B,225.51376,492663102051582
1774160947539,2026-03-22 06:29:07.539,69176.0,0.00017,B,11.759920000000001,399140687919224
1774160947539,2026-03-22 06:29:07.539,69176.0,0.08979,B,6211.31304,1036605790312043
1774160947539,2026-03-22 06:29:07.539,69177.0,0.00016,B,11.068320000000002,524779071271485
1774160947539,2026-03-22 06:29:07.539,69177.0,0.003,B,207.531,533765033451316
1774160947539,2026-03-22 06:29:07.539,69177.0,0.00017,B,11.760090000000002,717048565361795
1774160947539,2026-03-22 06:29:07.539,69178.0,0.00017,B,11.76026,45291350513212
1774160947539,2026-03-22 06:29:07.539,69179.0,0.00289,B,199.92731,1018328185580400
1774160947539,2026-03-22 06:29:07.539,69179.0,0.00017,B,11.760430000000001,82688617625501
1774160947539,2026-03-22 06:29:07.539,69179.0,0.01011,B,699.39969,732320504546941
1774160947539,2026-03-22 06:29:07.539,69180.0,0.00016,B,11.068800000000001,473245906860357
1774160947539,2026-03-22 06:29:07.539,69180.0,0.00024,B,16.6032,574700063531108
1774160947539,2026-03-22 06:29:07.539,69180.0,0.00017,B,11.7606,603211236494603
1774160947539,2026-03-22 06:29:07.539,69181.0,0.00017,B,11.76077,1107453473304883
1774160947539,2026-03-22 06:29:07.539,69181.0,0.04046,B,2799.0632600000004,293018134441228
1774160947539,2026-03-22 06:29:07.539,69182.0,0.07235,B,5005.3177,338866438005690
1774160947539,2026-03-22 06:29:07.539,69182.0,0.00017,B,11.760940000000002,435671735990594
1774160947539,2026-03-22 06:29:07.539,69182.0,0.00246,B,170.18771999999998,797038437407513
1774160947539,2026-03-22 06:29:07.539,69182.0,0.05665,B,3919.1603,301884158338488
1774160947539,2026-03-22 06:29:07.539,69182.0,0.55953,B,38709.40446,1081616287359966
1774160947539,2026-03-22 06:29:07.539,69183.0,0.10997,B,7608.05451,965984218592543
1774160947539,2026-03-22 06:29:07.539,69183.0,0.02376,B,1643.78808,887040359234164
1774160947539,2026-03-22 06:29:07.539,69183.0,1.08428,B,75013.74324,668533236783362
1774160947539,2026-03-22 06:29:07.539,69183.0,0.00017,B,11.76111,415338853516487
1774160947539,2026-03-22 06:29:07.539,69183.0,0.066,B,4566.078,313773171573657
1774160947539,2026-03-22 06:29:07.539,69183.0,0.41222,B,28518.61626,542783420408281
1774160947539,2026-03-22 06:29:07.539,69183.0,0.42273,B,29245.72959,860046607996615
1774160947539,2026-03-22 06:29:07.539,69183.0,0.19447,B,13454.01801,568583679063300
1774160947539,2026-03-22 06:29:07.539,69183.0,0.03416,B,2363.2912800000004,12285456657854
1774160947539,2026-03-22 06:29:07.539,69184.0,0.00016,B,11.06944,850790977185575
1774160947539,2026-03-22 06:29:07.539,69184.0,0.01156,B,799.7670400000001,610941836451856
1774160947539,2026-03-22 06:29:07.539,69184.0,0.00017,B,11.761280000000001,144021306191574
1774160947539,2026-03-22 06:29:07.539,69184.0,1.44567,B,100017.23328,274719876217299
1774160947539,2026-03-22 06:29:07.539,69184.0,0.20232,B,13997.30688,624329177049930
1774160947539,2026-03-22 06:29:07.539,69185.0,0.00017,B,11.76145,1031832912248862
1774160947539,2026-03-22 06:29:07.539,69185.0,0.21684,B,15002.0754,859371731485417
1774160947539,2026-03-22 06:29:07.539,69185.0,0.50597,B,35005.53445,251495989682305
1774160947539,2026-03-22 06:29:07.539,69185.0,0.27499,B,19025.18315,366399239297601
1774160947539,2026-03-22 06:29:07.539,69186.0,0.07235,B,5005.6071,713536350878378
1774160947539,2026-03-22 06:29:07.539,69186.0,0.00017,B,11.76162,197175132898563
1774160947539,2026-03-22 06:29:07.539,69186.0,0.003,B,207.558,688686671380490
1774160947539,2026-03-22 06:29:07.539,69186.0,0.00022,B,15.220920000000001,1082949484704566
1774160947539,2026-03-22 06:29:07.539,69186.0,0.42764,B,29586.70104,219137240055946
1774160947539,2026-03-22 06:29:07.539,69186.0,0.72282,B,50009.02452,403898753060530
1774160947539,2026-03-22 06:29:07.539,69186.0,0.0222,B,1535.9292,757591225673361
1774160947539,2026-03-22 06:29:07.539,69186.0,0.0212,B,1466.7432000000001,72879858715173
1774160947539,2026-03-22 06:29:07.539,69187.0,0.05291,B,3660.68417,209008220017123
1774160947539,2026-03-22 06:29:07.539,69187.0,0.00017,B,11.761790000000001,443873417094408
1774160947539,2026-03-22 06:29:07.539,69187.0,0.36537,B,25278.85419,772634485534865
1774160947539,2026-03-22 06:29:07.539,69187.0,0.0289,B,1999.5042999999998,926570193443202
1774160947539,2026-03-22 06:29:07.539,69187.0,0.50597,B,35006.54639,580128397501276
1774160947539,2026-03-22 06:29:07.539,69187.0,1.30106,B,90016.43822000001,995845459078693
1774160947539,2026-03-22 06:29:07.539,69188.0,0.00016,B,11.07008,386712127984498
1774160947539,2026-03-22 06:29:07.539,69188.0,0.07237,B,5007.135560000001,30583979573718
1774160947539,2026-03-22 06:29:07.539,69188.0,0.00017,B,11.76196,588809136541847
1774160947539,2026-03-22 06:29:07.539,69188.0,0.003,B,207.564,807459036503565
1774160947539,2026-03-22 06:29:07.539,69188.0,0.2529,B,17497.645200000003,1035833921412331
1774160947539,2026-03-22 06:29:07.539,69188.0,1.0842,B,75013.6296,574831598798673
1774160947539,2026-03-22 06:29:07.539,69188.0,0.50596,B,35006.360479999996,877427993116955
1774160947539,2026-03-22 06:29:07.539,69189.0,0.01156,B,799.8248400000001,602891624626977
1774160947539,2026-03-22 06:29:07.539,69189.0,0.00017,B,11.76213,908268119711242
1774160947539,2026-03-22 06:29:07.539,69189.0,0.02619,B,1812.0599100000002,932765970077604
1774160948022,2026-03-22 06:29:08.022,69189.0,0.00016,B,11.07024,666415475957257
1774160948425,2026-03-22 06:29:08.425,69188.0,0.00094,A,65.03672,49735309149568
1774160948425,2026-03-22 06:29:08.425,69188.0,0.01646,A,1138.83448,656414907394623
1774160948626,2026-03-22 06:29:08.626,69188.0,0.0174,A,1203.8711999999998,294597602023169
1774160949537,2026-03-22 06:29:09.537,69188.0,0.0326,A,2255.5287999999996,324668334438229
1774160949537,2026-03-22 06:29:09.537,69188.0,0.00032,A,22.14016,491350585842084
1774160950041,2026-03-22 06:29:10.041,69185.0,0.02739,B,1894.9771500000002,801843707637766
1774160953682,2026-03-22 06:29:13.682,69184.0,0.00028,A,19.371519999999997,838943953844149
1774160954058,2026-03-22 06:29:14.058,69184.0,0.00415,A,287.1136,314121009193010
1774160954301,2026-03-22 06:29:14.301,69185.0,0.00018,B,12.4533,1045149027158336
1774160954501,2026-03-22 06:29:14.501,69185.0,0.0004,B,27.674000000000003,190241563903851
1774160955026,2026-03-22 06:29:15.026,69185.0,0.00056,B,38.743599999999994,900157324615957
1774160956317,2026-03-22 06:29:16.317,69184.0,0.00482,A,333.46687999999995,862776557448332
1774160957035,2026-03-22 06:29:17.035,69184.0,0.00039,A,26.981759999999998,514930914746808
1774160965259,2026-03-22 06:29:25.259,69185.0,0.02017,B,1395.46145,153674741766100
1774160966784,2026-03-22 06:29:26.784,69184.0,0.01,A,691.84,617858119691525
1774160967084,2026-03-22 06:29:27.084,69184.0,0.00017,A,11.761280000000001,854908369067746
1774160967958,2026-03-22 06:29:27.958,69184.0,0.00023,A,15.912320000000001,409628315470292
1774160967958,2026-03-22 06:29:27.958,69183.0,0.003,A,207.549,850944945813997
1774160967958,2026-03-22 06:29:27.958,69183.0,0.00015,A,10.37745,944754362962041
1774160967958,2026-03-22 06:29:27.958,69183.0,0.00133,A,92.01339,885353974218581
1774160968008,2026-03-22 06:29:28.008,69183.0,0.00178,A,123.14573999999999,662353048148726
1774160968225,2026-03-22 06:29:28.225,69183.0,0.00038,B,26.289540000000002,580499977541722
1774160968806,2026-03-22 06:29:28.806,69181.0,0.00016,A,11.06896,359925771435701
1774160968806,2026-03-22 06:29:28.806,69181.0,0.02874,A,1988.26194,234698735273665
1774160969020,2026-03-22 06:29:29.020,69181.0,0.00016,A,11.06896,790318272215491
1774160969020,2026-03-22 06:29:29.020,69180.0,0.001,A,69.18,918715072639292
1774160969020,2026-03-22 06:29:29.020,69180.0,0.0064,A,442.752,1097761529080669
1774160969020,2026-03-22 06:29:29.020,69179.0,0.00244,A,168.79676,531232353856646
1774160969854,2026-03-22 06:29:29.854,69179.0,0.00038,A,26.288020000000003,241238621168803
1774160969986,2026-03-22 06:29:29.986,69180.0,0.04528,B,3132.4704,686425871961318
1774160970118,2026-03-22 06:29:30.118,69179.0,0.00022,A,15.219380000000001,11302353763448
1774160970781,2026-03-22 06:29:30.781,69179.0,0.00029,A,20.06191,999239424419494
1774160971028,2026-03-22 06:29:31.028,69179.0,0.00238,A,164.64602000000002,297698433895255
1774160972142,2026-03-22 06:29:32.142,69180.0,0.14939,B,10334.8002,78978024315841
1774160972851,2026-03-22 06:29:32.851,69180.0,0.03316,B,2294.0088,70016294802100
1774160974007,2026-03-22 06:29:34.007,69179.0,0.00017,A,11.760430000000001,862438518745551
1774160975066,2026-03-22 06:29:35.066,69179.0,0.00142,A,98.23418000000001,128779660904930
1774160975870,2026-03-22 06:29:35.870,69180.0,0.00272,B,188.1696,568491939431159
1774160976580,2026-03-22 06:29:36.580,69180.0,0.00219,B,151.5042,635745958460607
1774160978078,2026-03-22 06:29:38.078,69180.0,0.00016,B,11.068800000000001,615006919640720
1774160981633,2026-03-22 06:29:41.633,69180.0,0.00077,B,53.2686,778253515335559
1774160982922,2026-03-22 06:29:42.922,69180.0,0.009,B,622.62,165947692189071
1774160984048,2026-03-22 06:29:44.048,69179.0,0.00416,A,287.78463999999997,60609855694411
1774160984373,2026-03-22 06:29:44.373,69179.0,0.02046,A,1415.4023399999999,1124620043033058
1774160984990,2026-03-22 06:29:44.990,69180.0,0.00038,B,26.288400000000003,1015647212586148
1774160985063,2026-03-22 06:29:45.063,69180.0,0.00057,B,39.4326,74455010357510
1774160990177,2026-03-22 06:29:50.177,69180.0,0.00017,B,11.7606,194446337636462
1774160990177,2026-03-22 06:29:50.177,69180.0,0.00017,B,11.7606,590226086724094
1774160990177,2026-03-22 06:29:50.177,69181.0,0.00017,B,11.76077,633586205807634
1774160990177,2026-03-22 06:29:50.177,69181.0,0.00094,B,65.03014,185916883547884
1774160991259,2026-03-22 06:29:51.259,69183.0,0.00145,B,100.31535,333986089167257
1774160991877,2026-03-22 06:29:51.877,69183.0,0.01156,B,799.75548,636699568042278
1774160995187,2026-03-22 06:29:55.187,69182.0,7e-05,A,4.842739999999999,625650278824697
1774160995410,2026-03-22 06:29:55.410,69183.0,0.00037,A,25.59771,134778236946400
1774160996120,2026-03-22 06:29:56.120,69184.0,0.00017,B,11.761280000000001,337452310567592
1774160996120,2026-03-22 06:29:56.120,69184.0,0.0002,B,13.8368,364115913390077
1774160997016,2026-03-22 06:29:57.016,69184.0,0.00017,A,11.761280000000001,659059115311258
1774160997500,2026-03-22 06:29:57.500,69185.0,0.00028,B,19.371799999999997,690828103296417
1774160997500,2026-03-22 06:29:57.500,69185.0,0.03459,B,2393.10915,466679966985635
1774160997500,2026-03-22 06:29:57.500,69185.0,0.00017,B,11.76145,847835077367254
1774160997500,2026-03-22 06:29:57.500,69186.0,0.00017,B,11.76162,22728646971341
1774160997500,2026-03-22 06:29:57.500,69187.0,0.00017,B,11.761790000000001,593107255960381
1774160997500,2026-03-22 06:29:57.500,69188.0,0.00017,B,11.76196,35383442446651
1774160997500,2026-03-22 06:29:57.500,69188.0,0.00016,B,11.07008,768177125769051
1774160997500,2026-03-22 06:29:57.500,69189.0,0.00017,B,11.76213,750740564953582
1774160997500,2026-03-22 06:29:57.500,69189.0,0.01156,B,799.8248400000001,992339163620982
1774160997500,2026-03-22 06:29:57.500,69189.0,0.01286,B,889.77054,702779763859274
1774160998025,2026-03-22 06:29:58.025,69188.0,0.00178,A,123.15463999999999,358575578693886
1774160998623,2026-03-22 06:29:58.623,69189.0,0.00017,B,11.76213,786774307169946
1774160998623,2026-03-22 06:29:58.623,69189.0,0.00019,B,13.14591,31711198061851
1774160999024,2026-03-22 06:29:59.024,69189.0,0.00016,B,11.07024,937985271135809
1774160999830,2026-03-22 06:29:59.830,69189.0,7e-05,B,4.843229999999999,934665091685971
1774161001003,2026-03-22 06:30:01.003,69188.0,0.00237,A,163.97556,1092642206646814
1774161002614,2026-03-22 06:30:02.614,69189.0,0.00145,B,100.32405,588382178088839
1774161004060,2026-03-22 06:30:04.060,69188.0,0.00017,A,11.76196,53469266881175
1774161004060,2026-03-22 06:30:04.060,69188.0,0.00142,A,98.24696,479833209129516
1774161004263,2026-03-22 06:30:04.263,69188.0,0.00032,A,22.14016,526347421204290
1774161004718,2026-03-22 06:30:04.718,69189.0,0.01549,B,1071.7376100000001,55113999664829
1774161005483,2026-03-22 06:30:05.483,69189.0,0.016,B,1107.0240000000001,543886158524583
1774161008091,2026-03-22 06:30:08.091,69189.0,0.00016,B,11.07024,32382053591882
1774161008117,2026-03-22 06:30:08.117,69188.0,0.00036,A,24.907680000000003,723328002504182
1774161008301,2026-03-22 06:30:08.301,69188.0,0.00047,A,32.51836,639144159439765
1774161009600,2026-03-22 06:30:09.600,69189.0,0.09539,B,6599.93871,651412704398280
1774161009600,2026-03-22 06:30:09.600,69189.0,0.00418,B,289.21002,826746161398321
1774161009600,2026-03-22 06:30:09.600,69189.0,0.35597,B,24629.20833,887158528389334
1774161009600,2026-03-22 06:30:09.600,69189.0,0.33823,B,23401.795469999997,253625745064166
1774161009600,2026-03-22 06:30:09.600,69189.0,0.106,B,7334.034,181192851788159
1774161009600,2026-03-22 06:30:09.600,69189.0,0.14673,B,10152.10197,770798039792836
1774161009600,2026-03-22 06:30:09.600,69189.0,0.13404,B,9274.09356,959167836816794
1774161009600,2026-03-22 06:30:09.600,69189.0,0.06265,B,4334.69085,697724375432275
1774161009600,2026-03-22 06:30:09.600,69189.0,0.01338,B,925.74882,679885483106754
1774161009929,2026-03-22 06:30:09.929,69188.0,0.00029,A,20.06452,108713613638711
1774161012565,2026-03-22 06:30:12.565,69189.0,0.00036,B,24.908040000000003,915877904972640
1774161013539,2026-03-22 06:30:13.539,69188.0,0.00087,A,60.19356,305251161730078
1774161014027,2026-03-22 06:30:14.027,69188.0,0.00416,A,287.82207999999997,323612188353656
1774161014557,2026-03-22 06:30:14.557,69189.0,0.00723,B,500.23647,996363022965749
1774161014557,2026-03-22 06:30:14.557,69189.0,0.00723,B,500.23647,611898311077696
1774161015022,2026-03-22 06:30:15.022,69189.0,0.00056,B,38.745839999999994,453866340113592
1774161015234,2026-03-22 06:30:15.234,69188.0,0.00189,A,130.76532,474626183307783
1774161016843,2026-03-22 06:30:16.843,69189.0,0.00066,B,45.66474,1068107842432400
1774161021069,2026-03-22 06:30:21.069,69188.0,0.00036,A,24.907680000000003,990163626059234
1774161024425,2026-03-22 06:30:24.425,69189.0,0.00017,B,11.76213,919686714331146
1774161024425,2026-03-22 06:30:24.425,69189.0,5e-05,B,3.4594500000000004,1015806545083781
1774161024688,2026-03-22 06:30:24.688,69188.0,0.00493,A,341.09684000000004,402675063122706
1774161024890,2026-03-22 06:30:24.890,69189.0,0.01114,B,770.7654600000001,200471763165985
1774161025477,2026-03-22 06:30:25.477,69189.0,0.05117,B,3540.40113,20159556898167
1774161026763,2026-03-22 06:30:26.763,69187.0,0.00015,A,10.378049999999998,558094065809707
1774161027068,2026-03-22 06:30:27.068,69184.0,0.00017,A,11.761280000000001,268745104186911
1774161027372,2026-03-22 06:30:27.372,69185.0,0.00036,B,24.9066,537587586341985
1774161028148,2026-03-22 06:30:28.148,69184.0,0.00177,A,122.45568,391412418410481
1774161028509,2026-03-22 06:30:28.509,69183.0,0.00015,A,10.37745,801713463869886
1774161028509,2026-03-22 06:30:28.509,69183.0,0.00017,A,11.76111,858393450968550
1774161028509,2026-03-22 06:30:28.509,69182.0,0.00017,A,11.760940000000002,1036721436946494
1774161028509,2026-03-22 06:30:28.509,69181.0,0.00016,A,11.06896,658867706840215
1774161028509,2026-03-22 06:30:28.509,69181.0,0.02375,A,1643.04875,686078413524249
1774161028509,2026-03-22 06:30:28.509,69181.0,0.02388,A,1652.04228,1025331195203999
1774161028509,2026-03-22 06:30:28.509,69181.0,0.00017,A,11.76077,955190891816536
1774161028509,2026-03-22 06:30:28.509,69181.0,0.00015,A,10.377149999999999,573833584998027
1774161029020,2026-03-22 06:30:29.020,69181.0,0.00016,B,11.06896,79200462683059
1774161029985,2026-03-22 06:30:29.985,69180.0,0.00035,A,24.213,142686798155746
1774161029985,2026-03-22 06:30:29.985,69180.0,0.02856,A,1975.7808,1068372266017220
1774161029985,2026-03-22 06:30:29.985,69180.0,0.00017,A,11.7606,877294794974633
1774161029985,2026-03-22 06:30:29.985,69179.0,0.00017,A,11.760430000000001,40719678814485
1774161029985,2026-03-22 06:30:29.985,69179.0,0.00015,A,10.37685,764049666720642
1774161029985,2026-03-22 06:30:29.985,69179.0,0.0007,A,48.4253,399989785910163
1774161030235,2026-03-22 06:30:30.235,69179.0,0.00238,A,164.64602000000002,28760453758446
1774161030350,2026-03-22 06:30:30.350,69179.0,0.00289,A,199.92731,613812694955979
1774161030350,2026-03-22 06:30:30.350,69180.0,0.19613,B,13568.2734,1054446886411245
1774161030350,2026-03-22 06:30:30.350,69180.0,0.06676,B,4618.4568,886087382284214
1774161030350,2026-03-22 06:30:30.350,69180.0,0.57821,B,40000.5678,84517732299667
1774161030350,2026-03-22 06:30:30.350,69180.0,0.05463,B,3779.3034,72567915886837
1774161030350,2026-03-22 06:30:30.350,69180.0,0.11398,B,7885.136399999999,897745350243929
1774161030350,2026-03-22 06:30:30.350,69180.0,0.12928,B,8943.590400000001,1077290064172906
1774161030350,2026-03-22 06:30:30.350,69180.0,0.12,B,8301.6,468228452167660
1774161030350,2026-03-22 06:30:30.350,69180.0,0.10841,B,7499.803800000001,302442027750550
1774161030350,2026-03-22 06:30:30.350,69180.0,0.52047,B,36006.1146,578627792491213
1774161031046,2026-03-22 06:30:31.046,69179.0,0.00017,A,11.760430000000001,1079409366333136
1774161031046,2026-03-22 06:30:31.046,69178.0,0.00017,A,11.76026,1088045484196089
1774161031046,2026-03-22 06:30:31.046,69177.0,0.00017,A,11.760090000000002,741256892681384
1774161031186,2026-03-22 06:30:31.186,69176.0,0.003,A,207.528,225554939962413
1774161031186,2026-03-22 06:30:31.186,69176.0,0.00017,A,11.759920000000001,328233785073984
1774161031186,2026-03-22 06:30:31.186,69176.0,0.00015,A,10.376399999999999,13999578775627
1774161031186,2026-03-22 06:30:31.186,69175.0,0.00017,A,11.75975,558564363913750
1774161031186,2026-03-22 06:30:31.186,69174.0,0.00016,A,11.06784,696348028343516
1774161031186,2026-03-22 06:30:31.186,69174.0,0.00043,A,29.74482,265912882370738
1774161031186,2026-03-22 06:30:31.186,69174.0,0.00072,A,49.80528,417744842660016
1774161031186,2026-03-22 06:30:31.186,69174.0,0.00017,A,11.759580000000001,818438720456218
1774161031186,2026-03-22 06:30:31.186,69174.0,0.003,A,207.522,127015940674538
1774161031186,2026-03-22 06:30:31.186,69174.0,0.02144,A,1483.09056,707069309605270
1774161032033,2026-03-22 06:30:32.033,69173.0,0.00017,A,11.75941,1044836327082281
1774161032437,2026-03-22 06:30:32.437,69172.0,0.00029,A,20.05988,830931743360995
1774161032437,2026-03-22 06:30:32.437,69172.0,0.00022,A,15.21784,8595626849335
1774161032437,2026-03-22 06:30:32.437,69172.0,0.00017,A,11.75924,817460032305750
1774161032437,2026-03-22 06:30:32.437,69171.0,0.00029,A,20.05959,786545073398706
1774161032437,2026-03-22 06:30:32.437,69171.0,0.00017,A,11.759070000000001,893249973561307
1774161032437,2026-03-22 06:30:32.437,69170.0,0.00016,A,11.067200000000001,600119321475577
1774161032437,2026-03-22 06:30:32.437,69170.0,0.00029,A,20.0593,340066533364449
1774161032437,2026-03-22 06:30:32.437,69170.0,0.00017,A,11.7589,1015719221852767
1774161032643,2026-03-22 06:30:32.643,69170.0,0.00019,B,13.1423,216591593183616
1774161032643,2026-03-22 06:30:32.643,69170.0,0.04971,B,3438.4406999999997,88211549719499
1774161033247,2026-03-22 06:30:33.247,69170.0,0.02945,B,2037.0565000000001,582661084126652
1774161034056,2026-03-22 06:30:34.056,69169.0,0.00017,A,11.758730000000002,1047604315022432
1774161034056,2026-03-22 06:30:34.056,69169.0,0.00012,A,8.30028,560789139029317
1774161034056,2026-03-22 06:30:34.056,69169.0,0.00017,A,11.758730000000002,1063113013486013
1774161034056,2026-03-22 06:30:34.056,69169.0,0.00113,A,78.16096999999999,475401741268223
1774161034056,2026-03-22 06:30:34.056,69170.0,0.0207,B,1431.819,434063818234566
1774161035271,2026-03-22 06:30:35.271,69169.0,0.00122,A,84.38618,374881813000550
1774161035957,2026-03-22 06:30:35.957,69169.0,0.00123,A,85.07787,741716418753088
1774161036618,2026-03-22 06:30:36.618,69169.0,0.00017,A,11.758730000000002,432562398032303
1774161036618,2026-03-22 06:30:36.618,69169.0,0.02658,A,1838.51202,507359425286352
1774161037071,2026-03-22 06:30:37.071,69169.0,0.00145,A,100.29504999999999,841752779420844
1774161038025,2026-03-22 06:30:38.025,69170.0,0.00016,B,11.067200000000001,67783243823625
1774161038306,2026-03-22 06:30:38.306,69169.0,0.00017,A,11.758730000000002,288011992755470
1774161038306,2026-03-22 06:30:38.306,69169.0,0.00128,A,88.53632,430243879032294
1774161039429,2026-03-22 06:30:39.429,69169.0,0.0024,A,166.0056,966669156835663
1774161040310,2026-03-22 06:30:40.310,69169.0,0.0024,A,166.0056,439088029245019
1774161040484,2026-03-22 06:30:40.484,69169.0,0.00721,A,498.70849000000004,185958313140709
1774161042098,2026-03-22 06:30:42.098,69169.0,0.00034,B,23.517460000000003,269377877413816
1774161042098,2026-03-22 06:30:42.098,69169.0,0.00208,B,143.87151999999998,433340521383781
1774161042098,2026-03-22 06:30:42.098,69169.0,0.00038,B,26.28422,170581610846737
1774161042825,2026-03-22 06:30:42.825,69168.0,0.00017,A,11.758560000000001,338731150193038
1774161042825,2026-03-22 06:30:42.825,69168.0,0.00128,A,88.53504000000001,377512423576387
1774161044041,2026-03-22 06:30:44.041,69168.0,0.00416,A,287.73888,718211096030699
1774161045035,2026-03-22 06:30:45.035,69170.0,0.00015,B,10.375499999999999,661021841980788
1774161045035,2026-03-22 06:30:45.035,69171.0,0.00015,B,10.375649999999998,420391409518625
1774161045035,2026-03-22 06:30:45.035,69172.0,0.00015,B,10.3758,582323773370805
1774161045035,2026-03-22 06:30:45.035,69173.0,0.00012,B,8.30076,818798271507026
1774161045298,2026-03-22 06:30:45.298,69172.0,0.00077,A,53.26244,814625295668312
1774161046135,2026-03-22 06:30:46.135,69171.0,0.00015,A,10.375649999999998,216179252989591
1774161046250,2026-03-22 06:30:46.250,69170.0,0.00015,A,10.375499999999999,416197819196051
1774161046250,2026-03-22 06:30:46.250,69168.0,0.00017,A,11.758560000000001,674802348134927
1774161046250,2026-03-22 06:30:46.250,69167.0,2e-05,A,1.38334,139921964319866
1774161046662,2026-03-22 06:30:46.662,69167.0,0.00017,A,11.75839,630597915504496
1774161046662,2026-03-22 06:30:46.662,69166.0,0.00017,A,11.758220000000001,903101416854087
1774161047732,2026-03-22 06:30:47.732,69166.0,0.00015,B,10.374899999999998,655295400848328
1774161047732,2026-03-22 06:30:47.732,69165.0,0.00017,A,11.75805,144781240257531
1774161047732,2026-03-22 06:30:47.732,69165.0,0.0119,A,823.0635000000001,608359154626101
1774161050241,2026-03-22 06:30:50.241,69165.0,0.00189,A,130.72185,268035604944737
1774161050357,2026-03-22 06:30:50.357,69165.0,0.00189,A,130.72185,573336555736072
1774161051974,2026-03-22 06:30:51.974,69166.0,0.00016,B,11.06656,518362877308107
1774161053769,2026-03-22 06:30:53.769,69166.0,0.00056,B,38.73296,923718380887467
1774161054464,2026-03-22 06:30:54.464,69165.0,0.00017,A,11.75805,249042377060683
1774161054695,2026-03-22 06:30:54.695,69164.0,0.00017,A,11.75788,259945042135895
1774161054695,2026-03-22 06:30:54.695,69164.0,0.00015,A,10.3746,279536744592412
1774161054695,2026-03-22 06:30:54.695,69163.0,0.00016,A,11.066080000000001,253877882711559
1774161054695,2026-03-22 06:30:54.695,69163.0,0.00017,A,11.757710000000001,622201385926270
1774161054695,2026-03-22 06:30:54.695,69163.0,0.003,A,207.489,357261448923600
1774161054695,2026-03-22 06:30:54.695,69163.0,0.00015,A,10.37445,1071078993141651
1774161055411,2026-03-22 06:30:55.411,69162.0,0.00017,A,11.75754,370939754025999
1774161055411,2026-03-22 06:30:55.411,69161.0,0.00017,A,11.757370000000002,613570699703729
1774161055411,2026-03-22 06:30:55.411,69160.0,0.00017,A,11.757200000000001,400708858977106
1774161055610,2026-03-22 06:30:55.610,69159.0,0.00016,A,11.06544,815816264059407
1774161055610,2026-03-22 06:30:55.610,69159.0,0.00017,A,11.75703,258232108476342
1774161055610,2026-03-22 06:30:55.610,69159.0,0.003,A,207.477,577195246647054
1774161055610,2026-03-22 06:30:55.610,69158.0,0.00017,A,11.756860000000001,341346225253406
1774161055610,2026-03-22 06:30:55.610,69157.0,0.00017,A,11.75669,1013261370664913
1774161055610,2026-03-22 06:30:55.610,69156.0,0.00016,A,11.064960000000001,204559408502018
1774161055610,2026-03-22 06:30:55.610,69156.0,0.00015,A,10.373399999999998,1043210506973357
1774161055610,2026-03-22 06:30:55.610,69156.0,0.00017,A,11.75652,349572224173601
1774161055610,2026-03-22 06:30:55.610,69155.0,0.00017,A,11.756350000000001,935230936511842
1774161055610,2026-03-22 06:30:55.610,69154.0,0.00017,A,11.75618,75675565330966
1774161055610,2026-03-22 06:30:55.610,69154.0,0.00053,A,36.65162,1072387808856565
1774161056127,2026-03-22 06:30:56.127,69155.0,0.00089,B,61.54794999999999,2764371868320
1774161056127,2026-03-22 06:30:56.127,69155.0,0.00034,B,23.512700000000002,248069416749732
1774161056837,2026-03-22 06:30:56.837,69154.0,0.00249,A,172.19346000000002,224210290641372
1774161057024,2026-03-22 06:30:57.024,69154.0,0.00017,A,11.75618,371422557597706
1774161057083,2026-03-22 06:30:57.083,69155.0,0.00454,B,313.96369999999996,100170510060312
1774161058024,2026-03-22 06:30:58.024,69154.0,0.00178,A,123.09411999999999,574995956719597
1774161059055,2026-03-22 06:30:59.055,69154.0,0.00016,B,11.06464,235119134071568
1774161059369,2026-03-22 06:30:59.369,69153.0,0.00017,A,11.756010000000002,213938963918539
1774161059369,2026-03-22 06:30:59.369,69152.0,0.00016,A,11.06432,277625465247245
1774161059369,2026-03-22 06:30:59.369,69152.0,1e-05,A,0.69152,1113882734067389
1774161059519,2026-03-22 06:30:59.519,69153.0,0.00015,B,10.37295,720922018964607
1774161059519,2026-03-22 06:30:59.519,69152.0,0.00016,A,11.06432,919472795471726
1774161059519,2026-03-22 06:30:59.519,69151.0,0.00017,A,11.75567,998126427294968
1774161060135,2026-03-22 06:31:00.135,69150.0,0.00372,A,257.238,8453442423135
1774161060135,2026-03-22 06:31:00.135,69150.0,0.03675,A,2541.2625,81385367525755
1774161060135,2026-03-22 06:31:00.135,69150.0,0.00017,A,11.755500000000001,1059315425294023
1774161060135,2026-03-22 06:31:00.135,69149.0,0.00017,A,11.75533,1104305756442528
1774161060135,2026-03-22 06:31:00.135,69149.0,0.00022,A,15.21278,762526473871337
1774161060135,2026-03-22 06:31:00.135,69149.0,0.003,A,207.447,400536990479062
1774161060135,2026-03-22 06:31:00.135,69148.0,0.00016,A,11.063680000000002,51357296381505
1774161060135,2026-03-22 06:31:00.135,69148.0,0.00017,A,11.75516,686331011953071
1774161060135,2026-03-22 06:31:00.135,69148.0,0.00629,A,434.94091999999995,1009994888207365
1774161060135,2026-03-22 06:31:00.135,69147.0,0.00017,A,11.754990000000001,123913494893524
1774161060260,2026-03-22 06:31:00.260,69146.0,0.00015,A,10.371899999999998,982275701634809
1774161060260,2026-03-22 06:31:00.260,69146.0,0.00017,A,11.75482,303425766483243
1774161060260,2026-03-22 06:31:00.260,69145.0,0.00016,A,11.0632,527219996424962
1774161060260,2026-03-22 06:31:00.260,69145.0,0.00017,A,11.754650000000002,108964288049802
1774161060260,2026-03-22 06:31:00.260,69144.0,0.00017,A,11.754480000000001,724128661982786
1774161060260,2026-03-22 06:31:00.260,69144.0,0.003,A,207.43200000000002,739868317825508
1774161060260,2026-03-22 06:31:00.260,69143.0,0.00017,A,11.75431,920977263854936
1774161060260,2026-03-22 06:31:00.260,69143.0,0.02892,A,1999.6155600000002,128205058628240
1774161060260,2026-03-22 06:31:00.260,69142.0,0.00017,A,11.754140000000001,972195271560975
1774161060260,2026-03-22 06:31:00.260,69142.0,0.0125,A,864.2750000000001,1000849711184702
1774161061072,2026-03-22 06:31:01.072,69141.0,0.00016,A,11.062560000000001,272021714640659
1774161061072,2026-03-22 06:31:01.072,69141.0,0.00017,A,11.75397,22754267887761
1774161061072,2026-03-22 06:31:01.072,69140.0,0.00205,A,141.73700000000002,508818552626827
1774161061904,2026-03-22 06:31:01.904,69140.0,0.02295,A,1586.7630000000001,884305418173692
1774161061904,2026-03-22 06:31:01.904,69140.0,0.00017,A,11.7538,1111416928293460
1774161062701,2026-03-22 06:31:02.701,69139.0,0.00017,A,11.753630000000001,641547632125092
1774161062701,2026-03-22 06:31:02.701,69138.0,0.00017,A,11.75346,451464279710097
1774161062917,2026-03-22 06:31:02.917,69137.0,0.00016,A,11.06192,728334395208079
1774161062917,2026-03-22 06:31:02.917,69137.0,0.00017,A,11.753290000000002,198073695424166
1774161062917,2026-03-22 06:31:02.917,69136.0,0.00017,A,11.753120000000001,493521199893477
1774161062917,2026-03-22 06:31:02.917,69136.0,0.003,A,207.40800000000002,864128462047473
1774161062917,2026-03-22 06:31:02.917,69136.0,0.00028,B,19.358079999999998,937407869560059
1774161063003,2026-03-22 06:31:03.003,69135.0,0.00017,A,11.75295,385930427482975
1774161063628,2026-03-22 06:31:03.628,69134.0,0.00017,A,11.752780000000001,986864503273838
1774161063628,2026-03-22 06:31:03.628,69133.0,0.00017,A,11.75261,834324436765292
1774161063628,2026-03-22 06:31:03.628,69132.0,0.00017,A,11.75244,303490948163328
1774161063628,2026-03-22 06:31:03.628,69131.0,0.00017,A,11.752270000000001,1102785838118267
1774161063628,2026-03-22 06:31:03.628,69130.0,0.00016,A,11.0608,955176437683613
1774161063628,2026-03-22 06:31:03.628,69130.0,0.00017,A,11.7521,115144309085263
1774161063628,2026-03-22 06:31:03.628,69130.0,0.003,A,207.39000000000001,78481959131333
1774161063628,2026-03-22 06:31:03.628,69130.0,0.00402,A,277.9026,1036664639162485
1774161064033,2026-03-22 06:31:04.033,69130.0,0.00017,A,11.7521,863376646816554
1774161064033,2026-03-22 06:31:04.033,69130.0,0.00142,A,98.16460000000001,415200715368076
1774161065652,2026-03-22 06:31:05.652,69130.0,0.00017,A,11.7521,999402831329949
1774161066600,2026-03-22 06:31:06.600,69129.0,0.00017,A,11.751930000000002,158535241713405
1774161066600,2026-03-22 06:31:06.600,69129.0,0.01188,A,821.25252,451968166544200
1774161066600,2026-03-22 06:31:06.600,69128.0,0.00017,A,11.75176,73862145791936
1774161066600,2026-03-22 06:31:06.600,69128.0,0.02074,A,1433.7147200000002,600735745165805
1774161066839,2026-03-22 06:31:06.839,69129.0,0.40153,B,27757.36737,713969544842701
1774161066839,2026-03-22 06:31:06.839,69129.0,0.02907,B,2009.5800299999999,936196945583305
1774161067255,2026-03-22 06:31:07.255,69128.0,0.05518,B,3814.48304,147923216131958
1774161067659,2026-03-22 06:31:07.659,69127.0,0.00017,A,11.75159,828935421934159
1774161067659,2026-03-22 06:31:07.659,69127.0,0.00821,A,567.53267,220914217837510
1774161068061,2026-03-22 06:31:08.061,69128.0,0.00016,B,11.06048,188638048724930
1774161068061,2026-03-22 06:31:08.061,69127.0,0.008,A,553.016,140748499746562
1774161068061,2026-03-22 06:31:08.061,69127.0,0.00145,A,100.23415,615821926361622
1774161068688,2026-03-22 06:31:08.688,69128.0,0.0003,B,20.7384,334254943671415
1774161070710,2026-03-22 06:31:10.710,69128.0,0.00034,B,23.50352,104679257088422
1774161072051,2026-03-22 06:31:12.051,69127.0,0.40234,A,27812.55718,152115900923216
1774161072051,2026-03-22 06:31:12.051,69127.0,0.00017,A,11.75159,829441711361729
1774161072051,2026-03-22 06:31:12.051,69126.0,0.00017,A,11.751420000000001,769484248914597
1774161072051,2026-03-22 06:31:12.051,69126.0,0.02913,A,2013.64038,440885196227126
1774161072051,2026-03-22 06:31:12.051,69126.0,0.0189,A,1306.4814000000001,421637213538697
1774161072051,2026-03-22 06:31:12.051,69126.0,0.00106,A,73.27356,462274459687842
1774161072051,2026-03-22 06:31:12.051,69126.0,0.04675,A,3231.6405,923045252732918
1774161072051,2026-03-22 06:31:12.051,69126.0,0.00416,A,287.56415999999996,173419576936142
1774161072051,2026-03-22 06:31:12.051,69126.0,0.02893,A,1999.81518,192925450487634
1774161072051,2026-03-22 06:31:12.051,69125.0,0.00017,A,11.75125,726142403291623
1774161072051,2026-03-22 06:31:12.051,69125.0,0.05665,A,3915.93125,556816281650909
1774161072051,2026-03-22 06:31:12.051,69124.0,0.00017,A,11.75108,437982743055067
1774161072051,2026-03-22 06:31:12.051,69124.0,0.04028,A,2784.3147200000003,93914617372082
1774161072051,2026-03-22 06:31:12.051,69123.0,0.00016,A,11.05968,428326438790788
1774161072051,2026-03-22 06:31:12.051,69123.0,0.01157,A,799.75311,108254365981317
1774161072051,2026-03-22 06:31:12.051,69123.0,0.00017,A,11.750910000000001,181289002364195
1774161072051,2026-03-22 06:31:12.051,69122.0,0.00258,A,178.33476,646194348331058
1774161072051,2026-03-22 06:31:12.051,69122.0,0.00017,A,11.75074,875474103086298
1774161072051,2026-03-22 06:31:12.051,69122.0,0.02059,A,1423.22198,890274192773576
1774161072051,2026-03-22 06:31:12.051,69121.0,0.00017,A,11.750570000000002,784788159968585
1774161072051,2026-03-22 06:31:12.051,69121.0,0.04092,A,2828.4313199999997,874089204429247
1774161072051,2026-03-22 06:31:12.051,69121.0,0.02893,A,1999.67053,853582100238469
1774161072051,2026-03-22 06:31:12.051,69120.0,0.00017,A,11.7504,132551759470219
1774161072051,2026-03-22 06:31:12.051,69120.0,0.02385,A,1648.512,830799696740544
1774161072051,2026-03-22 06:31:12.051,69119.0,0.00145,A,100.22255,10159048793571
1774161072051,2026-03-22 06:31:12.051,69119.0,0.00016,A,11.059040000000001,450286945089570
1774161072051,2026-03-22 06:31:12.051,69119.0,0.00017,A,11.75023,201736032991054
1774161072051,2026-03-22 06:31:12.051,69119.0,0.003,A,207.357,37432403008869
1774161072051,2026-03-22 06:31:12.051,69119.0,0.08031,A,5550.94689,225541150838112
1774161072051,2026-03-22 06:31:12.051,69119.0,0.04135,A,2858.0706499999997,598006109960795
1774161072051,2026-03-22 06:31:12.051,69119.0,0.00848,A,586.12912,161382573775681
1774161072051,2026-03-22 06:31:12.051,69119.0,0.00031,A,21.42689,377527676328087
1774161072051,2026-03-22 06:31:12.051,69119.0,0.20111,A,13900.52209,94829448303030
1774161072051,2026-03-22 06:31:12.051,69119.0,0.05949,A,4111.8893100000005,441002213610195
1774161072051,2026-03-22 06:31:12.051,69119.0,0.00416,A,287.53504,1036544100354890
1774161072051,2026-03-22 06:31:12.051,69119.0,0.18976,A,13116.02144,806963061479236
1774161072051,2026-03-22 06:31:12.051,69119.0,0.03669,A,2535.97611,694289428930754
1774161072051,2026-03-22 06:31:12.051,69118.0,0.01157,A,799.6952600000001,191193902142735
1774161072051,2026-03-22 06:31:12.051,69118.0,0.00017,A,11.750060000000001,467715185905395
1774161072051,2026-03-22 06:31:12.051,69118.0,0.001,A,69.118,254607095668356
1774161072051,2026-03-22 06:31:12.051,69118.0,0.21704,A,15001.37072,763860070394899
1774161072051,2026-03-22 06:31:12.051,69117.0,0.07298,A,5044.15866,526932267364323
1774161072051,2026-03-22 06:31:12.051,69117.0,0.00017,A,11.74989,250642010144063
1774161072051,2026-03-22 06:31:12.051,69117.0,0.04047,A,2797.1649899999998,985415976981002
1774161072051,2026-03-22 06:31:12.051,69117.0,0.003,A,207.351,300395400214351
1774161072051,2026-03-22 06:31:12.051,69117.0,0.7235,A,50006.1495,353981944446669
1774161072051,2026-03-22 06:31:12.051,69117.0,1.44675,A,99995.01974999999,505412399114787
1774161072051,2026-03-22 06:31:12.051,69117.0,0.01011,A,698.7728699999999,91161861704935
1774161072051,2026-03-22 06:31:12.051,69117.0,0.0014,A,96.7638,1097302708874475
1774161072051,2026-03-22 06:31:12.051,69116.0,0.01062,A,734.0119199999999,1113243040913506
1774161072051,2026-03-22 06:31:12.051,69116.0,0.00017,A,11.749720000000002,312612583050275
1774161072051,2026-03-22 06:31:12.051,69116.0,0.44787,A,30954.98292,43959576812707
1774161072051,2026-03-22 06:31:12.051,69115.0,0.00016,A,11.0584,1006853360261450
1774161072051,2026-03-22 06:31:12.051,69115.0,0.56265,A,38887.554749999996,505584546133768
1774161072051,2026-03-22 06:31:12.051,69115.0,0.00017,A,11.749550000000001,887719952931393
1774161072051,2026-03-22 06:31:12.051,69115.0,0.39761,A,27480.815150000002,151199841169188
1774161072051,2026-03-22 06:31:12.051,69115.0,0.2,A,13823.0,540741138090245
1774161072051,2026-03-22 06:31:12.051,69114.0,0.0272,A,1879.9008,464371623630364
1774161072051,2026-03-22 06:31:12.051,69114.0,0.20236,A,13985.90904,292226810802920
1774161072051,2026-03-22 06:31:12.051,69114.0,0.00017,A,11.74938,902671082963032
1774161072051,2026-03-22 06:31:12.051,69114.0,1.44706,A,100012.10484,880543944318671
1774161072051,2026-03-22 06:31:12.051,69114.0,0.50647,A,35004.16758,640355946666165
1774161072051,2026-03-22 06:31:12.051,69114.0,0.50647,A,35004.16758,175021671502626
1774161072051,2026-03-22 06:31:12.051,69113.0,0.07226,A,4994.10538,435662846862943
1774161072051,2026-03-22 06:31:12.051,69113.0,0.13916,A,9617.765080000001,91967805161311
1774161072051,2026-03-22 06:31:12.051,69113.0,0.00017,A,11.749210000000001,293073097593809
1774161072051,2026-03-22 06:31:12.051,69113.0,0.01157,A,799.63741,381600549432939
1774161072051,2026-03-22 06:31:12.051,69113.0,1.30237,A,90010.69781,146949079618074
1774161072051,2026-03-22 06:31:12.051,69113.0,0.05014,A,3465.32582,83293775765002
1774161072051,2026-03-22 06:31:12.051,69113.0,0.00129,A,89.15576999999999,511185841868434
1774161072051,2026-03-22 06:31:12.051,69112.0,0.00016,A,11.057920000000001,491565387416724
1774161072051,2026-03-22 06:31:12.051,69112.0,0.05291,A,3656.71592,735350922546283
1774161072051,2026-03-22 06:31:12.051,69112.0,0.00027,A,18.66024,375689855233338
1774161072051,2026-03-22 06:31:12.051,69112.0,0.01603,A,1107.86536,595285841100954
1774161072051,2026-03-22 06:31:12.051,69112.0,0.51221,A,35399.857520000005,245898440103971
1774161072739,2026-03-22 06:31:12.739,69115.0,0.00033,A,22.807949999999998,6229042134299
1774161073346,2026-03-22 06:31:13.346,69122.0,0.00145,B,100.22689999999999,501585354447725
1774161073540,2026-03-22 06:31:13.540,69121.0,0.00207,A,143.08047,168023543336275
1774161074058,2026-03-22 06:31:14.058,69121.0,0.00416,A,287.54335999999995,312927539719860
1774161075059,2026-03-22 06:31:15.059,69122.0,0.00056,B,38.70831999999999,1111907562095452
1774161075100,2026-03-22 06:31:15.100,69122.0,0.00737,B,509.42913999999996,883922869899440
1774161075322,2026-03-22 06:31:15.322,69122.0,0.00037,B,25.57514,831299124788533
1774161075523,2026-03-22 06:31:15.523,69122.0,0.00019,B,13.133180000000001,846940845711347
1774161076979,2026-03-22 06:31:16.979,69121.0,0.00028,A,19.353879999999997,700576273254502
1774161078084,2026-03-22 06:31:18.084,69122.0,0.35862,B,24788.53164,472090128482029
1774161079102,2026-03-22 06:31:19.102,69122.0,0.00144,B,99.53568,760094704387339
1774161079102,2026-03-22 06:31:19.102,69122.0,0.02,B,1382.44,969501720687453
1774161079703,2026-03-22 06:31:19.703,69122.0,0.02892,B,1999.0082400000001,493258892970196
1774161080408,2026-03-22 06:31:20.408,69121.0,0.00484,A,334.54564,1063758064052308
1774161080501,2026-03-22 06:31:20.501,69122.0,0.00263,B,181.79086,989459256273607
1774161080822,2026-03-22 06:31:20.822,69122.0,0.00015,B,10.3683,711159290548197
1774161081513,2026-03-22 06:31:21.513,69122.0,0.008,B,552.976,1093526460672553
1774161083034,2026-03-22 06:31:23.034,69121.0,0.12156,A,8402.34876,385306119607825
1774161083436,2026-03-22 06:31:23.436,69122.0,0.00494,B,341.46268,569100656835218
1774161084148,2026-03-22 06:31:24.148,69122.0,0.00145,B,100.22689999999999,947107038201355
1774161084148,2026-03-22 06:31:24.148,69122.0,0.00041,B,28.34002,515760164509298
1774161084148,2026-03-22 06:31:24.148,69123.0,0.003,B,207.369,454350998316987
1774161084148,2026-03-22 06:31:24.148,69123.0,0.00015,B,10.36845,869948749008745
1774161084148,2026-03-22 06:31:24.148,69124.0,0.00015,B,10.368599999999999,905420841703974
1774161084240,2026-03-22 06:31:24.240,69128.0,0.00289,B,199.77992,1005203534665426
1774161084240,2026-03-22 06:31:24.240,69128.0,0.00017,B,11.75176,145753888206181
1774161084240,2026-03-22 06:31:24.240,69129.0,0.00016,B,11.060640000000001,1080063900878301
1774161084240,2026-03-22 06:31:24.240,69129.0,0.00017,B,11.751930000000002,918934039939823
1774161084240,2026-03-22 06:31:24.240,69129.0,0.00015,B,10.369349999999999,567110477380372
1774161084354,2026-03-22 06:31:24.354,69130.0,0.00017,B,11.7521,1112419407255155
1774161084354,2026-03-22 06:31:24.354,69131.0,0.00017,B,11.752270000000001,971611422008294
1774161084354,2026-03-22 06:31:24.354,69132.0,0.00017,B,11.75244,1014452722600769
1774161084354,2026-03-22 06:31:24.354,69132.0,0.003,B,207.39600000000002,961195732983445
1774161084354,2026-03-22 06:31:24.354,69133.0,0.00016,B,11.061280000000002,788952268037319
1774161084354,2026-03-22 06:31:24.354,69133.0,0.00017,B,11.75261,542206352619592
1774161084354,2026-03-22 06:31:24.354,69134.0,0.00017,B,11.752780000000001,630823780288762
1774161084354,2026-03-22 06:31:24.354,69134.0,0.00353,B,244.04302,90949642553010
1774161084354,2026-03-22 06:31:24.354,69135.0,0.00017,B,11.75295,91837666927345
1774161084354,2026-03-22 06:31:24.354,69135.0,0.00015,B,10.370249999999999,414888450645451
1774161084354,2026-03-22 06:31:24.354,69135.0,0.001,B,69.135,726032179955669
1774161084354,2026-03-22 06:31:24.354,69136.0,0.00016,B,11.061760000000001,857943920534339
1774161084354,2026-03-22 06:31:24.354,69136.0,0.00017,B,11.753120000000001,112086863011735
1774161084354,2026-03-22 06:31:24.354,69136.0,0.00121,B,83.65455999999999,777057447580671
1774161084354,2026-03-22 06:31:24.354,69137.0,0.00017,B,11.753290000000002,279086390869499
1774161084354,2026-03-22 06:31:24.354,69138.0,0.00017,B,11.75346,616435675354919
1774161084354,2026-03-22 06:31:24.354,69139.0,0.00017,B,11.753630000000001,387023209374003
1774161084354,2026-03-22 06:31:24.354,69140.0,0.00016,B,11.0624,923252651493239
1774161084354,2026-03-22 06:31:24.354,69140.0,0.00017,B,11.7538,868173253333887
1774161084354,2026-03-22 06:31:24.354,69140.0,0.00015,B,10.370999999999999,1005115048935932
1774161084354,2026-03-22 06:31:24.354,69141.0,0.00017,B,11.75397,427419259165730
1774161084354,2026-03-22 06:31:24.354,69144.0,0.01157,B,799.99608,734854331497751
1774161084354,2026-03-22 06:31:24.354,69144.0,0.00016,B,11.06304,349081117170844
1774161084354,2026-03-22 06:31:24.354,69146.0,0.001,B,69.146,1032925153825169
1774161084354,2026-03-22 06:31:24.354,69146.0,0.06602,B,4565.0189199999995,299817008697530
1774161084442,2026-03-22 06:31:24.442,69144.0,0.00032,B,22.12608,414701425124490
1774161085161,2026-03-22 06:31:25.161,69143.0,0.00032,A,22.125760000000003,956753863230739
1774161085648,2026-03-22 06:31:25.648,69143.0,0.00022,A,15.21146,897494857420666
1774161085849,2026-03-22 06:31:25.849,69144.0,0.00025,B,17.286,530964685799572
1774161085849,2026-03-22 06:31:25.849,69144.0,0.00022,B,15.211680000000001,370165697935314
1774161086361,2026-03-22 06:31:26.361,69144.0,0.00072,B,49.783680000000004,733123571087531
1774161088059,2026-03-22 06:31:28.059,69143.0,0.00178,A,123.07454,640206145187534
1774161088864,2026-03-22 06:31:28.864,69143.0,0.0057,A,394.11510000000004,430878909777789
1774161089066,2026-03-22 06:31:29.066,69144.0,0.00016,B,11.06304,19231224627612
1774161089790,2026-03-22 06:31:29.790,69144.0,1e-05,B,0.69144,795756392602648
1774161089790,2026-03-22 06:31:29.790,69144.0,0.00516,B,356.78303999999997,14559063627858
1774161089790,2026-03-22 06:31:29.790,69145.0,0.00017,B,11.754650000000002,831616248615020
1774161089790,2026-03-22 06:31:29.790,69145.0,0.00015,B,10.371749999999999,170847988971152
1774161089790,2026-03-22 06:31:29.790,69146.0,0.00017,B,11.75482,1071050463868645
1774161089790,2026-03-22 06:31:29.790,69147.0,0.00016,B,11.06352,402750181778338
1774161089790,2026-03-22 06:31:29.790,69147.0,0.00017,B,11.754990000000001,373559088351530
1774161089790,2026-03-22 06:31:29.790,69147.0,0.00015,B,10.37205,609148442220246
1774161089790,2026-03-22 06:31:29.790,69148.0,0.00017,B,11.75516,1066939484537123
1774161090210,2026-03-22 06:31:30.210,69149.0,0.003,B,207.447,266105408343502
1774161090210,2026-03-22 06:31:30.210,69149.0,0.00218,B,150.74482,763798990875429
1774161090799,2026-03-22 06:31:30.799,69148.0,0.00018,A,12.44664,891682746029799
1774161090799,2026-03-22 06:31:30.799,69148.0,0.00012,A,8.29776,431523924372382
1774161091012,2026-03-22 06:31:31.012,69148.0,0.00238,A,164.57224000000002,836377106280719
1774161091859,2026-03-22 06:31:31.859,69149.0,0.00015,B,10.372349999999999,150489656949804
1774161092467,2026-03-22 06:31:32.467,69148.0,0.001,A,69.148,1036154612837121
1774161093693,2026-03-22 06:31:33.693,69149.0,0.00028,B,19.36172,1061658516401145
1774161094022,2026-03-22 06:31:34.022,69148.0,0.00017,A,11.75516,639202031973804
1774161095010,2026-03-22 06:31:35.010,69148.0,0.00141,A,97.49868000000001,198809588023122
1774161095010,2026-03-22 06:31:35.010,69149.0,0.001,B,69.149,709688598426805
1774161097404,2026-03-22 06:31:37.404,69149.0,0.00017,B,11.75533,807754202859623
1774161098043,2026-03-22 06:31:38.043,69150.0,0.00016,B,11.064,500002501772768
1774161098204,2026-03-22 06:31:38.204,69150.0,0.00809,B,559.4235,582265673602177
1774161098204,2026-03-22 06:31:38.204,69150.0,0.0002,B,13.83,1118527469249475
1774161099133,2026-03-22 06:31:39.133,69151.0,0.00017,B,11.75567,761443295375577
1774161099133,2026-03-22 06:31:39.133,69151.0,0.00015,B,10.372649999999998,773483464667431
1774161100011,2026-03-22 06:31:40.011,69152.0,0.00017,B,11.755840000000001,1005932097646865
1774161100011,2026-03-22 06:31:40.011,69153.0,0.00017,B,11.756010000000002,334113918697753
1774161100098,2026-03-22 06:31:40.098,69154.0,0.00074,B,51.17396,1037505420921592
1774161101437,2026-03-22 06:31:41.437,69154.0,0.00027,B,18.67158,657165613988605
1774161103153,2026-03-22 06:31:43.153,69153.0,0.00111,A,76.75983000000001,160660092065318
1774161103153,2026-03-22 06:31:43.153,69153.0,1.01228,A,70002.19884000001,562464831565407
1774161103153,2026-03-22 06:31:43.153,69153.0,0.05917,A,4091.78301,353996026849367
1774161103153,2026-03-22 06:31:43.153,69153.0,0.48103,A,33264.66759,110422141080000
1774161103153,2026-03-22 06:31:43.153,69153.0,0.44641,A,30870.59073,381949612949101
1774161104013,2026-03-22 06:31:44.013,69153.0,0.00415,A,286.98495,970297726224601
1774161105024,2026-03-22 06:31:45.024,69154.0,0.00057,B,39.41778,732874211207989
1774161105685,2026-03-22 06:31:45.685,69154.0,0.00216,B,149.37264,575231455300474
1774161105685,2026-03-22 06:31:45.685,69154.0,0.00017,B,11.75618,321536573259880
1774161105685,2026-03-22 06:31:45.685,69154.0,0.0176,B,1217.1104,953688181988573
1774161107152,2026-03-22 06:31:47.152,69154.0,0.0015,B,103.73100000000001,335017021634075
1774161108572,2026-03-22 06:31:48.572,69153.0,0.00417,A,288.36801,545527350234189
1774161109458,2026-03-22 06:31:49.458,69153.0,0.00032,A,22.128960000000003,746072765177252
1774161110064,2026-03-22 06:31:50.064,69154.0,0.01054,B,728.8831600000001,605610421665416
1774161110793,2026-03-22 06:31:50.793,69154.0,0.00268,B,185.33272,654800543592677
1774161111805,2026-03-22 06:31:51.805,69154.0,0.00017,B,11.75618,696801683478482
1774161111805,2026-03-22 06:31:51.805,69155.0,0.00017,B,11.756350000000001,402337771362109
1774161111805,2026-03-22 06:31:51.805,69156.0,0.00017,B,11.75652,26282947759049
1774161111805,2026-03-22 06:31:51.805,69157.0,0.00017,B,11.75669,337302735481147
1774161111805,2026-03-22 06:31:51.805,69158.0,0.00016,B,11.065280000000001,1117330470097912
1774161111805,2026-03-22 06:31:51.805,69158.0,0.00017,B,11.756860000000001,849173751353003
1774161111805,2026-03-22 06:31:51.805,69159.0,0.00017,B,11.75703,377526531394590
1774161111805,2026-03-22 06:31:51.805,69159.0,0.003,B,207.477,350616892370470
1774161111805,2026-03-22 06:31:51.805,69160.0,0.00017,B,11.757200000000001,1048732634665349
1774161111805,2026-03-22 06:31:51.805,69160.0,0.03865,B,2673.0339999999997,867167832309100
1774161112711,2026-03-22 06:31:52.711,69160.0,0.00029,B,20.0564,705587292331894
1774161115119,2026-03-22 06:31:55.119,69160.0,0.00022,B,15.215200000000001,564945924055854
1774161115119,2026-03-22 06:31:55.119,69160.0,0.00022,B,15.215200000000001,152503064036761
1774161115119,2026-03-22 06:31:55.119,69160.0,0.00022,B,15.215200000000001,800114614899829
1774161115119,2026-03-22 06:31:55.119,69160.0,0.00022,B,15.215200000000001,145970874568748
1774161115119,2026-03-22 06:31:55.119,69160.0,0.00022,B,15.215200000000001,803664648323328
1774161117040,2026-03-22 06:31:57.040,69159.0,0.00017,A,11.75703,463050047972825
1774161118044,2026-03-22 06:31:58.044,69159.0,0.00178,A,123.10301999999999,395352700125397
1774161118537,2026-03-22 06:31:58.537,69159.0,7e-05,A,4.84113,817527630516700
1774161119050,2026-03-22 06:31:59.050,69160.0,0.00016,B,11.065600000000002,658927866087680
1774161119396,2026-03-22 06:31:59.396,69160.0,0.00031,B,21.4396,739326339270209
1774161121012,2026-03-22 06:32:01.012,69159.0,0.00238,A,164.59842,87223759407032
1774161123447,2026-03-22 06:32:03.447,69159.0,0.0003,A,20.7477,442701378554971
1774161123658,2026-03-22 06:32:03.658,69160.0,0.00017,B,11.757200000000001,856127644382905
1774161123658,2026-03-22 06:32:03.658,69160.0,0.33316,B,23041.3456,224344251309894
1774161123658,2026-03-22 06:32:03.658,69160.0,0.2,B,13832.0,602804518972346
1774161123843,2026-03-22 06:32:03.843,69160.0,0.25,B,17290.0,852048714551084
1774161123843,2026-03-22 06:32:03.843,69160.0,0.1,B,6916.0,758209404467863
1774161123843,2026-03-22 06:32:03.843,69160.0,0.33333,B,23053.1028,779951467273219
1774161123843,2026-03-22 06:32:03.843,69160.0,0.33333,B,23053.1028,178752803322709
1774161123843,2026-03-22 06:32:03.843,69160.0,0.33333,B,23053.1028,303684802560951
1774161123843,2026-03-22 06:32:03.843,69160.0,0.25,B,17290.0,967460359512831
1774161123843,2026-03-22 06:32:03.843,69160.0,0.33333,B,23053.1028,87798527060734
1774161123843,2026-03-22 06:32:03.843,69160.0,0.25,B,17290.0,418666873740854
1774161123843,2026-03-22 06:32:03.843,69160.0,0.26666,B,18442.2056,106849638611829
1774161123843,2026-03-22 06:32:03.843,69160.0,0.1,B,6916.0,657469027555124
1774161123843,2026-03-22 06:32:03.843,69160.0,0.25,B,17290.0,940067656150922
1774161123843,2026-03-22 06:32:03.843,69160.0,0.26666,B,18442.2056,28281758734888
1774161123843,2026-03-22 06:32:03.843,69160.0,0.26666,B,18442.2056,753169561482767
1774161123843,2026-03-22 06:32:03.843,69160.0,0.26666,B,18442.2056,887249752681763
1774161123843,2026-03-22 06:32:03.843,69160.0,0.26666,B,18442.2056,613861538593670
1774161123843,2026-03-22 06:32:03.843,69160.0,0.33333,B,23053.1028,656718558346227
1774161123843,2026-03-22 06:32:03.843,69160.0,0.33333,B,23053.1028,245495484905436
1774161123843,2026-03-22 06:32:03.843,69160.0,0.33333,B,23053.1028,183326655608757
1774161123962,2026-03-22 06:32:03.962,69160.0,0.25,B,17290.0,245568290267180
1774161123962,2026-03-22 06:32:03.962,69160.0,0.00492,B,340.2672,247426870083443
1774161123962,2026-03-22 06:32:03.962,69160.0,0.33333,B,23053.1028,58720444786776
1774161124062,2026-03-22 06:32:04.062,69159.0,0.00017,A,11.75703,74227271588656
1774161124062,2026-03-22 06:32:04.062,69159.0,0.00142,A,98.20578,408157655046152
1774161124062,2026-03-22 06:32:04.062,69160.0,0.27892,B,19290.1072,480460881588592
1774161125483,2026-03-22 06:32:05.483,69160.0,0.0207,B,1431.612,370689246767485
1774161127306,2026-03-22 06:32:07.306,69160.0,7e-05,B,4.8412,101899244744795
1774161128109,2026-03-22 06:32:08.109,69160.0,0.00016,B,11.065600000000002,280898748967474
1774161128415,2026-03-22 06:32:08.415,69160.0,3.71213,B,256730.9108,1107013223228088
1774161128415,2026-03-22 06:32:08.415,69160.0,0.00017,B,11.757200000000001,822784904385788
1774161128415,2026-03-22 06:32:08.415,69160.0,0.09261,B,6404.9076,991312356694663
1774161128415,2026-03-22 06:32:08.415,69161.0,0.00017,B,11.757370000000002,613779519967381
1774161128415,2026-03-22 06:32:08.415,69162.0,0.00016,B,11.06592,297772986310913
1774161128415,2026-03-22 06:32:08.415,69162.0,0.00017,B,11.75754,483291162079668
1774161128415,2026-03-22 06:32:08.415,69163.0,0.00017,B,11.757710000000001,401076995655571
1774161128415,2026-03-22 06:32:08.415,69164.0,0.00017,B,11.75788,416598392369067
1774161128415,2026-03-22 06:32:08.415,69164.0,0.003,B,207.492,60342602074382
1774161133236,2026-03-22 06:32:13.236,69165.0,0.00108,B,74.6982,327104739013554
1774161133837,2026-03-22 06:32:13.837,69165.0,0.00017,B,11.75805,1094353660558481
1774161133837,2026-03-22 06:32:13.837,69165.0,0.00013,B,8.991449999999999,974133346281481
1774161134038,2026-03-22 06:32:14.038,69164.0,0.00416,A,287.72224,500042996420218
1774161134840,2026-03-22 06:32:14.840,69164.0,0.0003,A,20.7492,459536588549748
1774161135008,2026-03-22 06:32:15.008,69165.0,0.00057,B,39.42405,374209488129266
1774161140504,2026-03-22 06:32:20.504,69165.0,0.08675,B,6000.063749999999,448718255774469
1774161140504,2026-03-22 06:32:20.504,69165.0,0.00052,B,35.965799999999994,510054492896380
1774161141369,2026-03-22 06:32:21.369,69165.0,0.00888,B,614.1852,204198964008626
1774161141369,2026-03-22 06:32:21.369,69165.0,0.00017,B,11.75805,1023247568260337
1774161141369,2026-03-22 06:32:21.369,69166.0,0.00016,B,11.06656,944501933036954
1774161141369,2026-03-22 06:32:21.369,69166.0,0.0002,B,13.833200000000001,666523570501175
1774161141369,2026-03-22 06:32:21.369,69166.0,0.00017,B,11.758220000000001,445953288975991
1774161141369,2026-03-22 06:32:21.369,69167.0,0.00017,B,11.75839,640729885196726
1774161141701,2026-03-22 06:32:21.701,69168.0,0.00017,B,11.758560000000001,1074542640407819
1774161141701,2026-03-22 06:32:21.701,69168.0,0.00011,B,7.60848,885446630816233
1774161142305,2026-03-22 06:32:22.305,69168.0,0.00063,B,43.57584,934210280253805
1774161142305,2026-03-22 06:32:22.305,69168.0,0.00855,B,591.3864,821487959272968
1774161142793,2026-03-22 06:32:22.793,69168.0,0.00015,B,10.3752,847188464530016
1774161143801,2026-03-22 06:32:23.801,69167.0,2e-05,A,1.38334,69487706018463
1774161143801,2026-03-22 06:32:23.801,69167.0,0.00027,A,18.67509,1116087752175083
1774161144714,2026-03-22 06:32:24.714,69167.0,0.00108,A,74.70036,361647295233761
1774161145209,2026-03-22 06:32:25.209,69168.0,0.00867,B,599.6865600000001,424935921210101
1774161146618,2026-03-22 06:32:26.618,69167.0,0.00025,A,17.29175,1061001699160828
1774161147030,2026-03-22 06:32:27.030,69166.0,0.00015,A,10.374899999999998,929981729877191
1774161147030,2026-03-22 06:32:27.030,69165.0,2e-05,A,1.3833000000000002,254925503113244
1774161147525,2026-03-22 06:32:27.525,69164.0,0.00022,A,15.21608,263220550312347
1774161147951,2026-03-22 06:32:27.951,69163.0,0.00016,A,11.066080000000001,34661549098158
1774161148025,2026-03-22 06:32:28.025,69162.0,0.0006,A,41.4972,231493632790436
1774161148025,2026-03-22 06:32:28.025,69162.0,0.00118,A,81.61116,349159982788068
1774161148117,2026-03-22 06:32:28.117,69162.0,0.00033,A,22.82346,676725906855270
1774161148322,2026-03-22 06:32:28.322,69163.0,0.0003,B,20.7489,938472135676617
1774161148522,2026-03-22 06:32:28.522,69162.0,0.00029,A,20.05698,814256377732373
1774161149033,2026-03-22 06:32:29.033,69163.0,0.00016,B,11.066080000000001,981919168193764
1774161151047,2026-03-22 06:32:31.047,69162.0,0.00237,A,163.91394,632466361641594
1774161152597,2026-03-22 06:32:32.597,69161.0,0.00015,A,10.374149999999998,198835587644387
1774161154026,2026-03-22 06:32:34.026,69159.0,0.00017,A,11.75703,240671758990640
1774161154026,2026-03-22 06:32:34.026,69159.0,0.00142,A,98.20578,861205028407433
1774161154026,2026-03-22 06:32:34.026,69159.0,0.2197,A,15194.2323,538871497628785
1774161154026,2026-03-22 06:32:34.026,69158.0,0.00015,A,10.3737,212895038575200
1774161155030,2026-03-22 06:32:35.030,69156.0,0.00017,A,11.75652,1058256349480056
1774161155030,2026-03-22 06:32:35.030,69155.0,0.00017,A,11.756350000000001,603092355283620
1774161155030,2026-03-22 06:32:35.030,69155.0,0.00015,A,10.373249999999999,101852037496310
1774161156740,2026-03-22 06:32:36.740,69154.0,0.01666,A,1152.10564,386682840301480
1774161156740,2026-03-22 06:32:36.740,69154.0,0.01665,A,1151.4141000000002,667910718944894
1774161156793,2026-03-22 06:32:36.793,69154.0,0.01054,A,728.8831600000001,486953608759053
1774161158068,2026-03-22 06:32:38.068,69155.0,0.00016,B,11.064800000000002,845428712514603
1774161158068,2026-03-22 06:32:38.068,69155.0,0.0008,B,55.324000000000005,519009241832312
1774161158068,2026-03-22 06:32:38.068,69155.0,0.00488,B,337.4764,1049669941113335
1774161158468,2026-03-22 06:32:38.468,69154.0,0.00044,A,30.427760000000003,793914253536247
1774161158879,2026-03-22 06:32:38.879,69155.0,0.17518,B,12114.572900000001,353574796015179
1774161160783,2026-03-22 06:32:40.783,69154.0,0.00558,A,385.87932,608761805712722
1774161160895,2026-03-22 06:32:40.895,69154.0,0.01669,A,1154.18026,985865758692623
1774161162820,2026-03-22 06:32:42.820,69154.0,0.25,A,17288.5,817838883021080
1774161162820,2026-03-22 06:32:42.820,69154.0,0.12567,A,8690.58318,353887309967880
1774161162820,2026-03-22 06:32:42.820,69154.0,0.00017,A,11.75618,480988918040986
1774161162820,2026-03-22 06:32:42.820,69153.0,0.00017,A,11.756010000000002,82571045822679
1774161162820,2026-03-22 06:32:42.820,69153.0,0.00022,A,15.21366,676684061632749
1774161162820,2026-03-22 06:32:42.820,69153.0,0.00015,A,10.37295,881458207992680
1774161162924,2026-03-22 06:32:42.924,69152.0,0.00016,A,11.06432,996618529983709
1774161162924,2026-03-22 06:32:42.924,69152.0,0.00017,A,11.755840000000001,836457513902584
1774161163033,2026-03-22 06:32:43.033,69151.0,0.00017,A,11.75567,111714033690507
1774161163033,2026-03-22 06:32:43.033,69150.0,0.00017,A,11.755500000000001,711224597096214
1774161163033,2026-03-22 06:32:43.033,69149.0,0.00017,A,11.75533,541565823997478
1774161163273,2026-03-22 06:32:43.273,69149.0,0.00028,B,19.36172,192714670973195
1774161163441,2026-03-22 06:32:43.441,69148.0,0.00016,A,11.063680000000002,866506178670280
1774161163441,2026-03-22 06:32:43.441,69148.0,9e-05,A,6.22332,536498792598435
1774161163615,2026-03-22 06:32:43.615,69148.0,0.0002,A,13.829600000000001,898130330053094
1774161163615,2026-03-22 06:32:43.615,69148.0,0.00017,A,11.75516,762305762755147
1774161163615,2026-03-22 06:32:43.615,69147.0,0.00017,A,11.754990000000001,994660281987659
1774161163615,2026-03-22 06:32:43.615,69146.0,0.00015,A,10.371899999999998,352014744312075
1774161163615,2026-03-22 06:32:43.615,69146.0,0.00017,A,11.75482,772873420345527
1774161163615,2026-03-22 06:32:43.615,69146.0,0.003,A,207.43800000000002,267634342136108
1774161163615,2026-03-22 06:32:43.615,69145.0,0.00016,A,11.0632,318002616481515
1774161163615,2026-03-22 06:32:43.615,69145.0,0.00017,A,11.754650000000002,1095007528479971
1774161163615,2026-03-22 06:32:43.615,69144.0,0.00017,A,11.754480000000001,68666624358453
1774161163615,2026-03-22 06:32:43.615,69144.0,0.003,A,207.43200000000002,481613241280625
1774161163615,2026-03-22 06:32:43.615,69144.0,0.00145,A,100.2588,836825538630228
1774161164018,2026-03-22 06:32:44.018,69144.0,0.00416,A,287.63903999999997,922459964639931
1774161165050,2026-03-22 06:32:45.050,69145.0,0.00056,B,38.721199999999996,519937187215773
1774161165288,2026-03-22 06:32:45.288,69145.0,0.00017,B,11.754650000000002,913715130844165
1774161167936,2026-03-22 06:32:47.936,69145.0,0.00903,B,624.37935,362341476690980
1774161168139,2026-03-22 06:32:48.139,69144.0,0.00017,A,11.754480000000001,288676666648328
1774161168139,2026-03-22 06:32:48.139,69143.0,0.00017,A,11.75431,828989775892295
1774161168139,2026-03-22 06:32:48.139,69142.0,0.00017,A,11.754140000000001,192751572662806
1774161168139,2026-03-22 06:32:48.139,69141.0,0.00016,A,11.062560000000001,144442765237051
1774161168139,2026-03-22 06:32:48.139,69141.0,0.00017,A,11.75397,426802147993325
1774161168139,2026-03-22 06:32:48.139,69140.0,0.00017,A,11.7538,665540797831880
1774161168139,2026-03-22 06:32:48.139,69140.0,0.00022,A,15.2108,1004929060690764
1774161168556,2026-03-22 06:32:48.556,69140.0,0.00022,B,15.2108,848228219523339
1774161168556,2026-03-22 06:32:48.556,69140.0,1.01237,B,69995.2618,1026874177193859
1774161168556,2026-03-22 06:32:48.556,69140.0,0.36802,B,25444.9028,690607817229766
1774161168556,2026-03-22 06:32:48.556,69140.0,1.44635,B,100000.639,591176905229590
1774161168556,2026-03-22 06:32:48.556,69140.0,0.29927,B,20691.5278,196819717865030
1774161168757,2026-03-22 06:32:48.757,69139.0,0.00017,A,11.753630000000001,1008576226668428
1774161168757,2026-03-22 06:32:48.757,69139.0,0.00011,A,7.60529,378213450366632
1774161172176,2026-03-22 06:32:52.176,69140.0,0.00044,B,30.4216,166213548531647
1774161172176,2026-03-22 06:32:52.176,69139.0,0.00071,A,49.08869,958664624106055
1774161174737,2026-03-22 06:32:54.737,69140.0,0.0006,B,41.483999999999995,429804431153150
1774161177005,2026-03-22 06:32:57.005,69139.0,0.00017,A,11.753630000000001,890968827610461
1774161177206,2026-03-22 06:32:57.206,69140.0,0.00028,B,19.359199999999998,331187264030990
1774161177206,2026-03-22 06:32:57.206,69140.0,0.005,B,345.7,68419337643912
1774161177825,2026-03-22 06:32:57.825,69140.0,0.00043,B,29.7302,219909166019327
1774161177825,2026-03-22 06:32:57.825,69141.0,0.00015,B,10.371149999999998,951595648113010
1774161178114,2026-03-22 06:32:58.114,69142.0,0.00177,A,122.38134000000001,636893904582891
1774161178114,2026-03-22 06:32:58.114,69143.0,0.00015,B,10.37145,58489160315856
1774161178114,2026-03-22 06:32:58.114,69144.0,0.00017,B,11.754480000000001,631245268095488
1774161178114,2026-03-22 06:32:58.114,69145.0,0.003,B,207.435,593905665762008
1774161178114,2026-03-22 06:32:58.114,69145.0,0.00825,B,570.4462500000001,918241733357820
1774161178114,2026-03-22 06:32:58.114,69145.0,0.00017,B,11.754650000000002,1064713098735857
1774161178114,2026-03-22 06:32:58.114,69146.0,0.00017,B,11.75482,532820140757798
1774161178114,2026-03-22 06:32:58.114,69147.0,0.00016,B,11.06352,108340132942499
1774161178114,2026-03-22 06:32:58.114,69147.0,0.00017,B,11.754990000000001,460363174698627
1774161178114,2026-03-22 06:32:58.114,69150.0,0.003,B,207.45000000000002,231250505108746
1774161178114,2026-03-22 06:32:58.114,69150.0,0.00015,B,10.372499999999999,1003010765298242
1774161178114,2026-03-22 06:32:58.114,69150.0,0.00017,B,11.755500000000001,601795161481749
1774161178114,2026-03-22 06:32:58.114,69151.0,0.00016,B,11.064160000000001,823477221773190
1774161178114,2026-03-22 06:32:58.114,69151.0,0.00186,B,128.62086,868154589254232
1774161178114,2026-03-22 06:32:58.114,69151.0,0.00017,B,11.75567,134487061249852
1774161178114,2026-03-22 06:32:58.114,69152.0,0.03359,B,2322.81568,876625206017059
1774161178176,2026-03-22 06:32:58.176,69151.0,0.00044,A,30.42644,681491736346387
1774161179110,2026-03-22 06:32:59.110,69152.0,0.00016,B,11.06432,1122456472128441
1774161179166,2026-03-22 06:32:59.166,69152.0,0.03543,B,2450.0553600000003,1077058727573314
1774161179389,2026-03-22 06:32:59.389,69152.0,0.00017,B,11.755840000000001,925587834585101
1774161179389,2026-03-22 06:32:59.389,69152.0,1e-05,B,0.69152,429937041690247
1774161180828,2026-03-22 06:33:00.828,69152.0,0.00473,B,327.08896,263105880880112
1774161181028,2026-03-22 06:33:01.028,69151.0,0.00238,A,164.57938000000001,917246428294763
1774161181203,2026-03-22 06:33:01.203,69152.0,0.00015,B,10.3728,451690253940403
1774161181984,2026-03-22 06:33:01.984,69151.0,0.01279,A,884.44129,153056662762414
1774161184045,2026-03-22 06:33:04.045,69151.0,0.00142,A,98.19442000000001,424649008921410
1774161185255,2026-03-22 06:33:05.255,69152.0,0.01022,B,706.73344,789329202670018
1774161185457,2026-03-22 06:33:05.457,69151.0,0.00028,A,19.36228,295248044749980
1774161185457,2026-03-22 06:33:05.457,69151.0,0.05738,A,3967.88438,195753991511045
1774161185457,2026-03-22 06:33:05.457,69151.0,0.0796,A,5504.4196,746932788379381
1774161185457,2026-03-22 06:33:05.457,69151.0,0.07757,A,5364.04307,1093965664908292
1774161185457,2026-03-22 06:33:05.457,69151.0,0.15328,A,10599.46528,107267839775261
1774161185858,2026-03-22 06:33:05.858,69151.0,0.00025,A,17.28775,934369749142734
1774161191367,2026-03-22 06:33:11.367,69152.0,0.00028,B,19.36256,1723386577193
1774161193469,2026-03-22 06:33:13.469,69151.0,0.00144,A,99.57744000000001,949422466460148
1774161194002,2026-03-22 06:33:14.002,69151.0,0.00416,A,287.66816,1040593984237879
1774161195016,2026-03-22 06:33:15.016,69152.0,0.00057,B,39.41664,71963277635541
1774161198531,2026-03-22 06:33:18.531,69151.0,0.00018,A,12.447180000000001,205412474804907
1774161198705,2026-03-22 06:33:18.705,69150.0,0.00015,A,10.372499999999999,287875595738254
1774161198705,2026-03-22 06:33:18.705,69149.0,0.00013,A,8.98937,202553978010057
1774161198917,2026-03-22 06:33:18.917,69149.0,0.00145,A,100.26604999999999,365205668235287
1774161200781,2026-03-22 06:33:20.781,69148.0,0.00015,A,10.3722,1120538040289516
1774161200781,2026-03-22 06:33:20.781,69147.0,0.00015,A,10.37205,251070103425966
1774161202966,2026-03-22 06:33:22.966,69146.0,0.00025,A,17.2865,333164649675033
1774161203367,2026-03-22 06:33:23.367,69147.0,0.00115,B,79.51905,849102414365155
1774161203367,2026-03-22 06:33:23.367,69147.0,0.0026,B,179.7822,60789423776172
1774161205179,2026-03-22 06:33:25.179,69147.0,0.00027,B,18.66969,395601700730350
1774161205752,2026-03-22 06:33:25.752,69147.0,0.00029,B,20.05263,487126665083403
1774161207060,2026-03-22 06:33:27.060,69146.0,0.00017,A,11.75482,644518796267508
1774161208071,2026-03-22 06:33:28.071,69146.0,0.00178,A,123.07987999999999,428210287008015
1774161208476,2026-03-22 06:33:28.476,69147.0,0.00021,B,14.52087,273907037614646
1774161209083,2026-03-22 06:33:29.083,69147.0,0.00016,B,11.06352,205533875712647
1774161210696,2026-03-22 06:33:30.696,69146.0,0.00029,A,20.05234,1056425377291005
1774161211017,2026-03-22 06:33:31.017,69146.0,0.00238,A,164.56748000000002,23813821712693
1774161211840,2026-03-22 06:33:31.840,69146.0,0.00026,A,17.97796,760623497763712
1774161212981,2026-03-22 06:33:32.981,69146.0,0.00022,A,15.21212,226911848709279
1774161213621,2026-03-22 06:33:33.621,69147.0,0.005,B,345.735,395071906216696
1774161214102,2026-03-22 06:33:34.102,69146.0,0.00017,A,11.75482,119100637493588
1774161214102,2026-03-22 06:33:34.102,69146.0,0.00142,A,98.18732,60346152490431
1774161215040,2026-03-22 06:33:35.040,69146.0,0.01022,A,706.67212,330130533277430
1774161216416,2026-03-22 06:33:36.416,69146.0,0.00022,A,15.21212,507932169668995
1774161217544,2026-03-22 06:33:37.544,69147.0,0.006,B,414.882,83810677601312
1774161217691,2026-03-22 06:33:37.691,69147.0,0.0207,B,1431.3428999999999,375170982640597
1774161218003,2026-03-22 06:33:38.003,69146.0,0.00016,B,11.063360000000001,1053837458579230
1774161218033,2026-03-22 06:33:38.033,69145.0,0.00016,A,11.0632,1045190359420588
1774161219115,2026-03-22 06:33:39.115,69141.0,0.003,A,207.423,539215424616304
1774161219115,2026-03-22 06:33:39.115,69140.0,0.00015,A,10.370999999999999,612510807463911
1774161219448,2026-03-22 06:33:39.448,69140.0,0.00018,B,12.445200000000002,694036707401785
1774161219448,2026-03-22 06:33:39.448,69140.0,8e-05,B,5.5312,694901835691907
1774161220053,2026-03-22 06:33:40.053,69139.0,0.00017,A,11.753630000000001,1068040404357575
1774161220053,2026-03-22 06:33:40.053,69139.0,9e-05,A,6.222510000000001,327166510311860
1774161224033,2026-03-22 06:33:44.033,69139.0,0.00416,A,287.61823999999996,445556866433059
1774161225029,2026-03-22 06:33:45.029,69140.0,0.00056,B,38.718399999999995,699237793066503
1774161225288,2026-03-22 06:33:45.288,69139.0,0.00025,A,17.28475,619437571190345
1774161230623,2026-03-22 06:33:50.623,69140.0,0.00434,B,300.0676,245688732124663
1774161232128,2026-03-22 06:33:52.128,69140.0,0.00015,B,10.370999999999999,416817459475601
1774161232241,2026-03-22 06:33:52.241,69139.0,0.00289,A,199.81171,13715751883175
1774161233080,2026-03-22 06:33:53.080,69140.0,0.00987,B,682.4118,131097500971899
1774161233541,2026-03-22 06:33:53.541,69139.0,0.00017,A,11.753630000000001,500889059101416
1774161233541,2026-03-22 06:33:53.541,69139.0,0.00128,A,88.49792000000001,39531489806718
1774161234267,2026-03-22 06:33:54.267,69140.0,0.00026,B,17.976399999999998,365794217794370
1774161234469,2026-03-22 06:33:54.469,69140.0,0.00015,B,10.370999999999999,373315307523631
1774161234958,2026-03-22 06:33:54.958,69139.0,0.00017,A,11.753630000000001,524159708378161
1774161234958,2026-03-22 06:33:54.958,69139.0,0.00128,A,88.49792000000001,410224829961682
1774161236289,2026-03-22 06:33:56.289,69139.0,0.0007,A,48.3973,1112410314136006
1774161237072,2026-03-22 06:33:57.072,69138.0,0.00017,A,11.75346,51153944652508
1774161237302,2026-03-22 06:33:57.302,69138.0,0.01657,A,1145.6166600000001,154125257520218
1774161237484,2026-03-22 06:33:57.484,69138.0,0.00026,A,17.97588,720710724555947
1774161238115,2026-03-22 06:33:58.115,69138.0,0.00178,A,123.06563999999999,836157386652489
1774161239104,2026-03-22 06:33:59.104,69139.0,0.00016,B,11.062240000000001,505783231157679
1774161239104,2026-03-22 06:33:59.104,69138.0,0.01031,A,712.81278,233672483253380
1774161239104,2026-03-22 06:33:59.104,69138.0,0.00081,A,56.00178,628100850452596
1774161241000,2026-03-22 06:34:01.000,69137.0,0.00016,A,11.06192,262538685388225
1774161241000,2026-03-22 06:34:01.000,69137.0,0.00017,A,11.753290000000002,765662678752492
1774161241000,2026-03-22 06:34:01.000,69137.0,0.00205,A,141.73085,506666579087694
1774161241823,2026-03-22 06:34:01.823,69137.0,0.02687,A,1857.7111900000002,1035687717678737
1774161241823,2026-03-22 06:34:01.823,69136.0,0.00017,A,11.753120000000001,904851146482032
1774161241823,2026-03-22 06:34:01.823,69135.0,0.00017,A,11.75295,496932748240700
1774161241823,2026-03-22 06:34:01.823,69135.0,0.04504,A,3113.8403999999996,490275327387262
1774161243862,2026-03-22 06:34:03.862,69134.0,0.00017,A,11.752780000000001,893665393402341
1774161244040,2026-03-22 06:34:04.040,69133.0,0.00017,A,11.75261,406750548449220
1774161244040,2026-03-22 06:34:04.040,69132.0,0.00017,A,11.75244,853386319240571
1774161244040,2026-03-22 06:34:04.040,69131.0,0.00017,A,11.752270000000001,1086862499822995
1774161244040,2026-03-22 06:34:04.040,69131.0,0.00107,A,73.97017,1040095110560311
1774161244102,2026-03-22 06:34:04.102,69131.0,0.00193,A,133.42283,182436406812977
1774161244102,2026-03-22 06:34:04.102,69130.0,0.00016,A,11.0608,299566136740751
1774161244102,2026-03-22 06:34:04.102,69130.0,0.00017,A,11.7521,462117100076401
1774161244102,2026-03-22 06:34:04.102,69130.0,0.00015,A,10.369499999999999,1026745197344918
1774161244102,2026-03-22 06:34:04.102,69130.0,0.00177,A,122.3601,378860407600178
1774161244348,2026-03-22 06:34:04.348,69130.0,7e-05,A,4.839099999999999,229370414453154
1774161245730,2026-03-22 06:34:05.730,69130.0,0.00268,A,185.2684,1043805617192104
1774161248000,2026-03-22 06:34:08.000,69131.0,0.00016,B,11.060960000000001,642772038940623
1774161248845,2026-03-22 06:34:08.845,69131.0,0.00026,B,17.974059999999998,318752596679263
1774161250658,2026-03-22 06:34:10.658,69130.0,0.00026,A,17.973799999999997,1095534109264216
1774161252990,2026-03-22 06:34:12.990,69131.0,7e-05,B,4.839169999999999,655190880857148
1774161254076,2026-03-22 06:34:14.076,69130.0,0.00415,A,286.8895,634561164189300
1774161255013,2026-03-22 06:34:15.013,69131.0,0.00057,B,39.404669999999996,496438181881947
1774161262601,2026-03-22 06:34:22.601,69131.0,0.00025,B,17.28275,691235708742326
1774161263317,2026-03-22 06:34:23.317,69130.0,0.00024,A,16.5912,317142487980995
1774161267030,2026-03-22 06:34:27.030,69130.0,0.00017,A,11.7521,674782830541703
1774161268035,2026-03-22 06:34:28.035,69130.0,0.00178,A,123.05139999999999,778617055572217
1774161269039,2026-03-22 06:34:29.039,69131.0,0.00016,B,11.060960000000001,776273444594528
1774161270115,2026-03-22 06:34:30.115,69131.0,0.00016,B,11.060960000000001,967101777561839
1774161271080,2026-03-22 06:34:31.080,69130.0,0.00238,A,164.5294,305090821840143
1774161272375,2026-03-22 06:34:32.375,69130.0,0.00987,A,682.3131000000001,629850798340950
1774161272781,2026-03-22 06:34:32.781,69131.0,0.05095,B,3522.22445,533887430310510
1774161273221,2026-03-22 06:34:33.221,69131.0,0.02449,B,1693.01819,668496618028695
1774161274085,2026-03-22 06:34:34.085,69130.0,0.00017,A,11.7521,27494170138042
1774161274085,2026-03-22 06:34:34.085,69130.0,0.00142,A,98.16460000000001,564654273738501
1774161274785,2026-03-22 06:34:34.785,69130.0,0.00397,A,274.44609999999994,292410790574810
1774161274785,2026-03-22 06:34:34.785,69130.0,0.07387,A,5106.6331,890816490530523
1774161274785,2026-03-22 06:34:34.785,69130.0,0.38964,A,26935.8132,1044706560934526
1774161274785,2026-03-22 06:34:34.785,69130.0,0.34018,A,23516.643399999997,315725606007133
1774161274785,2026-03-22 06:34:34.785,69130.0,0.13543,A,9362.2759,800101800262389
1774161274785,2026-03-22 06:34:34.785,69130.0,0.82455,A,57001.1415,934618463454480
1774161274785,2026-03-22 06:34:34.785,69130.0,0.5,A,34565.0,1116732070460554
1774161274785,2026-03-22 06:34:34.785,69130.0,0.01446,A,999.6198,611032180126510
1774161274785,2026-03-22 06:34:34.785,69130.0,0.07419,A,5128.7547,706400258912933
1774161274785,2026-03-22 06:34:34.785,69130.0,0.07411,A,5123.2243,939987609471210
1774161274785,2026-03-22 06:34:34.785,69130.0,0.34587,A,23909.9931,853988198389959
1774161274785,2026-03-22 06:34:34.785,69130.0,0.12858,A,8888.7354,923808315349633
1774161274785,2026-03-22 06:34:34.785,69130.0,0.35283,A,24391.137899999998,668708404219032
1774161274785,2026-03-22 06:34:34.785,69130.0,0.12543,A,8670.975900000001,173126268541671
1774161274785,2026-03-22 06:34:34.785,69130.0,0.12642,A,8739.4146,885277048897247
1774161274785,2026-03-22 06:34:34.785,69130.0,0.08028,A,5549.7564,593380999014771
1774161274785,2026-03-22 06:34:34.785,69130.0,0.05134,A,3549.1342,790075390625290
1774161274785,2026-03-22 06:34:34.785,69130.0,0.05786,A,3999.8618,416603161149029
1774161274785,2026-03-22 06:34:34.785,69130.0,0.0762,A,5267.706,199552074684451
1774161274785,2026-03-22 06:34:34.785,69130.0,0.03891,A,2689.8483,220904181065472
1774161275907,2026-03-22 06:34:35.907,69131.0,0.00027,B,18.66537,1079434852697664
1774161277117,2026-03-22 06:34:37.117,69130.0,0.00029,A,20.0477,241506522261391
1774161277397,2026-03-22 06:34:37.397,69131.0,0.00024,B,16.591440000000002,203904019527487
1774161278090,2026-03-22 06:34:38.090,69131.0,0.00016,B,11.060960000000001,859780253079102
1774161282835,2026-03-22 06:34:42.835,69131.0,0.0107,B,739.7017,322591200284888
1774161284038,2026-03-22 06:34:44.038,69130.0,0.00416,A,287.58079999999995,934437329946100
1774161285025,2026-03-22 06:34:45.025,69131.0,0.00056,B,38.713359999999994,693715478524283
1774161285750,2026-03-22 06:34:45.750,69131.0,0.00139,B,96.09209,1044842785002492
1774161287557,2026-03-22 06:34:47.557,69130.0,0.00024,A,16.5912,248479225044224
1774161291493,2026-03-22 06:34:51.493,69131.0,0.00024,B,16.591440000000002,608084247470238
1774161297022,2026-03-22 06:34:57.022,69130.0,0.00017,A,11.7521,714172387630247
1774161298006,2026-03-22 06:34:58.006,69130.0,0.00177,A,122.3601,674845014185870
1774161299019,2026-03-22 06:34:59.019,69131.0,0.00016,B,11.060960000000001,105148947790264
1774161299317,2026-03-22 06:34:59.317,69131.0,0.0003,B,20.739299999999997,288029150385090
1774161299719,2026-03-22 06:34:59.719,69130.0,0.00071,A,49.082300000000004,495825720395494
1774161300126,2026-03-22 06:35:00.126,69130.0,0.00024,A,16.5912,806014280731317
1774161301046,2026-03-22 06:35:01.046,69130.0,0.00238,A,164.5294,1122420794792273
1774161301437,2026-03-22 06:35:01.437,69131.0,0.00017,B,11.752270000000001,798688168079056
1774161301437,2026-03-22 06:35:01.437,69131.0,0.00015,B,10.369649999999998,525508099841484
1774161301437,2026-03-22 06:35:01.437,69131.0,0.00039,B,26.96109,612055441385327
1774161301437,2026-03-22 06:35:01.437,69132.0,0.00145,B,100.2414,216336982750236
1774161301437,2026-03-22 06:35:01.437,69132.0,0.00145,B,100.2414,1123127187598315
1774161301437,2026-03-22 06:35:01.437,69132.0,0.00018,B,12.443760000000001,190033329494805
1774161301437,2026-03-22 06:35:01.437,69132.0,0.00018,B,12.443760000000001,581840135490277
1774161301437,2026-03-22 06:35:01.437,69132.0,0.00015,B,10.3698,69859277789191
1774161301437,2026-03-22 06:35:01.437,69132.0,0.00017,B,11.75244,888137357363042
1774161301437,2026-03-22 06:35:01.437,69133.0,0.00015,B,10.36995,60578733385241
1774161301437,2026-03-22 06:35:01.437,69133.0,0.00017,B,11.75261,670981484204397
1774161301437,2026-03-22 06:35:01.437,69134.0,0.00017,B,11.752780000000001,49161430160872
1774161301437,2026-03-22 06:35:01.437,69135.0,0.00017,B,11.75295,222261986054527
1774161301437,2026-03-22 06:35:01.437,69136.0,0.00016,B,11.061760000000001,807319318892717
1774161301437,2026-03-22 06:35:01.437,69136.0,0.00017,B,11.753120000000001,846738306943559
1774161301437,2026-03-22 06:35:01.437,69137.0,0.00017,B,11.753290000000002,339462886293789
1774161301437,2026-03-22 06:35:01.437,69137.0,0.00022,B,15.21014,798298462817673
1774161301437,2026-03-22 06:35:01.437,69138.0,0.00017,B,11.75346,1001134905967780
1774161301437,2026-03-22 06:35:01.437,69139.0,0.00017,B,11.753630000000001,739159678364735
1774161301437,2026-03-22 06:35:01.437,69139.0,0.001,B,69.139,999057165013301
1774161301437,2026-03-22 06:35:01.437,69140.0,0.00016,B,11.0624,598113865237917
1774161301437,2026-03-22 06:35:01.437,69140.0,0.003,B,207.42000000000002,802408127510308
1774161301437,2026-03-22 06:35:01.437,69140.0,0.00015,B,10.370999999999999,818847377457555
1774161301437,2026-03-22 06:35:01.437,69140.0,0.00017,B,11.7538,251015716977289
1774161301437,2026-03-22 06:35:01.437,69141.0,0.00017,B,11.75397,348977783838442
1774161301437,2026-03-22 06:35:01.437,69142.0,0.003,B,207.42600000000002,314988229597346
1774161301437,2026-03-22 06:35:01.437,69142.0,0.00017,B,11.754140000000001,452830210459093
1774161301437,2026-03-22 06:35:01.437,69143.0,0.00017,B,11.75431,457616599257903
1774161301437,2026-03-22 06:35:01.437,69144.0,0.00016,B,11.06304,537950018768235
1774161301437,2026-03-22 06:35:01.437,69144.0,0.00017,B,11.754480000000001,16545941743140
1774161301437,2026-03-22 06:35:01.437,69145.0,0.00051,B,35.26395,51667877090188
1774161301437,2026-03-22 06:35:01.437,69145.0,0.00015,B,10.371749999999999,246280395200071
1774161301437,2026-03-22 06:35:01.437,69145.0,0.00017,B,11.754650000000002,285730750450471
1774161301437,2026-03-22 06:35:01.437,69145.0,0.06067,B,4195.02715,834964847823569
1774161301931,2026-03-22 06:35:01.931,69144.0,0.00015,A,10.371599999999999,369028653091761
1774161302160,2026-03-22 06:35:02.160,69145.0,0.01535,B,1061.3757500000002,113297240800460
1774161302351,2026-03-22 06:35:02.351,69145.0,0.01589,B,1098.71405,891613964532472
1774161302744,2026-03-22 06:35:02.744,69144.0,0.00021,B,14.520240000000001,880840279492064
1774161303157,2026-03-22 06:35:03.157,69141.0,0.00022,A,15.211020000000001,735564703117824
1774161304051,2026-03-22 06:35:04.051,69141.0,0.00017,A,11.75397,1030388934698934
1774161304051,2026-03-22 06:35:04.051,69141.0,0.00142,A,98.18022,693027863076720
1774161304558,2026-03-22 06:35:04.558,69142.0,0.00021,B,14.519820000000001,689159271531599
1774161304959,2026-03-22 06:35:04.959,69142.0,0.0003,B,20.7426,656559555742871
1774161305762,2026-03-22 06:35:05.762,69142.0,0.00024,B,16.59408,682997996384884
1774161307979,2026-03-22 06:35:07.979,69142.0,0.0207,B,1431.2394,363386892850439
1774161308079,2026-03-22 06:35:08.079,69142.0,0.00016,B,11.06272,1005618248849279
1774161310700,2026-03-22 06:35:10.700,69142.0,0.00141,B,97.49022000000001,858347574931437
1774161312029,2026-03-22 06:35:12.029,69141.0,0.05,A,3457.05,714742559596685
1774161313034,2026-03-22 06:35:13.034,69140.0,0.00023,A,15.9022,867679299841207
1774161313234,2026-03-22 06:35:13.234,69141.0,0.00194,B,134.13354,715917055420034
1774161313379,2026-03-22 06:35:13.379,69140.0,0.22106,A,15284.0884,1027812223477780
1774161313379,2026-03-22 06:35:13.379,69139.0,0.00015,A,10.370849999999999,1107391228274893
1774161314038,2026-03-22 06:35:14.038,69137.0,0.00416,A,287.60992,77680539061027
1774161314100,2026-03-22 06:35:14.100,69137.0,0.0291,A,2011.8867,1111101971133174
1774161314187,2026-03-22 06:35:14.187,69137.0,0.00145,A,100.24865,431341759591878
1774161314998,2026-03-22 06:35:14.998,69137.0,0.01529,A,1057.10473,802567147132861
1774161315071,2026-03-22 06:35:15.071,69137.0,2e-05,B,1.38274,263668339965754
1774161315071,2026-03-22 06:35:15.071,69137.0,0.00055,B,38.02535,539217814842811
1774161316818,2026-03-22 06:35:16.818,69136.0,0.00723,A,499.85328000000004,1062336389071643
1774161318824,2026-03-22 06:35:18.824,69136.0,0.0003,A,20.740799999999997,234499901161737
1774161320029,2026-03-22 06:35:20.029,69137.0,0.00022,B,15.21014,195593286491161
1774161321065,2026-03-22 06:35:21.065,69137.0,0.0045,B,311.1165,1109558013142162
1774161321539,2026-03-22 06:35:21.539,69136.0,0.00022,A,15.20992,1050715993124462
1774161326859,2026-03-22 06:35:26.859,69137.0,0.00015,B,10.37055,685892570644038
1774161328068,2026-03-22 06:35:28.068,69136.0,0.00178,A,123.06208,136207281182713
1774161329015,2026-03-22 06:35:29.015,69137.0,0.00016,B,11.06192,273611787223410
1774161330002,2026-03-22 06:35:30.002,69137.0,0.00036,B,24.88932,902960584883169
1774161330002,2026-03-22 06:35:30.002,69137.0,0.0026,B,179.75619999999998,591930579754036
1774161330002,2026-03-22 06:35:30.002,69137.0,0.00017,B,11.753290000000002,96492423919016
1774161330002,2026-03-22 06:35:30.002,69138.0,0.00017,B,11.75346,330321905364765
1774161330002,2026-03-22 06:35:30.002,69139.0,0.00017,B,11.753630000000001,247627467033397
1774161330002,2026-03-22 06:35:30.002,69140.0,0.00017,B,11.7538,372388598149897
1774161330002,2026-03-22 06:35:30.002,69141.0,0.00017,B,11.75397,1115239291110159
1774161330002,2026-03-22 06:35:30.002,69142.0,0.00017,B,11.754140000000001,980208962678179
1774161331082,2026-03-22 06:35:31.082,69142.0,0.00017,A,11.754140000000001,493651802300447
1774161331082,2026-03-22 06:35:31.082,69142.0,0.0022,A,152.1124,822814326131397
1774161333281,2026-03-22 06:35:33.281,69143.0,0.003,B,207.429,1120583235604672
1774161333281,2026-03-22 06:35:33.281,69143.0,0.00017,B,11.75431,492708133025127
1774161333281,2026-03-22 06:35:33.281,69144.0,0.00016,B,11.06304,916679825795399
1774161333281,2026-03-22 06:35:33.281,69144.0,0.00017,B,11.754480000000001,470961741036661
1774161333281,2026-03-22 06:35:33.281,69144.0,0.00015,B,10.371599999999999,1010325216460267
1774161333281,2026-03-22 06:35:33.281,69145.0,0.00017,B,11.754650000000002,518915317810844
1774161333281,2026-03-22 06:35:33.281,69146.0,0.00017,B,11.75482,175419644042630
1774161333281,2026-03-22 06:35:33.281,69147.0,0.00016,B,11.06352,225830456481340
1774161333281,2026-03-22 06:35:33.281,69147.0,0.00017,B,11.754990000000001,1068371842458932
1774161333281,2026-03-22 06:35:33.281,69147.0,0.00022,B,15.212340000000001,227487713204451
1774161333281,2026-03-22 06:35:33.281,69148.0,0.00017,B,11.75516,355085396771752
1774161333281,2026-03-22 06:35:33.281,69149.0,0.01156,B,799.3624400000001,75101634681263
1774161333281,2026-03-22 06:35:33.281,69149.0,0.00017,B,11.75533,938908009725970
1774161333281,2026-03-22 06:35:33.281,69149.0,0.07035,B,4864.6321499999995,1107290199503342
1774161334031,2026-03-22 06:35:34.031,69148.0,0.00017,A,11.75516,864575346119415
1774161334031,2026-03-22 06:35:34.031,69148.0,0.00142,A,98.19016,639950811505593
1774161334727,2026-03-22 06:35:34.727,69149.0,0.0003,B,20.744699999999998,905052543644120
1774161335403,2026-03-22 06:35:35.403,69149.0,0.00017,B,11.75533,282030150228462
1774161335403,2026-03-22 06:35:35.403,69150.0,5e-05,B,3.4575,476346927512826
1774161335942,2026-03-22 06:35:35.942,69150.0,0.00295,B,203.9925,51806297775079
1774161335942,2026-03-22 06:35:35.942,69151.0,0.00016,B,11.064160000000001,331473708158629
1774161335942,2026-03-22 06:35:35.942,69151.0,0.00017,B,11.75567,490776297449950
1774161335942,2026-03-22 06:35:35.942,69152.0,0.00017,B,11.755840000000001,160122030133379
1774161336095,2026-03-22 06:35:36.095,69153.0,0.00017,B,11.756010000000002,684990975718565
1774161336095,2026-03-22 06:35:36.095,69153.0,0.00418,B,289.05953999999997,224345369200065
1774161336345,2026-03-22 06:35:36.345,69153.0,0.00016,B,11.064480000000001,904200489961548
1774161338036,2026-03-22 06:35:38.036,69153.0,0.00016,B,11.064480000000001,729524042266324
1774161338133,2026-03-22 06:35:38.133,69152.0,0.00022,A,15.21344,458033593134996
1774161338447,2026-03-22 06:35:38.447,69153.0,0.00017,B,11.756010000000002,1053458900161531
1774161343361,2026-03-22 06:35:43.361,69152.0,0.00029,A,20.05408,257980046439272
1774161344034,2026-03-22 06:35:44.034,69152.0,5e-05,A,3.4576000000000002,905694463626998
1774161344034,2026-03-22 06:35:44.034,69152.0,0.00411,A,284.21472,290831640586770
1774161345038,2026-03-22 06:35:45.038,69153.0,0.00057,B,39.41721,267780523402258
1774161346828,2026-03-22 06:35:46.828,69152.0,1.0,A,69152.0,261796794893327
1774161348447,2026-03-22 06:35:48.447,69152.0,0.0082,A,567.0464000000001,814920797743712
1774161348447,2026-03-22 06:35:48.447,69152.0,0.0277,A,1915.5104,100338349413566
1774161348947,2026-03-22 06:35:48.947,69153.0,0.00017,B,11.756010000000002,712295295171798
1774161349058,2026-03-22 06:35:49.058,69154.0,0.00017,B,11.75618,203459643481049
1774161349058,2026-03-22 06:35:49.058,69154.0,0.00015,B,10.373099999999999,681001334128043
1774161349058,2026-03-22 06:35:49.058,69154.0,0.0002,B,13.8308,707122685753233
1774161349058,2026-03-22 06:35:49.058,69155.0,0.00016,B,11.064800000000002,549160536379285
1774161349058,2026-03-22 06:35:49.058,69155.0,0.00017,B,11.756350000000001,1016113507569910
1774161349455,2026-03-22 06:35:49.455,69155.0,0.00017,B,11.756350000000001,452742369435671
1774161349455,2026-03-22 06:35:49.455,69156.0,0.00017,B,11.75652,24397738156638
1774161349455,2026-03-22 06:35:49.455,69157.0,0.00017,B,11.75669,348445936847194
1774161349455,2026-03-22 06:35:49.455,69158.0,0.00016,B,11.065280000000001,752659572412842
1774161349455,2026-03-22 06:35:49.455,69158.0,0.00017,B,11.756860000000001,23645672629344
1774161349455,2026-03-22 06:35:49.455,69159.0,0.00017,B,11.75703,367446635148884
1774161349455,2026-03-22 06:35:49.455,69159.0,0.003,B,207.477,901414051112644
1774161349538,2026-03-22 06:35:49.538,69160.0,0.00017,B,11.757200000000001,352040454882079
1774161349538,2026-03-22 06:35:49.538,69161.0,0.00017,B,11.757370000000002,801621518222671
1774161349538,2026-03-22 06:35:49.538,69162.0,0.00016,B,11.06592,807654181820811
1774161349538,2026-03-22 06:35:49.538,69162.0,0.00017,B,11.75754,554596848184932
1774161349942,2026-03-22 06:35:49.942,69163.0,0.00017,B,11.757710000000001,452675615766490
1774161349942,2026-03-22 06:35:49.942,69163.0,0.003,B,207.489,148254306314987
1774161349942,2026-03-22 06:35:49.942,69163.0,0.08272,B,5721.1633600000005,734024381618278
1774161350264,2026-03-22 06:35:50.264,69163.0,0.00386,B,266.96918,374512729661867
1774161350870,2026-03-22 06:35:50.870,69163.0,0.00022,B,15.215860000000001,1083187911968357
1774161350934,2026-03-22 06:35:50.934,69163.0,0.00025,B,17.29075,329073748618681
1774161351425,2026-03-22 06:35:51.425,69162.0,0.0002,A,13.8324,961229383670268
1774161351425,2026-03-22 06:35:51.425,69162.0,0.00022,A,15.21564,106265862350948
1774161352547,2026-03-22 06:35:52.547,69157.0,0.003,A,207.471,1024379638519943
1774161353448,2026-03-22 06:35:53.448,69156.0,0.02892,A,1999.99152,558529223288552
1774161354055,2026-03-22 06:35:54.055,69153.0,0.001,A,69.153,348497332807637
1774161354055,2026-03-22 06:35:54.055,69153.0,0.00017,A,11.756010000000002,420334074021483
1774161356828,2026-03-22 06:35:56.828,69152.0,0.00289,A,199.84928000000002,136666016634266
1774161356828,2026-03-22 06:35:56.828,69152.0,0.00017,A,11.755840000000001,912408487004737
1774161356828,2026-03-22 06:35:56.828,69152.0,0.00417,A,288.36384,58213840034300
1774161357086,2026-03-22 06:35:57.086,69152.0,0.00017,A,11.755840000000001,154180100798838
1774161358047,2026-03-22 06:35:58.047,69152.0,0.00178,A,123.09056,234729308754691
1774161358047,2026-03-22 06:35:58.047,69153.0,0.01,B,691.53,172174349921116
1774161358605,2026-03-22 06:35:58.605,69152.0,0.00022,A,15.21344,462298965220887
1774161359100,2026-03-22 06:35:59.100,69153.0,0.00016,B,11.064480000000001,505480587219962
1774161359520,2026-03-22 06:35:59.520,69152.0,0.00017,A,11.755840000000001,530047662262782
1774161359520,2026-03-22 06:35:59.520,69151.0,0.00017,A,11.75567,900552925310835
1774161359520,2026-03-22 06:35:59.520,69151.0,0.00015,A,10.372649999999998,116043522040179
1774161359621,2026-03-22 06:35:59.621,69150.0,0.00017,A,11.755500000000001,37747169932402
1774161359922,2026-03-22 06:35:59.922,69149.0,0.00017,A,11.75533,973469385698860
1774161359922,2026-03-22 06:35:59.922,69148.0,0.00016,A,11.063680000000002,991252065101598
1774161359922,2026-03-22 06:35:59.922,69148.0,0.00017,A,11.75516,126719385860371
1774161360223,2026-03-22 06:36:00.223,69147.0,0.00017,A,11.754990000000001,190848499695389
1774161360223,2026-03-22 06:36:00.223,69147.0,0.003,A,207.441,808325989074968
1774161360223,2026-03-22 06:36:00.223,69146.0,0.00017,A,11.75482,815775728676856
1774161360223,2026-03-22 06:36:00.223,69146.0,0.00042,A,29.041320000000002,323832135500392
1774161360223,2026-03-22 06:36:00.223,69146.0,0.00015,A,10.371899999999998,56271354613206
1774161360330,2026-03-22 06:36:00.330,69145.0,0.00016,A,11.0632,827730206031451
1774161360330,2026-03-22 06:36:00.330,69145.0,0.00017,A,11.754650000000002,361230196698642
1774161360330,2026-03-22 06:36:00.330,69144.0,0.00017,A,11.754480000000001,309512662442160
1774161360419,2026-03-22 06:36:00.419,69143.0,0.00017,A,11.75431,263784052472031
1774161360419,2026-03-22 06:36:00.419,69143.0,0.003,A,207.429,299970601220666
1774161360419,2026-03-22 06:36:00.419,69142.0,0.00017,A,11.754140000000001,731164010771391
1774161360419,2026-03-22 06:36:00.419,69141.0,0.00016,A,11.062560000000001,217734883611070
1774161360419,2026-03-22 06:36:00.419,69141.0,0.00015,A,10.371149999999998,843231080384737
1774161360419,2026-03-22 06:36:00.419,69141.0,0.00017,A,11.75397,131566542915844
1774161361036,2026-03-22 06:36:01.036,69140.0,0.00017,A,11.7538,1087184576977006
1774161361036,2026-03-22 06:36:01.036,69139.0,0.00221,A,152.79719,994389301845020
1774161362632,2026-03-22 06:36:02.632,69139.0,0.00017,A,11.753630000000001,1039112465240304
1774161362632,2026-03-22 06:36:02.632,69138.0,0.00017,A,11.75346,691407015137114
1774161362632,2026-03-22 06:36:02.632,69138.0,0.00015,A,10.3707,497639428697369
1774161362632,2026-03-22 06:36:02.632,69137.0,0.00016,A,11.06192,245127545826200
1774161362632,2026-03-22 06:36:02.632,69137.0,0.00017,A,11.753290000000002,1019830360715852
1774161362632,2026-03-22 06:36:02.632,69137.0,0.003,A,207.411,688712629414368
1774161362632,2026-03-22 06:36:02.632,69136.0,4e-05,A,2.7654400000000003,77238610468697
1774161362632,2026-03-22 06:36:02.632,69136.0,0.00013,A,8.98768,427226108960040
1774161362632,2026-03-22 06:36:02.632,69135.0,0.00017,A,11.75295,401153578156853
1774161362632,2026-03-22 06:36:02.632,69134.0,0.00016,A,11.061440000000001,441458075851530
1774161362632,2026-03-22 06:36:02.632,69134.0,0.00017,A,11.752780000000001,62603579077820
1774161363265,2026-03-22 06:36:03.265,69133.0,0.00017,A,11.75261,883058723562823
1774161363265,2026-03-22 06:36:03.265,69133.0,0.00054,A,37.33182,1023868292406903
1774161364042,2026-03-22 06:36:04.042,69133.0,0.00017,A,11.75261,496332807521456
1774161364042,2026-03-22 06:36:04.042,69133.0,0.00142,A,98.16886000000001,816162726534955
1774161364761,2026-03-22 06:36:04.761,69133.0,0.00015,A,10.36995,1062965290039159
1774161365363,2026-03-22 06:36:05.363,69133.0,7e-05,A,4.839309999999999,728981012957537
1774161365528,2026-03-22 06:36:05.528,69134.0,0.00373,B,257.86982,596309540559775
1774161365528,2026-03-22 06:36:05.528,69134.0,0.23241,B,16067.43294,163706467441207
1774161365528,2026-03-22 06:36:05.528,69134.0,0.00022,B,15.209480000000001,815616113075735
1774161368039,2026-03-22 06:36:08.039,69134.0,0.00016,B,11.061440000000001,414725732929118
1774161373348,2026-03-22 06:36:13.348,69133.0,0.00021,A,14.51793,714313932631861
1774161374011,2026-03-22 06:36:14.011,69133.0,0.00416,A,287.59328,635793445598461
1774161375017,2026-03-22 06:36:15.017,69134.0,0.00056,B,38.715039999999995,424636089465266
1774161376594,2026-03-22 06:36:16.594,69134.0,0.00017,B,11.752780000000001,877583264035848
1774161378343,2026-03-22 06:36:18.343,69134.0,0.00017,B,11.752780000000001,197485090143364
1774161378343,2026-03-22 06:36:18.343,69135.0,0.00017,B,11.75295,633430579834913
1774161378343,2026-03-22 06:36:18.343,69136.0,0.00017,B,11.753120000000001,422426277343193
1774161378343,2026-03-22 06:36:18.343,69137.0,0.00017,B,11.753290000000002,769083858054377
1774161378343,2026-03-22 06:36:18.343,69138.0,0.00017,B,11.75346,853035869537465
1774161378343,2026-03-22 06:36:18.343,69139.0,0.003,B,207.417,458838039014453
1774161378343,2026-03-22 06:36:18.343,69139.0,0.00017,B,11.753630000000001,325439947012839
1774161378343,2026-03-22 06:36:18.343,69140.0,0.00016,B,11.0624,783191147662653
1774161378343,2026-03-22 06:36:18.343,69140.0,0.00017,B,11.7538,291049588896639
1774161378343,2026-03-22 06:36:18.343,69140.0,0.04353,B,3009.6642,380738865397965
1774161379347,2026-03-22 06:36:19.347,69140.0,0.0389,B,2689.546,1040281138241391
1774161379390,2026-03-22 06:36:19.390,69140.0,0.0002,B,13.828000000000001,1023498299699316
1774161380025,2026-03-22 06:36:20.025,69140.0,7e-05,B,4.839799999999999,125690989261712
1774161380424,2026-03-22 06:36:20.424,69140.0,0.00025,B,17.285,497124302014264
1774161380949,2026-03-22 06:36:20.949,69140.0,0.00028,B,19.359199999999998,200451168246210
1774161387078,2026-03-22 06:36:27.078,69139.0,0.00017,A,11.753630000000001,219644314617998
1774161388022,2026-03-22 06:36:28.022,69139.0,0.00178,A,123.06742,373206602130201
1774161389001,2026-03-22 06:36:29.001,69140.0,0.00016,B,11.0624,936735677751884
1774161389814,2026-03-22 06:36:29.814,69141.0,0.0002,A,13.8282,556128547806314
1774161389900,2026-03-22 06:36:29.900,69142.0,0.00017,B,11.754140000000001,1109972227975240
1774161389900,2026-03-22 06:36:29.900,69143.0,0.00017,B,11.75431,870921755011628
1774161389900,2026-03-22 06:36:29.900,69143.0,0.00015,B,10.37145,934600330131955
1774161390182,2026-03-22 06:36:30.182,69143.0,0.00096,A,66.37728,641860304305078
1774161390182,2026-03-22 06:36:30.182,69143.0,0.58099,A,40171.39157,209971739394468
1774161390978,2026-03-22 06:36:30.978,69144.0,0.01538,B,1063.43472,1062444555015682
1774161390978,2026-03-22 06:36:30.978,69144.0,0.00017,B,11.754480000000001,67498971703733
1774161390978,2026-03-22 06:36:30.978,69145.0,0.003,B,207.435,976900251290627
1774161390978,2026-03-22 06:36:30.978,69145.0,0.00017,B,11.754650000000002,200743944363382
1774161390978,2026-03-22 06:36:30.978,69145.0,0.00198,B,136.90709999999999,604048534651970
1774161391093,2026-03-22 06:36:31.093,69143.0,0.00238,A,164.56034000000002,151372122053511
1774161393623,2026-03-22 06:36:33.623,69145.0,0.0002,B,13.829,571162917767902
1774161394028,2026-03-22 06:36:34.028,69144.0,0.00017,A,11.754480000000001,829436026758068
1774161394028,2026-03-22 06:36:34.028,69144.0,0.00141,A,97.49304000000001,765728569308762
1774161398075,2026-03-22 06:36:38.075,69145.0,0.00016,B,11.0632,946384416438927
1774161400772,2026-03-22 06:36:40.772,69145.0,0.00332,B,229.5614,212551145734385
1774161402576,2026-03-22 06:36:42.576,69144.0,0.0002,A,13.828800000000001,67300701001389
1774161404109,2026-03-22 06:36:44.109,69144.0,0.00415,A,286.9476,65538694001935
1774161405046,2026-03-22 06:36:45.046,69145.0,0.00057,B,39.41265,29965326446105
1774161405363,2026-03-22 06:36:45.363,69145.0,0.00016,B,11.0632,981732030522110
1774161407367,2026-03-22 06:36:47.367,69145.0,0.0002,B,13.829,40794336458188
1774161408757,2026-03-22 06:36:48.757,69144.0,0.00625,A,432.15000000000003,168811293914352
1774161410171,2026-03-22 06:36:50.171,69144.0,0.00029,A,20.05176,21961877348504
1774161414281,2026-03-22 06:36:54.281,69145.0,0.00017,B,11.754650000000002,535919908111417
1774161414281,2026-03-22 06:36:54.281,69145.0,0.0866,B,5987.956999999999,1103940835324822
1774161415427,2026-03-22 06:36:55.427,69147.0,0.00017,B,11.754990000000001,499380191757890
1774161415427,2026-03-22 06:36:55.427,69148.0,8e-05,B,5.531840000000001,792366374638811
1774161415572,2026-03-22 06:36:55.572,69148.0,9e-05,B,6.22332,591241439186649
1774161415572,2026-03-22 06:36:55.572,69148.0,0.00015,B,10.3722,996100374299649
1774161415572,2026-03-22 06:36:55.572,69148.0,0.0002,A,13.829600000000001,1008508029575044
1774161416250,2026-03-22 06:36:56.250,69149.0,0.00017,B,11.75533,252304132538595
1774161416250,2026-03-22 06:36:56.250,69149.0,0.01011,B,699.0963899999999,509078967341062
1774161416250,2026-03-22 06:36:56.250,69149.0,2e-05,B,1.38298,196031897070779
1774161416670,2026-03-22 06:36:56.670,69149.0,0.00059,B,40.79791,1085879939783626
1774161417061,2026-03-22 06:36:57.061,69148.0,0.00017,A,11.75516,372127203518954
1774161418072,2026-03-22 06:36:58.072,69148.0,0.00084,A,58.084320000000005,483586338373394
1774161418072,2026-03-22 06:36:58.072,69148.0,0.00094,A,64.99912,894124760854967
1774161419012,2026-03-22 06:36:59.012,69149.0,0.00016,B,11.06384,183113657370173
1774161419075,2026-03-22 06:36:59.075,69149.0,0.02522,B,1743.93778,537676654266662
1774161419278,2026-03-22 06:36:59.278,69149.0,0.00276,B,190.85124,581079926506693
1774161420823,2026-03-22 06:37:00.823,69148.0,0.00588,A,406.59024,138392266429370
1774161421001,2026-03-22 06:37:01.001,69148.0,0.00238,A,164.57224000000002,1050771475581539
1774161421688,2026-03-22 06:37:01.688,69149.0,0.0002,B,13.8298,5022929565696
1774161422102,2026-03-22 06:37:02.102,69148.0,0.006,A,414.88800000000003,666370404118522
1774161423106,2026-03-22 06:37:03.106,69148.0,0.0002,A,13.829600000000001,400395984224375
1774161423514,2026-03-22 06:37:03.514,69149.0,0.00016,B,11.06384,244743213970417
1774161424064,2026-03-22 06:37:04.064,69148.0,0.00017,A,11.75516,227270713283677
1774161424064,2026-03-22 06:37:04.064,69148.0,0.00142,A,98.19016,786077020287737
1774161424174,2026-03-22 06:37:04.174,69149.0,0.04342,B,3002.44958,70892168744441
1774161424174,2026-03-22 06:37:04.174,69149.0,0.07132,B,4931.706679999999,487391019072366
1774161424174,2026-03-22 06:37:04.174,69149.0,0.13936,B,9636.604640000001,717808094709217
1774161424174,2026-03-22 06:37:04.174,69149.0,0.01873,B,1295.16077,850977796164172
1774161426473,2026-03-22 06:37:06.473,69149.0,0.13934,B,9635.22166,67027773984934
1774161426473,2026-03-22 06:37:06.473,69149.0,0.25189,B,17417.94161,207026418678657
1774161426473,2026-03-22 06:37:06.473,69149.0,0.10877,B,7521.33673,487555541165964
1774161426875,2026-03-22 06:37:06.875,69149.0,0.08676,B,5999.3672400000005,593279201366138
1774161427883,2026-03-22 06:37:07.883,69149.0,0.00025,B,17.28725,826180788236709
1774161428081,2026-03-22 06:37:08.081,69149.0,0.00016,B,11.06384,89425917849087
1774161428132,2026-03-22 06:37:08.132,69149.0,0.00015,B,10.372349999999999,260697062324786
1774161429086,2026-03-22 06:37:09.086,69149.0,0.00028,B,19.36172,421614440618979
1774161434090,2026-03-22 06:37:14.090,69148.0,0.00416,A,287.65567999999996,108037464111023
1774161434494,2026-03-22 06:37:14.494,69149.0,0.12056,B,8336.60344,167187293756823
1774161434494,2026-03-22 06:37:14.494,69149.0,0.00017,B,11.75533,496837165686660
1774161434494,2026-03-22 06:37:14.494,69150.0,0.003,B,207.45000000000002,264211345983334
1774161434494,2026-03-22 06:37:14.494,69150.0,0.00015,B,10.372499999999999,200945851983213
1774161434494,2026-03-22 06:37:14.494,69150.0,0.00017,B,11.755500000000001,604154883696900
1774161434494,2026-03-22 06:37:14.494,69151.0,0.00016,B,11.064160000000001,718128954945271
1774161434494,2026-03-22 06:37:14.494,69151.0,0.00017,B,11.75567,431151427150725
1774161434494,2026-03-22 06:37:14.494,69151.0,0.00015,B,10.372649999999998,938478734190825
1774161434494,2026-03-22 06:37:14.494,69151.0,0.01011,B,699.1166099999999,1094063198222897
1774161434494,2026-03-22 06:37:14.494,69152.0,0.00017,B,11.755840000000001,9693894539553
1774161434494,2026-03-22 06:37:14.494,69152.0,0.59057,B,40839.09664,171521956179551
1774161435014,2026-03-22 06:37:15.014,69152.0,0.00056,B,38.72512,157222010292326
1774161435972,2026-03-22 06:37:15.972,69152.0,0.00019,B,13.13888,359920699318673
1774161440256,2026-03-22 06:37:20.256,69152.0,0.00266,B,183.94432,457919698692744
1774161440457,2026-03-22 06:37:20.457,69151.0,0.00018,A,12.447180000000001,730461756792960
1774161447045,2026-03-22 06:37:27.045,69151.0,0.00017,A,11.75567,445697663313176
1774161448050,2026-03-22 06:37:28.050,69151.0,0.00177,A,122.39727,999375629436132
1774161449058,2026-03-22 06:37:29.058,69152.0,0.00016,B,11.06432,930363507712827
1774161449576,2026-03-22 06:37:29.576,69152.0,1e-05,B,0.69152,392748240889155
1774161449576,2026-03-22 06:37:29.576,69153.0,0.00017,B,11.756010000000002,188251133388118
1774161449576,2026-03-22 06:37:29.576,69154.0,0.00017,B,11.75618,1112205996402060
1774161449576,2026-03-22 06:37:29.576,69155.0,0.00016,B,11.064800000000002,183083573634718
1774161449576,2026-03-22 06:37:29.576,69155.0,0.00017,B,11.756350000000001,530962345515865
1774161449576,2026-03-22 06:37:29.576,69156.0,0.00017,B,11.75652,295570250974984
1774161449576,2026-03-22 06:37:29.576,69157.0,0.00017,B,11.75669,1015271947372654
1774161449576,2026-03-22 06:37:29.576,69158.0,0.00016,B,11.065280000000001,866735430268573
1774161449576,2026-03-22 06:37:29.576,69158.0,0.00017,B,11.756860000000001,158133491810251
1774161449576,2026-03-22 06:37:29.576,69159.0,0.00017,B,11.75703,578971168716092
1774161449576,2026-03-22 06:37:29.576,69159.0,0.003,B,207.477,350128621622324
1774161449576,2026-03-22 06:37:29.576,69160.0,0.00015,B,10.373999999999999,201375100867730
1774161449576,2026-03-22 06:37:29.576,69160.0,0.00017,B,11.757200000000001,599054680511581
1774161449576,2026-03-22 06:37:29.576,69161.0,0.00017,B,11.757370000000002,1109613827212403
1774161449576,2026-03-22 06:37:29.576,69161.0,0.00135,B,93.36735,957528811039052
1774161450383,2026-03-22 06:37:30.383,69161.0,0.00018,B,12.44898,147219083201678
1774161450786,2026-03-22 06:37:30.786,69161.0,0.0723,B,5000.3403,487131894266931
1774161451070,2026-03-22 06:37:31.070,69160.0,0.00238,A,164.60080000000002,87445802825824
1774161453596,2026-03-22 06:37:33.596,69160.0,0.00018,A,12.4488,748676432005810
1774161454087,2026-03-22 06:37:34.087,69160.0,0.00017,A,11.757200000000001,316528080944464
1774161454087,2026-03-22 06:37:34.087,69160.0,0.00142,A,98.2072,372104871213894
1774161458042,2026-03-22 06:37:38.042,69161.0,0.00016,B,11.065760000000001,563405454287253
1774161464020,2026-03-22 06:37:44.020,69160.0,0.00416,A,287.70559999999995,1071307924020629
1774161464833,2026-03-22 06:37:44.833,69161.0,0.00018,B,12.44898,918043024597655
1774161465013,2026-03-22 06:37:45.013,69161.0,0.00057,B,39.421769999999995,121026183602493
1774161465565,2026-03-22 06:37:45.565,69160.0,0.00018,A,12.4488,428991832378205
1774161468016,2026-03-22 06:37:48.016,69161.0,0.00035,B,24.20635,174148944619996
1774161469283,2026-03-22 06:37:49.283,69161.0,0.0002,B,13.8322,696516944490176
1774161470925,2026-03-22 06:37:50.925,69160.0,0.1083,A,7490.027999999999,976944595551711
1774161470925,2026-03-22 06:37:50.925,69160.0,0.00217,A,150.0772,1064042548156859
1774161471734,2026-03-22 06:37:51.734,69159.0,0.00025,A,17.28975,503222021857919
1774161471734,2026-03-22 06:37:51.734,69157.0,0.00016,A,11.06512,969898752366445
1774161471734,2026-03-22 06:37:51.734,69157.0,0.00104,A,71.92327999999999,331330216494158
1774161472403,2026-03-22 06:37:52.403,69157.0,0.02787,A,1927.4055899999998,961781058054475
1774161472403,2026-03-22 06:37:52.403,69157.0,2e-05,A,1.38314,235022937492
1774161472951,2026-03-22 06:37:52.951,69158.0,0.13016,B,9001.60528,663644854936210
1774161475881,2026-03-22 06:37:55.881,69157.0,0.06894,B,4767.68358,920644435366009
1774161476776,2026-03-22 06:37:56.776,69156.0,0.00029,A,20.05524,391257378796679
1774161477068,2026-03-22 06:37:57.068,69155.0,0.00017,A,11.756350000000001,212622205989399
1774161477233,2026-03-22 06:37:57.233,69155.0,0.00283,A,195.70865,161086998586952
1774161477233,2026-03-22 06:37:57.233,69155.0,0.00015,A,10.373249999999999,197354601332283
1774161477233,2026-03-22 06:37:57.233,69155.0,0.00017,A,11.756350000000001,1021542295660711
1774161477233,2026-03-22 06:37:57.233,69154.0,0.00015,A,10.373099999999999,1072964875041490
1774161477233,2026-03-22 06:37:57.233,69154.0,0.00017,A,11.75618,1118844883657667
1774161477233,2026-03-22 06:37:57.233,69153.0,0.005,A,345.765,1008225675074946
1774161477233,2026-03-22 06:37:57.233,69153.0,0.00017,A,11.756010000000002,352110549868256
1774161477233,2026-03-22 06:37:57.233,69152.0,0.00016,A,11.06432,586673410869619
1774161477233,2026-03-22 06:37:57.233,69152.0,0.00017,A,11.755840000000001,507499695452095
1774161477233,2026-03-22 06:37:57.233,69151.0,0.03389,A,2343.52739,767057627061285
1774161477233,2026-03-22 06:37:57.233,69151.0,0.20714,A,14323.93814,151266840047005
1774161477349,2026-03-22 06:37:57.349,69152.0,0.0002,B,13.830400000000001,788933376427242
1774161477489,2026-03-22 06:37:57.489,69151.0,0.25,A,17287.75,689341893727277
1774161477489,2026-03-22 06:37:57.489,69151.0,0.14286,A,9878.911859999998,577722388856394
1774161477489,2026-03-22 06:37:57.489,69151.0,0.00017,A,11.75567,486558327554322
1774161477489,2026-03-22 06:37:57.489,69150.0,0.05697,A,3939.4755,47593151480749
1774161477489,2026-03-22 06:37:57.489,69150.0,0.03105,A,2147.1075,788750149706247
1774161477489,2026-03-22 06:37:57.489,69150.0,0.00017,A,11.755500000000001,93361107747650
1774161477489,2026-03-22 06:37:57.489,69149.0,0.00017,A,11.75533,550433566516408
1774161477489,2026-03-22 06:37:57.489,69148.0,0.00016,A,11.063680000000002,1085835493591629
1774161477489,2026-03-22 06:37:57.489,69148.0,0.00017,A,11.75516,830742178645387
1774161477489,2026-03-22 06:37:57.489,69148.0,0.6,A,41488.799999999996,1015110031158578
1774161477489,2026-03-22 06:37:57.489,69147.0,0.00017,A,11.754990000000001,331588423452139
1774161477489,2026-03-22 06:37:57.489,69146.0,0.003,A,207.43800000000002,303900911586057
1774161477489,2026-03-22 06:37:57.489,69146.0,0.00015,A,10.371899999999998,865039574787537
1774161477489,2026-03-22 06:37:57.489,69146.0,0.00017,A,11.75482,841969567489391
1774161477489,2026-03-22 06:37:57.489,69145.0,0.00016,A,11.0632,46756708325666
1774161477489,2026-03-22 06:37:57.489,69145.0,0.00017,A,11.754650000000002,739680176175211
1774161477489,2026-03-22 06:37:57.489,69144.0,0.00017,A,11.754480000000001,842865239911493
1774161477489,2026-03-22 06:37:57.489,69143.0,0.00017,A,11.75431,827197904565628
1774161477489,2026-03-22 06:37:57.489,69142.0,0.00017,A,11.754140000000001,283170059543242
1774161477489,2026-03-22 06:37:57.489,69141.0,0.00016,A,11.062560000000001,682583600464297
1774161477489,2026-03-22 06:37:57.489,69141.0,0.00015,A,10.371149999999998,535181711941864
1774161477489,2026-03-22 06:37:57.489,69141.0,0.00017,A,11.75397,607325468906587
1774161477489,2026-03-22 06:37:57.489,69140.0,0.00017,A,11.7538,246430162618485
1774161477489,2026-03-22 06:37:57.489,69139.0,0.02082,A,1439.4739800000002,618567305415714
1774161477489,2026-03-22 06:37:57.489,69139.0,0.00017,A,11.753630000000001,1106213456836838
1774161477489,2026-03-22 06:37:57.489,69138.0,0.00017,A,11.75346,931200919972421
1774161477489,2026-03-22 06:37:57.489,69137.0,0.00016,A,11.06192,630515723438136
1774161477489,2026-03-22 06:37:57.489,69137.0,0.00029,A,20.04973,272627854089640
1774161477489,2026-03-22 06:37:57.489,69137.0,0.00017,A,11.753290000000002,577411686346790
1774161478103,2026-03-22 06:37:58.103,69135.0,0.00178,A,123.0603,224454087527527
1774161478103,2026-03-22 06:37:58.103,69136.0,0.00738,B,510.22368,552543381310898
1774161478616,2026-03-22 06:37:58.616,69136.0,0.00072,B,49.77792,293999778653804
1774161478819,2026-03-22 06:37:58.819,69135.0,0.02714,A,1876.3239,577315435109404
1774161478819,2026-03-22 06:37:58.819,69135.0,0.00017,A,11.75295,600545816062405
1774161478819,2026-03-22 06:37:58.819,69134.0,0.00016,A,11.061440000000001,1103491870381151
1774161478819,2026-03-22 06:37:58.819,69134.0,0.00017,A,11.752780000000001,344567368447217
1774161478819,2026-03-22 06:37:58.819,69134.0,0.00015,A,10.370099999999999,304042223687598
1774161478819,2026-03-22 06:37:58.819,69133.0,0.00017,A,11.75261,1112554471382587
1774161478877,2026-03-22 06:37:58.877,69133.0,0.00019,B,13.13527,433364945228886
1774161479222,2026-03-22 06:37:59.222,69133.0,0.00018,B,12.443940000000001,867443236006462
1774161479415,2026-03-22 06:37:59.415,69132.0,0.00017,A,11.75244,693810071760456
1774161479415,2026-03-22 06:37:59.415,69132.0,0.02898,A,2003.44536,1050984217886444
1774161481029,2026-03-22 06:38:01.029,69132.0,0.00237,A,163.84284000000002,1060549086603412
1774161481304,2026-03-22 06:38:01.304,69132.0,0.00266,A,183.89112,519859495349487
1774161482134,2026-03-22 06:38:02.134,69133.0,0.00077,B,53.232409999999994,1031106696182518
1774161482134,2026-03-22 06:38:02.134,69133.0,0.00113,B,78.12029,347193404289961
1774161482533,2026-03-22 06:38:02.533,69133.0,0.0207,B,1431.0531,10538820343401
1774161483269,2026-03-22 06:38:03.269,69133.0,0.00018,B,12.443940000000001,875208366520852
1774161483421,2026-03-22 06:38:03.421,69132.0,0.00018,A,12.443760000000001,938031908056730
1774161484023,2026-03-22 06:38:04.023,69132.0,0.00017,A,11.75244,564789228704961
1774161485024,2026-03-22 06:38:05.024,69132.0,0.00142,A,98.16744,619245236218931
1774161488025,2026-03-22 06:38:08.025,69133.0,0.00016,B,11.061280000000002,961917343758820
1774161488156,2026-03-22 06:38:08.156,69133.0,0.00016,B,11.061280000000002,417079556346305
1774161488967,2026-03-22 06:38:08.967,69132.0,7e-05,A,4.839239999999999,38059890514660
1774161489406,2026-03-22 06:38:09.406,69133.0,0.00032,B,22.122560000000004,225999113467107
1774161492476,2026-03-22 06:38:12.476,69133.0,0.00044,B,30.41852,1036832979868783
1774161492879,2026-03-22 06:38:12.879,69132.0,0.00959,A,662.97588,955086518825166
1774161494023,2026-03-22 06:38:14.023,69132.0,0.00416,A,287.58912,816222417565153
1774161494290,2026-03-22 06:38:14.290,69133.0,0.00018,B,12.443940000000001,717276691347925
1774161495069,2026-03-22 06:38:15.069,69133.0,0.00057,B,39.405809999999995,969449577235131
1774161495713,2026-03-22 06:38:15.713,69133.0,7e-05,B,4.839309999999999,555026102061179
1774161498343,2026-03-22 06:38:18.343,69132.0,0.00044,A,30.41808,582745305082165
1774161498747,2026-03-22 06:38:18.747,69132.0,0.02245,A,1552.0134,891758036832996
1774161500382,2026-03-22 06:38:20.382,69133.0,0.01445,B,998.9718499999999,541772543524203
1774161500382,2026-03-22 06:38:20.382,69133.0,0.07335,B,5070.9055499999995,342774859034453
1774161500382,2026-03-22 06:38:20.382,69133.0,0.00036,B,24.887880000000003,253408183405150
1774161500382,2026-03-22 06:38:20.382,69133.0,0.00036,B,24.887880000000003,467900162165581
1774161500382,2026-03-22 06:38:20.382,69133.0,0.00036,B,24.887880000000003,627388992309090
1774161500382,2026-03-22 06:38:20.382,69134.0,0.00015,B,10.370099999999999,513503570094038
1774161501360,2026-03-22 06:38:21.360,69137.0,0.00017,B,11.753290000000002,364337127745454
1774161501360,2026-03-22 06:38:21.360,69137.0,0.0002,B,13.8274,99394411778875
1774161501360,2026-03-22 06:38:21.360,69138.0,0.00017,B,11.75346,808340514609362
1774161501360,2026-03-22 06:38:21.360,69139.0,0.00017,B,11.753630000000001,1080206560295302
1774161501360,2026-03-22 06:38:21.360,69139.0,0.00064,B,44.248960000000004,870825156096603
1774161501360,2026-03-22 06:38:21.360,69140.0,0.00017,B,11.7538,393370451278734
1774161501360,2026-03-22 06:38:21.360,69140.0,0.00016,B,11.0624,281679689173764
1774161501360,2026-03-22 06:38:21.360,69141.0,0.003,B,207.423,697543324307830
1774161501360,2026-03-22 06:38:21.360,69141.0,0.00017,B,11.75397,922764049087819
1774161501360,2026-03-22 06:38:21.360,69142.0,0.00017,B,11.754140000000001,366415833054585
1774161501360,2026-03-22 06:38:21.360,69143.0,0.00017,B,11.75431,1047937269424418
1774161501360,2026-03-22 06:38:21.360,69144.0,0.00017,B,11.754480000000001,713250568786358
1774161501360,2026-03-22 06:38:21.360,69144.0,0.00016,B,11.06304,862471879899185
1774161501360,2026-03-22 06:38:21.360,69145.0,0.00015,B,10.371749999999999,835658510045886
1774161501360,2026-03-22 06:38:21.360,69145.0,0.00017,B,11.754650000000002,1020872972782409
1774161503196,2026-03-22 06:38:23.196,69145.0,0.00012,A,8.2974,384004772561288
1774161503196,2026-03-22 06:38:23.196,69145.0,6e-05,A,4.1487,582977865640022
1774161507021,2026-03-22 06:38:27.021,69145.0,0.00017,A,11.754650000000002,615402623554016
1774161507160,2026-03-22 06:38:27.160,69146.0,0.00065,B,44.9449,442315817882004
1774161508028,2026-03-22 06:38:28.028,69145.0,0.00178,A,123.07809999999999,943256027080400
1774161508161,2026-03-22 06:38:28.161,69146.0,0.00018,B,12.446280000000002,162346953389092
1774161508360,2026-03-22 06:38:28.360,69145.0,0.00017,A,11.754650000000002,77814182461602
1774161509034,2026-03-22 06:38:29.034,69146.0,0.00016,B,11.063360000000001,231035661444031
1774161511046,2026-03-22 06:38:31.046,69145.0,0.00238,A,164.5651,70586550963473
1774161514004,2026-03-22 06:38:34.004,69145.0,0.00017,A,11.754650000000002,390645750648662
1774161515012,2026-03-22 06:38:35.012,69145.0,0.00142,A,98.1859,694291562476607
1774161516024,2026-03-22 06:38:36.024,69146.0,0.00016,B,11.063360000000001,361165207030279
1774161518037,2026-03-22 06:38:38.037,69146.0,0.00016,B,11.063360000000001,913941216348029
1774161522117,2026-03-22 06:38:42.117,69146.0,0.00016,B,11.063360000000001,890392629213309
1774161524069,2026-03-22 06:38:44.069,69145.0,0.00416,A,287.6432,135192752380164
1774161525075,2026-03-22 06:38:45.075,69146.0,0.00056,B,38.721759999999996,283861669177324
1774161527109,2026-03-22 06:38:47.109,69145.0,0.01016,A,702.5132000000001,744695991071037
1774161528134,2026-03-22 06:38:48.134,69145.0,0.00016,A,11.0632,279138488632444
1774161531139,2026-03-22 06:38:51.139,69146.0,0.00097,B,67.07162000000001,60865047038075
1774161531139,2026-03-22 06:38:51.139,69146.0,0.00645,B,445.9917,524367966340916
1774161533984,2026-03-22 06:38:53.984,69146.0,0.00347,B,239.93662,777011660712505
1774161536873,2026-03-22 06:38:56.873,69146.0,0.015,B,1037.19,483338743346903
1774161537277,2026-03-22 06:38:57.277,69146.0,0.00016,B,11.063360000000001,351835875042016
1774161538089,2026-03-22 06:38:58.089,69145.0,0.00178,A,123.07809999999999,120234996199278
1774161539081,2026-03-22 06:38:59.081,69146.0,0.00016,B,11.063360000000001,478954929021158
1774161540707,2026-03-22 06:39:00.707,69145.0,0.00016,A,11.0632,1062948889861410
1774161540707,2026-03-22 06:39:00.707,69146.0,0.07589,B,5247.48994,136028476560580
1774161540707,2026-03-22 06:39:00.707,69146.0,0.00036,B,24.892560000000003,533245803226205
1774161540707,2026-03-22 06:39:00.707,69146.0,0.00017,B,11.75482,181040245430600
1774161540707,2026-03-22 06:39:00.707,69146.0,0.00327,B,226.10742,629347469992565
1774161540707,2026-03-22 06:39:00.707,69146.0,0.00036,B,24.892560000000003,962207837042301
1774161540707,2026-03-22 06:39:00.707,69146.0,0.00036,B,24.892560000000003,845421833069329
1774161540707,2026-03-22 06:39:00.707,69146.0,0.00036,B,24.892560000000003,914899418352078
1774161540707,2026-03-22 06:39:00.707,69146.0,0.00036,B,24.892560000000003,417074417582754
1774161540707,2026-03-22 06:39:00.707,69146.0,0.00015,B,10.371899999999998,1082421526801197
1774161540707,2026-03-22 06:39:00.707,69147.0,0.00017,B,11.754990000000001,1107861944066158
1774161540707,2026-03-22 06:39:00.707,69147.0,0.00016,B,11.06352,172113175360913
1774161540707,2026-03-22 06:39:00.707,69147.0,0.00015,B,10.37205,1074327035554561
1774161540806,2026-03-22 06:39:00.806,69148.0,0.00017,B,11.75516,660874657085640
1774161540806,2026-03-22 06:39:00.806,69149.0,0.00017,B,11.75533,60248917499757
1774161540806,2026-03-22 06:39:00.806,69149.0,0.00015,B,10.372349999999999,974213093464966
1774161540806,2026-03-22 06:39:00.806,69150.0,0.00017,B,11.755500000000001,1014881825799320
1774161540806,2026-03-22 06:39:00.806,69151.0,0.00017,B,11.75567,1026860776498248
1774161540806,2026-03-22 06:39:00.806,69151.0,0.00016,B,11.064160000000001,770876454878727
1774161540806,2026-03-22 06:39:00.806,69151.0,0.003,B,207.453,175816655809028
1774161540806,2026-03-22 06:39:00.806,69152.0,0.00017,B,11.755840000000001,533651052999654
1774161540806,2026-03-22 06:39:00.806,69152.0,0.01784,B,1233.6716800000002,215737407361331
1774161540806,2026-03-22 06:39:00.806,69152.0,0.00872,B,603.00544,368469016789585
1774161541003,2026-03-22 06:39:01.003,69151.0,0.00238,A,164.57938000000001,347994140928138
1774161541003,2026-03-22 06:39:01.003,69152.0,0.03202,B,2214.24704,1055532102333195
1774161542099,2026-03-22 06:39:02.099,69151.0,0.14595,A,10092.58845,121535634552057
1774161542099,2026-03-22 06:39:02.099,69151.0,0.02892,A,1999.8469200000002,978365583675553
1774161544025,2026-03-22 06:39:04.025,69147.0,0.00017,A,11.754990000000001,305450829986706
1774161544025,2026-03-22 06:39:04.025,69147.0,0.00141,A,97.49727,602472930089668
1774161544434,2026-03-22 06:39:04.434,69147.0,0.00029,A,20.05263,1117737499638107
1774161544754,2026-03-22 06:39:04.754,69148.0,0.00144,B,99.57312,200167166149795
1774161549876,2026-03-22 06:39:09.876,69148.0,0.0347,B,2399.4356000000002,66503639347736
1774161551591,2026-03-22 06:39:11.591,69148.0,0.00016,B,11.063680000000002,70010006953297
1774161551591,2026-03-22 06:39:11.591,69147.0,0.00016,A,11.06352,429547663142373
1774161553539,2026-03-22 06:39:13.539,69147.0,0.00262,A,181.16514,520313054451894
1774161554078,2026-03-22 06:39:14.078,69147.0,0.00415,A,286.96005,1083458480408884
1774161555081,2026-03-22 06:39:15.081,69148.0,0.00057,B,39.414359999999995,773082721534485
1774161558398,2026-03-22 06:39:18.398,69147.0,0.0008,A,55.317600000000006,779319094958305
1774161559419,2026-03-22 06:39:19.419,69148.0,0.01021,B,706.00108,747472493484772
1774161564045,2026-03-22 06:39:24.045,69148.0,0.32371,B,22383.89908,511124666151079
1774161565515,2026-03-22 06:39:25.515,69148.0,0.00016,B,11.063680000000002,730776821449795
1774161567052,2026-03-22 06:39:27.052,69147.0,0.00017,A,11.754990000000001,465130697236770
1774161568058,2026-03-22 06:39:28.058,69147.0,0.00177,A,122.39019,364619835174249
1774161568395,2026-03-22 06:39:28.395,69147.0,0.00016,A,11.06352,1043566324709777
1774161569129,2026-03-22 06:39:29.129,69148.0,0.00016,B,11.063680000000002,915341639886174
1774161571010,2026-03-22 06:39:31.010,69147.0,0.00238,A,164.56986,611151334364590
1774161571551,2026-03-22 06:39:31.551,69148.0,0.00017,B,11.75516,1051781631096581
1774161571551,2026-03-22 06:39:31.551,69149.0,0.00017,B,11.75533,463097506415549
1774161571551,2026-03-22 06:39:31.551,69150.0,0.00474,B,327.771,642679158434783
1774161571551,2026-03-22 06:39:31.551,69150.0,0.00017,B,11.755500000000001,733752268822101
1774161571551,2026-03-22 06:39:31.551,69151.0,0.00017,B,11.75567,412898452596293
1774161571551,2026-03-22 06:39:31.551,69152.0,0.05158,B,3566.86016,10484820790501
1774161571551,2026-03-22 06:39:31.551,69152.0,0.03377,B,2335.2630400000003,992219427436861
1774161571551,2026-03-22 06:39:31.551,69152.0,0.00017,B,11.755840000000001,308545168947073
1774161571551,2026-03-22 06:39:31.551,69153.0,0.00017,B,11.756010000000002,206362143860990
1774161571551,2026-03-22 06:39:31.551,69153.0,0.05266,B,3641.59698,507475424601909
1774161571551,2026-03-22 06:39:31.551,69153.0,0.0207,B,1431.4671,816064142396723
1774161572619,2026-03-22 06:39:32.619,69153.0,0.00021,B,14.52213,718379914695429
1774161573557,2026-03-22 06:39:33.557,69153.0,0.00017,B,11.756010000000002,429910056747114
1774161573557,2026-03-22 06:39:33.557,69153.0,8e-05,B,5.532240000000001,650793963790312
1774161573624,2026-03-22 06:39:33.624,69153.0,0.00044,B,30.42732,581414904638269
1774161574025,2026-03-22 06:39:34.025,69152.0,0.00017,A,11.755840000000001,500358970287721
1774161574025,2026-03-22 06:39:34.025,69152.0,0.00142,A,98.19584,968828717092022
1774161574427,2026-03-22 06:39:34.427,69153.0,0.00025,B,17.28825,801099064284512
1774161575160,2026-03-22 06:39:35.160,69153.0,1e-05,B,0.6915300000000001,133906186421806
1774161578048,2026-03-22 06:39:38.048,69153.0,0.00016,B,11.064480000000001,871085336703179
1774161579772,2026-03-22 06:39:39.772,69153.0,0.00016,B,11.064480000000001,487538223691697
1774161579772,2026-03-22 06:39:39.772,69152.0,0.00044,A,30.42688,276528248254073
1774161582874,2026-03-22 06:39:42.874,69153.0,0.00015,B,10.37295,395100036311641
1774161583477,2026-03-22 06:39:43.477,69153.0,0.00229,B,158.36037,952855748341006
1774161584009,2026-03-22 06:39:44.009,69152.0,0.00416,A,287.67231999999996,684830812052085
1774161585012,2026-03-22 06:39:45.012,69153.0,0.00056,B,38.72568,786168495228048
1774161585644,2026-03-22 06:39:45.644,69152.0,0.00016,A,11.06432,905882474204586
1774161593538,2026-03-22 06:39:53.538,69153.0,0.00015,B,10.37295,956810796175482
1774161593683,2026-03-22 06:39:53.683,69153.0,0.00448,B,309.80544,660960450547397
1774161597026,2026-03-22 06:39:57.026,69152.0,0.00017,A,11.755840000000001,520662066156248
1774161598056,2026-03-22 06:39:58.056,69152.0,0.00178,A,123.09056,85829257926008
1774161598848,2026-03-22 06:39:58.848,69153.0,0.00044,B,30.42732,461213131985707
1774161599047,2026-03-22 06:39:59.047,69153.0,0.00016,B,11.064480000000001,785091233259072
1774161599047,2026-03-22 06:39:59.047,69153.0,0.043,B,2973.5789999999997,20142992801764
1774161599110,2026-03-22 06:39:59.110,69153.0,0.03613,B,2498.49789,64931633459500
1774161599110,2026-03-22 06:39:59.110,69153.0,0.00017,B,11.756010000000002,44252039214990
1774161599110,2026-03-22 06:39:59.110,69154.0,0.0067,B,463.33180000000004,11937952552907
1774161599172,2026-03-22 06:39:59.172,69154.0,0.02375,B,1642.4075,224279322862002
1774161599172,2026-03-22 06:39:59.172,69155.0,0.00016,B,11.064800000000002,1124790094493449
1774161599172,2026-03-22 06:39:59.172,69155.0,0.00017,B,11.756350000000001,705053700900068
1774161599172,2026-03-22 06:39:59.172,69156.0,0.003,B,207.46800000000002,331797713883822
1774161599172,2026-03-22 06:39:59.172,69156.0,0.00017,B,11.75652,711613537468576
1774161599172,2026-03-22 06:39:59.172,69157.0,0.00017,B,11.75669,689395838255762
1774161599172,2026-03-22 06:39:59.172,69158.0,0.00016,B,11.065280000000001,14243004045979
1774161599172,2026-03-22 06:39:59.172,69158.0,0.00017,B,11.756860000000001,956766970653989
1774161599172,2026-03-22 06:39:59.172,69158.0,0.01007,B,696.42106,50729700982202
1774161599713,2026-03-22 06:39:59.713,69157.0,0.00014,A,9.68198,907367174271446
1774161599775,2026-03-22 06:39:59.775,69158.0,0.00017,B,11.756860000000001,172511372058644
1774161599912,2026-03-22 06:39:59.912,69158.0,0.00145,B,100.2791,341820747873536
1774161601087,2026-03-22 06:40:01.087,69157.0,0.00238,A,164.59366,187037833014395
1774161603427,2026-03-22 06:40:03.427,69158.0,0.00041,B,28.354779999999998,1114770398436955
1774161604491,2026-03-22 06:40:04.491,69157.0,0.00044,A,30.429080000000003,550545249574119
1774161605006,2026-03-22 06:40:05.006,69157.0,0.00142,A,98.20294,911541142693276
1774161607561,2026-03-22 06:40:07.561,69158.0,0.00014,B,9.68212,165062431732734
1774161608022,2026-03-22 06:40:08.022,69158.0,0.00016,B,11.065280000000001,6767716410745
1774161610441,2026-03-22 06:40:10.441,69157.0,0.00015,A,10.37355,29199871615276
1774161611183,2026-03-22 06:40:11.183,69157.0,0.00029,A,20.05553,378840115898477
1774161611848,2026-03-22 06:40:11.848,69158.0,0.01155,B,798.7749,661576430646843
1774161612452,2026-03-22 06:40:12.452,69158.0,0.00041,B,28.354779999999998,806466060273097
1774161612652,2026-03-22 06:40:12.652,69157.0,7e-05,A,4.84099,584895081937953
1774161612856,2026-03-22 06:40:12.856,69157.0,0.00014,A,9.68198,535228210884190
1774161614063,2026-03-22 06:40:14.063,69157.0,0.00416,A,287.69311999999996,440923909478375
1774161615006,2026-03-22 06:40:15.006,69158.0,0.00057,B,39.42006,128189662069502
1774161615542,2026-03-22 06:40:15.542,69157.0,0.00015,A,10.37355,833073939220924
1774161616949,2026-03-22 06:40:16.949,69158.0,0.00047,B,32.50426,102592996884052
1774161619573,2026-03-22 06:40:19.573,69158.0,0.00064,B,44.261120000000005,450355573256873
1774161620705,2026-03-22 06:40:20.705,69157.0,0.00015,A,10.37355,116473890915690
1774161621367,2026-03-22 06:40:21.367,69158.0,7e-05,B,4.84106,568481534803895
1774161621767,2026-03-22 06:40:21.767,69158.0,0.00014,B,9.68212,954453316718446
1774161624324,2026-03-22 06:40:24.324,69158.0,0.00029,B,20.05582,262062470653905
1774161625600,2026-03-22 06:40:25.600,69157.0,0.00014,A,9.68198,863627839967231
1774161627017,2026-03-22 06:40:27.017,69157.0,0.00017,A,11.75669,284748065648177
1774161628032,2026-03-22 06:40:28.032,69157.0,0.00178,A,123.09946,1061981510561367
1774161629040,2026-03-22 06:40:29.040,69158.0,0.00016,B,11.065280000000001,671911615951871
1774161631041,2026-03-22 06:40:31.041,69157.0,0.00237,A,163.90209000000002,931951714504382
1774161633048,2026-03-22 06:40:33.048,69158.0,0.10154,B,7022.30332,892748909807351
1774161634047,2026-03-22 06:40:34.047,69157.0,0.00017,A,11.75669,508973746222129
1774161634047,2026-03-22 06:40:34.047,69157.0,0.00142,A,98.20294,952935286610858
1774161636061,2026-03-22 06:40:36.061,69158.0,0.00014,B,9.68212,808315219303074
1774161636861,2026-03-22 06:40:36.861,69157.0,0.00014,A,9.68198,1021085108965702
1774161638068,2026-03-22 06:40:38.068,69158.0,0.00016,B,11.065280000000001,571884021697945
1774161642705,2026-03-22 06:40:42.705,69157.0,0.06206,A,4291.88342,33471886045013
1774161642705,2026-03-22 06:40:42.705,69157.0,0.03915,A,2707.49655,39137229839551
1774161643915,2026-03-22 06:40:43.915,69157.0,0.00135,A,93.36195000000001,92653869016573
1774161644046,2026-03-22 06:40:44.046,69157.0,0.00416,A,287.69311999999996,374663600322629
1774161645115,2026-03-22 06:40:45.115,69158.0,0.00056,B,38.72848,143032415758353
1774161649751,2026-03-22 06:40:49.751,69158.0,0.02907,B,2010.4230599999999,549513866457098
1774161650331,2026-03-22 06:40:50.331,69157.0,0.00015,A,10.37355,11447873996046
1774161650765,2026-03-22 06:40:50.765,69158.0,0.00014,B,9.68212,445364885687762
1774161653698,2026-03-22 06:40:53.698,69157.0,0.00014,A,9.68198,961259508697597
1774161655310,2026-03-22 06:40:55.310,69157.0,0.00015,A,10.37355,542515834111295
1774161657061,2026-03-22 06:40:57.061,69157.0,0.00017,A,11.75669,295267609253034
1774161658063,2026-03-22 06:40:58.063,69157.0,0.00178,A,123.09946,286965698567538
1774161658184,2026-03-22 06:40:58.184,69158.0,0.02891,B,1999.35778,585658809955496
1774161659186,2026-03-22 06:40:59.186,69158.0,0.00016,B,11.065280000000001,960190313924138
1774161659291,2026-03-22 06:40:59.291,69158.0,0.00018,B,12.448440000000002,584292612075640
1774161660203,2026-03-22 06:41:00.203,69157.0,0.00015,A,10.37355,400887020978780
1774161661001,2026-03-22 06:41:01.001,69157.0,0.00238,A,164.59366,974995681600754
1774161661742,2026-03-22 06:41:01.742,69158.0,0.0207,B,1431.5706,811289473934210
1774161627017,2026-03-22 06:40:27.017,69157.0,0.00017,A,11.75669,284748065648177
1774161628032,2026-03-22 06:40:28.032,69157.0,0.00178,A,123.09946,1061981510561367
1774161629040,2026-03-22 06:40:29.040,69158.0,0.00016,B,11.065280000000001,671911615951871
1774161631041,2026-03-22 06:40:31.041,69157.0,0.00237,A,163.90209000000002,931951714504382
1774161633048,2026-03-22 06:40:33.048,69158.0,0.10154,B,7022.30332,892748909807351
1774161634047,2026-03-22 06:40:34.047,69157.0,0.00017,A,11.75669,508973746222129
1774161634047,2026-03-22 06:40:34.047,69157.0,0.00142,A,98.20294,952935286610858
1774161636061,2026-03-22 06:40:36.061,69158.0,0.00014,B,9.68212,808315219303074
1774161636861,2026-03-22 06:40:36.861,69157.0,0.00014,A,9.68198,1021085108965702
1774161638068,2026-03-22 06:40:38.068,69158.0,0.00016,B,11.065280000000001,571884021697945
1774161642705,2026-03-22 06:40:42.705,69157.0,0.06206,A,4291.88342,33471886045013
1774161642705,2026-03-22 06:40:42.705,69157.0,0.03915,A,2707.49655,39137229839551
1774161643915,2026-03-22 06:40:43.915,69157.0,0.00135,A,93.36195000000001,92653869016573
1774161644046,2026-03-22 06:40:44.046,69157.0,0.00416,A,287.69311999999996,374663600322629
1774161645115,2026-03-22 06:40:45.115,69158.0,0.00056,B,38.72848,143032415758353
1774161649751,2026-03-22 06:40:49.751,69158.0,0.02907,B,2010.4230599999999,549513866457098
1774161650331,2026-03-22 06:40:50.331,69157.0,0.00015,A,10.37355,11447873996046
1774161650765,2026-03-22 06:40:50.765,69158.0,0.00014,B,9.68212,445364885687762
1774161653698,2026-03-22 06:40:53.698,69157.0,0.00014,A,9.68198,961259508697597
1774161655310,2026-03-22 06:40:55.310,69157.0,0.00015,A,10.37355,542515834111295
1774161657061,2026-03-22 06:40:57.061,69157.0,0.00017,A,11.75669,295267609253034
1774161658063,2026-03-22 06:40:58.063,69157.0,0.00178,A,123.09946,286965698567538
1774161658184,2026-03-22 06:40:58.184,69158.0,0.02891,B,1999.35778,585658809955496
1774161659186,2026-03-22 06:40:59.186,69158.0,0.00016,B,11.065280000000001,960190313924138
1774161659291,2026-03-22 06:40:59.291,69158.0,0.00018,B,12.448440000000002,584292612075640
1774161660203,2026-03-22 06:41:00.203,69157.0,0.00015,A,10.37355,400887020978780
1774161661001,2026-03-22 06:41:01.001,69157.0,0.00238,A,164.59366,974995681600754
1774161661742,2026-03-22 06:41:01.742,69158.0,0.0207,B,1431.5706,811289473934210
1774161664018,2026-03-22 06:41:04.018,69157.0,0.00017,A,11.75669,233208298410443
1774161664018,2026-03-22 06:41:04.018,69158.0,0.00015,B,10.3737,859897806762025
1774161664753,2026-03-22 06:41:04.753,69158.0,0.00014,B,9.68212,1014770987386176
1774161665039,2026-03-22 06:41:05.039,69157.0,0.00142,A,98.20294,367011298587310
1774161665441,2026-03-22 06:41:05.441,69157.0,0.00015,A,10.37355,274752844229837
1774161668057,2026-03-22 06:41:08.057,69158.0,0.00016,B,11.065280000000001,337191344697232
1774161669464,2026-03-22 06:41:09.464,69157.0,0.00038,A,26.27966,446500682927545
1774161669710,2026-03-22 06:41:09.710,69158.0,0.00066,B,45.64428,670799803900548
1774161670475,2026-03-22 06:41:10.475,69157.0,0.00015,A,10.37355,396133843361395
1774161671081,2026-03-22 06:41:11.081,69157.0,0.00014,A,9.68198,126649914932858
1774161674026,2026-03-22 06:41:14.026,69157.0,0.00416,A,287.69311999999996,8212102636204
1774161675036,2026-03-22 06:41:15.036,69158.0,0.00057,B,39.42006,691105951026672
1774161675700,2026-03-22 06:41:15.700,69157.0,0.00015,A,10.37355,253405770690513
1774161677915,2026-03-22 06:41:17.915,69157.0,0.00029,A,20.05553,543937665128934
1774161678916,2026-03-22 06:41:18.916,69158.0,0.00014,B,9.68212,682740523803864
1774161679885,2026-03-22 06:41:19.885,69158.0,0.00022,B,15.21476,608608708550505
1774161684765,2026-03-22 06:41:24.765,69157.0,0.00067,A,46.335190000000004,789744623979026
1774161685967,2026-03-22 06:41:25.967,69157.0,0.00013,A,8.990409999999999,521934365177677
1774161687106,2026-03-22 06:41:27.106,69157.0,0.00017,A,11.75669,36297543698533
1774161688111,2026-03-22 06:41:28.111,69157.0,0.00178,A,123.09946,548164420846481
1774161689000,2026-03-22 06:41:29.000,69158.0,0.00016,B,11.065280000000001,693829418426898
1774161691053,2026-03-22 06:41:31.053,69157.0,0.00238,A,164.59366,583547005982450
1774161692987,2026-03-22 06:41:32.987,69158.0,0.00507,B,350.63106,668450923148868
1774161693196,2026-03-22 06:41:33.196,69158.0,0.00012,B,8.298960000000001,937188630306153
1774161693196,2026-03-22 06:41:33.196,69158.0,0.09595,B,6635.710099999999,843536359157885
1774161694145,2026-03-22 06:41:34.145,69157.0,0.00017,A,11.75669,584271630340145
1774161694145,2026-03-22 06:41:34.145,69157.0,0.00141,A,97.51137,17411112612396
1774161698012,2026-03-22 06:41:38.012,69158.0,0.00016,B,11.065280000000001,421919705436884
1774161698067,2026-03-22 06:41:38.067,69157.0,0.08191,A,5664.64987,21695844942969
1774161698067,2026-03-22 06:41:38.067,69157.0,0.02891,A,1999.32887,1023548099051232
1774161698067,2026-03-22 06:41:38.067,69157.0,0.10122,A,7000.07154,225517998501968
1774161698067,2026-03-22 06:41:38.067,69157.0,0.04022,A,2781.49454,936607934505511
1774161698067,2026-03-22 06:41:38.067,69157.0,0.05539,A,3830.6062300000003,333891539212744
1774161699014,2026-03-22 06:41:39.014,69157.0,0.00012,A,8.29884,78151712250677
1774161701139,2026-03-22 06:41:41.139,69157.0,0.00015,A,10.37355,180378265903093
1774161702999,2026-03-22 06:41:42.999,69158.0,0.00016,B,11.065280000000001,463202914638542
1774161704005,2026-03-22 06:41:44.005,69157.0,0.00415,A,287.00155,397481550007203
1774161704488,2026-03-22 06:41:44.488,69158.0,0.00022,B,15.21476,1025333757336399
1774161704488,2026-03-22 06:41:44.488,69158.0,0.00022,B,15.21476,724047299643975
1774161704488,2026-03-22 06:41:44.488,69158.0,0.00022,B,15.21476,181435894038671
1774161704488,2026-03-22 06:41:44.488,69158.0,0.00022,B,15.21476,49623261309636
1774161704488,2026-03-22 06:41:44.488,69158.0,0.00022,B,15.21476,460717846957251
1774161704488,2026-03-22 06:41:44.488,69158.0,0.00022,B,15.21476,605635857972658
1774161704488,2026-03-22 06:41:44.488,69158.0,0.00022,B,15.21476,1106385297950953
1774161705017,2026-03-22 06:41:45.017,69158.0,0.00057,B,39.42006,900103032113636
1774161706226,2026-03-22 06:41:46.226,69157.0,0.00015,A,10.37355,874202634991081
1774161707501,2026-03-22 06:41:47.501,69158.0,0.00012,B,8.298960000000001,842930728420779
1774161711317,2026-03-22 06:41:51.317,69158.0,0.50435,B,34879.8373,725132961011835
1774161711317,2026-03-22 06:41:51.317,69158.0,0.32742,B,22643.712359999998,136353169878948
1774161711317,2026-03-22 06:41:51.317,69158.0,0.13286,B,9188.33188,228097536276797
1774161711317,2026-03-22 06:41:51.317,69158.0,0.5,B,34579.0,1111729554190751
1774161711317,2026-03-22 06:41:51.317,69158.0,0.26413,B,18266.70254,617325004776545
1774161711317,2026-03-22 06:41:51.317,69158.0,0.08498,B,5877.04684,1044556651990431
1774161711317,2026-03-22 06:41:51.317,69158.0,0.00017,B,11.756860000000001,707555467118245
1774161711317,2026-03-22 06:41:51.317,69158.0,0.00028,B,19.36424,671300980287289
1774161711317,2026-03-22 06:41:51.317,69158.0,0.00015,B,10.3737,249649016102787
1774161711317,2026-03-22 06:41:51.317,69158.0,0.00038,B,26.280040000000003,1039188306405319
1774161712385,2026-03-22 06:41:52.385,69157.0,0.00012,A,8.29884,720034501010129
1774161712806,2026-03-22 06:41:52.806,69158.0,0.00017,B,11.756860000000001,803744166055698
1774161712806,2026-03-22 06:41:52.806,69158.0,0.00128,B,88.52224000000001,749702818959216
1774161713416,2026-03-22 06:41:53.416,69158.0,0.02046,B,1414.9726799999999,348214525009919
1774161717046,2026-03-22 06:41:57.046,69157.0,0.00017,A,11.75669,450574841179482
1774161717959,2026-03-22 06:41:57.959,69158.0,0.07668,B,5303.03544,894650148668926
1774161718068,2026-03-22 06:41:58.068,69158.0,0.00177,A,122.40966,394945955689298
1774161718766,2026-03-22 06:41:58.766,69159.0,0.00017,B,11.75703,1006148525283276
1774161718766,2026-03-22 06:41:58.766,69160.0,0.00017,B,11.757200000000001,349753251397440
1774161719084,2026-03-22 06:41:59.084,69161.0,0.00016,B,11.065760000000001,274222058775812
1774161719693,2026-03-22 06:41:59.693,69161.0,0.00022,B,15.21542,699700722867280
1774161720693,2026-03-22 06:42:00.693,69161.0,0.00034,B,23.514740000000003,195587376678946
1774161720693,2026-03-22 06:42:00.693,69161.0,0.00017,B,11.757370000000002,713606386950547
1774161720693,2026-03-22 06:42:00.693,69161.0,0.56414,B,39016.48654,824012549816149
1774161720693,2026-03-22 06:42:00.693,69161.0,0.3988,B,27581.4068,952905867211880
1774161720693,2026-03-22 06:42:00.693,69161.0,0.13478,B,9321.51958,903328554611462
1774161720693,2026-03-22 06:42:00.693,69161.0,0.5,B,34580.5,159776471649346
1774161720693,2026-03-22 06:42:00.693,69161.0,0.11828,B,8180.36308,923396062814267
1774161720693,2026-03-22 06:42:00.693,69161.0,0.08569,B,5926.40609,411047419225970
1774161720693,2026-03-22 06:42:00.693,69161.0,0.29797,B,20607.90317,810581907825462
1774161720693,2026-03-22 06:42:00.693,69161.0,0.13595,B,9402.43795,962528354807883
1774161720693,2026-03-22 06:42:00.693,69161.0,0.09012,B,6232.789320000001,933387059377056
1774161720693,2026-03-22 06:42:00.693,69162.0,0.00016,B,11.06592,859949943774101
1774161720693,2026-03-22 06:42:00.693,69162.0,0.00017,B,11.75754,637005709973906
1774161720693,2026-03-22 06:42:00.693,69163.0,0.00017,B,11.757710000000001,790087542934188
1774161720693,2026-03-22 06:42:00.693,69163.0,0.003,B,207.489,491963872614980
1774161720693,2026-03-22 06:42:00.693,69164.0,1.08457,B,75013.19948,354214909746052
1774161720693,2026-03-22 06:42:00.693,69164.0,0.00017,B,11.75788,578847395391410
1774161720693,2026-03-22 06:42:00.693,69164.0,0.01011,B,699.24804,369610880711010
1774161720693,2026-03-22 06:42:00.693,69164.0,0.00164,B,113.42896,444278030976272
1774161720693,2026-03-22 06:42:00.693,69165.0,0.00017,B,11.75805,1041342708024199
1774161720693,2026-03-22 06:42:00.693,69165.0,0.00015,B,10.374749999999999,359512943014357
1774161720693,2026-03-22 06:42:00.693,69165.0,0.04046,B,2798.4159000000004,777346544158172
1774161720693,2026-03-22 06:42:00.693,69166.0,0.00016,B,11.06656,172976799792436
1774161720693,2026-03-22 06:42:00.693,69166.0,0.00015,B,10.374899999999998,1077931891425668
1774161720693,2026-03-22 06:42:00.693,69166.0,0.00017,B,11.758220000000001,669982254786245
1774161720693,2026-03-22 06:42:00.693,69166.0,0.05665,B,3918.2538999999997,143638267675809
1774161720693,2026-03-22 06:42:00.693,69166.0,0.0085,B,587.9110000000001,788342059473207
1774161720693,2026-03-22 06:42:00.693,69167.0,0.066,B,4565.022,1079964929473930
1774161720693,2026-03-22 06:42:00.693,69167.0,0.00017,B,11.75839,734877992104673
1774161720693,2026-03-22 06:42:00.693,69167.0,0.02379,B,1645.48293,847061100352240
1774161720693,2026-03-22 06:42:00.693,69167.0,0.02323,B,1606.7494100000001,492025715705210
1774161720693,2026-03-22 06:42:00.693,69167.0,0.2169,B,15002.3223,455707897433090
1774161720693,2026-03-22 06:42:00.693,69167.0,0.00136,B,94.06712,1105793665299969
1774161720693,2026-03-22 06:42:00.693,69168.0,0.00017,B,11.758560000000001,836147489802177
1774161720693,2026-03-22 06:42:00.693,69168.0,0.02469,B,1707.75792,525389273416983
1774161720693,2026-03-22 06:42:00.693,69168.0,0.003,B,207.504,779722032905382
1774161720693,2026-03-22 06:42:00.693,69168.0,0.75799,B,52428.65232,1108041297781054
1774161720693,2026-03-22 06:42:00.693,69168.0,0.36707,B,25389.497760000002,17988157009858
1774161720693,2026-03-22 06:42:00.693,69168.0,0.20232,B,13994.06976,931697999915942
1774161720693,2026-03-22 06:42:00.693,69169.0,0.00016,B,11.06704,873920855358394
1774161720693,2026-03-22 06:42:00.693,69169.0,0.07332,B,5071.471079999999,718361459646584
1774161720693,2026-03-22 06:42:00.693,69169.0,0.01156,B,799.59364,268561513922141
1774161720693,2026-03-22 06:42:00.693,69169.0,0.00017,B,11.758730000000002,320275655156537
1774161720693,2026-03-22 06:42:00.693,69169.0,0.04042,B,2795.8109799999997,90500505085367
1774161720693,2026-03-22 06:42:00.693,69169.0,0.32137,B,22228.841529999998,172193238507686
1774161720693,2026-03-22 06:42:00.693,69170.0,0.01188,B,821.7396,1003978433484724
1774161720693,2026-03-22 06:42:00.693,69170.0,0.9321,B,64473.357,824241433589064
1774161721006,2026-03-22 06:42:01.006,69169.0,0.00238,A,164.62222,763691313244457
1774161721403,2026-03-22 06:42:01.403,69170.0,0.00017,B,11.7589,1011233400878775
1774161721403,2026-03-22 06:42:01.403,69170.0,0.00017,B,11.7589,893657914719997
1774161721403,2026-03-22 06:42:01.403,69170.0,0.43278,B,29935.3926,781900907381462
1774161721606,2026-03-22 06:42:01.606,69170.0,0.00012,B,8.3004,267505083324945
1774161721891,2026-03-22 06:42:01.891,69169.0,0.00012,A,8.30028,38818310210232
1774161722006,2026-03-22 06:42:02.006,69169.0,0.00932,A,644.65508,848702989996430
1774161722006,2026-03-22 06:42:02.006,69169.0,0.00291,A,201.28179,906751208293005
1774161722116,2026-03-22 06:42:02.116,69169.0,0.01223,A,845.93687,604506020979221
1774161723123,2026-03-22 06:42:03.123,69167.0,0.02891,A,1999.61797,627602954857153
1774161723123,2026-03-22 06:42:03.123,69167.0,0.00082,A,56.71694,366400331039803
1774161724014,2026-03-22 06:42:04.014,69167.0,0.00017,A,11.75839,181122299388439
1774161725020,2026-03-22 06:42:05.020,69167.0,0.00142,A,98.21714,585382377032154
1774161728037,2026-03-22 06:42:08.037,69168.0,0.00016,B,11.066880000000001,8760246556458
1774161734045,2026-03-22 06:42:14.045,69167.0,0.00416,A,287.73472,495949219123137
1774161735060,2026-03-22 06:42:15.060,69168.0,0.00056,B,38.73408,597677993106959
1774161735720,2026-03-22 06:42:15.720,69168.0,0.00012,B,8.30016,237868995550898
1774161735974,2026-03-22 06:42:15.974,69168.0,0.00029,B,20.05872,830389220133196
1774161736325,2026-03-22 06:42:16.325,69167.0,7e-05,A,4.84169,876707104119334
1774161737867,2026-03-22 06:42:17.867,69167.0,0.00012,A,8.300040000000001,1004398977976324
1774161739342,2026-03-22 06:42:19.342,69167.0,0.00598,A,413.61866,796200935730005
1774161741575,2026-03-22 06:42:21.575,69168.0,7e-05,B,4.84176,587261704934405
1774161744444,2026-03-22 06:42:24.444,69167.0,0.00029,A,20.05843,281712197303106
1774161745957,2026-03-22 06:42:25.957,69168.0,0.0207,B,1431.7776,933486715525465
1774161747060,2026-03-22 06:42:27.060,69167.0,0.00017,A,11.75839,509876452099818
1774161748067,2026-03-22 06:42:28.067,69167.0,0.00178,A,123.11725999999999,201484986646076
1774161749020,2026-03-22 06:42:29.020,69168.0,0.00016,B,11.066880000000001,663158324914744
1774161749587,2026-03-22 06:42:29.587,69168.0,0.00012,B,8.30016,768159021667800
1774161750817,2026-03-22 06:42:30.817,69167.0,0.00012,A,8.300040000000001,32512645797689
1774161751048,2026-03-22 06:42:31.048,69167.0,0.00238,A,164.61746000000002,183308914214446
1774161753238,2026-03-22 06:42:33.238,69167.0,0.00044,A,30.43348,93593669132828
1774161754083,2026-03-22 06:42:34.083,69167.0,0.00017,A,11.75839,999898709990795
1774161754083,2026-03-22 06:42:34.083,69167.0,0.00142,A,98.21714,342641824518709
1774161754285,2026-03-22 06:42:34.285,69168.0,0.04589,B,3174.11952,706730474779885
1774161758123,2026-03-22 06:42:38.123,69168.0,0.00016,B,11.066880000000001,710748598187417
1774161759653,2026-03-22 06:42:39.653,69167.0,0.00015,A,10.37505,822765509032709
1774161763700,2026-03-22 06:42:43.700,69168.0,0.00012,B,8.30016,799333781621063
1774161763903,2026-03-22 06:42:43.903,69167.0,0.01343,A,928.9128099999999,786976266069311
1774161764028,2026-03-22 06:42:44.028,69167.0,0.00416,A,287.73472,740490480437413
1774161764094,2026-03-22 06:42:44.094,69167.0,0.00012,A,8.300040000000001,172382633313630
1774161764312,2026-03-22 06:42:44.312,69168.0,0.07574,B,5238.78432,472958415181292
1774161764312,2026-03-22 06:42:44.312,69168.0,0.12426,B,8594.81568,219005817937799
1774161765119,2026-03-22 06:42:45.119,69168.0,0.00057,B,39.42576,866552118582508
1774161770120,2026-03-22 06:42:50.120,69168.0,0.24072,B,16650.12096,645407000614050
1774161770120,2026-03-22 06:42:50.120,69168.0,0.74031,B,51205.76208,991845118729376
1774161770120,2026-03-22 06:42:50.120,69168.0,0.46324,B,32041.384319999997,289113599333660
1774161770120,2026-03-22 06:42:50.120,69168.0,0.04046,B,2798.53728,181977681283355
1774161770120,2026-03-22 06:42:50.120,69168.0,0.00145,B,100.2936,543684383766903
1774161770120,2026-03-22 06:42:50.120,69168.0,0.00145,B,100.2936,868176983494811
1774161770120,2026-03-22 06:42:50.120,69168.0,0.00145,B,100.2936,656694057760376
1774161770120,2026-03-22 06:42:50.120,69168.0,0.00145,B,100.2936,940749574436406
1774161770120,2026-03-22 06:42:50.120,69168.0,0.00145,B,100.2936,391100785206253
1774161770120,2026-03-22 06:42:50.120,69168.0,0.00145,B,100.2936,1029850297285783
1774161770120,2026-03-22 06:42:50.120,69168.0,0.01011,B,699.2884799999999,620824397485946
1774161770120,2026-03-22 06:42:50.120,69168.0,0.00145,B,100.2936,867587841131083
1774161770120,2026-03-22 06:42:50.120,69168.0,0.01714,B,1185.53952,963761507586868
1774161777026,2026-03-22 06:42:57.026,69167.0,0.00017,A,11.75839,1125592007685648
1774161778031,2026-03-22 06:42:58.031,69167.0,0.00178,A,123.11725999999999,485996553507788
1774161778904,2026-03-22 06:42:58.904,69168.0,0.00012,B,8.30016,841586586386021
1774161779038,2026-03-22 06:42:59.038,69168.0,0.00016,B,11.066880000000001,416827311636052
1774161781052,2026-03-22 06:43:01.052,69167.0,0.00238,A,164.61746000000002,149288693149010
1774161784066,2026-03-22 06:43:04.066,69167.0,0.00017,A,11.75839,1070666988568209
1774161784066,2026-03-22 06:43:04.066,69167.0,0.00142,A,98.21714,678683004889739
1774161788008,2026-03-22 06:43:08.008,69168.0,0.00016,B,11.066880000000001,423642497294472
1774161789230,2026-03-22 06:43:09.230,69167.0,0.00012,A,8.300040000000001,134553973754904
1774161791360,2026-03-22 06:43:11.360,69167.0,0.00758,A,524.28586,86029298491048
1774161791360,2026-03-22 06:43:11.360,69167.0,0.00142,A,98.21714,484933075107064
1774161791360,2026-03-22 06:43:11.360,69167.0,0.01933,A,1336.99811,856696070278758
1774161793473,2026-03-22 06:43:13.473,69168.0,0.057,B,3942.576,97624138145922
1774161793661,2026-03-22 06:43:13.661,69168.0,0.00011,B,7.60848,210812301902675
1774161794065,2026-03-22 06:43:14.065,69167.0,0.00416,A,287.73472,80223344370448
1774161794689,2026-03-22 06:43:14.689,69168.0,0.00022,B,15.21696,369909519897280
1774161795002,2026-03-22 06:43:15.002,69168.0,0.00056,B,38.73408,578389462747286
1774161801943,2026-03-22 06:43:21.943,69167.0,0.0001,A,6.9167000000000005,369796259399388
1774161803162,2026-03-22 06:43:23.162,69167.0,0.00071,A,49.10857,262272546750867
1774161803860,2026-03-22 06:43:23.860,69167.0,0.00514,A,355.51838,871833883039169
1774161803860,2026-03-22 06:43:23.860,69167.0,0.23384,A,16174.011279999999,285477699687110
1774161803860,2026-03-22 06:43:23.860,69167.0,0.01102,A,762.22034,338020522202177
1774161803860,2026-03-22 06:43:23.860,69167.0,0.18898,A,13071.17966,962598832598184
1774161803860,2026-03-22 06:43:23.860,69167.0,0.02,A,1383.34,1078264231800096
1774161803860,2026-03-22 06:43:23.860,69167.0,0.04102,A,2837.23034,293574595325808
1774161803985,2026-03-22 06:43:23.985,69167.0,0.07604,A,5259.45868,738873008954207
1774161803985,2026-03-22 06:43:23.985,69167.0,0.0002,A,13.833400000000001,265089256272649
1774161803985,2026-03-22 06:43:23.985,69167.0,0.00017,A,11.75839,208666958222465
1774161803985,2026-03-22 06:43:23.985,69167.0,0.00028,A,19.36676,593225646932040
1774161803985,2026-03-22 06:43:23.985,69166.0,0.00015,A,10.374899999999998,250121313922354
1774161803985,2026-03-22 06:43:23.985,69165.0,0.00024,A,16.5996,445791060750252
1774161804068,2026-03-22 06:43:24.068,69163.0,0.00016,A,11.066080000000001,594176523318460
1774161804171,2026-03-22 06:43:24.171,69161.0,0.00017,A,11.757370000000002,375877595334717
1774161804970,2026-03-22 06:43:24.970,69160.0,0.00017,A,11.757200000000001,695459322752866
1774161804970,2026-03-22 06:43:24.970,69159.0,0.00016,A,11.06544,884508471282825
1774161804970,2026-03-22 06:43:24.970,69159.0,0.003,A,207.477,18274376548552
1774161804970,2026-03-22 06:43:24.970,69159.0,0.00017,A,11.75703,1025999584967959
1774161804970,2026-03-22 06:43:24.970,69159.0,0.00015,A,10.37385,595837868076544
1774161805774,2026-03-22 06:43:25.774,69158.0,0.00017,A,11.756860000000001,991792574429512
1774161807066,2026-03-22 06:43:27.066,69157.0,0.00017,A,11.75669,633140298121547
1774161807974,2026-03-22 06:43:27.974,69158.0,0.0001,B,6.9158,171317531625262
1774161808075,2026-03-22 06:43:28.075,69157.0,0.00178,A,123.09946,327645457547516
1774161808790,2026-03-22 06:43:28.790,69157.0,0.1418,A,9806.4626,718738119267903
1774161808790,2026-03-22 06:43:28.790,69157.0,0.00397,A,274.55328999999995,110298997238631
1774161808790,2026-03-22 06:43:28.790,69157.0,0.10423,A,7208.23411,132256739041753
1774161808790,2026-03-22 06:43:28.790,69157.0,0.25,A,17289.25,289294611160969
1774161808892,2026-03-22 06:43:28.892,69157.0,1.11773,A,77298.85360999999,122047933278045
1774161808892,2026-03-22 06:43:28.892,69157.0,0.20391,A,14101.80387,738004944930638
1774161808892,2026-03-22 06:43:28.892,69157.0,0.00017,A,11.75669,579804258736122
1774161808892,2026-03-22 06:43:28.892,69156.0,0.00016,A,11.064960000000001,684750507852332
1774161808892,2026-03-22 06:43:28.892,69156.0,0.00017,A,11.75652,1019381898067816
1774161808892,2026-03-22 06:43:28.892,69156.0,0.00015,A,10.373399999999998,774904004781405
1774161808892,2026-03-22 06:43:28.892,69155.0,0.00017,A,11.756350000000001,598583317173736
1774161808892,2026-03-22 06:43:28.892,69155.0,0.00015,A,10.373249999999999,423083211585254
1774161808892,2026-03-22 06:43:28.892,69154.0,0.00016,A,11.06464,32462230398783
1774161808892,2026-03-22 06:43:28.892,69154.0,0.00017,A,11.75618,681091651345901
1774161808892,2026-03-22 06:43:28.892,69154.0,0.00015,A,10.373099999999999,852602578200202
1774161809031,2026-03-22 06:43:29.031,69154.0,0.00016,B,11.06464,232558774713705
1774161809591,2026-03-22 06:43:29.591,69153.0,0.00017,A,11.756010000000002,922178697009919
1774161809591,2026-03-22 06:43:29.591,69152.0,0.00016,A,11.06432,749814900574771
1774161809591,2026-03-22 06:43:29.591,69152.0,0.00017,A,11.755840000000001,582442725236307
1774161809591,2026-03-22 06:43:29.591,69151.0,0.00022,A,15.21322,113776562776399
1774161809591,2026-03-22 06:43:29.591,69151.0,0.00017,A,11.75567,234285942198065
1774161809591,2026-03-22 06:43:29.591,69150.0,0.00017,A,11.755500000000001,992548869067865
1774161809591,2026-03-22 06:43:29.591,69150.0,0.003,A,207.45000000000002,486705096316039
1774161809591,2026-03-22 06:43:29.591,69149.0,0.00017,A,11.75533,491626614679565
1774161809591,2026-03-22 06:43:29.591,69149.0,2e-05,A,1.38298,273435732984477
1774161811025,2026-03-22 06:43:31.025,69149.0,0.00237,A,163.88313000000002,895312534766495
1774161811689,2026-03-22 06:43:31.689,69149.0,0.00029,A,20.05321,585801833581391
1774161812293,2026-03-22 06:43:32.293,69149.0,0.00017,A,11.75533,20313385876096
1774161812495,2026-03-22 06:43:32.495,69149.0,0.02655,B,1835.90595,22627672554287
1774161812495,2026-03-22 06:43:32.495,69149.0,0.0292,B,2019.1508000000001,108720959334381
1774161812790,2026-03-22 06:43:32.790,69149.0,0.00069,B,47.71281,103431624834475
1774161812889,2026-03-22 06:43:32.889,69149.0,0.00016,B,11.06384,79237762946341
1774161814003,2026-03-22 06:43:34.003,69148.0,0.00017,A,11.75516,635010274025997
1774161815019,2026-03-22 06:43:35.019,69148.0,0.00142,A,98.19016,827404743574377
1774161815409,2026-03-22 06:43:35.409,69148.0,0.0001,A,6.9148000000000005,514345339315710
1774161818018,2026-03-22 06:43:38.018,69149.0,0.00016,B,11.06384,1051292016858369
1774161822946,2026-03-22 06:43:42.946,69149.0,0.0001,B,6.9149,724513266190186
1774161824055,2026-03-22 06:43:44.055,69148.0,0.00416,A,287.65567999999996,313671590778623
1774161824055,2026-03-22 06:43:44.055,69148.0,0.0001,A,6.9148000000000005,488179561847360
1774161825039,2026-03-22 06:43:45.039,69149.0,0.00057,B,39.41493,403333402685246
1774161830701,2026-03-22 06:43:50.701,69149.0,0.00017,B,11.75533,811631784387908
1774161830701,2026-03-22 06:43:50.701,69150.0,0.00015,B,10.372499999999999,417348266896473
1774161830701,2026-03-22 06:43:50.701,69150.0,0.00017,B,11.755500000000001,1076866381639942
1774161831291,2026-03-22 06:43:51.291,69151.0,0.00017,B,11.75567,898910390850434
1774161831291,2026-03-22 06:43:51.291,69152.0,0.00017,B,11.755840000000001,607978913012912
1774161831291,2026-03-22 06:43:51.291,69153.0,0.00015,B,10.37295,573813433299459
1774161831291,2026-03-22 06:43:51.291,69153.0,0.00017,B,11.756010000000002,110108914726894
1774161831291,2026-03-22 06:43:51.291,69154.0,0.003,B,207.46200000000002,121537705749321
1774161831291,2026-03-22 06:43:51.291,69154.0,0.00017,B,11.75618,846405132743461
1774161831291,2026-03-22 06:43:51.291,69155.0,0.00016,B,11.064800000000002,193296222824792
1774161831291,2026-03-22 06:43:51.291,69155.0,0.00017,B,11.756350000000001,104894658755374
1774161831291,2026-03-22 06:43:51.291,69156.0,0.00017,B,11.75652,239281992978850
1774161831291,2026-03-22 06:43:51.291,69157.0,0.00017,B,11.75669,630498513499041
1774161831291,2026-03-22 06:43:51.291,69158.0,0.00016,B,11.065280000000001,426045231052085
1774161831291,2026-03-22 06:43:51.291,69158.0,0.00017,B,11.756860000000001,1002068544959399
1774161831291,2026-03-22 06:43:51.291,69159.0,0.00017,B,11.75703,439458666753359
1774161831291,2026-03-22 06:43:51.291,69160.0,0.003,B,207.48000000000002,44360890810369
1774161831291,2026-03-22 06:43:51.291,69160.0,0.00015,B,10.373999999999999,81811983138605
1774161831291,2026-03-22 06:43:51.291,69160.0,0.00017,B,11.757200000000001,707818848493430
1774161831291,2026-03-22 06:43:51.291,69160.0,0.0801,B,5539.716,497135463697108
1774161836023,2026-03-22 06:43:56.023,69160.0,0.0207,B,1431.612,725834273612234
1774161836694,2026-03-22 06:43:56.694,69160.0,0.0001,B,6.916,885921227340131
1774161837036,2026-03-22 06:43:57.036,69159.0,0.00017,A,11.75703,1046146789774105
1774161838047,2026-03-22 06:43:58.047,69159.0,0.00177,A,122.41143000000001,195095697275426
1774161839055,2026-03-22 06:43:59.055,69161.0,0.00016,B,11.065760000000001,541897857383552
1774161840947,2026-03-22 06:44:00.947,69160.0,0.0001,A,6.916,706211790568768
1774161841008,2026-03-22 06:44:01.008,69160.0,0.00238,A,164.60080000000002,187839350060735
1774161841549,2026-03-22 06:44:01.549,69161.0,1e-05,B,0.6916100000000001,424287560910457
1774161841549,2026-03-22 06:44:01.549,69161.0,0.01093,B,755.9297300000001,749188623467218
1774161842506,2026-03-22 06:44:02.506,69161.0,0.00022,B,15.21542,198952069894142
1774161844021,2026-03-22 06:44:04.021,69160.0,0.00017,A,11.757200000000001,615173207312037
1774161845026,2026-03-22 06:44:05.026,69160.0,0.00141,A,97.5156,468432800833941
1774161848051,2026-03-22 06:44:08.051,69161.0,0.00016,B,11.065760000000001,1048927804120799
1774161848196,2026-03-22 06:44:08.196,69160.0,0.00015,A,10.373999999999999,87697610496621
1774161848719,2026-03-22 06:44:08.719,69160.0,0.01161,A,802.9476000000001,433284171521183
1774161849000,2026-03-22 06:44:09.000,69160.0,0.00083,A,57.4028,45723817633926
1774161851211,2026-03-22 06:44:11.211,69161.0,0.0001,B,6.9161,768066852281582
1774161853155,2026-03-22 06:44:13.155,69160.0,0.00015,A,10.373999999999999,273779746287295
1774161854045,2026-03-22 06:44:14.045,69160.0,0.00415,A,287.014,722986538560161
1774161854045,2026-03-22 06:44:14.045,69160.0,0.0001,A,6.916,522462250987302
1774161855051,2026-03-22 06:44:15.051,69161.0,0.00056,B,38.73016,1100284536585519
1774161859601,2026-03-22 06:44:19.601,69160.0,7e-05,A,4.8412,845112930940007
1774161860687,2026-03-22 06:44:20.687,69161.0,0.02169,B,1500.10209,887468695545980
1774161865020,2026-03-22 06:44:25.020,69161.0,0.0001,B,6.9161,649313914560835
1774161866138,2026-03-22 06:44:26.138,69161.0,7e-05,B,4.84127,209300759955768
1774161866947,2026-03-22 06:44:26.947,69160.0,0.0001,A,6.916,137646490848895
1774161868036,2026-03-22 06:44:28.036,69160.0,0.00178,A,123.1048,991872242800396
1774161869049,2026-03-22 06:44:29.049,69161.0,0.00016,B,11.065760000000001,1041612291895680
1774161869555,2026-03-22 06:44:29.555,69160.0,0.00225,A,155.60999999999999,656896302904254
1774161871061,2026-03-22 06:44:31.061,69160.0,0.00238,A,164.60080000000002,792894017244291
1774161872170,2026-03-22 06:44:32.170,69160.0,0.00015,A,10.373999999999999,458310177376540
1774161874077,2026-03-22 06:44:34.077,69160.0,0.00017,A,11.757200000000001,927314782925785
1774161874077,2026-03-22 06:44:34.077,69160.0,0.00142,A,98.2072,524577465000117
1774161874393,2026-03-22 06:44:34.393,69160.0,0.01156,A,799.4896000000001,697544394287264
1774161875278,2026-03-22 06:44:35.278,69160.0,0.00015,A,10.373999999999999,342994990180490
1774161877685,2026-03-22 06:44:37.685,69160.0,0.00022,A,15.215200000000001,522380277465010
1774161878009,2026-03-22 06:44:38.009,69161.0,4e-05,B,2.7664400000000002,189638822244183
1774161878009,2026-03-22 06:44:38.009,69161.0,0.00012,B,8.29932,49707874044601
1774161878803,2026-03-22 06:44:38.803,69160.0,0.00029,A,20.0564,22046717926432
1774161879010,2026-03-22 06:44:39.010,69161.0,0.08668,B,5994.87548,296127149207934
1774161879010,2026-03-22 06:44:39.010,69161.0,0.08005,B,5536.338049999999,431936293189923
1774161879010,2026-03-22 06:44:39.010,69161.0,0.19714,B,13634.39954,955266477888366
1774161879010,2026-03-22 06:44:39.010,69161.0,0.06458,B,4466.41738,302166154035134
1774161879010,2026-03-22 06:44:39.010,69161.0,0.5,B,34580.5,84922519709559
1774161879010,2026-03-22 06:44:39.010,69161.0,0.00017,B,11.757370000000002,209096897426531
1774161879010,2026-03-22 06:44:39.010,69161.0,0.00036,B,24.89796,599464689306448
1774161879010,2026-03-22 06:44:39.010,69161.0,0.00036,B,24.89796,1109705867343426
1774161879010,2026-03-22 06:44:39.010,69161.0,0.00015,B,10.374149999999998,1121539732930808
1774161879010,2026-03-22 06:44:39.010,69161.0,0.00015,B,10.374149999999998,144710890699653
1774161879010,2026-03-22 06:44:39.010,69161.0,0.00015,B,10.374149999999998,835391600159239
1774161879010,2026-03-22 06:44:39.010,69161.0,0.1248,B,8631.2928,136408831090029
1774161879010,2026-03-22 06:44:39.010,69161.0,0.12304,B,8509.56944,430406294209873
1774161879010,2026-03-22 06:44:39.010,69161.0,0.11827,B,8179.67147,459343466613160
1774161879010,2026-03-22 06:44:39.010,69161.0,0.19514,B,13496.07754,226395154484571
1774161879010,2026-03-22 06:44:39.010,69161.0,0.08573,B,5929.17253,702585367973826
1774161879642,2026-03-22 06:44:39.642,69161.0,0.0001,B,6.9161,777074270395364
1774161879924,2026-03-22 06:44:39.924,69160.0,0.0001,A,6.916,948268932957760
1774161884042,2026-03-22 06:44:44.042,69160.0,0.00416,A,287.70559999999995,394342691738970
1774161885056,2026-03-22 06:44:45.056,69161.0,0.00057,B,39.421769999999995,305993330648854
1774161887970,2026-03-22 06:44:47.970,69161.0,0.00472,B,326.43992000000003,933192975154206
1774161890288,2026-03-22 06:44:50.288,69160.0,0.00015,A,10.373999999999999,662754422363331
1774161891578,2026-03-22 06:44:51.578,69161.0,0.00943,B,652.18823,262387319031718
1774161892833,2026-03-22 06:44:52.833,69160.0,0.00079,A,54.6364,728581503339285
1774161894498,2026-03-22 06:44:54.498,69161.0,0.0001,B,6.9161,801083195010901
1774161896327,2026-03-22 06:44:56.327,69160.0,0.0006,A,41.495999999999995,242600483598428
1774161897053,2026-03-22 06:44:57.053,69160.0,0.00017,A,11.757200000000001,147393908033212
1774161898068,2026-03-22 06:44:58.068,69160.0,0.00178,A,123.1048,1090371738178580
1774161899001,2026-03-22 06:44:59.001,69161.0,0.00016,B,11.065760000000001,594586095292433
1774161900976,2026-03-22 06:45:00.976,69160.0,0.24236,A,16761.617599999998,496184316648570
1774161900976,2026-03-22 06:45:00.976,69160.0,0.00764,A,528.3824,841055096742905
1774161901057,2026-03-22 06:45:01.057,69160.0,0.00238,A,164.60080000000002,658355554539100
1774161901057,2026-03-22 06:45:01.057,69160.0,0.00154,A,106.5064,457408475944104
1774161901057,2026-03-22 06:45:01.057,69160.0,0.00015,A,10.373999999999999,234866781541716
1774161901057,2026-03-22 06:45:01.057,69159.0,0.00016,A,11.06544,131969486196251
1774161901146,2026-03-22 06:45:01.146,69157.0,0.00015,A,10.37355,1114969235417808
1774161901146,2026-03-22 06:45:01.146,69157.0,0.00031,A,21.43867,161800021147002
1774161901146,2026-03-22 06:45:01.146,69156.0,0.00016,A,11.064960000000001,665570007484923
1774161901146,2026-03-22 06:45:01.146,69154.0,0.003,A,207.46200000000002,1002821157319533
1774161901146,2026-03-22 06:45:01.146,69154.0,0.0005,A,34.577,897903197798949
1774161901254,2026-03-22 06:45:01.254,69152.0,0.00016,A,11.06432,614504614535059
1774161901254,2026-03-22 06:45:01.254,69151.0,0.00015,A,10.372649999999998,789846032893183
1774161901254,2026-03-22 06:45:01.254,69149.0,0.003,A,207.447,403893392859409
1774161901453,2026-03-22 06:45:01.453,69148.0,0.00017,A,11.75516,267226226716424
1774161901453,2026-03-22 06:45:01.453,69148.0,0.00016,A,11.063680000000002,1017855457317376
1774161901453,2026-03-22 06:45:01.453,69147.0,0.00017,A,11.754990000000001,430990319318606
1774161901453,2026-03-22 06:45:01.453,69146.0,0.00017,A,11.75482,178041481961162
1774161901453,2026-03-22 06:45:01.453,69146.0,0.00015,A,10.371899999999998,682850235195528
1774161901453,2026-03-22 06:45:01.453,69145.0,0.00016,A,11.0632,508555948045394
1774161901453,2026-03-22 06:45:01.453,69145.0,0.00017,A,11.754650000000002,34994846144836
1774161901453,2026-03-22 06:45:01.453,69145.0,0.00073,A,50.475849999999994,633575933229665
1774161901453,2026-03-22 06:45:01.453,69144.0,0.00017,A,11.754480000000001,750369205492597
1774161901453,2026-03-22 06:45:01.453,69144.0,0.00022,A,15.211680000000001,863954509937854
1774161901453,2026-03-22 06:45:01.453,69143.0,0.00017,A,11.75431,650332816908029
1774161901453,2026-03-22 06:45:01.453,69142.0,0.00017,A,11.754140000000001,1088058924440984
1774161901453,2026-03-22 06:45:01.453,69142.0,0.00041,A,28.348219999999998,655602688205160
1774161901860,2026-03-22 06:45:01.860,69142.0,0.0211,A,1458.8962000000001,343110406164778
1774161901860,2026-03-22 06:45:01.860,69142.0,0.0206,A,1424.3252,244880992547675
1774161901860,2026-03-22 06:45:01.860,69141.0,0.00015,A,10.371149999999998,269827784066882
1774161901860,2026-03-22 06:45:01.860,69141.0,0.00017,A,11.75397,982118737069549
1774161901860,2026-03-22 06:45:01.860,69141.0,0.01838,A,1270.81158,158868068358040
1774161902045,2026-03-22 06:45:02.045,69141.0,0.01054,A,728.7461400000001,702370957814140
1774161902045,2026-03-22 06:45:02.045,69140.0,0.00017,A,11.7538,208172928111962
1774161903393,2026-03-22 06:45:03.393,69139.0,0.00017,A,11.753630000000001,545924663620748
1774161903393,2026-03-22 06:45:03.393,69138.0,0.00017,A,11.75346,782864018671140
1774161903695,2026-03-22 06:45:03.695,69137.0,0.00016,A,11.06192,1054690858379827
1774161903695,2026-03-22 06:45:03.695,69137.0,0.003,A,207.411,496663507494490
1774161903695,2026-03-22 06:45:03.695,69137.0,0.00017,A,11.753290000000002,901934270940854
1774161904093,2026-03-22 06:45:04.093,69136.0,0.00017,A,11.753120000000001,588374290001837
1774161904093,2026-03-22 06:45:04.093,69135.0,0.00017,A,11.75295,108668109646756
1774161904093,2026-03-22 06:45:04.093,69134.0,0.00016,A,11.061440000000001,1093307653085995
1774161904093,2026-03-22 06:45:04.093,69134.0,0.00017,A,11.752780000000001,319325666390716
1774161904093,2026-03-22 06:45:04.093,69133.0,0.00017,A,11.75261,559975604823555
1774161904093,2026-03-22 06:45:04.093,69132.0,0.00075,A,51.849000000000004,646618848307631
1774161904888,2026-03-22 06:45:04.888,69132.0,0.0001,A,6.913200000000001,522689311018647
1774161905202,2026-03-22 06:45:05.202,69132.0,0.00215,A,148.6338,267655722182181
1774161905202,2026-03-22 06:45:05.202,69132.0,0.00017,A,11.75244,206361539039915
1774161905460,2026-03-22 06:45:05.460,69131.0,0.00017,A,11.752270000000001,113058682789692
1774161905460,2026-03-22 06:45:05.460,69130.0,0.00016,A,11.0608,715310486967377
1774161905460,2026-03-22 06:45:05.460,69130.0,0.00017,A,11.7521,140797912788576
1774161905460,2026-03-22 06:45:05.460,69129.0,0.00017,A,11.751930000000002,801268990421152
1774161905949,2026-03-22 06:45:05.949,69129.0,0.00076,B,52.53804,643368441261154
1774161905949,2026-03-22 06:45:05.949,69129.0,0.00151,B,104.38479000000001,399858207061558
1774161906974,2026-03-22 06:45:06.974,69128.0,0.00017,A,11.75176,405804199510942
1774161906974,2026-03-22 06:45:06.974,69128.0,0.00118,A,81.57104000000001,1084313674809214
1774161908769,2026-03-22 06:45:08.769,69129.0,0.00075,B,51.84675,265114098550075
1774161909496,2026-03-22 06:45:09.496,69129.0,0.0001,B,6.9129000000000005,166952868032420
1774161909774,2026-03-22 06:45:09.774,69128.0,0.00951,A,657.4072799999999,764889931971991
1774161909987,2026-03-22 06:45:09.987,69128.0,0.0001,A,6.912800000000001,664097054537881
1774161914002,2026-03-22 06:45:14.002,69128.0,0.00416,A,287.57248,875638497840889
1774161915014,2026-03-22 06:45:15.014,69129.0,0.00057,B,39.403529999999996,323225599987066
1774161916033,2026-03-22 06:45:16.033,69128.0,0.00392,A,270.98176,742432543624890
1774161916780,2026-03-22 06:45:16.780,69129.0,0.04943,B,3417.04647,1111361950507343
1774161916780,2026-03-22 06:45:16.780,69129.0,0.00017,B,11.751930000000002,152287111560484
1774161916780,2026-03-22 06:45:16.780,69129.0,0.00057,B,39.403529999999996,532774505297842
1774161916780,2026-03-22 06:45:16.780,69130.0,0.00015,B,10.369499999999999,466252230507059
1774161916780,2026-03-22 06:45:16.780,69130.0,0.00017,B,11.7521,311290659131361
1774161916834,2026-03-22 06:45:16.834,69131.0,0.00017,B,11.752270000000001,316539621708573
1774161916834,2026-03-22 06:45:16.834,69132.0,0.00017,B,11.75244,699658957194961
1774161917097,2026-03-22 06:45:17.097,69133.0,0.00017,B,11.75261,958133456035514
1774161917097,2026-03-22 06:45:17.097,69134.0,0.00017,B,11.752780000000001,370098238244986
1774161917097,2026-03-22 06:45:17.097,69135.0,0.00017,B,11.75295,771598693078941
1774161917097,2026-03-22 06:45:17.097,69136.0,0.00016,B,11.061760000000001,360399279670916
1774161917097,2026-03-22 06:45:17.097,69136.0,0.00017,B,11.753120000000001,577817309562834
1774161917639,2026-03-22 06:45:17.639,69137.0,0.00017,B,11.753290000000002,681038303801269
1774161917639,2026-03-22 06:45:17.639,69137.0,0.00437,B,302.12869,128933053021686
1774161917951,2026-03-22 06:45:17.951,69138.0,0.00034,B,23.50692,139708535803465
1774161917951,2026-03-22 06:45:17.951,69138.0,0.0001,B,6.9138,17552510283408
1774161923070,2026-03-22 06:45:23.070,69138.0,0.00022,B,15.21036,969813584204145
1774161923861,2026-03-22 06:45:23.861,69137.0,0.00044,A,30.42028,772594081437296
1774161924577,2026-03-22 06:45:24.577,69138.0,9e-05,B,6.2224200000000005,1059957737931592
1774161925068,2026-03-22 06:45:25.068,69138.0,0.00017,B,11.75346,778630182809749
1774161926676,2026-03-22 06:45:26.676,69137.0,8e-05,A,5.53096,694174362411957
1774161927076,2026-03-22 06:45:27.076,69137.0,0.00017,A,11.753290000000002,355751932474260
1774161927399,2026-03-22 06:45:27.399,69138.0,0.0207,B,1431.1566,722479012918300
1774161928002,2026-03-22 06:45:28.002,69137.0,0.00178,A,123.06385999999999,186435645972478
1774161929025,2026-03-22 06:45:29.025,69138.0,0.00016,B,11.062080000000002,348150755047735
1774161931040,2026-03-22 06:45:31.040,69137.0,0.00238,A,164.54606,1113807637151942
1774161932446,2026-03-22 06:45:32.446,69137.0,0.00421,A,291.06677,276060186679121
1774161934056,2026-03-22 06:45:34.056,69137.0,0.00017,A,11.753290000000002,899394828480335
1774161934056,2026-03-22 06:45:34.056,69137.0,0.00142,A,98.17454000000001,880799649553227
1774161935668,2026-03-22 06:45:35.668,69138.0,0.02,B,1382.76,417957472637211
1774161936483,2026-03-22 06:45:36.483,69137.0,0.03756,A,2596.7857200000003,117561902335028
1774161936483,2026-03-22 06:45:36.483,69137.0,0.05267,A,3641.44579,325152856237013
1774161936483,2026-03-22 06:45:36.483,69137.0,0.10328,A,7140.46936,737926651852032
1774161936483,2026-03-22 06:45:36.483,69137.0,0.11712,A,8097.3254400000005,981789615395513
1774161936483,2026-03-22 06:45:36.483,69137.0,0.04494,A,3107.01678,487695636562927
1774161936483,2026-03-22 06:45:36.483,69137.0,0.12,A,8296.44,754330469598105
1774161936483,2026-03-22 06:45:36.483,69137.0,0.321,A,22192.977,822810016325023
1774161936483,2026-03-22 06:45:36.483,69137.0,0.13751,A,9507.02887,856380476344576
1774161936483,2026-03-22 06:45:36.483,69137.0,0.321,A,22192.977,1020860955103607
1774161936483,2026-03-22 06:45:36.483,69137.0,0.12,A,8296.44,1033979810228068
1774161936483,2026-03-22 06:45:36.483,69137.0,0.04598,A,3178.91926,140245518510701
1774161936483,2026-03-22 06:45:36.483,69137.0,0.321,A,22192.977,135539126684407
1774161936483,2026-03-22 06:45:36.483,69137.0,0.13206,A,9130.23222,1060399459399082
1774161936483,2026-03-22 06:45:36.483,69137.0,0.07336,A,5071.8903199999995,807965981432657
1774161936483,2026-03-22 06:45:36.483,69137.0,0.09649,A,6671.029130000001,833716945903782
1774161936483,2026-03-22 06:45:36.483,69137.0,0.07147,A,4941.221390000001,764883900086424
1774161936483,2026-03-22 06:45:36.483,69137.0,0.09201,A,6361.29537,807616852891208
1774161936483,2026-03-22 06:45:36.483,69137.0,0.5,A,34568.5,26503026873645
1774161936483,2026-03-22 06:45:36.483,69137.0,0.16168,A,11178.07016,1007363284910645
1774161936483,2026-03-22 06:45:36.483,69137.0,0.13,A,8987.81,716058146983297
1774161936483,2026-03-22 06:45:36.483,69137.0,0.07325,A,5064.28525,126630298522121
1774161936483,2026-03-22 06:45:36.483,69137.0,0.0752,A,5199.1024,872427814427580
1774161936483,2026-03-22 06:45:36.483,69137.0,0.07517,A,5197.02829,765324134439488
1774161936483,2026-03-22 06:45:36.483,69137.0,0.43114,A,29807.72618,80780126852472
1774161936483,2026-03-22 06:45:36.483,69137.0,0.36861,A,25484.58957,161988351142846
1774161936483,2026-03-22 06:45:36.483,69137.0,0.07022,A,4854.80014,100134491834812
1774161936483,2026-03-22 06:45:36.483,69137.0,0.36734,A,25396.78558,1102363907472088
1774161936483,2026-03-22 06:45:36.483,69137.0,0.07395,A,5112.68115,916824028151830
1774161936483,2026-03-22 06:45:36.483,69137.0,0.95785,A,66222.87544999999,62936915308569
1774161938079,2026-03-22 06:45:38.079,69138.0,0.00016,B,11.062080000000002,781235409184027
1774161938193,2026-03-22 06:45:38.193,69138.0,0.00288,B,199.11744000000002,742772644401309
1774161939003,2026-03-22 06:45:39.003,69138.0,8e-05,B,5.531040000000001,87581692354232
1774161940293,2026-03-22 06:45:40.293,69138.0,0.00288,B,199.11744000000002,574906583220910
1774161941333,2026-03-22 06:45:41.333,69138.0,0.00015,B,10.3707,164965510103563
1774161942322,2026-03-22 06:45:42.322,69137.0,8e-05,A,5.53096,281219297827406
1774161944027,2026-03-22 06:45:44.027,69137.0,0.00416,A,287.60992,378144078252403
1774161944829,2026-03-22 06:45:44.829,69138.0,0.00015,B,10.3707,1102318863067287
1774161945030,2026-03-22 06:45:45.030,69138.0,0.00056,B,38.717279999999995,467790384844886
1774161945030,2026-03-22 06:45:45.030,69137.0,0.00029,A,20.04973,356734385494445
1774161946032,2026-03-22 06:45:46.032,69137.0,0.00393,A,271.70841,983422488057011
1774161949365,2026-03-22 06:45:49.365,69137.0,0.0018,A,124.4466,934971448365158
1774161951527,2026-03-22 06:45:51.527,69138.0,0.00017,B,11.75346,58411790298616
1774161951527,2026-03-22 06:45:51.527,69139.0,0.00017,B,11.753630000000001,19038699860478
1774161951527,2026-03-22 06:45:51.527,69139.0,0.00015,B,10.370849999999999,230612972609373
1774161953191,2026-03-22 06:45:53.191,69140.0,8e-05,B,5.5312,937268630312211
1774161955092,2026-03-22 06:45:55.092,69139.0,8e-05,A,5.5311200000000005,255643726751448
1774161956298,2026-03-22 06:45:56.298,69139.0,0.00247,A,170.77333,359270037632835
1774161957004,2026-03-22 06:45:57.004,69139.0,0.00017,A,11.753630000000001,391857427004780
1774161958044,2026-03-22 06:45:58.044,69139.0,0.00178,A,123.06742,166350655072332
1774161959024,2026-03-22 06:45:59.024,69140.0,0.00016,B,11.0624,896532563234401
1774161961055,2026-03-22 06:46:01.055,69139.0,0.00237,A,163.85943,21976836335394
1774161962538,2026-03-22 06:46:02.538,69140.0,0.00156,B,107.8584,948220269721905
1774161963221,2026-03-22 06:46:03.221,69139.0,0.0053,A,366.4367,899024575468437
1774161964025,2026-03-22 06:46:04.025,69139.0,0.00017,A,11.753630000000001,411639253198486
1774161964025,2026-03-22 06:46:04.025,69139.0,0.00141,A,97.48599,493970620831865
1774161964688,2026-03-22 06:46:04.688,69140.0,0.00195,B,134.823,745051331074413
1774161965287,2026-03-22 06:46:05.287,69139.0,0.21,A,14519.189999999999,127138742169817
1774161965287,2026-03-22 06:46:05.287,69139.0,0.02892,A,1999.49988,296463685520410
1774161965287,2026-03-22 06:46:05.287,69139.0,0.04279,A,2958.4578100000003,710833297875214
1774161965694,2026-03-22 06:46:05.694,69138.0,0.00015,A,10.3707,111843445657543
1774161965877,2026-03-22 06:46:05.877,69137.0,0.19653,A,13587.494610000002,858098878309094
1774161965877,2026-03-22 06:46:05.877,69137.0,0.05347,A,3696.75539,36748686803255
1774161965877,2026-03-22 06:46:05.877,69137.0,0.16234,A,11223.70058,200744502093496
1774161965877,2026-03-22 06:46:05.877,69137.0,0.00015,A,10.37055,681036766944739
1774161966705,2026-03-22 06:46:06.705,69134.0,0.00022,A,15.209480000000001,20214253467643
1774161966705,2026-03-22 06:46:06.705,69134.0,0.00017,A,11.752780000000001,822896570299410
1774161966705,2026-03-22 06:46:06.705,69133.0,0.00017,A,11.75261,164971482720456
1774161966758,2026-03-22 06:46:06.758,69132.0,0.00017,A,11.75244,75519851722059
1774161966758,2026-03-22 06:46:06.758,69131.0,0.00017,A,11.752270000000001,445951159314766
1774161967162,2026-03-22 06:46:07.162,69131.0,8e-05,B,5.530480000000001,596365794443157
1774161967865,2026-03-22 06:46:07.865,69130.0,8e-05,A,5.5304,627234298518344
1774161968065,2026-03-22 06:46:08.065,69131.0,0.00016,B,11.060960000000001,202069373670387
1774161970584,2026-03-22 06:46:10.584,69130.0,0.00911,A,629.7743,458898187749742
1774161970584,2026-03-22 06:46:10.584,69130.0,0.00156,A,107.8428,1022805144719048
1774161974091,2026-03-22 06:46:14.091,69130.0,0.00416,A,287.58079999999995,25303758282028
1774161975092,2026-03-22 06:46:15.092,69131.0,0.00057,B,39.404669999999996,197770963368215
1774161976108,2026-03-22 06:46:16.108,69130.0,0.00392,A,270.9896,94576896193317
1774161976108,2026-03-22 06:46:16.108,69130.0,0.00241,A,166.6033,915490052980572
1774161981218,2026-03-22 06:46:21.218,69131.0,8e-05,B,5.530480000000001,752475628086522
1774161981218,2026-03-22 06:46:21.218,69130.0,0.00394,A,272.3722,898328797789880
1774161981444,2026-03-22 06:46:21.444,69130.0,8e-05,A,5.5304,788545278304688
1774161984841,2026-03-22 06:46:24.841,69131.0,0.00022,B,15.208820000000001,6879004473470
1774161985161,2026-03-22 06:46:25.161,69130.0,7e-05,A,4.839099999999999,649868999734720
1774161986257,2026-03-22 06:46:26.257,69130.0,0.00017,A,11.7521,523255943444665
1774161986756,2026-03-22 06:46:26.756,69129.0,0.00017,A,11.751930000000002,740686625897499
1774161986756,2026-03-22 06:46:26.756,69128.0,0.00017,A,11.75176,656838204167111
1774161986756,2026-03-22 06:46:26.756,69128.0,0.00362,A,250.24336,176640161209382
1774161986756,2026-03-22 06:46:26.756,69127.0,0.00017,A,11.75159,641089480381977
1774161986756,2026-03-22 06:46:26.756,69127.0,0.003,A,207.381,47439886378388
1774161986756,2026-03-22 06:46:26.756,69126.0,0.00016,A,11.060160000000002,131865405272755
1774161986756,2026-03-22 06:46:26.756,69126.0,0.00017,A,11.751420000000001,133303980323311
1774161986756,2026-03-22 06:46:26.756,69125.0,0.00454,A,313.8275,605900549856180
1774161986756,2026-03-22 06:46:26.756,69125.0,0.00017,A,11.75125,1099797419984491
1774161986756,2026-03-22 06:46:26.756,69125.0,0.00015,A,10.368749999999999,1044752496364875
1774161986756,2026-03-22 06:46:26.756,69125.0,0.02893,A,1999.78625,673782234218085
1774161986756,2026-03-22 06:46:26.756,69124.0,0.00266,A,183.86984,472075413881605
1774161986756,2026-03-22 06:46:26.756,69124.0,0.00017,A,11.75108,275077769228652
1774161986756,2026-03-22 06:46:26.756,69124.0,0.003,A,207.372,1004745999033362
1774161986756,2026-03-22 06:46:26.756,69124.0,0.01012,A,699.53488,836430684423282
1774161986756,2026-03-22 06:46:26.756,69123.0,0.00016,A,11.05968,432591100877687
1774161986756,2026-03-22 06:46:26.756,69123.0,0.00017,A,11.750910000000001,915938589656093
1774161986756,2026-03-22 06:46:26.756,69122.0,0.00017,A,11.75074,676798312022620
1774161986756,2026-03-22 06:46:26.756,69122.0,0.01157,A,799.74154,174150069106365
1774161986756,2026-03-22 06:46:26.756,69122.0,0.04048,A,2798.05856,735373234592889
1774161986756,2026-03-22 06:46:26.756,69121.0,0.00017,A,11.750570000000002,298432368728532
1774161986756,2026-03-22 06:46:26.756,69121.0,0.02032,A,1404.53872,595895246131137
1774161986756,2026-03-22 06:46:26.756,69121.0,0.001,A,69.121,698252487953659
1774161986756,2026-03-22 06:46:26.756,69121.0,0.02013,A,1391.40573,498156788198466
1774161986756,2026-03-22 06:46:26.756,69121.0,0.00173,A,119.57933,43416614698452
1774161987005,2026-03-22 06:46:27.005,69121.0,0.00017,A,11.750570000000002,852916375862366
1774161989260,2026-03-22 06:46:29.260,69121.0,0.00017,A,11.750570000000002,248498850208186
1774161989260,2026-03-22 06:46:29.260,69120.0,0.00017,A,11.7504,879013064286767
1774161989260,2026-03-22 06:46:29.260,69120.0,0.00029,A,20.0448,223263773215938
1774161989260,2026-03-22 06:46:29.260,69119.0,5e-05,A,3.45595,403595750457575
1774161990161,2026-03-22 06:46:30.161,69119.0,0.00017,A,11.75023,623111934120309
1774161990161,2026-03-22 06:46:30.161,69119.0,0.003,A,207.357,537774051752912
1774161990161,2026-03-22 06:46:30.161,69119.0,0.00326,A,225.32793999999998,53908348636290
1774161991079,2026-03-22 06:46:31.079,69119.0,0.00238,A,164.50322,1048311056933953
1774161991079,2026-03-22 06:46:31.079,69119.0,0.00017,A,11.75023,1041842510320288
1774161991470,2026-03-22 06:46:31.470,69118.0,0.00017,A,11.750060000000001,777604053561144
1774161991682,2026-03-22 06:46:31.682,69117.0,0.00017,A,11.74989,653521597958921
1774161991682,2026-03-22 06:46:31.682,69116.0,0.00017,A,11.749720000000002,1077323714321163
1774161991682,2026-03-22 06:46:31.682,69115.0,0.00016,A,11.0584,1108189783791547
1774161991682,2026-03-22 06:46:31.682,69115.0,0.00029,A,20.04335,1111734343961473
1774161991682,2026-03-22 06:46:31.682,69115.0,0.00017,A,11.749550000000001,931816071542213
1774161991682,2026-03-22 06:46:31.682,69114.0,0.00068,A,46.99752,922190643511073
1774161991682,2026-03-22 06:46:31.682,69114.0,0.00022,A,15.20508,619643634687084
1774161991682,2026-03-22 06:46:31.682,69114.0,0.00017,A,11.74938,907327397220974
1774161991682,2026-03-22 06:46:31.682,69113.0,0.00017,A,11.749210000000001,379328404700823
1774161991682,2026-03-22 06:46:31.682,69113.0,0.00086,A,59.43718,655139439512394
1774161992063,2026-03-22 06:46:32.063,69112.0,0.00017,A,11.74904,56118846292055
1774161992063,2026-03-22 06:46:32.063,69112.0,0.00255,A,176.2356,1037258332717634
1774161994405,2026-03-22 06:46:34.405,69112.0,7e-05,B,4.83784,869852800331731
1774161995112,2026-03-22 06:46:35.112,69111.0,0.00142,A,98.13762,876228057658054
1774161995912,2026-03-22 06:46:35.912,69111.0,0.05344,A,3693.2918400000003,154056262716476
1774161996326,2026-03-22 06:46:36.326,69112.0,8e-05,B,5.5289600000000005,1099777633842325
1774161996326,2026-03-22 06:46:36.326,69111.0,0.17197,A,11885.018670000001,765571540459065
1774161997634,2026-03-22 06:46:37.634,69112.0,0.08229,B,5687.22648,1015208672946861
1774161997634,2026-03-22 06:46:37.634,69112.0,0.00017,B,11.74904,313739785644106
1774161997634,2026-03-22 06:46:37.634,69113.0,0.00015,B,10.36695,494354292603795
1774161997634,2026-03-22 06:46:37.634,69113.0,0.00017,B,11.749210000000001,419727419954441
1774161997840,2026-03-22 06:46:37.840,69114.0,0.00017,B,11.74938,931694427970522
1774161998053,2026-03-22 06:46:38.053,69115.0,0.00016,B,11.0584,1010177714974279
1774161998053,2026-03-22 06:46:38.053,69115.0,1e-05,B,0.69115,1102444140651480
1774161998053,2026-03-22 06:46:38.053,69116.0,0.00017,B,11.749720000000002,43587905478093
1774161998053,2026-03-22 06:46:38.053,69117.0,0.00282,B,194.90994,577175119239415
1774161998053,2026-03-22 06:46:38.053,69114.0,0.07558,A,5223.636119999999,313230139351845
1774161998053,2026-03-22 06:46:38.053,69114.0,0.04739,A,3275.31246,1100582438476144
1774161998053,2026-03-22 06:46:38.053,69114.0,0.02853,A,1971.82242,516271950804670
1774161998514,2026-03-22 06:46:38.514,69117.0,0.00018,B,12.44106,941932302900953
1774161998514,2026-03-22 06:46:38.514,69117.0,0.00017,B,11.74989,271141374478564
1774161998514,2026-03-22 06:46:38.514,69117.0,0.00767,B,530.12739,230019057409733
1774161999049,2026-03-22 06:46:39.049,69117.0,0.003,B,207.351,864243338414254
1774161999049,2026-03-22 06:46:39.049,69117.0,0.00482,B,333.14394,110195485025394
1774162004058,2026-03-22 06:46:44.058,69116.0,0.00415,A,286.83140000000003,809858804643850
1774162005060,2026-03-22 06:46:45.060,69117.0,0.00056,B,38.70552,675128543074368
1774162006072,2026-03-22 06:46:46.072,69116.0,0.00393,A,271.62588,872091598540005
1774162006763,2026-03-22 06:46:46.763,69117.0,0.00017,B,11.74989,839002445755501
1774162006763,2026-03-22 06:46:46.763,69117.0,0.00583,B,402.95211,349009919592709
1774162006763,2026-03-22 06:46:46.763,69116.0,8e-05,A,5.529280000000001,196028351886074
1774162008573,2026-03-22 06:46:48.573,69117.0,0.00017,B,11.74989,756191443282838
1774162008573,2026-03-22 06:46:48.573,69117.0,0.05683,B,3927.91911,367236920718493
1774162008573,2026-03-22 06:46:48.573,69117.0,0.01573,B,1087.2104100000001,174755006658569
1774162009181,2026-03-22 06:46:49.181,69118.0,0.00212,B,146.53016,202577424604635
1774162009181,2026-03-22 06:46:49.181,69119.0,0.00017,B,11.75023,315563515218623
1774162009181,2026-03-22 06:46:49.181,69120.0,0.00017,B,11.7504,547975822981169
1774162009181,2026-03-22 06:46:49.181,69121.0,0.00017,B,11.750570000000002,139157280611194
1774162009181,2026-03-22 06:46:49.181,69122.0,0.003,B,207.366,365213197313646
1774162009181,2026-03-22 06:46:49.181,69122.0,0.00017,B,11.75074,149908609894840
1774162009181,2026-03-22 06:46:49.181,69122.0,0.00016,B,11.059520000000001,637133529682440
1774162009181,2026-03-22 06:46:49.181,69122.0,0.00036,B,24.88392,626224718718120
1774162009181,2026-03-22 06:46:49.181,69123.0,0.00017,B,11.750910000000001,204620786240738
1774162009181,2026-03-22 06:46:49.181,69124.0,0.00017,B,11.75108,37581830653249
1774162009303,2026-03-22 06:46:49.303,69125.0,0.00016,B,11.06,211228907011611
1774162009303,2026-03-22 06:46:49.303,69125.0,0.00017,B,11.75125,259346455133278
1774162009303,2026-03-22 06:46:49.303,69126.0,0.00017,B,11.751420000000001,527773654551478
1774162010173,2026-03-22 06:46:50.173,69127.0,0.00017,B,11.75159,809176128103362
1774162010173,2026-03-22 06:46:50.173,69127.0,2e-05,B,1.38254,496871240128255
1774162010786,2026-03-22 06:46:50.786,69127.0,8e-05,B,5.53016,770324534115137
1774162010786,2026-03-22 06:46:50.786,69127.0,0.0006,B,41.4762,99673951505353
1774162010976,2026-03-22 06:46:50.976,69127.0,0.00023,B,15.89921,924170787452706
1774162011183,2026-03-22 06:46:51.183,69126.0,8e-05,A,5.530080000000001,887893986903516
1774162012183,2026-03-22 06:46:52.183,69126.0,0.00028,A,19.355279999999997,959168068661524
1774162017065,2026-03-22 06:46:57.065,69126.0,0.00017,A,11.751420000000001,655476226020893
1774162017596,2026-03-22 06:46:57.596,69127.0,0.0207,B,1430.9288999999999,1103345257052240
1774162019079,2026-03-22 06:46:59.079,69127.0,0.00016,B,11.06032,11520837251822
1774162019412,2026-03-22 06:46:59.412,69126.0,0.00024,A,16.59024,898896871394678
1774162021057,2026-03-22 06:47:01.057,69126.0,0.00238,A,164.51988,438477073756910
1774162021457,2026-03-22 06:47:01.457,69127.0,0.14466,B,9999.911820000001,364481000065059
1774162022863,2026-03-22 06:47:02.863,69126.0,2e-05,A,1.3825200000000002,889215399803533
1774162023570,2026-03-22 06:47:03.570,69126.0,0.00102,A,70.50852,1006511010086676
1774162024076,2026-03-22 06:47:04.076,69126.0,0.00017,A,11.751420000000001,469832218830097
1774162024076,2026-03-22 06:47:04.076,69126.0,0.00142,A,98.15892000000001,524512287650328
1774162024889,2026-03-22 06:47:04.889,69126.0,0.00896,A,619.3689599999999,223539523182226
1774162025479,2026-03-22 06:47:05.479,69127.0,8e-05,B,5.53016,496984239554384
1774162028087,2026-03-22 06:47:08.087,69127.0,0.00016,B,11.06032,4212141306175
1774162028595,2026-03-22 06:47:08.595,69126.0,8e-05,A,5.530080000000001,151547617464965
1774162034010,2026-03-22 06:47:14.010,69126.0,0.00416,A,287.56415999999996,511891110335787
1774162034549,2026-03-22 06:47:14.549,69127.0,0.00016,B,11.06032,1002961051562451
1774162035073,2026-03-22 06:47:15.073,69127.0,0.00057,B,39.40239,499404639970335
1774162036023,2026-03-22 06:47:16.023,69126.0,0.00392,A,270.97391999999996,1043779110019760
1774162036759,2026-03-22 06:47:16.759,69127.0,0.00017,B,11.75159,561215174345180
1774162040385,2026-03-22 06:47:20.385,69127.0,8e-05,B,5.53016,732226365334675
1774162040590,2026-03-22 06:47:20.590,69126.0,0.01839,A,1271.22714,240346240672482
1774162040590,2026-03-22 06:47:20.590,69126.0,0.16208,A,11203.94208,1082168396274641
1774162043321,2026-03-22 06:47:23.321,69126.0,8e-05,A,5.530080000000001,780666115309200
1774162043806,2026-03-22 06:47:23.806,69126.0,0.04203,A,2905.3657799999996,241054978604588
